round,client_id,Li,Lg,g_pos,mu_final,acc_global,mu_prev,g_raw,g_pos_clipped,mu_star,mu_smoothed,mu_bounded,warmup_active
0,14,2.3024396896362305,0.0,0.0,0.05,4.296875,0.05,0.0,0.0,0.08,0.059,0.059,1
0,15,2.2981455326080322,0.0,0.0,0.05,15.234375,0.05,0.0,0.0,0.08,0.059,0.059,1
0,0,2.2915120124816895,0.0,0.0,0.05,9.644670050761421,0.05,0.0,0.0,0.08,0.059,0.059,1
0,7,2.2659575939178467,0.0,0.0,0.05,21.05263157894737,0.05,0.0,0.0,0.08,0.059,0.059,1
0,11,2.3382296562194824,0.0,0.0,0.05,2.34375,0.05,0.0,0.0,0.08,0.059,0.059,1
0,8,2.316394805908203,0.0,0.0,0.05,0.0,0.05,0.0,0.0,0.08,0.059,0.059,1
0,17,2.2901086807250977,0.0,0.0,0.05,15.234375,0.05,0.0,0.0,0.08,0.059,0.059,1
0,9,2.3154172897338867,0.0,0.0,0.05,5.46875,0.05,0.0,0.0,0.08,0.059,0.059,1
0,19,2.3108835220336914,0.0,0.0,0.05,0.0,0.05,0.0,0.0,0.08,0.059,0.059,1
0,3,2.3284294605255127,0.0,0.0,0.05,0.0,0.05,0.0,0.0,0.08,0.059,0.059,1
0,10,2.333733081817627,0.0,0.0,0.05,0.4291845493562232,0.05,0.0,0.0,0.08,0.059,0.059,1
0,6,2.3124306201934814,0.0,0.0,0.05,0.0,0.05,0.0,0.0,0.08,0.059,0.059,1
0,16,2.372708559036255,0.0,0.0,0.05,0.0,0.05,0.0,0.0,0.08,0.059,0.059,1
0,18,2.286761522293091,0.0,0.0,0.05,17.1875,0.05,0.0,0.0,0.08,0.059,0.059,1
0,1,2.2868335247039795,0.0,0.0,0.05,13.513513513513514,0.05,0.0,0.0,0.08,0.059,0.059,1
0,13,2.308227062225342,0.0,0.0,0.05,1.875,0.05,0.0,0.0,0.08,0.059,0.059,1
0,5,2.3489582538604736,0.0,0.0,0.05,0.0,0.05,0.0,0.0,0.08,0.059,0.059,1
0,2,2.2740771770477295,0.0,0.0,0.05,15.573770491803279,0.05,0.0,0.0,0.08,0.059,0.059,1
0,12,2.3066346645355225,0.0,0.0,0.05,0.0,0.05,0.0,0.0,0.08,0.059,0.059,1
0,4,2.303518772125244,0.0,0.0,0.05,6.293706293706293,0.05,0.0,0.0,0.08,0.059,0.059,1
1,19,2.195643186569214,2.307430863380432,0.0,0.05,5.078125,0.05,-0.04965969792865631,0.0,0.08,0.059,0.059,1
1,13,2.1987948417663574,2.307430863380432,0.0,0.05,10.625,0.05,-0.048225313962904984,0.0,0.08,0.059,0.059,1
1,14,2.1425483226776123,2.307430863380432,0.0,0.05,7.8125,0.05,-0.07413879933647838,0.0,0.08,0.059,0.059,1
1,12,2.1029558181762695,2.307430863380432,0.0,0.05,8.203125,0.05,-0.09279083727702377,0.0,0.08,0.059,0.059,1
1,11,2.26495099067688,2.307430863380432,0.0,0.05,5.078125,0.05,-0.018581604135458393,0.0,0.08,0.059,0.059,1
1,17,2.239624261856079,2.307430863380432,0.0,0.05,1.953125,0.05,-0.029826613562019523,0.0,0.08,0.059,0.059,1
1,1,2.5125927925109863,2.307430863380432,0.0851804794446328,0.05,5.405405405405405,0.05,0.0851804794446328,0.0851804794446328,0.14814438355570625,0.07944331506671187,0.07944331506671187,1
1,7,2.044654130935669,2.307430863380432,0.0,0.05,15.789473684210526,0.05,-0.12090607862640097,0.0,0.08,0.059,0.059,1
1,5,2.686584711074829,2.307430863380432,0.15213603696341998,0.05,0.0,0.05,0.15213603696341998,0.15213603696341998,0.201708829570736,0.0955126488712208,0.0955126488712208,1
1,9,2.0601930618286133,2.307430863380432,0.0,0.05,48.4375,0.05,-0.1133350269829133,0.0,0.08,0.059,0.059,1
1,4,2.16888427734375,2.307430863380432,0.0,0.05,13.986013986013987,0.05,-0.06192184754878616,0.0,0.08,0.059,0.059,1
1,18,2.335764169692993,2.307430863380432,0.012204379815035906,0.05,18.359375,0.05,0.012204379815035906,0.012204379815035906,0.08976350385202872,0.06192905115560861,0.06192905115560861,1
1,8,2.0298943519592285,2.307430863380432,0.0,0.05,58.59375,0.05,-0.12815097632529346,0.0,0.08,0.059,0.059,1
1,0,2.147429943084717,2.307430863380432,0.0,0.05,21.31979695431472,0.05,-0.07186297312528835,0.0,0.08,0.059,0.059,1
1,3,2.3002586364746094,2.307430863380432,0.0,0.05,3.1578947368421053,0.05,-0.003113157979736492,0.0,0.08,0.059,0.059,1
1,2,2.4760007858276367,2.307430863380432,0.07050994665773978,0.05,0.0,0.05,0.07050994665773978,0.07050994665773978,0.13640795732619182,0.07592238719785754,0.07592238719785754,1
1,6,2.1788597106933594,2.307430863380432,0.0,0.05,41.48936170212766,0.05,-0.05733305352798826,0.0,0.08,0.059,0.059,1
1,10,2.0207347869873047,2.307430863380432,0.0,0.05,36.05150214592275,0.05,-0.13267352342824565,0.0,0.08,0.059,0.059,1
1,16,1.6576112508773804,2.307430863380432,0.0,0.05,99.21875,0.05,-0.330757163038286,0.0,0.08,0.059,0.059,1
1,15,2.290114164352417,2.307430863380432,0.0,0.05,0.78125,0.05,-0.007533055462107943,0.0,0.08,0.059,0.059,1
2,16,0.7687756419181824,2.2954129219055175,0.0,0.059,100.0,0.05,-1.093868846153113,0.0,0.08,0.059,0.059,0
2,3,1.909816861152649,2.2954129219055175,0.0,0.059,24.736842105263158,0.05,-0.183905395599663,0.0,0.08,0.059,0.059,0
2,19,1.8394718170166016,2.2954129219055175,0.0,0.059,19.921875,0.05,-0.22143427420429979,0.0,0.08,0.059,0.059,0
2,0,1.8980274200439453,2.2954129219055175,0.0,0.059,41.6243654822335,0.05,-0.19009760192259395,0.0,0.08,0.059,0.059,0
2,10,1.545106291770935,2.2954129219055175,0.0,0.059,55.36480686695279,0.05,-0.39582004236577434,0.0,0.08,0.059,0.059,0
2,12,1.7969727516174316,2.2954129219055175,0.0,0.059,41.40625,0.05,-0.24480930409489446,0.0,0.08,0.059,0.059,0
2,7,1.6128027439117432,2.2954129219055175,0.0,0.059,35.78947368421053,0.05,-0.35293924765583023,0.0,0.08,0.059,0.059,0
2,15,2.1070351600646973,2.2954129219055175,0.0,0.059,4.296875,0.05,-0.0856309273912828,0.0,0.08,0.059,0.059,0
2,8,1.5960421562194824,2.2954129219055175,0.0,0.059,86.71875,0.05,-0.36338583546821207,0.0,0.08,0.059,0.059,0
2,13,1.8299014568328857,2.2954129219055175,0.0,0.059,38.125,0.05,-0.22665063194083684,0.0,0.08,0.059,0.059,0
2,17,2.0487120151519775,2.2954129219055175,0.0,0.059,13.671875,0.05,-0.11370143879804698,0.0,0.08,0.059,0.059,0
2,18,2.3914663791656494,2.2954129219055175,0.040993975665681394,0.06883855415976353,21.09375,0.05,0.040993975665681394,0.040993975665681394,0.11279518053254511,0.06883855415976353,0.06883855415976353,0
2,6,1.8573330640792847,2.2954129219055175,0.0,0.059,54.255319148936174,0.05,-0.21177112641842552,0.0,0.08,0.059,0.059,0
2,2,2.7596187591552734,2.2954129219055175,0.18417978898712745,0.10320314935691058,0.0,0.05,0.18417978898712745,0.18417978898712745,0.22734383118970197,0.10320314935691058,0.10320314935691058,0
2,1,2.7164576053619385,2.2954129219055175,0.1684159301393894,0.09941982323345347,10.81081081081081,0.05,0.1684159301393894,0.1684159301393894,0.21473274411151155,0.09941982323345347,0.09941982323345347,0
2,9,1.758599042892456,2.2954129219055175,0.0,0.059,61.328125,0.05,-0.26639525467891256,0.0,0.08,0.059,0.059,0
2,14,1.6936243772506714,2.2954129219055175,0.0,0.059,37.5,0.05,-0.30404191369697736,0.0,0.08,0.059,0.059,0
2,11,1.9310963153839111,2.2954129219055175,0.0,0.059,19.140625,0.05,-0.1728248682027429,0.0,0.08,0.059,0.059,0
2,5,2.8835933208465576,2.2954129219055175,0.22812444667446966,0.11374986720187272,0.0,0.05,0.22812444667446966,0.22812444667446966,0.26249955733957575,0.11374986720187272,0.11374986720187272,0
2,4,1.906556487083435,2.2954129219055175,0.0,0.059,44.75524475524475,0.05,-0.18561402027959836,0.0,0.08,0.059,0.059,0
3,18,2.277418851852417,2.2536396539211276,0.010496185872822842,0.07470607252131195,19.140625,0.06883855415976353,0.010496185872822842,0.010496185872822842,0.08839694869825827,0.07470607252131195,0.07470607252131195,0
3,15,1.623985767364502,2.2536396539211276,0.0,0.0653,43.359375,0.059,-0.32766305375347743,0.0,0.08,0.0653,0.0653,0
3,7,1.38957941532135,2.2536396539211276,0.0,0.0653,70.52631578947368,0.059,-0.48354540802684914,0.0,0.08,0.0653,0.0653,0
3,10,1.094472050666809,2.2536396539211276,0.0,0.0653,77.6824034334764,0.059,-0.7222744270481293,0.0,0.08,0.0653,0.0653,0
3,13,1.4510064125061035,2.2536396539211276,0.0,0.0653,72.5,0.059,-0.44028913751992027,0.0,0.08,0.0653,0.0653,0
3,16,0.4134973883628845,2.2536396539211276,0.0,0.0653,99.21875,0.059,-1.6956505939586686,0.0,0.08,0.0653,0.0653,0
3,17,1.5363017320632935,2.2536396539211276,0.0,0.0653,50.78125,0.059,-0.38316847558598205,0.0,0.08,0.0653,0.0653,0
3,11,1.4417833089828491,2.2536396539211276,0.0,0.0653,57.03125,0.059,-0.4466657743304378,0.0,0.08,0.0653,0.0653,0
3,1,2.668272018432617,2.2536396539211276,0.16888454486409749,0.13412616703080082,8.108108108108109,0.09941982323345347,0.16888454486409749,0.16888454486409749,0.21510763589127802,0.13412616703080082,0.13412616703080082,0
3,9,1.3587826490402222,2.2536396539211276,0.0,0.0653,76.171875,0.059,-0.5059573424175552,0.0,0.08,0.0653,0.0653,0
3,5,2.847054958343506,2.2536396539211276,0.2337385778970952,0.15972216573661374,1.171875,0.11374986720187272,0.2337385778970952,0.2337385778970952,0.26699086231767616,0.15972216573661374,0.15972216573661374,0
3,2,2.6056952476501465,2.2536396539211276,0.14515299545317867,0.13107892345860028,9.01639344262295,0.10320314935691058,0.14515299545317867,0.14515299545317867,0.19612239636254294,0.13107892345860028,0.13107892345860028,0
3,0,1.3812658786773682,2.2536396539211276,0.0,0.0653,67.51269035532995,0.059,-0.48954614834153265,0.0,0.08,0.0653,0.0653,0
3,12,1.356872797012329,2.2536396539211276,0.0,0.0653,77.34375,0.059,-0.5073638922296617,0.0,0.08,0.0653,0.0653,0
3,8,1.0162807703018188,2.2536396539211276,0.0,0.0653,96.09375,0.059,-0.7963968681330565,0.0,0.08,0.0653,0.0653,0
3,14,1.2663415670394897,2.2536396539211276,0.0,0.0653,71.875,0.059,-0.5764144422557425,0.0,0.08,0.0653,0.0653,0
3,4,1.5476914644241333,2.2536396539211276,0.0,0.0653,60.83916083916084,0.059,-0.37578208829822773,0.0,0.08,0.0653,0.0653,0
3,6,1.3087222576141357,2.2536396539211276,0.0,0.0653,75.53191489361703,0.059,-0.543495244675684,0.0,0.08,0.0653,0.0653,0
3,3,1.4048124551773071,2.2536396539211276,0.0,0.0653,68.94736842105263,0.059,-0.47264272053936907,0.0,0.08,0.0653,0.0653,0
3,19,1.3343188762664795,2.2536396539211276,0.0,0.0653,81.640625,0.059,-0.524125573570178,0.0,0.08,0.0653,0.0653,0
4,10,0.734622597694397,2.1679952820539476,0.0,0.06971,87.55364806866953,0.0653,-1.0822012825668688,0.0,0.08,0.06971,0.06971,0
4,6,1.0856894254684448,2.1679952820539476,0.0,0.06971,78.72340425531915,0.0653,-0.6915877024225079,0.0,0.08,0.06971,0.06971,0
4,18,2.0675418376922607,2.1679952820539476,0.0,0.07629425076491836,18.359375,0.07470607252131195,-0.04744252358057037,0.0,0.08,0.07629425076491836,0.07629425076491836,0
4,5,2.620983362197876,2.1679952820539476,0.18974666823997555,0.18134471639322375,1.5625,0.15972216573661374,0.18974666823997555,0.18974666823997555,0.23179733459198043,0.18134471639322375,0.18134471639322375,0
4,14,0.9613645672798157,2.1679952820539476,0.0,0.06971,79.6875,0.0653,-0.81320448114894,0.0,0.08,0.06971,0.06971,0
4,3,1.0012377500534058,2.1679952820539476,0.0,0.06971,78.42105263157895,0.0653,-0.7725659173532616,0.0,0.08,0.06971,0.06971,0
4,9,0.9973319172859192,2.1679952820539476,0.0,0.06971,76.5625,0.0653,-0.7764745503769814,0.0,0.08,0.06971,0.06971,0
4,13,0.9019530415534973,2.1679952820539476,0.0,0.06971,80.625,0.0653,-0.8769957215628353,0.0,0.08,0.06971,0.06971,0
4,19,1.0786292552947998,2.1679952820539476,0.0,0.06971,87.5,0.0653,-0.6981118757931434,0.0,0.08,0.06971,0.06971,0
4,11,1.0263429880142212,2.1679952820539476,0.0,0.06971,75.0,0.0653,-0.747800915075705,0.0,0.08,0.06971,0.06971,0
4,2,2.289231061935425,2.1679952820539476,0.054413072719992336,0.12881438387381836,5.737704918032787,0.13107892345860028,0.054413072719992336,0.054413072719992336,0.12353045817599387,0.12881438387381836,0.12881438387381836,0
4,16,0.2673738896846771,2.1679952820539476,0.0,0.06971,96.09375,0.0653,-2.0929101388525693,0.0,0.08,0.06971,0.06971,0
4,0,1.04982590675354,2.1679952820539476,0.0,0.06971,74.61928934010152,0.0653,-0.7251785551571076,0.0,0.08,0.06971,0.06971,0
4,7,1.0521345138549805,2.1679952820539476,0.0,0.06971,76.84210526315789,0.0653,-0.7229819314860605,0.0,0.08,0.06971,0.06971,0
4,1,2.3670003414154053,2.1679952820539476,0.08782056698309817,0.13896525299750415,10.81081081081081,0.13412616703080082,0.08782056698309817,0.08782056698309817,0.15025645358647854,0.13896525299750415,0.13896525299750415,0
4,4,1.275744915008545,2.1679952820539476,0.0,0.06971,58.04195804195804,0.0653,-0.5302726491046065,0.0,0.08,0.06971,0.06971,0
4,12,0.9039689898490906,2.1679952820539476,0.0,0.06971,85.546875,0.0653,-0.8747631233934946,0.0,0.08,0.06971,0.06971,0
4,17,1.1640894412994385,2.1679952820539476,0.0,0.06971,69.140625,0.0653,-0.621863717461241,0.0,0.08,0.06971,0.06971,0
4,8,0.7125246524810791,2.1679952820539476,0.0,0.06971,97.265625,0.0653,-1.11274366544306,0.0,0.08,0.06971,0.06971,0
4,15,1.2060186862945557,2.1679952820539476,0.0,0.06971,70.3125,0.0653,-0.5864783110965781,0.0,0.08,0.06971,0.06971,0
5,8,0.39054328203201294,2.056293774878979,0.0,0.072797,96.484375,0.06971,-1.6611216816321215,0.0,0.08,0.072797,0.072797,0
5,5,2.595183849334717,2.056293774878979,0.23275213662639876,0.20680181426559233,0.78125,0.18134471639322375,0.23275213662639876,0.23275213662639876,0.266201709301119,0.20680181426559233,0.20680181426559233,0
5,13,0.8087660670280457,2.056293774878979,0.0,0.072797,82.5,0.06971,-0.9331507833675894,0.0,0.08,0.072797,0.072797,0
5,18,1.7596405744552612,2.056293774878979,0.0,0.07740597553544284,20.703125,0.07629425076491836,-0.15579565404502946,0.0,0.08,0.07740597553544284,0.07740597553544284,0
5,1,2.173596143722534,2.056293774878979,0.05547778072298044,0.1345903444717682,18.91891891891892,0.13896525299750415,0.05547778072298044,0.05547778072298044,0.12438222457838435,0.1345903444717682,0.1345903444717682,0
5,3,0.7692322731018066,2.056293774878979,0.0,0.072797,82.10526315789474,0.06971,-0.9832675253000853,0.0,0.08,0.072797,0.072797,0
5,0,0.9392687678337097,2.056293774878979,0.0,0.072797,72.08121827411168,0.06971,-0.7835588312207106,0.0,0.08,0.072797,0.072797,0
5,9,0.7656188607215881,2.056293774878979,0.0,0.072797,81.25,0.06971,-0.9879760197322263,0.0,0.08,0.072797,0.072797,0
5,11,0.7222145199775696,2.056293774878979,0.0,0.072797,82.03125,0.06971,-1.0463382801546428,0.0,0.08,0.072797,0.072797,0
5,2,2.0747873783111572,2.056293774878979,0.008953456105413322,0.11631889817697204,8.19672131147541,0.12881438387381836,0.008953456105413322,0.008953456105413322,0.08716276488433065,0.11631889817697204,0.11631889817697204,0
5,7,0.8666618466377258,2.056293774878979,0.0,0.072797,81.05263157894737,0.06971,-0.8640116225524744,0.0,0.08,0.072797,0.072797,0
5,17,0.9494906663894653,2.056293774878979,0.0,0.072797,77.734375,0.06971,-0.7727347971360483,0.0,0.08,0.072797,0.072797,0
5,14,0.7416881322860718,2.056293774878979,0.0,0.072797,83.984375,0.06971,-1.0197316464407935,0.0,0.08,0.072797,0.072797,0
5,19,0.7898379564285278,2.056293774878979,0.0,0.072797,94.140625,0.06971,-0.9568326892078183,0.0,0.08,0.072797,0.072797,0
5,10,0.5193670988082886,2.056293774878979,0.0,0.072797,88.41201716738198,0.06971,-1.3760495359811056,0.0,0.08,0.072797,0.072797,0
5,12,0.6676833033561707,2.056293774878979,0.0,0.072797,87.109375,0.06971,-1.1248465285229448,0.0,0.08,0.072797,0.072797,0
5,15,0.9692466855049133,2.056293774878979,0.0,0.072797,75.0,0.06971,-0.7521413406319637,0.0,0.08,0.072797,0.072797,0
5,6,0.7773500680923462,2.056293774878979,0.0,0.072797,87.23404255319149,0.06971,-0.9727697079897007,0.0,0.08,0.072797,0.072797,0
5,4,1.186424732208252,2.056293774878979,0.0,0.072797,62.23776223776224,0.06971,-0.5499608623769016,0.0,0.08,0.072797,0.072797,0
5,16,0.20884831249713898,2.056293774878979,0.0,0.072797,99.21875,0.06971,-2.287052249028356,0.0,0.08,0.072797,0.072797,0
6,7,0.6295965909957886,1.9305945985639097,0.0,0.0749579,89.47368421052632,0.072797,-1.1205040233724737,0.0,0.08,0.0749579,0.0749579,0
6,15,0.9143999814987183,1.9305945985639097,0.0,0.0749579,81.25,0.072797,-0.7473152186050996,0.0,0.08,0.0749579,0.0749579,0
6,9,0.7215218544006348,1.9305945985639097,0.0,0.0749579,80.859375,0.072797,-0.9842206399442359,0.0,0.08,0.0749579,0.0749579,0
6,17,0.765875518321991,1.9305945985639097,0.0,0.0749579,77.734375,0.072797,-0.9245636609150423,0.0,0.08,0.0749579,0.0749579,0
6,19,0.6065853238105774,1.9305945985639097,0.0,0.0749579,91.796875,0.072797,-1.1577379045207894,0.0,0.08,0.0749579,0.0749579,0
6,12,0.5349093675613403,1.9305945985639097,0.0,0.0749579,89.453125,0.072797,-1.2834859769761144,0.0,0.08,0.0749579,0.0749579,0
6,0,0.6672381162643433,1.9305945985639097,0.0,0.0749579,76.6497461928934,0.072797,-1.062436328695117,0.0,0.08,0.0749579,0.0749579,0
6,2,1.9107611179351807,1.9305945985639097,0.0,0.10542322872388044,21.311475409836067,0.11631889817697204,-0.010326383825332242,0.0,0.08,0.10542322872388044,0.10542322872388044,0
6,10,0.47076573967933655,1.9305945985639097,0.0,0.0749579,91.84549356223177,0.072797,-1.4112226982430875,0.0,0.08,0.0749579,0.0749579,0
6,4,0.8608740568161011,1.9305945985639097,0.0,0.0749579,65.03496503496504,0.072797,-0.8076350919189662,0.0,0.08,0.0749579,0.0749579,0
6,13,0.4720911979675293,1.9305945985639097,0.0,0.0749579,84.375,0.072797,-1.4084111176515952,0.0,0.08,0.0749579,0.0749579,0
6,1,1.8035168647766113,1.9305945985639097,0.0,0.11821324113023773,18.91891891891892,0.1345903444717682,-0.06808946480641942,0.0,0.08,0.11821324113023773,0.11821324113023773,0
6,16,0.2535572946071625,1.9305945985639097,0.0,0.0749579,96.875,0.072797,-2.029993470626461,0.0,0.08,0.0749579,0.0749579,0
6,3,0.5401630401611328,1.9305945985639097,0.0,0.0749579,82.63157894736842,0.072797,-1.2737122830635668,0.0,0.08,0.0749579,0.0749579,0
6,11,0.560016930103302,1.9305945985639097,0.0,0.0749579,80.46875,0.072797,-1.2376162883324504,0.0,0.08,0.0749579,0.0749579,0
6,14,0.5100464224815369,1.9305945985639097,0.0,0.0749579,88.671875,0.072797,-1.3310815561330303,0.0,0.08,0.0749579,0.0749579,0
6,8,0.292207270860672,1.9305945985639097,0.0,0.0749579,97.265625,0.072797,-1.8881199053947673,0.0,0.08,0.0749579,0.0749579,0
6,6,0.5215148329734802,1.9305945985639097,0.0,0.0749579,85.1063829787234,0.072797,-1.3088455856751733,0.0,0.08,0.0749579,0.0749579,0
6,5,2.390984296798706,1.9305945985639097,0.2138770822014014,0.22009176971425098,1.171875,0.20680181426559233,0.2138770822014014,0.2138770822014014,0.25110166576112114,0.22009176971425098,0.22009176971425098,0
6,18,1.6500244140625,1.9305945985639097,0.0,0.07818418287481,28.125,0.07740597553544284,-0.1570379525413936,0.0,0.08,0.07818418287481,0.07818418287481,0
7,13,0.5379997491836548,1.7993442344478372,0.0,0.07647053,88.125,0.0749579,-1.2073194563199916,0.0,0.08,0.07647053,0.07647053,0
7,19,0.4971334934234619,1.7993442344478372,0.0,0.07647053,94.53125,0.0749579,-1.2863189602842549,0.0,0.08,0.07647053,0.07647053,0
7,7,0.7129806280136108,1.7993442344478372,0.0,0.07647053,88.42105263157895,0.0749579,-0.925723304483212,0.0,0.08,0.07647053,0.07647053,0
7,10,0.39591023325920105,1.7993442344478372,0.0,0.07647053,91.41630901287553,0.0749579,-1.5139900417404373,0.0,0.08,0.07647053,0.07647053,0
7,4,0.8471800088882446,1.7993442344478372,0.0,0.07647053,70.62937062937063,0.0749579,-0.7532643597402577,0.0,0.08,0.07647053,0.07647053,0
7,17,0.7640219330787659,1.7993442344478372,0.0,0.07647053,83.984375,0.0749579,-0.8565810588062945,0.0,0.08,0.07647053,0.07647053,0
7,18,1.4080363512039185,1.7993442344478372,0.0,0.078728928012367,38.671875,0.07818418287481,-0.24522620776442405,0.0,0.08,0.078728928012367,0.078728928012367,0
7,9,0.5742751955986023,1.7993442344478372,0.0,0.07647053,82.03125,0.0749579,-1.1420688351862227,0.0,0.08,0.07647053,0.07647053,0
7,0,0.6237018704414368,1.7993442344478372,0.0,0.07647053,78.68020304568527,0.0749579,-1.0595050703626674,0.0,0.08,0.07647053,0.07647053,0
7,5,2.142634630203247,1.7993442344478372,0.1746139221983819,0.21997158012758733,2.734375,0.22009176971425098,0.1746139221983819,0.1746139221983819,0.21969113775870552,0.21997158012758733,0.21997158012758733,0
7,11,0.41944676637649536,1.7993442344478372,0.0,0.07647053,83.984375,0.0749579,-1.4562409249630985,0.0,0.08,0.07647053,0.07647053,0
7,8,0.2608710825443268,1.7993442344478372,0.0,0.07647053,96.484375,0.0749579,-1.9311511818504954,0.0,0.08,0.07647053,0.07647053,0
7,6,0.5309492945671082,1.7993442344478372,0.0,0.07647053,84.04255319148936,0.0749579,-1.22051102380845,0.0,0.08,0.07647053,0.07647053,0
7,14,0.5185732841491699,1.7993442344478372,0.0,0.07647053,88.671875,0.0749579,-1.2440961931377048,0.0,0.08,0.07647053,0.07647053,0
7,2,1.5879219770431519,1.7993442344478372,0.0,0.0977962601067163,35.24590163934426,0.10542322872388044,-0.12499605481445233,0.0,0.08,0.0977962601067163,0.0977962601067163,0
7,16,0.10729241371154785,1.7993442344478372,0.0,0.07647053,98.4375,0.0749579,-2.819619530190363,0.0,0.08,0.07647053,0.07647053,0
7,12,0.46379557251930237,1.7993442344478372,0.0,0.07647053,84.765625,0.0749579,-1.3557336686295212,0.0,0.08,0.07647053,0.07647053,0
7,3,0.6044710278511047,1.7993442344478372,0.0,0.07647053,88.94736842105263,0.0749579,-1.0908238108768553,0.0,0.08,0.07647053,0.07647053,0
7,1,1.7935417890548706,1.7993442344478372,0.0,0.10674926879116642,32.432432432432435,0.11821324113023773,-0.0032299663097013387,0.0,0.08,0.10674926879116642,0.10674926879116642,0
7,15,0.6391580700874329,1.7993442344478372,0.0,0.07647053,84.375,0.0749579,-1.0350257584068563,0.0,0.08,0.07647053,0.07647053,0
0,1,2.2840206623077393,0.0,0.0,0.05,13.513513513513514,0.05,0.0,0.0,0.08,0.059,0.059,1
0,11,2.33823561668396,0.0,0.0,0.05,1.953125,0.05,0.0,0.0,0.08,0.059,0.059,1
0,14,2.301786184310913,0.0,0.0,0.05,2.734375,0.05,0.0,0.0,0.08,0.059,0.059,1
0,18,2.287584066390991,0.0,0.0,0.05,16.015625,0.05,0.0,0.0,0.08,0.059,0.059,1
0,10,2.333150625228882,0.0,0.0,0.05,0.4291845493562232,0.05,0.0,0.0,0.08,0.059,0.059,1
0,5,2.3468129634857178,0.0,0.0,0.05,0.78125,0.05,0.0,0.0,0.08,0.059,0.059,1
0,15,2.294386148452759,0.0,0.0,0.05,14.0625,0.05,0.0,0.0,0.08,0.059,0.059,1
0,19,2.310711622238159,0.0,0.0,0.05,0.0,0.05,0.0,0.0,0.08,0.059,0.059,1
0,9,2.310966968536377,0.0,0.0,0.05,3.125,0.05,0.0,0.0,0.08,0.059,0.059,1
0,12,2.306790351867676,0.0,0.0,0.05,1.953125,0.05,0.0,0.0,0.08,0.059,0.059,1
0,0,2.2882461547851562,0.0,0.0,0.05,9.137055837563452,0.05,0.0,0.0,0.08,0.059,0.059,1
0,2,2.2744574546813965,0.0,0.0,0.05,12.295081967213115,0.05,0.0,0.0,0.08,0.059,0.059,1
0,13,2.310074806213379,0.0,0.0,0.05,2.5,0.05,0.0,0.0,0.08,0.059,0.059,1
0,6,2.3130855560302734,0.0,0.0,0.05,0.0,0.05,0.0,0.0,0.08,0.059,0.059,1
0,4,2.3047869205474854,0.0,0.0,0.05,4.895104895104895,0.05,0.0,0.0,0.08,0.059,0.059,1
0,16,2.3723764419555664,0.0,0.0,0.05,0.0,0.05,0.0,0.0,0.08,0.059,0.059,1
0,8,2.316967010498047,0.0,0.0,0.05,0.0,0.05,0.0,0.0,0.08,0.059,0.059,1
0,7,2.2666494846343994,0.0,0.0,0.05,16.842105263157894,0.05,0.0,0.0,0.08,0.059,0.059,1
8,16,0.11989700794219971,1.6783471221755388,0.0,0.07752937099999999,98.046875,0.07647053,-2.638931547687307,0.0,0.08,0.07752937099999999,0.07752937099999999,0
0,17,2.2950305938720703,0.0,0.0,0.05,13.671875,0.05,0.0,0.0,0.08,0.059,0.059,1
8,6,0.45654791593551636,1.6783471221755388,0.0,0.07752937099999999,77.65957446808511,0.07647053,-1.3018710580594177,0.0,0.08,0.07752937099999999,0.07752937099999999,0
0,3,2.3292105197906494,0.0,0.0,0.05,0.0,0.05,0.0,0.0,0.08,0.059,0.059,1
8,15,0.5447725057601929,1.6783471221755388,0.0,0.07752937099999999,82.421875,0.07647053,-1.1251964329520154,0.0,0.08,0.07752937099999999,0.07752937099999999,0
8,2,1.457703709602356,1.6783471221755388,0.0,0.09245738207470142,50.81967213114754,0.0977962601067163,-0.14094705643445873,0.0,0.08,0.09245738207470142,0.09245738207470142,0
8,17,0.4918903708457947,1.6783471221755388,0.0,0.07752937099999999,84.765625,0.07647053,-1.2273088496947635,0.0,0.08,0.07752937099999999,0.07752937099999999,0
8,8,0.28752008080482483,1.6783471221755388,0.0,0.07752937099999999,96.875,0.07647053,-1.7642719993477085,0.0,0.08,0.07752937099999999,0.07752937099999999,0
8,5,2.0765914916992188,1.6783471221755388,0.2129183892461257,0.22908051950838126,1.5625,0.21997158012758733,0.2129183892461257,0.2129183892461257,0.25033471139690056,0.22908051950838126,0.22908051950838126,0
8,0,0.6432161927223206,1.6783471221755388,0.0,0.07752937099999999,78.68020304568527,0.07647053,-0.9590838298567048,0.0,0.08,0.07752937099999999,0.07752937099999999,0
8,10,0.28714507818222046,1.6783471221755388,0.0,0.07752937099999999,89.69957081545064,0.07647053,-1.7655771164473555,0.0,0.08,0.07752937099999999,0.07752937099999999,0
8,19,0.3421194851398468,1.6783471221755388,0.0,0.07752937099999999,96.875,0.07647053,-1.5904046611738096,0.0,0.08,0.07752937099999999,0.07752937099999999,0
8,9,0.49229997396469116,1.6783471221755388,0.0,0.07752937099999999,83.984375,0.07647053,-1.226476484011882,0.0,0.08,0.07752937099999999,0.07752937099999999,0
8,3,0.5574594736099243,1.6783471221755388,0.0,0.07752937099999999,85.78947368421052,0.07647053,-1.1021749126496476,0.0,0.08,0.07752937099999999,0.07752937099999999,0
8,7,0.5882192850112915,1.6783471221755388,0.0,0.07752937099999999,91.57894736842105,0.07647053,-1.0484649091345297,0.0,0.08,0.07752937099999999,0.07752937099999999,0
8,13,0.4427139163017273,1.6783471221755388,0.0,0.07752937099999999,88.75,0.07647053,-1.3326409413103293,0.0,0.08,0.07752937099999999,0.07752937099999999,0
8,14,0.4513085186481476,1.6783471221755388,0.0,0.07752937099999999,89.84375,0.07647053,-1.313413533592075,0.0,0.08,0.07752937099999999,0.07752937099999999,0
8,12,0.3622177541255951,1.6783471221755388,0.0,0.07752937099999999,89.0625,0.07647053,-1.5333191488837372,0.0,0.08,0.07752937099999999,0.07752937099999999,0
8,4,0.7693653702735901,1.6783471221755388,0.0,0.07752937099999999,69.93006993006993,0.07647053,-0.7799987446432194,0.0,0.08,0.07752937099999999,0.07752937099999999,0
8,11,0.5132943391799927,1.6783471221755388,0.0,0.07752937099999999,88.671875,0.07647053,-1.1847152775039271,0.0,0.08,0.07752937099999999,0.07752937099999999,0
8,1,1.1566417217254639,1.6783471221755388,0.0,0.09872448815381649,32.432432432432435,0.10674926879116642,-0.3722887117494338,0.0,0.08,0.09872448815381649,0.09872448815381649,0
8,18,1.3273845911026,1.6783471221755388,0.0,0.0791102496086569,47.265625,0.078728928012367,-0.2345989183558665,0.0,0.08,0.0791102496086569,0.0791102496086569,0
1,9,2.0784833431243896,2.3084325790405273,0.0,0.05,49.609375,0.05,-0.10493029074606973,0.0,0.08,0.059,0.059,1
1,16,1.6634801626205444,2.3084325790405273,0.0,0.05,99.21875,0.05,-0.32765686401174243,0.0,0.08,0.059,0.059,1
1,12,2.098644256591797,2.3084325790405273,0.0,0.05,12.890625,0.05,-0.09527721243229093,0.0,0.08,0.059,0.059,1
1,2,2.4873809814453125,2.3084325790405273,0.07466158492787497,0.05,0.0,0.05,0.07466158492787497,0.07466158492787497,0.13972926794229998,0.07691878038268998,0.07691878038268998,1
1,5,2.681758165359497,2.3084325790405273,0.14990385366420375,0.05,0.390625,0.05,0.14990385366420375,0.14990385366420375,0.19992308293136302,0.0949769248794089,0.0949769248794089,1
1,1,2.510863780975342,2.3084325790405273,0.0840580724287865,0.05,0.0,0.05,0.0840580724287865,0.0840580724287865,0.1472464579430292,0.07917393738290876,0.07917393738290876,1
1,14,2.1487438678741455,2.3084325790405273,0.0,0.05,8.59375,0.05,-0.07168533278921116,0.0,0.08,0.059,0.059,1
1,10,2.0059609413146973,2.3084325790405273,0.0,0.05,33.047210300429185,0.05,-0.14044553793772738,0.0,0.08,0.059,0.059,1
1,19,2.2271008491516113,2.3084325790405273,0.0,0.05,5.859375,0.05,-0.03586808484714117,0.0,0.08,0.059,0.059,1
1,4,2.1518609523773193,2.3084325790405273,0.0,0.05,22.377622377622377,0.05,-0.07023572969160038,0.0,0.08,0.059,0.059,1
1,11,2.2285518646240234,2.3084325790405273,0.0,0.05,4.296875,0.05,-0.035216770388674754,0.0,0.08,0.059,0.059,1
1,17,2.22898530960083,2.3084325790405273,0.0,0.05,6.25,0.05,-0.03502229305319255,0.0,0.08,0.059,0.059,1
1,13,2.166630506515503,2.3084325790405273,0.0,0.05,15.625,0.05,-0.06339555793405187,0.0,0.08,0.059,0.059,1
1,7,2.05765438079834,2.3084325790405273,0.0,0.05,17.894736842105264,0.05,-0.11500207253423021,0.0,0.08,0.059,0.059,1
1,6,2.130131244659424,2.3084325790405273,0.0,0.05,44.680851063829785,0.05,-0.08038516161457532,0.0,0.08,0.059,0.059,1
1,18,2.3390161991119385,2.3084325790405273,0.013161656167263426,0.05,18.359375,0.05,0.013161656167263426,0.013161656167263426,0.09052932493381075,0.06215879748014322,0.06215879748014322,1
1,3,2.3045272827148438,2.3084325790405273,0.0,0.05,6.315789473684211,0.05,-0.0016931850086661976,0.0,0.08,0.059,0.059,1
1,15,2.2761378288269043,2.3084325790405273,0.0,0.05,0.78125,0.05,-0.014088685038163799,0.0,0.08,0.059,0.059,1
1,8,2.0143446922302246,2.3084325790405273,0.0,0.05,68.75,0.05,-0.1362748286480252,0.0,0.08,0.059,0.059,1
9,12,0.396209180355072,1.560792125615219,0.0,0.07827055969999999,87.5,0.07752937099999999,-1.3710064203603582,0.0,0.08,0.07827055969999999,0.07827055969999999,0
1,0,2.154236078262329,2.3084325790405273,0.0,0.05,23.85786802030457,0.05,-0.06913258403652488,0.0,0.08,0.059,0.059,1
9,4,0.8735042214393616,1.560792125615219,0.0,0.07827055969999999,64.33566433566433,0.07752937099999999,-0.5804357768103744,0.0,0.08,0.07827055969999999,0.07827055969999999,0
9,19,0.3969942033290863,1.560792125615219,0.0,0.07827055969999999,93.75,0.07752937099999999,-1.3690270460241587,0.0,0.08,0.07827055969999999,0.07827055969999999,0
9,1,1.3319110870361328,1.560792125615219,0.0,0.09310714170767154,35.13513513513514,0.09872448815381649,-0.15857864570186497,0.0,0.08,0.09310714170767154,0.09310714170767154,0
9,13,0.4273291230201721,1.560792125615219,0.0,0.07827055969999999,88.75,0.07752937099999999,-1.2953942309696174,0.0,0.08,0.07827055969999999,0.07827055969999999,0
9,15,0.5790769457817078,1.560792125615219,0.0,0.07827055969999999,83.984375,0.07752937099999999,-0.9915133703267328,0.0,0.08,0.07827055969999999,0.07827055969999999,0
9,16,0.10057058930397034,1.560792125615219,0.0,0.07827055969999999,97.265625,0.07752937099999999,-2.742088789096233,0.0,0.08,0.07827055969999999,0.07827055969999999,0
9,9,0.39361608028411865,1.560792125615219,0.0,0.07827055969999999,89.84375,0.07752937099999999,-1.377572706478425,0.0,0.08,0.07827055969999999,0.07827055969999999,0
9,14,0.4130900204181671,1.560792125615219,0.0,0.07827055969999999,91.40625,0.07752937099999999,-1.3292831900761977,0.0,0.08,0.07827055969999999,0.07827055969999999,0
9,11,0.36466866731643677,1.560792125615219,0.0,0.07827055969999999,92.578125,0.07752937099999999,-1.4539595426444203,0.0,0.08,0.07827055969999999,0.07827055969999999,0
9,10,0.29160216450691223,1.560792125615219,0.0,0.07827055969999999,92.27467811158799,0.07752937099999999,-1.6775582933443924,0.0,0.08,0.07827055969999999,0.07827055969999999,0
9,18,1.1774510145187378,1.560792125615219,0.0,0.07937717472605982,61.328125,0.0791102496086569,-0.28184151834768795,0.0,0.08,0.07937717472605982,0.07937717472605982,0
9,6,0.5616666674613953,1.560792125615219,0.0,0.07827055969999999,82.97872340425532,0.07752937099999999,-1.0220401772704006,0.0,0.08,0.07827055969999999,0.07827055969999999,0
9,7,0.40583840012550354,1.560792125615219,0.0,0.07827055969999999,89.47368421052632,0.07752937099999999,-1.3469936748479676,0.0,0.08,0.07827055969999999,0.07827055969999999,0
9,2,1.2700161933898926,1.560792125615219,0.0,0.088720167452291,51.63934426229508,0.09245738207470142,-0.20616381266188888,0.0,0.08,0.088720167452291,0.088720167452291,0
9,17,0.47184380888938904,1.560792125615219,0.0,0.07827055969999999,84.765625,0.07752937099999999,-1.196300711962695,0.0,0.08,0.07827055969999999,0.07827055969999999,0
9,8,0.2573540210723877,1.560792125615219,0.0,0.07827055969999999,98.4375,0.07752937099999999,-1.8024960608571885,0.0,0.08,0.07827055969999999,0.07827055969999999,0
9,5,1.9815623760223389,1.560792125615219,0.23869214576741002,0.2416424786400453,1.5625,0.22908051950838126,0.23869214576741002,0.23869214576741002,0.27095371661392803,0.2416424786400453,0.2416424786400453,0
9,3,0.44055745005607605,1.560792125615219,0.0,0.07827055969999999,87.36842105263158,0.07752937099999999,-1.2649078709324684,0.0,0.08,0.07827055969999999,0.07827055969999999,0
9,0,0.5647420287132263,1.560792125615219,0.0,0.07827055969999999,78.1725888324873,0.07752937099999999,-1.0165796923697716,0.0,0.08,0.07827055969999999,0.07827055969999999,0
2,9,1.6876051425933838,2.2936326503753666,0.0,0.059,61.328125,0.05,-0.3068264208014696,0.0,0.08,0.059,0.059,0
2,1,2.7428183555603027,2.2936326503753666,0.17884911704975073,0.10192378809194017,10.81081081081081,0.05,0.17884911704975073,0.17884911704975073,0.2230792936398006,0.10192378809194017,0.10192378809194017,0
2,2,2.76495361328125,2.2936326503753666,0.18688698678752935,0.10385287682900704,1.639344262295082,0.05,0.18688698678752935,0.18688698678752935,0.22950958943002348,0.10385287682900704,0.10385287682900704,0
2,3,2.0235917568206787,2.2936326503753666,0.0,0.059,18.42105263157895,0.05,-0.12526284042564054,0.0,0.08,0.059,0.059,0
2,8,1.5827703475952148,2.2936326503753666,0.0,0.059,89.0625,0.05,-0.37096017274596427,0.0,0.08,0.059,0.059,0
2,12,1.8489816188812256,2.2936326503753666,0.0,0.059,37.890625,0.05,-0.2155018586220918,0.0,0.08,0.059,0.059,0
2,0,1.949454426765442,2.2936326503753666,0.0,0.059,47.71573604060914,0.05,-0.16258731785927416,0.0,0.08,0.059,0.059,0
2,4,1.7646976709365845,2.2936326503753666,0.0,0.059,53.14685314685315,0.05,-0.2621574851467251,0.0,0.08,0.059,0.059,0
2,18,2.3721446990966797,2.2936326503753666,0.033657611209725324,0.06707782669033407,19.140625,0.05,0.033657611209725324,0.033657611209725324,0.10692608896778026,0.06707782669033407,0.06707782669033407,0
2,7,1.6748814582824707,2.2936326503753666,0.0,0.059,53.68421052631579,0.05,-0.31439447770403667,0.0,0.08,0.059,0.059,0
2,17,2.0098931789398193,2.2936326503753666,0.0,0.059,14.453125,0.05,-0.13205529444451816,0.0,0.08,0.059,0.059,0
2,5,2.8396594524383545,2.2936326503753666,0.2135472621188999,0.11025134290853597,0.78125,0.05,0.2135472621188999,0.2135472621188999,0.25083780969511993,0.11025134290853597,0.11025134290853597,0
2,14,1.7179465293884277,2.2936326503753666,0.0,0.059,44.921875,0.05,-0.2890071701292644,0.0,0.08,0.059,0.059,0
2,6,1.8629001379013062,2.2936326503753666,0.0,0.059,64.8936170212766,0.05,-0.20800238256602704,0.0,0.08,0.059,0.059,0
2,11,1.8545947074890137,2.2936326503753666,0.0,0.059,14.0625,0.05,-0.21247068422167642,0.0,0.08,0.059,0.059,0
2,15,2.0934152603149414,2.2936326503753666,0.0,0.059,3.90625,0.05,-0.09134004235642651,0.0,0.08,0.059,0.059,0
2,16,0.8779466152191162,2.2936326503753666,0.0,0.059,98.4375,0.05,-0.9603063537896749,0.0,0.08,0.059,0.059,0
2,13,1.834416389465332,2.2936326503753666,0.0,0.059,42.5,0.05,-0.2234104827895235,0.0,0.08,0.059,0.059,0
2,19,1.8273063898086548,2.2936326503753666,0.0,0.059,23.046875,0.05,-0.22729390541974528,0.0,0.08,0.059,0.059,0
10,6,0.3746826946735382,1.4481072417075096,0.0,0.07878939179,82.97872340425532,0.07827055969999999,-1.351933092123941,0.0,0.08,0.07878939179,0.07878939179,0
2,10,1.667450189590454,2.2936326503753666,0.0,0.059,52.78969957081545,0.05,-0.31884124222400273,0.0,0.08,0.059,0.059,0
10,9,0.3627844750881195,1.4481072417075096,0.0,0.07878939179,87.109375,0.07827055969999999,-1.384203686100629,0.0,0.08,0.07878939179,0.07878939179,0
10,10,0.30583974719047546,1.4481072417075096,0.0,0.07878939179,93.99141630901288,0.07827055969999999,-1.554951343583929,0.0,0.08,0.07878939179,0.07878939179,0
10,3,0.41781696677207947,1.4481072417075096,0.0,0.07878939179,85.78947368421052,0.07827055969999999,-1.2429691570352916,0.0,0.08,0.07878939179,0.07878939179,0
10,16,0.11454443633556366,1.4481072417075096,0.0,0.07878939179,98.828125,0.07827055969999999,-2.5370497137854406,0.0,0.08,0.07878939179,0.07878939179,0
10,15,0.4851800501346588,1.4481072417075096,0.0,0.07878939179,85.9375,0.07827055969999999,-1.09349255901359,0.0,0.08,0.07878939179,0.07878939179,0
10,11,0.33558782935142517,1.4481072417075096,0.0,0.07878939179,93.359375,0.07827055969999999,-1.4621289006689737,0.0,0.08,0.07878939179,0.07878939179,0
10,0,0.4395917057991028,1.4481072417075096,0.0,0.07878939179,82.74111675126903,0.07827055969999999,-1.1921662615705806,0.0,0.08,0.07878939179,0.07878939179,0
10,19,0.29536890983581543,1.4481072417075096,0.0,0.07878939179,96.484375,0.07827055969999999,-1.5897874883255063,0.0,0.08,0.07878939179,0.07878939179,0
10,17,0.43263792991638184,1.4481072417075096,0.0,0.07878939179,90.234375,0.07827055969999999,-1.2081114273160398,0.0,0.08,0.07878939179,0.07878939179,0
10,1,1.0274713039398193,1.4481072417075096,0.0,0.08917499919537009,43.24324324324324,0.09310714170767154,-0.34315661138755515,0.0,0.08,0.08917499919537009,0.08917499919537009,0
10,7,0.4088648855686188,1.4481072417075096,0.0,0.07878939179,90.52631578947368,0.07827055969999999,-1.2646278662722956,0.0,0.08,0.07878939179,0.07878939179,0
10,5,1.900147795677185,1.4481072417075096,0.27167431552905497,0.25835157077500487,2.34375,0.2416424786400453,0.27167431552905497,0.27167431552905497,0.297339452423244,0.25835157077500487,0.25835157077500487,0
10,4,0.6444220542907715,1.4481072417075096,0.0,0.07878939179,73.42657342657343,0.07827055969999999,-0.8096587482908749,0.0,0.08,0.07878939179,0.07878939179,0
10,13,0.41141533851623535,1.4481072417075096,0.0,0.07878939179,88.75,0.07827055969999999,-1.2584093545263066,0.0,0.08,0.07878939179,0.07878939179,0
10,2,1.1471635103225708,1.4481072417075096,0.0,0.08610411721660369,59.01639344262295,0.088720167452291,-0.23296496860371474,0.0,0.08,0.08610411721660369,0.08610411721660369,0
10,14,0.31662318110466003,1.4481072417075096,0.0,0.07878939179,91.796875,0.07827055969999999,-1.5203002438087478,0.0,0.08,0.07878939179,0.07878939179,0
10,18,0.9972119331359863,1.4481072417075096,0.0,0.07956402230824186,63.28125,0.07937717472605982,-0.37304931081312914,0.0,0.08,0.07956402230824186,0.07956402230824186,0
10,12,0.31344932317733765,1.4481072417075096,0.0,0.07878939179,88.671875,0.07827055969999999,-1.5303749087090908,0.0,0.08,0.07878939179,0.07878939179,0
3,0,1.3057070970535278,2.249448201656342,0.0,0.0653,63.95939086294416,0.059,-0.5439402083610135,0.0,0.08,0.0653,0.0653,0
10,8,0.16570182144641876,1.4481072417075096,0.0,0.07878939179,98.046875,0.07827055969999999,-2.1678226619053773,0.0,0.08,0.07878939179,0.07878939179,0
3,19,1.3894850015640259,2.249448201656342,0.0,0.0653,76.5625,0.059,-0.48175176366182637,0.0,0.08,0.0653,0.0653,0
3,13,1.429277777671814,2.249448201656342,0.0,0.0653,71.875,0.059,-0.45351567376821195,0.0,0.08,0.0653,0.0653,0
3,10,1.10775625705719,2.249448201656342,0.0,0.0653,77.6824034334764,0.059,-0.7083483583296533,0.0,0.08,0.0653,0.0653,0
3,8,1.0019259452819824,2.249448201656342,0.0,0.0653,97.265625,0.059,-0.8087608438684235,0.0,0.08,0.0653,0.0653,0
3,18,2.2920477390289307,2.249448201656342,0.01876068466873156,0.07545704300372943,17.578125,0.06707782669033407,0.01876068466873156,0.01876068466873156,0.09500854773498525,0.07545704300372943,0.07545704300372943,0
3,3,1.4062947034835815,2.249448201656342,0.0,0.0653,66.3157894736842,0.059,-0.46972656415632086,0.0,0.08,0.0653,0.0653,0
3,1,2.665376901626587,2.249448201656342,0.169660530994956,0.13606517910314755,13.513513513513514,0.10192378809194017,0.169660530994956,0.169660530994956,0.21572842479596482,0.13606517910314755,0.13606517910314755,0
3,15,1.6247234344482422,2.249448201656342,0.0,0.0653,48.046875,0.059,-0.32534733361019175,0.0,0.08,0.0653,0.0653,0
3,17,1.549314022064209,2.249448201656342,0.0,0.0653,53.515625,0.059,-0.3728726738623959,0.0,0.08,0.0653,0.0653,0
3,12,1.3331222534179688,2.249448201656342,0.0,0.0653,71.484375,0.059,-0.5231611893923108,0.0,0.08,0.0653,0.0653,0
3,16,0.4435771703720093,2.249448201656342,0.0,0.0653,97.65625,0.059,-1.6235684136081143,0.0,0.08,0.0653,0.0653,0
3,11,1.3886908292770386,2.249448201656342,0.0,0.0653,60.546875,0.059,-0.4823234857926478,0.0,0.08,0.0653,0.0653,0
3,6,1.3429564237594604,2.249448201656342,0.0,0.0653,80.85106382978724,0.059,-0.515811469355559,0.0,0.08,0.0653,0.0653,0
3,4,1.5201611518859863,2.249448201656342,0.0,0.0653,61.53846153846154,0.059,-0.3918685900821843,0.0,0.08,0.0653,0.0653,0
3,7,1.353094458580017,2.249448201656342,0.0,0.0653,68.42105263157895,0.059,-0.5082907785582753,0.0,0.08,0.0653,0.0653,0
3,2,2.5402839183807373,2.249448201656342,0.12159091073385725,0.12587883235643066,2.459016393442623,0.10385287682900704,0.12159091073385725,0.12159091073385725,0.17727272858708581,0.12587883235643066,0.12587883235643066,0
3,9,1.242372751235962,2.249448201656342,0.0,0.0653,75.78125,0.059,-0.5936618785754577,0.0,0.08,0.0653,0.0653,0
3,5,2.7732605934143066,2.249448201656342,0.20933879421429985,0.15141725064740713,1.953125,0.11025134290853597,0.20933879421429985,0.20933879421429985,0.24747103537143988,0.15141725064740713,0.15141725064740713,0
3,14,1.2620744705200195,2.249448201656342,0.0,0.0653,76.5625,0.059,-0.5779281666541717,0.0,0.08,0.0653,0.0653,0
11,16,0.0789685770869255,1.3443105287410013,0.0,0.07915257425299999,97.65625,0.07878939179,-2.834586408425262,0.0,0.08,0.07915257425299999,0.07915257425299999,0
11,5,1.7940624952316284,1.3443105287410013,0.28860133327331283,0.27411041952809845,4.296875,0.25835157077500487,0.28860133327331283,0.28860133327331283,0.3108810666186503,0.27411041952809845,0.27411041952809845,0
11,6,0.3873765468597412,1.3443105287410013,0.0,0.07915257425299999,86.17021276595744,0.07878939179,-1.2442393149058768,0.0,0.08,0.07915257425299999,0.07915257425299999,0
11,17,0.38834285736083984,1.3443105287410013,0.0,0.07915257425299999,87.890625,0.07878939179,-1.2417479218306118,0.0,0.08,0.07915257425299999,0.07915257425299999,0
11,15,0.40140071511268616,1.3443105287410013,0.0,0.07915257425299999,89.84375,0.07878939179,-1.2086763071850075,0.0,0.08,0.07915257425299999,0.07915257425299999,0
11,8,0.19407682120800018,1.3443105287410013,0.0,0.07915257425299999,97.265625,0.07878939179,-1.9353824321887685,0.0,0.08,0.07915257425299999,0.07915257425299999,0
11,13,0.36451464891433716,1.3443105287410013,0.0,0.07915257425299999,91.875,0.07878939179,-1.305069782864432,0.0,0.08,0.07915257425299999,0.07915257425299999,0
11,2,0.9479069709777832,1.3443105287410013,0.0,0.08427288205162257,59.83606557377049,0.08610411721660369,-0.34938017389536546,0.0,0.08,0.08427288205162257,0.08427288205162257,0
11,12,0.37088698148727417,1.3443105287410013,0.0,0.07915257425299999,91.015625,0.07878939179,-1.287739138954456,0.0,0.08,0.07915257425299999,0.07915257425299999,0
11,0,0.4547549784183502,1.3443105287410013,0.0,0.07915257425299999,86.29441624365482,0.07878939179,-1.0838777630825984,0.0,0.08,0.07915257425299999,0.07915257425299999,0
11,4,0.5628495812416077,1.3443105287410013,0.0,0.07915257425299999,74.82517482517483,0.07878939179,-0.870624113433883,0.0,0.08,0.07915257425299999,0.07915257425299999,0
11,19,0.2848227620124817,1.3443105287410013,0.0,0.07915257425299999,97.265625,0.07878939179,-1.5517694157543702,0.0,0.08,0.07915257425299999,0.07915257425299999,0
11,11,0.34847718477249146,1.3443105287410013,0.0,0.07915257425299999,94.53125,0.07878939179,-1.3500637601878112,0.0,0.08,0.07915257425299999,0.07915257425299999,0
11,1,1.0663328170776367,1.3443105287410013,0.0,0.08642249943675906,45.945945945945944,0.08917499919537009,-0.23165577348650582,0.0,0.08,0.08642249943675906,0.08642249943675906,0
11,10,0.24159905314445496,1.3443105287410013,0.0,0.07915257425299999,93.13304721030043,0.07878939179,-1.7163569616649295,0.0,0.08,0.07915257425299999,0.07915257425299999,0
11,9,0.37840014696121216,1.3443105287410013,0.0,0.07915257425299999,90.625,0.07878939179,-1.2676842980247274,0.0,0.08,0.07915257425299999,0.07915257425299999,0
11,7,0.41796228289604187,1.3443105287410013,0.0,0.07915257425299999,86.3157894736842,0.07878939179,-1.1682453299316617,0.0,0.08,0.07915257425299999,0.07915257425299999,0
11,18,0.8758827447891235,1.3443105287410013,0.0,0.0796948156157693,69.921875,0.07956402230824186,-0.4284043095908398,0.0,0.08,0.0796948156157693,0.0796948156157693,0
4,0,1.228956937789917,2.1634121730327607,0.0,0.06971,69.03553299492386,0.0653,-0.5655208899332466,0.0,0.08,0.06971,0.06971,0
4,10,0.7405069470405579,2.1634121730327607,0.0,0.06971,81.54506437768241,0.0653,-1.0721069398871244,0.0,0.08,0.06971,0.06971,0
11,14,0.3154928386211395,1.3443105287410013,0.0,0.07915257425299999,88.28125,0.07878939179,-1.4495005350913186,0.0,0.08,0.07915257425299999,0.07915257425299999,0
11,3,0.3684653043746948,1.3443105287410013,0.0,0.07915257425299999,87.89473684210526,0.07878939179,-1.2942899693327974,0.0,0.08,0.07915257425299999,0.07915257425299999,0
4,19,1.0241063833236694,2.1634121730327607,0.0,0.06971,87.109375,0.0653,-0.7478662686765958,0.0,0.08,0.06971,0.06971,0
4,14,0.9108167886734009,2.1634121730327607,0.0,0.06971,80.078125,0.0653,-0.8651001907232206,0.0,0.08,0.06971,0.06971,0
4,12,0.9092927575111389,2.1634121730327607,0.0,0.06971,76.953125,0.0653,-0.8667748498171052,0.0,0.08,0.06971,0.06971,0
4,6,1.0854589939117432,2.1634121730327607,0.0,0.06971,80.85106382978724,0.0653,-0.689683747012825,0.0,0.08,0.06971,0.06971,0
4,9,0.9650139212608337,2.1634121730327607,0.0,0.06971,76.5625,0.0653,-0.8072994308344874,0.0,0.08,0.06971,0.06971,0
4,4,1.066635251045227,2.1634121730327607,0.0,0.06971,60.13986013986014,0.0653,-0.70717761169283,0.0,0.08,0.06971,0.06971,0
4,13,0.8554121255874634,2.1634121730327607,0.0,0.06971,81.875,0.0653,-0.9278585858844787,0.0,0.08,0.06971,0.06971,0
4,15,1.3201900720596313,2.1634121730327607,0.0,0.06971,60.15625,0.0653,-0.4939109618354778,0.0,0.08,0.06971,0.06971,0
4,1,2.1792824268341064,2.1634121730327607,0.007308975574403102,0.12099977951006002,8.108108108108109,0.13606517910314755,0.007308975574403102,0.007308975574403102,0.08584718045952248,0.12099977951006002,0.12099977951006002,0
4,8,0.6492710709571838,2.1634121730327607,0.0,0.06971,97.65625,0.0653,-1.2035916488863956,0.0,0.08,0.06971,0.06971,0
4,3,1.0693827867507935,2.1634121730327607,0.0,0.06971,71.05263157894737,0.0653,-0.7046050330474004,0.0,0.08,0.06971,0.06971,0
4,11,0.9636647701263428,2.1634121730327607,0.0,0.06971,74.21875,0.0653,-0.8086984729316343,0.0,0.08,0.06971,0.06971,0
4,18,2.001788854598999,2.1634121730327607,0.0,0.0768199301026106,17.1875,0.07545704300372943,-0.07764547653362093,0.0,0.08,0.0768199301026106,0.0768199301026106,0
4,7,1.068150520324707,2.1634121730327607,0.0,0.06971,80.0,0.0653,-0.7057580130238886,0.0,0.08,0.06971,0.06971,0
4,5,2.6501624584198,2.1634121730327607,0.20293425732962664,0.17869629721229538,0.78125,0.15141725064740713,0.20293425732962664,0.20293425732962664,0.24234740586370135,0.17869629721229538,0.17869629721229538,0
4,2,2.3498692512512207,2.1634121730327607,0.08267300347149294,0.13195670348265975,4.918032786885246,0.12587883235643066,0.08267300347149294,0.08267300347149294,0.14613840277719437,0.13195670348265975,0.13195670348265975,0
4,16,0.31159651279449463,2.1634121730327607,0.0,0.06971,99.21875,0.0653,-1.9377328138707648,0.0,0.08,0.06971,0.06971,0
4,17,1.2451472282409668,2.1634121730327607,0.0,0.06971,64.84375,0.0653,-0.5524329030554147,0.0,0.08,0.06971,0.06971,0
12,7,0.4326409697532654,1.2481683105579489,0.0,0.07940680197709998,93.6842105263158,0.07915257425299999,-1.059524174072474,0.0,0.08,0.07940680197709998,0.07940680197709998,0
12,0,0.4977329969406128,1.2481683105579489,0.0,0.07940680197709998,84.77157360406092,0.07915257425299999,-0.9193686094629836,0.0,0.08,0.07940680197709998,0.07940680197709998,0
12,16,0.12424211949110031,1.2481683105579489,0.0,0.07940680197709998,96.875,0.07915257425299999,-2.307200093242476,0.0,0.08,0.07940680197709998,0.07940680197709998,0
12,18,0.8156997561454773,1.2481683105579489,0.0,0.0797863709310385,71.875,0.0796948156157693,-0.4253860584622086,0.0,0.08,0.0797863709310385,0.0797863709310385,0
12,14,0.23309996724128723,1.2481683105579489,0.0,0.07940680197709998,91.40625,0.07915257425299999,-1.6779649636701448,0.0,0.08,0.07940680197709998,0.07940680197709998,0
12,10,0.22978191077709198,1.2481683105579489,0.0,0.07940680197709998,92.27467811158799,0.07915257425299999,-1.6923017234860904,0.0,0.08,0.07940680197709998,0.07940680197709998,0
12,17,0.5302066206932068,1.2481683105579489,0.0,0.07940680197709998,88.671875,0.07915257425299999,-0.8561656122775047,0.0,0.08,0.07940680197709998,0.07940680197709998,0
12,12,0.3078528642654419,1.2481683105579489,0.0,0.07940680197709998,88.28125,0.07915257425299999,-1.3998104241855522,0.0,0.08,0.07940680197709998,0.07940680197709998,0
12,11,0.241370290517807,1.2481683105579489,0.0,0.07940680197709998,91.015625,0.07915257425299999,-1.6431001411487762,0.0,0.08,0.07940680197709998,0.07940680197709998,0
12,3,0.34015682339668274,1.2481683105579489,0.0,0.07940680197709998,92.63157894736842,0.07915257425299999,-1.3000256261250114,0.0,0.08,0.07940680197709998,0.07940680197709998,0
12,15,0.43621402978897095,1.2481683105579489,0.0,0.07940680197709998,84.375,0.07915257425299999,-1.0512993722409627,0.0,0.08,0.07940680197709998,0.07940680197709998,0
12,9,0.3483937084674835,1.2481683105579489,0.0,0.07940680197709998,91.796875,0.07915257425299999,-1.2760991969181152,0.0,0.08,0.07940680197709998,0.07940680197709998,0
12,19,0.2860614061355591,1.2481683105579489,0.0,0.07940680197709998,95.703125,0.07915257425299999,-1.473225882578005,0.0,0.08,0.07940680197709998,0.07940680197709998,0
12,8,0.1533830612897873,1.2481683105579489,0.0,0.07940680197709998,96.875,0.07915257425299999,-2.096493885884133,0.0,0.08,0.07940680197709998,0.07940680197709998,0
12,4,0.6061127185821533,1.2481683105579489,0.0,0.07940680197709998,76.22377622377623,0.07915257425299999,-0.722366422544649,0.0,0.08,0.07940680197709998,0.07940680197709998,0
12,1,1.1657469272613525,1.2481683105579489,0.0,0.08449574960573134,59.45945945945946,0.08642249943675906,-0.0683151036607347,0.0,0.08,0.08449574960573134,0.08449574960573134,0
12,2,0.9037896394729614,1.2481683105579489,0.0,0.0829910174361358,71.31147540983606,0.08427288205162257,-0.32283576739700504,0.0,0.08,0.0829910174361358,0.0829910174361358,0
12,6,0.35230815410614014,1.2481683105579489,0.0,0.07940680197709998,81.91489361702128,0.07915257425299999,-1.2649261532651788,0.0,0.08,0.07940680197709998,0.07940680197709998,0
12,13,0.33656013011932373,1.2481683105579489,0.0,0.07940680197709998,90.0,0.07915257425299999,-1.3106555564667803,0.0,0.08,0.07940680197709998,0.07940680197709998,0
5,11,0.7501581907272339,2.0538102442979813,0.0,0.072797,80.078125,0.06971,-1.0071678890034608,0.0,0.08,0.072797,0.072797,0
12,5,1.583606481552124,1.2481683105579489,0.23802770238395712,0.2730039422418186,14.0625,0.27411041952809845,0.23802770238395712,0.23802770238395712,0.2704221619071657,0.2730039422418186,0.2730039422418186,0
5,17,0.9067535400390625,2.0538102442979813,0.0,0.072797,75.0,0.06971,-0.8175813143135214,0.0,0.08,0.072797,0.072797,0
5,7,0.6986037492752075,2.0538102442979813,0.0,0.072797,83.15789473684211,0.06971,-1.0783682940795656,0.0,0.08,0.072797,0.072797,0
5,14,0.7182549238204956,2.0538102442979813,0.0,0.072797,85.9375,0.06971,-1.0506274405329794,0.0,0.08,0.072797,0.072797,0
5,0,0.8868768215179443,2.0538102442979813,0.0,0.072797,76.14213197969544,0.06971,-0.8397458945445962,0.0,0.08,0.072797,0.072797,0
5,2,2.1102235317230225,2.0538102442979813,0.027097157209725987,0.12287301016819606,8.19672131147541,0.13195670348265975,0.027097157209725987,0.027097157209725987,0.1016777257677808,0.12287301016819606,0.12287301016819606,0
5,6,0.805296003818512,2.0538102442979813,0.0,0.072797,85.1063829787234,0.06971,-0.9362420787375852,0.0,0.08,0.072797,0.072797,0
5,16,0.2316359579563141,2.0538102442979813,0.0,0.072797,98.4375,0.06971,-2.1822849718959354,0.0,0.08,0.072797,0.072797,0
5,10,0.6120965480804443,2.0538102442979813,0.0,0.072797,89.69957081545064,0.06971,-1.210561962884818,0.0,0.08,0.072797,0.072797,0
5,3,0.8479302525520325,2.0538102442979813,0.0,0.072797,76.84210526315789,0.06971,-0.8846536127396389,0.0,0.08,0.072797,0.072797,0
5,9,0.7283530831336975,2.0538102442979813,0.0,0.072797,79.6875,0.06971,-1.0366660589390355,0.0,0.08,0.072797,0.072797,0
5,12,0.6743715405464172,2.0538102442979813,0.0,0.072797,87.5,0.06971,-1.1136707866317161,0.0,0.08,0.072797,0.072797,0
5,8,0.42509835958480835,2.0538102442979813,0.0,0.072797,95.3125,0.06971,-1.5751314076044933,0.0,0.08,0.072797,0.072797,0
5,18,1.8426084518432617,2.0538102442979813,0.0,0.07777395107182741,18.359375,0.0768199301026106,-0.10851451859031105,0.0,0.08,0.07777395107182741,0.07777395107182741,0
5,4,0.9411676526069641,2.0538102442979813,0.0,0.072797,72.72727272727273,0.06971,-0.7803307089514726,0.0,0.08,0.072797,0.072797,0
5,5,2.4143974781036377,2.0538102442979813,0.16175304003856275,0.18790813765786182,2.34375,0.17869629721229538,0.16175304003856275,0.16175304003856275,0.20940243203085018,0.18790813765786182,0.18790813765786182,0
5,13,0.7355508804321289,2.0538102442979813,0.0,0.072797,87.5,0.06971,-1.026832278331377,0.0,0.08,0.072797,0.072797,0
5,1,2.1991982460021973,2.0538102442979813,0.06839613624279524,0.12511491835531285,13.513513513513514,0.12099977951006002,0.06839613624279524,0.06839613624279524,0.1347169089942362,0.12511491835531285,0.12511491835531285,0
5,19,0.7848414778709412,2.0538102442979813,0.0,0.072797,87.890625,0.06971,-0.9619702364797866,0.0,0.08,0.072797,0.072797,0
5,15,0.9813031554222107,2.0538102442979813,0.0,0.072797,76.171875,0.06971,-0.7385705586424217,0.0,0.08,0.072797,0.072797,0
13,19,0.25029560923576355,1.158386572630835,0.0,0.07958476138396998,94.53125,0.07940680197709998,-1.5321407426606293,0.0,0.08,0.07958476138396998,0.07958476138396998,0
13,1,1.2741140127182007,1.158386572630835,0.09522289301533525,0.1060005190476924,62.16216216216216,0.08449574960573134,0.09522289301533525,0.09522289301533525,0.1561783144122682,0.1060005190476924,0.1060005190476924,0
13,13,0.3044528067111969,1.158386572630835,0.0,0.07958476138396998,93.125,0.07940680197709998,-1.336267317076673,0.0,0.08,0.07958476138396998,0.07958476138396998,0
13,11,0.22202450037002563,1.158386572630835,0.0,0.07958476138396998,91.796875,0.07940680197709998,-1.65199565604066,0.0,0.08,0.07958476138396998,0.07958476138396998,0
13,4,0.44909074902534485,1.158386572630835,0.0,0.07958476138396998,71.32867132867133,0.07940680197709998,-0.9475584356612633,0.0,0.08,0.07958476138396998,0.07958476138396998,0
13,7,0.33704885840415955,1.158386572630835,0.0,0.07958476138396998,94.73684210526316,0.07940680197709998,-1.2345555089499378,0.0,0.08,0.07958476138396998,0.07958476138396998,0
13,15,0.35252127051353455,1.158386572630835,0.0,0.07958476138396998,91.40625,0.07940680197709998,-1.1896724482094398,0.0,0.08,0.07958476138396998,0.07958476138396998,0
13,3,0.35126596689224243,1.158386572630835,0.0,0.07958476138396998,89.47368421052632,0.07940680197709998,-1.193239733462994,0.0,0.08,0.07958476138396998,0.07958476138396998,0
13,12,0.37739211320877075,1.158386572630835,0.0,0.07958476138396998,90.625,0.07940680197709998,-1.1214986773749969,0.0,0.08,0.07958476138396998,0.07958476138396998,0
13,16,0.09706287831068039,1.158386572630835,0.0,0.07958476138396998,99.21875,0.07940680197709998,-2.479424337364643,0.0,0.08,0.07958476138396998,0.07958476138396998,0
13,2,0.8338879942893982,1.158386572630835,0.0,0.08209371220529504,77.8688524590164,0.0829910174361358,-0.3286843329721151,0.0,0.08,0.08209371220529504,0.08209371220529504,0
13,6,0.273912638425827,1.158386572630835,0.0,0.07958476138396998,84.04255319148936,0.07940680197709998,-1.4419741846961975,0.0,0.08,0.07958476138396998,0.07958476138396998,0
13,10,0.3326069116592407,1.158386572630835,0.0,0.07958476138396998,94.84978540772532,0.07940680197709998,-1.247822061587031,0.0,0.08,0.07958476138396998,0.07958476138396998,0
13,0,0.39384666085243225,1.158386572630835,0.0,0.07958476138396998,85.78680203045685,0.07940680197709998,-1.0788217656083057,0.0,0.08,0.07958476138396998,0.07958476138396998,0
13,17,0.36306896805763245,1.158386572630835,0.0,0.07958476138396998,88.28125,0.07940680197709998,-1.1601906004804603,0.0,0.08,0.07958476138396998,0.07958476138396998,0
13,9,0.3420894145965576,1.158386572630835,0.0,0.07958476138396998,95.703125,0.07940680197709998,-1.2197112605783205,0.0,0.08,0.07958476138396998,0.07958476138396998,0
13,8,0.18778513371944427,1.158386572630835,0.0,0.07958476138396998,97.265625,0.07940680197709998,-1.819484982170887,0.0,0.08,0.07958476138396998,0.07958476138396998,0
13,14,0.260774165391922,1.158386572630835,0.0,0.07958476138396998,92.96875,0.07940680197709998,-1.4911286344775891,0.0,0.08,0.07958476138396998,0.07958476138396998,0
6,6,0.5918008089065552,1.927936093952656,0.0,0.0749579,88.29787234042553,0.072797,-1.1810352097971812,0.0,0.08,0.0749579,0.0749579,0
13,18,0.7125022411346436,1.158386572630835,0.0,0.07985045965172695,76.953125,0.0797863709310385,-0.4860003672656811,0.0,0.08,0.07985045965172695,0.07985045965172695,0
6,19,0.5951968431472778,1.927936093952656,0.0,0.0749579,94.53125,0.072797,-1.175313137063957,0.0,0.08,0.0749579,0.0749579,0
13,5,1.4744147062301636,1.158386572630835,0.24123294858041808,0.27299866722857336,14.453125,0.2730039422418186,0.24123294858041808,0.24123294858041808,0.2729863588643345,0.27299866722857336,0.27299866722857336,0
6,14,0.5620726943016052,1.927936093952656,0.0,0.0749579,89.0625,0.072797,-1.23257412490672,0.0,0.08,0.0749579,0.0749579,0
14,5,1.5057657957077026,1.0772156844421916,0.33492195827366,0.2954803370456798,12.890625,0.27299866722857336,0.33492195827366,0.33492195827366,0.34793756661892805,0.2954803370456798,0.2954803370456798,0
14,16,0.08134957402944565,1.0772156844421916,0.0,0.079709332968779,97.265625,0.07958476138396998,-2.5833792101877004,0.0,0.08,0.079709332968779,0.079709332968779,0
14,14,0.2032100260257721,1.0772156844421916,0.0,0.079709332968779,92.1875,0.07958476138396998,-1.6678948261201316,0.0,0.08,0.079709332968779,0.079709332968779,0
14,3,0.30288076400756836,1.0772156844421916,0.0,0.079709332968779,93.6842105263158,0.07958476138396998,-1.2687956875451813,0.0,0.08,0.079709332968779,0.079709332968779,0
14,4,0.5784629583358765,1.0772156844421916,0.0,0.079709332968779,74.12587412587412,0.07958476138396998,-0.6217603991589017,0.0,0.08,0.079709332968779,0.079709332968779,0
14,19,0.2139188051223755,1.0772156844421916,0.0,0.079709332968779,95.703125,0.07958476138396998,-1.616538356039075,0.0,0.08,0.079709332968779,0.079709332968779,0
14,0,0.3547029495239258,1.0772156844421916,0.0,0.079709332968779,86.29441624365482,0.07958476138396998,-1.1108542250125002,0.0,0.08,0.079709332968779,0.079709332968779,0
14,7,0.277372807264328,1.0772156844421916,0.0,0.079709332968779,90.52631578947368,0.07958476138396998,-1.356772418532478,0.0,0.08,0.079709332968779,0.079709332968779,0
14,13,0.26373058557510376,1.0772156844421916,0.0,0.079709332968779,93.125,0.07958476138396998,-1.4072068196908791,0.0,0.08,0.079709332968779,0.079709332968779,0
14,8,0.12110453844070435,1.0772156844421916,0.0,0.079709332968779,98.046875,0.07958476138396998,-2.1854807212634824,0.0,0.08,0.079709332968779,0.079709332968779,0
14,6,0.2899283468723297,1.0772156844421916,0.0,0.079709332968779,92.55319148936171,0.07958476138396998,-1.3125010833034465,0.0,0.08,0.079709332968779,0.079709332968779,0
14,17,0.4054703712463379,1.0772156844421916,0.0,0.079709332968779,86.328125,0.07958476138396998,-0.9770871021568031,0.0,0.08,0.079709332968779,0.079709332968779,0
14,18,0.7105463743209839,1.0772156844421916,0.0,0.07989532175620886,82.03125,0.07985045965172695,-0.4161007010343163,0.0,0.08,0.07989532175620886,0.07989532175620886,0
14,15,0.36906927824020386,1.0772156844421916,0.0,0.079709332968779,88.28125,0.07958476138396998,-1.0711505310733638,0.0,0.08,0.079709332968779,0.079709332968779,0
14,2,0.7741332054138184,1.0772156844421916,0.0,0.08146559854370652,71.31147540983606,0.08209371220529504,-0.33039095877768404,0.0,0.08,0.08146559854370652,0.08146559854370652,0
14,9,0.2663475275039673,1.0772156844421916,0.0,0.079709332968779,92.1875,0.07958476138396998,-1.3973329425141217,0.0,0.08,0.079709332968779,0.079709332968779,0
14,1,0.9289934039115906,1.0772156844421916,0.0,0.09820036333338467,64.86486486486487,0.1060005190476924,-0.1480332811452666,0.0,0.08,0.09820036333338467,0.09820036333338467,0
14,11,0.27373620867729187,1.0772156844421916,0.0,0.079709332968779,90.625,0.07958476138396998,-1.3699699933633098,0.0,0.08,0.079709332968779,0.079709332968779,0
14,12,0.32202306389808655,1.0772156844421916,0.0,0.079709332968779,92.96875,0.07958476138396998,-1.2075117294497455,0.0,0.08,0.079709332968779,0.079709332968779,0
14,10,0.16735140979290009,1.0772156844421916,0.0,0.079709332968779,93.13304721030043,0.07958476138396998,-1.862039018900971,0.0,0.08,0.079709332968779,0.079709332968779,0
15,15,0.3337983191013336,0.9991345715419674,0.0,0.0797965330781453,87.890625,0.079709332968779,-1.0963524803061888,0.0,0.08,0.0797965330781453,0.0797965330781453,0
15,6,0.2822480797767639,0.9991345715419674,0.0,0.0797965330781453,89.36170212765957,0.079709332968779,-1.264103050667893,0.0,0.08,0.0797965330781453,0.0797965330781453,0
15,17,0.3134997487068176,0.9991345715419674,0.0,0.0797965330781453,92.1875,0.079709332968779,-1.1590908954359027,0.0,0.08,0.0797965330781453,0.0797965330781453,0
15,0,0.34013983607292175,0.9991345715419674,0.0,0.0797965330781453,83.75634517766497,0.079709332968779,-1.0775326408095547,0.0,0.08,0.0797965330781453,0.0797965330781453,0
15,10,0.21771620213985443,0.9991345715419674,0.0,0.0797965330781453,94.84978540772532,0.079709332968779,-1.5236970502698228,0.0,0.08,0.0797965330781453,0.0797965330781453,0
15,12,0.31192129850387573,0.9991345715419674,0.0,0.0797965330781453,91.015625,0.079709332968779,-1.1641385461694969,0.0,0.08,0.0797965330781453,0.0797965330781453,0
15,13,0.40065234899520874,0.9991345715419674,0.0,0.0797965330781453,93.125,0.079709332968779,-0.9137953697064616,0.0,0.08,0.0797965330781453,0.0797965330781453,0
15,7,0.22740282118320465,0.9991345715419674,0.0,0.0797965330781453,87.36842105263158,0.079709332968779,-1.4801664543604574,0.0,0.08,0.0797965330781453,0.0797965330781453,0
15,4,0.46380892395973206,0.9991345715419674,0.0,0.0797965330781453,76.22377622377623,0.079709332968779,-0.7674167986710742,0.0,0.08,0.0797965330781453,0.0797965330781453,0
15,5,1.336911916732788,0.9991345715419674,0.2912282153013443,0.3007310076042985,22.265625,0.2954803370456798,0.2912282153013443,0.2912282153013443,0.31298257224107545,0.3007310076042985,0.3007310076042985,0
15,14,0.2063695639371872,0.9991345715419674,0.0,0.0797965330781453,92.578125,0.079709332968779,-1.5772208761873527,0.0,0.08,0.0797965330781453,0.0797965330781453,0
15,16,0.06395960599184036,0.9991345715419674,0.0,0.0797965330781453,99.21875,0.079709332968779,-2.7486376017655485,0.0,0.08,0.0797965330781453,0.0797965330781453,0
15,18,0.5066128969192505,0.9991345715419674,0.0,0.0799267252293462,84.375,0.07989532175620886,-0.6791422710552925,0.0,0.08,0.0799267252293462,0.0799267252293462,0
15,3,0.32237812876701355,0.9991345715419674,0.0,0.0797965330781453,91.05263157894737,0.079709332968779,-1.1311642852945611,0.0,0.08,0.0797965330781453,0.0797965330781453,0
15,1,0.60968416929245,0.9991345715419674,0.0,0.09274025433336927,62.16216216216216,0.09820036333338467,-0.49394840160388276,0.0,0.08,0.09274025433336927,0.09274025433336927,0
15,19,0.17709381878376007,0.9991345715419674,0.0,0.0797965330781453,96.09375,0.079709332968779,-1.7302097875932065,0.0,0.08,0.0797965330781453,0.0797965330781453,0
15,2,0.7791826725006104,0.9991345715419674,0.0,0.08102591898059457,83.60655737704919,0.08146559854370652,-0.24864395846888204,0.0,0.08,0.08102591898059457,0.08102591898059457,0
15,11,0.19349925220012665,0.9991345715419674,0.0,0.0797965330781453,91.796875,0.079709332968779,-1.6416157862900338,0.0,0.08,0.0797965330781453,0.0797965330781453,0
15,8,0.13995158672332764,0.9991345715419674,0.0,0.0797965330781453,99.21875,0.079709332968779,-1.9655928606956263,0.0,0.08,0.0797965330781453,0.0797965330781453,0
15,9,0.24848878383636475,0.9991345715419674,0.0,0.0797965330781453,91.40625,0.079709332968779,-1.3914917365393922,0.0,0.08,0.0797965330781453,0.0797965330781453,0
16,18,0.5561844110488892,0.9304921667483053,0.0,0.07994870766054234,83.59375,0.0799267252293462,-0.5146137366818202,0.0,0.08,0.07994870766054234,0.07994870766054234,0
16,3,0.34995290637016296,0.9304921667483053,0.0,0.07985757315470171,93.6842105263158,0.0797965330781453,-0.9779150476910398,0.0,0.08,0.07985757315470171,0.07985757315470171,0
16,11,0.17563948035240173,0.9304921667483053,0.0,0.07985757315470171,95.3125,0.0797965330781453,-1.667280124439466,0.0,0.08,0.07985757315470171,0.07985757315470171,0
16,12,0.38467490673065186,0.9304921667483053,0.0,0.07985757315470171,90.625,0.0797965330781453,-0.883315062991903,0.0,0.08,0.07985757315470171,0.07985757315470171,0
16,14,0.24639809131622314,0.9304921667483053,0.0,0.07985757315470171,96.875,0.0797965330781453,-1.3287651425360394,0.0,0.08,0.07985757315470171,0.07985757315470171,0
16,7,0.19913765788078308,0.9304921667483053,0.0,0.07985757315470171,92.63157894736842,0.0797965330781453,-1.5417172845303873,0.0,0.08,0.07985757315470171,0.07985757315470171,0
16,4,0.42229485511779785,0.9304921667483053,0.0,0.07985757315470171,76.92307692307692,0.0797965330781453,-0.7900098659258309,0.0,0.08,0.07985757315470171,0.07985757315470171,0
16,8,0.11370465904474258,0.9304921667483053,0.0,0.07985757315470171,97.265625,0.0797965330781453,-2.102109203957646,0.0,0.08,0.07985757315470171,0.07985757315470171,0
16,15,0.2895335555076599,0.9304921667483053,0.0,0.07985757315470171,88.671875,0.0797965330781453,-1.1674424351447519,0.0,0.08,0.07985757315470171,0.07985757315470171,0
16,2,0.6342658996582031,0.9304921667483053,0.0,0.08071814328641619,78.68852459016394,0.08102591898059457,-0.38324538609691733,0.0,0.08,0.08071814328641619,0.08071814328641619,0
16,13,0.33950138092041016,0.9304921667483053,0.0,0.07985757315470171,90.625,0.0797965330781453,-1.0082356245108754,0.0,0.08,0.07985757315470171,0.07985757315470171,0
16,0,0.4425656497478485,0.9304921667483053,0.0,0.07985757315470171,88.83248730964468,0.0797965330781453,-0.7431248314173864,0.0,0.08,0.07985757315470171,0.07985757315470171,0
16,9,0.19127582013607025,0.9304921667483053,0.0,0.07985757315470171,94.53125,0.0797965330781453,-1.5819971453466335,0.0,0.08,0.07985757315470171,0.07985757315470171,0
16,5,1.3737196922302246,0.9304921667483053,0.3895637822145868,0.3280070130545098,23.828125,0.3007310076042985,0.3895637822145868,0.3895637822145868,0.3916510257716695,0.3280070130545098,0.3280070130545098,0
16,19,0.261134535074234,0.9304921667483053,0.0,0.07985757315470171,96.875,0.0797965330781453,-1.2706778956008016,0.0,0.08,0.07985757315470171,0.07985757315470171,0
16,1,0.7815579771995544,0.9304921667483053,0.0,0.0889181780333585,72.97297297297297,0.09274025433336927,-0.1744243214882407,0.0,0.08,0.0889181780333585,0.0889181780333585,0
16,17,0.2936135232448578,0.9304921667483053,0.0,0.07985757315470171,91.015625,0.0797965330781453,-1.1534492786322763,0.0,0.08,0.07985757315470171,0.07985757315470171,0
16,16,0.09089764207601547,0.9304921667483053,0.0,0.07985757315470171,98.4375,0.0797965330781453,-2.3259794973655334,0.0,0.08,0.07985757315470171,0.07985757315470171,0
16,10,0.23381242156028748,0.9304921667483053,0.0,0.07985757315470171,94.4206008583691,0.0797965330781453,-1.3811944490721955,0.0,0.08,0.07985757315470171,0.07985757315470171,0
16,6,0.3305453658103943,0.9304921667483053,0.0,0.07985757315470171,89.36170212765957,0.0797965330781453,-1.034969724166975,0.0,0.08,0.07985757315470171,0.07985757315470171,0
17,16,0.08674460649490356,0.8686508945262374,0.0,0.0799003012082912,97.65625,0.07985757315470171,-2.303972964434835,0.0,0.08,0.0799003012082912,0.0799003012082912,0
17,13,0.2931651473045349,0.8686508945262374,0.0,0.0799003012082912,94.375,0.07985757315470171,-1.0862051966222526,0.0,0.08,0.0799003012082912,0.0799003012082912,0
17,18,0.5257575511932373,0.8686508945262374,0.0,0.07996409536237964,81.25,0.07994870766054234,-0.5021011274336077,0.0,0.08,0.07996409536237964,0.07996409536237964,0
17,15,0.21854309737682343,0.8686508945262374,0.0,0.0799003012082912,92.96875,0.07985757315470171,-1.3799580407977539,0.0,0.08,0.0799003012082912,0.0799003012082912,0
17,6,0.29700833559036255,0.8686508945262374,0.0,0.0799003012082912,93.61702127659575,0.07985757315470171,-1.073181085601746,0.0,0.08,0.0799003012082912,0.0799003012082912,0
17,10,0.17607815563678741,0.8686508945262374,0.0,0.0799003012082912,94.4206008583691,0.07985757315470171,-1.5960133042594655,0.0,0.08,0.0799003012082912,0.0799003012082912,0
17,9,0.21326346695423126,0.8686508945262374,0.0,0.0799003012082912,96.875,0.07985757315470171,-1.4044129413559816,0.0,0.08,0.0799003012082912,0.0799003012082912,0
17,14,0.19463157653808594,0.8686508945262374,0.0,0.0799003012082912,92.578125,0.07985757315470171,-1.4958328518594386,0.0,0.08,0.0799003012082912,0.0799003012082912,0
17,8,0.1077008992433548,0.8686508945262374,0.0,0.0799003012082912,99.609375,0.07985757315470171,-2.0875832971428205,0.0,0.08,0.0799003012082912,0.0799003012082912,0
17,4,0.3264591693878174,0.8686508945262374,0.0,0.0799003012082912,79.72027972027972,0.07985757315470171,-0.9786364075861692,0.0,0.08,0.0799003012082912,0.0799003012082912,0
17,12,0.253253310918808,0.8686508945262374,0.0,0.0799003012082912,89.84375,0.07985757315470171,-1.232551067394108,0.0,0.08,0.0799003012082912,0.0799003012082912,0
17,7,0.28826963901519775,0.8686508945262374,0.0,0.0799003012082912,90.52631578947368,0.07985757315470171,-1.1030450002397354,0.0,0.08,0.0799003012082912,0.0799003012082912,0
17,17,0.306342214345932,0.8686508945262374,0.0,0.0799003012082912,91.015625,0.07985757315470171,-1.0422384663939277,0.0,0.08,0.0799003012082912,0.0799003012082912,0
17,0,0.32777485251426697,0.8686508945262374,0.0,0.0799003012082912,92.89340101522842,0.07985757315470171,-0.9746143457066851,0.0,0.08,0.0799003012082912,0.0799003012082912,0
17,11,0.33194124698638916,0.8686508945262374,0.0,0.0799003012082912,93.75,0.07985757315470171,-0.9619833071671651,0.0,0.08,0.0799003012082912,0.0799003012082912,0
17,5,1.236617922782898,0.8686508945262374,0.3531941350631858,0.33837150155332146,38.671875,0.3280070130545098,0.3531941350631858,0.3531941350631858,0.3625553080505487,0.33837150155332146,0.33837150155332146,0
17,19,0.18454042077064514,0.8686508945262374,0.0,0.0799003012082912,96.484375,0.07985757315470171,-1.549072747198659,0.0,0.08,0.0799003012082912,0.0799003012082912,0
17,2,0.7176716327667236,0.8686508945262374,0.0,0.08050270030049134,81.14754098360656,0.08071814328641619,-0.19092918124782407,0.0,0.08,0.08050270030049134,0.08050270030049134,0
17,3,0.3556159436702728,0.8686508945262374,0.0,0.0799003012082912,93.6842105263158,0.07985757315470171,-0.8930899569174915,0.0,0.08,0.0799003012082912,0.0799003012082912,0
17,1,0.8281763792037964,0.8686508945262374,0.0,0.08624272462335095,59.45945945945946,0.0889181780333585,-0.04771516150364352,0.0,0.08,0.08624272462335095,0.08624272462335095,0
18,17,0.3025279641151428,0.8112944792183586,0.0,0.07993021084580383,90.625,0.0799003012082912,-0.9864573572365088,0.0,0.08,0.07993021084580383,0.07993021084580383,0
18,14,0.1741102635860443,0.8112944792183586,0.0,0.07993021084580383,93.75,0.0799003012082912,-1.538942252127936,0.0,0.08,0.07993021084580383,0.07993021084580383,0
18,1,0.5805947184562683,0.8112944792183586,0.0,0.08436990723634566,67.56756756756756,0.08624272462335095,-0.334578134772051,0.0,0.08,0.08436990723634566,0.08436990723634566,0
18,15,0.31571847200393677,0.8112944792183586,0.0,0.07993021084580383,92.578125,0.0799003012082912,-0.9437801700620808,0.0,0.08,0.07993021084580383,0.07993021084580383,0
18,6,0.26097697019577026,0.8112944792183586,0.0,0.07993021084580383,92.55319148936171,0.0799003012082912,-1.1341989018960807,0.0,0.08,0.07993021084580383,0.07993021084580383,0
18,10,0.18706975877285004,0.8112944792183586,0.0,0.07993021084580383,93.56223175965665,0.0799003012082912,-1.4671494645315033,0.0,0.08,0.07993021084580383,0.07993021084580383,0
18,2,0.5770403146743774,0.8112944792183586,0.0,0.08035189021034393,85.24590163934427,0.08050270030049134,-0.34071895599527174,0.0,0.08,0.08035189021034393,0.08035189021034393,0
18,9,0.17166352272033691,0.8112944792183586,0.0,0.07993021084580383,94.140625,0.0799003012082912,-1.553094751014474,0.0,0.08,0.07993021084580383,0.07993021084580383,0
18,12,0.31212612986564636,0.8112944792183586,0.0,0.07993021084580383,95.703125,0.0799003012082912,-0.9552237062997402,0.0,0.08,0.07993021084580383,0.07993021084580383,0
18,3,0.2527448236942291,0.8112944792183586,0.0,0.07993021084580383,95.26315789473684,0.0799003012082912,-1.1662506895326623,0.0,0.08,0.07993021084580383,0.07993021084580383,0
18,16,0.06823602318763733,0.8112944792183586,0.0,0.07993021084580383,99.21875,0.0799003012082912,-2.4756583356617496,0.0,0.08,0.07993021084580383,0.07993021084580383,0
18,11,0.20292438566684723,0.8112944792183586,0.0,0.07993021084580383,96.09375,0.0799003012082912,-1.3857976323135075,0.0,0.08,0.07993021084580383,0.07993021084580383,0
18,7,0.22566436231136322,0.8112944792183586,0.0,0.07993021084580383,92.63157894736842,0.0799003012082912,-1.2795822896631468,0.0,0.08,0.07993021084580383,0.07993021084580383,0
18,4,0.41169068217277527,0.8112944792183586,0.0,0.07993021084580383,81.11888111888112,0.0799003012082912,-0.6783587866011213,0.0,0.08,0.07993021084580383,0.07993021084580383,0
18,18,0.40459030866622925,0.8112944792183586,0.0,0.07997486675366575,83.203125,0.07996409536237964,-0.6957561105586384,0.0,0.08,0.07997486675366575,0.07997486675366575,0
18,13,0.25242912769317627,0.8112944792183586,0.0,0.07993021084580383,93.75,0.0799003012082912,-1.1675005403168675,0.0,0.08,0.07993021084580383,0.07993021084580383,0
18,19,0.17316938936710358,0.8112944792183586,0.0,0.07993021084580383,95.703125,0.0799003012082912,-1.5443608043455177,0.0,0.08,0.07993021084580383,0.07993021084580383,0
18,8,0.13551169633865356,0.8112944792183586,0.0,0.07993021084580383,97.65625,0.0799003012082912,-1.7895730766141809,0.0,0.08,0.07993021084580383,0.07993021084580383,0
18,5,1.2478350400924683,0.8112944792183586,0.4305342619482775,0.3641882739549116,39.453125,0.33837150155332146,0.4305342619482775,0.4305342619482775,0.424427409558622,0.3641882739549116,0.3641882739549116,0
18,0,0.27730053663253784,0.8112944792183586,0.0,0.07993021084580383,88.3248730964467,0.0799003012082912,-1.073529182957914,0.0,0.08,0.07993021084580383,0.07993021084580383,0
19,5,1.237091064453125,0.7558511209910227,0.4926735548371828,0.397173444929362,40.234375,0.3641882739549116,0.4926735548371828,0.4926735548371828,0.47413884386974625,0.397173444929362,0.397173444929362,0
19,2,0.43414926528930664,0.7558511209910227,0.0,0.08024632314724076,82.78688524590164,0.08035189021034393,-0.554456012868469,0.0,0.08,0.08024632314724076,0.08024632314724076,0
19,8,0.13533170521259308,0.7558511209910227,0.0,0.07995114759206268,98.4375,0.07993021084580383,-1.7201155258054084,0.0,0.08,0.07995114759206268,0.07995114759206268,0
19,0,0.3229644000530243,0.7558511209910227,0.0,0.07995114759206268,89.34010152284264,0.07993021084580383,-0.8503023085529309,0.0,0.08,0.07995114759206268,0.07995114759206268,0
19,12,0.20581236481666565,0.7558511209910227,0.0,0.07995114759206268,91.796875,0.07993021084580383,-1.3008794882136643,0.0,0.08,0.07995114759206268,0.07995114759206268,0
19,3,0.330481618642807,0.7558511209910227,0.0,0.07995114759206268,88.94736842105263,0.07993021084580383,-0.8272933689209221,0.0,0.08,0.07995114759206268,0.07995114759206268,0
19,1,0.7506420016288757,0.7558511209910227,0.0,0.08305893506544196,70.27027027027027,0.08436990723634566,-0.006915584247154364,0.0,0.08,0.08305893506544196,0.08305893506544196,0
19,9,0.17029571533203125,0.7558511209910227,0.0,0.07995114759206268,96.09375,0.07993021084580383,-1.4903079535668962,0.0,0.08,0.07995114759206268,0.07995114759206268,0
19,7,0.2617507874965668,0.7558511209910227,0.0,0.07995114759206268,91.57894736842105,0.07993021084580383,-1.0604515435770865,0.0,0.08,0.07995114759206268,0.07995114759206268,0
19,19,0.18337054550647736,0.7558511209910227,0.0,0.07995114759206268,96.875,0.07993021084580383,-1.4163354411244273,0.0,0.08,0.07995114759206268,0.07995114759206268,0
19,17,0.2526540458202362,0.7558511209910227,0.0,0.07995114759206268,91.796875,0.07993021084580383,-1.0958232553833942,0.0,0.08,0.07995114759206268,0.07995114759206268,0
19,4,0.3772149085998535,0.7558511209910227,0.0,0.07995114759206268,81.11888111888112,0.07993021084580383,-0.6950293392321805,0.0,0.08,0.07995114759206268,0.07995114759206268,0
19,10,0.18658366799354553,0.7558511209910227,0.0,0.07995114759206268,94.84978540772532,0.07993021084580383,-1.3989646260826634,0.0,0.08,0.07995114759206268,0.07995114759206268,0
19,15,0.3095247447490692,0.7558511209910227,0.0,0.07995114759206268,88.671875,0.07993021084580383,-0.8928063681500291,0.0,0.08,0.07995114759206268,0.07995114759206268,0
19,11,0.24315288662910461,0.7558511209910227,0.0,0.07995114759206268,91.796875,0.07993021084580383,-1.1341539904008002,0.0,0.08,0.07995114759206268,0.07995114759206268,0
19,6,0.2931244671344757,0.7558511209910227,0.0,0.07995114759206268,94.68085106382979,0.07993021084580383,-0.9472470846743867,0.0,0.08,0.07995114759206268,0.07995114759206268,0
19,13,0.2969556748867035,0.7558511209910227,0.0,0.07995114759206268,94.375,0.07993021084580383,-0.9342615215761263,0.0,0.08,0.07995114759206268,0.07995114759206268,0
19,18,0.4444669783115387,0.7558511209910227,0.0,0.07998240672756601,82.421875,0.07997486675366575,-0.5309686549299899,0.0,0.08,0.07998240672756601,0.07998240672756601,0
19,16,0.05958545580506325,0.7558511209910227,0.0,0.07995114759206268,98.046875,0.07993021084580383,-2.5404327581094597,0.0,0.08,0.07995114759206268,0.07995114759206268,0
19,14,0.1638747751712799,0.7558511209910227,0.0,0.07995114759206268,94.140625,0.07993021084580383,-1.5287418089577571,0.0,0.08,0.07995114759206268,0.07995114759206268,0
20,9,0.16124211251735687,0.7080097716234726,0.0,0.07996580331444386,93.75,0.07995114759206268,-1.4795508075736286,0.0,0.08,0.07996580331444386,0.07996580331444386,0
20,19,0.1699179708957672,0.7080097716234726,0.0,0.07996580331444386,97.265625,0.07995114759206268,-1.4271420541432394,0.0,0.08,0.07996580331444386,0.07996580331444386,0
20,16,0.05095374584197998,0.7080097716234726,0.0,0.07996580331444386,98.4375,0.07995114759206268,-2.6315394362676114,0.0,0.08,0.07996580331444386,0.07996580331444386,0
20,0,0.2804570198059082,0.7080097716234726,0.0,0.07996580331444386,90.86294416243655,0.07995114759206268,-0.9260373876456849,0.0,0.08,0.07996580331444386,0.07996580331444386,0
20,2,0.4849768877029419,0.7080097716234726,0.0,0.08017242620306853,80.32786885245902,0.08024632314724076,-0.3783566532498588,0.0,0.08,0.08017242620306853,0.08017242620306853,0
20,17,0.2042972296476364,0.7080097716234726,0.0,0.07996580331444386,92.578125,0.07995114759206268,-1.242881918987869,0.0,0.08,0.07996580331444386,0.07996580331444386,0
20,18,0.410131573677063,0.7080097716234726,0.0,0.07998768470929621,85.9375,0.07998240672756601,-0.5459798654434531,0.0,0.08,0.07998768470929621,0.07998768470929621,0
20,12,0.23010370135307312,0.7080097716234726,0.0,0.07996580331444386,90.625,0.07995114759206268,-1.1239277832344319,0.0,0.08,0.07996580331444386,0.07996580331444386,0
20,15,0.29898005723953247,0.7080097716234726,0.0,0.07996580331444386,89.84375,0.07995114759206268,-0.8620810030328785,0.0,0.08,0.07996580331444386,0.07996580331444386,0
20,6,0.1350994110107422,0.7080097716234726,0.0,0.07996580331444386,89.36170212765957,0.07995114759206268,-1.6564469501284473,0.0,0.08,0.07996580331444386,0.07996580331444386,0
20,7,0.23396658897399902,0.7080097716234726,0.0,0.07996580331444386,93.6842105263158,0.07995114759206268,-1.107279543708539,0.0,0.08,0.07996580331444386,0.07996580331444386,0
20,11,0.18482448160648346,0.7080097716234726,0.0,0.07996580331444386,93.75,0.07995114759206268,-1.3430512286863159,0.0,0.08,0.07996580331444386,0.07996580331444386,0
20,14,0.18276959657669067,0.7080097716234726,0.0,0.07996580331444386,96.484375,0.07995114759206268,-1.3542315302461623,0.0,0.08,0.07996580331444386,0.07996580331444386,0
20,3,0.22987517714500427,0.7080097716234726,0.0,0.07996580331444386,95.78947368421052,0.07995114759206268,-1.1249214124101041,0.0,0.08,0.07996580331444386,0.07996580331444386,0
20,10,0.12465259432792664,0.7080097716234726,0.0,0.07996580331444386,96.13733905579399,0.07995114759206268,-1.7369272065751749,0.0,0.08,0.07996580331444386,0.07996580331444386,0
20,8,0.1482778638601303,0.7080097716234726,0.0,0.07996580331444386,97.65625,0.07995114759206268,-1.5633698699536054,0.0,0.08,0.07996580331444386,0.07996580331444386,0
20,4,0.3594822287559509,0.7080097716234726,0.0,0.07996580331444386,87.41258741258741,0.07995114759206268,-0.6777931389176771,0.0,0.08,0.07996580331444386,0.07996580331444386,0
20,1,0.604944109916687,0.7080097716234726,0.0,0.08214125454580937,75.67567567567568,0.08305893506544196,-0.1573218194596697,0.0,0.08,0.08214125454580937,0.08214125454580937,0
20,13,0.20696976780891418,0.7080097716234726,0.0,0.07996580331444386,93.125,0.07995114759206268,-1.2298851277675673,0.0,0.08,0.07996580331444386,0.07996580331444386,0
20,5,1.0917201042175293,0.7080097716234726,0.43305190834069324,0.40595386945231976,48.4375,0.397173444929362,0.43305190834069324,0.43305190834069324,0.42644152667255464,0.40595386945231976,0.40595386945231976,0
21,0,0.41923847794532776,0.6590510417088212,0.0,0.0799760623201107,92.38578680203045,0.07996580331444386,-0.45236105831342366,0.0,0.08,0.0799760623201107,0.0799760623201107,0
21,17,0.22551102936267853,0.6590510417088212,0.0,0.0799760623201107,92.96875,0.07996580331444386,-1.072431887162782,0.0,0.08,0.0799760623201107,0.0799760623201107,0
21,10,0.160676971077919,0.6590510417088212,0.0,0.0799760623201107,96.56652360515021,0.07996580331444386,-1.4114049790500707,0.0,0.08,0.0799760623201107,0.0799760623201107,0
21,6,0.17139850556850433,0.6590510417088212,0.0,0.0799760623201107,94.68085106382979,0.07996580331444386,-1.34680965445338,0.0,0.08,0.0799760623201107,0.0799760623201107,0
21,11,0.2082339972257614,0.6590510417088212,0.0,0.0799760623201107,94.140625,0.07996580331444386,-1.152138517889167,0.0,0.08,0.0799760623201107,0.0799760623201107,0
21,18,0.3920581042766571,0.6590510417088212,0.0,0.07999137929650735,82.421875,0.07998768470929621,-0.5193909204442227,0.0,0.08,0.07999137929650735,0.07999137929650735,0
21,12,0.20006674528121948,0.6590510417088212,0.0,0.0799760623201107,95.3125,0.07996580331444386,-1.192149912689212,0.0,0.08,0.0799760623201107,0.0799760623201107,0
21,19,0.12348522990942001,0.6590510417088212,0.0,0.0799760623201107,96.875,0.07996580331444386,-1.6746793659303185,0.0,0.08,0.0799760623201107,0.0799760623201107,0
21,14,0.2022297978401184,0.6590510417088212,0.0,0.0799760623201107,94.921875,0.07996580331444386,-1.1813962866240142,0.0,0.08,0.0799760623201107,0.0799760623201107,0
21,2,0.5003967881202698,0.6590510417088212,0.0,0.08012069834214797,90.98360655737704,0.08017242620306853,-0.2753996200206566,0.0,0.08,0.08012069834214797,0.08012069834214797,0
21,9,0.13341231644153595,0.6590510417088212,0.0,0.0799760623201107,96.484375,0.07996580331444386,-1.5973564686292177,0.0,0.08,0.0799760623201107,0.0799760623201107,0
21,3,0.22908714413642883,0.6590510417088212,0.0,0.0799760623201107,93.15789473684211,0.07996580331444386,-1.056698483053942,0.0,0.08,0.0799760623201107,0.0799760623201107,0
21,7,0.14101047813892365,0.6590510417088212,0.0,0.0799760623201107,89.47368421052632,0.07996580331444386,-1.5419667283765777,0.0,0.08,0.0799760623201107,0.0799760623201107,0
21,1,0.41705605387687683,0.6590510417088212,0.0,0.08149887818206655,72.97297297297297,0.08214125454580937,-0.45758034144270554,0.0,0.08,0.08149887818206655,0.08149887818206655,0
21,13,0.2633560597896576,0.6590510417088212,0.0,0.0799760623201107,94.375,0.07996580331444386,-0.91729400591322,0.0,0.08,0.0799760623201107,0.0799760623201107,0
21,8,0.07357527315616608,0.6590510417088212,0.0,0.0799760623201107,96.484375,0.07996580331444386,-2.1924918573024974,0.0,0.08,0.0799760623201107,0.0799760623201107,0
21,5,1.107262134552002,0.6590510417088212,0.5188447110020998,0.4326904392571278,40.625,0.40595386945231976,0.5188447110020998,0.5188447110020998,0.4950757688016799,0.4326904392571278,0.4326904392571278,0
21,16,0.05569321662187576,0.6590510417088212,0.0,0.0799760623201107,98.828125,0.07996580331444386,-2.4709424650477856,0.0,0.08,0.0799760623201107,0.0799760623201107,0
21,15,0.2579857409000397,0.6590510417088212,0.0,0.0799760623201107,91.015625,0.07996580331444386,-0.937896645625571,0.0,0.08,0.0799760623201107,0.0799760623201107,0
21,4,0.3963332772254944,0.6590510417088212,0.0,0.0799760623201107,86.7132867132867,0.07996580331444386,-0.5085455082657389,0.0,0.08,0.0799760623201107,0.0799760623201107,0
22,16,0.05875536426901817,0.614833188867361,0.0,0.0799832436240775,98.046875,0.0799760623201107,-2.347968383905502,0.0,0.08,0.0799832436240775,0.0799832436240775,0
22,19,0.17799223959445953,0.614833188867361,0.0,0.0799832436240775,97.265625,0.0799760623201107,-1.2396110019255082,0.0,0.08,0.0799832436240775,0.0799832436240775,0
22,13,0.1355452984571457,0.614833188867361,0.0,0.0799832436240775,92.5,0.0799760623201107,-1.5120450454806338,0.0,0.08,0.0799832436240775,0.0799832436240775,0
22,2,0.402700275182724,0.614833188867361,0.0,0.08008448883950357,86.88524590163935,0.08012069834214797,-0.4231584336316947,0.0,0.08,0.08008448883950357,0.08008448883950357,0
22,0,0.2368108034133911,0.614833188867361,0.0,0.0799832436240775,90.35532994923858,0.0799760623201107,-0.9540894429457265,0.0,0.08,0.0799832436240775,0.0799832436240775,0
22,12,0.24034227430820465,0.614833188867361,0.0,0.0799832436240775,95.703125,0.0799760623201107,-0.93928691774132,0.0,0.08,0.0799832436240775,0.0799832436240775,0
22,7,0.19921158254146576,0.614833188867361,0.0,0.0799832436240775,97.89473684210526,0.0799760623201107,-1.1269834707189783,0.0,0.08,0.0799832436240775,0.0799832436240775,0
22,3,0.3309621810913086,0.614833188867361,0.0,0.0799832436240775,94.73684210526316,0.0799760623201107,-0.619346867122975,0.0,0.08,0.0799832436240775,0.0799832436240775,0
22,18,0.47453588247299194,0.614833188867361,0.0,0.07999396550755514,85.9375,0.07999137929650735,-0.25901375175129765,0.0,0.08,0.07999396550755514,0.07999396550755514,0
22,11,0.13526813685894012,0.614833188867361,0.0,0.0799832436240775,92.96875,0.0799760623201107,-1.5140919282298784,0.0,0.08,0.0799832436240775,0.0799832436240775,0
22,6,0.23943215608596802,0.614833188867361,0.0,0.0799832436240775,96.80851063829788,0.0799760623201107,-0.9430808643059099,0.0,0.08,0.0799832436240775,0.0799832436240775,0
22,4,0.2688882052898407,0.614833188867361,0.0,0.0799832436240775,86.7132867132867,0.0799760623201107,-0.8270552729745225,0.0,0.08,0.0799832436240775,0.0799832436240775,0
22,1,0.4545387029647827,0.614833188867361,0.0,0.08104921472744658,72.97297297297297,0.08149887818206655,-0.30206792263506893,0.0,0.08,0.08104921472744658,0.08104921472744658,0
22,15,0.27019092440605164,0.614833188867361,0.0,0.0799832436240775,92.96875,0.0799760623201107,-0.8222221361232117,0.0,0.08,0.0799832436240775,0.0799832436240775,0
22,5,0.9624984264373779,0.614833188867361,0.44818143201450333,0.43444685116347026,52.734375,0.4326904392571278,0.44818143201450333,0.44818143201450333,0.4385451456116027,0.43444685116347026,0.43444685116347026,0
22,9,0.18004129827022552,0.614833188867361,0.0,0.0799832436240775,94.921875,0.0799760623201107,-1.2281646947140097,0.0,0.08,0.0799832436240775,0.0799832436240775,0
22,10,0.19691304862499237,0.614833188867361,0.0,0.0799832436240775,95.70815450643777,0.0799760623201107,-1.138588705117494,0.0,0.08,0.0799832436240775,0.0799832436240775,0
22,14,0.18889054656028748,0.614833188867361,0.0,0.0799832436240775,96.875,0.0799760623201107,-1.1801832281477755,0.0,0.08,0.0799832436240775,0.0799832436240775,0
22,17,0.2397700697183609,0.614833188867361,0.0,0.0799832436240775,94.140625,0.0799760623201107,-0.9416705466733838,0.0,0.08,0.0799832436240775,0.0799832436240775,0
22,8,0.07447732985019684,0.614833188867361,0.0,0.0799832436240775,97.265625,0.0799760623201107,-2.110856093631536,0.0,0.08,0.0799832436240775,0.0799832436240775,0
23,19,0.10032263398170471,0.577162017955593,0.0,0.07998827053685424,96.875,0.0799832436240775,-1.749731606086135,0.0,0.08,0.07998827053685424,0.07998827053685424,0
23,5,1.099409580230713,0.577162017955593,0.6444055404351936,0.48277012551887566,50.390625,0.43444685116347026,0.6444055404351936,0.6444055404351936,0.5955244323481549,0.48277012551887566,0.48277012551887566,0
23,13,0.2930905222892761,0.577162017955593,0.0,0.07998827053685424,96.25,0.0799832436240775,-0.6776414928891487,0.0,0.08,0.07998827053685424,0.07998827053685424,0
23,2,0.4367803931236267,0.577162017955593,0.0,0.0800591421876525,85.24590163934427,0.08008448883950357,-0.2786924793224233,0.0,0.08,0.0800591421876525,0.0800591421876525,0
23,3,0.26636040210723877,0.577162017955593,0.0,0.07998827053685424,94.73684210526316,0.0799832436240775,-0.7732727136803299,0.0,0.08,0.07998827053685424,0.07998827053685424,0
23,9,0.19874459505081177,0.577162017955593,0.0,0.07998827053685424,96.484375,0.0799832436240775,-1.0661024293353647,0.0,0.08,0.07998827053685424,0.07998827053685424,0
23,4,0.30949667096138,0.577162017955593,0.0,0.07998827053685424,88.81118881118881,0.0799832436240775,-0.6231756699085716,0.0,0.08,0.07998827053685424,0.07998827053685424,0
23,0,0.2159353494644165,0.577162017955593,0.0,0.07998827053685424,93.90862944162437,0.0799832436240775,-0.9831439369453361,0.0,0.08,0.07998827053685424,0.07998827053685424,0
23,14,0.13895414769649506,0.577162017955593,0.0,0.07998827053685424,95.703125,0.0799832436240775,-1.4239789601131327,0.0,0.08,0.07998827053685424,0.07998827053685424,0
23,16,0.05450977757573128,0.577162017955593,0.0,0.07998827053685424,99.21875,0.0799832436240775,-2.3597427640123247,0.0,0.08,0.07998827053685424,0.07998827053685424,0
23,6,0.20713591575622559,0.577162017955593,0.0,0.07998827053685424,93.61702127659575,0.0799832436240775,-1.0247478141700097,0.0,0.08,0.07998827053685424,0.07998827053685424,0
23,1,0.6052026748657227,0.577162017955593,0.04744038012942999,0.09212014154027581,86.48648648648648,0.08104921472744658,0.04744038012942999,0.04744038012942999,0.117952304103544,0.09212014154027581,0.09212014154027581,0
23,18,0.4183456003665924,0.577162017955593,0.0,0.0799957758552886,91.796875,0.07999396550755514,-0.3218151281459509,0.0,0.08,0.0799957758552886,0.0799957758552886,0
23,10,0.15870830416679382,0.577162017955593,0.0,0.07998827053685424,91.41630901287553,0.0799832436240775,-1.291055022738112,0.0,0.08,0.07998827053685424,0.07998827053685424,0
23,8,0.1351384073495865,0.577162017955593,0.0,0.07998827053685424,99.21875,0.0799832436240775,-1.4518234712389637,0.0,0.08,0.07998827053685424,0.07998827053685424,0
23,17,0.20032505691051483,0.577162017955593,0.0,0.07998827053685424,92.578125,0.0799832436240775,-1.058181656429072,0.0,0.08,0.07998827053685424,0.07998827053685424,0
23,11,0.18163825571537018,0.577162017955593,0.0,0.07998827053685424,93.75,0.0799832436240775,-1.156105879841218,0.0,0.08,0.07998827053685424,0.07998827053685424,0
23,15,0.20853684842586517,0.577162017955593,0.0,0.07998827053685424,92.96875,0.0799832436240775,-1.0180072334667363,0.0,0.08,0.07998827053685424,0.07998827053685424,0
23,7,0.11715484410524368,0.577162017955593,0.0,0.07998827053685424,96.84210526315789,0.0799832436240775,-1.5946264390502924,0.0,0.08,0.07998827053685424,0.07998827053685424,0
23,12,0.23219548165798187,0.577162017955593,0.0,0.07998827053685424,93.359375,0.0799832436240775,-0.9105433847986213,0.0,0.08,0.07998827053685424,0.07998827053685424,0
24,4,0.33704090118408203,0.5402294543691383,0.0,0.07999178937579796,88.81118881118881,0.07998827053685424,-0.4717896621598018,0.0,0.08,0.07999178937579796,0.07999178937579796,0
24,14,0.23051941394805908,0.5402294543691383,0.0,0.07999178937579796,95.3125,0.07998827053685424,-0.8516588556749238,0.0,0.08,0.07999178937579796,0.07999178937579796,0
24,0,0.24780021607875824,0.5402294543691383,0.0,0.07999178937579796,90.35532994923858,0.07998827053685424,-0.779371101778069,0.0,0.08,0.07999178937579796,0.07999178937579796,0
24,11,0.1656608134508133,0.5402294543691383,0.0,0.07999178937579796,94.53125,0.07998827053685424,-1.1820515174305106,0.0,0.08,0.07999178937579796,0.07999178937579796,0
24,2,0.44923046231269836,0.5402294543691383,0.0,0.08004139953135675,91.80327868852459,0.0800591421876525,-0.1844579259035949,0.0,0.08,0.08004139953135675,0.08004139953135675,0
24,3,0.1821749210357666,0.5402294543691383,0.0,0.07999178937579796,96.3157894736842,0.07998827053685424,-1.0870265983204368,0.0,0.08,0.07999178937579796,0.07999178937579796,0
24,5,1.007795810699463,0.5402294543691383,0.6235268859672534,0.5115855404953538,52.34375,0.48277012551887566,0.6235268859672534,0.6235268859672534,0.5788215087738027,0.5115855404953538,0.5115855404953538,0
24,16,0.0523320697247982,0.5402294543691383,0.0,0.07999178937579796,99.21875,0.07998827053685424,-2.3343844212262814,0.0,0.08,0.07999178937579796,0.07999178937579796,0
24,15,0.18588140606880188,0.5402294543691383,0.0,0.07999178937579796,92.1875,0.07998827053685424,-1.0668850609405043,0.0,0.08,0.07999178937579796,0.07999178937579796,0
24,8,0.09208492934703827,0.5402294543691383,0.0,0.07999178937579796,97.65625,0.07998827053685424,-1.7692825784317756,0.0,0.08,0.07999178937579796,0.07999178937579796,0
24,10,0.1163308247923851,0.5402294543691383,0.0,0.07999178937579796,96.56652360515021,0.07998827053685424,-1.5355558274420322,0.0,0.08,0.07999178937579796,0.07999178937579796,0
24,6,0.1969960629940033,0.5402294543691383,0.0,0.07999178937579796,91.48936170212765,0.07998827053685424,-1.0088101888176415,0.0,0.08,0.07999178937579796,0.07999178937579796,0
24,12,0.22226582467556,0.5402294543691383,0.0,0.07999178937579796,95.3125,0.07998827053685424,-0.8881198643261663,0.0,0.08,0.07999178937579796,0.07999178937579796,0
24,7,0.0872802659869194,0.5402294543691383,0.0,0.07999178937579796,95.78947368421052,0.07998827053685424,-1.822869479709925,0.0,0.08,0.07999178937579796,0.07999178937579796,0
24,19,0.14134567975997925,0.5402294543691383,0.0,0.07999178937579796,97.265625,0.07998827053685424,-1.3407853930270464,0.0,0.08,0.07999178937579796,0.07999178937579796,0
24,13,0.18114814162254333,0.5402294543691383,0.0,0.07999178937579796,92.5,0.07998827053685424,-1.0926787696014693,0.0,0.08,0.07999178937579796,0.07999178937579796,0
24,17,0.23499219119548798,0.5402294543691383,0.0,0.07999178937579796,94.921875,0.07998827053685424,-0.8324416561250526,0.0,0.08,0.07999178937579796,0.07999178937579796,0
24,1,0.7384812831878662,0.5402294543691383,0.31260178751213435,0.16350852808110533,81.08108108108108,0.09212014154027581,0.31260178751213435,0.31260178751213435,0.3300814300097075,0.16350852808110533,0.16350852808110533,0
24,9,0.13496869802474976,0.5402294543691383,0.0,0.07999178937579796,96.09375,0.07998827053685424,-1.386951024155196,0.0,0.08,0.07999178937579796,0.07999178937579796,0
24,18,0.32630977034568787,0.5402294543691383,0.0,0.07999704309870201,90.625,0.0799957758552886,-0.5041468066888353,0.0,0.08,0.07999704309870201,0.07999704309870201,0
25,15,0.16647189855575562,0.5053503823853647,0.0,0.07999425256305856,88.671875,0.07999178937579796,-1.1104254571796794,0.0,0.08,0.07999425256305856,0.07999425256305856,0
25,6,0.19025640189647675,0.5053503823853647,0.0,0.07999425256305856,88.29787234042553,0.07999178937579796,-0.9768793363308748,0.0,0.08,0.07999425256305856,0.07999425256305856,0
25,8,0.054823148995637894,0.5053503823853647,0.0,0.07999425256305856,95.3125,0.07999178937579796,-2.2211393208937347,0.0,0.08,0.07999425256305856,0.07999425256305856,0
25,12,0.14509181678295135,0.5053503823853647,0.0,0.07999425256305856,93.75,0.07999178937579796,-1.2478852048464153,0.0,0.08,0.07999425256305856,0.07999425256305856,0
25,16,0.03940671309828758,0.5053503823853647,0.0,0.07999425256305856,98.828125,0.07999178937579796,-2.5513155962235254,0.0,0.08,0.07999425256305856,0.07999425256305856,0
25,19,0.10084601491689682,0.5053503823853647,0.0,0.07999425256305856,97.65625,0.07999178937579796,-1.6116571871563115,0.0,0.08,0.07999425256305856,0.07999425256305856,0
25,0,0.2698672115802765,0.5053503823853647,0.0,0.07999425256305856,92.38578680203045,0.07999178937579796,-0.6273219688689481,0.0,0.08,0.07999425256305856,0.07999425256305856,0
25,14,0.1715153306722641,0.5053503823853647,0.0,0.07999425256305856,96.09375,0.07999178937579796,-1.0805793223933193,0.0,0.08,0.07999425256305856,0.07999425256305856,0
25,10,0.12648122012615204,0.5053503823853647,0.0,0.07999425256305856,93.99141630901288,0.07999178937579796,-1.3851581162739373,0.0,0.08,0.07999425256305856,0.07999425256305856,0
25,3,0.21565036475658417,0.5053503823853647,0.0,0.07999425256305856,95.78947368421052,0.07999178937579796,-0.8515935740905421,0.0,0.08,0.07999425256305856,0.07999425256305856,0
25,5,1.1412761211395264,0.5053503823853647,0.7,0.5501098783467476,50.390625,0.5115855404953538,0.814650293610013,0.7,0.6399999999999999,0.5501098783467476,0.5501098783467476,0
25,4,0.3503830134868622,0.5053503823853647,0.0,0.07999425256305856,80.41958041958041,0.07999178937579796,-0.36622512604742086,0.0,0.08,0.07999425256305856,0.07999425256305856,0
25,13,0.23565714061260223,0.5053503823853647,0.0,0.07999425256305856,97.5,0.07999178937579796,-0.7628740378656413,0.0,0.08,0.07999425256305856,0.07999425256305856,0
25,1,0.5523208379745483,0.5053503823853647,0.08887708876662943,0.1597864709607648,86.48648648648648,0.16350852808110533,0.08887708876662943,0.08887708876662943,0.15110167101330355,0.1597864709607648,0.1597864709607648,0
25,2,0.35267308354377747,0.5053503823853647,0.0,0.08002897967194972,91.80327868852459,0.08004139953135675,-0.3597104877397595,0.0,0.08,0.08002897967194972,0.08002897967194972,0
25,17,0.2378477305173874,0.5053503823853647,0.0,0.07999425256305856,92.1875,0.07999178937579796,-0.7536213117613539,0.0,0.08,0.07999425256305856,0.07999425256305856,0
25,11,0.11719414591789246,0.5053503823853647,0.0,0.07999425256305856,95.703125,0.07999178937579796,-1.4614200232651025,0.0,0.08,0.07999425256305856,0.07999425256305856,0
25,18,0.3392896056175232,0.5053503823853647,0.0,0.0799979301690914,87.5,0.07999704309870201,-0.39839796897345725,0.0,0.08,0.0799979301690914,0.0799979301690914,0
25,7,0.13874107599258423,0.5053503823853647,0.0,0.07999425256305856,94.73684210526316,0.07999178937579796,-1.292642529518703,0.0,0.08,0.07999425256305856,0.07999425256305856,0
25,9,0.12312399595975876,0.5053503823853647,0.0,0.07999425256305856,98.828125,0.07999178937579796,-1.4120600089465665,0.0,0.08,0.07999425256305856,0.07999425256305856,0
26,13,0.17339521646499634,0.47290393077526527,0.0,0.07999597679414099,95.0,0.07999425256305856,-1.0033187478950705,0.0,0.08,0.07999597679414099,0.07999597679414099,0
26,17,0.20647338032722473,0.47290393077526527,0.0,0.07999597679414099,94.53125,0.07999425256305856,-0.8287207391286271,0.0,0.08,0.07999597679414099,0.07999597679414099,0
26,19,0.15765869617462158,0.47290393077526527,0.0,0.07999597679414099,98.4375,0.07999425256305856,-1.0984596736551808,0.0,0.08,0.07999597679414099,0.07999597679414099,0
26,5,0.9653573036193848,0.47290393077526527,0.7,0.5770769148427233,61.71875,0.5501098783467476,0.7136060231598476,0.7,0.6399999999999999,0.5770769148427233,0.5770769148427233,0
26,16,0.06043161451816559,0.47290393077526527,0.0,0.07999597679414099,99.609375,0.07999425256305856,-2.057379730169703,0.0,0.08,0.07999597679414099,0.07999597679414099,0
26,11,0.153222918510437,0.47290393077526527,0.0,0.07999597679414099,96.875,0.07999425256305856,-1.1269983728114383,0.0,0.08,0.07999597679414099,0.07999597679414099,0
26,8,0.08603381365537643,0.47290393077526527,0.0,0.07999597679414099,97.65625,0.07999425256305856,-1.7041517655753233,0.0,0.08,0.07999597679414099,0.07999597679414099,0
26,7,0.1827404648065567,0.47290393077526527,0.0,0.07999597679414099,96.84210526315789,0.07999425256305856,-0.9508253069956828,0.0,0.08,0.07999597679414099,0.07999597679414099,0
26,0,0.21171487867832184,0.47290393077526527,0.0,0.07999597679414099,90.86294416243655,0.07999425256305856,-0.8036517780207199,0.0,0.08,0.07999597679414099,0.07999597679414099,0
26,14,0.14070893824100494,0.47290393077526527,0.0,0.07999597679414099,94.921875,0.07999425256305856,-1.2121987227104831,0.0,0.08,0.07999597679414099,0.07999597679414099,0
26,18,0.27938002347946167,0.47290393077526527,0.0,0.07999855111836399,91.015625,0.0799979301690914,-0.5263193006913988,0.0,0.08,0.07999855111836399,0.07999855111836399,0
26,4,0.2888936400413513,0.47290393077526527,0.0,0.07999597679414099,89.5104895104895,0.07999425256305856,-0.4928336553757357,0.0,0.08,0.07999597679414099,0.07999597679414099,0
26,9,0.10353190451860428,0.47290393077526527,0.0,0.07999597679414099,96.09375,0.07999425256305856,-1.5190123648144362,0.0,0.08,0.07999597679414099,0.07999597679414099,0
26,1,0.4354102611541748,0.47290393077526527,0.0,0.13585052967253533,78.37837837837837,0.1597864709607648,-0.08260354414686764,0.0,0.08,0.13585052967253533,0.13585052967253533,0
26,3,0.1644895225763321,0.47290393077526527,0.0,0.07999597679414099,94.73684210526316,0.07999425256305856,-1.0560453463996307,0.0,0.08,0.07999597679414099,0.07999597679414099,0
26,6,0.11476657539606094,0.47290393077526527,0.0,0.07999597679414099,94.68085106382979,0.07999425256305856,-1.415991909287254,0.0,0.08,0.07999597679414099,0.07999597679414099,0
26,2,0.33771049976348877,0.47290393077526527,0.0,0.0800202857703648,88.52459016393442,0.08002897967194972,-0.3367032343208573,0.0,0.08,0.0800202857703648,0.0800202857703648,0
26,15,0.20356257259845734,0.47290393077526527,0.0,0.07999597679414099,89.453125,0.07999425256305856,-0.8429187940246764,0.0,0.08,0.07999597679414099,0.07999597679414099,0
26,12,0.13852570950984955,0.47290393077526527,0.0,0.07999597679414099,95.3125,0.07999425256305856,-1.227836274006322,0.0,0.08,0.07999597679414099,0.07999597679414099,0
26,10,0.15522976219654083,0.47290393077526527,0.0,0.07999597679414099,95.27896995708154,0.07999425256305856,-1.113985862310499,0.0,0.08,0.07999597679414099,0.07999597679414099,0
27,11,0.15611954033374786,0.4425077746498052,0.0,0.07999718375589868,93.75,0.07999597679414099,-1.0418359946743017,0.0,0.08,0.07999718375589868,0.07999718375589868,0
27,16,0.06945531070232391,0.4425077746498052,0.0,0.07999718375589868,97.65625,0.07999597679414099,-1.8517743784718674,0.0,0.08,0.07999718375589868,0.07999718375589868,0
27,10,0.17112240195274353,0.4425077746498052,0.0,0.07999718375589868,97.85407725321889,0.07999597679414099,-0.9500788969518531,0.0,0.08,0.07999718375589868,0.07999718375589868,0
27,12,0.23278725147247314,0.4425077746498052,0.0,0.07999718375589868,93.75,0.07999597679414099,-0.642333061122875,0.0,0.08,0.07999718375589868,0.07999718375589868,0
27,4,0.31243327260017395,0.4425077746498052,0.0,0.07999718375589868,87.41258741258741,0.07999597679414099,-0.34806710601861146,0.0,0.08,0.07999718375589868,0.07999718375589868,0
27,3,0.21025456488132477,0.4425077746498052,0.0,0.07999718375589868,92.10526315789474,0.07999597679414099,-0.7441389988605469,0.0,0.08,0.07999718375589868,0.07999718375589868,0
27,17,0.26576781272888184,0.4425077746498052,0.0,0.07999718375589868,94.140625,0.07999597679414099,-0.5098349759770306,0.0,0.08,0.07999718375589868,0.07999718375589868,0
27,5,1.126113772392273,0.4425077746498052,0.7,0.5959538403899063,53.515625,0.5770769148427233,0.93406979695419,0.7,0.6399999999999999,0.5959538403899063,0.5959538403899063,0
27,1,0.5337924361228943,0.4425077746498052,0.18754902901079007,0.16410713773336433,70.27027027027027,0.13585052967253533,0.18754902901079007,0.18754902901079007,0.23003922320863207,0.16410713773336433,0.16410713773336433,0
27,7,0.20715102553367615,0.4425077746498052,0.0,0.07999718375589868,96.84210526315789,0.07999597679414099,-0.7590098892555475,0.0,0.08,0.07999718375589868,0.07999718375589868,0
27,19,0.15297088027000427,0.4425077746498052,0.0,0.07999718375589868,97.65625,0.07999597679414099,-1.0622104131045844,0.0,0.08,0.07999718375589868,0.07999718375589868,0
27,15,0.21591943502426147,0.4425077746498052,0.0,0.07999718375589868,94.53125,0.07999597679414099,-0.7175526582998113,0.0,0.08,0.07999718375589868,0.07999718375589868,0
27,0,0.1728491187095642,0.4425077746498052,0.0,0.07999718375589868,90.86294416243655,0.07999597679414099,-0.9400389310987255,0.0,0.08,0.07999718375589868,0.07999718375589868,0
27,13,0.19975481927394867,0.4425077746498052,0.0,0.07999718375589868,93.75,0.07999597679414099,-0.795367295777561,0.0,0.08,0.07999718375589868,0.07999718375589868,0
27,2,0.27155813574790955,0.4425077746498052,0.0,0.08001420003925536,90.98360655737704,0.0800202857703648,-0.4882817754608517,0.0,0.08,0.08001420003925536,0.08001420003925536,0
27,14,0.15254712104797363,0.4425077746498052,0.0,0.07999718375589868,92.1875,0.07999597679414099,-1.0649844523704093,0.0,0.08,0.07999718375589868,0.07999718375589868,0
27,6,0.2348087728023529,0.4425077746498052,0.0,0.07999718375589868,90.42553191489361,0.07999597679414099,-0.6336865640063339,0.0,0.08,0.07999718375589868,0.07999718375589868,0
27,18,0.2833886742591858,0.4425077746498052,0.0,0.07999898578285479,92.1875,0.07999855111836399,-0.4456386587765734,0.0,0.08,0.07999898578285479,0.07999898578285479,0
27,9,0.11611374467611313,0.4425077746498052,0.0,0.07999718375589868,96.484375,0.07999597679414099,-1.3378877023731903,0.0,0.08,0.07999718375589868,0.07999718375589868,0
27,8,0.06192804127931595,0.4425077746498052,0.0,0.07999718375589868,97.65625,0.07999597679414099,-1.9664848087727635,0.0,0.08,0.07999718375589868,0.07999718375589868,0
28,12,0.11534542590379715,0.4191272767055747,0.0,0.07999802862912907,95.703125,0.07999718375589868,-1.29024324420874,0.0,0.08,0.07999802862912907,0.07999802862912907,0
28,7,0.18332889676094055,0.4191272767055747,0.0,0.07999802862912907,97.89473684210526,0.07999718375589868,-0.8268928163484687,0.0,0.08,0.07999802862912907,0.07999802862912907,0
28,4,0.24300651252269745,0.4191272767055747,0.0,0.07999802862912907,89.5104895104895,0.07999718375589868,-0.5450863760375488,0.0,0.08,0.07999802862912907,0.07999802862912907,0
28,8,0.10441119968891144,0.4191272767055747,0.0,0.07999802862912907,97.65625,0.07999718375589868,-1.3898376184913817,0.0,0.08,0.07999802862912907,0.07999802862912907,0
28,18,0.207711324095726,0.4191272767055747,0.0,0.07999929004799836,89.84375,0.07999898578285479,-0.7020253617309351,0.0,0.08,0.07999929004799836,0.07999929004799836,0
28,16,0.06089489907026291,0.4191272767055747,0.0,0.07999802862912907,96.875,0.07999718375589868,-1.9290250843588261,0.0,0.08,0.07999802862912907,0.07999802862912907,0
28,17,0.21201683580875397,0.4191272767055747,0.0,0.07999802862912907,92.1875,0.07999718375589868,-0.6815089277978849,0.0,0.08,0.07999802862912907,0.07999802862912907,0
28,5,0.8990350961685181,0.4191272767055747,0.7,0.6091676882729343,60.15625,0.5959538403899063,0.7631474232771898,0.7,0.6399999999999999,0.6091676882729343,0.6091676882729343,0
28,13,0.1703384518623352,0.4191272767055747,0.0,0.07999802862912907,95.0,0.07999718375589868,-0.9003872508118902,0.0,0.08,0.07999802862912907,0.07999802862912907,0
28,15,0.24388425052165985,0.4191272767055747,0.0,0.07999802862912907,94.140625,0.07999718375589868,-0.5414808900420144,0.0,0.08,0.07999802862912907,0.07999802862912907,0
28,10,0.061030931770801544,0.4191272767055747,0.0,0.07999802862912907,96.13733905579399,0.07999718375589868,-1.9267936829612682,0.0,0.08,0.07999802862912907,0.07999802862912907,0
28,1,0.5797948837280273,0.4191272767055747,0.32449974881964133,0.21675493613006896,86.48648648648648,0.16410713773336433,0.32449974881964133,0.32449974881964133,0.3395997990557131,0.21675493613006896,0.21675493613006896,0
28,14,0.15522632002830505,0.4191272767055747,0.0,0.07999802862912907,93.75,0.07999718375589868,-0.9932904150710201,0.0,0.08,0.07999802862912907,0.07999802862912907,0
28,11,0.13008034229278564,0.4191272767055747,0.0,0.07999802862912907,94.53125,0.07999718375589868,-1.1700223066013522,0.0,0.08,0.07999802862912907,0.07999802862912907,0
28,19,0.14100000262260437,0.4191272767055747,0.0,0.07999802862912907,98.4375,0.07999718375589868,-1.0894146807748766,0.0,0.08,0.07999802862912907,0.07999802862912907,0
28,0,0.16659101843833923,0.4191272767055747,0.0,0.07999802862912907,90.35532994923858,0.07999718375589868,-0.9226327833026563,0.0,0.08,0.07999802862912907,0.07999802862912907,0
28,6,0.13237547874450684,0.4191272767055747,0.0,0.07999802862912907,92.55319148936171,0.07999718375589868,-1.1525321646393825,0.0,0.08,0.07999802862912907,0.07999802862912907,0
28,2,0.2858034074306488,0.4191272767055747,0.0,0.08000994002747874,90.98360655737704,0.08001420003925536,-0.3828704378307351,0.0,0.08,0.08000994002747874,0.08000994002747874,0
28,3,0.2371034175157547,0.4191272767055747,0.0,0.07999802862912907,93.6842105263158,0.07999718375589868,-0.5696782117159673,0.0,0.08,0.07999802862912907,0.07999802862912907,0
28,9,0.1003619059920311,0.4191272767055747,0.0,0.07999802862912907,98.4375,0.07999718375589868,-1.429391848167051,0.0,0.08,0.07999802862912907,0.07999802862912907,0
29,19,0.06609941273927689,0.39406102255005093,0.0,0.07999862004039035,96.875,0.07999802862912907,-1.7853457885738209,0.0,0.08,0.07999862004039035,0.07999862004039035,0
29,4,0.2704138457775116,0.39406102255005093,0.0,0.07999862004039035,87.41258741258741,0.07999802862912907,-0.37655221761403684,0.0,0.08,0.07999862004039035,0.07999862004039035,0
29,0,0.18593385815620422,0.39406102255005093,0.0,0.07999862004039035,91.37055837563452,0.07999802862912907,-0.751114739306872,0.0,0.08,0.07999862004039035,0.07999862004039035,0
29,15,0.27674418687820435,0.39406102255005093,0.0,0.07999862004039035,93.359375,0.07999802862912907,-0.3534121997049813,0.0,0.08,0.07999862004039035,0.07999862004039035,0
29,8,0.07504977285861969,0.39406102255005093,0.0,0.07999862004039035,97.265625,0.07999802862912907,-1.658354137465028,0.0,0.08,0.07999862004039035,0.07999862004039035,0
29,18,0.22947821021080017,0.39406102255005093,0.0,0.07999950303359885,89.0625,0.07999929004799836,-0.5406976782958228,0.0,0.08,0.07999950303359885,0.07999950303359885,0
29,2,0.3017476797103882,0.39406102255005093,0.0,0.08000695801923512,91.80327868852459,0.08000994002747874,-0.2669145986060393,0.0,0.08,0.08000695801923512,0.08000695801923512,0
29,12,0.19373087584972382,0.39406102255005093,0.0,0.07999862004039035,96.09375,0.07999802862912907,-0.7100357925627515,0.0,0.08,0.07999862004039035,0.07999862004039035,0
29,11,0.1882258951663971,0.39406102255005093,0.0,0.07999862004039035,95.3125,0.07999802862912907,-0.7388629375666713,0.0,0.08,0.07999862004039035,0.07999862004039035,0
29,7,0.1518196016550064,0.39406102255005093,0.0,0.07999862004039035,98.94736842105263,0.07999802862912907,-0.9538127515958199,0.0,0.08,0.07999862004039035,0.07999862004039035,0
29,6,0.1626783013343811,0.39406102255005093,0.0,0.07999862004039035,96.80851063829788,0.07999802862912907,-0.8847311015558771,0.0,0.08,0.07999862004039035,0.07999862004039035,0
29,16,0.03147203102707863,0.39406102255005093,0.0,0.07999862004039035,99.21875,0.07999802862912907,-2.527406236999214,0.0,0.08,0.07999862004039035,0.07999862004039035,0
29,9,0.07528340816497803,0.39406102255005093,0.0,0.07999862004039035,94.53125,0.07999802862912907,-1.655245901987224,0.0,0.08,0.07999862004039035,0.07999862004039035,0
29,13,0.14811186492443085,0.39406102255005093,0.0,0.07999862004039035,96.875,0.07999802862912907,-0.9785379023924116,0.0,0.08,0.07999862004039035,0.07999862004039035,0
29,1,0.48928818106651306,0.39406102255005093,0.2164458614111808,0.22767546202973166,89.1891891891892,0.21675493613006896,0.2164458614111808,0.2164458614111808,0.2531566891289447,0.22767546202973166,0.22767546202973166,0
29,5,0.9357284307479858,0.39406102255005093,0.7,0.618417381791054,55.078125,0.6091676882729343,0.8648195047257272,0.7,0.6399999999999999,0.618417381791054,0.618417381791054,0
29,3,0.15153320133686066,0.39406102255005093,0.0,0.07999862004039035,96.3157894736842,0.07999802862912907,-0.9557009845808698,0.0,0.08,0.07999862004039035,0.07999862004039035,0
29,10,0.10074970871210098,0.39406102255005093,0.0,0.07999862004039035,95.70815450643777,0.07999802862912907,-1.3638663933673183,0.0,0.08,0.07999862004039035,0.07999862004039035,0
29,17,0.1524418294429779,0.39406102255005093,0.0,0.07999862004039035,95.703125,0.07999802862912907,-0.9497226596492027,0.0,0.08,0.07999862004039035,0.07999862004039035,0
29,14,0.22210802137851715,0.39406102255005093,0.0,0.07999862004039035,95.703125,0.07999802862912907,-0.573341910912256,0.0,0.08,0.07999862004039035,0.07999862004039035,0
30,2,0.2208005040884018,0.37208552826957514,0.0,0.08000487061346458,90.98360655737704,0.08000695801923512,-0.5218641267263607,0.0,0.08,0.08000487061346458,0.08000487061346458,0
30,6,0.27451345324516296,0.37208552826957514,0.0,0.07999903402827324,95.74468085106383,0.07999862004039035,-0.3041234632481969,0.0,0.08,0.07999903402827324,0.07999903402827324,0
30,1,0.5523714423179626,0.37208552826957514,0.3950969714077323,0.27819609655866795,91.89189189189189,0.22767546202973166,0.3950969714077323,0.3950969714077323,0.3960775771261859,0.27819609655866795,0.27819609655866795,0
30,12,0.1626536250114441,0.37208552826957514,0.0,0.07999903402827324,95.3125,0.07999862004039035,-0.8275007680842276,0.0,0.08,0.07999903402827324,0.07999903402827324,0
30,18,0.19884760677814484,0.37208552826957514,0.0,0.07999965212351919,90.234375,0.07999950303359885,-0.6265849828667919,0.0,0.08,0.07999965212351919,0.07999965212351919,0
30,3,0.24009686708450317,0.37208552826957514,0.0,0.07999903402827324,94.21052631578948,0.07999862004039035,-0.43808127301132554,0.0,0.08,0.07999903402827324,0.07999903402827324,0
30,13,0.1797397881746292,0.37208552826957514,0.0,0.07999903402827324,96.25,0.07999862004039035,-0.7276135300699037,0.0,0.08,0.07999903402827324,0.07999903402827324,0
30,14,0.1061139926314354,0.37208552826957514,0.0,0.07999903402827324,94.53125,0.07999862004039035,-1.2546097567225156,0.0,0.08,0.07999903402827324,0.07999903402827324,0
30,17,0.17595162987709045,0.37208552826957514,0.0,0.07999903402827324,96.09375,0.07999862004039035,-0.7489145855701166,0.0,0.08,0.07999903402827324,0.07999903402827324,0
30,19,0.0968831479549408,0.37208552826957514,0.0,0.07999903402827324,98.046875,0.07999862004039035,-1.3456180741497843,0.0,0.08,0.07999903402827324,0.07999903402827324,0
30,11,0.14921507239341736,0.37208552826957514,0.0,0.07999903402827324,94.53125,0.07999862004039035,-0.9137349983372116,0.0,0.08,0.07999903402827324,0.07999903402827324,0
30,16,0.05145744979381561,0.37208552826957514,0.0,0.07999903402827324,99.21875,0.07999862004039035,-1.978368326522209,0.0,0.08,0.07999903402827324,0.07999903402827324,0
30,5,0.9563869833946228,0.37208552826957514,0.7,0.6248921672537378,63.671875,0.618417381791054,0.9440388665206197,0.7,0.6399999999999999,0.6248921672537378,0.6248921672537378,0
30,0,0.21259662508964539,0.37208552826957514,0.0,0.07999903402827324,91.87817258883248,0.07999862004039035,-0.5597271310669766,0.0,0.08,0.07999903402827324,0.07999903402827324,0
30,10,0.12583361566066742,0.37208552826957514,0.0,0.07999903402827324,96.56652360515021,0.07999862004039035,-1.0841631662761086,0.0,0.08,0.07999903402827324,0.07999903402827324,0
30,15,0.16093264520168304,0.37208552826957514,0.0,0.07999903402827324,95.3125,0.07999862004039035,-0.8381377826217716,0.0,0.08,0.07999903402827324,0.07999903402827324,0
30,4,0.28049319982528687,0.37208552826957514,0.0,0.07999903402827324,92.3076923076923,0.07999862004039035,-0.28257425215224613,0.0,0.08,0.07999903402827324,0.07999903402827324,0
30,8,0.09527377039194107,0.37208552826957514,0.0,0.07999903402827324,97.265625,0.07999862004039035,-1.3623691236717808,0.0,0.08,0.07999903402827324,0.07999903402827324,0
30,9,0.15218238532543182,0.37208552826957514,0.0,0.07999903402827324,96.875,0.07999862004039035,-0.8940439987206313,0.0,0.08,0.07999903402827324,0.07999903402827324,0
30,7,0.13423720002174377,0.37208552826957514,0.0,0.07999903402827324,95.78947368421052,0.07999862004039035,-1.0195153104316559,0.0,0.08,0.07999903402827324,0.07999903402827324,0
31,7,0.14179103076457977,0.35180723818704435,0.0,0.07999932381979127,94.73684210526316,0.07999903402827324,-0.9087290053322615,0.0,0.08,0.07999932381979127,0.07999932381979127,0
31,17,0.21081078052520752,0.35180723818704435,0.0,0.07999932381979127,92.578125,0.07999903402827324,-0.5121224314311419,0.0,0.08,0.07999932381979127,0.07999932381979127,0
31,8,0.07419554144144058,0.35180723818704435,0.0,0.07999932381979127,96.875,0.07999903402827324,-1.5563792404813708,0.0,0.08,0.07999932381979127,0.07999932381979127,0
31,14,0.12155478447675705,0.35180723818704435,0.0,0.07999932381979127,96.09375,0.07999903402827324,-1.0627182907720443,0.0,0.08,0.07999932381979127,0.07999932381979127,0
31,1,0.5325043797492981,0.35180723818704435,0.41450770597223896,0.3182191170244049,78.37837837837837,0.27819609655866795,0.41450770597223896,0.41450770597223896,0.4116061647777912,0.3182191170244049,0.3182191170244049,0
31,18,0.22789795696735382,0.35180723818704435,0.0,0.07999975648646343,94.921875,0.07999965212351919,-0.4341854197486168,0.0,0.08,0.07999975648646343,0.07999975648646343,0
31,2,0.27115464210510254,0.35180723818704435,0.0,0.0800034094294252,90.98360655737704,0.08000487061346458,-0.26039410515509537,0.0,0.08,0.0800034094294252,0.0800034094294252,0
31,19,0.12555937469005585,0.35180723818704435,0.0,0.07999932381979127,98.046875,0.07999903402827324,-1.0303046038014714,0.0,0.08,0.07999932381979127,0.07999932381979127,0
31,12,0.1842149794101715,0.35180723818704435,0.0,0.07999932381979127,92.96875,0.07999903402827324,-0.646979938993805,0.0,0.08,0.07999932381979127,0.07999932381979127,0
31,11,0.07738733291625977,0.35180723818704435,0.0,0.07999932381979127,94.140625,0.07999903402827324,-1.5142601962282292,0.0,0.08,0.07999932381979127,0.07999932381979127,0
31,6,0.18435712158679962,0.35180723818704435,0.0,0.07999932381979127,97.87234042553192,0.07999903402827324,-0.646208626267869,0.0,0.08,0.07999932381979127,0.07999932381979127,0
31,9,0.05043282359838486,0.35180723818704435,0.0,0.07999932381979127,96.875,0.07999903402827324,-1.9424410119834161,0.0,0.08,0.07999932381979127,0.07999932381979127,0
31,10,0.1609216034412384,0.35180723818704435,0.0,0.07999932381979127,95.27896995708154,0.07999903402827324,-0.7821660618505004,0.0,0.08,0.07999932381979127,0.07999932381979127,0
31,0,0.2337542623281479,0.35180723818704435,0.0,0.07999932381979127,89.34010152284264,0.07999903402827324,-0.40881298989657816,0.0,0.08,0.07999932381979127,0.07999932381979127,0
31,13,0.15888725221157074,0.35180723818704435,0.0,0.07999932381979127,96.25,0.07999903402827324,-0.7948885272019647,0.0,0.08,0.07999932381979127,0.07999932381979127,0
31,4,0.2874438166618347,0.35180723818704435,0.0,0.07999932381979127,88.1118881118881,0.07999903402827324,-0.20205597961490243,0.0,0.08,0.07999932381979127,0.07999932381979127,0
31,16,0.03837081789970398,0.35180723818704435,0.0,0.07999932381979127,98.828125,0.07999903402827324,-2.2157859544669734,0.0,0.08,0.07999932381979127,0.07999932381979127,0
31,3,0.2585051953792572,0.35180723818704435,0.0,0.07999932381979127,95.26315789473684,0.07999903402827324,-0.30816760462861215,0.0,0.08,0.07999932381979127,0.07999932381979127,0
31,5,0.888087809085846,0.35180723818704435,0.7,0.6294245170776164,61.71875,0.6248921672537378,0.9259871982312731,0.7,0.6399999999999999,0.6294245170776164,0.6294245170776164,0
31,15,0.21708591282367706,0.35180723818704435,0.0,0.07999932381979127,91.015625,0.07999903402827324,-0.48279020235532727,0.0,0.08,0.07999932381979127,0.07999932381979127,0
32,13,0.20269131660461426,0.3350551194181885,0.0,0.07999952667385389,93.125,0.07999932381979127,-0.5026108204917189,0.0,0.08,0.07999952667385389,0.07999952667385389,0
32,17,0.1830066442489624,0.3350551194181885,0.0,0.07999952667385389,95.703125,0.07999932381979127,-0.6047725695165633,0.0,0.08,0.07999952667385389,0.07999952667385389,0
32,16,0.03644644841551781,0.3350551194181885,0.0,0.07999952667385389,98.828125,0.07999932381979127,-2.2184507927906174,0.0,0.08,0.07999952667385389,0.07999952667385389,0
32,10,0.1459154337644577,0.3350551194181885,0.0,0.07999952667385389,95.27896995708154,0.07999932381979127,-0.8312677820764617,0.0,0.08,0.07999952667385389,0.07999952667385389,0
32,5,0.7122021317481995,0.3350551194181885,0.7,0.6325971619543314,71.09375,0.6294245170776164,0.7540666943546523,0.7,0.6399999999999999,0.6325971619543314,0.6325971619543314,0
32,15,0.22805730998516083,0.3350551194181885,0.0,0.07999952667385389,94.53125,0.07999932381979127,-0.38469808291151186,0.0,0.08,0.07999952667385389,0.07999952667385389,0
32,19,0.10836299508810043,0.3350551194181885,0.0,0.07999952667385389,95.703125,0.07999932381979127,-1.1288083344324087,0.0,0.08,0.07999952667385389,0.07999952667385389,0
32,1,0.37308254837989807,0.3350551194181885,0.10750464757863275,0.27255449733595527,75.67567567567568,0.3182191170244049,0.10750464757863275,0.10750464757863275,0.1660037180629062,0.27255449733595527,0.27255449733595527,0
32,12,0.1644667237997055,0.3350551194181885,0.0,0.07999952667385389,93.75,0.07999932381979127,-0.7115867600997349,0.0,0.08,0.07999952667385389,0.07999952667385389,0
32,18,0.23978516459465027,0.3350551194181885,0.0,0.0799998295405244,92.96875,0.07999975648646343,-0.3345516670731871,0.0,0.08,0.0799998295405244,0.0799998295405244,0
32,7,0.18513010442256927,0.3350551194181885,0.0,0.07999952667385389,93.6842105263158,0.07999932381979127,-0.5932361846461384,0.0,0.08,0.07999952667385389,0.07999952667385389,0
32,3,0.24974706768989563,0.3350551194181885,0.0,0.07999952667385389,93.6842105263158,0.07999932381979127,-0.2938463671942428,0.0,0.08,0.07999952667385389,0.07999952667385389,0
32,11,0.1548895239830017,0.3350551194181885,0.0,0.07999952667385389,94.140625,0.07999932381979127,-0.7715829048544323,0.0,0.08,0.07999952667385389,0.07999952667385389,0
32,8,0.07977525144815445,0.3350551194181885,0.0,0.07999952667385389,97.265625,0.07999932381979127,-1.435081634234762,0.0,0.08,0.07999952667385389,0.07999952667385389,0
32,9,0.1207350566983223,0.3350551194181885,0.0,0.07999952667385389,96.09375,0.07999932381979127,-1.020696470063752,0.0,0.08,0.07999952667385389,0.07999952667385389,0
32,2,0.22185851633548737,0.3350551194181885,0.0,0.08000238660059764,86.88524590163935,0.0800034094294252,-0.41225517374192094,0.0,0.08,0.08000238660059764,0.08000238660059764,0
32,6,0.1772863268852234,0.3350551194181885,0.0,0.07999952667385389,96.80851063829788,0.07999932381979127,-0.6365289357274457,0.0,0.08,0.07999952667385389,0.07999952667385389,0
32,4,0.27716562151908875,0.3350551194181885,0.0,0.07999952667385389,91.60839160839161,0.07999932381979127,-0.1896798085029173,0.0,0.08,0.07999952667385389,0.07999952667385389,0
32,14,0.10719461739063263,0.3350551194181885,0.0,0.07999952667385389,96.484375,0.07999932381979127,-1.1396489539570145,0.0,0.08,0.07999952667385389,0.07999952667385389,0
32,0,0.15828053653240204,0.3350551194181885,0.0,0.07999952667385389,94.41624365482234,0.07999932381979127,-0.7499260142551385,0.0,0.08,0.07999952667385389,0.07999952667385389,0
33,4,0.2607233226299286,0.3195642560330789,0.0,0.07999966867169772,90.9090909090909,0.07999952667385389,-0.20349858237636995,0.0,0.08,0.07999966867169772,0.07999966867169772,0
33,18,0.23035496473312378,0.3195642560330789,0.0,0.07999988067836708,93.75,0.0799998295405244,-0.327336911674881,0.0,0.08,0.07999988067836708,0.07999988067836708,0
33,19,0.09411521255970001,0.3195642560330789,0.0,0.07999966867169772,97.65625,0.07999952667385389,-1.2224385956972896,0.0,0.08,0.07999966867169772,0.07999966867169772,0
33,5,0.8483729958534241,0.3195642560330789,0.7,0.6348180133680319,71.875,0.6325971619543314,0.9763620052387127,0.7,0.6399999999999999,0.6348180133680319,0.6348180133680319,0
33,16,0.038067713379859924,0.3195642560330789,0.0,0.07999966867169772,98.828125,0.07999952667385389,-2.1275916315244663,0.0,0.08,0.07999966867169772,0.07999966867169772,0
33,3,0.18024802207946777,0.3195642560330789,0.0,0.07999966867169772,95.26315789473684,0.07999952667385389,-0.5726245408568309,0.0,0.08,0.07999966867169772,0.07999966867169772,0
33,14,0.1752011477947235,0.3195642560330789,0.0,0.07999966867169772,92.96875,0.07999952667385389,-0.6010236123361293,0.0,0.08,0.07999966867169772,0.07999966867169772,0
33,8,0.047573521733284,0.3195642560330789,0.0,0.07999966867169772,99.21875,0.07999952667385389,-1.9046818486765127,0.0,0.08,0.07999966867169772,0.07999966867169772,0
33,15,0.17677649855613708,0.3195642560330789,0.0,0.07999966867169772,92.578125,0.07999952667385389,-0.5920721280160304,0.0,0.08,0.07999966867169772,0.07999966867169772,0
33,13,0.20893004536628723,0.3195642560330789,0.0,0.07999966867169772,94.375,0.07999952667385389,-0.42495886660061105,0.0,0.08,0.07999966867169772,0.07999966867169772,0
33,2,0.3593529164791107,0.3195642560330789,0.11734658846008171,0.10816485185083795,89.34426229508196,0.08000238660059764,0.11734658846008171,0.11734658846008171,0.17387727076806536,0.10816485185083795,0.10816485185083795,0
33,0,0.16856476664543152,0.3195642560330789,0.0,0.07999966867169772,94.9238578680203,0.07999952667385389,-0.639638292186097,0.0,0.08,0.07999966867169772,0.07999966867169772,0
33,10,0.14030832052230835,0.3195642560330789,0.0,0.07999966867169772,96.99570815450643,0.07999952667385389,-0.8231160373928289,0.0,0.08,0.07999966867169772,0.07999966867169772,0
33,12,0.1780204027891159,0.3195642560330789,0.0,0.07999966867169772,98.828125,0.07999952667385389,-0.5850601769264194,0.0,0.08,0.07999966867169772,0.07999966867169772,0
33,7,0.11678767949342728,0.3195642560330789,0.0,0.07999966867169772,96.84210526315789,0.07999952667385389,-1.006600732567319,0.0,0.08,0.07999966867169772,0.07999966867169772,0
33,6,0.13381478190422058,0.3195642560330789,0.0,0.07999966867169772,98.93617021276596,0.07999952667385389,-0.8705017053018541,0.0,0.08,0.07999966867169772,0.07999966867169772,0
33,9,0.08131346851587296,0.3195642560330789,0.0,0.07999966867169772,96.09375,0.07999952667385389,-1.368646609018293,0.0,0.08,0.07999966867169772,0.07999966867169772,0
33,17,0.1703796684741974,0.3195642560330789,0.0,0.07999966867169772,95.3125,0.07999952667385389,-0.6289290497310474,0.0,0.08,0.07999966867169772,0.07999966867169772,0
33,11,0.1892361044883728,0.3195642560330789,0.0,0.07999966867169772,96.484375,0.07999952667385389,-0.5239628808717529,0.0,0.08,0.07999966867169772,0.07999966867169772,0
33,1,0.25478631258010864,0.3195642560330789,0.0,0.21478814813516867,75.67567567567568,0.27255449733595527,-0.2265331560186793,0.0,0.08,0.21478814813516867,0.21478814813516867,0
34,18,0.24783945083618164,0.3052067127473141,0.0,0.07999991647485695,92.96875,0.07999988067836708,-0.20820812530299102,0.0,0.08,0.07999991647485695,0.07999991647485695,0
34,16,0.052249372005462646,0.3052067127473141,0.0,0.07999976807018841,99.609375,0.07999966867169772,-1.7649612633896865,0.0,0.08,0.07999976807018841,0.07999976807018841,0
34,12,0.17369568347930908,0.3052067127473141,0.0,0.07999976807018841,97.265625,0.07999966867169772,-0.5636844464435332,0.0,0.08,0.07999976807018841,0.07999976807018841,0
34,8,0.060708045959472656,0.3052067127473141,0.0,0.07999976807018841,98.4375,0.07999966867169772,-1.6149129196397738,0.0,0.08,0.07999976807018841,0.07999976807018841,0
34,17,0.2196684628725052,0.3052067127473141,0.0,0.07999976807018841,95.3125,0.07999966867169772,-0.3288698582325696,0.0,0.08,0.07999976807018841,0.07999976807018841,0
34,14,0.09821613132953644,0.3052067127473141,0.0,0.07999976807018841,95.3125,0.07999966867169772,-1.133818752673981,0.0,0.08,0.07999976807018841,0.07999976807018841,0
34,2,0.2513708770275116,0.3052067127473141,0.0,0.09971539629558657,98.36065573770492,0.10816485185083795,-0.1940598404585593,0.0,0.08,0.09971539629558657,0.09971539629558657,0
34,19,0.05320581793785095,0.3052067127473141,0.0,0.07999976807018841,98.4375,0.07999966867169772,-1.7468213884663593,0.0,0.08,0.07999976807018841,0.07999976807018841,0
34,3,0.18991979956626892,0.3052067127473141,0.0,0.07999976807018841,95.78947368421052,0.07999966867169772,-0.4743873983621432,0.0,0.08,0.07999976807018841,0.07999976807018841,0
34,4,0.23437809944152832,0.3052067127473141,0.0,0.07999976807018841,93.00699300699301,0.07999966867169772,-0.2640536629308208,0.0,0.08,0.07999976807018841,0.07999976807018841,0
34,7,0.1798095852136612,0.3052067127473141,0.0,0.07999976807018841,95.78947368421052,0.07999966867169772,-0.529090839866248,0.0,0.08,0.07999976807018841,0.07999976807018841,0
34,1,0.23145072162151337,0.3052067127473141,0.0,0.17435170369461805,83.78378378378379,0.21478814813516867,-0.27662229801088983,0.0,0.08,0.17435170369461805,0.17435170369461805,0
34,13,0.1697230488061905,0.3052067127473141,0.0,0.07999976807018841,98.125,0.07999966867169772,-0.5868212836843183,0.0,0.08,0.07999976807018841,0.07999976807018841,0
34,11,0.18823592364788055,0.3052067127473141,0.0,0.07999976807018841,94.140625,0.07999966867169772,-0.483293184287816,0.0,0.08,0.07999976807018841,0.07999976807018841,0
34,0,0.1990555375814438,0.3052067127473141,0.0,0.07999976807018841,90.35532994923858,0.07999966867169772,-0.42740540716895314,0.0,0.08,0.07999976807018841,0.07999976807018841,0
34,15,0.18257591128349304,0.3052067127473141,0.0,0.07999976807018841,94.140625,0.07999966867169772,-0.5138232329695619,0.0,0.08,0.07999976807018841,0.07999976807018841,0
34,5,0.8322412967681885,0.3052067127473141,0.7,0.6363726093576223,64.0625,0.6348180133680319,1.0031331044253002,0.7,0.6399999999999999,0.6363726093576223,0.6363726093576223,0
34,9,0.0882677212357521,0.3052067127473141,0.0,0.07999976807018841,97.65625,0.07999966867169772,-1.2406147303679924,0.0,0.08,0.07999976807018841,0.07999976807018841,0
34,10,0.06967868655920029,0.3052067127473141,0.0,0.07999976807018841,95.27896995708154,0.07999966867169772,-1.4770947002451624,0.0,0.08,0.07999976807018841,0.07999976807018841,0
34,6,0.30515792965888977,0.3052067127473141,0.0,0.07999976807018841,92.55319148936171,0.07999966867169772,-0.0001598489936683679,0.0,0.08,0.07999976807018841,0.07999976807018841,0
35,15,0.20418722927570343,0.2932266332191514,0.0,0.07999983764913188,94.53125,0.07999976807018841,-0.3619084238711736,0.0,0.08,0.07999983764913188,0.07999983764913188,0
35,9,0.10764224827289581,0.2932266332191514,0.0,0.07999983764913188,97.265625,0.07999976807018841,-1.0021325308392375,0.0,0.08,0.07999983764913188,0.07999983764913188,0
35,13,0.1813080608844757,0.2932266332191514,0.0,0.07999983764913188,96.875,0.07999976807018841,-0.4807482028376964,0.0,0.08,0.07999983764913188,0.07999983764913188,0
35,19,0.09882412105798721,0.2932266332191514,0.0,0.07999983764913188,98.828125,0.07999976807018841,-1.0876040199356476,0.0,0.08,0.07999983764913188,0.07999983764913188,0
35,10,0.15321561694145203,0.2932266332191514,0.0,0.07999983764913188,97.42489270386267,0.07999976807018841,-0.6490995807062129,0.0,0.08,0.07999983764913188,0.07999983764913188,0
35,6,0.16813810169696808,0.2932266332191514,0.0,0.07999983764913188,92.55319148936171,0.07999976807018841,-0.5561601012411073,0.0,0.08,0.07999983764913188,0.07999983764913188,0
35,3,0.12964488565921783,0.2932266332191514,0.0,0.07999983764913188,94.21052631578948,0.07999976807018841,-0.8161466952917685,0.0,0.08,0.07999983764913188,0.07999983764913188,0
35,17,0.20341427624225616,0.2932266332191514,0.0,0.07999983764913188,91.796875,0.07999976807018841,-0.36570111801780086,0.0,0.08,0.07999983764913188,0.07999983764913188,0
35,8,0.07880369573831558,0.2932266332191514,0.0,0.07999983764913188,97.265625,0.07999976807018841,-1.3139858134509022,0.0,0.08,0.07999983764913188,0.07999983764913188,0
35,7,0.20137445628643036,0.2932266332191514,0.0,0.07999983764913188,92.63157894736842,0.07999976807018841,-0.3757796451980673,0.0,0.08,0.07999983764913188,0.07999983764913188,0
35,1,0.23308736085891724,0.2932266332191514,0.0,0.14604619258623264,91.89189189189189,0.17435170369461805,-0.2295324708404305,0.0,0.08,0.14604619258623264,0.14604619258623264,0
35,11,0.17232279479503632,0.2932266332191514,0.0,0.07999983764913188,96.484375,0.07999976807018841,-0.5315763464036474,0.0,0.08,0.07999983764913188,0.07999983764913188,0
35,18,0.1761990189552307,0.2932266332191514,0.0,0.07999994153239987,94.140625,0.07999991647485695,-0.5093316338953688,0.0,0.08,0.07999994153239987,0.07999994153239987,0
35,5,0.8252119421958923,0.2932266332191514,0.7,0.6374608265503355,64.84375,0.6363726093576223,1.0346944287461257,0.7,0.6399999999999999,0.6374608265503355,0.6374608265503355,0
35,4,0.24916337430477142,0.2932266332191514,0.0,0.07999983764913188,95.1048951048951,0.07999976807018841,-0.16283699319379358,0.0,0.08,0.07999983764913188,0.07999983764913188,0
35,0,0.17744219303131104,0.2932266332191514,0.0,0.07999983764913188,90.86294416243655,0.07999976807018841,-0.5023008971791534,0.0,0.08,0.07999983764913188,0.07999983764913188,0
35,2,0.20577019453048706,0.2932266332191514,0.0,0.09380077740691059,95.90163934426229,0.09971539629558657,-0.35418580218991197,0.0,0.08,0.09380077740691059,0.09380077740691059,0
35,14,0.15883120894432068,0.2932266332191514,0.0,0.07999983764913188,95.703125,0.07999976807018841,-0.6131037140054185,0.0,0.08,0.07999983764913188,0.07999983764913188,0
35,12,0.15111196041107178,0.2932266332191514,0.0,0.07999983764913188,94.53125,0.07999976807018841,-0.6629247484234118,0.0,0.08,0.07999983764913188,0.07999983764913188,0
35,16,0.04452390968799591,0.2932266332191514,0.0,0.07999983764913188,99.609375,0.07999976807018841,-1.884919270506932,0.0,0.08,0.07999983764913188,0.07999983764913188,0
36,19,0.07318156957626343,0.2813300605847496,0.0,0.07999988635439231,99.21875,0.07999983764913188,-1.3465848642467206,0.0,0.08,0.07999988635439231,0.07999988635439231,0
36,1,0.37520861625671387,0.2813300605847496,0.2879535995440774,0.1953411987009414,83.78378378378379,0.14604619258623264,0.2879535995440774,0.2879535995440774,0.31036287963526193,0.1953411987009414,0.1953411987009414,0
36,10,0.10592633485794067,0.2813300605847496,0.0,0.07999988635439231,96.13733905579399,0.07999983764913188,-0.9767846156586888,0.0,0.08,0.07999988635439231,0.07999988635439231,0
36,3,0.18427495658397675,0.2813300605847496,0.0,0.07999988635439231,92.63157894736842,0.07999983764913188,-0.42309958267548875,0.0,0.08,0.07999988635439231,0.07999988635439231,0
36,11,0.12445656210184097,0.2813300605847496,0.0,0.07999988635439231,96.875,0.07999983764913188,-0.8155717718186801,0.0,0.08,0.07999988635439231,0.07999988635439231,0
36,7,0.10026003420352936,0.2813300605847496,0.0,0.07999988635439231,97.89473684210526,0.07999983764913188,-1.0317613556887815,0.0,0.08,0.07999988635439231,0.07999988635439231,0
36,5,0.6927796602249146,0.2813300605847496,0.7,0.6382225785852348,72.65625,0.6374608265503355,0.9011834040410712,0.7,0.6399999999999999,0.6382225785852348,0.6382225785852348,0
36,14,0.1653634011745453,0.2813300605847496,0.0,0.07999988635439231,95.3125,0.07999983764913188,-0.531383064475399,0.0,0.08,0.07999988635439231,0.07999988635439231,0
36,17,0.16692908108234406,0.2813300605847496,0.0,0.07999988635439231,96.09375,0.07999983764913188,-0.5219594904635397,0.0,0.08,0.07999988635439231,0.07999988635439231,0
36,12,0.08368919044733047,0.2813300605847496,0.0,0.07999988635439231,96.484375,0.07999983764913188,-1.212418666155897,0.0,0.08,0.07999988635439231,0.07999988635439231,0
36,6,0.13993678987026215,0.2813300605847496,0.0,0.07999988635439231,96.80851063829788,0.07999983764913188,-0.6983377172268189,0.0,0.08,0.07999988635439231,0.07999988635439231,0
36,0,0.22167278826236725,0.2813300605847496,0.0,0.07999988635439231,92.38578680203045,0.07999983764913188,-0.23832619547385947,0.0,0.08,0.07999988635439231,0.07999988635439231,0
36,15,0.17909541726112366,0.2813300605847496,0.0,0.07999988635439231,95.3125,0.07999983764913188,-0.45160983143598593,0.0,0.08,0.07999988635439231,0.07999988635439231,0
36,13,0.24067597091197968,0.2813300605847496,0.0,0.07999988635439231,95.625,0.07999983764913188,-0.1560770570868736,0.0,0.08,0.07999988635439231,0.07999988635439231,0
36,2,0.20574699342250824,0.2813300605847496,0.0,0.0896605441848374,93.44262295081967,0.09380077740691059,-0.3128813331295424,0.0,0.08,0.0896605441848374,0.0896605441848374,0
36,9,0.07120614498853683,0.2813300605847496,0.0,0.07999988635439231,96.875,0.07999983764913188,-1.3739493472631605,0.0,0.08,0.07999988635439231,0.07999988635439231,0
36,8,0.05915200710296631,0.2813300605847496,0.0,0.07999988635439231,97.65625,0.07999983764913188,-1.559417917082897,0.0,0.08,0.07999988635439231,0.07999988635439231,0
36,16,0.03869185596704483,0.2813300605847496,0.0,0.07999988635439231,99.609375,0.07999983764913188,-1.9838992121986707,0.0,0.08,0.07999988635439231,0.07999988635439231,0
36,4,0.2208912968635559,0.2813300605847496,0.0,0.07999988635439231,89.5104895104895,0.07999983764913188,-0.24185785202724325,0.0,0.08,0.07999988635439231,0.07999988635439231,0
36,18,0.23132891952991486,0.2813300605847496,0.0,0.0799999590726799,89.84375,0.07999994153239987,-0.1956879733697287,0.0,0.08,0.0799999590726799,0.0799999590726799,0
37,4,0.2102142870426178,0.2698116786391191,0.0,0.07999992044807461,91.60839160839161,0.07999988635439231,-0.24959679367492954,0.0,0.08,0.07999992044807461,0.07999992044807461,0
37,9,0.05989163741469383,0.2698116786391191,0.0,0.07999992044807461,98.828125,0.07999988635439231,-1.50518721294285,0.0,0.08,0.07999992044807461,0.07999992044807461,0
37,10,0.07158304750919342,0.2698116786391191,0.0,0.07999992044807461,98.71244635193133,0.07999988635439231,-1.3268658471831418,0.0,0.08,0.07999992044807461,0.07999992044807461,0
37,11,0.1022041067481041,0.2698116786391191,0.0,0.07999992044807461,94.53125,0.07999988635439231,-0.9707523079316532,0.0,0.08,0.07999992044807461,0.07999992044807461,0
37,8,0.04463282972574234,0.2698116786391191,0.0,0.07999992044807461,99.21875,0.07999988635439231,-1.799254361384055,0.0,0.08,0.07999992044807461,0.07999992044807461,0
37,1,0.34729498624801636,0.2698116786391191,0.2524502858852314,0.22132690770311453,91.89189189189189,0.1953411987009414,0.2524502858852314,0.2524502858852314,0.2819602287081851,0.22132690770311453,0.22132690770311453,0
37,19,0.12458537518978119,0.2698116786391191,0.0,0.07999992044807461,98.4375,0.07999988635439231,-0.7727329605306779,0.0,0.08,0.07999992044807461,0.07999992044807461,0
37,18,0.23451676964759827,0.2698116786391191,0.0,0.07999997135087593,93.75,0.0799999590726799,-0.1401971258557753,0.0,0.08,0.07999997135087593,0.07999997135087593,0
37,15,0.21611391007900238,0.2698116786391191,0.0,0.07999992044807461,91.40625,0.07999988635439231,-0.22191858975586515,0.0,0.08,0.07999992044807461,0.07999992044807461,0
37,12,0.1384921669960022,0.2698116786391191,0.0,0.07999992044807461,96.875,0.07999988635439231,-0.6669104259338449,0.0,0.08,0.07999992044807461,0.07999992044807461,0
37,14,0.14464950561523438,0.2698116786391191,0.0,0.07999992044807461,94.140625,0.07999988635439231,-0.6234105834336354,0.0,0.08,0.07999992044807461,0.07999992044807461,0
37,2,0.14854289591312408,0.2698116786391191,0.0,0.08676238092938618,95.08196721311475,0.0896605441848374,-0.5968504209637919,0.0,0.08,0.08676238092938618,0.08676238092938618,0
37,13,0.21671435236930847,0.2698116786391191,0.0,0.07999992044807461,97.5,0.07999988635439231,-0.2191440821747619,0.0,0.08,0.07999992044807461,0.07999992044807461,0
37,16,0.04897354543209076,0.2698116786391191,0.0,0.07999992044807461,98.046875,0.07999988635439231,-1.7064437988137362,0.0,0.08,0.07999992044807461,0.07999992044807461,0
37,7,0.08884377777576447,0.2698116786391191,0.0,0.07999992044807461,95.78947368421052,0.07999988635439231,-1.11084463213814,0.0,0.08,0.07999992044807461,0.07999992044807461,0
37,5,0.6748398542404175,0.2698116786391191,0.7,0.6387558050096643,77.734375,0.6382225785852348,0.9167511583821697,0.7,0.6399999999999999,0.6387558050096643,0.6387558050096643,0
37,17,0.13668201863765717,0.2698116786391191,0.0,0.07999992044807461,94.53125,0.07999988635439231,-0.6800669968034947,0.0,0.08,0.07999992044807461,0.07999992044807461,0
37,0,0.1768479198217392,0.2698116786391191,0.0,0.07999992044807461,94.9238578680203,0.07999988635439231,-0.42243405644219867,0.0,0.08,0.07999992044807461,0.07999992044807461,0
37,3,0.1498616486787796,0.2698116786391191,0.0,0.07999992044807461,95.26315789473684,0.07999988635439231,-0.5880116731188385,0.0,0.08,0.07999992044807461,0.07999992044807461,0
37,6,0.11810961365699768,0.2698116786391191,0.0,0.07999992044807461,93.61702127659575,0.07999988635439231,-0.8261110589410379,0.0,0.08,0.07999992044807461,0.07999992044807461,0
38,13,0.1621634066104889,0.256987594405769,0.0,0.07999994431365222,95.625,0.07999992044807461,-0.4604232805471296,0.0,0.08,0.07999994431365222,0.07999994431365222,0
38,6,0.1153375431895256,0.256987594405769,0.0,0.07999994431365222,94.68085106382979,0.07999992044807461,-0.8011647777790927,0.0,0.08,0.07999994431365222,0.07999994431365222,0
38,18,0.12681284546852112,0.256987594405769,0.0,0.07999997994561314,92.96875,0.07999997135087593,-0.7063154311625801,0.0,0.08,0.07999997994561314,0.07999997994561314,0
38,1,0.43069398403167725,0.256987594405769,0.5163699954474085,0.3028576342995582,89.1891891891892,0.22132690770311453,0.5163699954474085,0.5163699954474085,0.49309599635792684,0.3028576342995582,0.3028576342995582,0
38,7,0.12188417464494705,0.256987594405769,0.0,0.07999994431365222,96.84210526315789,0.07999992044807461,-0.7459565641800492,0.0,0.08,0.07999994431365222,0.07999994431365222,0
38,3,0.1818065196275711,0.256987594405769,0.0,0.07999994431365222,94.73684210526316,0.07999992044807461,-0.3460847542061676,0.0,0.08,0.07999994431365222,0.07999994431365222,0
38,5,0.7990378141403198,0.256987594405769,0.7,0.639129063506765,69.921875,0.6387558050096643,1.134380432147532,0.7,0.6399999999999999,0.639129063506765,0.639129063506765,0
38,16,0.01996133103966713,0.256987594405769,0.0,0.07999994431365222,98.828125,0.07999992044807461,-2.5552303968653733,0.0,0.08,0.07999994431365222,0.07999994431365222,0
38,11,0.12393121421337128,0.256987594405769,0.0,0.07999994431365222,97.265625,0.07999992044807461,-0.7293010835549468,0.0,0.08,0.07999994431365222,0.07999994431365222,0
38,4,0.23613955080509186,0.256987594405769,0.0,0.07999994431365222,95.8041958041958,0.07999992044807461,-0.08460486226267147,0.0,0.08,0.07999994431365222,0.07999994431365222,0
38,8,0.0677371397614479,0.256987594405769,0.0,0.07999994431365222,99.21875,0.07999992044807461,-1.333393081495689,0.0,0.08,0.07999994431365222,0.07999994431365222,0
38,0,0.15608657896518707,0.256987594405769,0.0,0.07999994431365222,91.87817258883248,0.07999992044807461,-0.49861694111659133,0.0,0.08,0.07999994431365222,0.07999994431365222,0
38,17,0.20755381882190704,0.256987594405769,0.0,0.07999994431365222,94.921875,0.07999992044807461,-0.21363712981042898,0.0,0.08,0.07999994431365222,0.07999994431365222,0
38,19,0.0849638357758522,0.256987594405769,0.0,0.07999994431365222,98.046875,0.07999992044807461,-1.1068020296553835,0.0,0.08,0.07999994431365222,0.07999994431365222,0
38,9,0.060337454080581665,0.256987594405769,0.0,0.07999994431365222,96.875,0.07999992044807461,-1.4490746461697863,0.0,0.08,0.07999994431365222,0.07999994431365222,0
38,2,0.23804430663585663,0.256987594405769,0.0,0.08473366665057032,90.1639344262295,0.08676238092938618,-0.0765709911579231,0.0,0.08,0.08473366665057032,0.08473366665057032,0
38,10,0.12227043509483337,0.256987594405769,0.0,0.07999994431365222,97.85407725321889,0.07999992044807461,-0.7427924974363961,0.0,0.08,0.07999994431365222,0.07999994431365222,0
38,15,0.1737195998430252,0.256987594405769,0.0,0.07999994431365222,96.484375,0.07999992044807461,-0.39158529007930787,0.0,0.08,0.07999994431365222,0.07999994431365222,0
38,12,0.15200352668762207,0.256987594405769,0.0,0.07999994431365222,94.140625,0.07999992044807461,-0.5251240635905455,0.0,0.08,0.07999994431365222,0.07999994431365222,0
38,14,0.13647378981113434,0.256987594405769,0.0,0.07999994431365222,94.921875,0.07999992044807461,-0.6328951984217882,0.0,0.08,0.07999994431365222,0.07999994431365222,0
39,4,0.17527098953723907,0.24571270079012994,0.0,0.07999996101955656,90.9090909090909,0.07999994431365222,-0.3378296662450734,0.0,0.08,0.07999996101955656,0.07999996101955656,0
39,16,0.038224853575229645,0.24571270079012994,0.0,0.07999996101955656,98.828125,0.07999994431365222,-1.8606768283411725,0.0,0.08,0.07999996101955656,0.07999996101955656,0
39,19,0.1164008304476738,0.24571270079012994,0.0,0.07999996101955656,97.65625,0.07999994431365222,-0.7471232555444803,0.0,0.08,0.07999996101955656,0.07999996101955656,0
39,17,0.16902202367782593,0.24571270079012994,0.0,0.07999996101955656,96.484375,0.07999994431365222,-0.3741339279399638,0.0,0.08,0.07999996101955656,0.07999996101955656,0
39,18,0.14811672270298004,0.24571270079012994,0.0,0.0799999859619292,91.40625,0.07999997994561314,-0.50616231380046,0.0,0.08,0.0799999859619292,0.0799999859619292,0
39,14,0.1256447434425354,0.24571270079012994,0.0,0.07999996101955656,96.09375,0.07999994431365222,-0.6707045033707588,0.0,0.08,0.07999996101955656,0.07999996101955656,0
39,11,0.09114725887775421,0.24571270079012994,0.0,0.07999996101955656,94.921875,0.07999994431365222,-0.9916864734237223,0.0,0.08,0.07999996101955656,0.07999996101955656,0
39,6,0.12262739986181259,0.24571270079012994,0.0,0.07999996101955656,96.80851063829788,0.07999994431365222,-0.6950124411761958,0.0,0.08,0.07999996101955656,0.07999996101955656,0
39,13,0.15364128351211548,0.24571270079012994,0.0,0.07999996101955656,97.5,0.07999994431365222,-0.46954238860396946,0.0,0.08,0.07999996101955656,0.07999996101955656,0
39,9,0.08200138807296753,0.24571270079012994,0.0,0.07999996101955656,96.875,0.07999994431365222,-1.0974267143673466,0.0,0.08,0.07999996101955656,0.07999996101955656,0
39,1,0.2709062397480011,0.24571270079012994,0.09760980798211537,0.2594266979253984,91.89189189189189,0.3028576342995582,0.09760980798211537,0.09760980798211537,0.1580878463856923,0.2594266979253984,0.2594266979253984,0
39,3,0.173356831073761,0.24571270079012994,0.0,0.07999996101955656,94.21052631578948,0.07999994431365222,-0.3488108758656127,0.0,0.08,0.07999996101955656,0.07999996101955656,0
39,5,0.6745857000350952,0.24571270079012994,0.7,0.6393903444547354,72.265625,0.639129063506765,1.0099357283754085,0.7,0.6399999999999999,0.6393903444547354,0.6393903444547354,0
39,7,0.05517491325736046,0.24571270079012994,0.0,0.07999996101955656,97.89473684210526,0.07999994431365222,-1.493654449909902,0.0,0.08,0.07999996101955656,0.07999996101955656,0
39,15,0.22562412917613983,0.24571270079012994,0.0,0.07999996101955656,94.140625,0.07999994431365222,-0.08529249736253108,0.0,0.08,0.07999996101955656,0.07999996101955656,0
39,0,0.13820281624794006,0.24571270079012994,0.0,0.07999996101955656,94.9238578680203,0.07999994431365222,-0.575440649612881,0.0,0.08,0.07999996101955656,0.07999996101955656,0
39,12,0.12836842238903046,0.24571270079012994,0.0,0.07999996101955656,94.921875,0.07999994431365222,-0.6492585037956852,0.0,0.08,0.07999996101955656,0.07999996101955656,0
39,2,0.19560711085796356,0.24571270079012994,0.0,0.08331356665539921,93.44262295081967,0.08473366665057032,-0.22805484901421522,0.0,0.08,0.08331356665539921,0.08331356665539921,0
39,8,0.07886109501123428,0.24571270079012994,0.0,0.07999996101955656,97.65625,0.07999994431365222,-1.1364748704893515,0.0,0.08,0.07999996101955656,0.07999996101955656,0
39,10,0.11394056677818298,0.24571270079012994,0.0,0.07999996101955656,97.42489270386267,0.07999994431365222,-0.7684859549951343,0.0,0.08,0.07999996101955656,0.07999996101955656,0
40,8,0.05481072515249252,0.23446999264296547,0.0,0.07999997271368958,97.265625,0.07999996101955656,-1.4534415874927646,0.0,0.08,0.07999997271368958,0.07999997271368958,0
40,18,0.1592404842376709,0.23446999264296547,0.0,0.07999999017335044,93.359375,0.0799999859619292,-0.38691205734927636,0.0,0.08,0.07999999017335044,0.07999999017335044,0
40,14,0.16026213765144348,0.23446999264296547,0.0,0.07999997271368958,95.703125,0.07999996101955656,-0.3805167618997728,0.0,0.08,0.07999997271368958,0.07999997271368958,0
40,4,0.15288090705871582,0.23446999264296547,0.0,0.07999997271368958,93.7062937062937,0.07999996101955656,-0.4276683607381388,0.0,0.08,0.07999997271368958,0.07999997271368958,0
40,5,0.65950608253479,0.23446999264296547,0.7,0.6395732411183147,71.09375,0.6393903444547354,1.034163551021858,0.7,0.6399999999999999,0.6395732411183147,0.6395732411183147,0
40,19,0.05114125460386276,0.23446999264296547,0.0,0.07999997271368958,99.21875,0.07999996101955656,-1.522735961374787,0.0,0.08,0.07999997271368958,0.07999997271368958,0
40,15,0.19271942973136902,0.23446999264296547,0.0,0.07999997271368958,93.359375,0.07999996101955656,-0.19609220806625965,0.0,0.08,0.07999997271368958,0.07999997271368958,0
40,0,0.2347201108932495,0.23446999264296547,0.0010661702428506883,0.08025585357197375,95.43147208121827,0.07999996101955656,0.0010661702428506883,0.0010661702428506883,0.08085293619428055,0.08025585357197375,0.08025585357197375,0
40,3,0.21419064700603485,0.23446999264296547,0.0,0.07999997271368958,95.26315789473684,0.07999996101955656,-0.0904611202281144,0.0,0.08,0.07999997271368958,0.07999997271368958,0
40,16,0.03547059744596481,0.23446999264296547,0.0,0.07999997271368958,97.65625,0.07999996101955656,-1.8886232649395407,0.0,0.08,0.07999997271368958,0.07999997271368958,0
40,1,0.27696865797042847,0.23446999264296547,0.16657672856484962,0.24557710340334277,91.89189189189189,0.2594266979253984,0.16657672856484962,0.16657672856484962,0.21326138285187968,0.24557710340334277,0.24557710340334277,0
40,12,0.09067565202713013,0.23446999264296547,0.0,0.07999997271368958,97.265625,0.07999996101955656,-0.9500386729636542,0.0,0.08,0.07999997271368958,0.07999997271368958,0
40,7,0.09617605060338974,0.23446999264296547,0.0,0.07999997271368958,98.94736842105263,0.07999996101955656,-0.8911471827780492,0.0,0.08,0.07999997271368958,0.07999997271368958,0
40,6,0.11887407302856445,0.23446999264296547,0.0,0.07999997271368958,95.74468085106383,0.07999996101955656,-0.6792628521139136,0.0,0.08,0.07999997271368958,0.07999997271368958,0
40,9,0.09546396136283875,0.23446999264296547,0.0,0.07999997271368958,98.4375,0.07999996101955656,-0.8985787461160624,0.0,0.08,0.07999997271368958,0.07999997271368958,0
40,11,0.1440582275390625,0.23446999264296547,0.0,0.07999997271368958,94.140625,0.07999996101955656,-0.4871100140328264,0.0,0.08,0.07999997271368958,0.07999997271368958,0
40,10,0.07752753049135208,0.23446999264296547,0.0,0.07999997271368958,97.85407725321889,0.07999996101955656,-1.1066944247925194,0.0,0.08,0.07999997271368958,0.07999997271368958,0
40,17,0.14583027362823486,0.23446999264296547,0.0,0.07999997271368958,92.96875,0.07999996101955656,-0.4748841545573654,0.0,0.08,0.07999997271368958,0.07999997271368958,0
40,13,0.18838965892791748,0.23446999264296547,0.0,0.07999997271368958,96.875,0.07999996101955656,-0.2188151344050841,0.0,0.08,0.07999997271368958,0.07999997271368958,0
40,2,0.18422062695026398,0.23446999264296547,0.0,0.08231949665877944,93.44262295081967,0.08331356665539921,-0.24119350609842835,0.0,0.08,0.08231949665877944,0.08231949665877944,0
41,15,0.14217661321163177,0.22595855241301646,0.0,0.07999998089958271,93.359375,0.07999997271368958,-0.46328152018115437,0.0,0.08,0.07999998089958271,0.07999998089958271,0
41,4,0.21459242701530457,0.22595855241301646,0.0,0.07999998089958271,93.00699300699301,0.07999997271368958,-0.0516110429708145,0.0,0.08,0.07999998089958271,0.07999998089958271,0
41,17,0.141704261302948,0.22595855241301646,0.0,0.07999998089958271,94.140625,0.07999997271368958,-0.46660934078288124,0.0,0.08,0.07999998089958271,0.07999998089958271,0
41,1,0.42590659856796265,0.22595855241301646,0.6338684632151104,0.34803240355396636,91.89189189189189,0.24557710340334277,0.6338684632151104,0.6338684632151104,0.5870947705720883,0.34803240355396636,0.34803240355396636,0
41,7,0.08467821776866913,0.22595855241301646,0.0,0.07999998089958271,97.89473684210526,0.07999997271368958,-0.9814931128290462,0.0,0.08,0.07999998089958271,0.07999998089958271,0
41,16,0.035886138677597046,0.22595855241301646,0.0,0.07999998089958271,98.4375,0.07999997271368958,-1.8400002399716187,0.0,0.08,0.07999998089958271,0.07999998089958271,0
41,3,0.15811268985271454,0.22595855241301646,0.0,0.07999998089958271,96.84210526315789,0.07999997271368958,-0.3570435613429638,0.0,0.08,0.07999998089958271,0.07999998089958271,0
41,12,0.18079763650894165,0.22595855241301646,0.0,0.07999998089958271,96.09375,0.07999997271368958,-0.22297319952963893,0.0,0.08,0.07999998089958271,0.07999998089958271,0
41,2,0.22302056849002838,0.22595855241301646,0.0,0.0816236476611456,94.26229508196721,0.08231949665877944,-0.013087582879526901,0.0,0.08,0.0816236476611456,0.0816236476611456,0
41,6,0.1643751561641693,0.22595855241301646,0.0,0.07999998089958271,96.80851063829788,0.07999997271368958,-0.31820021649023184,0.0,0.08,0.07999998089958271,0.07999998089958271,0
41,19,0.06552371382713318,0.22595855241301646,0.0,0.07999998089958271,97.65625,0.07999997271368958,-1.2379393574082067,0.0,0.08,0.07999998089958271,0.07999998089958271,0
41,0,0.1762697696685791,0.22595855241301646,0.0,0.08017909750038163,91.37055837563452,0.08025585357197375,-0.24833596984086187,0.0,0.08,0.08017909750038163,0.08017909750038163,0
41,11,0.14867986738681793,0.22595855241301646,0.0,0.07999998089958271,96.875,0.07999997271368958,-0.4185561095561024,0.0,0.08,0.07999998089958271,0.07999998089958271,0
41,13,0.10616664588451385,0.22595855241301646,0.0,0.07999998089958271,97.5,0.07999997271368958,-0.7553415455210662,0.0,0.08,0.07999998089958271,0.07999998089958271,0
41,8,0.0522226057946682,0.22595855241301646,0.0,0.07999998089958271,97.265625,0.07999997271368958,-1.464835976473298,0.0,0.08,0.07999998089958271,0.07999998089958271,0
41,9,0.12358284741640091,0.22595855241301646,0.0,0.07999998089958271,97.65625,0.07999997271368958,-0.6034397889438118,0.0,0.08,0.07999998089958271,0.07999998089958271,0
41,10,0.14058417081832886,0.22595855241301646,0.0,0.07999998089958271,96.99570815450643,0.07999997271368958,-0.47454516922048784,0.0,0.08,0.07999998089958271,0.07999998089958271,0
41,5,0.74032062292099,0.22595855241301646,0.7,0.6397012687828202,72.65625,0.6395732411183147,1.18673174978083,0.7,0.6399999999999999,0.6397012687828202,0.6397012687828202,0
41,18,0.1417894810438156,0.22595855241301646,0.0,0.0799999931213453,94.921875,0.07999999017335044,-0.46600813007031333,0.0,0.08,0.0799999931213453,0.0799999931213453,0
41,14,0.126247376203537,0.22595855241301646,0.0,0.07999998089958271,93.75,0.07999997271368958,-0.582108265703599,0.0,0.08,0.07999998089958271,0.07999998089958271,0
42,4,0.16973112523555756,0.21756100188448718,0.0,0.07999998662970789,93.00699300699301,0.07999998089958271,-0.248263697973191,0.0,0.08,0.07999998662970789,0.07999998662970789,0
42,16,0.03458814322948456,0.21756100188448718,0.0,0.07999998662970789,99.21875,0.07999998089958271,-1.8389680943807096,0.0,0.08,0.07999998662970789,0.07999998662970789,0
42,10,0.1564495712518692,0.21756100188448718,0.0,0.07999998662970789,98.71244635193133,0.07999998089958271,-0.3297455320540914,0.0,0.08,0.07999998662970789,0.07999998662970789,0
42,8,0.06686113029718399,0.21756100188448718,0.0,0.07999998662970789,98.046875,0.07999998089958271,-1.1798613897585801,0.0,0.08,0.07999998662970789,0.07999998662970789,0
42,13,0.11177798360586166,0.21756100188448718,0.0,0.07999998662970789,96.875,0.07999998089958271,-0.6659646214142122,0.0,0.08,0.07999998662970789,0.07999998662970789,0
42,11,0.1466497927904129,0.21756100188448718,0.0,0.07999998662970789,93.359375,0.07999998089958271,-0.39443187494444204,0.0,0.08,0.07999998662970789,0.07999998662970789,0
42,2,0.1684824675321579,0.21756100188448718,0.0,0.08113655336280193,95.08196721311475,0.0816236476611456,-0.2556475721254504,0.0,0.08,0.08113655336280193,0.08113655336280193,0
42,6,0.2107972949743271,0.21756100188448718,0.0,0.07999998662970789,96.80851063829788,0.07999998089958271,-0.031582293769650195,0.0,0.08,0.07999998662970789,0.07999998662970789,0
42,1,0.36390814185142517,0.21756100188448718,0.5144221801142851,0.39108400571520485,97.29729729729729,0.34803240355396636,0.5144221801142851,0.5144221801142851,0.4915377440914281,0.39108400571520485,0.39108400571520485,0
42,0,0.1475098729133606,0.21756100188448718,0.0,0.08012536825026714,94.9238578680203,0.08017909750038163,-0.388584149265631,0.0,0.08,0.08012536825026714,0.08012536825026714,0
42,15,0.08067461103200912,0.21756100188448718,0.0,0.07999998662970789,92.96875,0.07999998089958271,-0.9920552851413952,0.0,0.08,0.07999998662970789,0.07999998662970789,0
42,12,0.1278364658355713,0.21756100188448718,0.0,0.07999998662970789,96.09375,0.07999998089958271,-0.5317274109587157,0.0,0.08,0.07999998662970789,0.07999998662970789,0
42,14,0.13680587708950043,0.21756100188448718,0.0,0.07999998662970789,97.65625,0.07999998089958271,-0.4639162870608869,0.0,0.08,0.07999998662970789,0.07999998662970789,0
42,7,0.12834744155406952,0.21756100188448718,0.0,0.07999998662970789,96.84210526315789,0.07999998089958271,-0.5277382739249441,0.0,0.08,0.07999998662970789,0.07999998662970789,0
42,18,0.21242092549800873,0.21756100188448718,0.0,0.0799999951849417,94.53125,0.0799999931213453,-0.023909474718119276,0.0,0.08,0.0799999951849417,0.0799999951849417,0
42,19,0.10460063815116882,0.21756100188448718,0.0,0.07999998662970789,98.4375,0.07999998089958271,-0.732329577517849,0.0,0.08,0.07999998662970789,0.07999998662970789,0
42,9,0.06753933429718018,0.21756100188448718,0.0,0.07999998662970789,97.65625,0.07999998089958271,-1.169769019055813,0.0,0.08,0.07999998662970789,0.07999998662970789,0
42,5,0.6143760085105896,0.21756100188448718,0.7,0.639790888147974,76.953125,0.6397012687828202,1.0381278230962296,0.7,0.6399999999999999,0.639790888147974,0.639790888147974,0
42,3,0.1532599925994873,0.21756100188448718,0.0,0.07999998662970789,97.89473684210526,0.07999998089958271,-0.35034348309981467,0.0,0.08,0.07999998662970789,0.07999998662970789,0
42,17,0.18408669531345367,0.21756100188448718,0.0,0.07999998662970789,94.53125,0.07999998089958271,-0.1670724544561498,0.0,0.08,0.07999998662970789,0.07999998662970789,0
43,4,0.249910369515419,0.21051288498122717,0.17155546158953955,0.12117330142228502,93.7062937062937,0.07999998662970789,0.17155546158953955,0.17155546158953955,0.21724436927163165,0.12117330142228502,0.12117330142228502,0
43,11,0.12368461489677429,0.21051288498122717,0.0,0.07999999064079552,97.265625,0.07999998662970789,-0.5318119318689816,0.0,0.08,0.07999999064079552,0.07999999064079552,0
43,0,0.14661754667758942,0.21051288498122717,0.0,0.080087757775187,94.41624365482234,0.08012536825026714,-0.3617193687265025,0.0,0.08,0.080087757775187,0.080087757775187,0
43,9,0.052763279527425766,0.21051288498122717,0.0,0.07999999064079552,99.609375,0.07999998662970789,-1.3837312352690716,0.0,0.08,0.07999999064079552,0.07999999064079552,0
43,10,0.0919949859380722,0.21051288498122717,0.0,0.07999999064079552,95.27896995708154,0.07999998662970789,-0.8278127264721057,0.0,0.08,0.07999999064079552,0.07999999064079552,0
43,12,0.10753149539232254,0.21051288498122717,0.0,0.07999999064079552,98.046875,0.07999998662970789,-0.6717630320173261,0.0,0.08,0.07999999064079552,0.07999999064079552,0
43,15,0.15677879750728607,0.21051288498122717,0.0,0.07999999064079552,96.09375,0.07999998662970789,-0.2947109674860206,0.0,0.08,0.07999999064079552,0.07999999064079552,0
43,6,0.07528139650821686,0.21051288498122717,0.0,0.07999999064079552,94.68085106382979,0.07999998662970789,-1.0283137312713395,0.0,0.08,0.07999999064079552,0.07999999064079552,0
43,19,0.11857457458972931,0.21051288498122717,0.0,0.07999999064079552,98.046875,0.07999998662970789,-0.5740047416614557,0.0,0.08,0.07999999064079552,0.07999999064079552,0
43,2,0.1921064555644989,0.21051288498122717,0.0,0.08079558735396135,93.44262295081967,0.08113655336280193,-0.09149718357099301,0.0,0.08,0.08079558735396135,0.08079558735396135,0
43,18,0.18199995160102844,0.21051288498122717,0.0,0.0799999966294592,93.75,0.0799999951849417,-0.14554043397095978,0.0,0.08,0.0799999966294592,0.0799999966294592,0
43,1,0.14829911291599274,0.21051288498122717,0.0,0.2977588040006434,86.48648648648648,0.39108400571520485,-0.3503155751929133,0.0,0.08,0.2977588040006434,0.2977588040006434,0
43,5,0.6673567891120911,0.21051288498122717,0.7,0.6398536217035817,72.65625,0.639790888147974,1.1537779240290942,0.7,0.6399999999999999,0.6398536217035817,0.6398536217035817,0
43,7,0.04622218385338783,0.21051288498122717,0.0,0.07999999064079552,96.84210526315789,0.07999998662970789,-1.516086840888338,0.0,0.08,0.07999999064079552,0.07999999064079552,0
43,17,0.12741118669509888,0.21051288498122717,0.0,0.07999999064079552,96.875,0.07999998662970789,-0.5021272846412979,0.0,0.08,0.07999999064079552,0.07999999064079552,0
43,14,0.12681680917739868,0.21051288498122717,0.0,0.07999999064079552,97.265625,0.07999998662970789,-0.5068032335027198,0.0,0.08,0.07999999064079552,0.07999999064079552,0
43,16,0.02010803297162056,0.21051288498122717,0.0,0.07999999064079552,99.21875,0.07999998662970789,-2.3484270271953207,0.0,0.08,0.07999999064079552,0.07999999064079552,0
43,8,0.13657917082309723,0.21051288498122717,0.0,0.07999999064079552,98.4375,0.07999998662970789,-0.43264238433022434,0.0,0.08,0.07999999064079552,0.07999999064079552,0
43,3,0.2236122488975525,0.21051288498122717,0.06036665483695152,0.09448798780166388,93.6842105263158,0.07999998662970789,0.06036665483695152,0.06036665483695152,0.12829332386956122,0.09448798780166388,0.09448798780166388,0
43,13,0.11404238641262054,0.21051288498122717,0.0,0.07999999064079552,95.625,0.07999998662970789,-0.6129766324506095,0.0,0.08,0.07999999064079552,0.07999999064079552,0
44,14,0.1517416387796402,0.20217299627672933,0.0,0.07999999344855686,95.703125,0.07999999064079552,-0.28694440188770665,0.0,0.08,0.07999999344855686,0.07999999344855686,0
44,15,0.13488411903381348,0.20217299627672933,0.0,0.07999999344855686,95.703125,0.07999999064079552,-0.40470769112746524,0.0,0.08,0.07999999344855686,0.07999999344855686,0
44,5,0.645174503326416,0.20217299627672933,0.7,0.6398975351925071,74.609375,0.6398536217035817,1.1603970459375437,0.7,0.6399999999999999,0.6398975351925071,0.6398975351925071,0
44,3,0.2193814069032669,0.20217299627672933,0.08168804707408533,0.1097467227589452,95.78947368421052,0.09448798780166388,0.08168804707408533,0.08168804707408533,0.14535043765926828,0.1097467227589452,0.1097467227589452,0
44,8,0.045394666492938995,0.20217299627672933,0.0,0.07999999344855686,98.4375,0.07999999064079552,-1.4937289572520684,0.0,0.08,0.07999999344855686,0.07999999344855686,0
44,4,0.16284720599651337,0.20217299627672933,0.0,0.10882131099559952,96.5034965034965,0.12117330142228502,-0.21631136149129168,0.0,0.08,0.10882131099559952,0.10882131099559952,0
44,7,0.09154219180345535,0.20217299627672933,0.0,0.07999999344855686,97.89473684210526,0.07999999064079552,-0.7923237097123128,0.0,0.08,0.07999999344855686,0.07999999344855686,0
44,9,0.07141216844320297,0.20217299627672933,0.0,0.07999999344855686,98.4375,0.07999999064079552,-1.040655376327197,0.0,0.08,0.07999999344855686,0.07999999344855686,0
44,6,0.08382242172956467,0.20217299627672933,0.0,0.07999999344855686,98.93617021276596,0.07999999064079552,-0.8804231441546282,0.0,0.08,0.07999999344855686,0.07999999344855686,0
44,10,0.054170891642570496,0.20217299627672933,0.0,0.07999999344855686,95.70815450643777,0.07999999064079552,-1.3169799033433585,0.0,0.08,0.07999999344855686,0.07999999344855686,0
44,17,0.09927953034639359,0.20217299627672933,0.0,0.07999999344855686,96.09375,0.07999999064079552,-0.7111842865448526,0.0,0.08,0.07999999344855686,0.07999999344855686,0
44,13,0.18209142982959747,0.20217299627672933,0.0,0.07999999344855686,96.25,0.07999999064079552,-0.10461482000540007,0.0,0.08,0.07999999344855686,0.07999999344855686,0
44,1,0.2647731304168701,0.20217299627672933,0.26974958788774633,0.2971710638935095,89.1891891891892,0.2977588040006434,0.26974958788774633,0.26974958788774633,0.2957996703101971,0.2971710638935095,0.2971710638935095,0
44,18,0.14536218345165253,0.20217299627672933,0.0,0.07999999764062143,96.484375,0.0799999966294592,-0.3298952837968105,0.0,0.08,0.07999999764062143,0.07999999764062143,0
44,12,0.15098050236701965,0.20217299627672933,0.0,0.07999999344855686,97.265625,0.07999999064079552,-0.29197302624507454,0.0,0.08,0.07999999344855686,0.07999999344855686,0
44,0,0.22115366160869598,0.20217299627672933,0.08973400896261692,0.10159759259365894,92.38578680203045,0.080087757775187,0.08973400896261692,0.08973400896261692,0.15178720717009353,0.10159759259365894,0.10159759259365894,0
44,16,0.04110783711075783,0.20217299627672933,0.0,0.07999999344855686,98.828125,0.07999999064079552,-1.5929247670124056,0.0,0.08,0.07999999344855686,0.07999999344855686,0
44,11,0.07282361388206482,0.20217299627672933,0.0,0.07999999344855686,97.65625,0.07999999064079552,-1.0210833911221877,0.0,0.08,0.07999999344855686,0.07999999344855686,0
44,2,0.16184736788272858,0.20217299627672933,0.0,0.08055691114777294,91.80327868852459,0.08079558735396135,-0.22247001822825835,0.0,0.08,0.08055691114777294,0.08055691114777294,0
44,19,0.06690241396427155,0.20217299627672933,0.0,0.07999999344855686,98.046875,0.07999999064079552,-1.1058885984317552,0.0,0.08,0.07999999344855686,0.07999999344855686,0
45,10,0.09538009762763977,0.19596801177332968,0.0,0.0799999954139898,96.56652360515021,0.07999999344855686,-0.7200814504233843,0.0,0.08,0.0799999954139898,0.0799999954139898,0
45,3,0.10945131629705429,0.19596801177332968,0.0,0.10082270593126164,96.3157894736842,0.1097467227589452,-0.5824715499711389,0.0,0.08,0.10082270593126164,0.10082270593126164,0
45,0,0.1724628508090973,0.19596801177332968,0.0,0.09511831481556127,95.93908629441624,0.10159759259365894,-0.12776957806800524,0.0,0.08,0.09511831481556127,0.09511831481556127,0
45,4,0.1720873862504959,0.19596801177332968,0.0,0.10017491769691966,93.00699300699301,0.10882131099559952,-0.12994902620092383,0.0,0.08,0.10017491769691966,0.10017491769691966,0
45,17,0.12309890985488892,0.19596801177332968,0.0,0.0799999954139898,96.484375,0.07999999344855686,-0.4649632330836054,0.0,0.08,0.0799999954139898,0.0799999954139898,0
45,6,0.15532907843589783,0.19596801177332968,0.0,0.0799999954139898,95.74468085106383,0.07999999344855686,-0.23240547428347938,0.0,0.08,0.0799999954139898,0.0799999954139898,0
45,18,0.10549503564834595,0.19596801177332968,0.0,0.07999999834843499,94.53125,0.07999999764062143,-0.6192875005674656,0.0,0.08,0.07999999834843499,0.07999999834843499,0
45,19,0.07143289595842361,0.19596801177332968,0.0,0.0799999954139898,97.65625,0.07999999344855686,-1.0091928607580694,0.0,0.08,0.0799999954139898,0.0799999954139898,0
45,12,0.11111132800579071,0.19596801177332968,0.0,0.0799999954139898,96.484375,0.07999999344855686,-0.5674187480057651,0.0,0.08,0.0799999954139898,0.0799999954139898,0
45,14,0.12390363961458206,0.19596801177332968,0.0,0.0799999954139898,96.09375,0.07999999344855686,-0.4584472473698349,0.0,0.08,0.0799999954139898,0.0799999954139898,0
45,16,0.03165668621659279,0.19596801177332968,0.0,0.0799999954139898,99.609375,0.07999999344855686,-1.823001794665063,0.0,0.08,0.0799999954139898,0.0799999954139898,0
45,11,0.12603534758090973,0.19596801177332968,0.0,0.0799999954139898,95.3125,0.07999999344855686,-0.44138900839395795,0.0,0.08,0.0799999954139898,0.0799999954139898,0
45,1,0.15422219038009644,0.19596801177332968,0.0,0.23201974472545664,91.89189189189189,0.2971710638935095,-0.23955706959881068,0.0,0.08,0.23201974472545664,0.23201974472545664,0
45,2,0.16014012694358826,0.19596801177332968,0.0,0.08038983780344106,90.98360655737704,0.08055691114777294,-0.20190220390842106,0.0,0.08,0.08038983780344106,0.08038983780344106,0
45,8,0.1253775805234909,0.19596801177332968,0.0,0.0799999954139898,98.046875,0.07999999344855686,-0.44662158343175173,0.0,0.08,0.0799999954139898,0.0799999954139898,0
45,5,0.7373729348182678,0.19596801177332968,0.7,0.639928274634755,75.78125,0.6398975351925071,1.3251423034581467,0.7,0.6399999999999999,0.639928274634755,0.639928274634755,0
45,15,0.14564143121242523,0.19596801177332968,0.0,0.0799999954139898,93.75,0.07999999344855686,-0.2968037727250613,0.0,0.08,0.0799999954139898,0.0799999954139898,0
45,13,0.08620215952396393,0.19596801177332968,0.0,0.0799999954139898,96.25,0.07999999344855686,-0.8212561458573271,0.0,0.08,0.0799999954139898,0.0799999954139898,0
45,9,0.09167073667049408,0.19596801177332968,0.0,0.0799999954139898,96.09375,0.07999999344855686,-0.759748174561092,0.0,0.08,0.0799999954139898,0.0799999954139898,0
45,7,0.08329880237579346,0.19596801177332968,0.0,0.0799999954139898,97.89473684210526,0.07999999344855686,-0.8555171998239078,0.0,0.08,0.0799999954139898,0.0799999954139898,0
46,19,0.06869262456893921,0.18872133806947028,0.0,0.07999999678979286,98.4375,0.0799999954139898,-1.0106295963331375,0.0,0.08,0.07999999678979286,0.07999999678979286,0
46,6,0.1305350810289383,0.18872133806947028,0.0,0.07999999678979286,94.68085106382979,0.0799999954139898,-0.36862949090919883,0.0,0.08,0.07999999678979286,0.07999999678979286,0
46,4,0.18563616275787354,0.18872133806947028,0.0,0.09412244238784376,95.1048951048951,0.10017491769691966,-0.01648288061213421,0.0,0.08,0.09412244238784376,0.09412244238784376,0
46,9,0.06332302838563919,0.18872133806947028,0.0,0.07999999678979286,97.65625,0.0799999954139898,-1.09202235982546,0.0,0.08,0.07999999678979286,0.07999999678979286,0
46,5,0.6905293464660645,0.18872133806947028,0.7,0.6399497922443285,77.734375,0.639928274634755,1.2971869084416252,0.7,0.6399999999999999,0.6399497922443285,0.6399497922443285,0
46,18,0.11910722404718399,0.18872133806947028,0.0,0.07999999884390449,93.75,0.07999999834843499,-0.46024736451139686,0.0,0.08,0.07999999884390449,0.07999999884390449,0
46,16,0.06593199819326401,0.18872133806947028,0.0,0.07999999678979286,99.609375,0.0799999954139898,-1.0516475461616632,0.0,0.08,0.07999999678979286,0.07999999678979286,0
46,17,0.15304683148860931,0.18872133806947028,0.0,0.07999999678979286,95.3125,0.0799999954139898,-0.2095275502418309,0.0,0.08,0.07999999678979286,0.07999999678979286,0
46,2,0.20924131572246552,0.18872133806947028,0.10321667607719964,0.10504488872093665,95.90163934426229,0.08038983780344106,0.10321667607719964,0.10321667607719964,0.16257334086175973,0.10504488872093665,0.10504488872093665,0
46,12,0.09147553890943527,0.18872133806947028,0.0,0.07999999678979286,95.703125,0.0799999954139898,-0.7241998667621526,0.0,0.08,0.07999999678979286,0.07999999678979286,0
46,15,0.13467887043952942,0.18872133806947028,0.0,0.07999999678979286,94.53125,0.0799999954139898,-0.33737829678564685,0.0,0.08,0.07999999678979286,0.07999999678979286,0
46,14,0.1068849265575409,0.18872133806947028,0.0,0.07999999678979286,96.484375,0.0799999954139898,-0.5685186817262098,0.0,0.08,0.07999999678979286,0.07999999678979286,0
46,8,0.049312423914670944,0.18872133806947028,0.0,0.07999999678979286,99.21875,0.0799999954139898,-1.3420953198273833,0.0,0.08,0.07999999678979286,0.07999999678979286,0
46,0,0.19700510799884796,0.18872133806947028,0.04295812979094309,0.10089277152071924,95.43147208121827,0.09511831481556127,0.04295812979094309,0.04295812979094309,0.11436650383275448,0.10089277152071924,0.10089277152071924,0
46,3,0.13898569345474243,0.18872133806947028,0.0,0.09457589415188314,96.3157894736842,0.10082270593126164,-0.3059005033017671,0.0,0.08,0.09457589415188314,0.09457589415188314,0
46,11,0.09016574919223785,0.18872133806947028,0.0,0.07999999678979286,96.875,0.0799999954139898,-0.7386218331427928,0.0,0.08,0.07999999678979286,0.07999999678979286,0
46,7,0.0527530200779438,0.18872133806947028,0.0,0.07999999678979286,97.89473684210526,0.0799999954139898,-1.2746503653568273,0.0,0.08,0.07999999678979286,0.07999999678979286,0
46,1,0.27889493107795715,0.18872133806947028,0.39056357733132285,0.28014907986733717,86.48648648648648,0.23201974472545664,0.39056357733132285,0.39056357733132285,0.39245086186505834,0.28014907986733717,0.28014907986733717,0
46,10,0.1043318584561348,0.18872133806947028,0.0,0.07999999678979286,96.99570815450643,0.0799999954139898,-0.5926947168822215,0.0,0.08,0.07999999678979286,0.07999999678979286,0
46,13,0.14155004918575287,0.18872133806947028,0.0,0.07999999678979286,96.875,0.0799999954139898,-0.28761814861521745,0.0,0.08,0.07999999678979286,0.07999999678979286,0
47,9,0.07619279623031616,0.18233131951632936,0.0,0.07999999775285499,97.65625,0.07999999678979286,-0.8725584720281486,0.0,0.08,0.07999999775285499,0.07999999775285499,0
47,13,0.1464763730764389,0.18233131951632936,0.0,0.07999999775285499,95.0,0.07999999678979286,-0.218961316045475,0.0,0.08,0.07999999775285499,0.07999999775285499,0
47,19,0.06648783385753632,0.18233131951632936,0.0,0.07999999775285499,99.609375,0.07999999678979286,-1.0088063920206671,0.0,0.08,0.07999999775285499,0.07999999775285499,0
47,5,0.6486396789550781,0.18233131951632936,0.7,0.6399648545710299,80.46875,0.6399497922443285,1.2690518598916538,0.7,0.6399999999999999,0.6399648545710299,0.6399648545710299,0
47,8,0.048893388360738754,0.18233131951632936,0.0,0.07999999775285499,97.65625,0.07999999678979286,-1.3161831393186414,0.0,0.08,0.07999999775285499,0.07999999775285499,0
47,17,0.11306494474411011,0.18233131951632936,0.0,0.07999999775285499,92.96875,0.07999999678979286,-0.47786304952736797,0.0,0.08,0.07999999775285499,0.07999999775285499,0
47,12,0.10462742298841476,0.18233131951632936,0.0,0.07999999775285499,96.484375,0.07999999678979286,-0.5554197409290685,0.0,0.08,0.07999999775285499,0.07999999775285499,0
47,14,0.11396295577287674,0.18233131951632936,0.0,0.07999999775285499,94.53125,0.07999999678979286,-0.4699519898637955,0.0,0.08,0.07999999775285499,0.07999999775285499,0
47,7,0.12071550637483597,0.18233131951632936,0.0,0.07999999775285499,97.89473684210526,0.07999999678979286,-0.4123888507668649,0.0,0.08,0.07999999775285499,0.07999999775285499,0
47,1,0.2436465471982956,0.18233131951632936,0.28989311524014566,0.289678703564771,91.89189189189189,0.28014907986733717,0.28989311524014566,0.28989311524014566,0.31191449219211653,0.289678703564771,0.289678703564771,0
47,3,0.21060244739055634,0.18233131951632936,0.1441467443150738,0.1247983445419359,95.26315789473684,0.09457589415188314,0.1441467443150738,0.1441467443150738,0.19531739545205906,0.1247983445419359,0.1247983445419359,0
47,6,0.09134926646947861,0.18233131951632936,0.0,0.07999999775285499,98.93617021276596,0.07999999678979286,-0.6911351614669261,0.0,0.08,0.07999999775285499,0.07999999775285499,0
47,4,0.16359877586364746,0.18233131951632936,0.0,0.08988570967149062,98.6013986013986,0.09412244238784376,-0.1084085210681248,0.0,0.08,0.08988570967149062,0.08988570967149062,0
47,0,0.1120302602648735,0.18233131951632936,0.0,0.09462494006450345,95.43147208121827,0.10089277152071924,-0.48705641883712275,0.0,0.08,0.09462494006450345,0.09462494006450345,0
47,16,0.026796113699674606,0.18233131951632936,0.0,0.07999999775285499,98.4375,0.07999999678979286,-1.9175682848540117,0.0,0.08,0.07999999775285499,0.07999999775285499,0
47,18,0.1127099022269249,0.18233131951632936,0.0,0.07999999919073314,95.3125,0.07999999884390449,-0.48100815433564365,0.0,0.08,0.07999999919073314,0.07999999919073314,0
47,15,0.1837165802717209,0.18233131951632936,0.007568776073002417,0.08181650401037557,93.75,0.07999999678979286,0.007568776073002417,0.007568776073002417,0.08605502085840194,0.08181650401037557,0.08181650401037557,0
47,10,0.05660077929496765,0.18233131951632936,0.0,0.07999999775285499,96.99570815450643,0.07999999678979286,-1.169802593585209,0.0,0.08,0.07999999775285499,0.07999999775285499,0
47,11,0.09275233745574951,0.18233131951632936,0.0,0.07999999775285499,96.875,0.07999999678979286,-0.6758925131746687,0.0,0.08,0.07999999775285499,0.07999999775285499,0
47,2,0.12712730467319489,0.18233131951632936,0.0,0.09753142210465565,94.26229508196721,0.10504488872093665,-0.36063646178284814,0.0,0.08,0.09753142210465565,0.09753142210465565,0
48,15,0.2016398012638092,0.17538692991324817,0.13948837491783983,0.11474876278754445,94.921875,0.08181650401037557,0.13948837491783983,0.13948837491783983,0.19159069993427186,0.11474876278754445,0.11474876278754445,0
48,5,0.6088078618049622,0.17538692991324817,0.7,0.6399753981997209,77.34375,0.6399648545710299,1.244508118207871,0.7,0.6399999999999999,0.6399753981997209,0.6399753981997209,0
48,19,0.06013360992074013,0.17538692991324817,0.0,0.07999999842699848,98.046875,0.07999999775285499,-1.0704255334754214,0.0,0.08,0.07999999842699848,0.07999999842699848,0
48,10,0.06563308835029602,0.17538692991324817,0.0,0.07999999842699848,97.85407725321889,0.07999999775285499,-0.9829145015591523,0.0,0.08,0.07999999842699848,0.07999999842699848,0
48,17,0.15062464773654938,0.17538692991324817,0.0,0.07999999842699848,93.75,0.07999999775285499,-0.15220358633657605,0.0,0.08,0.07999999842699848,0.07999999842699848,0
48,3,0.14159145951271057,0.17538692991324817,0.0,0.11135884117935513,98.42105263157895,0.1247983445419359,-0.21404868239984529,0.0,0.08,0.11135884117935513,0.11135884117935513,0
48,16,0.023822924122214317,0.17538692991324817,0.0,0.07999999842699848,99.609375,0.07999999775285499,-1.9963458830149226,0.0,0.08,0.07999999842699848,0.07999999842699848,0
48,18,0.09912514686584473,0.17538692991324817,0.0,0.07999999943351319,92.578125,0.07999999919073314,-0.5706113558313158,0.0,0.08,0.07999999943351319,0.07999999943351319,0
48,6,0.15360096096992493,0.17538692991324817,0.0,0.07999999842699848,95.74468085106383,0.07999999775285499,-0.13263647617807114,0.0,0.08,0.07999999842699848,0.07999999842699848,0
48,7,0.09970193356275558,0.17538692991324817,0.0,0.07999999842699848,96.84210526315789,0.07999999775285499,-0.5648094474027746,0.0,0.08,0.07999999842699848,0.07999999842699848,0
48,9,0.07126151770353317,0.17538692991324817,0.0,0.07999999842699848,99.21875,0.07999999775285499,-0.9006380198983626,0.0,0.08,0.07999999842699848,0.07999999842699848,0
48,12,0.12961915135383606,0.17538692991324817,0.0,0.07999999842699848,98.046875,0.07999999775285499,-0.3023939953485589,0.0,0.08,0.07999999842699848,0.07999999842699848,0
48,1,0.3148531913757324,0.17538692991324817,0.5851118845320528,0.36720194478303236,91.89189189189189,0.289678703564771,0.5851118845320528,0.5851118845320528,0.5480895076256422,0.36720194478303236,0.36720194478303236,0
48,11,0.09032437950372696,0.17538692991324817,0.0,0.07999999842699848,98.046875,0.07999999775285499,-0.663587100164421,0.0,0.08,0.07999999842699848,0.07999999842699848,0
48,4,0.14204327762126923,0.17538692991324817,0.0,0.08691999677004345,93.7062937062937,0.08988570967149062,-0.21086276474088458,0.0,0.08,0.08691999677004345,0.08691999677004345,0
48,8,0.10166246443986893,0.17538692991324817,0.0,0.07999999842699848,98.828125,0.07999999775285499,-0.5453363662190125,0.0,0.08,0.07999999842699848,0.07999999842699848,0
48,2,0.1750277876853943,0.17538692991324817,0.0,0.09227199547325896,90.98360655737704,0.09753142210465565,-0.0020498130647511967,0.0,0.08,0.09227199547325896,0.09227199547325896,0
48,13,0.15173110365867615,0.17538692991324817,0.0,0.07999999842699848,96.875,0.07999999775285499,-0.14488465304071899,0.0,0.08,0.07999999842699848,0.07999999842699848,0
48,14,0.11424791812896729,0.17538692991324817,0.0,0.07999999842699848,98.4375,0.07999999775285499,-0.42862372321914327,0.0,0.08,0.07999999842699848,0.07999999842699848,0
48,0,0.1333969384431839,0.17538692991324817,0.0,0.0902374580451524,93.90862944162437,0.09462494006450345,-0.27366536030906535,0.0,0.08,0.0902374580451524,0.0902374580451524,0
49,18,0.11231741309165955,0.17099904141177436,0.0,0.07999999960345923,95.3125,0.07999999943351319,-0.4203290117334031,0.0,0.08,0.07999999960345923,0.07999999960345923,0
49,6,0.127261683344841,0.17099904141177436,0.0,0.07999999889889893,95.74468085106383,0.07999999842699848,-0.2954124652886483,0.0,0.08,0.07999999889889893,0.07999999889889893,0
49,10,0.04965196177363396,0.17099904141177436,0.0,0.07999999889889893,98.28326180257511,0.07999999842699848,-1.2366199060181378,0.0,0.08,0.07999999889889893,0.07999999889889893,0
49,4,0.1794935166835785,0.17099904141177436,0.048481135046207,0.0964794701501201,92.3076923076923,0.08691999677004345,0.048481135046207,0.048481135046207,0.1187849080369656,0.0964794701501201,0.0964794701501201,0
49,2,0.22199717164039612,0.17099904141177436,0.2610066772904539,0.1512319993809902,96.72131147540983,0.09227199547325896,0.2610066772904539,0.2610066772904539,0.2888053418323631,0.1512319993809902,0.1512319993809902,0
49,16,0.031041128560900688,0.17099904141177436,0.0,0.07999999889889893,99.21875,0.07999999842699848,-1.7063446341040132,0.0,0.08,0.07999999889889893,0.07999999889889893,0
49,0,0.11717443913221359,0.17099904141177436,0.0,0.08716622063160667,96.95431472081218,0.0902374580451524,-0.37799416662989893,0.0,0.08,0.08716622063160667,0.08716622063160667,0
49,17,0.11279850453138351,0.17099904141177436,0.0,0.07999999889889893,94.140625,0.07999999842699848,-0.41605483925848097,0.0,0.08,0.07999999889889893,0.07999999889889893,0
49,8,0.045064136385917664,0.17099904141177436,0.0,0.07999999889889893,98.4375,0.07999999842699848,-1.3335710592001262,0.0,0.08,0.07999999889889893,0.07999999889889893,0
49,3,0.1480093002319336,0.17099904141177436,0.0,0.10195118882554857,97.36842105263158,0.11135884117935513,-0.14438283042962965,0.0,0.08,0.10195118882554857,0.10195118882554857,0
49,14,0.13813163340091705,0.17099904141177436,0.0,0.07999999889889893,97.265625,0.07999999842699848,-0.2134508410521018,0.0,0.08,0.07999999889889893,0.07999999889889893,0
49,9,0.037072569131851196,0.17099904141177436,0.0,0.07999999889889893,98.046875,0.07999999842699848,-1.5287804198067163,0.0,0.08,0.07999999889889893,0.07999999889889893,0
49,12,0.15860798954963684,0.17099904141177436,0.0,0.07999999889889893,95.703125,0.07999999842699848,-0.07522226273663983,0.0,0.08,0.07999999889889893,0.07999999889889893,0
49,15,0.15297086536884308,0.17099904141177436,0.0,0.10432413395128112,94.140625,0.11474876278754445,-0.11141046298186395,0.0,0.08,0.10432413395128112,0.10432413395128112,0
49,11,0.08696364611387253,0.17099904141177436,0.0,0.07999999889889893,96.484375,0.07999999842699848,-0.676167723630774,0.0,0.08,0.07999999889889893,0.07999999889889893,0
49,1,0.16436409950256348,0.17099904141177436,0.0,0.2810413613481227,94.5945945945946,0.36720194478303236,-0.03957386242737118,0.0,0.08,0.2810413613481227,0.2810413613481227,0
49,5,0.5666860938072205,0.17099904141177436,0.7,0.6399827787398046,80.078125,0.6399753981997209,1.1981475324365007,0.7,0.6399999999999999,0.6399827787398046,0.6399827787398046,0
49,13,0.1287539005279541,0.17099904141177436,0.0,0.07999999889889893,96.25,0.07999999842699848,-0.28375509707246077,0.0,0.08,0.07999999889889893,0.07999999889889893,0
49,19,0.09368885308504105,0.17099904141177436,0.0,0.07999999889889893,96.875,0.07999999842699848,-0.6016786841574447,0.0,0.08,0.07999999889889893,0.07999999889889893,0
49,7,0.15949787199497223,0.17099904141177436,0.0,0.07999999889889893,96.84210526315789,0.07999999842699848,-0.0696273660793634,0.0,0.08,0.07999999889889893,0.07999999889889893,0
50,14,0.09888935089111328,0.16669991646423668,0.0,0.07999999922922925,97.65625,0.07999999889889893,-0.5221936901955194,0.0,0.08,0.07999999922922925,0.07999999922922925,0
50,18,0.13853080570697784,0.16669991646423668,0.0,0.07999999972242146,94.53125,0.07999999960345923,-0.18510255167222253,0.0,0.08,0.07999999972242146,0.07999999972242146,0
50,17,0.13283228874206543,0.16669991646423668,0.0,0.07999999922922925,94.921875,0.07999999889889893,-0.2271079277403844,0.0,0.08,0.07999999922922925,0.07999999922922925,0
50,15,0.20038661360740662,0.16669991646423668,0.18405326988660053,0.1411996785386809,96.09375,0.10432413395128112,0.18405326988660053,0.18405326988660053,0.2272426159092804,0.1411996785386809,0.1411996785386809,0
50,13,0.12384350597858429,0.16669991646423668,0.0,0.07999999922922925,98.75,0.07999999889889893,-0.29717654789196696,0.0,0.08,0.07999999922922925,0.07999999922922925,0
50,11,0.08703600615262985,0.16669991646423668,0.0,0.07999999922922925,98.046875,0.07999999889889893,-0.6498733368754199,0.0,0.08,0.07999999922922925,0.07999999922922925,0
50,16,0.0202407818287611,0.16669991646423668,0.0,0.07999999922922925,98.046875,0.07999999889889893,-2.1084953830019133,0.0,0.08,0.07999999922922925,0.07999999922922925,0
50,9,0.039836082607507706,0.16669991646423668,0.0,0.07999999922922925,99.21875,0.07999999889889893,-1.4314219978445646,0.0,0.08,0.07999999922922925,0.07999999922922925,0
50,6,0.13281656801700592,0.16669991646423668,0.0,0.07999999922922925,94.68085106382979,0.07999999889889893,-0.22722628491373034,0.0,0.08,0.07999999922922925,0.07999999922922925,0
50,12,0.10953319072723389,0.16669991646423668,0.0,0.07999999922922925,97.65625,0.07999999889889893,-0.4199676423420404,0.0,0.08,0.07999999922922925,0.07999999922922925,0
50,4,0.2101338505744934,0.16669991646423668,0.2315494103212402,0.14710748758218173,95.1048951048951,0.0964794701501201,0.2315494103212402,0.2315494103212402,0.2652395282569922,0.14710748758218173,0.14710748758218173,0
50,10,0.07674518972635269,0.16669991646423668,0.0,0.07999999922922925,98.28326180257511,0.07999999889889893,-0.7757045084010147,0.0,0.08,0.07999999922922925,0.07999999922922925,0
50,0,0.13699355721473694,0.16669991646423668,0.0,0.08501635444212466,93.90862944162437,0.08716622063160667,-0.19626137854153158,0.0,0.08,0.08501635444212466,0.08501635444212466,0
50,3,0.14444251358509064,0.16669991646423668,0.0,0.095365832177884,97.89473684210526,0.10195118882554857,-0.14331368086237506,0.0,0.08,0.095365832177884,0.095365832177884,0
50,1,0.17942994832992554,0.16669991646423668,0.07358957885842489,0.23839045186970784,91.89189189189189,0.2810413613481227,0.07358957885842489,0.07358957885842489,0.13887166308673993,0.23839045186970784,0.23839045186970784,0
50,19,0.054891329258680344,0.16669991646423668,0.0,0.07999999922922925,98.828125,0.07999999889889893,-1.1108397674104122,0.0,0.08,0.07999999922922925,0.07999999922922925,0
50,5,0.6025729179382324,0.16669991646423668,0.7,0.6399879451178632,78.515625,0.6399827787398046,1.285013351630628,0.7,0.6399999999999999,0.6399879451178632,0.6399879451178632,0
50,2,0.13909147679805756,0.16669991646423668,0.0,0.12986239956669313,92.62295081967213,0.1512319993809902,-0.18106345360072434,0.0,0.08,0.12986239956669313,0.12986239956669313,0
50,8,0.04213293269276619,0.16669991646423668,0.0,0.07999999922922925,99.21875,0.07999999889889893,-1.375365427161078,0.0,0.08,0.07999999922922925,0.07999999922922925,0
50,7,0.13748492300510406,0.16669991646423668,0.0,0.07999999922922925,97.89473684210526,0.07999999889889893,-0.1926810156724916,0.0,0.08,0.07999999922922925,0.07999999922922925,0
51,10,0.15128734707832336,0.1633123676557666,0.0,0.07999999946046046,97.85407725321889,0.07999999922922925,-0.07648373877687521,0.0,0.08,0.07999999946046046,0.07999999946046046,0
51,7,0.11282753944396973,0.1633123676557666,0.0,0.07999999946046046,96.84210526315789,0.07999999922922925,-0.369804252235346,0.0,0.08,0.07999999946046046,0.07999999946046046,0
51,13,0.08729991316795349,0.1633123676557666,0.0,0.07999999946046046,98.125,0.07999999922922925,-0.6263152113856714,0.0,0.08,0.07999999946046046,0.07999999946046046,0
51,0,0.1788584589958191,0.1633123676557666,0.09093002295193894,0.1053346536179526,95.43147208121827,0.08501635444212466,0.09093002295193894,0.09093002295193894,0.15274401836155116,0.1053346536179526,0.1053346536179526,0
51,9,0.048123858869075775,0.1633123676557666,0.0,0.07999999946046046,98.046875,0.07999999922922925,-1.2218865058261499,0.0,0.08,0.07999999946046046,0.07999999946046046,0
51,16,0.02855050191283226,0.1633123676557666,0.0,0.07999999946046046,99.21875,0.07999999922922925,-1.7439899278004714,0.0,0.08,0.07999999946046046,0.07999999946046046,0
51,3,0.23011541366577148,0.1633123676557666,0.34291623092902296,0.1730559779474843,94.73684210526316,0.095365832177884,0.34291623092902296,0.34291623092902296,0.3543329847432184,0.1730559779474843,0.1730559779474843,0
51,11,0.0783294066786766,0.1633123676557666,0.0,0.07999999946046046,94.921875,0.07999999922922925,-0.7347415697593362,0.0,0.08,0.07999999946046046,0.07999999946046046,0
51,4,0.23274758458137512,0.1633123676557666,0.35428978719120396,0.21200479023341617,97.9020979020979,0.14710748758218173,0.35428978719120396,0.35428978719120396,0.3634318297529632,0.21200479023341617,0.21200479023341617,0
51,1,0.3784830868244171,0.1633123676557666,0.7,0.3588733163087955,94.5945945945946,0.23839045186970784,0.8405066194177561,0.7,0.6399999999999999,0.3588733163087955,0.3588733163087955,0
51,8,0.04188908264040947,0.1633123676557666,0.0,0.07999999946046046,98.4375,0.07999999922922925,-1.3606393199440523,0.0,0.08,0.07999999946046046,0.07999999946046046,0
51,12,0.09889485687017441,0.1633123676557666,0.0,0.07999999946046046,95.3125,0.07999999922922925,-0.5016074590796762,0.0,0.08,0.07999999946046046,0.07999999946046046,0
51,18,0.14189621806144714,0.1633123676557666,0.0,0.07999999980569503,93.75,0.07999999972242146,-0.14056879199301084,0.0,0.08,0.07999999980569503,0.07999999980569503,0
51,19,0.06115664541721344,0.1633123676557666,0.0,0.07999999946046046,97.265625,0.07999999922922925,-0.9822261003610074,0.0,0.08,0.07999999946046046,0.07999999946046046,0
51,6,0.16613920032978058,0.1633123676557666,0.017161259220033972,0.08411870167326863,93.61702127659575,0.07999999922922925,0.017161259220033972,0.017161259220033972,0.09372900737602718,0.08411870167326863,0.08411870167326863,0
51,14,0.08601464331150055,0.1633123676557666,0.0,0.07999999946046046,96.875,0.07999999922922925,-0.6411471250564071,0.0,0.08,0.07999999946046046,0.07999999946046046,0
51,17,0.10362661629915237,0.1633123676557666,0.0,0.07999999946046046,97.265625,0.07999999922922925,-0.45487048672527725,0.0,0.08,0.07999999946046046,0.07999999946046046,0
51,5,0.5769971609115601,0.1633123676557666,0.7,0.6399915615825041,74.21875,0.6399879451178632,1.2621725692578603,0.7,0.6399999999999999,0.6399915615825041,0.6399915615825041,0
51,15,0.11559606343507767,0.1633123676557666,0.0,0.12283977497707663,95.3125,0.1411996785386809,-0.3455628053018661,0.0,0.08,0.12283977497707663,0.12283977497707663,0
51,2,0.13240119814872742,0.1633123676557666,0.0,0.11490367969668519,96.72131147540983,0.12986239956669313,-0.20982802568700618,0.0,0.08,0.11490367969668519,0.11490367969668519,0
52,9,0.07792198657989502,0.15840231103414232,0.0,0.07999999962232232,96.875,0.07999999946046046,-0.7094298498016781,0.0,0.08,0.07999999962232232,0.07999999962232232,0
52,15,0.12897942960262299,0.15840231103414232,0.0,0.10998784248395363,95.703125,0.12283977497707663,-0.20548512353283344,0.0,0.08,0.10998784248395363,0.10998784248395363,0
52,19,0.07940221577882767,0.15840231103414232,0.0,0.07999999962232232,96.484375,0.07999999946046046,-0.6906117319271687,0.0,0.08,0.07999999962232232,0.07999999962232232,0
52,18,0.08553459495306015,0.15840231103414232,0.0,0.07999999986398651,94.921875,0.07999999980569503,-0.6162171019141185,0.0,0.08,0.07999999986398651,0.07999999986398651,0
52,10,0.06276571750640869,0.15840231103414232,0.0,0.07999999962232232,97.42489270386267,0.07999999946046046,-0.9257289481064152,0.0,0.08,0.07999999962232232,0.07999999962232232,0
52,4,0.20037339627742767,0.15840231103414232,0.23504452493211728,0.22881403914709947,92.3076923076923,0.21200479023341617,0.23504452493211728,0.23504452493211728,0.26803561994569386,0.22881403914709947,0.22881403914709947,0
52,7,0.08431758731603622,0.15840231103414232,0.0,0.07999999962232232,97.89473684210526,0.07999999946046046,-0.6305475427080198,0.0,0.08,0.07999999962232232,0.07999999962232232,0
52,2,0.16247057914733887,0.15840231103414232,0.025358863260326388,0.11051870297015795,91.80327868852459,0.11490367969668519,0.025358863260326388,0.025358863260326388,0.10028709060826112,0.11051870297015795,0.11051870297015795,0
52,6,0.06623457372188568,0.15840231103414232,0.0,0.08288309117128803,94.68085106382979,0.08411870167326863,-0.8719353930160427,0.0,0.08,0.08288309117128803,0.08288309117128803,0
52,11,0.10971847176551819,0.15840231103414232,0.0,0.07999999962232232,98.046875,0.07999999946046046,-0.36722030364663727,0.0,0.08,0.07999999962232232,0.07999999962232232,0
52,1,0.31476685404777527,0.15840231103414232,0.6866941184056142,0.4400179098335042,94.5945945945946,0.3588733163087955,0.6866941184056142,0.6866941184056142,0.6293552947244914,0.4400179098335042,0.4400179098335042,0
52,0,0.12991850078105927,0.15840231103414232,0.0,0.09773425753256682,96.95431472081218,0.1053346536179526,-0.19823071850283358,0.0,0.08,0.09773425753256682,0.09773425753256682,0
52,14,0.13304132223129272,0.15840231103414232,0.0,0.07999999962232232,96.09375,0.07999999946046046,-0.17447828366678086,0.0,0.08,0.07999999962232232,0.07999999962232232,0
52,3,0.1997898668050766,0.15840231103414232,0.23212806602330308,0.20084992040883176,95.78947368421052,0.1730559779474843,0.23212806602330308,0.23212806602330308,0.26570245281864247,0.20084992040883176,0.20084992040883176,0
52,8,0.05244207754731178,0.15840231103414232,0.0,0.07999999962232232,98.828125,0.07999999946046046,-1.1054286658619843,0.0,0.08,0.07999999962232232,0.07999999962232232,0
52,12,0.13486984372138977,0.15840231103414232,0.0,0.07999999962232232,96.484375,0.07999999946046046,-0.1608278653277968,0.0,0.08,0.07999999962232232,0.07999999962232232,0
52,17,0.1321706622838974,0.15840231103414232,0.0,0.07999999962232232,96.09375,0.07999999946046046,-0.1810440730004933,0.0,0.08,0.07999999962232232,0.07999999962232232,0
52,5,0.4921382963657379,0.15840231103414232,0.7,0.6399940931077528,78.90625,0.6399915615825041,1.133621655221328,0.7,0.6399999999999999,0.6399940931077528,0.6399940931077528,0
52,13,0.10970280319452286,0.15840231103414232,0.0,0.07999999962232232,97.5,0.07999999946046046,-0.36736312087889184,0.0,0.08,0.07999999962232232,0.07999999962232232,0
52,16,0.03701138496398926,0.15840231103414232,0.0,0.07999999962232232,99.21875,0.07999999946046046,-1.4539122950360017,0.0,0.08,0.07999999962232232,0.07999999962232232,0
53,2,0.1523200273513794,0.15449697499913514,0.0,0.10136309207911057,97.54098360655738,0.11051870297015795,-0.014190765319144961,0.0,0.08,0.10136309207911057,0.10136309207911057,0
53,12,0.11553526669740677,0.15449697499913514,0.0,0.07999999973562562,96.09375,0.07999999962232232,-0.2905986722982728,0.0,0.08,0.07999999973562562,0.07999999973562562,0
53,15,0.11357129365205765,0.15449697499913514,0.0,0.10099148973876754,96.09375,0.10998784248395363,-0.30774371589925953,0.0,0.08,0.10099148973876754,0.10099148973876754,0
53,6,0.15029276907444,0.15449697499913514,0.0,0.08201816381990162,95.74468085106383,0.08288309117128803,-0.027589329390776563,0.0,0.08,0.08201816381990162,0.08201816381990162,0
53,5,0.47048038244247437,0.15449697499913514,0.7,0.639995865175427,83.203125,0.6399940931077528,1.1135797027047771,0.7,0.6399999999999999,0.639995865175427,0.639995865175427,0
53,14,0.11645028740167618,0.15449697499913514,0.0,0.07999999973562562,96.484375,0.07999999962232232,-0.28271003135141326,0.0,0.08,0.07999999973562562,0.07999999973562562,0
53,8,0.051353663206100464,0.15449697499913514,0.0,0.07999999973562562,98.828125,0.07999999962232232,-1.1014381150243797,0.0,0.08,0.07999999973562562,0.07999999973562562,0
53,13,0.10872332751750946,0.15449697499913514,0.0,0.07999999973562562,96.25,0.07999999962232232,-0.3513681139223071,0.0,0.08,0.07999999973562562,0.07999999973562562,0
53,11,0.10333822667598724,0.15449697499913514,0.0,0.07999999973562562,97.265625,0.07999999962232232,-0.4021671221902957,0.0,0.08,0.07999999973562562,0.07999999973562562,0
53,4,0.1419866681098938,0.15449697499913514,0.0,0.1841698274029696,94.4055944055944,0.22881403914709947,-0.0844413445059398,0.0,0.08,0.1841698274029696,0.1841698274029696,0
53,3,0.18325048685073853,0.15449697499913514,0.17067947051176025,0.20555801720900468,95.26315789473684,0.20084992040883176,0.17067947051176025,0.17067947051176025,0.2165435764094082,0.20555801720900468,0.20555801720900468,0
53,1,0.14391128718852997,0.15449697499913514,0.0,0.33201253688345295,97.29729729729729,0.4400179098335042,-0.0709774635498666,0.0,0.08,0.33201253688345295,0.33201253688345295,0
53,9,0.08510521799325943,0.15449697499913514,0.0,0.07999999973562562,98.4375,0.07999999962232232,-0.5962861143580045,0.0,0.08,0.07999999973562562,0.07999999973562562,0
53,10,0.047980181872844696,0.15449697499913514,0.0,0.07999999973562562,94.84978540772532,0.07999999962232232,-1.169386325157943,0.0,0.08,0.07999999973562562,0.07999999973562562,0
53,7,0.05083175003528595,0.15449697499913514,0.0,0.07999999973562562,96.84210526315789,0.07999999962232232,-1.1116532248038145,0.0,0.08,0.07999999973562562,0.07999999973562562,0
53,0,0.08823622018098831,0.15449697499913514,0.0,0.09241398027279676,96.44670050761421,0.09773425753256682,-0.5601569298830031,0.0,0.08,0.09241398027279676,0.09241398027279676,0
53,18,0.1439940631389618,0.15449697499913514,0.0,0.07999999990479055,96.875,0.07999999986398651,-0.07040244160693801,0.0,0.08,0.07999999990479055,0.07999999990479055,0
53,16,0.023769540712237358,0.15449697499913514,0.0,0.07999999973562562,99.21875,0.07999999962232232,-1.8717692018476748,0.0,0.08,0.07999999973562562,0.07999999973562562,0
53,19,0.11830839514732361,0.15449697499913514,0.0,0.07999999973562562,96.875,0.07999999962232232,-0.2668797636903082,0.0,0.08,0.07999999973562562,0.07999999973562562,0
53,17,0.09783196449279785,0.15449697499913514,0.0,0.07999999973562562,97.65625,0.07999999962232232,-0.45692312041617844,0.0,0.08,0.07999999973562562,0.07999999973562562,0
54,0,0.130774587392807,0.15050260551669487,0.0,0.08868978619095774,93.90862944162437,0.09241398027279676,-0.14050525225952093,0.0,0.08,0.08868978619095774,0.08868978619095774,0
54,17,0.11971744894981384,0.15050260551669487,0.0,0.07999999981493794,95.703125,0.07999999973562562,-0.2288460050702302,0.0,0.08,0.07999999981493794,0.07999999981493794,0
54,12,0.11057528853416443,0.15050260551669487,0.0,0.07999999981493794,97.265625,0.07999999973562562,-0.30828373930146513,0.0,0.08,0.07999999981493794,0.07999999981493794,0
54,9,0.04569455608725548,0.15050260551669487,0.0,0.07999999981493794,97.65625,0.07999999973562562,-1.1920010760546587,0.0,0.08,0.07999999981493794,0.07999999981493794,0
54,8,0.08179770410060883,0.15050260551669487,0.0,0.07999999981493794,99.21875,0.07999999973562562,-0.6097311646484901,0.0,0.08,0.07999999981493794,0.07999999981493794,0
54,7,0.14713260531425476,0.15050260551669487,0.0,0.07999999981493794,97.89473684210526,0.07999999973562562,-0.02264613780094404,0.0,0.08,0.07999999981493794,0.07999999981493794,0
54,5,0.4938015639781952,0.15050260551669487,0.7,0.6399971056227988,88.28125,0.639995865175427,1.188153301500765,0.7,0.6399999999999999,0.6399971056227988,0.6399971056227988,0
54,18,0.10310513526201248,0.15050260551669487,0.0,0.07999999993335338,96.09375,0.07999999990479055,-0.3782311675605844,0.0,0.08,0.07999999993335338,0.07999999993335338,0
54,13,0.15857042372226715,0.15050260551669487,0.05221840852145464,0.09253241786008704,96.25,0.07999999973562562,0.05221840852145464,0.05221840852145464,0.12177472681716371,0.09253241786008704,0.09253241786008704,0
54,10,0.0862104669213295,0.15050260551669487,0.0,0.07999999981493794,98.71244635193133,0.07999999973562562,-0.5571887505915922,0.0,0.08,0.07999999981493794,0.07999999981493794,0
54,14,0.10695865005254745,0.15050260551669487,0.0,0.07999999981493794,97.265625,0.07999999973562562,-0.3415380577277605,0.0,0.08,0.07999999981493794,0.07999999981493794,0
54,1,0.35774484276771545,0.15050260551669487,0.7,0.424408775818417,97.29729729729729,0.33201253688345295,0.8658395676555125,0.7,0.6399999999999999,0.424408775818417,0.424408775818417,0
54,16,0.024356909096240997,0.15050260551669487,0.0,0.07999999981493794,99.21875,0.07999999973562562,-1.8211645019249227,0.0,0.08,0.07999999981493794,0.07999999981493794,0
54,2,0.10258040577173233,0.15050260551669487,0.0,0.09495416445537738,93.44262295081967,0.10136309207911057,-0.38333342778732993,0.0,0.08,0.09495416445537738,0.09495416445537738,0
54,11,0.1414361447095871,0.15050260551669487,0.0,0.07999999981493794,95.3125,0.07999999973562562,-0.062132051091827546,0.0,0.08,0.07999999981493794,0.07999999981493794,0
54,4,0.15935112535953522,0.15050260551669487,0.057129702893745075,0.16663000787657756,92.3076923076923,0.1841698274029696,0.057129702893745075,0.057129702893745075,0.12570376231499608,0.16663000787657756,0.16663000787657756,0
54,15,0.08378787338733673,0.15050260551669487,0.0,0.09469404281713728,96.09375,0.10099148973876754,-0.5856920555023644,0.0,0.08,0.09469404281713728,0.09469404281713728,0
54,3,0.19573886692523956,0.15050260551669487,0.26280104751047384,0.230962863448817,94.73684210526316,0.20555801720900468,0.26280104751047384,0.26280104751047384,0.2902408380083791,0.230962863448817,0.230962863448817,0
54,6,0.10103783756494522,0.15050260551669487,0.0,0.08141271467393113,100.0,0.08201816381990162,-0.3984852878724762,0.0,0.08,0.08141271467393113,0.08141271467393113,0
54,19,0.036301229149103165,0.15050260551669487,0.0,0.07999999981493794,97.65625,0.07999999973562562,-1.4221285858592871,0.0,0.08,0.07999999981493794,0.07999999981493794,0
55,16,0.025874357670545578,0.146329041894361,0.0,0.07999999987045656,98.828125,0.07999999981493794,-1.7326050524203256,0.0,0.08,0.07999999987045656,0.07999999987045656,0
55,1,0.27803245186805725,0.146329041894361,0.6418800103292518,0.47513734555191234,100.0,0.424408775818417,0.6418800103292518,0.6418800103292518,0.5935040082634014,0.47513734555191234,0.47513734555191234,0
55,6,0.10833612084388733,0.146329041894361,0.0,0.08098890027175179,95.74468085106383,0.08141271467393113,-0.3006191493513787,0.0,0.08,0.08098890027175179,0.08098890027175179,0
55,10,0.06457528471946716,0.146329041894361,0.0,0.07999999987045656,96.13733905579399,0.07999999981493794,-0.8180259628953467,0.0,0.08,0.07999999987045656,0.07999999987045656,0
55,8,0.053148165345191956,0.146329041894361,0.0,0.07999999987045656,98.4375,0.07999999981493794,-1.0127740919432955,0.0,0.08,0.07999999987045656,0.07999999987045656,0
55,13,0.09499189257621765,0.146329041894361,0.0,0.08877269250206093,95.625,0.09253241786008704,-0.43206621392600975,0.0,0.08,0.08877269250206093,0.08877269250206093,0
55,4,0.15220528841018677,0.146329041894361,0.03937239112400396,0.15009037938336522,93.7062937062937,0.16663000787657756,0.03937239112400396,0.03937239112400396,0.11149791289920316,0.15009037938336522,0.15009037938336522,0
55,18,0.11865196377038956,0.146329041894361,0.0,0.07999999995334736,96.484375,0.07999999993335338,-0.20966324787757973,0.0,0.08,0.07999999995334736,0.07999999995334736,0
55,9,0.05412370711565018,0.146329041894361,0.0,0.07999999987045656,97.265625,0.07999999981493794,-0.9945853820634544,0.0,0.08,0.07999999987045656,0.07999999987045656,0
55,12,0.13443595170974731,0.146329041894361,0.0,0.07999999987045656,96.875,0.07999999981493794,-0.08476990131081469,0.0,0.08,0.07999999987045656,0.07999999987045656,0
55,19,0.07974901795387268,0.146329041894361,0.0,0.07999999987045656,97.65625,0.07999999981493794,-0.6069733129294403,0.0,0.08,0.07999999987045656,0.07999999987045656,0
55,7,0.09139110893011093,0.146329041894361,0.0,0.07999999987045656,97.89473684210526,0.07999999981493794,-0.47070955918147955,0.0,0.08,0.07999999987045656,0.07999999987045656,0
55,3,0.15072202682495117,0.146329041894361,0.0295794588487725,0.1927730745378773,95.26315789473684,0.230962863448817,0.0295794588487725,0.0295794588487725,0.103663567079018,0.1927730745378773,0.1927730745378773,0
55,5,0.6566860675811768,0.146329041894361,0.7,0.639997973935959,81.640625,0.6399971056227988,1.501348226541394,0.7,0.6399999999999999,0.639997973935959,0.639997973935959,0
55,17,0.12271048128604889,0.146329041894361,0.0,0.07999999987045656,94.921875,0.07999999981493794,-0.17603001423851278,0.0,0.08,0.07999999987045656,0.07999999987045656,0
55,2,0.19923695921897888,0.146329041894361,0.3086370505258427,0.16454080724496645,93.44262295081967,0.09495416445537738,0.3086370505258427,0.3086370505258427,0.3269096404206742,0.16454080724496645,0.16454080724496645,0
55,14,0.1349189728498459,0.146329041894361,0.0,0.07999999987045656,95.3125,0.07999999981493794,-0.08118339460199703,0.0,0.08,0.07999999987045656,0.07999999987045656,0
55,0,0.08878791332244873,0.146329041894361,0.0,0.08608285033367041,93.90862944162437,0.08868978619095774,-0.4996072237255381,0.0,0.08,0.08608285033367041,0.08608285033367041,0
55,11,0.11488446593284607,0.146329041894361,0.0,0.07999999987045656,98.828125,0.07999999981493794,-0.24193079950203028,0.0,0.08,0.07999999987045656,0.07999999987045656,0
55,15,0.07616329193115234,0.146329041894361,0.0,0.09028582997199608,97.65625,0.09469404281713728,-0.652978121122188,0.0,0.08,0.09028582997199608,0.09028582997199608,0
56,17,0.11161276698112488,0.14285716704376156,0.0,0.07999999990931958,94.921875,0.07999999987045656,-0.2468098367611099,0.0,0.08,0.07999999990931958,0.07999999990931958,0
56,12,0.11895011365413666,0.14285716704376156,0.0,0.07999999990931958,96.484375,0.07999999987045656,-0.183141092937523,0.0,0.08,0.07999999990931958,0.07999999990931958,0
56,5,0.6314289569854736,0.14285716704376156,0.7,0.6399985817551712,81.640625,0.639997973935959,1.4861400832306912,0.7,0.6399999999999999,0.6399985817551712,0.6399985817551712,0
56,3,0.09275852888822556,0.14285716704376156,0.0,0.15894115217651408,97.36842105263158,0.1927730745378773,-0.43184560849825243,0.0,0.08,0.15894115217651408,0.15894115217651408,0
56,16,0.037788212299346924,0.14285716704376156,0.0,0.07999999990931958,100.0,0.07999999987045656,-1.3298478945408816,0.0,0.08,0.07999999990931958,0.07999999990931958,0
56,19,0.061565808951854706,0.14285716704376156,0.0,0.07999999990931958,99.21875,0.07999999987045656,-0.8417385398457132,0.0,0.08,0.07999999990931958,0.07999999990931958,0
56,7,0.045924119651317596,0.14285716704376156,0.0,0.07999999990931958,95.78947368421052,0.07999999987045656,-1.1348546898342713,0.0,0.08,0.07999999990931958,0.07999999990931958,0
56,14,0.09397796541452408,0.14285716704376156,0.0,0.07999999990931958,98.046875,0.07999999987045656,-0.41878491851742405,0.0,0.08,0.07999999990931958,0.07999999990931958,0
56,18,0.15134955942630768,0.14285716704376156,0.05774682134325855,0.0938592370897252,95.703125,0.07999999995334736,0.05774682134325855,0.05774682134325855,0.12619745707460683,0.0938592370897252,0.0938592370897252,0
56,13,0.09911539405584335,0.14285716704376156,0.0,0.08614088475144266,98.125,0.08877269250206093,-0.36556050046259314,0.0,0.08,0.08614088475144266,0.08614088475144266,0
56,11,0.061403848230838776,0.14285716704376156,0.0,0.07999999990931958,96.484375,0.07999999987045656,-0.84437269841842,0.0,0.08,0.07999999990931958,0.07999999990931958,0
56,0,0.10423695296049118,0.14285716704376156,0.0,0.08425799523356928,95.93908629441624,0.08608285033367041,-0.3151785719091673,0.0,0.08,0.08425799523356928,0.08425799523356928,0
56,9,0.04535076767206192,0.14285716704376156,0.0,0.07999999990931958,96.875,0.07999999987045656,-1.1474180445927267,0.0,0.08,0.07999999990931958,0.07999999990931958,0
56,2,0.23543688654899597,0.14285716704376156,0.4995975531109739,0.25908197781811027,95.90163934426229,0.16454080724496645,0.4995975531109739,0.4995975531109739,0.47967804248877915,0.25908197781811027,0.25908197781811027,0
56,8,0.05882004275918007,0.14285716704376156,0.0,0.07999999990931958,97.65625,0.07999999987045656,-0.8873625391478005,0.0,0.08,0.07999999990931958,0.07999999990931958,0
56,6,0.16812679171562195,0.14285716704376156,0.16287309758970142,0.1197817736117546,96.80851063829788,0.08098890027175179,0.16287309758970142,0.16287309758970142,0.21029847807176116,0.1197817736117546,0.1197817736117546,0
56,1,0.26852211356163025,0.14285716704376156,0.6310879381989373,0.5080572470540836,83.78378378378379,0.47513734555191234,0.6310879381989373,0.6310879381989373,0.5848703505591498,0.5080572470540836,0.5080572470540836,0
56,4,0.18110057711601257,0.14285716704376156,0.23720723759473356,0.18599300259109172,95.8041958041958,0.15009037938336522,0.23720723759473356,0.23720723759473356,0.2697657900757869,0.18599300259109172,0.18599300259109172,0
56,15,0.08404667675495148,0.14285716704376156,0.0,0.08720008098039725,96.875,0.09028582997199608,-0.5304729300846786,0.0,0.08,0.08720008098039725,0.08720008098039725,0
56,10,0.05914054438471794,0.14285716704376156,0.0,0.07999999990931958,97.85407725321889,0.07999999987045656,-0.8819284807452249,0.0,0.08,0.07999999990931958,0.07999999990931958,0
57,19,0.06090506911277771,0.13822611831290377,0.0,0.07999999993652371,98.828125,0.07999999990931958,-0.8195743829572917,0.0,0.08,0.07999999993652371,0.07999999993652371,0
57,5,0.5907382965087891,0.13822611831290377,0.7,0.6399990072286198,82.03125,0.6399985817551712,1.4524821664946295,0.7,0.6399999999999999,0.6399990072286198,0.6399990072286198,0
57,11,0.06442928314208984,0.13822611831290377,0.0,0.07999999993652371,96.484375,0.07999999990931958,-0.7633225629155609,0.0,0.08,0.07999999993652371,0.07999999993652371,0
57,6,0.10995069146156311,0.13822611831290377,0.0,0.10784724152822822,96.80851063829788,0.1197817736117546,-0.22885885825847332,0.0,0.08,0.10784724152822822,0.10784724152822822,0
57,8,0.037758197635412216,0.13822611831290377,0.0,0.07999999993652371,100.0,0.07999999990931958,-1.2976880821939358,0.0,0.08,0.07999999993652371,0.07999999993652371,0
57,13,0.12037014961242676,0.13822611831290377,0.0,0.08429861932600985,96.875,0.08614088475144266,-0.1383192966563389,0.0,0.08,0.08429861932600985,0.08429861932600985,0
57,14,0.15651823580265045,0.13822611831290377,0.12428163472081083,0.1098275922695183,96.09375,0.07999999990931958,0.12428163472081083,0.12428163472081083,0.17942530777664867,0.1098275922695183,0.1098275922695183,0
57,15,0.14372804760932922,0.13822611831290377,0.03903207024655155,0.09440775354545045,96.484375,0.08720008098039725,0.03903207024655155,0.03903207024655155,0.11122565619724124,0.09440775354545045,0.09440775354545045,0
57,17,0.10110735148191452,0.13822611831290377,0.0,0.07999999993652371,97.265625,0.07999999990931958,-0.31270801781987595,0.0,0.08,0.07999999993652371,0.07999999993652371,0
57,16,0.010638102889060974,0.13822611831290377,0.0,0.07999999993652371,99.21875,0.07999999990931958,-2.5644478469294287,0.0,0.08,0.07999999993652371,0.07999999993652371,0
57,18,0.14273285865783691,0.13822611831290377,0.03208387687010858,0.0974015964116337,96.484375,0.0938592370897252,0.03208387687010858,0.03208387687010858,0.10566710149608687,0.0974015964116337,0.0974015964116337,0
57,2,0.2266499102115631,0.13822611831290377,0.4945156702909885,0.32404114534251444,95.08196721311475,0.25908197781811027,0.4945156702909885,0.4945156702909885,0.4756125362327908,0.32404114534251444,0.32404114534251444,0
57,7,0.08990039676427841,0.13822611831290377,0.0,0.07999999993652371,97.89473684210526,0.07999999990931958,-0.4301884889643141,0.0,0.08,0.07999999993652371,0.07999999993652371,0
57,3,0.16855435073375702,0.13822611831290377,0.19836735833167615,0.18286697252316214,96.84210526315789,0.15894115217651408,0.19836735833167615,0.19836735833167615,0.23869388666534092,0.18286697252316214,0.18286697252316214,0
57,9,0.037324320524930954,0.13822611831290377,0.0,0.07999999993652371,98.046875,0.07999999990931958,-1.3092455481692928,0.0,0.08,0.07999999993652371,0.07999999993652371,0
57,1,0.16492429375648499,0.13822611831290377,0.17659564846134534,0.42202302856858137,97.29729729729729,0.5080572470540836,0.17659564846134534,0.17659564846134534,0.22127651876907628,0.42202302856858137,0.42202302856858137,0
57,10,0.11667044460773468,0.13822611831290377,0.0,0.07999999993652371,98.71244635193133,0.07999999990931958,-0.16953762170754247,0.0,0.08,0.07999999993652371,0.07999999993652371,0
57,0,0.16339267790317535,0.13822611831290377,0.16726547668792333,0.12312431106860008,94.41624365482234,0.08425799523356928,0.16726547668792333,0.16726547668792333,0.21381238135033864,0.12312431106860008,0.12312431106860008,0
57,4,0.1319740265607834,0.13822611831290377,0.0,0.1541951018137642,96.5034965034965,0.18599300259109172,-0.0462857445436306,0.0,0.08,0.1541951018137642,0.1541951018137642,0
57,12,0.1062377542257309,0.13822611831290377,0.0,0.07999999993652371,96.484375,0.07999999990931958,-0.2632113141174503,0.0,0.08,0.07999999993652371,0.07999999993652371,0
58,17,0.16384470462799072,0.13625553619262146,0.18438697852695674,0.12425287480203621,97.65625,0.07999999993652371,0.18438697852695674,0.18438697852695674,0.22750958282156541,0.12425287480203621,0.12425287480203621,0
58,14,0.13203418254852295,0.13625553619262146,0.0,0.10087931458866281,96.484375,0.1098275922695183,-0.03147121521453287,0.0,0.08,0.10087931458866281,0.10087931458866281,0
58,6,0.07515154778957367,0.13625553619262146,0.0,0.09949306906975974,100.0,0.10784724152822822,-0.595025293662129,0.0,0.08,0.09949306906975974,0.09949306906975974,0
58,10,0.08439327031373978,0.13625553619262146,0.0,0.07999999995556659,97.85407725321889,0.07999999993652371,-0.4790443574192637,0.0,0.08,0.07999999995556659,0.07999999995556659,0
58,13,0.08861138671636581,0.13625553619262146,0.0,0.08300903352820689,96.875,0.08429861932600985,-0.43027165826679103,0.0,0.08,0.08300903352820689,0.08300903352820689,0
58,5,0.6644287109375,0.13625553619262146,0.7,0.6399993050600338,83.203125,0.6399990072286198,1.5843954664717936,0.7,0.6399999999999999,0.6399993050600338,0.6399993050600338,0
58,4,0.17007333040237427,0.13625553619262146,0.2216976194337765,0.1851439999337413,90.20979020979021,0.1541951018137642,0.2216976194337765,0.2216976194337765,0.2573580955470212,0.1851439999337413,0.1851439999337413,0
58,18,0.11204057931900024,0.13625553619262146,0.0,0.09218111748814359,96.875,0.0974015964116337,-0.19567092843945072,0.0,0.08,0.09218111748814359,0.09218111748814359,0
58,8,0.04208151251077652,0.13625553619262146,0.0,0.07999999995556659,98.828125,0.07999999993652371,-1.1749233896011064,0.0,0.08,0.07999999995556659,0.07999999995556659,0
58,3,0.13004030287265778,0.13625553619262146,0.0,0.1520068807662135,96.3157894736842,0.18286697252316214,-0.04668763731051494,0.0,0.08,0.1520068807662135,0.1520068807662135,0
58,2,0.09763466566801071,0.13625553619262146,0.0,0.2508288017397601,92.62295081967213,0.32404114534251444,-0.33329942491124714,0.0,0.08,0.2508288017397601,0.2508288017397601,0
58,9,0.04950627312064171,0.13625553619262146,0.0,0.07999999995556659,98.4375,0.07999999993652371,-1.0124325454661485,0.0,0.08,0.07999999995556659,0.07999999995556659,0
58,19,0.04616241529583931,0.13625553619262146,0.0,0.07999999995556659,99.609375,0.07999999993652371,-1.0823659768251255,0.0,0.08,0.07999999995556659,0.07999999995556659,0
58,16,0.03189162164926529,0.13625553619262146,0.0,0.07999999995556659,99.21875,0.07999999993652371,-1.4521884940837424,0.0,0.08,0.07999999995556659,0.07999999995556659,0
58,1,0.20199665427207947,0.13625553619262146,0.39371904504452016,0.41390869080869175,91.89189189189189,0.42202302856858137,0.39371904504452016,0.39371904504452016,0.3949752360356162,0.41390869080869175,0.41390869080869175,0
58,11,0.053693778812885284,0.13625553619262146,0.0,0.07999999995556659,97.65625,0.07999999993652371,-0.9312348084551405,0.0,0.08,0.07999999995556659,0.07999999995556659,0
58,15,0.17756429314613342,0.13625553619262146,0.26480067584113065,0.15363758968368668,96.875,0.09440775354545045,0.26480067584113065,0.26480067584113065,0.29184054067290455,0.15363758968368668,0.15363758968368668,0
58,0,0.17649297416210175,0.13625553619262146,0.2587489870777377,0.1722867746466771,96.95431472081218,0.12312431106860008,0.2587489870777377,0.2587489870777377,0.2869991896621902,0.1722867746466771,0.1722867746466771,0
58,7,0.040462739765644073,0.13625553619262146,0.0,0.07999999995556659,97.89473684210526,0.07999999993652371,-1.2141503467140002,0.0,0.08,0.07999999995556659,0.07999999995556659,0
58,12,0.05173889547586441,0.13625553619262146,0.0,0.07999999995556659,97.65625,0.07999999993652371,-0.9683221164942828,0.0,0.08,0.07999999995556659,0.07999999995556659,0
59,15,0.11501308530569077,0.13194228519257814,0.0,0.13154631277858067,98.4375,0.15363758968368668,-0.13731867526943392,0.0,0.08,0.13154631277858067,0.13154631277858067,0
59,17,0.07171669602394104,0.13194228519257814,0.0,0.11097701236142535,96.484375,0.12425287480203621,-0.6096409499683894,0.0,0.08,0.11097701236142535,0.11097701236142535,0
59,1,0.09658772498369217,0.13194228519257814,0.0,0.31373608356608423,91.89189189189189,0.41390869080869175,-0.3119129032581815,0.0,0.08,0.31373608356608423,0.31373608356608423,0
59,12,0.081552654504776,0.13194228519257814,0.0,0.0799999999688966,97.265625,0.07999999995556659,-0.48111566757468205,0.0,0.08,0.0799999999688966,0.0799999999688966,0
59,0,0.1406027227640152,0.13194228519257814,0.06357374625846714,0.1598584413547061,95.43147208121827,0.1722867746466771,0.06357374625846714,0.06357374625846714,0.13085899700677373,0.1598584413547061,0.1598584413547061,0
59,2,0.1792127788066864,0.13194228519257814,0.30620919472999913,0.27307036795303186,96.72131147540983,0.2508288017397601,0.30620919472999913,0.30620919472999913,0.3249673557839993,0.27307036795303186,0.27307036795303186,0
59,7,0.08014452457427979,0.13194228519257814,0.0,0.0799999999688966,98.94736842105263,0.07999999995556659,-0.49853298260792955,0.0,0.08,0.0799999999688966,0.0799999999688966,0
59,4,0.1553557813167572,0.13194228519257814,0.16335324492625355,0.19280557873591977,97.2027972027972,0.1851439999337413,0.16335324492625355,0.16335324492625355,0.21068259594100286,0.19280557873591977,0.19280557873591977,0
59,5,0.5108630657196045,0.13194228519257814,0.7,0.6399995135420236,86.328125,0.6399993050600338,1.3537369313426095,0.7,0.6399999999999999,0.6399995135420236,0.6399995135420236,0
59,18,0.12315668165683746,0.13194228519257814,0.0,0.08852678224170052,97.265625,0.09218111748814359,-0.06890720883386711,0.0,0.08,0.08852678224170052,0.08852678224170052,0
59,9,0.056419737637043,0.13194228519257814,0.0,0.0799999999688966,98.4375,0.07999999995556659,-0.849545436743653,0.0,0.08,0.0799999999688966,0.0799999999688966,0
59,14,0.11020713299512863,0.13194228519257814,0.0,0.09461552021206396,94.921875,0.10087931458866281,-0.18000295628735252,0.0,0.08,0.09461552021206396,0.09461552021206396,0
59,13,0.14126166701316833,0.13194228519257814,0.06824936635629035,0.09848617139525451,96.875,0.08300903352820689,0.06824936635629035,0.06824936635629035,0.13459949308503227,0.09848617139525451,0.09848617139525451,0
59,3,0.1072707325220108,0.13194228519257814,0.0,0.13040481653634944,96.84210526315789,0.1520068807662135,-0.2070087267964136,0.0,0.08,0.13040481653634944,0.13040481653634944,0
59,11,0.11023310571908951,0.13194228519257814,0.0,0.0799999999688966,96.875,0.07999999995556659,-0.17976731217921582,0.0,0.08,0.0799999999688966,0.0799999999688966,0
59,19,0.07023850828409195,0.13194228519257814,0.0,0.0799999999688966,99.21875,0.07999999995556659,-0.6304678153130239,0.0,0.08,0.0799999999688966,0.0799999999688966,0
59,6,0.1164182722568512,0.13194228519257814,0.0,0.09364514834883181,95.74468085106383,0.09949306906975974,-0.12517508234676789,0.0,0.08,0.09364514834883181,0.09364514834883181,0
59,16,0.0243829432874918,0.13194228519257814,0.0,0.0799999999688966,99.609375,0.07999999995556659,-1.6884804169921963,0.0,0.08,0.0799999999688966,0.0799999999688966,0
59,10,0.10939375311136246,0.13194228519257814,0.0,0.0799999999688966,96.99570815450643,0.07999999995556659,-0.1874107909613636,0.0,0.08,0.0799999999688966,0.0799999999688966,0
59,8,0.0476471409201622,0.13194228519257814,0.0,0.0799999999688966,98.828125,0.07999999995556659,-1.018541832872439,0.0,0.08,0.0799999999688966,0.0799999999688966,0
60,1,0.08903380483388901,0.1297281009786449,0.0,0.24361525849625895,100.0,0.31373608356608423,-0.37642456677468117,0.0,0.08,0.24361525849625895,0.24361525849625895,0
60,9,0.0534835048019886,0.1297281009786449,0.0,0.07999999997822763,98.046875,0.0799999999688966,-0.8860673344244737,0.0,0.08,0.07999999997822763,0.07999999997822763,0
60,14,0.09538255631923676,0.1297281009786449,0.0,0.09023086414844478,98.4375,0.09461552021206396,-0.30754498753119563,0.0,0.08,0.09023086414844478,0.09023086414844478,0
60,3,0.1081051304936409,0.1297281009786449,0.0,0.1152833715754446,96.3157894736842,0.13040481653634944,-0.1823365296537515,0.0,0.08,0.1152833715754446,0.1152833715754446,0
60,6,0.1477508693933487,0.1297281009786449,0.1300868018683692,0.12077243629259088,98.93617021276596,0.09364514834883181,0.1300868018683692,0.1300868018683692,0.1840694414946954,0.12077243629259088,0.12077243629259088,0
60,10,0.09217890352010727,0.1297281009786449,0.0,0.07999999997822763,96.99570815450643,0.0799999999688966,-0.34170940558156326,0.0,0.08,0.07999999997822763,0.07999999997822763,0
60,5,0.5276696681976318,0.1297281009786449,0.7,0.6399996594794164,83.203125,0.6399995135420236,1.4030296721558526,0.7,0.6399999999999999,0.6399996594794164,0.6399996594794164,0
60,7,0.12953370809555054,0.1297281009786449,0.0,0.07999999997822763,96.84210526315789,0.0799999999688966,-0.0014995876579067082,0.0,0.08,0.07999999997822763,0.07999999997822763,0
60,15,0.14564155042171478,0.1297281009786449,0.11570773118750759,0.14385227443000828,95.703125,0.13154631277858067,0.11570773118750759,0.11570773118750759,0.17256618495000609,0.14385227443000828,0.14385227443000828,0
60,2,0.1920686960220337,0.1297281009786449,0.3924123455807318,0.30932822050649794,96.72131147540983,0.27307036795303186,0.3924123455807318,0.3924123455807318,0.3939298764645855,0.30932822050649794,0.30932822050649794,0
60,8,0.032394297420978546,0.1297281009786449,0.0,0.07999999997822763,98.828125,0.0799999999688966,-1.387458095822563,0.0,0.08,0.07999999997822763,0.07999999997822763,0
60,19,0.08869246393442154,0.1297281009786449,0.0,0.07999999997822763,99.21875,0.0799999999688966,-0.3802657691261774,0.0,0.08,0.07999999997822763,0.07999999997822763,0
60,0,0.17750169336795807,0.1297281009786449,0.3135393990076624,0.21115036471013324,94.9238578680203,0.1598584413547061,0.3135393990076624,0.3135393990076624,0.33083151920612996,0.21115036471013324,0.21115036471013324,0
60,13,0.10820156335830688,0.1297281009786449,0.0,0.09294031997667815,95.0,0.09848617139525451,-0.1814448987899891,0.0,0.08,0.09294031997667815,0.09294031997667815,0
60,17,0.10615970194339752,0.1297281009786449,0.0,0.10168390865299773,96.484375,0.11097701236142535,-0.2004961297000826,0.0,0.08,0.10168390865299773,0.10168390865299773,0
60,4,0.12786470353603363,0.1297281009786449,0.0,0.15896390511514383,93.00699300699301,0.19280557873591977,-0.014468026820712151,0.0,0.08,0.15896390511514383,0.15896390511514383,0
60,12,0.09638998657464981,0.1297281009786449,0.0,0.07999999997822763,97.65625,0.0799999999688966,-0.2970383800414515,0.0,0.08,0.07999999997822763,0.07999999997822763,0
60,11,0.09133101254701614,0.1297281009786449,0.0,0.07999999997822763,96.09375,0.0799999999688966,-0.35095028948118273,0.0,0.08,0.07999999997822763,0.07999999997822763,0
60,18,0.13924135267734528,0.1297281009786449,0.07076804313090906,0.10295307792060854,98.4375,0.08852678224170052,0.07076804313090906,0.07076804313090906,0.13661443450472727,0.10295307792060854,0.10295307792060854,0
60,16,0.028630977496504784,0.1297281009786449,0.0,0.07999999997822763,99.609375,0.0799999999688966,-1.5109511961160187,0.0,0.08,0.07999999997822763,0.07999999997822763,0
61,4,0.11260198056697845,0.12746853250263235,0.0,0.13527473358060066,95.8041958041958,0.15896390511514383,-0.12401021492313372,0.0,0.08,0.13527473358060066,0.13527473358060066,0
61,5,0.5021517872810364,0.12746853250263235,0.7,0.6399997616355915,80.859375,0.6399996594794164,1.371032850317383,0.7,0.6399999999999999,0.6399997616355915,0.6399997616355915,0
61,2,0.10006924718618393,0.12746853250263235,0.0,0.24052975435454854,95.08196721311475,0.30932822050649794,-0.24200709055448144,0.0,0.08,0.24052975435454854,0.24052975435454854,0
61,15,0.10855232924222946,0.12746853250263235,0.0,0.12469659210100578,96.09375,0.14385227443000828,-0.1606371626897055,0.0,0.08,0.12469659210100578,0.12469659210100578,0
61,0,0.08117643743753433,0.12746853250263235,0.0,0.17180525529709326,96.95431472081218,0.21115036471013324,-0.45124445978199546,0.0,0.08,0.17180525529709326,0.17180525529709326,0
61,1,0.2625097930431366,0.12746853250263235,0.7,0.3625306809473812,91.89189189189189,0.24361525849625895,0.7224188175734141,0.7,0.6399999999999999,0.3625306809473812,0.3625306809473812,0
61,6,0.06646997481584549,0.12746853250263235,0.0,0.10854070540481361,95.74468085106383,0.12077243629259088,-0.6511191190699347,0.0,0.08,0.10854070540481361,0.10854070540481361,0
61,12,0.06577732414007187,0.12746853250263235,0.0,0.07999999998475933,98.046875,0.07999999997822763,-0.6615942956543032,0.0,0.08,0.07999999998475933,0.07999999998475933,0
61,14,0.09520962089300156,0.12746853250263235,0.0,0.08716160490391134,96.875,0.09023086414844478,-0.29178850716423943,0.0,0.08,0.08716160490391134,0.08716160490391134,0
61,16,0.020774386823177338,0.12746853250263235,0.0,0.07999999998475933,99.609375,0.07999999997822763,-1.8141483021492486,0.0,0.08,0.07999999998475933,0.07999999998475933,0
61,7,0.07218709588050842,0.12746853250263235,0.0,0.07999999998475933,96.84210526315789,0.07999999997822763,-0.5686081676499387,0.0,0.08,0.07999999998475933,0.07999999998475933,0
61,17,0.08878257125616074,0.12746853250263235,0.0,0.0951787360570984,95.703125,0.10168390865299773,-0.3616791349555928,0.0,0.08,0.0951787360570984,0.0951787360570984,0
61,10,0.051806192845106125,0.12746853250263235,0.0,0.07999999998475933,96.13733905579399,0.07999999997822763,-0.9003597205462228,0.0,0.08,0.07999999998475933,0.07999999998475933,0
61,3,0.15484991669654846,0.12746853250263235,0.19458682434829808,0.15139919794640277,93.15789473684211,0.1152833715754446,0.19458682434829808,0.19458682434829808,0.2356694594786385,0.15139919794640277,0.15139919794640277,0
61,18,0.09769001603126526,0.12746853250263235,0.0,0.09606715454442596,95.703125,0.10295307792060854,-0.26607014255431416,0.0,0.08,0.09606715454442596,0.09606715454442596,0
61,8,0.035511262714862823,0.12746853250263235,0.0,0.07999999998475933,99.609375,0.07999999997822763,-1.27801942134764,0.0,0.08,0.07999999998475933,0.07999999998475933,0
61,11,0.07671035081148148,0.12746853250263235,0.0,0.07999999998475933,97.65625,0.07999999997822763,-0.5078328271488809,0.0,0.08,0.07999999998475933,0.07999999998475933,0
61,13,0.1381945163011551,0.12746853250263235,0.08079269477917961,0.1084484707306778,98.75,0.09294031997667815,0.08079269477917961,0.08079269477917961,0.14463415582334369,0.1084484707306778,0.1084484707306778,0
61,9,0.04114992171525955,0.12746853250263235,0.0,0.07999999998475933,97.65625,0.07999999997822763,-1.130647340975953,0.0,0.08,0.07999999998475933,0.07999999998475933,0
61,19,0.061226736754179,0.12746853250263235,0.0,0.07999999998475933,98.4375,0.07999999997822763,-0.7332854761754318,0.0,0.08,0.07999999998475933,0.07999999998475933,0
62,4,0.10802539438009262,0.12321962968705387,0.0,0.11869231350642045,95.8041958041958,0.13527473358060066,-0.13160202623419767,0.0,0.08,0.11869231350642045,0.11869231350642045,0
62,13,0.13646695017814636,0.12321962968705387,0.10211408391046244,0.12442130964998543,96.875,0.1084484707306778,0.10211408391046244,0.10211408391046244,0.16169126712836995,0.12442130964998543,0.12442130964998543,0
62,12,0.09468922019004822,0.12321962968705387,0.0,0.07999999998933152,97.65625,0.07999999998475933,-0.2633681832678604,0.0,0.08,0.07999999998933152,0.07999999998933152,0
62,1,0.15354202687740326,0.12321962968705387,0.22000593397564527,0.3305729008173217,94.5945945945946,0.3625306809473812,0.22000593397564527,0.22000593397564527,0.25600474718051625,0.3305729008173217,0.3305729008173217,0
62,3,0.12279602140188217,0.12321962968705387,0.0,0.12997943856248192,97.89473684210526,0.15139919794640277,-0.003443753822210018,0.0,0.08,0.12997943856248192,0.12997943856248192,0
62,11,0.11669966578483582,0.12321962968705387,0.0,0.07999999998933152,97.265625,0.07999999998475933,-0.0543646903434796,0.0,0.08,0.07999999998933152,0.07999999998933152,0
62,6,0.10987351834774017,0.12321962968705387,0.0,0.09997849378336954,95.74468085106383,0.10854070540481361,-0.1146384894003589,0.0,0.08,0.09997849378336954,0.09997849378336954,0
62,19,0.03571565821766853,0.12321962968705387,0.0,0.07999999998933152,99.21875,0.07999999998475933,-1.2383789732863428,0.0,0.08,0.07999999998933152,0.07999999998933152,0
62,9,0.08311963826417923,0.12321962968705387,0.0,0.07999999998933152,98.828125,0.07999999998475933,-0.39368733631966657,0.0,0.08,0.07999999998933152,0.07999999998933152,0
62,16,0.03045910783112049,0.12321962968705387,0.0,0.07999999998933152,99.21875,0.07999999998475933,-1.3975830659433401,0.0,0.08,0.07999999998933152,0.07999999998933152,0
62,14,0.06887249648571014,0.12321962968705387,0.0,0.08501312343273792,95.3125,0.08716160490391134,-0.5817113880953246,0.0,0.08,0.08501312343273792,0.08501312343273792,0
62,7,0.1269320398569107,0.12321962968705387,0.029683451337804347,0.08712402831040457,100.0,0.07999999998475933,0.029683451337804347,0.029683451337804347,0.10374676107024348,0.08712402831040457,0.08712402831040457,0
62,0,0.12613847851753235,0.12321962968705387,0.02341196714631061,0.14988255082307983,94.41624365482234,0.17180525529709326,0.02341196714631061,0.02341196714631061,0.09872957371704849,0.14988255082307983,0.14988255082307983,0
62,8,0.08557276427745819,0.12321962968705387,0.0,0.07999999998933152,99.609375,0.07999999998475933,-0.3646012763884281,0.0,0.08,0.07999999998933152,0.07999999998933152,0
62,17,0.1252269446849823,0.12321962968705387,0.01615927706604569,0.09450334173581984,98.046875,0.0951787360570984,0.01615927706604569,0.01615927706604569,0.09292742165283656,0.09450334173581984,0.09450334173581984,0
62,18,0.09818581491708755,0.12321962968705387,0.0,0.09124700818109818,96.484375,0.09606715454442596,-0.22710659561085583,0.0,0.08,0.09124700818109818,0.09124700818109818,0
62,2,0.09684134274721146,0.12321962968705387,0.0,0.19237082804818395,92.62295081967213,0.24052975435454854,-0.24089435057747774,0.0,0.08,0.19237082804818395,0.19237082804818395,0
62,5,0.5479332804679871,0.12321962968705387,0.7,0.6399998331449139,83.203125,0.6399997616355915,1.4921850953765563,0.7,0.6399999999999999,0.6399998331449139,0.6399998331449139,0
62,10,0.07557318359613419,0.12321962968705387,0.0,0.07999999998933152,97.42489270386267,0.07999999998475933,-0.48886681319409203,0.0,0.08,0.07999999998933152,0.07999999998933152,0
62,15,0.10170137882232666,0.12321962968705387,0.0,0.11128761447070404,96.09375,0.12469659210100578,-0.19192749240743243,0.0,0.08,0.11128761447070404,0.11128761447070404,0
63,9,0.052478235214948654,0.12138400537846944,0.0,0.07999999999253206,98.4375,0.07999999998933152,-0.8385604940540123,0.0,0.08,0.07999999999253206,0.07999999999253206,0
63,0,0.0862114354968071,0.12138400537846944,0.0,0.12891778557615588,95.93908629441624,0.14988255082307983,-0.34215625367504365,0.0,0.08,0.12891778557615588,0.12891778557615588,0
63,6,0.046424806118011475,0.12138400537846944,0.0,0.09398494564835866,96.80851063829788,0.09997849378336954,-0.9611250545245467,0.0,0.08,0.09398494564835866,0.09398494564835866,0
63,15,0.10545985400676727,0.12138400537846944,0.0,0.10190133012949282,97.65625,0.11128761447070404,-0.14062875633846283,0.0,0.08,0.10190133012949282,0.10190133012949282,0
63,4,0.15149961411952972,0.12138400537846944,0.2216239429714816,0.16027436576764992,93.7062937062937,0.11869231350642045,0.2216239429714816,0.2216239429714816,0.2572991543771853,0.16027436576764992,0.16027436576764992,0
63,13,0.1057010293006897,0.12138400537846944,0.0,0.11109491675498981,97.5,0.12442130964998543,-0.1383444755363383,0.0,0.08,0.11109491675498981,0.11109491675498981,0
63,8,0.0355011522769928,0.12138400537846944,0.0,0.07999999999253206,98.4375,0.07999999998933152,-1.2293937647732527,0.0,0.08,0.07999999999253206,0.07999999999253206,0
63,19,0.053627025336027145,0.12138400537846944,0.0,0.07999999999253206,98.828125,0.07999999998933152,-0.8169058694035565,0.0,0.08,0.07999999999253206,0.07999999999253206,0
63,12,0.09442911297082901,0.12138400537846944,0.0,0.07999999999253206,96.09375,0.07999999998933152,-0.2511096692954874,0.0,0.08,0.07999999999253206,0.07999999999253206,0
63,7,0.07902643084526062,0.12138400537846944,0.0,0.0849868198172832,96.84210526315789,0.08712402831040457,-0.4291767102024518,0.0,0.08,0.0849868198172832,0.0849868198172832,0
63,16,0.021251685917377472,0.12138400537846944,0.0,0.07999999999253206,99.609375,0.07999999998933152,-1.7425225008531209,0.0,0.08,0.07999999999253206,0.07999999999253206,0
63,1,0.14938423037528992,0.12138400537846944,0.20756258010984094,0.30521604979848704,97.29729729729729,0.3305729008173217,0.20756258010984094,0.20756258010984094,0.24605006408787278,0.30521604979848704,0.30521604979848704,0
63,2,0.12125048786401749,0.12138400537846944,0.0,0.15865957963372876,96.72131147540983,0.19237082804818395,-0.0011005650115024702,0.0,0.08,0.15865957963372876,0.15865957963372876,0
63,14,0.08994247019290924,0.12138400537846944,0.0,0.08350918640291655,97.65625,0.08501312343273792,-0.2997888438702595,0.0,0.08,0.08350918640291655,0.08350918640291655,0
63,5,0.473340779542923,0.12138400537846944,0.7,0.6399998832014397,80.46875,0.6399998331449139,1.360856413442943,0.7,0.6399999999999999,0.6399998832014397,0.6399998832014397,0
63,11,0.10948783904314041,0.12138400537846944,0.0,0.07999999999253206,95.3125,0.07999999998933152,-0.10314562545901683,0.0,0.08,0.07999999999253206,0.07999999999253206,0
63,3,0.11687486618757248,0.12138400537846944,0.0,0.11498560699373733,95.26315789473684,0.12997943856248192,-0.037855272665033315,0.0,0.08,0.11498560699373733,0.11498560699373733,0
63,18,0.11983385682106018,0.12138400537846944,0.0,0.08787290572676873,95.3125,0.09124700818109818,-0.012852860518301335,0.0,0.08,0.08787290572676873,0.08787290572676873,0
63,17,0.09761468321084976,0.12138400537846944,0.0,0.09015233921507387,96.875,0.09450334173581984,-0.21793117363426534,0.0,0.08,0.09015233921507387,0.09015233921507387,0
63,10,0.05473507195711136,0.12138400537846944,0.0,0.07999999999253206,98.28326180257511,0.07999999998933152,-0.7964543450164829,0.0,0.08,0.07999999999253206,0.07999999999253206,0
64,4,0.10811792314052582,0.11884779464970643,0.0,0.13619205603735493,95.8041958041958,0.16027436576764992,-0.0946211171520807,0.0,0.08,0.13619205603735493,0.13619205603735493,0
64,1,0.34758907556533813,0.11884779464970643,0.7,0.4056512348589409,97.29729729729729,0.30521604979848704,1.0731772714587264,0.7,0.6399999999999999,0.4056512348589409,0.4056512348589409,0
64,2,0.09766819328069687,0.11884779464970643,0.0,0.13506170574361012,95.90163934426229,0.15865957963372876,-0.1962676685556226,0.0,0.08,0.13506170574361012,0.13506170574361012,0
64,19,0.09431225806474686,0.11884779464970643,0.0,0.07999999999477245,99.609375,0.07999999999253206,-0.2312324447259354,0.0,0.08,0.07999999999477245,0.07999999999477245,0
64,18,0.08309604227542877,0.11884779464970643,0.0,0.08551103400873811,94.921875,0.08787290572676873,-0.35784652700814457,0.0,0.08,0.08551103400873811,0.08551103400873811,0
64,6,0.045082565397024155,0.11884779464970643,0.0,0.08978946195385107,100.0,0.09398494564835866,-0.9693479050090623,0.0,0.08,0.08978946195385107,0.08978946195385107,0
64,14,0.10322968661785126,0.11884779464970643,0.0,0.08245643048204157,98.046875,0.08350918640291655,-0.1408871524522631,0.0,0.08,0.08245643048204157,0.08245643048204157,0
64,17,0.15516561269760132,0.11884779464970643,0.26664935794627825,0.1511024833576585,96.484375,0.09015233921507387,0.26664935794627825,0.26664935794627825,0.2933194863570226,0.1511024833576585,0.1511024833576585,0
64,13,0.09176526963710785,0.11884779464970643,0.0,0.10176644172849286,96.875,0.11109491675498981,-0.2586097134067873,0.0,0.08,0.10176644172849286,0.10176644172849286,0
64,9,0.030627457424998283,0.11884779464970643,0.0,0.07999999999477245,98.828125,0.07999999999253206,-1.355946487431349,0.0,0.08,0.07999999999477245,0.07999999999477245,0
64,3,0.1643170267343521,0.11884779464970643,0.3239539904817257,0.18223888261123028,95.26315789473684,0.11498560699373733,0.3239539904817257,0.3239539904817257,0.33916319238538056,0.18223888261123028,0.18223888261123028,0
64,12,0.12059955298900604,0.11884779464970643,0.014631938616167276,0.08351166526265258,98.4375,0.07999999999253206,0.014631938616167276,0.014631938616167276,0.09170555089293382,0.08351166526265258,0.08351166526265258,0
64,16,0.04334191977977753,0.11884779464970643,0.0,0.07999999999477245,99.21875,0.07999999999253206,-1.0087232003840874,0.0,0.08,0.07999999999477245,0.07999999999477245,0
64,5,0.3816653788089752,0.11884779464970643,0.7,0.6399999182410078,87.5,0.6399998832014397,1.1667005571856006,0.7,0.6399999999999999,0.6399999182410078,0.6399999182410078,0
64,7,0.04608629271388054,0.11884779464970643,0.0,0.08349077387209825,97.89473684210526,0.0849868198172832,-0.9473279373508663,0.0,0.08,0.08349077387209825,0.08349077387209825,0
64,8,0.06817729771137238,0.11884779464970643,0.0,0.07999999999477245,99.21875,0.07999999999253206,-0.5557319440530667,0.0,0.08,0.07999999999477245,0.07999999999477245,0
64,15,0.060649607330560684,0.11884779464970643,0.0,0.09533093109064497,96.875,0.10190133012949282,-0.6727303961314975,0.0,0.08,0.09533093109064497,0.09533093109064497,0
64,10,0.036656782031059265,0.11884779464970643,0.0,0.07999999999477245,97.85407725321889,0.07999999999253206,-1.1762449894197786,0.0,0.08,0.07999999999477245,0.07999999999477245,0
64,11,0.0756453350186348,0.11884779464970643,0.0,0.07999999999477245,94.921875,0.07999999999253206,-0.45178781682021263,0.0,0.08,0.07999999999477245,0.07999999999477245,0
64,0,0.10442853718996048,0.11884779464970643,0.0,0.11424244990330912,97.46192893401015,0.12891778557615588,-0.1293406434429132,0.0,0.08,0.11424244990330912,0.11424244990330912,0
65,3,0.1354794204235077,0.11626689156982853,0.15293140005627487,0.18827075384136716,93.6842105263158,0.18223888261123028,0.15293140005627487,0.15293140005627487,0.20234512004501992,0.18827075384136716,0.18827075384136716,0
65,2,0.1579892933368683,0.11626689156982853,0.3066389065882501,0.1921365316017071,96.72131147540983,0.13506170574361012,0.3066389065882501,0.3066389065882501,0.3253111252706001,0.1921365316017071,0.1921365316017071,0
65,19,0.039534635841846466,0.11626689156982853,0.0,0.0799999999963407,98.828125,0.07999999999477245,-1.0787110263562607,0.0,0.08,0.0799999999963407,0.0799999999963407,0
65,17,0.12038812041282654,0.11626689156982853,0.03483251965648979,0.13813154306791847,96.484375,0.1511024833576585,0.03483251965648979,0.03483251965648979,0.10786601572519183,0.13813154306791847,0.13813154306791847,0
65,1,0.19202576577663422,0.11626689156982853,0.501741188106476,0.42837374954681284,97.29729729729729,0.4056512348589409,0.501741188106476,0.501741188106476,0.4813929504851809,0.42837374954681284,0.42837374954681284,0
65,13,0.09464050829410553,0.11626689156982853,0.0,0.095236509209945,98.125,0.10176644172849286,-0.205802727611833,0.0,0.08,0.095236509209945,0.095236509209945,0
65,8,0.07104620337486267,0.11626689156982853,0.0,0.0799999999963407,97.65625,0.07999999999477245,-0.4925578658410747,0.0,0.08,0.0799999999963407,0.0799999999963407,0
65,0,0.09646403044462204,0.11626689156982853,0.0,0.10396971493231638,93.90862944162437,0.11424244990330912,-0.18671812272874497,0.0,0.08,0.10396971493231638,0.10396971493231638,0
65,7,0.08077169954776764,0.11626689156982853,0.0,0.08244354171046878,97.89473684210526,0.08349077387209825,-0.3642616488892305,0.0,0.08,0.08244354171046878,0.08244354171046878,0
65,9,0.04187875613570213,0.11626689156982853,0.0,0.0799999999963407,99.21875,0.07999999999477245,-1.0211095000772772,0.0,0.08,0.0799999999963407,0.0799999999963407,0
65,10,0.022824639454483986,0.11626689156982853,0.0,0.0799999999963407,97.85407725321889,0.07999999999477245,-1.6280473553477375,0.0,0.08,0.0799999999963407,0.0799999999963407,0
65,18,0.09475361555814743,0.11626689156982853,0.0,0.08385772380611667,98.4375,0.08551103400873811,-0.2046083160509678,0.0,0.08,0.08385772380611667,0.08385772380611667,0
65,11,0.05358346551656723,0.11626689156982853,0.0,0.0799999999963407,98.4375,0.07999999999477245,-0.774647695803908,0.0,0.08,0.0799999999963407,0.0799999999963407,0
65,14,0.07043356448411942,0.11626689156982853,0.0,0.0817195013374291,97.65625,0.08245643048204157,-0.5012183639831561,0.0,0.08,0.0817195013374291,0.0817195013374291,0
65,15,0.09289929270744324,0.11626689156982853,0.0,0.09073165176345147,97.265625,0.09533093109064497,-0.22437228379597307,0.0,0.08,0.09073165176345147,0.09073165176345147,0
65,12,0.08351501077413559,0.11626689156982853,0.0,0.0824581656838568,96.09375,0.08351166526265258,-0.3308619185581356,0.0,0.08,0.0824581656838568,0.0824581656838568,0
65,4,0.13327665627002716,0.11626689156982853,0.13653874137834102,0.1521037371569503,97.2027972027972,0.13619205603735493,0.13653874137834102,0.13653874137834102,0.18923099310267283,0.1521037371569503,0.1521037371569503,0
65,5,0.424164742231369,0.11626689156982853,0.7,0.6399999427687054,83.59375,0.6399999182410078,1.294233522595557,0.7,0.6399999999999999,0.6399999427687054,0.6399999427687054,0
65,16,0.0123284962028265,0.11626689156982853,0.0,0.0799999999963407,98.828125,0.07999999999477245,-2.243974265343922,0.0,0.08,0.0799999999963407,0.0799999999963407,0
65,6,0.10503963381052017,0.11626689156982853,0.0,0.08685262336769575,98.93617021276596,0.08978946195385107,-0.10155058474753702,0.0,0.08,0.08685262336769575,0.08685262336769575,0
66,8,0.08245205879211426,0.1140171924629231,0.0,0.07999999999743848,97.265625,0.0799999999963407,-0.3241321956421599,0.0,0.08,0.07999999999743848,0.07999999999743848,0
66,17,0.11128324270248413,0.1140171924629231,0.0,0.12069208014754293,96.09375,0.13813154306791847,-0.024270558727065787,0.0,0.08,0.12069208014754293,0.12069208014754293,0
66,13,0.0745396688580513,0.1140171924629231,0.0,0.0906655564469615,98.75,0.095236509209945,-0.42501775008315024,0.0,0.08,0.0906655564469615,0.0906655564469615,0
66,9,0.04014678671956062,0.1140171924629231,0.0,0.07999999999743848,99.21875,0.0799999999963407,-1.0438066814234257,0.0,0.08,0.07999999999743848,0.07999999999743848,0
66,19,0.042627181857824326,0.1140171924629231,0.0,0.07999999999743848,100.0,0.0799999999963407,-0.9838569796419254,0.0,0.08,0.07999999999743848,0.07999999999743848,0
66,3,0.12749134004116058,0.1140171924629231,0.11169918367463808,0.18259733177087012,95.26315789473684,0.18827075384136716,0.11169918367463808,0.11169918367463808,0.16935934693971047,0.18259733177087012,0.18259733177087012,0
66,4,0.1448332518339157,0.1140171924629231,0.2392338265623619,0.18788873438483206,93.7062937062937,0.1521037371569503,0.2392338265623619,0.2392338265623619,0.27138706124988954,0.18788873438483206,0.18788873438483206,0
66,2,0.13272547721862793,0.1140171924629231,0.1519336535431458,0.19495964897154994,97.54098360655738,0.1921365316017071,0.1519336535431458,0.1519336535431458,0.20154692283451664,0.19495964897154994,0.19495964897154994,0
66,15,0.17841877043247223,0.1140171924629231,0.4477841502797348,0.1949803523015524,95.703125,0.09073165176345147,0.4477841502797348,0.4477841502797348,0.43822732022378785,0.1949803523015524,0.1949803523015524,0
66,0,0.11887122690677643,0.1140171924629231,0.041691528672398094,0.106784767333997,96.95431472081218,0.10396971493231638,0.041691528672398094,0.041691528672398094,0.11335322293791847,0.106784767333997,0.106784767333997,0
66,18,0.08588708192110062,0.1140171924629231,0.0,0.08270040666428166,97.65625,0.08385772380611667,-0.28331578678095065,0.0,0.08,0.08270040666428166,0.08270040666428166,0
66,1,0.1400902271270752,0.1140171924629231,0.20593743007527524,0.373286607900835,97.29729729729729,0.42837374954681284,0.20593743007527524,0.20593743007527524,0.24474994406022021,0.373286607900835,0.373286607900835,0
66,14,0.0815114676952362,0.1140171924629231,0.0,0.08120365093620036,98.046875,0.0817195013374291,-0.33560549486047636,0.0,0.08,0.08120365093620036,0.08120365093620036,0
66,11,0.08031345158815384,0.1140171924629231,0.0,0.07999999999743848,96.875,0.0799999999963407,-0.350412087708055,0.0,0.08,0.07999999999743848,0.07999999999743848,0
66,10,0.09118467569351196,0.1140171924629231,0.0,0.07999999999743848,97.42489270386267,0.0799999999963407,-0.22346237285512993,0.0,0.08,0.07999999999743848,0.07999999999743848,0
66,7,0.06045588105916977,0.1140171924629231,0.0,0.08171047919732814,97.89473684210526,0.08244354171046878,-0.6344353100766077,0.0,0.08,0.08171047919732814,0.08171047919732814,0
66,5,0.4640612304210663,0.1140171924629231,0.7,0.6399999599380938,82.421875,0.6399999427687054,1.4036671913752805,0.7,0.6399999999999999,0.6399999599380938,0.6399999599380938,0
66,6,0.07736833393573761,0.1140171924629231,0.0,0.08479683635738702,96.80851063829788,0.08685262336769575,-0.3877716319511132,0.0,0.08,0.08479683635738702,0.08479683635738702,0
66,16,0.021931646391749382,0.1140171924629231,0.0,0.07999999999743848,99.609375,0.0799999999963407,-1.6484182453709781,0.0,0.08,0.07999999999743848,0.07999999999743848,0
66,12,0.09546452015638351,0.1140171924629231,0.0,0.08172071597869976,98.046875,0.0824581656838568,-0.17759456928685619,0.0,0.08,0.08172071597869976,0.08172071597869976,0
67,14,0.057244881987571716,0.11146906109736142,0.0,0.08084255565534024,96.09375,0.08120365093620036,-0.666408747630088,0.0,0.08,0.08084255565534024,0.08084255565534024,0
67,10,0.10435977578163147,0.11146906109736142,0.0,0.07999999999820694,98.28326180257511,0.07999999999743848,-0.06590275557945448,0.0,0.08,0.07999999999820694,0.07999999999820694,0
67,4,0.09845297038555145,0.11146906109736142,0.0,0.15552211406938243,95.8041958041958,0.18788873438483206,-0.12416808544402541,0.0,0.08,0.15552211406938243,0.15552211406938243,0
67,3,0.09813831746578217,0.11146906109736142,0.0,0.15181813223960908,97.36842105263158,0.18259733177087012,-0.12736917497229566,0.0,0.08,0.15181813223960908,0.15181813223960908,0
67,15,0.12121991068124771,0.11146906109736142,0.08385925902642674,0.18061246877742906,96.484375,0.1949803523015524,0.08385925902642674,0.08385925902642674,0.1470874072211414,0.18061246877742906,0.18061246877742906,0
67,7,0.08955460786819458,0.11146906109736142,0.0,0.0811973354381297,96.84210526315789,0.08171047919732814,-0.21889846849813335,0.0,0.08,0.0811973354381297,0.0811973354381297,0
67,9,0.07257834076881409,0.11146906109736142,0.0,0.07999999999820694,98.4375,0.07999999999743848,-0.4290804845753349,0.0,0.08,0.07999999999820694,0.07999999999820694,0
67,13,0.07237105071544647,0.11146906109736142,0.0,0.08746588951287304,99.375,0.0906655564469615,-0.43194065754958666,0.0,0.08,0.08746588951287304,0.08746588951287304,0
67,19,0.059636130928993225,0.11146906109736142,0.0,0.07999999999820694,98.4375,0.07999999999743848,-0.6254853814429479,0.0,0.08,0.07999999999820694,0.07999999999820694,0
67,17,0.0766681432723999,0.11146906109736142,0.0,0.10848445610328006,95.3125,0.12069208014754293,-0.3742607525826676,0.0,0.08,0.10848445610328006,0.10848445610328006,0
67,2,0.06421466916799545,0.11146906109736142,0.0,0.16047175428008495,95.90163934426229,0.19495964897154994,-0.551515331122694,0.0,0.08,0.16047175428008495,0.16047175428008495,0
67,18,0.15143030881881714,0.11146906109736142,0.3063784141944449,0.15542110407166396,97.265625,0.08270040666428166,0.3063784141944449,0.3063784141944449,0.32510273135555595,0.15542110407166396,0.15542110407166396,0
67,11,0.03825083747506142,0.11146906109736142,0.0,0.07999999999820694,98.4375,0.07999999999743848,-1.069581446921468,0.0,0.08,0.07999999999820694,0.07999999999820694,0
67,5,0.4932608902454376,0.11146906109736142,0.7,0.6399999719566656,87.109375,0.6399999599380938,1.4872910803242385,0.7,0.6399999999999999,0.6399999719566656,0.6399999719566656,0
67,0,0.10158242285251617,0.11146906109736142,0.0,0.09874933713379788,93.4010152284264,0.106784767333997,-0.09287654795965368,0.0,0.08,0.09874933713379788,0.09874933713379788,0
67,16,0.01377746369689703,0.11146906109736142,0.0,0.07999999999820694,99.609375,0.07999999999743848,-2.090712245520567,0.0,0.08,0.07999999999820694,0.07999999999820694,0
67,12,0.08033809810876846,0.11146906109736142,0.0,0.08120450118508983,98.046875,0.08172071597869976,-0.3275030830644776,0.0,0.08,0.08120450118508983,0.08120450118508983,0
67,1,0.300399512052536,0.11146906109736142,0.7,0.4533006255305845,94.5945945945946,0.373286607900835,0.9913661656925594,0.7,0.6399999999999999,0.4533006255305845,0.4533006255305845,0
67,8,0.05711810663342476,0.11146906109736142,0.0,0.07999999999820694,98.828125,0.07999999999743848,-0.6686258177754947,0.0,0.08,0.07999999999820694,0.07999999999820694,0
67,6,0.0872676894068718,0.11146906109736142,0.0,0.08335778545017092,94.68085106382979,0.08479683635738702,-0.24476676411831488,0.0,0.08,0.08335778545017092,0.08335778545017092,0
68,0,0.10364819318056107,0.1087024443634073,0.0,0.09312453599365852,95.43147208121827,0.09874933713379788,-0.047611869831354146,0.0,0.08,0.09312453599365852,0.09312453599365852,0
68,8,0.04758928343653679,0.1087024443634073,0.0,0.07999999999874485,98.828125,0.07999999999820694,-0.8260065649789611,0.0,0.08,0.07999999999874485,0.07999999999874485,0
68,5,0.4577949047088623,0.1087024443634073,0.7,0.6399999803696659,87.5,0.6399999719566656,1.437806926237876,0.7,0.6399999999999999,0.6399999803696659,0.6399999803696659,0
68,2,0.09826310724020004,0.1087024443634073,0.0,0.13633022799605946,96.72131147540983,0.16047175428008495,-0.10096562246846365,0.0,0.08,0.13633022799605946,0.13633022799605946,0
68,1,0.10669803619384766,0.1087024443634073,0.0,0.34131043787140913,91.89189189189189,0.4533006255305845,-0.018611526182803696,0.0,0.08,0.34131043787140913,0.34131043787140913,0
68,7,0.0256173238158226,0.1087024443634073,0.0,0.08083813480669078,97.89473684210526,0.0811973354381297,-1.4453451485766045,0.0,0.08,0.08083813480669078,0.08083813480669078,0
68,12,0.057532086968421936,0.1087024443634073,0.0,0.08084315082956288,97.65625,0.08120450118508983,-0.636271372902874,0.0,0.08,0.08084315082956288,0.08084315082956288,0
68,10,0.05427328869700432,0.1087024443634073,0.0,0.07999999999874485,99.57081545064378,0.07999999999820694,-0.694582003818106,0.0,0.08,0.07999999999874485,0.07999999999874485,0
68,6,0.04307345300912857,0.1087024443634073,0.0,0.08235044981511963,97.87234042553192,0.08335778545017092,-0.9257072730732134,0.0,0.08,0.08235044981511963,0.08235044981511963,0
68,11,0.1181325912475586,0.1087024443634073,0.08319335981683383,0.09996640635478497,97.265625,0.07999999999820694,0.08319335981683383,0.08319335981683383,0.14655468785346706,0.09996640635478497,0.09996640635478497,0
68,19,0.0671609491109848,0.1087024443634073,0.0,0.07999999999874485,98.4375,0.07999999999820694,-0.48152226001958687,0.0,0.08,0.07999999999874485,0.07999999999874485,0
68,18,0.09973395615816116,0.1087024443634073,0.0,0.13279477285016478,97.265625,0.15542110407166396,-0.08610807053162388,0.0,0.08,0.13279477285016478,0.13279477285016478,0
68,16,0.03168928995728493,0.1087024443634073,0.0,0.07999999999874485,96.875,0.07999999999820694,-1.2326352899885655,0.0,0.08,0.07999999999874485,0.07999999999874485,0
68,3,0.09699881821870804,0.1087024443634073,0.0,0.13027269256772636,93.6842105263158,0.15181813223960908,-0.11391547490152251,0.0,0.08,0.13027269256772636,0.13027269256772636,0
68,17,0.10915648192167282,0.1087024443634073,0.004168185180085391,0.10093948371551653,97.265625,0.10848445610328006,0.004168185180085391,0.004168185180085391,0.08333454814406832,0.10093948371551653,0.10093948371551653,0
68,4,0.13091975450515747,0.1087024443634073,0.18597027774988928,0.17749834650854113,99.3006993006993,0.15552211406938243,0.18597027774988928,0.18597027774988928,0.22877622219991145,0.17749834650854113,0.17749834650854113,0
68,15,0.11886192113161087,0.1087024443634073,0.08934820380507578,0.17187229705741852,98.046875,0.18061246877742906,0.08934820380507578,0.08934820380507578,0.15147856304406063,0.17187229705741852,0.17187229705741852,0
68,14,0.04618246108293533,0.1087024443634073,0.0,0.08058978895873817,97.265625,0.08084255565534024,-0.8560140608096424,0.0,0.08,0.08058978895873817,0.08058978895873817,0
68,13,0.12312418222427368,0.1087024443634073,0.12457916574326182,0.11512512243739396,98.75,0.08746588951287304,0.12457916574326182,0.12457916574326182,0.17966333259460948,0.11512512243739396,0.11512512243739396,0
68,9,0.05666135624051094,0.1087024443634073,0.0,0.07999999999874485,99.21875,0.07999999999820694,-0.6515217660372934,0.0,0.08,0.07999999999874485,0.07999999999874485,0
69,17,0.08157534152269363,0.10759529620001197,0.0,0.09465763860086157,94.921875,0.10093948371551653,-0.2768498724332521,0.0,0.08,0.09465763860086157,0.09465763860086157,0
69,12,0.04048152267932892,0.10759529620001197,0.0,0.08059020558069402,94.921875,0.08084315082956288,-0.9775311372056367,0.0,0.08,0.08059020558069402,0.08059020558069402,0
69,18,0.08358846604824066,0.10759529620001197,0.0,0.11695634099511534,98.4375,0.13279477285016478,-0.2524713598236497,0.0,0.08,0.11695634099511534,0.11695634099511534,0
69,2,0.06463174521923065,0.10759529620001197,0.0,0.11943115959724163,97.54098360655738,0.13633022799605946,-0.5096711672294173,0.0,0.08,0.11943115959724163,0.11943115959724163,0
69,13,0.09267871081829071,0.10759529620001197,0.0,0.10458758570617577,96.875,0.11512512243739396,-0.1492381267640402,0.0,0.08,0.10458758570617577,0.10458758570617577,0
69,11,0.10959267616271973,0.10759529620001197,0.01839361609553794,0.09839095231127858,97.265625,0.09996640635478497,0.01839361609553794,0.01839361609553794,0.09471489287643035,0.09839095231127858,0.09839095231127858,0
69,0,0.08654257655143738,0.10759529620001197,0.0,0.08918717519556096,97.46192893401015,0.09312453599365852,-0.2177404012421519,0.0,0.08,0.08918717519556096,0.08918717519556096,0
69,7,0.10835125297307968,0.10759529620001197,0.007001360234461728,0.08226702082095436,100.0,0.08083813480669078,0.007001360234461728,0.007001360234461728,0.08560108818756938,0.08226702082095436,0.08226702082095436,0
69,1,0.15429343283176422,0.10759529620001197,0.36047923813675103,0.34943232366280663,91.89189189189189,0.34131043787140913,0.36047923813675103,0.36047923813675103,0.36838339050940083,0.34943232366280663,0.34943232366280663,0
69,19,0.054840974509716034,0.10759529620001197,0.0,0.07999999999912139,98.4375,0.07999999999874485,-0.6739392171649233,0.0,0.08,0.07999999999912139,0.07999999999912139,0
69,5,0.4589540660381317,0.10759529620001197,0.7,0.6399999862587661,84.765625,0.6399999803696659,1.4505731287507646,0.7,0.6399999999999999,0.6399999862587661,0.6399999862587661,0
69,3,0.11550310999155045,0.10759529620001197,0.07092051841114402,0.132211809216083,95.26315789473684,0.13027269256772636,0.07092051841114402,0.07092051841114402,0.13673641472891523,0.132211809216083,0.132211809216083,0
69,15,0.10340432822704315,0.10759529620001197,0.0,0.14431060794019296,96.875,0.17187229705741852,-0.039730107131397206,0.0,0.08,0.14431060794019296,0.14431060794019296,0
69,8,0.036166977137327194,0.10759529620001197,0.0,0.07999999999912139,98.046875,0.07999999999874485,-1.0902302788866496,0.0,0.08,0.07999999999912139,0.07999999999912139,0
69,6,0.06480654329061508,0.10759529620001197,0.0,0.08164531487058374,97.87234042553192,0.08235044981511963,-0.5069702948268769,0.0,0.08,0.08164531487058374,0.08164531487058374,0
69,9,0.04502195864915848,0.10759529620001197,0.0,0.07999999999912139,99.21875,0.07999999999874485,-0.8712264612529212,0.0,0.08,0.07999999999912139,0.07999999999912139,0
69,14,0.08952894061803818,0.10759529620001197,0.0,0.08041285227111672,95.703125,0.08058978895873817,-0.18381498053163664,0.0,0.08,0.08041285227111672,0.08041285227111672,0
69,10,0.04049842804670334,0.10759529620001197,0.0,0.07999999999912139,98.28326180257511,0.07999999999874485,-0.977113617479007,0.0,0.08,0.07999999999912139,0.07999999999912139,0
69,4,0.13333861529827118,0.10759529620001197,0.21451492328957064,0.19973242414547573,92.3076923076923,0.17749834650854113,0.21451492328957064,0.21451492328957064,0.25161193863165654,0.19973242414547573,0.19973242414547573,0
69,16,0.02743794210255146,0.10759529620001197,0.0,0.07999999999912139,99.609375,0.07999999999874485,-1.3664498558583429,0.0,0.08,0.07999999999912139,0.07999999999912139,0
70,2,0.08642997592687607,0.10534231870999468,0.0,0.10760181171806912,97.54098360655738,0.11943115959724163,-0.19788064548033027,0.0,0.08,0.10760181171806912,0.10760181171806912,0
70,10,0.0563596673309803,0.10534231870999468,0.0,0.07999999999938497,96.56652360515021,0.07999999999912139,-0.6254613585462254,0.0,0.08,0.07999999999938497,0.07999999999938497,0
70,14,0.1007363572716713,0.10534231870999468,0.0,0.0802889965897817,96.09375,0.08041285227111672,-0.044708441186771024,0.0,0.08,0.0802889965897817,0.0802889965897817,0
70,11,0.08652806282043457,0.10534231870999468,0.0,0.092873666617895,96.484375,0.09839095231127858,-0.19674641785561678,0.0,0.08,0.092873666617895,0.092873666617895,0
70,8,0.04340041056275368,0.10534231870999468,0.0,0.07999999999938497,99.609375,0.07999999999912139,-0.8867461889725848,0.0,0.08,0.07999999999938497,0.07999999999938497,0
70,19,0.04878019541501999,0.10534231870999468,0.0,0.07999999999938497,99.21875,0.07999999999912139,-0.7698907165890939,0.0,0.08,0.07999999999938497,0.07999999999938497,0
70,4,0.10580180585384369,0.10534231870999468,0.004352361938700983,0.16485726376712126,95.1048951048951,0.19973242414547573,0.004352361938700983,0.004352361938700983,0.0834818895509608,0.16485726376712126,0.16485726376712126,0
70,16,0.024884041398763657,0.10534231870999468,0.0,0.07999999999938497,98.828125,0.07999999999912139,-1.4429882282327549,0.0,0.08,0.07999999999938497,0.07999999999938497,0
70,12,0.06141569837927818,0.10534231870999468,0.0,0.08041314390648581,97.65625,0.08059020558069402,-0.5395496811895161,0.0,0.08,0.08041314390648581,0.08041314390648581,0
70,3,0.25135019421577454,0.10534231870999468,0.7,0.2845482664512581,96.84210526315789,0.132211809216083,0.8696318821959613,0.7,0.6399999999999999,0.2845482664512581,0.2845482664512581,0
70,0,0.07353129237890244,0.10534231870999468,0.0,0.08643102263689267,97.46192893401015,0.08918717519556096,-0.35950412215537514,0.0,0.08,0.08643102263689267,0.08643102263689267,0
70,7,0.032136790454387665,0.10534231870999468,0.0,0.08158691457466805,98.94736842105263,0.08226702082095436,-1.1872135153320755,0.0,0.08,0.08158691457466805,0.08158691457466805,0
70,6,0.1574205905199051,0.10534231870999468,0.4017058870514572,0.17756113330175835,95.74468085106383,0.08164531487058374,0.4017058870514572,0.4017058870514572,0.40136470964116583,0.17756113330175835,0.17756113330175835,0
70,9,0.022842973470687866,0.10534231870999468,0.0,0.07999999999938497,97.65625,0.07999999999912139,-1.5285713193496877,0.0,0.08,0.07999999999938497,0.07999999999938497,0
70,5,0.3874891400337219,0.10534231870999468,0.7,0.6399999903811362,84.765625,0.6399999862587661,1.302472528070399,0.7,0.6399999999999999,0.6399999903811362,0.6399999903811362,0
70,18,0.06514659523963928,0.10534231870999468,0.0,0.10586943869658075,98.046875,0.11695634099511534,-0.48057512504070443,0.0,0.08,0.10586943869658075,0.10586943869658075,0
70,17,0.07989642769098282,0.10534231870999468,0.0,0.0902603470206031,96.875,0.09465763860086157,-0.2764840532331722,0.0,0.08,0.0902603470206031,0.0902603470206031,0
70,1,0.14395274221897125,0.10534231870999468,0.3122698157277722,0.3435473823386299,100.0,0.34943232366280663,0.3122698157277722,0.3122698157277722,0.32981585258221774,0.3435473823386299,0.3435473823386299,0
70,13,0.11497827619314194,0.10534231870999468,0.08752797440548815,0.11821802385164018,96.25,0.10458758570617577,0.08752797440548815,0.08752797440548815,0.15002237952439051,0.11821802385164018,0.11821802385164018,0
70,15,0.1495240032672882,0.10534231870999468,0.35024168337554745,0.20907542956826647,96.484375,0.14431060794019296,0.35024168337554745,0.35024168337554745,0.360193346700438,0.20907542956826647,0.20907542956826647,0
71,10,0.08444669842720032,0.10312440701988815,0.0,0.07999999999956947,98.28326180257511,0.07999999999938497,-0.19981552559151133,0.0,0.08,0.07999999999956947,0.07999999999956947,0
71,0,0.11672814935445786,0.10312440701988815,0.12391161564006174,0.11424050359943969,96.44670050761421,0.08643102263689267,0.12391161564006174,0.12391161564006174,0.1791292925120494,0.11424050359943969,0.11424050359943969,0
71,6,0.1430845558643341,0.10312440701988815,0.3274996336520353,0.22689270538771933,96.80851063829788,0.17756113330175835,0.3274996336520353,0.3274996336520353,0.3419997069216283,0.22689270538771933,0.22689270538771933,0
71,9,0.04259563237428665,0.10312440701988815,0.0,0.07999999999956947,99.609375,0.07999999999938497,-0.8841842351386255,0.0,0.08,0.07999999999956947,0.07999999999956947,0
71,3,0.14222417771816254,0.10312440701988815,0.32146840787689257,0.30033620440633485,95.78947368421052,0.2845482664512581,0.32146840787689257,0.32146840787689257,0.33717472630151407,0.30033620440633485,0.30033620440633485,0
71,16,0.02276976779103279,0.10312440701988815,0.0,0.07999999999956947,99.609375,0.07999999999938497,-1.51050207031828,0.0,0.08,0.07999999999956947,0.07999999999956947,0
71,2,0.15961037576198578,0.10312440701988815,0.43679956509677254,0.20415316382587378,95.90163934426229,0.10760181171806912,0.43679956509677254,0.43679956509677254,0.4294396520774181,0.20415316382587378,0.20415316382587378,0
71,8,0.024039598181843758,0.10312440701988815,0.0,0.07999999999956947,97.65625,0.07999999999938497,-1.4562333805563938,0.0,0.08,0.07999999999956947,0.07999999999956947,0
71,12,0.09055526554584503,0.10312440701988815,0.0,0.08028920073454007,96.484375,0.08041314390648581,-0.12997574773029744,0.0,0.08,0.08028920073454007,0.08028920073454007,0
71,7,0.07017411291599274,0.10312440701988815,0.0,0.08111084020226764,97.89473684210526,0.08158691457466805,-0.3849565678537678,0.0,0.08,0.08111084020226764,0.08111084020226764,0
71,14,0.05757065862417221,0.10312440701988815,0.0,0.08020229761284718,96.875,0.0802889965897817,-0.5829229787705527,0.0,0.08,0.08020229761284718,0.08020229761284718,0
71,1,0.26133447885513306,0.10312440701988815,0.7,0.43248316763704087,100.0,0.3435473823386299,0.9298649618136752,0.7,0.6399999999999999,0.43248316763704087,0.43248316763704087,0
71,19,0.11693663150072098,0.10312440701988815,0.12569607098654292,0.11016705703633978,99.609375,0.07999999999938497,0.12569607098654292,0.12569607098654292,0.18055685678923433,0.11016705703633978,0.11016705703633978,0
71,17,0.09921623021364212,0.10312440701988815,0.0,0.08718224291442217,98.046875,0.0902603470206031,-0.038634478775809986,0.0,0.08,0.08718224291442217,0.08718224291442217,0
71,18,0.09886337071657181,0.10312440701988815,0.0,0.09810860708760652,98.046875,0.10586943869658075,-0.04219728719262782,0.0,0.08,0.09810860708760652,0.09810860708760652,0
71,15,0.10841869562864304,0.10312440701988815,0.05006444377003934,0.18236826720259597,97.65625,0.20907542956826647,0.05006444377003934,0.05006444377003934,0.12005155501603147,0.18236826720259597,0.18236826720259597,0
71,11,0.09589166194200516,0.10312440701988815,0.0,0.08901156663252649,96.484375,0.092873666617895,-0.07271705444345249,0.0,0.08,0.08901156663252649,0.08901156663252649,0
71,5,0.420403391122818,0.10312440701988815,0.7,0.6399999932667952,85.9375,0.6399999903811362,1.405278537678196,0.7,0.6399999999999999,0.6399999932667952,0.6399999932667952,0
71,13,0.08790645003318787,0.10312440701988815,0.0,0.10675261669614813,98.125,0.11821802385164018,-0.15966289652493604,0.0,0.08,0.10675261669614813,0.10675261669614813,0
71,4,0.14386068284511566,0.10312440701988815,0.3329092290359657,0.21929829960561664,95.1048951048951,0.16485726376712126,0.3329092290359657,0.3329092290359657,0.3463273832287726,0.21929829960561664,0.21929829960561664,0
72,3,0.13034367561340332,0.10271594636441003,0.23820722386623652,0.2914050768123312,97.36842105263158,0.30033620440633485,0.23820722386623652,0.23820722386623652,0.27056577909298923,0.2914050768123312,0.2914050768123312,0
72,12,0.08657273650169373,0.10271594636441003,0.0,0.08020244051417805,96.875,0.08028920073454007,-0.17098241304048467,0.0,0.08,0.08020244051417805,0.08020244051417805,0
72,16,0.039317842572927475,0.10271594636441003,0.0,0.07999999999969862,99.609375,0.07999999999956947,-0.96028879388477,0.0,0.08,0.07999999999969862,0.07999999999969862,0
72,13,0.09705805033445358,0.10271594636441003,0.0,0.0987268316873037,98.125,0.10675261669614813,-0.05665811396881831,0.0,0.08,0.0987268316873037,0.0987268316873037,0
72,2,0.12822918593883514,0.10271594636441003,0.22185178243521653,0.22015164246256358,98.36065573770492,0.20415316382587378,0.22185178243521653,0.22185178243521653,0.25748142594817325,0.22015164246256358,0.22015164246256358,0
72,4,0.12433242797851562,0.10271594636441003,0.19099145614906216,0.22334675919970653,97.2027972027972,0.21929829960561664,0.19099145614906216,0.19099145614906216,0.23279316491924973,0.22334675919970653,0.22334675919970653,0
72,19,0.10111222416162491,0.10271594636441003,0.0,0.10111693992543783,98.4375,0.11016705703633978,-0.015736344349545392,0.0,0.08,0.10111693992543783,0.10111693992543783,0
72,8,0.04464918375015259,0.10271594636441003,0.0,0.07999999999969862,98.4375,0.07999999999956947,-0.8331312235035002,0.0,0.08,0.07999999999969862,0.07999999999969862,0
72,0,0.08667060732841492,0.10271594636441003,0.0,0.10396835251960779,97.96954314720813,0.11424050359943969,-0.16985254768842467,0.0,0.08,0.10396835251960779,0.10396835251960779,0
72,14,0.06557589769363403,0.10271594636441003,0.0,0.08014160832899303,97.65625,0.08020229761284718,-0.44875910583001494,0.0,0.08,0.08014160832899303,0.08014160832899303,0
72,9,0.03150026127696037,0.10271594636441003,0.0,0.07999999999969862,97.65625,0.07999999999956947,-1.1819713157940313,0.0,0.08,0.07999999999969862,0.07999999999969862,0
72,15,0.09332326799631119,0.10271594636441003,0.0,0.15165778704181718,98.046875,0.18236826720259597,-0.095897900612114,0.0,0.08,0.15165778704181718,0.15165778704181718,0
72,5,0.4189402163028717,0.10271594636441003,0.7,0.6399999952867567,83.59375,0.6399999932667952,1.405760778201614,0.7,0.6399999999999999,0.6399999952867567,0.6399999952867567,0
72,11,0.0806775912642479,0.10271594636441003,0.0,0.08630809664276853,96.875,0.08901156663252649,-0.24150649239083716,0.0,0.08,0.08630809664276853,0.08630809664276853,0
72,6,0.055312562733888626,0.10271594636441003,0.0,0.1828248937714035,96.80851063829788,0.22689270538771933,-0.6189672358252901,0.0,0.08,0.1828248937714035,0.1828248937714035,0
72,18,0.07176686078310013,0.10271594636441003,0.0,0.09267602496132457,95.3125,0.09810860708760652,-0.3585445136896941,0.0,0.08,0.09267602496132457,0.09267602496132457,0
72,10,0.08454674482345581,0.10271594636441003,0.0,0.07999999999969862,96.99570815450643,0.07999999999956947,-0.19466278069259327,0.0,0.08,0.07999999999969862,0.07999999999969862,0
72,17,0.0948471948504448,0.10271594636441003,0.0,0.08502757004009551,98.046875,0.08718224291442217,-0.07970024676587795,0.0,0.08,0.08502757004009551,0.08502757004009551,0
72,1,0.29564934968948364,0.10271594636441003,0.7,0.4947382173459286,94.5945945945946,0.43248316763704087,1.0572066829368787,0.7,0.6399999999999999,0.4947382173459286,0.4947382173459286,0
72,7,0.10652345418930054,0.10271594636441003,0.036397808353130987,0.08951306214633878,96.84210526315789,0.08111084020226764,0.036397808353130987,0.036397808353130987,0.10911824668250479,0.08951306214633878,0.08951306214633878,0
73,16,0.02734830603003502,0.10144404549420533,0.0,0.07999999999978903,99.21875,0.07999999999969862,-1.3108525132722322,0.0,0.08,0.07999999999978903,0.07999999999978903,0
73,18,0.11413012444972992,0.10144404549420533,0.11783185847428099,0.11715286350675463,96.484375,0.09267602496132457,0.11783185847428099,0.11783185847428099,0.1742654867794248,0.11715286350675463,0.11715286350675463,0
73,15,0.09356209635734558,0.10144404549420533,0.0,0.13016045092927203,96.09375,0.15165778704181718,-0.08088201422927338,0.0,0.08,0.13016045092927203,0.13016045092927203,0
73,1,0.2584706246852875,0.10144404549420533,0.7,0.53831675214215,97.29729729729729,0.4947382173459286,0.9352746194685169,0.7,0.6399999999999999,0.53831675214215,0.53831675214215,0
73,12,0.06499575823545456,0.10144404549420533,0.0,0.08014170835992462,98.046875,0.08020244051417805,-0.44518530542440515,0.0,0.08,0.08014170835992462,0.08014170835992462,0
73,17,0.08444499969482422,0.10144404549420533,0.0,0.08351929902806685,96.09375,0.08502757004009551,-0.1834069194544987,0.0,0.08,0.08351929902806685,0.08351929902806685,0
73,3,0.10822281241416931,0.10144404549420533,0.06468480308166916,0.2435079065082324,95.26315789473684,0.2914050768123312,0.06468480308166916,0.06468480308166916,0.13174784246533533,0.2435079065082324,0.2435079065082324,0
73,0,0.13148458302021027,0.10144404549420533,0.2593822122784995,0.15902957771056533,95.93908629441624,0.10396835251960779,0.2593822122784995,0.2593822122784995,0.28750576982279963,0.15902957771056533,0.15902957771056533,0
73,7,0.03426002338528633,0.10144404549420533,0.0,0.08665914350243714,95.78947368421052,0.08951306214633878,-1.085528001766882,0.0,0.08,0.08665914350243714,0.08665914350243714,0
73,5,0.4435689151287079,0.10144404549420533,0.7,0.6399999967007296,86.328125,0.6399999952867567,1.4753457323333685,0.7,0.6399999999999999,0.6399999967007296,0.6399999967007296,0
73,11,0.05696406215429306,0.10144404549420533,0.0,0.08441566764993796,98.828125,0.08630809664276853,-0.5770867131095818,0.0,0.08,0.08441566764993796,0.08441566764993796,0
73,19,0.03813629224896431,0.10144404549420533,0.0,0.09478185794780647,99.21875,0.10111693992543783,-0.9783408257046635,0.0,0.08,0.09478185794780647,0.09478185794780647,0
73,13,0.16056638956069946,0.10144404549420533,0.4592000923152721,0.2033168043367779,96.875,0.0987268316873037,0.4592000923152721,0.4592000923152721,0.4473600738522177,0.2033168043367779,0.2033168043367779,0
73,4,0.18098551034927368,0.10144404549420533,0.578909560864748,0.3192810260473341,92.3076923076923,0.22334675919970653,0.578909560864748,0.578909560864748,0.5431276486917984,0.3192810260473341,0.3192810260473341,0
73,2,0.0849686786532402,0.10144404549420533,0.0,0.1781061497237945,93.44262295081967,0.22015164246256358,-0.17722464929029091,0.0,0.08,0.1781061497237945,0.1781061497237945,0
73,6,0.08880680054426193,0.10144404549420533,0.0,0.15197742563998246,94.68085106382979,0.1828248937714035,-0.13304412675529653,0.0,0.08,0.15197742563998246,0.15197742563998246,0
73,9,0.07212507724761963,0.10144404549420533,0.0,0.07999999999978903,99.609375,0.07999999999969862,-0.34110553463084925,0.0,0.08,0.07999999999978903,0.07999999999978903,0
73,8,0.07173211127519608,0.10144404549420533,0.0,0.07999999999978903,99.21875,0.07999999999969862,-0.3465688263752262,0.0,0.08,0.07999999999978903,0.07999999999978903,0
73,14,0.07844129204750061,0.10144404549420533,0.0,0.08009912583029512,98.828125,0.08014160832899303,-0.2571568686606593,0.0,0.08,0.08009912583029512,0.08009912583029512,0
73,10,0.08719450235366821,0.10144404549420533,0.0,0.07999999999978903,98.71244635193133,0.07999999999969862,-0.15136607192008883,0.0,0.08,0.07999999999978903,0.07999999999978903,0
74,16,0.02602311596274376,0.09990779999513022,0.0,0.07999999999985233,99.21875,0.07999999999978903,-1.345262257936411,0.0,0.08,0.07999999999985233,0.07999999999985233,0
74,8,0.057924412190914154,0.09990779999513022,0.0,0.07999999999985233,98.4375,0.07999999999978903,-0.5451087655839866,0.0,0.08,0.07999999999985233,0.07999999999985233,0
74,3,0.1340908408164978,0.09990779999513022,0.2942697006584365,0.26508026271378743,95.26315789473684,0.2435079065082324,0.2942697006584365,0.2942697006584365,0.3154157605267492,0.26508026271378743,0.26508026271378743,0
74,0,0.12461468577384949,0.09990779999513022,0.22097868228071224,0.18835558814476666,97.46192893401015,0.15902957771056533,0.22097868228071224,0.22097868228071224,0.2567829458245698,0.18835558814476666,0.18835558814476666,0
74,9,0.030838752165436745,0.09990779999513022,0.0,0.07999999999985233,98.4375,0.07999999999978903,-1.1754754501460818,0.0,0.08,0.07999999999985233,0.07999999999985233,0
74,18,0.09462357312440872,0.09990779999513022,0.0,0.10600700445472824,98.828125,0.11715286350675463,-0.05434112266885061,0.0,0.08,0.10600700445472824,0.10600700445472824,0
74,7,0.08144476264715195,0.09990779999513022,0.0,0.084661400451706,95.78947368421052,0.08665914350243714,-0.20432270641184136,0.0,0.08,0.084661400451706,0.084661400451706,0
74,15,0.07604766637086868,0.09990779999513022,0.0,0.1151123156504904,95.703125,0.13016045092927203,-0.27288739645589266,0.0,0.08,0.1151123156504904,0.1151123156504904,0
74,1,0.2105361968278885,0.09990779999513022,0.7,0.568821726499505,97.29729729729729,0.53831675214215,0.7454097815362289,0.7,0.6399999999999999,0.568821726499505,0.568821726499505,0
74,6,0.06917981803417206,0.09990779999513022,0.0,0.13038419794798772,96.80851063829788,0.15197742563998246,-0.3675385429960045,0.0,0.08,0.13038419794798772,0.13038419794798772,0
74,4,0.11531580239534378,0.09990779999513022,0.1434266984737668,0.28191912586683787,97.2027972027972,0.3192810260473341,0.1434266984737668,0.1434266984737668,0.19474135877901344,0.28191912586683787,0.28191912586683787,0
74,12,0.05234478786587715,0.09990779999513022,0.0,0.08009919585194723,97.65625,0.08014170835992462,-0.6463953005389342,0.0,0.08,0.08009919585194723,0.08009919585194723,0
74,10,0.09238120168447495,0.09990779999513022,0.0,0.07999999999985233,97.42489270386267,0.07999999999978903,-0.0783242395043763,0.0,0.08,0.07999999999985233,0.07999999999985233,0
74,17,0.1292094886302948,0.09990779999513022,0.25718724672826876,0.1441884485344313,96.484375,0.08351929902806685,0.25718724672826876,0.25718724672826876,0.285749797382615,0.1441884485344313,0.1441884485344313,0
74,2,0.10359765589237213,0.09990779999513022,0.03626693884698179,0.15737837012993178,95.08196721311475,0.1781061497237945,0.03626693884698179,0.03626693884698179,0.10901355107758544,0.15737837012993178,0.15737837012993178,0
74,5,0.4116235375404358,0.09990779999513022,0.7,0.6399999976905106,82.8125,0.6399999967007296,1.415861351363112,0.7,0.6399999999999999,0.6399999976905106,0.6399999976905106,0
74,11,0.052815038710832596,0.09990779999513022,0.0,0.08309096735495658,98.4375,0.08441566764993796,-0.6374516971618555,0.0,0.08,0.08309096735495658,0.08309096735495658,0
74,19,0.025456158444285393,0.09990779999513022,0.0,0.09034730056346452,98.046875,0.09478185794780647,-1.3672897720786998,0.0,0.08,0.09034730056346452,0.09034730056346452,0
74,13,0.08325269818305969,0.09990779999513022,0.0,0.1663217630357445,98.75,0.2033168043367779,-0.18236720166930448,0.0,0.08,0.1663217630357445,0.1663217630357445,0
74,14,0.09688356518745422,0.09990779999513022,0.0,0.08006938808120659,98.828125,0.08009912583029512,-0.03073785890812681,0.0,0.08,0.08006938808120659,0.08006938808120659,0
75,6,0.06863120943307877,0.09869871498899394,0.0,0.11526893856359141,96.80851063829788,0.13038419794798772,-0.36332450332662364,0.0,0.08,0.11526893856359141,0.11526893856359141,0
75,1,0.1050289049744606,0.09869871498899394,0.06216366464500783,0.4370944880644554,89.1891891891892,0.568821726499505,0.06216366464500783,0.06216366464500783,0.12973093171600628,0.4370944880644554,0.4370944880644554,0
75,15,0.05113604664802551,0.09869871498899394,0.0,0.10457862095534329,96.875,0.1151123156504904,-0.6575821703766727,0.0,0.08,0.10457862095534329,0.10457862095534329,0
75,2,0.1540980041027069,0.09869871498899394,0.4455168268629331,0.24108889753805618,98.36065573770492,0.15737837012993178,0.4455168268629331,0.4455168268629331,0.4364134614903465,0.24108889753805618,0.24108889753805618,0
75,13,0.07508809864521027,0.09869871498899394,0.0,0.14042523412502114,97.5,0.1663217630357445,-0.2734098223552397,0.0,0.08,0.14042523412502114,0.14042523412502114,0
75,5,0.48781925439834595,0.09869871498899394,0.7,0.6399999983833574,86.71875,0.6399999976905106,1.5978729491021924,0.7,0.6399999999999999,0.6399999983833574,0.6399999983833574,0
75,18,0.14454132318496704,0.09869871498899394,0.381493481141228,0.18976333859220448,98.046875,0.10600700445472824,0.381493481141228,0.381493481141228,0.3851947849129824,0.18976333859220448,0.18976333859220448,0
75,3,0.08772610872983932,0.09869871498899394,0.0,0.2095561838996512,95.78947368421052,0.26508026271378743,-0.11785235423214892,0.0,0.08,0.2095561838996512,0.2095561838996512,0
75,19,0.02963799238204956,0.09869871498899394,0.0,0.08724311039442517,98.828125,0.09034730056346452,-1.203014626171905,0.0,0.08,0.08724311039442517,0.08724311039442517,0
75,17,0.09142270684242249,0.09869871498899394,0.0,0.12493191397410192,98.046875,0.1441884485344313,-0.07657803759925447,0.0,0.08,0.12493191397410192,0.12493191397410192,0
75,12,0.04298704117536545,0.09869871498899394,0.0,0.08006943709636305,97.65625,0.08009919585194723,-0.8311730934247974,0.0,0.08,0.08006943709636305,0.08006943709636305,0
75,7,0.05348365008831024,0.09869871498899394,0.0,0.0832629803161942,95.78947368421052,0.084661400451706,-0.6126958399693383,0.0,0.08,0.0832629803161942,0.0832629803161942,0
75,0,0.06813934445381165,0.09869871498899394,0.0,0.15584891170133663,96.95431472081218,0.18835558814476666,-0.37051708994478566,0.0,0.08,0.15584891170133663,0.15584891170133663,0
75,14,0.08765681087970734,0.09869871498899394,0.0,0.0800485716568446,96.09375,0.08006938808120659,-0.11864260046582005,0.0,0.08,0.0800485716568446,0.0800485716568446,0
75,4,0.1118159145116806,0.09869871498899394,0.12478195975905691,0.25129105844896016,96.5034965034965,0.28191912586683787,0.12478195975905691,0.12478195975905691,0.17982556780724554,0.25129105844896016,0.25129105844896016,0
75,11,0.04255928844213486,0.09869871498899394,0.0,0.0821636771484696,99.21875,0.08309096735495658,-0.8411736673862246,0.0,0.08,0.0821636771484696,0.0821636771484696,0
75,9,0.0315125435590744,0.09869871498899394,0.0,0.07999999999989663,99.609375,0.07999999999985233,-1.141686036185136,0.0,0.08,0.07999999999989663,0.07999999999989663,0
75,10,0.09377370029687881,0.09869871498899394,0.0,0.07999999999989663,97.85407725321889,0.07999999999985233,-0.05118748560376263,0.0,0.08,0.07999999999989663,0.07999999999989663,0
75,8,0.05080276355147362,0.09869871498899394,0.0,0.07999999999989663,99.609375,0.07999999999985233,-0.6641210777473544,0.0,0.08,0.07999999999989663,0.07999999999989663,0
75,16,0.022894438356161118,0.09869871498899394,0.0,0.07999999999989663,99.609375,0.07999999999985233,-1.4611775770039912,0.0,0.08,0.07999999999989663,0.07999999999989663,0
76,11,0.10429007560014725,0.09601480889400898,0.0826737578881028,0.10135627589707338,98.046875,0.0821636771484696,0.0826737578881028,0.0826737578881028,0.14613900631048224,0.10135627589707338,0.10135627589707338,0
76,19,0.031166980043053627,0.09601480889400898,0.0,0.08507017727609761,98.4375,0.08724311039442517,-1.1251430197486256,0.0,0.08,0.08507017727609761,0.08507017727609761,0
76,4,0.08340128511190414,0.09601480889400898,0.0,0.1999037409142721,95.1048951048951,0.25129105844896016,-0.140838704870438,0.0,0.08,0.1999037409142721,0.1999037409142721,0
76,14,0.07991055399179459,0.09601480889400898,0.0,0.08003400015979123,96.875,0.0800485716568446,-0.18359448383531607,0.0,0.08,0.08003400015979123,0.08003400015979123,0
76,3,0.15032438933849335,0.09601480889400898,0.4482930781307884,0.278279667481145,96.3157894736842,0.2095561838996512,0.4482930781307884,0.4482930781307884,0.43863446250463073,0.278279667481145,0.278279667481145,0
76,15,0.0994361862540245,0.09601480889400898,0.03501365176745944,0.10560831109293056,95.3125,0.10457862095534329,0.03501365176745944,0.03501365176745944,0.10801092141396756,0.10560831109293056,0.10560831109293056,0
76,18,0.07041682302951813,0.09601480889400898,0.0,0.15683433701454313,97.265625,0.18976333859220448,-0.310070202918528,0.0,0.08,0.15683433701454313,0.15683433701454313,0
76,16,0.0509134866297245,0.09601480889400898,0.0,0.07999999999992763,100.0,0.07999999999989663,-0.6343744949068904,0.0,0.08,0.07999999999992763,0.07999999999992763,0
76,17,0.13060711324214935,0.09601480889400898,0.30769121475672484,0.1852982313234853,97.65625,0.12493191397410192,0.30769121475672484,0.30769121475672484,0.3261529718053799,0.1852982313234853,0.1852982313234853,0
76,10,0.06307317316532135,0.09601480889400898,0.0,0.07999999999992763,98.71244635193133,0.07999999999989663,-0.4202068532768068,0.0,0.08,0.07999999999992763,0.07999999999992763,0
76,9,0.04115716367959976,0.09601480889400898,0.0,0.07999999999992763,98.4375,0.07999999999989663,-0.8471043011024864,0.0,0.08,0.07999999999992763,0.07999999999992763,0
76,1,0.10284003615379333,0.09601480889400898,0.0686722881555414,0.3464474908024487,94.5945945945946,0.4370944880644554,0.0686722881555414,0.0686722881555414,0.13493783052443312,0.3464474908024487,0.3464474908024487,0
76,6,0.1694847047328949,0.09601480889400898,0.5682602011529012,0.24107070527121027,97.87234042553192,0.11526893856359141,0.5682602011529012,0.5682602011529012,0.534608160922321,0.24107070527121027,0.24107070527121027,0
76,12,0.09556245058774948,0.09601480889400898,0.0,0.08004860596745414,96.875,0.08006943709636305,-0.004722471768896354,0.0,0.08,0.08004860596745414,0.08004860596745414,0
76,0,0.10003690421581268,0.09601480889400898,0.04103671699573379,0.14294305026991175,96.95431472081218,0.15584891170133663,0.04103671699573379,0.04103671699573379,0.11282937359658704,0.14294305026991175,0.14294305026991175,0
76,13,0.10841552913188934,0.09601480889400898,0.12146888562282493,0.15145019643699278,96.875,0.14042523412502114,0.12146888562282493,0.12146888562282493,0.17717510849825996,0.15145019643699278,0.15145019643699278,0
76,5,0.3301955759525299,0.09601480889400898,0.7,0.6399999988683501,82.8125,0.6399999983833574,1.2351826205626697,0.7,0.6399999999999999,0.6399999988683501,0.6399999988683501,0
76,7,0.03710649535059929,0.09601480889400898,0.0,0.08228408622133593,97.89473684210526,0.0832629803161942,-0.9507102424149309,0.0,0.08,0.08228408622133593,0.08228408622133593,0
76,8,0.02115960232913494,0.09601480889400898,0.0,0.07999999999992763,98.046875,0.07999999999989663,-1.5124082571413626,0.0,0.08,0.07999999999992763,0.07999999999992763,0
76,2,0.17752620577812195,0.09601480889400898,0.6146157495000582,0.34027000815665326,95.90163934426229,0.24108889753805618,0.6146157495000582,0.6146157495000582,0.5716925996000465,0.34027000815665326,0.34027000815665326,0
77,7,0.06027711182832718,0.09616325984669678,0.0,0.08159886035493515,100.0,0.08228408622133593,-0.4670948485296591,0.0,0.08,0.08159886035493515,0.08159886035493515,0
77,6,0.09628865867853165,0.09616325984669678,0.001303170553046932,0.19306225462257845,100.0,0.24107070527121027,0.001303170553046932,0.001303170553046932,0.08104253644243754,0.19306225462257845,0.19306225462257845,0
77,14,0.10641677677631378,0.09616325984669678,0.10131586047902905,0.10433960662682082,98.046875,0.08003400015979123,0.10131586047902905,0.10131586047902905,0.16105268838322323,0.10433960662682082,0.10433960662682082,0
77,2,0.09122227877378464,0.09616325984669678,0.0,0.26218900570965725,97.54098360655738,0.34027000815665326,-0.052748212767922506,0.0,0.08,0.26218900570965725,0.26218900570965725,0
77,3,0.13473452627658844,0.09616325984669678,0.33725897015039114,0.29973792007289535,97.89473684210526,0.278279667481145,0.33725897015039114,0.33725897015039114,0.3498071761203129,0.29973792007289535,0.29973792007289535,0
77,16,0.031466204673051834,0.09616325984669678,0.0,0.07999999999994933,100.0,0.07999999999992763,-1.1171330542618245,0.0,0.08,0.07999999999994933,0.07999999999994933,0
77,4,0.0971401035785675,0.09616325984669678,0.01010693170429763,0.16635828224902188,97.2027972027972,0.1999037409142721,0.01010693170429763,0.01010693170429763,0.0880855453634381,0.16635828224902188,0.16635828224902188,0
77,15,0.14235976338386536,0.09616325984669678,0.39230999434999275,0.19208021640904965,97.65625,0.10560831109293056,0.39230999434999275,0.39230999434999275,0.3938479954799942,0.19208021640904965,0.19208021640904965,0
77,11,0.0648735985159874,0.09616325984669678,0.0,0.09494939312795136,97.265625,0.10135627589707338,-0.3936065818759524,0.0,0.08,0.09494939312795136,0.09494939312795136,0
77,18,0.10558587312698364,0.09616325984669678,0.09347720538809083,0.15621856520332197,95.703125,0.15683433701454313,0.09347720538809083,0.09347720538809083,0.15478176431047266,0.15621856520332197,0.15621856520332197,0
77,9,0.02940640226006508,0.09616325984669678,0.0,0.07999999999994933,99.21875,0.07999999999992763,-1.1848347197908984,0.0,0.08,0.07999999999994933,0.07999999999994933,0
77,5,0.3713560998439789,0.09616325984669678,0.7,0.639999999207845,91.40625,0.6399999988683501,1.351113992602211,0.7,0.6399999999999999,0.639999999207845,0.639999999207845,0
77,1,0.27126121520996094,0.09616325984669678,0.7,0.43451324356171406,97.29729729729729,0.3464474908024487,1.037034812822792,0.7,0.6399999999999999,0.43451324356171406,0.43451324356171406,0
77,8,0.0525650829076767,0.09616325984669678,0.0,0.07999999999994933,98.828125,0.07999999999992763,-0.6039952079301887,0.0,0.08,0.07999999999994933,0.07999999999994933,0
77,19,0.046223968267440796,0.09616325984669678,0.0,0.08354912409326833,98.4375,0.08507017727609761,-0.7325488008718503,0.0,0.08,0.08354912409326833,0.08354912409326833,0
77,0,0.15910759568214417,0.09616325984669678,0.5035332641762295,0.2449081185912333,97.96954314720813,0.14294305026991175,0.5035332641762295,0.5035332641762295,0.4828266113409836,0.2449081185912333,0.2449081185912333,0
77,12,0.10402414947748184,0.09616325984669678,0.07857570039323786,0.09889219227159499,97.65625,0.08004860596745414,0.07857570039323786,0.07857570039323786,0.1428605603145903,0.09889219227159499,0.09889219227159499,0
77,10,0.048977628350257874,0.09616325984669678,0.0,0.07999999999994933,99.14163090128756,0.07999999999992763,-0.6746836406903424,0.0,0.08,0.07999999999994933,0.07999999999994933,0
77,13,0.07977310568094254,0.09616325984669678,0.0,0.13001513750589494,97.5,0.15145019643699278,-0.1868609229734533,0.0,0.08,0.13001513750589494,0.13001513750589494,0
77,17,0.0902634933590889,0.09616325984669678,0.0,0.1537087619264397,96.875,0.1852982313234853,-0.06331426671000738,0.0,0.08,0.1537087619264397,0.1537087619264397,0
78,8,0.02577851340174675,0.09592248073464292,0.0,0.07999999999996453,98.046875,0.07999999999994933,-1.3139987581941202,0.0,0.08,0.07999999999996453,0.07999999999996453,0
78,9,0.02460024692118168,0.09592248073464292,0.0,0.07999999999996453,97.65625,0.07999999999994933,-1.3607835903393966,0.0,0.08,0.07999999999996453,0.07999999999996453,0
78,1,0.11207552254199982,0.09592248073464292,0.15563256451393384,0.3655110859765439,94.5945945945946,0.43451324356171406,0.15563256451393384,0.15563256451393384,0.2045060516111471,0.3655110859765439,0.3655110859765439,0
78,10,0.06182730942964554,0.09592248073464292,0.0,0.07999999999996453,98.71244635193133,0.07999999999994933,-0.43919514842223706,0.0,0.08,0.07999999999996453,0.07999999999996453,0
78,4,0.09275858849287033,0.09592248073464292,0.0,0.1404507975743153,95.1048951048951,0.16635828224902188,-0.03354007386046222,0.0,0.08,0.1404507975743153,0.1404507975743153,0
78,12,0.07693400979042053,0.09592248073464292,0.0,0.09322453459011648,98.4375,0.09889219227159499,-0.22059230849519038,0.0,0.08,0.09322453459011648,0.09322453459011648,0
78,11,0.06272552907466888,0.09592248073464292,0.0,0.09046457518956594,97.65625,0.09494939312795136,-0.4247717907027125,0.0,0.08,0.09046457518956594,0.09046457518956594,0
78,15,0.10124955326318741,0.09592248073464292,0.05404791535369385,0.17142765117122127,95.703125,0.19208021640904965,0.05404791535369385,0.05404791535369385,0.12323833228295508,0.17142765117122127,0.17142765117122127,0
78,0,0.08963801711797714,0.09592248073464292,0.0,0.1954356830138633,94.9238578680203,0.2449081185912333,-0.06776083743027875,0.0,0.08,0.1954356830138633,0.1954356830138633,0
78,7,0.06340403854846954,0.09592248073464292,0.0,0.08111920224845459,100.0,0.08159886035493515,-0.4140127605378761,0.0,0.08,0.08111920224845459,0.08111920224845459,0
78,3,0.09983555972576141,0.09592248073464292,0.03998405272255259,0.24341271670443934,95.26315789473684,0.29973792007289535,0.03998405272255259,0.03998405272255259,0.11198724217804207,0.24341271670443934,0.24341271670443934,0
78,2,0.08068761974573135,0.09592248073464292,0.0,0.20753230399676006,96.72131147540983,0.26218900570965725,-0.17295520056521524,0.0,0.08,0.20753230399676006,0.20753230399676006,0
78,13,0.06493571400642395,0.09592248073464292,0.0,0.11501059625412646,96.875,0.13001513750589494,-0.39014255796367636,0.0,0.08,0.11501059625412646,0.11501059625412646,0
78,6,0.03512995317578316,0.09592248073464292,0.0,0.1591435782358049,100.0,0.19306225462257845,-1.004486059123531,0.0,0.08,0.1591435782358049,0.1591435782358049,0
78,19,0.05742209404706955,0.09592248073464292,0.0,0.08248438686528783,98.828125,0.08354912409326833,-0.5131111600474155,0.0,0.08,0.08248438686528783,0.08248438686528783,0
78,5,0.4824700653553009,0.09592248073464292,0.7,0.6399999994454915,84.765625,0.639999999207845,1.6153784216930571,0.7,0.6399999999999999,0.6399999994454915,0.6399999994454915,0
78,18,0.10559842735528946,0.09592248073464292,0.096103096217142,0.15641773873443945,97.265625,0.15621856520332197,0.096103096217142,0.096103096217142,0.1568824769737136,0.15641773873443945,0.15641773873443945,0
78,16,0.021857287734746933,0.09592248073464292,0.0,0.07999999999996453,99.609375,0.07999999999994933,-1.479005618958179,0.0,0.08,0.07999999999996453,0.07999999999996453,0
78,14,0.10014672577381134,0.09592248073464292,0.04309599103517214,0.1073807624872159,98.4375,0.10433960662682082,0.04309599103517214,0.04309599103517214,0.11447679282813772,0.1073807624872159,0.1073807624872159,0
78,17,0.13080725073814392,0.09592248073464292,0.31018447053926973,0.20604040627793252,97.265625,0.1537087619264397,0.31018447053926973,0.31018447053926973,0.3281475764314158,0.20604040627793252,0.20604040627793252,0
79,8,0.03361809626221657,0.09421131413798622,0.0,0.07999999999997517,99.21875,0.07999999999996453,-1.0304755894574154,0.0,0.08,0.07999999999997517,0.07999999999997517,0
79,18,0.07415804266929626,0.09421131413798622,0.0,0.13349241711410761,96.09375,0.15641773873443945,-0.23934172572806295,0.0,0.08,0.13349241711410761,0.13349241711410761,0
79,17,0.0852346196770668,0.09421131413798622,0.0,0.16822828439455276,98.046875,0.20604040627793252,-0.10013258527131133,0.0,0.08,0.16822828439455276,0.16822828439455276,0
79,10,0.06315699219703674,0.09421131413798622,0.0,0.07999999999997517,98.28326180257511,0.07999999999996453,-0.3999166635067234,0.0,0.08,0.07999999999997517,0.07999999999997517,0
79,15,0.12287379056215286,0.09421131413798622,0.2656174288360378,0.20774753874050395,95.703125,0.17142765117122127,0.2656174288360378,0.2656174288360378,0.29249394306883025,0.20774753874050395,0.20774753874050395,0
79,5,0.43963947892189026,0.09421131413798622,0.7,0.639999999611844,85.15625,0.6399999994454915,1.5404146595714685,0.7,0.6399999999999999,0.639999999611844,0.639999999611844,0
79,7,0.05748770385980606,0.09421131413798622,0.0,0.0807834415739182,100.0,0.08111920224845459,-0.49396913516744984,0.0,0.08,0.0807834415739182,0.0807834415739182,0
79,6,0.09486925601959229,0.09421131413798622,0.0069594085419766236,0.1370707628151378,96.80851063829788,0.1591435782358049,0.0069594085419766236,0.0069594085419766236,0.0855675268335813,0.1370707628151378,0.1370707628151378,0
79,13,0.0775621309876442,0.09421131413798622,0.0,0.10450741737788852,98.125,0.11501059625412646,-0.19446095386683745,0.0,0.08,0.10450741737788852,0.10450741737788852,0
79,9,0.04154397174715996,0.09421131413798622,0.0,0.07999999999997517,98.828125,0.07999999999996453,-0.8187877209559873,0.0,0.08,0.07999999999997517,0.07999999999997517,0
79,2,0.15048879384994507,0.09421131413798622,0.46834830026174434,0.28167620486055067,95.08196721311475,0.20753230399676006,0.46834830026174434,0.46834830026174434,0.4546786402093955,0.28167620486055067,0.28167620486055067,0
79,12,0.09481213986873627,0.09421131413798622,0.006357176084834962,0.09078289647344193,97.65625,0.09322453459011648,0.006357176084834962,0.006357176084834962,0.08508574086786796,0.09078289647344193,0.09078289647344193,0
79,4,0.15328605473041534,0.09421131413798622,0.48676549165543054,0.23913927629932405,97.9020979020979,0.1404507975743153,0.48676549165543054,0.48676549165543054,0.4694123933243445,0.23913927629932405,0.23913927629932405,0
79,3,0.058597952127456665,0.09421131413798622,0.0,0.19438890169310752,97.89473684210526,0.24341271670443934,-0.47484046813996666,0.0,0.08,0.19438890169310752,0.19438890169310752,0
79,1,0.07661397755146027,0.09421131413798622,0.0,0.2798577601835808,94.5945945945946,0.3655110859765439,-0.2067607229495579,0.0,0.08,0.2798577601835808,0.2798577601835808,0
79,19,0.12403792142868042,0.09421131413798622,0.2750470293097172,0.1477503578400336,98.828125,0.08248438686528783,0.2750470293097172,0.2750470293097172,0.3000376234477738,0.1477503578400336,0.1477503578400336,0
79,0,0.09475824236869812,0.09421131413798622,0.005788548273169521,0.16219422969526498,94.9238578680203,0.1954356830138633,0.005788548273169521,0.005788548273169521,0.08463083861853563,0.16219422969526498,0.16219422969526498,0
79,16,0.015515199862420559,0.09421131413798622,0.0,0.07999999999997517,99.21875,0.07999999999996453,-1.8037195639064856,0.0,0.08,0.07999999999997517,0.07999999999997517,0
79,14,0.09543806314468384,0.09421131413798622,0.01293720026983078,0.10227146180581051,97.65625,0.1073807624872159,0.01293720026983078,0.01293720026983078,0.09034976021586463,0.10227146180581051,0.10227146180581051,0
79,11,0.09803203493356705,0.09421131413798622,0.039754026203045564,0.09686616892142709,97.65625,0.09046457518956594,0.039754026203045564,0.039754026203045564,0.11180322096243644,0.09686616892142709,0.09686616892142709,0
80,5,0.4159935414791107,0.09378982582647585,0.7,0.6399999997282907,88.28125,0.639999999611844,1.4896132688070691,0.7,0.6399999999999999,0.6399999997282907,0.6399999997282907,0
80,6,0.05560658499598503,0.09378982582647585,0.0,0.11994953397059646,95.74468085106383,0.1370707628151378,-0.5227546808238791,0.0,0.08,0.11994953397059646,0.11994953397059646,0
80,2,0.13767753541469574,0.09378982582647585,0.38385783347168595,0.3132992234355901,93.44262295081967,0.28167620486055067,0.38385783347168595,0.38385783347168595,0.3870862667773488,0.3132992234355901,0.3132992234355901,0
80,13,0.11855629831552505,0.09378982582647585,0.23433153329151193,0.15339476015448483,97.5,0.10450741737788852,0.23433153329151193,0.23433153329151193,0.26746522663320954,0.15339476015448483,0.15339476015448483,0
80,0,0.07807382941246033,0.09378982582647585,0.0,0.13753596078668548,97.46192893401015,0.16219422969526498,-0.183401452057384,0.0,0.08,0.13753596078668548,0.13753596078668548,0
80,7,0.053789153695106506,0.09378982582647585,0.0,0.08054840910174274,97.89473684210526,0.0807834415739182,-0.5559844615081337,0.0,0.08,0.08054840910174274,0.08054840910174274,0
80,12,0.06131814047694206,0.09378982582647585,0.0,0.08754802753140933,98.046875,0.09078289647344193,-0.42498059835734164,0.0,0.08,0.08754802753140933,0.08754802753140933,0
80,15,0.10458279401063919,0.09378982582647585,0.10892265043031256,0.19556471322162777,96.484375,0.20774753874050395,0.10892265043031256,0.10892265043031256,0.16713812034425007,0.19556471322162777,0.19556471322162777,0
80,4,0.1018383800983429,0.09378982582647585,0.08233065589561782,0.2111568508244751,94.4055944055944,0.23913927629932405,0.08233065589561782,0.08233065589561782,0.14586452471649425,0.2111568508244751,0.2111568508244751,0
80,18,0.09994518756866455,0.09378982582647585,0.06356552137261665,0.13270041710930333,98.046875,0.13349241711410761,0.06356552137261665,0.06356552137261665,0.1308524170980933,0.13270041710930333,0.13270041710930333,0
80,14,0.09426704794168472,0.09378982582647585,0.005075305988868379,0.09680809670139577,97.65625,0.10227146180581051,0.005075305988868379,0.005075305988868379,0.08406024479109471,0.09680809670139577,0.09680809670139577,0
80,11,0.03104901686310768,0.09378982582647585,0.0,0.09180631824499896,97.65625,0.09686616892142709,-1.1054890231562768,0.0,0.08,0.09180631824499896,0.09180631824499896,0
80,19,0.030314819887280464,0.09378982582647585,0.0,0.1274252504880235,98.828125,0.1477503578400336,-1.1294194620771623,0.0,0.08,0.1274252504880235,0.1274252504880235,0
80,16,0.019493289291858673,0.09378982582647585,0.0,0.07999999999998261,99.21875,0.07999999999997517,-1.5709857096237017,0.0,0.08,0.07999999999998261,0.07999999999998261,0
80,9,0.05980377271771431,0.09378982582647585,0.0,0.07999999999998261,99.609375,0.07999999999997517,-0.44998757497684183,0.0,0.08,0.07999999999998261,0.07999999999998261,0
80,17,0.05109207704663277,0.09378982582647585,0.0,0.1417597990761869,97.265625,0.16822828439455276,-0.6074268571794941,0.0,0.08,0.1417597990761869,0.1417597990761869,0
80,1,0.12795217335224152,0.09378982582647585,0.3106001364833497,0.2944444648845105,97.29729729729729,0.2798577601835808,0.3106001364833497,0.3106001364833497,0.3284801091866798,0.2944444648845105,0.2944444648845105,0
80,8,0.025061825290322304,0.09378982582647585,0.0,0.07999999999998261,98.828125,0.07999999999997517,-1.3197103074487424,0.0,0.08,0.07999999999998261,0.07999999999998261,0
80,10,0.04417294263839722,0.09378982582647585,0.0,0.07999999999998261,97.42489270386267,0.07999999999997517,-0.7529438195625884,0.0,0.08,0.07999999999998261,0.07999999999998261,0
80,3,0.095185287296772,0.09378982582647585,0.014768999628341403,0.16361679109597718,95.78947368421052,0.19438890169310752,0.014768999628341403,0.014768999628341403,0.09181519970267313,0.16361679109597718,0.16361679109597718,0
81,15,0.061906903982162476,0.0913804417382984,0.0,0.16089529925513943,98.4375,0.19556471322162777,-0.3893997101876069,0.0,0.08,0.16089529925513943,0.16089529925513943,0
81,1,0.15827295184135437,0.0913804417382984,0.5492895693852925,0.3619406220716275,100.0,0.2944444648845105,0.5492895693852925,0.5492895693852925,0.519431655508234,0.3619406220716275,0.3619406220716275,0
81,8,0.042300015687942505,0.0913804417382984,0.0,0.07999999999998783,98.828125,0.07999999999998261,-0.7702438863047743,0.0,0.08,0.07999999999998783,0.07999999999998783,0
81,13,0.06199853867292404,0.0913804417382984,0.0,0.13137633210813937,96.875,0.15339476015448483,-0.3879206033669035,0.0,0.08,0.13137633210813937,0.13137633210813937,0
81,2,0.04823313280940056,0.0913804417382984,0.0,0.24330945640491303,94.26229508196721,0.3132992234355901,-0.6389851847222419,0.0,0.08,0.24330945640491303,0.24330945640491303,0
81,18,0.05467904731631279,0.0913804417382984,0.0,0.11689029197651232,96.484375,0.13270041710930333,-0.5135508079385588,0.0,0.08,0.11689029197651232,0.11689029197651232,0
81,0,0.07123541086912155,0.0913804417382984,0.0,0.12027517255067982,97.96954314720813,0.13753596078668548,-0.2490414008061788,0.0,0.08,0.12027517255067982,0.12027517255067982,0
81,3,0.10760540515184402,0.0913804417382984,0.16343939351455208,0.17775720821067653,96.3157894736842,0.16361679109597718,0.16343939351455208,0.16343939351455208,0.21075151481164167,0.17775720821067653,0.17775720821067653,0
81,19,0.04685802757740021,0.0913804417382984,0.0,0.11319767534161645,99.21875,0.1274252504880235,-0.6679090258506181,0.0,0.08,0.11319767534161645,0.11319767534161645,0
81,9,0.06365886330604553,0.0913804417382984,0.0,0.07999999999998783,98.4375,0.07999999999998261,-0.36149285655640345,0.0,0.08,0.07999999999998783,0.07999999999998783,0
81,12,0.060895469039678574,0.0913804417382984,0.0,0.08528361927198652,97.265625,0.08754802753140933,-0.40587264347821445,0.0,0.08,0.08528361927198652,0.08528361927198652,0
81,10,0.03865781053900719,0.0913804417382984,0.0,0.07999999999998783,97.85407725321889,0.07999999999998261,-0.860282482536084,0.0,0.08,0.07999999999998783,0.07999999999998783,0
81,11,0.03696727752685547,0.0913804417382984,0.0,0.08826442277149926,96.875,0.09180631824499896,-0.904998178953756,0.0,0.08,0.08826442277149926,0.08826442277149926,0
81,4,0.11810674518346786,0.0913804417382984,0.25655734077466597,0.23338355736305239,98.6013986013986,0.2111568508244751,0.25655734077466597,0.25655734077466597,0.2852458726197328,0.23338355736305239,0.23338355736305239,0
81,14,0.09384313225746155,0.0913804417382984,0.02659310941488096,0.09814801395054847,97.265625,0.09680809670139577,0.02659310941488096,0.02659310941488096,0.10127448753190477,0.09814801395054847,0.09814801395054847,0
81,17,0.07407421618700027,0.0913804417382984,0.0,0.12323185935333084,94.921875,0.1417597990761869,-0.20996393257663828,0.0,0.08,0.12323185935333084,0.12323185935333084,0
81,5,0.4698590636253357,0.0913804417382984,0.7,0.6399999998098034,85.15625,0.6399999997282907,1.6374012267549627,0.7,0.6399999999999999,0.6399999998098034,0.6399999998098034,0
81,16,0.015054669231176376,0.0913804417382984,0.0,0.07999999999998783,99.21875,0.07999999999998261,-1.8033427243946138,0.0,0.08,0.07999999999998783,0.07999999999998783,0
81,6,0.03950059786438942,0.0913804417382984,0.0,0.10796467377941751,97.87234042553192,0.11994953397059646,-0.8387155188762355,0.0,0.08,0.10796467377941751,0.10796467377941751,0
81,7,0.08649180829524994,0.0913804417382984,0.0,0.08038388637121992,98.94736842105263,0.08054840910174274,-0.054981756354589836,0.0,0.08,0.08038388637121992,0.08038388637121992,0
82,18,0.07048624753952026,0.08843766969722289,0.0,0.10582320438355863,97.265625,0.11689029197651232,-0.22688035744780613,0.0,0.08,0.10582320438355863,0.10582320438355863,0
82,9,0.033849138766527176,0.08843766969722289,0.0,0.07999999999999148,98.828125,0.07999999999998783,-0.960384267927706,0.0,0.08,0.07999999999999148,0.07999999999999148,0
82,2,0.10237088799476624,0.08843766969722289,0.1463043531957274,0.22942966425041367,94.26229508196721,0.24330945640491303,0.1463043531957274,0.1463043531957274,0.19704348255658194,0.22942966425041367,0.22942966425041367,0
82,3,0.08850792050361633,0.08843766969722289,0.000794038461929551,0.14862061497833665,96.84210526315789,0.17775720821067653,0.000794038461929551,0.000794038461929551,0.08063523076954364,0.14862061497833665,0.14862061497833665,0
82,8,0.08439256250858307,0.08843766969722289,0.0,0.07999999999999148,98.4375,0.07999999999998783,-0.04681872547098023,0.0,0.08,0.07999999999999148,0.07999999999999148,0
82,4,0.13847024738788605,0.08843766969722289,0.4483574347162587,0.29497427448603875,93.7062937062937,0.23338355736305239,0.4483574347162587,0.4483574347162587,0.438685947773007,0.29497427448603875,0.29497427448603875,0
82,7,0.04781544953584671,0.08843766969722289,0.0,0.08026872045985395,97.89473684210526,0.08038388637121992,-0.6149491112874989,0.0,0.08,0.08026872045985395,0.08026872045985395,0
82,19,0.03598671779036522,0.08843766969722289,0.0,0.1032383727391315,99.609375,0.11319767534161645,-0.8991479217577084,0.0,0.08,0.1032383727391315,0.1032383727391315,0
82,0,0.07767002284526825,0.08843766969722289,0.0,0.10819262078547587,96.95431472081218,0.12027517255067982,-0.1298286144337867,0.0,0.08,0.10819262078547587,0.10819262078547587,0
82,13,0.08562849462032318,0.08843766969722289,0.0,0.11596343247569754,97.5,0.13137633210813937,-0.03227989413038086,0.0,0.08,0.11596343247569754,0.11596343247569754,0
82,11,0.06794540584087372,0.08843766969722289,0.0,0.08578509594004949,99.21875,0.08826442277149926,-0.26359344513664684,0.0,0.08,0.08578509594004949,0.08578509594004949,0
82,12,0.08034395426511765,0.08843766969722289,0.0,0.08369853349039055,98.4375,0.08528361927198652,-0.09598114843011774,0.0,0.08,0.08369853349039055,0.08369853349039055,0
82,16,0.040934957563877106,0.08843766969722289,0.0,0.07999999999999148,98.828125,0.07999999999998783,-0.7703134693006183,0.0,0.08,0.07999999999999148,0.07999999999999148,0
82,10,0.09489172697067261,0.08843766969722289,0.07043851116777029,0.09690524268025635,97.42489270386267,0.07999999999998783,0.07043851116777029,0.07043851116777029,0.13635080893421625,0.09690524268025635,0.09690524268025635,0
82,14,0.08900031447410583,0.08843766969722289,0.006341895754410829,0.09422566474644252,95.703125,0.09814801395054847,0.006341895754410829,0.006341895754410829,0.08507351660352866,0.09422566474644252,0.09422566474644252,0
82,6,0.08088963478803635,0.08843766969722289,0.0,0.09957527164559227,100.0,0.10796467377941751,-0.08921230402370742,0.0,0.08,0.09957527164559227,0.09957527164559227,0
82,15,0.09009256213903427,0.08843766969722289,0.018539601280060988,0.14107621378581223,98.4375,0.16089529925513943,0.018539601280060988,0.018539601280060988,0.09483168102404879,0.14107621378581223,0.14107621378581223,0
82,1,0.19911235570907593,0.08843766969722289,0.7,0.4453584354501392,100.0,0.3619406220716275,0.8115711974254949,0.7,0.6399999999999999,0.4453584354501392,0.4453584354501392,0
82,5,0.46114206314086914,0.08843766969722289,0.7,0.6399999998668623,88.28125,0.6399999998098034,1.6514080604573007,0.7,0.6399999999999999,0.6399999998668623,0.6399999998668623,0
82,17,0.07235386967658997,0.08843766969722289,0.0,0.11026230154733158,98.4375,0.12323185935333084,-0.20072904438156944,0.0,0.08,0.11026230154733158,0.11026230154733158,0
83,15,0.10590469092130661,0.08785801259233156,0.18681750986677545,0.16758955201809467,99.21875,0.14107621378581223,0.18681750986677545,0.18681750986677545,0.22945400789342035,0.16758955201809467,0.16758955201809467,0
83,3,0.15391315519809723,0.08785801259233156,0.5606664490863301,0.2625943782655549,97.89473684210526,0.14862061497833665,0.5606664490863301,0.5606664490863301,0.5285331592690641,0.2625943782655549,0.2625943782655549,0
83,6,0.11622461676597595,0.08785801259233156,0.2798026243185055,0.1608553199883559,96.80851063829788,0.09957527164559227,0.2798026243185055,0.2798026243185055,0.3038420994548044,0.1608553199883559,0.1608553199883559,0
83,13,0.09137801080942154,0.08785801259233156,0.039282845050201236,0.11460228554503657,97.5,0.11596343247569754,0.039282845050201236,0.039282845050201236,0.11142627604016099,0.11460228554503657,0.11460228554503657,0
83,12,0.09682727605104446,0.08785801259233156,0.09720670330711868,0.10591858223698188,98.4375,0.08369853349039055,0.09720670330711868,0.09720670330711868,0.15776536264569496,0.10591858223698188,0.10591858223698188,0
83,17,0.07096704095602036,0.08785801259233156,0.0,0.10118361108313209,97.65625,0.11026230154733158,-0.21350643366206606,0.0,0.08,0.10118361108313209,0.10118361108313209,0
83,2,0.0935116559267044,0.08785801259233156,0.06236406583404667,0.19956814077546076,98.36065573770492,0.22942966425041367,0.06236406583404667,0.06236406583404667,0.12989125266723733,0.19956814077546076,0.19956814077546076,0
83,1,0.17422311007976532,0.08785801259233156,0.684614645132793,0.5000584196469677,91.89189189189189,0.4453584354501392,0.684614645132793,0.684614645132793,0.6276917161062344,0.5000584196469677,0.5000584196469677,0
83,7,0.043786607682704926,0.08785801259233156,0.0,0.08018810432189777,98.94736842105263,0.08026872045985395,-0.6963938936075775,0.0,0.08,0.08018810432189777,0.08018810432189777,0
83,8,0.024076342582702637,0.08785801259233156,0.0,0.07999999999999403,99.21875,0.07999999999999148,-1.2944919937973618,0.0,0.08,0.07999999999999403,0.07999999999999403,0
83,0,0.11031434684991837,0.08785801259233156,0.22761194767264706,0.15436170199126842,96.95431472081218,0.10819262078547587,0.22761194767264706,0.22761194767264706,0.2620895581381177,0.15436170199126842,0.15436170199126842,0
83,14,0.0635136067867279,0.08785801259233156,0.0,0.08995796532250977,97.65625,0.09422566474644252,-0.3244678114506632,0.0,0.08,0.08995796532250977,0.08995796532250977,0
83,18,0.07134005427360535,0.08785801259233156,0.0,0.09807624306849103,97.65625,0.10582320438355863,-0.20826405106913312,0.0,0.08,0.09807624306849103,0.09807624306849103,0
83,5,0.4380580186843872,0.08785801259233156,0.7,0.6399999999068036,86.71875,0.6399999998668623,1.6066292552346768,0.7,0.6399999999999999,0.6399999999068036,0.6399999999068036,0
83,11,0.06451971083879471,0.08785801259233156,0.0,0.08404956715803463,97.265625,0.08578509594004949,-0.30875120543855256,0.0,0.08,0.08404956715803463,0.08404956715803463,0
83,10,0.10773656517267227,0.08785801259233156,0.20396699690947054,0.14078574913445238,98.71244635193133,0.09690524268025635,0.20396699690947054,0.20396699690947054,0.24317359752757645,0.14078574913445238,0.14078574913445238,0
83,9,0.041914958506822586,0.08785801259233156,0.0,0.07999999999999403,99.21875,0.07999999999999148,-0.7400791252157474,0.0,0.08,0.07999999999999403,0.07999999999999403,0
83,16,0.025295315310359,0.08785801259233156,0.0,0.07999999999999403,98.828125,0.07999999999999148,-1.2451025236273319,0.0,0.08,0.07999999999999403,0.07999999999999403,0
83,19,0.033828262239694595,0.08785801259233156,0.0,0.09626686091739203,99.609375,0.1032383727391315,-0.9544252222974807,0.0,0.08,0.09626686091739203,0.09626686091739203,0
83,4,0.12465617060661316,0.08785801259233156,0.34983726048044345,0.3144429346555335,95.1048951048951,0.29497427448603875,0.34983726048044345,0.34983726048044345,0.3598698083843548,0.3144429346555335,0.3144429346555335,0
84,10,0.05139826983213425,0.08831669466990469,0.0,0.12255002439411666,98.28326180257511,0.14078574913445238,-0.5413245649768746,0.0,0.08,0.12255002439411666,0.12255002439411666,0
84,12,0.10957985371351242,0.08831669466990469,0.21572436181559565,0.14991685440163027,98.046875,0.10591858223698188,0.21572436181559565,0.21572436181559565,0.25257948945247655,0.14991685440163027,0.14991685440163027,0
84,13,0.06512387096881866,0.08831669466990469,0.0,0.1042215998815256,98.125,0.11460228554503657,-0.304637953471633,0.0,0.08,0.1042215998815256,0.1042215998815256,0
84,14,0.08021955192089081,0.08831669466990469,0.0,0.08697057572575684,98.4375,0.08995796532250977,-0.09616187122129324,0.0,0.08,0.08697057572575684,0.08697057572575684,0
84,5,0.3303292393684387,0.08831669466990469,0.7,0.6399999999347624,86.71875,0.6399999999068036,1.3191606118452068,0.7,0.6399999999999999,0.6399999999347624,0.6399999999347624,0
84,2,0.082481250166893,0.08831669466990469,0.0,0.1636976985428225,98.36065573770492,0.19956814077546076,-0.06835815253101885,0.0,0.08,0.1636976985428225,0.1636976985428225,0
84,1,0.1373957097530365,0.08831669466990469,0.441935957001304,0.48010552343319035,97.29729729729729,0.5000584196469677,0.441935957001304,0.441935957001304,0.4335487656010432,0.48010552343319035,0.48010552343319035,0
84,8,0.013504195027053356,0.08831669466990469,0.0,0.07999999999999582,98.4375,0.07999999999999403,-1.8779281501481868,0.0,0.08,0.07999999999999582,0.07999999999999582,0
84,6,0.1346544474363327,0.08831669466990469,0.42178265200435366,0.237826560472894,100.0,0.1608553199883559,0.42178265200435366,0.42178265200435366,0.41742612160348297,0.237826560472894,0.237826560472894,0
84,18,0.06520086526870728,0.08831669466990469,0.0,0.09265337014794373,96.875,0.09807624306849103,-0.30345637736791764,0.0,0.08,0.09265337014794373,0.09265337014794373,0
84,4,0.10188151150941849,0.08831669466990469,0.14288131375144886,0.2784015695592212,93.7062937062937,0.3144429346555335,0.14288131375144886,0.14288131375144886,0.19430505100115908,0.2784015695592212,0.2784015695592212,0
84,19,0.06068715825676918,0.08831669466990469,0.0,0.09138680264217441,98.4375,0.09626686091739203,-0.37519699095830156,0.0,0.08,0.09138680264217441,0.09138680264217441,0
84,7,0.05197422578930855,0.08831669466990469,0.0,0.08013167302532843,96.84210526315789,0.08018810432189777,-0.5301811403695215,0.0,0.08,0.08013167302532843,0.08013167302532843,0
84,16,0.021901026368141174,0.08831669466990469,0.0,0.07999999999999582,98.4375,0.07999999999999403,-1.394395312128153,0.0,0.08,0.07999999999999582,0.07999999999999582,0
84,11,0.1050725132226944,0.08831669466990469,0.17372153851778044,0.12452786625489154,99.21875,0.08404956715803463,0.17372153851778044,0.17372153851778044,0.21897723081422438,0.12452786625489154,0.12452786625489154,0
84,9,0.055601369589567184,0.08831669466990469,0.0,0.07999999999999582,98.828125,0.07999999999999403,-0.46272125686638976,0.0,0.08,0.07999999999999582,0.07999999999999582,0
84,17,0.10083110630512238,0.08831669466990469,0.1325177309273352,0.1266327831807529,98.828125,0.10118361108313209,0.1325177309273352,0.1325177309273352,0.18601418474186818,0.1266327831807529,0.1266327831807529,0
84,15,0.12231806665658951,0.08831669466990469,0.3256955670530985,0.21947962250540992,94.921875,0.16758955201809467,0.3256955670530985,0.3256955670530985,0.34055645364247883,0.21947962250540992,0.21947962250540992,0
84,3,0.06603623926639557,0.08831669466990469,0.0,0.2078160647858884,96.84210526315789,0.2625943782655549,-0.2907254480139576,0.0,0.08,0.2078160647858884,0.2078160647858884,0
84,0,0.07966887950897217,0.08831669466990469,0.0,0.13205319139388788,95.93908629441624,0.15436170199126842,-0.10305010591667987,0.0,0.08,0.13205319139388788,0.13205319139388788,0
85,12,0.06087358668446541,0.08747944677440737,0.0,0.12894179808114117,97.65625,0.14991685440163027,-0.36260445735163965,0.0,0.08,0.12894179808114117,0.12894179808114117,0
85,18,0.07702717930078506,0.08747944677440737,0.0,0.0888573591035606,96.875,0.09265337014794373,-0.12724551874923773,0.0,0.08,0.0888573591035606,0.0888573591035606,0
85,1,0.15954667329788208,0.08747944677440737,0.6009325785766687,0.5042976852616337,100.0,0.48010552343319035,0.6009325785766687,0.6009325785766687,0.560746062861335,0.5042976852616337,0.5042976852616337,0
85,6,0.10372110456228256,0.08747944677440737,0.17030172041152006,0.2313510052297906,93.61702127659575,0.237826560472894,0.17030172041152006,0.17030172041152006,0.21624137632921603,0.2313510052297906,0.2313510052297906,0
85,17,0.0501248873770237,0.08747944677440737,0.0,0.11264294822652704,96.09375,0.1266327831807529,-0.5568861477939724,0.0,0.08,0.11264294822652704,0.11264294822652704,0
85,10,0.09041789174079895,0.08747944677440737,0.033038289821899824,0.11771420663313761,97.42489270386267,0.12255002439411666,0.033038289821899824,0.033038289821899824,0.10643063185751986,0.11771420663313761,0.11771420663313761,0
85,9,0.03392338752746582,0.08747944677440737,0.0,0.07999999999999707,98.828125,0.07999999999999582,-0.9472990172137584,0.0,0.08,0.07999999999999707,0.07999999999999707,0
85,15,0.07830756157636642,0.08747944677440737,0.0,0.17763573575378694,97.65625,0.21947962250540992,-0.11075968818532914,0.0,0.08,0.17763573575378694,0.17763573575378694,0
85,16,0.029970182105898857,0.08747944677440737,0.0,0.07999999999999707,99.609375,0.07999999999999582,-1.0712006948295065,0.0,0.08,0.07999999999999707,0.07999999999999707,0
85,11,0.06773630529642105,0.08747944677440737,0.0,0.11116950637842407,96.484375,0.12452786625489154,-0.25578153496470724,0.0,0.08,0.11116950637842407,0.11116950637842407,0
85,5,0.2951586842536926,0.08747944677440737,0.7,0.6399999999543337,88.28125,0.6399999999347624,1.2161091722436561,0.7,0.6399999999999999,0.6399999999543337,0.6399999999543337,0
85,3,0.12181700766086578,0.08747944677440737,0.33111607750820493,0.24893910395209107,98.42105263157895,0.2078160647858884,0.33111607750820493,0.33111607750820493,0.344892862006564,0.24893910395209107,0.24893910395209107,0
85,8,0.07164090126752853,0.08747944677440737,0.0,0.07999999999999707,99.609375,0.07999999999999582,-0.19973768887190416,0.0,0.08,0.07999999999999707,0.07999999999999707,0
85,0,0.08776119351387024,0.08747944677440737,0.003215543490472376,0.11720896441343488,96.95431472081218,0.13205319139388788,0.003215543490472376,0.003215543490472376,0.0825724347923779,0.11720896441343488,0.11720896441343488,0
85,14,0.10335258394479752,0.08747944677440737,0.16674239837879518,0.12489757861894063,95.3125,0.08697057572575684,0.16674239837879518,0.16674239837879518,0.21339391870303615,0.12489757861894063,0.12489757861894063,0
85,19,0.03255629166960716,0.08747944677440737,0.0,0.0879707618495221,97.65625,0.09138680264217441,-0.9884330364801467,0.0,0.08,0.0879707618495221,0.0879707618495221,0
85,7,0.10141497850418091,0.08747944677440737,0.14781690977907905,0.11556822946470888,96.84210526315789,0.08013167302532843,0.14781690977907905,0.14781690977907905,0.19825352782326325,0.11556822946470888,0.11556822946470888,0
85,2,0.12692232429981232,0.08747944677440737,0.37217137236736003,0.22790951834814216,95.90163934426229,0.1636976985428225,0.37217137236736003,0.37217137236736003,0.37773709789388804,0.22790951834814216,0.22790951834814216,0
85,13,0.09633824974298477,0.08747944677440737,0.0964615512598552,0.12010589221943316,98.75,0.1042215998815256,0.0964615512598552,0.0964615512598552,0.15716924100788415,0.12010589221943316,0.12010589221943316,0
85,4,0.12141318619251251,0.08747944677440737,0.3277955867436013,0.29755203950991915,93.7062937062937,0.2784015695592212,0.3277955867436013,0.3277955867436013,0.34223646939488106,0.29755203950991915,0.29755203950991915,0
86,4,0.0925985649228096,0.0876404563597001,0.05503091590707053,0.24549384747464031,95.8041958041958,0.29755203950991915,0.05503091590707053,0.05503091590707053,0.12402473272565642,0.24549384747464031,0.24549384747464031,0
86,7,0.09164241701364517,0.0876404563597001,0.0446515054274325,0.11561412192788001,97.89473684210526,0.11556822946470888,0.0446515054274325,0.0446515054274325,0.115721204341946,0.11561412192788001,0.11561412192788001,0
86,9,0.04048440605401993,0.0876404563597001,0.0,0.07999999999999795,97.265625,0.07999999999999707,-0.7723257247514944,0.0,0.08,0.07999999999999795,0.07999999999999795,0
86,19,0.06378500908613205,0.0876404563597001,0.0,0.08557953329466547,99.609375,0.0879707618495221,-0.3177244838079197,0.0,0.08,0.08557953329466547,0.08557953329466547,0
86,13,0.04742429777979851,0.0876404563597001,0.0,0.10807412455360321,98.75,0.12010589221943316,-0.6141079164129526,0.0,0.08,0.10807412455360321,0.10807412455360321,0
86,15,0.05732549726963043,0.0876404563597001,0.0,0.14834501502765085,97.265625,0.17763573575378694,-0.42449715830703216,0.0,0.08,0.14834501502765085,0.14834501502765085,0
86,18,0.07033640146255493,0.0876404563597001,0.0,0.08620015137249241,96.09375,0.0888573591035606,-0.21995322730340186,0.0,0.08,0.08620015137249241,0.08620015137249241,0
86,5,0.35851696133613586,0.0876404563597001,0.7,0.6399999999680335,92.1875,0.6399999999543337,1.4087331627447772,0.7,0.6399999999999999,0.6399999999680335,0.6399999999680335,0
86,12,0.09771496802568436,0.0876404563597001,0.10881201757615756,0.14037414287507663,96.875,0.12894179808114117,0.10881201757615756,0.10881201757615756,0.16704961406092605,0.14037414287507663,0.14037414287507663,0
86,2,0.06901435554027557,0.0876404563597001,0.0,0.1835366628436995,97.54098360655738,0.22790951834814216,-0.23892815686084534,0.0,0.08,0.1835366628436995,0.1835366628436995,0
86,3,0.08143454790115356,0.0876404563597001,0.0,0.19825737276646374,97.36842105263158,0.24893910395209107,-0.07344310886885133,0.0,0.08,0.19825737276646374,0.19825737276646374,0
86,17,0.09091389924287796,0.0876404563597001,0.03667017042673114,0.1116509046609844,96.484375,0.11264294822652704,0.03667017042673114,0.03667017042673114,0.10933613634138492,0.1116509046609844,0.1116509046609844,0
86,16,0.019154870882630348,0.0876404563597001,0.0,0.07999999999999795,99.609375,0.07999999999999707,-1.5206852764954009,0.0,0.08,0.07999999999999795,0.07999999999999795,0
86,14,0.06793646514415741,0.0876404563597001,0.0,0.11142830503325843,96.875,0.12489757861894063,-0.2546697565311016,0.0,0.08,0.11142830503325843,0.11142830503325843,0
86,11,0.05885721743106842,0.0876404563597001,0.0,0.10181865446489685,98.4375,0.11116950637842407,-0.39812819879534467,0.0,0.08,0.10181865446489685,0.10181865446489685,0
86,0,0.14170491695404053,0.0876404563597001,0.48050408038586573,0.2213672543820122,94.9238578680203,0.11720896441343488,0.48050408038586573,0.48050408038586573,0.4644032643086926,0.2213672543820122,0.2213672543820122,0
86,1,0.1941736340522766,0.0876404563597001,0.7,0.5450083796831435,91.89189189189189,0.5042976852616337,0.7955099951351284,0.7,0.6399999999999999,0.5450083796831435,0.5450083796831435,0
86,10,0.08829512447118759,0.0876404563597001,0.007442167816019386,0.10818606491904097,98.71244635193133,0.11771420663313761,0.007442167816019386,0.007442167816019386,0.08595373425281551,0.10818606491904097,0.10818606491904097,0
86,8,0.03034401126205921,0.0876404563597001,0.0,0.07999999999999795,98.828125,0.07999999999999707,-1.0606433309371945,0.0,0.08,0.07999999999999795,0.07999999999999795,0
86,6,0.04485441371798515,0.0876404563597001,0.0,0.18594570366085342,96.80851063829788,0.2313510052297906,-0.6698206187604672,0.0,0.08,0.18594570366085342,0.18594570366085342,0
87,9,0.061854757368564606,0.0858439485738716,0.0,0.07999999999999856,99.21875,0.07999999999999795,-0.3277420375924765,0.0,0.08,0.07999999999999856,0.07999999999999856,0
87,11,0.07498116791248322,0.0858439485738716,0.0,0.0952730581254278,98.046875,0.10181865446489685,-0.135294092111187,0.0,0.08,0.0952730581254278,0.0952730581254278,0
87,10,0.04525637999176979,0.0858439485738716,0.0,0.09973024544332867,98.71244635193133,0.10818606491904097,-0.6401873375208585,0.0,0.08,0.09973024544332867,0.09973024544332867,0
87,8,0.05476398393511772,0.0858439485738716,0.0,0.07999999999999856,98.4375,0.07999999999999795,-0.4494982799588672,0.0,0.08,0.07999999999999856,0.07999999999999856,0
87,2,0.1336645931005478,0.0858439485738716,0.44280248738419103,0.25874826096279546,95.90163934426229,0.1835366628436995,0.44280248738419103,0.44280248738419103,0.43424198990735285,0.25874826096279546,0.25874826096279546,0
87,17,0.07606161385774612,0.0858439485738716,0.0,0.10215563326268909,96.875,0.1116509046609844,-0.12098736101810227,0.0,0.08,0.10215563326268909,0.10215563326268909,0
87,19,0.045842837542295456,0.0858439485738716,0.0,0.08390567330626583,98.828125,0.08557953329466547,-0.6273120233473916,0.0,0.08,0.08390567330626583,0.08390567330626583,0
87,15,0.07781833410263062,0.0858439485738716,0.0,0.12784151051935558,98.046875,0.14834501502765085,-0.09815402421238582,0.0,0.08,0.12784151051935558,0.12784151051935558,0
87,1,0.13016937673091888,0.0858439485738716,0.4163053641891393,0.5054191531835939,94.5945945945946,0.5450083796831435,0.4163053641891393,0.4163053641891393,0.4130442913513115,0.5054191531835939,0.5054191531835939,0
87,5,0.43160656094551086,0.0858439485738716,0.7,0.6399999999776234,89.453125,0.6399999999680335,1.6149832449023878,0.7,0.6399999999999999,0.6399999999776234,0.6399999999776234,0
87,6,0.02997177466750145,0.0858439485738716,0.0,0.15416199256259738,96.80851063829788,0.18594570366085342,-1.052274784963771,0.0,0.08,0.15416199256259738,0.15416199256259738,0
87,14,0.07075553387403488,0.0858439485738716,0.0,0.10199981352328089,97.265625,0.11142830503325843,-0.1933003208875124,0.0,0.08,0.10199981352328089,0.10199981352328089,0
87,13,0.0723426565527916,0.0858439485738716,0.0,0.09965188718752224,96.25,0.10807412455360321,-0.17111712575222182,0.0,0.08,0.09965188718752224,0.09965188718752224,0
87,16,0.04125751927495003,0.0858439485738716,0.0,0.07999999999999856,99.609375,0.07999999999999795,-0.7326975889825036,0.0,0.08,0.07999999999999856,0.07999999999999856,0
87,18,0.1194663867354393,0.0858439485738716,0.3305039199765503,0.16366104675511678,95.3125,0.08620015137249241,0.3305039199765503,0.3305039199765503,0.3444031359812403,0.16366104675511678,0.16366104675511678,0
87,3,0.134236142039299,0.0858439485738716,0.44706936453874824,0.2700768084258242,97.36842105263158,0.19825737276646374,0.44706936453874824,0.44706936453874824,0.43765549163099865,0.2700768084258242,0.2700768084258242,0
87,7,0.0929100438952446,0.0858439485738716,0.07910064974859601,0.12391404128917904,97.89473684210526,0.11561412192788001,0.07910064974859601,0.07910064974859601,0.14328051979887682,0.12391404128917904,0.12391404128917904,0
87,12,0.05150165781378746,0.0858439485738716,0.0,0.12226190001255363,97.265625,0.14037414287507663,-0.5109170211055303,0.0,0.08,0.12226190001255363,0.12226190001255363,0
87,4,0.12051498144865036,0.0858439485738716,0.3392429425700423,0.2772639994490584,95.8041958041958,0.24549384747464031,0.3392429425700423,0.3392429425700423,0.35139435405603386,0.2772639994490584,0.2772639994490584,0
87,0,0.0984952300786972,0.0858439485738716,0.13747700995167364,0.2119515604558102,93.4010152284264,0.2213672543820122,0.13747700995167364,0.13747700995167364,0.18998160796133892,0.2119515604558102,0.2119515604558102,0
88,1,0.12075509130954742,0.08481169280499591,0.35333100045829674,0.4625928473385069,89.1891891891892,0.5054191531835939,0.35333100045829674,0.35333100045829674,0.3626648003666374,0.4625928473385069,0.4625928473385069,0
88,5,0.3206530809402466,0.08481169280499591,0.7,0.6399999999843363,88.28125,0.6399999999776234,1.329926287104259,0.7,0.6399999999999999,0.6399999999843363,0.6399999999843363,0
88,3,0.0675765872001648,0.08481169280499591,0.0,0.21305376589807692,98.94736842105263,0.2700768084258242,-0.22717181020630006,0.0,0.08,0.21305376589807692,0.21305376589807692,0
88,14,0.05272946134209633,0.08481169280499591,0.0,0.09539986946629661,98.828125,0.10199981352328089,-0.47525901031186263,0.0,0.08,0.09539986946629661,0.09539986946629661,0
88,0,0.10230814665555954,0.08481169280499591,0.18755586443054503,0.21737949978239796,95.43147208121827,0.2119515604558102,0.18755586443054503,0.18755586443054503,0.23004469154443602,0.21737949978239796,0.21737949978239796,0
88,2,0.11127763986587524,0.08481169280499591,0.271594890234125,0.27030655633014683,95.08196721311475,0.25874826096279546,0.271594890234125,0.271594890234125,0.2972759121873,0.27030655633014683,0.27030655633014683,0
88,15,0.0666203498840332,0.08481169280499591,0.0,0.11348905736354889,95.703125,0.12784151051935558,-0.2414233032590995,0.0,0.08,0.11348905736354889,0.11348905736354889,0
88,7,0.11201275140047073,0.08481169280499591,0.2781792678279653,0.177502853181137,98.94736842105263,0.12391404128917904,0.2781792678279653,0.2781792678279653,0.30254341426237225,0.177502853181137,0.177502853181137,0
88,13,0.0873909443616867,0.08481169280499591,0.02995824224746275,0.10094629917065663,95.0,0.09965188718752224,0.02995824224746275,0.02995824224746275,0.1039665937979702,0.10094629917065663,0.10094629917065663,0
88,4,0.07908287644386292,0.08481169280499591,0.0,0.21808479961434085,97.9020979020979,0.2772639994490584,-0.06993704011391651,0.0,0.08,0.21808479961434085,0.21808479961434085,0
88,9,0.059516388922929764,0.08481169280499591,0.0,0.07999999999999899,98.4375,0.07999999999999856,-0.35418165132435675,0.0,0.08,0.07999999999999899,0.07999999999999899,0
88,19,0.04352946579456329,0.08481169280499591,0.0,0.08273397131438608,99.609375,0.08390567330626583,-0.6669952249548682,0.0,0.08,0.08273397131438608,0.08273397131438608,0
88,8,0.045731209218502045,0.08481169280499591,0.0,0.07999999999999899,98.828125,0.07999999999999856,-0.6176523394974791,0.0,0.08,0.07999999999999899,0.07999999999999899,0
88,12,0.06993941962718964,0.08481169280499591,0.0,0.10958333000878753,97.265625,0.12226190001255363,-0.1928039616231469,0.0,0.08,0.10958333000878753,0.10958333000878753,0
88,10,0.12175574898719788,0.08481169280499591,0.3615835245349359,0.1805912176987147,97.42489270386267,0.09973024544332867,0.3615835245349359,0.3615835245349359,0.3692668196279488,0.1805912176987147,0.1805912176987147,0
88,17,0.08754231780767441,0.08481169280499591,0.03168888471746446,0.10311427561607384,97.265625,0.10215563326268909,0.03168888471746446,0.03168888471746446,0.10535110777397158,0.10311427561607384,0.10311427561607384,0
88,11,0.06102225184440613,0.08481169280499591,0.0,0.09069114068779946,97.65625,0.0952730581254278,-0.32919479218712705,0.0,0.08,0.09069114068779946,0.09069114068779946,0
88,16,0.023874269798398018,0.08481169280499591,0.0,0.07999999999999899,98.4375,0.07999999999999856,-1.2676318176522887,0.0,0.08,0.07999999999999899,0.07999999999999899,0
88,6,0.02400415949523449,0.08481169280499591,0.0,0.13191339479381817,97.87234042553192,0.15416199256259738,-1.2622059938250496,0.0,0.08,0.13191339479381817,0.13191339479381817,0
88,18,0.06367126852273941,0.08481169280499591,0.0,0.13856273272858174,96.09375,0.16366104675511678,-0.2866999637669822,0.0,0.08,0.13856273272858174,0.13856273272858174,0
89,0,0.05050224810838699,0.08320632386586405,0.0,0.17616564984767855,97.46192893401015,0.21737949978239796,-0.49930542282584833,0.0,0.08,0.17616564984767855,0.17616564984767855,0
89,2,0.11253376305103302,0.08320632386586405,0.30192990836503186,0.28567776743871043,97.54098360655738,0.27030655633014683,0.30192990836503186,0.30192990836503186,0.32154392669202553,0.28567776743871043,0.28567776743871043,0
89,19,0.08011579513549805,0.08320632386586405,0.0,0.08191377992007025,98.4375,0.08273397131438608,-0.03785032096848131,0.0,0.08,0.08191377992007025,0.08191377992007025,0
89,11,0.039376065135002136,0.08320632386586405,0.0,0.08748379848145962,98.046875,0.09069114068779946,-0.7481650713360909,0.0,0.08,0.08748379848145962,0.08748379848145962,0
89,17,0.08143448084592819,0.08320632386586405,0.0,0.09617999293125168,99.21875,0.10311427561607384,-0.02152456939476391,0.0,0.08,0.09617999293125168,0.09617999293125168,0
89,9,0.06083644926548004,0.08320632386586405,0.0,0.0799999999999993,98.828125,0.07999999999999899,-0.3131342049048038,0.0,0.08,0.0799999999999993,0.0799999999999993,0
89,13,0.04764571413397789,0.08320632386586405,0.0,0.09466240941945964,98.75,0.10094629917065663,-0.5575305819100483,0.0,0.08,0.09466240941945964,0.09466240941945964,0
89,7,0.11184021085500717,0.08320632386586405,0.2957477800992753,0.21923146445062197,100.0,0.177502853181137,0.2957477800992753,0.2957477800992753,0.3165982240794203,0.21923146445062197,0.21923146445062197,0
89,12,0.07506246864795685,0.08320632386586405,0.0,0.10070833100615126,96.09375,0.10958333000878753,-0.10300265774173965,0.0,0.08,0.10070833100615126,0.10070833100615126,0
89,15,0.08139468729496002,0.08320632386586405,0.0,0.10344234015448422,95.3125,0.11348905736354889,-0.022013346035054844,0.0,0.08,0.10344234015448422,0.10344234015448422,0
89,1,0.0887872725725174,0.08320632386586405,0.06491995234348803,0.36339578169939196,89.1891891891892,0.4625928473385069,0.06491995234348803,0.06491995234348803,0.13193596187479043,0.36339578169939196,0.36339578169939196,0
89,16,0.02781224623322487,0.08320632386586405,0.0,0.0799999999999993,98.828125,0.07999999999999899,-1.0958466778850855,0.0,0.08,0.0799999999999993,0.0799999999999993,0
89,14,0.07796107977628708,0.08320632386586405,0.0,0.09077990862640761,98.046875,0.09539986946629661,-0.06511361992397745,0.0,0.08,0.09077990862640761,0.09077990862640761,0
89,5,0.44030389189720154,0.08320632386586405,0.7,0.6399999999890353,87.5,0.6399999999843363,1.6661417015033781,0.7,0.6399999999999999,0.6399999999890353,0.6399999999890353,0
89,18,0.053595561534166336,0.08320632386586405,0.0,0.12099391291000722,96.484375,0.13856273272858174,-0.4398570290927812,0.0,0.08,0.12099391291000722,0.12099391291000722,0
89,8,0.03526051342487335,0.08320632386586405,0.0,0.0799999999999993,99.21875,0.07999999999999899,-0.8585594515441888,0.0,0.08,0.0799999999999993,0.0799999999999993,0
89,6,0.07969575375318527,0.08320632386586405,0.0,0.11633937635567271,95.74468085106383,0.13191339479381817,-0.043107041148219394,0.0,0.08,0.11633937635567271,0.11633937635567271,0
89,10,0.04982906952500343,0.08320632386586405,0.0,0.15041385238910027,98.28326180257511,0.1805912176987147,-0.5127247333081131,0.0,0.08,0.15041385238910027,0.15041385238910027,0
89,4,0.12371949851512909,0.08320632386586405,0.3966935021259772,0.2718658002402731,95.1048951048951,0.21808479961434085,0.3966935021259772,0.3966935021259772,0.3973548017007818,0.2718658002402731,0.2718658002402731,0
89,3,0.15917235612869263,0.08320632386586405,0.648664205624922,0.3288170454786351,98.42105263157895,0.21305376589807692,0.648664205624922,0.648664205624922,0.5989313644999376,0.3288170454786351,0.3288170454786351,0
90,9,0.019614435732364655,0.08276853315575126,0.0,0.0799999999999995,98.828125,0.0799999999999993,-1.4397817537010893,0.0,0.08,0.0799999999999995,0.0799999999999995,0
90,19,0.08020582050085068,0.08276853315575126,0.0,0.08133964594404916,98.828125,0.08191377992007025,-0.03145186388604275,0.0,0.08,0.08133964594404916,0.08133964594404916,0
90,5,0.36708253622055054,0.08276853315575126,0.7,0.6399999999923247,87.5,0.6399999999890353,1.4895386687175012,0.7,0.6399999999999999,0.6399999999923247,0.6399999999923247,0
90,16,0.010746092535555363,0.08276853315575126,0.0,0.0799999999999995,98.828125,0.0799999999999993,-2.0415049416251643,0.0,0.08,0.0799999999999995,0.0799999999999995,0
90,12,0.04258247837424278,0.08276853315575126,0.0,0.09449583170430587,97.65625,0.10070833100615126,-0.6646049778925799,0.0,0.08,0.09449583170430587,0.09449583170430587,0
90,4,0.15211915969848633,0.08276853315575126,0.6086161492164265,0.36037393598013356,93.7062937062937,0.2718658002402731,0.6086161492164265,0.6086161492164265,0.5668929193731412,0.36037393598013356,0.36037393598013356,0
90,10,0.015241777524352074,0.08276853315575126,0.0,0.12928969667237017,97.85407725321889,0.15041385238910027,-1.6920072406233566,0.0,0.08,0.12928969667237017,0.12928969667237017,0
90,0,0.08591409772634506,0.08276853315575126,0.037299974177059124,0.15626794869586916,95.43147208121827,0.17616564984767855,0.037299974177059124,0.037299974177059124,0.1098399793416473,0.15626794869586916,0.15626794869586916,0
90,18,0.06836739182472229,0.08276853315575126,0.0,0.10869573903700505,96.484375,0.12099391291000722,-0.19115194611034997,0.0,0.08,0.10869573903700505,0.10869573903700505,0
90,15,0.07853057980537415,0.08276853315575126,0.0,0.09640963810813896,96.875,0.10344234015448422,-0.05255984769533131,0.0,0.08,0.09640963810813896,0.09640963810813896,0
90,7,0.026590073481202126,0.08276853315575126,0.0,0.17746202511543535,97.89473684210526,0.21923146445062197,-1.1355097308065365,0.0,0.08,0.17746202511543535,0.17746202511543535,0
90,6,0.036654043942689896,0.08276853315575126,0.0,0.1054375634489709,100.0,0.11633937635567271,-0.814524041060616,0.0,0.08,0.1054375634489709,0.1054375634489709,0
90,17,0.06302087754011154,0.08276853315575126,0.0,0.09132599505187616,96.09375,0.09617999293125168,-0.2725818559305901,0.0,0.08,0.09132599505187616,0.09132599505187616,0
90,13,0.05479121953248978,0.08276853315575126,0.0,0.09026368659362174,98.125,0.09466240941945964,-0.41251793951004495,0.0,0.08,0.09026368659362174,0.09026368659362174,0
90,8,0.05115393549203873,0.08276853315575126,0.0,0.0799999999999995,97.65625,0.0799999999999993,-0.4812084504858228,0.0,0.08,0.0799999999999995,0.0799999999999995,0
90,3,0.11517192423343658,0.08276853315575126,0.33037801650630044,0.33346265579655665,97.89473684210526,0.3288170454786351,0.33037801650630044,0.33037801650630044,0.3443024132050404,0.33346265579655665,0.33346265579655665,0
90,14,0.09067509323358536,0.08276853315575126,0.09123474804151313,0.10944227556844847,98.828125,0.09077990862640761,0.09123474804151313,0.09123474804151313,0.1529877984332105,0.10944227556844847,0.10944227556844847,0
90,1,0.2812363803386688,0.08276853315575126,0.7,0.4463770471895744,91.89189189189189,0.36339578169939196,1.2231474868129613,0.7,0.6399999999999999,0.4463770471895744,0.4463770471895744,0
90,11,0.051617152988910675,0.08276853315575126,0.0,0.08523865893702173,96.484375,0.08748379848145962,-0.4721938423806665,0.0,0.08,0.08523865893702173,0.08523865893702173,0
90,2,0.20063947141170502,0.08276853315575126,0.7,0.39197443720709724,96.72131147540983,0.28567776743871043,0.8854615971428024,0.7,0.6399999999999999,0.39197443720709724,0.39197443720709724,0
91,3,0.09123615175485611,0.08106109330841783,0.11824809684381384,0.285803402300105,96.84210526315789,0.33346265579655665,0.11824809684381384,0.11824809684381384,0.17459847747505108,0.285803402300105,0.285803402300105,0
91,7,0.05196458846330643,0.08106109330841783,0.0,0.14822341758080473,97.89473684210526,0.17746202511543535,-0.44464054416674925,0.0,0.08,0.14822341758080473,0.14822341758080473,0
91,4,0.097838394343853,0.08106109330841783,0.18811395029679742,0.32140910325732486,93.7062937062937,0.36037393598013356,0.18811395029679742,0.18811395029679742,0.23049116023743793,0.32140910325732486,0.32140910325732486,0
91,14,0.07948093861341476,0.08106109330841783,0.0,0.10060959289791394,97.265625,0.10944227556844847,-0.01968587925770235,0.0,0.08,0.10060959289791394,0.10060959289791394,0
91,1,0.21206243336200714,0.08106109330841783,0.7,0.504463933032702,94.5945945945946,0.4463770471895744,0.9616775433459257,0.7,0.6399999999999999,0.504463933032702,0.504463933032702,0
91,15,0.1081138402223587,0.08106109330841783,0.28798160848721055,0.1606023327126278,97.265625,0.09640963810813896,0.28798160848721055,0.28798160848721055,0.31038528678976846,0.1606023327126278,0.1606023327126278,0
91,16,0.02358390763401985,0.08106109330841783,0.0,0.07999999999999965,99.609375,0.0799999999999995,-1.2346382085677234,0.0,0.08,0.07999999999999965,0.07999999999999965,0
91,19,0.03421678766608238,0.08106109330841783,0.0,0.0809377521608344,99.609375,0.08133964594404916,-0.8624865488008596,0.0,0.08,0.0809377521608344,0.0809377521608344,0
91,9,0.06113675609230995,0.08106109330841783,0.0,0.07999999999999965,99.609375,0.0799999999999995,-0.28208981053838433,0.0,0.08,0.07999999999999965,0.07999999999999965,0
91,6,0.03292310610413551,0.08106109330841783,0.0,0.09780629441427963,93.61702127659575,0.1054375634489709,-0.9010282039184482,0.0,0.08,0.09780629441427963,0.09780629441427963,0
91,10,0.030690519139170647,0.08106109330841783,0.0,0.1145027876706591,97.85407725321889,0.12928969667237017,-0.9712491222141676,0.0,0.08,0.1145027876706591,0.1145027876706591,0
91,11,0.08740721642971039,0.08106109330841783,0.07537472938875005,0.10175699630921521,99.21875,0.08523865893702173,0.07537472938875005,0.07537472938875005,0.14029978351100003,0.10175699630921521,0.10175699630921521,0
91,0,0.06109737604856491,0.08106109330841783,0.0,0.1333875640871084,96.44670050761421,0.15626794869586916,-0.2827341483837044,0.0,0.08,0.1333875640871084,0.1333875640871084,0
91,12,0.03951087221503258,0.08106109330841783,0.0,0.0901470821930141,96.484375,0.09449583170430587,-0.71862709903797,0.0,0.08,0.0901470821930141,0.0901470821930141,0
91,18,0.09662916511297226,0.08106109330841783,0.17567748330581545,0.14224961331929925,97.65625,0.10869573903700505,0.17567748330581545,0.17567748330581545,0.22054198664465235,0.14224961331929925,0.14224961331929925,0
91,5,0.42220890522003174,0.08106109330841783,0.7,0.6399999999946272,90.234375,0.6399999999923247,1.650297019180582,0.7,0.6399999999999999,0.6399999999946272,0.6399999999946272,0
91,17,0.0520097017288208,0.08106109330841783,0.0,0.08792819653631331,96.484375,0.09132599505187616,-0.4437727669578982,0.0,0.08,0.08792819653631331,0.08792819653631331,0
91,8,0.04871295019984245,0.08106109330841783,0.0,0.07999999999999965,98.046875,0.0799999999999995,-0.5092581142327857,0.0,0.08,0.07999999999999965,0.07999999999999965,0
91,2,0.11749672144651413,0.08106109330841783,0.37120728360394245,0.38747185410991425,95.08196721311475,0.39197443720709724,0.37120728360394245,0.37120728360394245,0.376965826883154,0.38747185410991425,0.38747185410991425,0
91,13,0.0947856605052948,0.08106109330841783,0.15641501071158526,0.12472418318631569,99.375,0.09026368659362174,0.15641501071158526,0.15641501071158526,0.20513200856926822,0.12472418318631569,0.12472418318631569,0
92,2,0.07788267731666565,0.07998586871286228,0.0,0.29523029787694,96.72131147540983,0.38747185410991425,-0.026646417231467587,0.0,0.08,0.29523029787694,0.29523029787694,0
92,19,0.03207031264901161,0.07998586871286228,0.0,0.08065642651258408,97.265625,0.0809377521608344,-0.9139190285757368,0.0,0.08,0.08065642651258408,0.08065642651258408,0
92,13,0.12775203585624695,0.07998586871286228,0.4682411404820297,0.22368480194610812,98.75,0.12472418318631569,0.4682411404820297,0.4682411404820297,0.45459291238562377,0.22368480194610812,0.22368480194610812,0
92,12,0.07122329622507095,0.07998586871286228,0.0,0.08710295753510985,98.828125,0.0901470821930141,-0.11603000352643775,0.0,0.08,0.08710295753510985,0.08710295753510985,0
92,7,0.07115285098552704,0.07998586871286228,0.0,0.1277563923065633,98.94736842105263,0.14822341758080473,-0.11701956865763377,0.0,0.08,0.1277563923065633,0.1277563923065633,0
92,3,0.10200879722833633,0.07998586871286228,0.24320905192870831,0.28243255407296347,96.3157894736842,0.285803402300105,0.24320905192870831,0.24320905192870831,0.2745672415429667,0.28243255407296347,0.28243255407296347,0
92,18,0.06252356618642807,0.07998586871286228,0.0,0.12357472932350946,98.046875,0.14224961331929925,-0.2463063984078504,0.0,0.08,0.12357472932350946,0.12357472932350946,0
92,15,0.10923358052968979,0.07998586871286228,0.3116385185892851,0.2112148773602679,96.09375,0.1606023327126278,0.3116385185892851,0.3116385185892851,0.3293108148714281,0.2112148773602679,0.2112148773602679,0
92,4,0.0677536353468895,0.07998586871286228,0.0,0.24898637228012738,97.9020979020979,0.32140910325732486,-0.16597183883338723,0.0,0.08,0.24898637228012738,0.24898637228012738,0
92,1,0.061730094254016876,0.07998586871286228,0.0,0.3771247531228914,100.0,0.504463933032702,-0.2590783777283205,0.0,0.08,0.3771247531228914,0.3771247531228914,0
92,17,0.08381474018096924,0.07998586871286228,0.04675890547443924,0.09677187488928474,96.875,0.08792819653631331,0.04675890547443924,0.04675890547443924,0.11740712437955139,0.09677187488928474,0.09677187488928474,0
92,14,0.08811422437429428,0.07998586871286228,0.09678398753747276,0.11765487203753322,96.875,0.10060959289791394,0.09678398753747276,0.09678398753747276,0.15742719002997824,0.11765487203753322,0.11765487203753322,0
92,11,0.077475905418396,0.07998586871286228,0.0,0.09522989741645063,97.65625,0.10175699630921521,-0.03188298373807945,0.0,0.08,0.09522989741645063,0.09522989741645063,0
92,16,0.026281358674168587,0.07998586871286228,0.0,0.07999999999999975,99.21875,0.07999999999999965,-1.112989830295776,0.0,0.08,0.07999999999999975,0.07999999999999975,0
92,6,0.061078909784555435,0.07998586871286228,0.0,0.09246440608999573,95.74468085106383,0.09780629441427963,-0.26968330806594826,0.0,0.08,0.09246440608999573,0.09246440608999573,0
92,9,0.022972803562879562,0.07998586871286228,0.0,0.07999999999999975,99.21875,0.07999999999999965,-1.2475386052153945,0.0,0.08,0.07999999999999975,0.07999999999999975,0
92,8,0.010003662668168545,0.07998586871286228,0.0,0.07999999999999975,98.046875,0.07999999999999965,-2.0788978106189107,0.0,0.08,0.07999999999999975,0.07999999999999975,0
92,0,0.13847073912620544,0.07998586871286228,0.5488090026734423,0.24908545550260203,95.43147208121827,0.1333875640871084,0.5488090026734423,0.5488090026734423,0.5190472021387539,0.24908545550260203,0.24908545550260203,0
92,10,0.04880094900727272,0.07998586871286228,0.0,0.10415195136946137,98.71244635193133,0.1145027876706591,-0.4941001385494787,0.0,0.08,0.10415195136946137,0.10415195136946137,0
92,5,0.4788239300251007,0.07998586871286228,0.7,0.639999999996239,86.328125,0.6399999999946272,1.7894828694824196,0.7,0.6399999999999999,0.639999999996239,0.639999999996239,0
93,10,0.09085969626903534,0.07910608920210596,0.1385266482532002,0.130152761539391,98.71244635193133,0.10415195136946137,0.1385266482532002,0.1385266482532002,0.19082131860256019,0.130152761539391,0.130152761539391,0
93,17,0.05135713517665863,0.07910608920210596,0.0,0.0917403124224993,96.875,0.09677187488928474,-0.43198590601630454,0.0,0.08,0.0917403124224993,0.0917403124224993,0
93,15,0.08444394171237946,0.07910608920210596,0.06529804165563796,0.18752194414954065,99.21875,0.2112148773602679,0.06529804165563796,0.06529804165563796,0.13223843332451038,0.18752194414954065,0.18752194414954065,0
93,11,0.0773283988237381,0.07910608920210596,0.0,0.09066092819151544,99.21875,0.09522989741645063,-0.02272857731929588,0.0,0.08,0.09066092819151544,0.09066092819151544,0
93,2,0.12973637878894806,0.07910608920210596,0.49471463389603143,0.3493927206489056,96.72131147540983,0.29523029787694,0.49471463389603143,0.49471463389603143,0.4757717071168252,0.3493927206489056,0.3493927206489056,0
93,8,0.04397599771618843,0.07910608920210596,0.0,0.07999999999999982,98.828125,0.07999999999999975,-0.5871457732645454,0.0,0.08,0.07999999999999982,0.07999999999999982,0
93,18,0.0702766478061676,0.07910608920210596,0.0,0.11050231052645662,97.65625,0.12357472932350946,-0.11835027250297216,0.0,0.08,0.11050231052645662,0.11050231052645662,0
93,0,0.08917325735092163,0.07910608920210596,0.119791322007096,0.22710973613352445,95.43147208121827,0.24908545550260203,0.119791322007096,0.119791322007096,0.1758330576056768,0.22710973613352445,0.22710973613352445,0
93,19,0.03586016595363617,0.07910608920210596,0.0,0.08045949855880885,99.21875,0.08065642651258408,-0.7911626044390185,0.0,0.08,0.08045949855880885,0.08045949855880885,0
93,6,0.07908312976360321,0.07910608920210596,0.0,0.08872508426299702,97.87234042553192,0.09246440608999573,-0.0002902781354038989,0.0,0.08,0.08872508426299702,0.08872508426299702,0
93,4,0.08708307147026062,0.07910608920210596,0.09607264311267949,0.22134789494313223,96.5034965034965,0.24898637228012738,0.09607264311267949,0.09607264311267949,0.15685811449014359,0.22134789494313223,0.22134789494313223,0
93,1,0.1824209839105606,0.07910608920210596,0.7,0.45598732718602397,100.0,0.3771247531228914,0.8355271899242895,0.7,0.6399999999999999,0.45598732718602397,0.45598732718602397,0
93,9,0.05152740702033043,0.07910608920210596,0.0,0.07999999999999982,99.21875,0.07999999999999975,-0.4286759439482966,0.0,0.08,0.07999999999999982,0.07999999999999982,0
93,5,0.4227476716041565,0.07910608920210596,0.7,0.6399999999973672,86.71875,0.639999999996239,1.6759855243947153,0.7,0.6399999999999999,0.6399999999973672,0.6399999999973672,0
93,12,0.05174637585878372,0.07910608920210596,0.0,0.0849720702745769,98.4375,0.08710295753510985,-0.4244353880574664,0.0,0.08,0.0849720702745769,0.0849720702745769,0
93,13,0.1092672124505043,0.07910608920210596,0.32300648483244515,0.2581009177220625,98.125,0.22368480194610812,0.32300648483244515,0.32300648483244515,0.33840518786595614,0.2581009177220625,0.2581009177220625,0
93,16,0.027688760310411453,0.07910608920210596,0.0,0.07999999999999982,99.609375,0.07999999999999975,-1.0497630522478882,0.0,0.08,0.07999999999999982,0.07999999999999982,0
93,7,0.09478620439767838,0.07910608920210596,0.18083400165426622,0.1568296350116182,96.84210526315789,0.1277563923065633,0.18083400165426622,0.18083400165426622,0.224667201323413,0.1568296350116182,0.1568296350116182,0
93,3,0.0813259407877922,0.07910608920210596,0.02767518421626651,0.2283448320629784,94.21052631578948,0.28243255407296347,0.02767518421626651,0.02767518421626651,0.10214014737301322,0.2283448320629784,0.2283448320629784,0
93,14,0.06714092940092087,0.07910608920210596,0.0,0.10635841042627325,98.828125,0.11765487203753322,-0.16399599615957414,0.0,0.08,0.10635841042627325,0.10635841042627325,0
94,19,0.0380726233124733,0.07921593380946515,0.0,0.0803216489911662,97.265625,0.08045949855880885,-0.7326818510056793,0.0,0.08,0.0803216489911662,0.0803216489911662,0
94,12,0.07254980504512787,0.07921593380946515,0.0,0.08348044919220382,97.65625,0.0849720702745769,-0.08790415930223458,0.0,0.08,0.08348044919220382,0.08348044919220382,0
94,1,0.17482368648052216,0.07921593380946515,0.7,0.5111911290302167,97.29729729729729,0.45598732718602397,0.7916004281375988,0.7,0.6399999999999999,0.5111911290302167,0.5111911290302167,0
94,3,0.1042514517903328,0.07921593380946515,0.2746282932645579,0.24975217282757875,98.42105263157895,0.2283448320629784,0.2746282932645579,0.2746282932645579,0.2997026346116463,0.24975217282757875,0.24975217282757875,0
94,6,0.13138554990291595,0.07921593380946515,0.5059586165320932,0.20753762695180028,96.80851063829788,0.08872508426299702,0.5059586165320932,0.5059586165320932,0.48476689322567457,0.20753762695180028,0.20753762695180028,0
94,9,0.031676992774009705,0.07921593380946515,0.0,0.07999999999999988,97.65625,0.07999999999999982,-0.9165866362214514,0.0,0.08,0.07999999999999988,0.07999999999999988,0
94,17,0.0627104789018631,0.07921593380946515,0.0,0.0882182186957495,97.265625,0.0917403124224993,-0.23364886852666444,0.0,0.08,0.0882182186957495,0.0882182186957495,0
94,7,0.0511222779750824,0.07921593380946515,0.0,0.13378074450813274,97.89473684210526,0.1568296350116182,-0.43795702327189157,0.0,0.08,0.13378074450813274,0.13378074450813274,0
94,18,0.07485752552747726,0.07921593380946515,0.0,0.10135161736851964,98.4375,0.11050231052645662,-0.0565908084376241,0.0,0.08,0.10135161736851964,0.10135161736851964,0
94,16,0.010042048059403896,0.07921593380946515,0.0,0.07999999999999988,99.609375,0.07999999999999982,-2.0653955100324364,0.0,0.08,0.07999999999999988,0.07999999999999988,0
94,4,0.12923090159893036,0.07921593380946515,0.48942322730788557,0.2964051010140851,94.4055944055944,0.22134789494313223,0.48942322730788557,0.48942322730788557,0.4715385818463085,0.2964051010140851,0.2964051010140851,0
94,0,0.08603411912918091,0.07921593380946515,0.08256647858288671,0.20279277015335992,96.95431472081218,0.22710973613352445,0.08256647858288671,0.08256647858288671,0.14605318286630936,0.20279277015335992,0.20279277015335992,0
94,2,0.11392970383167267,0.07921593380946515,0.3634041236303916,0.35579189412552786,97.54098360655738,0.3493927206489056,0.3634041236303916,0.3634041236303916,0.3707232989043133,0.35579189412552786,0.35579189412552786,0
94,10,0.028027527034282684,0.07921593380946515,0.0,0.11510693307757369,99.14163090128756,0.130152761539391,-1.038990096885733,0.0,0.08,0.11510693307757369,0.11510693307757369,0
94,5,0.3835258483886719,0.07921593380946515,0.7,0.639999999998157,89.0625,0.6399999999973672,1.5772294565983858,0.7,0.6399999999999999,0.639999999998157,0.639999999998157,0
94,15,0.07059859484434128,0.07921593380946515,0.0,0.15526536090467843,97.65625,0.18752194414954065,-0.11516720639332466,0.0,0.08,0.15526536090467843,0.15526536090467843,0
94,14,0.09208014607429504,0.07921593380946515,0.15048187011235367,0.13456653612535616,97.265625,0.10635841042627325,0.15048187011235367,0.15048187011235367,0.20038549608988293,0.13456653612535616,0.13456653612535616,0
94,13,0.07365889847278595,0.07921593380946515,0.0,0.20467064240544375,96.875,0.2581009177220625,-0.0727324968310797,0.0,0.08,0.20467064240544375,0.20467064240544375,0
94,8,0.07800565659999847,0.07921593380946515,0.0,0.07999999999999988,98.4375,0.07999999999999982,-0.015396116516934575,0.0,0.08,0.07999999999999988,0.07999999999999988,0
94,11,0.04657644033432007,0.07921593380946515,0.0,0.08746264973406082,98.046875,0.09066092819151544,-0.5310825335228866,0.0,0.08,0.08746264973406082,0.08746264973406082,0
95,9,0.031656838953495026,0.07872016162853179,0.0,0.0799999999999999,99.21875,0.07999999999999988,-0.910944911167392,0.0,0.08,0.0799999999999999,0.0799999999999999,0
95,11,0.0860675647854805,0.07872016162853179,0.08923330804840728,0.10663984874546031,98.828125,0.08746264973406082,0.08923330804840728,0.08923330804840728,0.15138664643872582,0.10663984874546031,0.10663984874546031,0
95,2,0.07829355448484421,0.07872016162853179,0.0,0.2730543258878695,95.90163934426229,0.35579189412552786,-0.0054340238504849946,0.0,0.08,0.2730543258878695,0.2730543258878695,0
95,8,0.040065180510282516,0.07872016162853179,0.0,0.0799999999999999,98.4375,0.07999999999999988,-0.6753915427332488,0.0,0.08,0.0799999999999999,0.0799999999999999,0
95,16,0.010374549776315689,0.07872016162853179,0.0,0.0799999999999999,99.609375,0.07999999999999988,-2.026542798964071,0.0,0.08,0.0799999999999999,0.0799999999999999,0
95,15,0.05451544001698494,0.07872016162853179,0.0,0.1326857526332749,98.046875,0.15526536090467843,-0.36741528493745534,0.0,0.08,0.1326857526332749,0.1326857526332749,0
95,3,0.08650724589824677,0.07872016162853179,0.09432886065444238,0.2214654475363713,98.42105263157895,0.24975217282757875,0.09432886065444238,0.09432886065444238,0.1554630885235539,0.2214654475363713,0.2214654475363713,0
95,17,0.06048515811562538,0.07872016162853179,0.0,0.08575275308702465,98.046875,0.0882182186957495,-0.2635012531143779,0.0,0.08,0.08575275308702465,0.08575275308702465,0
95,0,0.09961886703968048,0.07872016162853179,0.23545224216102506,0.22246347722599796,96.44670050761421,0.20279277015335992,0.23545224216102506,0.23545224216102506,0.2683617937288201,0.22246347722599796,0.22246347722599796,0
95,19,0.05236390233039856,0.07872016162853179,0.0,0.08022515429381634,99.609375,0.0803216489911662,-0.4076817748998997,0.0,0.08,0.08022515429381634,0.08022515429381634,0
95,4,0.059268198907375336,0.07872016162853179,0.0,0.23148357070985956,95.8041958041958,0.2964051010140851,-0.28382637684978845,0.0,0.08,0.23148357070985956,0.23148357070985956,0
95,18,0.06089673936367035,0.07872016162853179,0.0,0.09494613215796374,98.828125,0.10135161736851964,-0.25671963631366634,0.0,0.08,0.09494613215796374,0.09494613215796374,0
95,10,0.03543189540505409,0.07872016162853179,0.0,0.10457485315430157,96.13733905579399,0.11510693307757369,-0.7982867361250539,0.0,0.08,0.10457485315430157,0.10457485315430157,0
95,14,0.06854670494794846,0.07872016162853179,0.0,0.1181965752877493,97.265625,0.13456653612535616,-0.1383839501067935,0.0,0.08,0.1181965752877493,0.1181965752877493,0
95,6,0.03730949014425278,0.07872016162853179,0.0,0.16927633886626017,98.93617021276596,0.20753762695180028,-0.7466514432053789,0.0,0.08,0.16927633886626017,0.16927633886626017,0
95,5,0.36710450053215027,0.07872016162853179,0.7,0.6399999999987098,89.0625,0.639999999998157,1.5397471443755895,0.7,0.6399999999999999,0.6399999999987098,0.6399999999987098,0
95,1,0.2211536467075348,0.07872016162853179,0.7,0.5498337903211516,94.5945945945946,0.5111911290302167,1.0329583061606313,0.7,0.6399999999999999,0.5498337903211516,0.5498337903211516,0
95,7,0.10393775254487991,0.07872016162853179,0.27789284995586044,0.18434080514509943,96.84210526315789,0.13378074450813274,0.27789284995586044,0.27789284995586044,0.30231427996468835,0.18434080514509943,0.18434080514509943,0
95,12,0.054416608065366745,0.07872016162853179,0.0,0.08243631443454266,98.4375,0.08348044919220382,-0.36922984662670183,0.0,0.08,0.08243631443454266,0.08243631443454266,0
95,13,0.05717752128839493,0.07872016162853179,0.0,0.1672694496838106,96.25,0.20467064240544375,-0.31973842140972697,0.0,0.08,0.1672694496838106,0.1672694496838106,0
96,11,0.036009401082992554,0.07683581331682865,0.0,0.0986478941218222,98.828125,0.10663984874546031,-0.7578906575736379,0.0,0.08,0.0986478941218222,0.0986478941218222,0
96,12,0.07923875004053116,0.07683581331682865,0.030794592719345655,0.08909612235682282,98.4375,0.08243631443454266,0.030794592719345655,0.030794592719345655,0.10463567417547653,0.08909612235682282,0.08909612235682282,0
96,17,0.0651773065328598,0.07683581331682865,0.0,0.08402692716091725,99.609375,0.08575275308702465,-0.1645594783762149,0.0,0.08,0.08402692716091725,0.08402692716091725,0
96,13,0.05481726676225662,0.07683581331682865,0.0,0.1410886147786674,97.5,0.1672694496838106,-0.33766556718651247,0.0,0.08,0.1410886147786674,0.1410886147786674,0
96,9,0.02481660060584545,0.07683581331682865,0.0,0.07999999999999993,99.21875,0.0799999999999999,-1.130157769377261,0.0,0.08,0.07999999999999993,0.07999999999999993,0
96,0,0.13666652143001556,0.07683581331682865,0.5758729006555048,0.3179339302155197,97.96954314720813,0.22246347722599796,0.5758729006555048,0.5758729006555048,0.5406983205244038,0.3179339302155197,0.3179339302155197,0
96,7,0.012950336560606956,0.07683581331682865,0.0,0.1530385636015696,100.0,0.18434080514509943,-1.7805484316134812,0.0,0.08,0.1530385636015696,0.1530385636015696,0
96,16,0.010429194197058678,0.07683581331682865,0.0,0.07999999999999993,98.4375,0.0799999999999999,-1.9970610141551561,0.0,0.08,0.07999999999999993,0.07999999999999993,0
96,3,0.09609844535589218,0.07683581331682865,0.22370226170952287,0.23271435608574537,95.26315789473684,0.2214654475363713,0.22370226170952287,0.22370226170952287,0.2589618093676183,0.23271435608574537,0.23271435608574537,0
96,8,0.04182816296815872,0.07683581331682865,0.0,0.07999999999999993,98.828125,0.0799999999999999,-0.6081008738857643,0.0,0.08,0.07999999999999993,0.07999999999999993,0
96,2,0.12321969866752625,0.07683581331682865,0.4722980304180335,0.32848955542183667,100.0,0.2730543258878695,0.4722980304180335,0.4722980304180335,0.45783842433442684,0.32848955542183667,0.32848955542183667,0
96,14,0.08530841022729874,0.07683581331682865,0.10460218188649946,0.13184212635418435,97.265625,0.1181965752877493,0.10460218188649946,0.10460218188649946,0.16368174550919956,0.13184212635418435,0.13184212635418435,0
96,19,0.017712974920868874,0.07683581331682865,0.0,0.08015760800567143,98.4375,0.08022515429381634,-1.4673729988707418,0.0,0.08,0.08015760800567143,0.08015760800567143,0
96,10,0.05057431012392044,0.07683581331682865,0.0,0.0972023972080111,97.85407725321889,0.10457485315430157,-0.4182270408022457,0.0,0.08,0.0972023972080111,0.0972023972080111,0
96,1,0.14388957619667053,0.07683581331682865,0.6273752621023654,0.5594537161293738,100.0,0.5498337903211516,0.6273752621023654,0.6273752621023654,0.5819002096818923,0.5594537161293738,0.5594537161293738,0
96,4,0.12441348284482956,0.07683581331682865,0.4819396569684481,0.30170401716932926,96.5034965034965,0.23148357070985956,0.4819396569684481,0.4819396569684481,0.4655517255747585,0.30170401716932926,0.30170401716932926,0
96,18,0.051067110151052475,0.07683581331682865,0.0,0.09046229251057461,99.21875,0.09494613215796374,-0.4085301319962837,0.0,0.08,0.09046229251057461,0.09046229251057461,0
96,15,0.08704829961061478,0.07683581331682865,0.12479226658494476,0.14683017082367916,95.3125,0.1326857526332749,0.12479226658494476,0.12479226658494476,0.17983381326795583,0.14683017082367916,0.14683017082367916,0
96,6,0.056869953870773315,0.07683581331682865,0.0,0.1424934372063821,96.80851063829788,0.16927633886626017,-0.30090365481427184,0.0,0.08,0.1424934372063821,0.1424934372063821,0
96,5,0.2790548503398895,0.07683581331682865,0.7,0.6399999999990968,87.890625,0.6399999999987098,1.2897374136966564,0.7,0.6399999999999999,0.6399999999990968,0.6399999999990968,0
97,18,0.06610286980867386,0.07525459500532744,0.0,0.08732360475740222,97.65625,0.09046229251057461,-0.12966478447859772,0.0,0.08,0.08732360475740222,0.08732360475740222,0
97,11,0.04377491772174835,0.07525459500532744,0.0,0.09305352588527555,98.828125,0.0986478941218222,-0.5418158708009343,0.0,0.08,0.09305352588527555,0.09305352588527555,0
97,1,0.16978444159030914,0.07525459500532744,0.7,0.5836176012905616,91.89189189189189,0.5594537161293738,0.8136526028822211,0.7,0.6399999999999999,0.5836176012905616,0.5836176012905616,0
97,6,0.09676709771156311,0.07525459500532744,0.25143004232984795,0.18408861620363098,97.87234042553192,0.1424934372063821,0.25143004232984795,0.25143004232984795,0.2811440338638784,0.18408861620363098,0.18408861620363098,0
97,4,0.11820793151855469,0.07525459500532744,0.4515681920025893,0.3435691780991519,96.5034965034965,0.30170401716932926,0.4515681920025893,0.4515681920025893,0.4412545536020715,0.3435691780991519,0.3435691780991519,0
97,7,0.0056418017484247684,0.07525459500532744,0.0,0.13112699452109872,95.78947368421052,0.1530385636015696,-2.590671851924441,0.0,0.08,0.13112699452109872,0.13112699452109872,0
97,8,0.12587353587150574,0.07525459500532744,0.5144007009685185,0.2034561682324444,99.21875,0.07999999999999993,0.5144007009685185,0.5144007009685185,0.4915205607748149,0.2034561682324444,0.2034561682324444,0
97,13,0.07541152834892273,0.07525459500532744,0.002083193965878454,0.12326199689687801,98.75,0.1410886147786674,0.002083193965878454,0.002083193965878454,0.08166655517270277,0.12326199689687801,0.12326199689687801,0
97,9,0.02329406328499317,0.07525459500532744,0.0,0.07999999999999995,98.828125,0.07999999999999993,-1.172678135076327,0.0,0.08,0.07999999999999995,0.07999999999999995,0
97,12,0.06773121654987335,0.07525459500532744,0.0,0.08636728564977597,96.09375,0.08909612235682282,-0.10532977537470727,0.0,0.08,0.08636728564977597,0.08636728564977597,0
97,3,0.06961679458618164,0.07525459500532744,0.0,0.18690004926002174,96.3157894736842,0.23271435608574537,-0.07787111443973586,0.0,0.08,0.18690004926002174,0.18690004926002174,0
97,17,0.09278236329555511,0.07525459500532744,0.20937958097421572,0.13306994844645384,97.65625,0.08402692716091725,0.20937958097421572,0.20937958097421572,0.24750366477937258,0.13306994844645384,0.13306994844645384,0
97,2,0.06565383076667786,0.07525459500532744,0.0,0.25394268879528564,95.08196721311475,0.32848955542183667,-0.13648099512182738,0.0,0.08,0.25394268879528564,0.25394268879528564,0
97,14,0.04906067997217178,0.07525459500532744,0.0,0.11628948844792905,98.046875,0.13184212635418435,-0.4278189952655212,0.0,0.08,0.11628948844792905,0.11628948844792905,0
97,5,0.4006502628326416,0.07525459500532744,0.7,0.6399999999993677,87.890625,0.6399999999990968,1.6722118113582005,0.7,0.6399999999999999,0.6399999999993677,0.6399999999993677,0
97,0,0.11419843137264252,0.07525459500532744,0.4170605510625581,0.3466482834058777,98.4771573604061,0.3179339302155197,0.4170605510625581,0.4170605510625581,0.41364844085004654,0.3466482834058777,0.3466482834058777,0
97,16,0.01262306421995163,0.07525459500532744,0.0,0.07999999999999995,99.21875,0.07999999999999993,-1.785350671347734,0.0,0.08,0.07999999999999995,0.07999999999999995,0
97,10,0.05690385401248932,0.07525459500532744,0.0,0.09204167804560776,99.14163090128756,0.0972023972080111,-0.27951385018298636,0.0,0.08,0.09204167804560776,0.09204167804560776,0
97,15,0.09423936158418655,0.07525459500532744,0.2249609537910832,0.18077174848643537,97.65625,0.14683017082367916,0.2249609537910832,0.2249609537910832,0.2599687630328666,0.18077174848643537,0.18077174848643537,0
97,19,0.024454837664961815,0.07525459500532744,0.0,0.08011032560397,98.4375,0.08015760800567143,-1.1240486330667923,0.0,0.08,0.08011032560397,0.08011032560397,0
98,18,0.05208219215273857,0.07459653606159745,0.0,0.08512652333018156,97.65625,0.08732360475740222,-0.35927092565034136,0.0,0.08,0.08512652333018156,0.08512652333018156,0
98,7,0.0489218607544899,0.07459653606159745,0.0,0.11578889616476909,97.89473684210526,0.13112699452109872,-0.4218696555101659,0.0,0.08,0.11578889616476909,0.11578889616476909,0
98,15,0.07757899165153503,0.07459653606159745,0.03920258660162218,0.1599488447248941,96.484375,0.18077174848643537,0.03920258660162218,0.03920258660162218,0.11136206928129774,0.1599488447248941,0.1599488447248941,0
98,8,0.07769100368022919,0.07459653606159745,0.04064538993858234,0.17617421134797082,99.609375,0.2034561682324444,0.04064538993858234,0.04064538993858234,0.11251631195086587,0.17617421134797082,0.17617421134797082,0
98,6,0.047463737428188324,0.07459653606159745,0.0,0.15286203134254167,96.80851063829788,0.18408861620363098,-0.4521279990875954,0.0,0.08,0.15286203134254167,0.15286203134254167,0
98,19,0.03923271968960762,0.07459653606159745,0.0,0.08007722792277899,98.828125,0.08011032560397,-0.6425828672070232,0.0,0.08,0.08007722792277899,0.08007722792277899,0
98,4,0.10890547931194305,0.07459653606159745,0.3783862288779548,0.35531111960011547,98.6013986013986,0.3435691780991519,0.3783862288779548,0.3783862288779548,0.3827089831023639,0.35531111960011547,0.35531111960011547,0
98,3,0.10547812283039093,0.07459653606159745,0.3464094529870449,0.237968303198906,96.84210526315789,0.18690004926002174,0.3464094529870449,0.3464094529870449,0.35712756238963594,0.237968303198906,0.237968303198906,0
98,2,0.04411729425191879,0.07459653606159745,0.0,0.20175988215669993,96.72131147540983,0.25394268879528564,-0.525242114541359,0.0,0.08,0.20175988215669993,0.20175988215669993,0
98,13,0.1119324341416359,0.07459653606159745,0.405801305308188,0.20767571110177974,96.25,0.12326199689687801,0.405801305308188,0.405801305308188,0.4046410442465504,0.20767571110177974,0.20767571110177974,0
98,10,0.07024945318698883,0.07459653606159745,0.0,0.08842917463192543,98.28326180257511,0.09204167804560776,-0.06004153997716169,0.0,0.08,0.08842917463192543,0.08842917463192543,0
98,9,0.060534004122018814,0.07459653606159745,0.0,0.07999999999999996,99.609375,0.07999999999999995,-0.20888878275050632,0.0,0.08,0.07999999999999996,0.07999999999999996,0
98,16,0.018853798508644104,0.07459653606159745,0.0,0.07999999999999996,98.828125,0.07999999999999995,-1.3753792703104757,0.0,0.08,0.07999999999999996,0.07999999999999996,0
98,5,0.38625335693359375,0.07459653606159745,0.7,0.6399999999995574,86.328125,0.6399999999993677,1.644399338458671,0.7,0.6399999999999999,0.6399999999995574,0.6399999999995574,0
98,11,0.0532778762280941,0.07459653606159745,0.0,0.08913746811969289,98.828125,0.09305352588527555,-0.33657285414645755,0.0,0.08,0.08913746811969289,0.08913746811969289,0
98,12,0.04106893017888069,0.07459653606159745,0.0,0.08445709995484318,98.046875,0.08636728564977597,-0.5968420842978328,0.0,0.08,0.08445709995484318,0.08445709995484318,0
98,1,0.15017327666282654,0.07459653606159745,0.6996956650382771,0.6004592805125796,97.29729729729729,0.5836176012905616,0.6996956650382771,0.6996956650382771,0.6397565320306217,0.6004592805125796,0.6004592805125796,0
98,0,0.11770666390657425,0.07459653606159745,0.45610150865289556,0.3761181604608093,96.44670050761421,0.3466482834058777,0.45610150865289556,0.45610150865289556,0.4448812069223165,0.3761181604608093,0.3761181604608093,0
98,14,0.05839527025818825,0.07459653606159745,0.0,0.10540264191355034,97.65625,0.11628948844792905,-0.24485913762397452,0.0,0.08,0.10540264191355034,0.10540264191355034,0
98,17,0.08108007907867432,0.07459653606159745,0.08334321353935825,0.13715133516196368,96.484375,0.13306994844645384,0.08334321353935825,0.08334321353935825,0.1466745708314866,0.13715133516196368,0.13715133516196368,0
99,16,0.029552778229117393,0.07367605532088808,0.0,0.07999999999999996,100.0,0.07999999999999996,-0.9134998925368828,0.0,0.08,0.07999999999999996,0.07999999999999996,0
99,2,0.08171828091144562,0.07367605532088808,0.10359986752084159,0.19009588571469194,96.72131147540983,0.20175988215669993,0.10359986752084159,0.10359986752084159,0.1628798940166733,0.19009588571469194,0.19009588571469194,0
99,17,0.09774795174598694,0.07367605532088808,0.2827143586915944,0.18785738069935723,96.09375,0.13715133516196368,0.2827143586915944,0.2827143586915944,0.3061714869532755,0.18785738069935723,0.18785738069935723,0
99,4,0.1559079885482788,0.07367605532088808,0.7,0.44071778372008075,97.2027972027972,0.35531111960011547,0.749588092128223,0.7,0.6399999999999999,0.44071778372008075,0.44071778372008075,0
99,6,0.03475448861718178,0.07367605532088808,0.0,0.13100342193977915,98.93617021276596,0.15286203134254167,-0.7513689680114575,0.0,0.08,0.13100342193977915,0.13100342193977915,0
99,1,0.2034347504377365,0.07367605532088808,0.7,0.6123214963588056,100.0,0.6004592805125796,1.0156673777009093,0.7,0.6399999999999999,0.6123214963588056,0.6123214963588056,0
99,7,0.03198683261871338,0.07367605532088808,0.0,0.10505222731533836,98.94736842105263,0.11578889616476909,-0.8343533381713105,0.0,0.08,0.10505222731533836,0.10505222731533836,0
99,8,0.042531583458185196,0.07367605532088808,0.0,0.14732194794357956,99.609375,0.17617421134797082,-0.5494308130026426,0.0,0.08,0.14732194794357956,0.14732194794357956,0
99,19,0.020450390875339508,0.07367605532088808,0.0,0.0800540595459453,99.21875,0.08007722792277899,-1.2816755032502538,0.0,0.08,0.0800540595459453,0.0800540595459453,0
99,10,0.0467110201716423,0.07367605532088808,0.0,0.0859004222423478,97.42489270386267,0.08842917463192543,-0.45569765935488155,0.0,0.08,0.0859004222423478,0.0859004222423478,0
99,14,0.048252686858177185,0.07367605532088808,0.0,0.09778184933948522,95.703125,0.10540264191355034,-0.42322626859628326,0.0,0.08,0.09778184933948522,0.09778184933948522,0
99,13,0.05559743195772171,0.07367605532088808,0.0,0.1693729977712458,99.375,0.20767571110177974,-0.2815407960095296,0.0,0.08,0.1693729977712458,0.1693729977712458,0
99,5,0.32995426654815674,0.07367605532088808,0.7,0.6399999999996902,87.109375,0.6399999999995574,1.4992761006930695,0.7,0.6399999999999999,0.6399999999996902,0.6399999999996902,0
99,15,0.08580350130796432,0.07367605532088808,0.15238194173876488,0.17253585732472942,97.65625,0.1599488447248941,0.15238194173876488,0.15238194173876488,0.2019055533910119,0.17253585732472942,0.17253585732472942,0
99,3,0.10337760299444199,0.07367605532088808,0.33871044162208724,0.27186831822853513,97.36842105263158,0.237968303198906,0.33871044162208724,0.33871044162208724,0.35096835329766984,0.27186831822853513,0.27186831822853513,0
99,0,0.10794320702552795,0.07367605532088808,0.3819273323244399,0.3789452720804321,97.96954314720813,0.3761181604608093,0.3819273323244399,0.3819273323244399,0.38554186585955197,0.3789452720804321,0.3789452720804321,0
99,18,0.09107347577810287,0.07367605532088808,0.21198872840515082,0.13446586114836329,97.65625,0.08512652333018156,0.21198872840515082,0.21198872840515082,0.24959098272412067,0.13446586114836329,0.13446586114836329,0
99,12,0.04378076642751694,0.07367605532088808,0.0,0.08311996996839022,98.4375,0.08445709995484318,-0.5204831615618655,0.0,0.08,0.08311996996839022,0.08311996996839022,0
99,11,0.06699932366609573,0.07367605532088808,0.0,0.08639622768378502,98.4375,0.08913746811969289,-0.09499531419366435,0.0,0.08,0.08639622768378502,0.08639622768378502,0
99,9,0.028621532022953033,0.07367605532088808,0.0,0.07999999999999996,98.4375,0.07999999999999996,-0.9455183363674486,0.0,0.08,0.07999999999999996,0.07999999999999996,0
100,10,0.030300993472337723,0.07243828756999016,0.0,0.08413029556964347,98.71244635193133,0.0859004222423478,-0.871554301630638,0.0,0.08,0.08413029556964347,0.08413029556964347,0
100,11,0.023345980793237686,0.07243828756999016,0.0,0.0844773593786495,98.046875,0.08639622768378502,-1.1323098626275627,0.0,0.08,0.0844773593786495,0.0844773593786495,0
100,6,0.069490946829319,0.07243828756999016,0.0,0.1157023953578454,96.80851063829788,0.13100342193977915,-0.0415385049555443,0.0,0.08,0.1157023953578454,0.1157023953578454,0
100,9,0.016053933650255203,0.07243828756999016,0.0,0.07999999999999996,98.4375,0.07999999999999996,-1.5067806018060423,0.0,0.08,0.07999999999999996,0.07999999999999996,0
100,5,0.4918206036090851,0.07243828756999016,0.7,0.6399999999997831,89.0625,0.6399999999996902,1.9153789120250921,0.7,0.6399999999999999,0.6399999999997831,0.6399999999997831,0
100,8,0.02741747349500656,0.07243828756999016,0.0,0.1271253635605057,99.609375,0.14732194794357956,-0.9715542378320071,0.0,0.08,0.1271253635605057,0.1271253635605057,0
100,19,0.04206094890832901,0.07243828756999016,0.0,0.08003784168216171,99.21875,0.0800540595459453,-0.5436151629005517,0.0,0.08,0.08003784168216171,0.08003784168216171,0
100,13,0.07319537550210953,0.07243828756999016,0.010397247895009107,0.14505643793467424,98.75,0.1693729977712458,0.010397247895009107,0.010397247895009107,0.08831779831600729,0.14505643793467424,0.14505643793467424,0
100,0,0.057290226221084595,0.07243828756999016,0.0,0.28926169045630246,98.4771573604061,0.3789452720804321,-0.23460491983291726,0.0,0.08,0.28926169045630246,0.28926169045630246,0
100,7,0.0836353600025177,0.07243828756999016,0.14373138527295246,0.13203209158624543,97.89473684210526,0.10505222731533836,0.14373138527295246,0.14373138527295246,0.19498510821836196,0.13203209158624543,0.13203209158624543,0
100,18,0.11181236803531647,0.07243828756999016,0.43408713897533335,0.2223070161579343,98.4375,0.13446586114836329,0.43408713897533335,0.43408713897533335,0.42726971118026674,0.2223070161579343,0.2223070161579343,0
100,15,0.11281095445156097,0.07243828756999016,0.44297840542834316,0.25108991743011294,99.21875,0.17253585732472942,0.44297840542834316,0.44297840542834316,0.43438272434267455,0.25108991743011294,0.25108991743011294,0
100,16,0.014159267768263817,0.07243828756999016,0.0,0.07999999999999996,99.609375,0.07999999999999996,-1.6323650495978543,0.0,0.08,0.07999999999999996,0.07999999999999996,0
100,2,0.08586453646421432,0.07243828756999016,0.17003588196198444,0.1978757316711606,95.90163934426229,0.19009588571469194,0.17003588196198444,0.17003588196198444,0.21602870556958753,0.1978757316711606,0.1978757316711606,0
100,4,0.10857657343149185,0.07243828756999016,0.404720630575729,0.4296353999422315,93.00699300699301,0.44071778372008075,0.404720630575729,0.404720630575729,0.4037765044605832,0.4296353999422315,0.4296353999422315,0
100,17,0.06347986310720444,0.07243828756999016,0.0,0.15550016648955003,97.65625,0.18785738069935723,-0.13201223478162924,0.0,0.08,0.15550016648955003,0.15550016648955003,0
100,14,0.0821683257818222,0.07243828756999016,0.12603488688651485,0.12269566739040322,95.3125,0.09778184933948522,0.12603488688651485,0.12603488688651485,0.1808279095092119,0.12269566739040322,0.12269566739040322,0
100,3,0.1410066932439804,0.07243828756999016,0.6660722984890822,0.3741651743973543,97.36842105263158,0.27186831822853513,0.6660722984890822,0.6660722984890822,0.6128578387912658,0.3741651743973543,0.3741651743973543,0
100,12,0.03860204666852951,0.07243828756999016,0.0,0.08218397897787315,98.046875,0.08311996996839022,-0.6294295748770157,0.0,0.08,0.08218397897787315,0.08218397897787315,0
100,1,0.2406671643257141,0.07243828756999016,0.7,0.6206250474511639,94.5945945945946,0.6123214963588056,1.2006798281126048,0.7,0.6399999999999999,0.6206250474511639,0.6206250474511639,0
101,2,0.04369499534368515,0.07232877492956256,0.0,0.1625130121698124,95.90163934426229,0.1978757316711606,-0.5039883803625081,0.0,0.08,0.1625130121698124,0.1625130121698124,0
101,10,0.057045239955186844,0.07232877492956256,0.0,0.08289120689875043,97.42489270386267,0.08413029556964347,-0.23737736997892825,0.0,0.08,0.08289120689875043,0.08289120689875043,0
101,15,0.0777088850736618,0.07232877492956256,0.07174754879668103,0.2169823539122825,98.4375,0.25108991743011294,0.07174754879668103,0.07174754879668103,0.13739803903734482,0.2169823539122825,0.2169823539122825,0
101,0,0.12867450714111328,0.07232877492956256,0.5760639112484173,0.36473852201903184,97.96954314720813,0.28926169045630246,0.5760639112484173,0.5760639112484173,0.5408511289987338,0.36473852201903184,0.36473852201903184,0
101,13,0.061136335134506226,0.07232877492956256,0.0,0.12553950655427196,96.875,0.14505643793467424,-0.1681156456921597,0.0,0.08,0.12553950655427196,0.12553950655427196,0
101,16,0.020006485283374786,0.07232877492956256,0.0,0.07999999999999996,99.21875,0.07999999999999996,-1.2851651967388629,0.0,0.08,0.07999999999999996,0.07999999999999996,0
101,8,0.0306638665497303,0.07232877492956256,0.0,0.11298775449235399,98.828125,0.1271253635605057,-0.8581368795693269,0.0,0.08,0.11298775449235399,0.11298775449235399,0
101,11,0.02461385726928711,0.07232877492956256,0.0,0.08313415156505465,98.828125,0.0844773593786495,-1.077912187490059,0.0,0.08,0.08313415156505465,0.08313415156505465,0
101,3,0.13288727402687073,0.07232877492956256,0.6082790986434353,0.43190260575257244,97.36842105263158,0.3741651743973543,0.6082790986434353,0.6082790986434353,0.5666232789147483,0.43190260575257244,0.43190260575257244,0
101,4,0.13345572352409363,0.07232877492956256,0.6125476570278329,0.47175621764624187,97.9020979020979,0.4296353999422315,0.6125476570278329,0.6125476570278329,0.5700381256222663,0.47175621764624187,0.47175621764624187,0
101,18,0.046587105840444565,0.07232877492956256,0.0,0.179614911310554,96.875,0.2223070161579343,-0.4398981629449354,0.0,0.08,0.179614911310554,0.179614911310554,0
101,1,0.09431050717830658,0.07232877492956256,0.26537053061559845,0.5221264605635583,97.29729729729729,0.6206250474511639,0.26537053061559845,0.26537053061559845,0.2922964244924788,0.5221264605635583,0.5221264605635583,0
101,17,0.089044488966465,0.07232877492956256,0.20791405142971575,0.18274948888581682,96.875,0.15550016648955003,0.20791405142971575,0.20791405142971575,0.24633124114377264,0.18274948888581682,0.18274948888581682,0
101,5,0.37760478258132935,0.07232877492956256,0.7,0.6399999999998481,90.234375,0.6399999999997831,1.652625944671178,0.7,0.6399999999999999,0.6399999999998481,0.6399999999998481,0
101,12,0.07786127924919128,0.07232877492956256,0.07370671886436388,0.09921839781195853,99.21875,0.08218397897787315,0.07370671886436388,0.07370671886436388,0.1389653750914911,0.09921839781195853,0.09921839781195853,0
101,9,0.07679510116577148,0.07232877492956256,0.05991879969464352,0.09438051192671441,99.609375,0.07999999999999996,0.05991879969464352,0.05991879969464352,0.12793503975571482,0.09438051192671441,0.09438051192671441,0
101,6,0.07775051146745682,0.07232877492956256,0.07228307627666278,0.12233961505689084,100.0,0.1157023953578454,0.07228307627666278,0.07228307627666278,0.13782646102133023,0.12233961505689084,0.12233961505689084,0
101,14,0.0668901726603508,0.07232877492956256,0.0,0.10988696717328225,99.21875,0.12269566739040322,-0.07816997185331229,0.0,0.08,0.10988696717328225,0.10988696717328225,0
101,7,0.08336948603391647,0.07232877492956256,0.14206030573389397,0.15051693748650635,97.89473684210526,0.13203209158624543,0.14206030573389397,0.14206030573389397,0.1936482445871152,0.15051693748650635,0.15051693748650635,0
101,19,0.027240904048085213,0.07232877492956256,0.0,0.0800264891775132,98.4375,0.08003784168216171,-0.9765021456558893,0.0,0.08,0.0800264891775132,0.0800264891775132,0
102,0,0.10411694645881653,0.07282109674857797,0.3575090075614773,0.3651191272280768,98.4771573604061,0.36473852201903184,0.3575090075614773,0.3575090075614773,0.36600720604918185,0.3651191272280768,0.3651191272280768,0
102,14,0.0629916861653328,0.07282109674857797,0.0,0.10092087702129757,98.046875,0.10988696717328225,-0.14500293024200017,0.0,0.08,0.10092087702129757,0.10092087702129757,0
102,5,0.3592926263809204,0.07282109674857797,0.7,0.6399999999998937,88.671875,0.6399999999998481,1.596131358515137,0.7,0.6399999999999999,0.6399999999998937,0.6399999999998937,0
102,6,0.07265196740627289,0.07282109674857797,0.0,0.10963773053982359,97.87234042553192,0.12233961505689084,-0.002325233145229809,0.0,0.08,0.10963773053982359,0.10963773053982359,0
102,18,0.07707075029611588,0.07282109674857797,0.056718123701824774,0.1633427876058257,98.4375,0.179614911310554,0.056718123701824774,0.056718123701824774,0.12537449896145983,0.1633427876058257,0.1633427876058257,0
102,8,0.041718218475580215,0.07282109674857797,0.0,0.10309142814464778,98.828125,0.11298775449235399,-0.5570676740501498,0.0,0.08,0.10309142814464778,0.10309142814464778,0
102,2,0.0734967589378357,0.07282109674857797,0.009235604176313607,0.13997565352118393,95.90163934426229,0.1625130121698124,0.009235604176313607,0.009235604176313607,0.08738848334105088,0.13997565352118393,0.13997565352118393,0
102,11,0.08129401504993439,0.07282109674857797,0.11006668018555603,0.1086099093400717,98.046875,0.08313415156505465,0.11006668018555603,0.11006668018555603,0.16805334414844483,0.1086099093400717,0.1086099093400717,0
102,10,0.04038611426949501,0.07282109674857797,0.0,0.0820238448291253,96.99570815450643,0.08289120689875043,-0.5895195737509619,0.0,0.08,0.0820238448291253,0.0820238448291253,0
102,1,0.13594849407672882,0.07282109674857797,0.6242703264899655,0.5393134007520825,97.29729729729729,0.5221264605635583,0.6242703264899655,0.6242703264899655,0.5794162611919724,0.5393134007520825,0.5393134007520825,0
102,17,0.06098906695842743,0.07282109674857797,0.0,0.15192464222007176,95.703125,0.18274948888581682,-0.17731105916301337,0.0,0.08,0.15192464222007176,0.15192464222007176,0
102,3,0.08544556796550751,0.07282109674857797,0.15987381721095975,0.36470154015743106,96.3157894736842,0.43190260575257244,0.15987381721095975,0.15987381721095975,0.20789905376876783,0.36470154015743106,0.36470154015743106,0
102,12,0.028903428465127945,0.07282109674857797,0.0,0.09345287846837097,98.4375,0.09921839781195853,-0.9240452749735898,0.0,0.08,0.09345287846837097,0.09345287846837097,0
102,19,0.04102631285786629,0.07282109674857797,0.0,0.08001854242425924,98.046875,0.0800264891775132,-0.5737919594261487,0.0,0.08,0.08001854242425924,0.08001854242425924,0
102,16,0.03216520696878433,0.07282109674857797,0.0,0.07999999999999996,99.21875,0.07999999999999996,-0.8171201907134857,0.0,0.08,0.07999999999999996,0.07999999999999996,0
102,7,0.07719609886407852,0.07282109674857797,0.05834321139863498,0.14336422697622683,100.0,0.15051693748650635,0.05834321139863498,0.05834321139863498,0.12667456911890798,0.14336422697622683,0.14336422697622683,0
102,4,0.08197054266929626,0.07282109674857797,0.11835422793162424,0.3826343670559591,93.00699300699301,0.47175621764624187,0.11835422793162424,0.11835422793162424,0.1746833823452994,0.3826343670559591,0.3826343670559591,0
102,15,0.11264997720718384,0.07282109674857797,0.43627971226898166,0.2805947786831533,98.4375,0.2169823539122825,0.43627971226898166,0.43627971226898166,0.42902376981518536,0.2805947786831533,0.2805947786831533,0
102,9,0.02617296576499939,0.07282109674857797,0.0,0.09006635834870008,98.828125,0.09438051192671441,-1.0232784219511502,0.0,0.08,0.09006635834870008,0.09006635834870008,0
102,13,0.03787050023674965,0.07282109674857797,0.0,0.11187765458799037,96.875,0.12553950655427196,-0.6538331258478082,0.0,0.08,0.11187765458799037,0.11187765458799037,0
103,12,0.06467384845018387,0.0728464233909256,0.0,0.08941701492785967,98.046875,0.09345287846837097,-0.11899649582633805,0.0,0.08,0.08941701492785967,0.08941701492785967,0
103,14,0.0722467452287674,0.0728464233909256,0.0,0.0946446139149083,98.4375,0.10092087702129757,-0.008266157529442566,0.0,0.08,0.0946446139149083,0.0946446139149083,0
103,15,0.09837333858013153,0.0728464233909256,0.30041634642443094,0.2925162682200707,97.65625,0.2805947786831533,0.30041634642443094,0.30041634642443094,0.3203330771395448,0.2925162682200707,0.2925162682200707,0
103,17,0.0679318904876709,0.0728464233909256,0.0,0.13034724955405022,99.21875,0.15192464222007176,-0.06984783322504191,0.0,0.08,0.13034724955405022,0.13034724955405022,0
103,19,0.033341486006975174,0.0728464233909256,0.0,0.08001297969698146,100.0,0.08001854242425924,-0.7815508256340337,0.0,0.08,0.08001297969698146,0.08001297969698146,0
103,11,0.06938322633504868,0.0728464233909256,0.0,0.10002693653805017,98.828125,0.1086099093400717,-0.04870828621865259,0.0,0.08,0.10002693653805017,0.10002693653805017,0
103,13,0.0683603286743164,0.0728464233909256,0.0,0.10231435821159326,97.5,0.11187765458799037,-0.06356076067375616,0.0,0.08,0.10231435821159326,0.10231435821159326,0
103,2,0.1626455932855606,0.0728464233909256,0.7,0.2899829574648287,96.72131147540983,0.13997565352118393,0.803220047617134,0.7,0.6399999999999999,0.2899829574648287,0.2899829574648287,0
103,9,0.03578900173306465,0.0728464233909256,0.0,0.08704645084409005,98.046875,0.09006635834870008,-0.7107126617230838,0.0,0.08,0.08704645084409005,0.08704645084409005,0
103,5,0.38265180587768555,0.0728464233909256,0.7,0.6399999999999255,87.109375,0.6399999999998937,1.658771905591313,0.7,0.6399999999999999,0.6399999999999255,0.6399999999999255,0
103,8,0.030568748712539673,0.0728464233909256,0.0,0.09616399970125344,99.21875,0.10309142814464778,-0.8683750428649288,0.0,0.08,0.09616399970125344,0.09616399970125344,0
103,1,0.1720006763935089,0.0728464233909256,0.7,0.5695193805264577,97.29729729729729,0.5393134007520825,0.8591448942804198,0.7,0.6399999999999999,0.5695193805264577,0.5695193805264577,0
103,10,0.01030686590820551,0.0728464233909256,0.0,0.0814166913803877,99.14163090128756,0.0820238448291253,-1.955542336767636,0.0,0.08,0.0814166913803877,0.0814166913803877,0
103,3,0.0588972344994545,0.0728464233909256,0.0,0.27929107811020176,99.47368421052632,0.36470154015743106,-0.21255926631358357,0.0,0.08,0.27929107811020176,0.27929107811020176,0
103,16,0.011638459749519825,0.0728464233909256,0.0,0.07999999999999996,100.0,0.07999999999999996,-1.8340376043418554,0.0,0.08,0.07999999999999996,0.07999999999999996,0
103,18,0.09919293969869614,0.0728464233909256,0.3087133669943917,0.212431159402732,97.65625,0.1633427876058257,0.3087133669943917,0.3087133669943917,0.3269706935955134,0.212431159402732,0.212431159402732,0
103,0,0.08303315192461014,0.0728464233909256,0.13088649607659905,0.31099614811803755,97.46192893401015,0.3651191272280768,0.13088649607659905,0.13088649607659905,0.18470919686127923,0.31099614811803755,0.31099614811803755,0
103,7,0.0886877179145813,0.0728464233909256,0.19676795159333496,0.17157926726575917,97.89473684210526,0.14336422697622683,0.19676795159333496,0.19676795159333496,0.23741436127466797,0.17157926726575917,0.17157926726575917,0
103,6,0.04182739183306694,0.0728464233909256,0.0,0.10074641137787652,95.74468085106383,0.10963773053982359,-0.5548019021852562,0.0,0.08,0.10074641137787652,0.10074641137787652,0
103,4,0.1544458121061325,0.0728464233909256,0.7,0.4598440569391713,95.8041958041958,0.3826343670559591,0.7514897956753773,0.7,0.6399999999999999,0.4598440569391713,0.4598440569391713,0
104,13,0.04209050536155701,0.0724489588023013,0.0,0.09562005074811528,96.25,0.10231435821159326,-0.5430600084497941,0.0,0.08,0.09562005074811528,0.09562005074811528,0
104,0,0.06113465875387192,0.0724489588023013,0.0,0.24169730368262626,96.95431472081218,0.31099614811803755,-0.1698033201245017,0.0,0.08,0.24169730368262626,0.24169730368262626,0
104,3,0.06844590604305267,0.0724489588023013,0.0,0.21950375467714123,97.36842105263158,0.27929107811020176,-0.0568385488376603,0.0,0.08,0.21950375467714123,0.21950375467714123,0
104,9,0.0776626467704773,0.0724489588023013,0.06949209856722734,0.10161061924699759,98.828125,0.08704645084409005,0.06949209856722734,0.06949209856722734,0.13559367885378187,0.10161061924699759,0.10161061924699759,0
104,19,0.03690522164106369,0.0724489588023013,0.0,0.08000908578788701,98.828125,0.08001297969698146,-0.6745291155454223,0.0,0.08,0.08000908578788701,0.08000908578788701,0
104,12,0.07064252346754074,0.0724489588023013,0.0,0.08659191044950176,97.265625,0.08941701492785967,-0.025250015290717756,0.0,0.08,0.08659191044950176,0.08659191044950176,0
104,1,0.055518679320812225,0.0724489588023013,0.0,0.42266356636852037,100.0,0.5695193805264577,-0.2661627268470238,0.0,0.08,0.42266356636852037,0.42266356636852037,0
104,8,0.08995366096496582,0.0724489588023013,0.21641233530344092,0.14325376026370323,100.0,0.09616399970125344,0.21641233530344092,0.21641233530344092,0.25312986824275274,0.14325376026370323,0.14325376026370323,0
104,14,0.06258764117956161,0.0724489588023013,0.0,0.09025122974043581,98.828125,0.0946446139149083,-0.14631444228839785,0.0,0.08,0.09025122974043581,0.09025122974043581,0
104,18,0.07761161774396896,0.0724489588023013,0.06883482259258657,0.1892221690041332,97.265625,0.212431159402732,0.06883482259258657,0.06883482259258657,0.13506785807406926,0.1892221690041332,0.1892221690041332,0
104,16,0.02250399999320507,0.0724489588023013,0.0,0.07999999999999996,98.828125,0.07999999999999996,-1.1691889201818815,0.0,0.08,0.07999999999999996,0.07999999999999996,0
104,11,0.030256373807787895,0.0724489588023013,0.0,0.09401885557663511,98.4375,0.10002693653805017,-0.8731752382525428,0.0,0.08,0.09401885557663511,0.09401885557663511,0
104,7,0.08197708427906036,0.0724489588023013,0.12355743474902893,0.17375927142579836,97.89473684210526,0.17157926726575917,0.12355743474902893,0.12355743474902893,0.17884594779922314,0.17375927142579836,0.17375927142579836,0
104,17,0.05945910885930061,0.0724489588023013,0.0,0.11524307468783515,96.484375,0.13034724955405022,-0.1975934370224643,0.0,0.08,0.11524307468783515,0.11524307468783515,0
104,4,0.041468869894742966,0.0724489588023013,0.0,0.3458908398574199,96.5034965034965,0.4598440569391713,-0.557939171552761,0.0,0.08,0.3458908398574199,0.3458908398574199,0
104,6,0.03461037576198578,0.0724489588023013,0.0,0.09452248796451357,97.87234042553192,0.10074641137787652,-0.7387286318787425,0.0,0.08,0.09452248796451357,0.09452248796451357,0
104,2,0.126039057970047,0.0724489588023013,0.5537094867133008,0.3598783470365723,99.18032786885246,0.2899829574648287,0.5537094867133008,0.5537094867133008,0.5229675893706406,0.3598783470365723,0.3598783470365723,0
104,5,0.3818068504333496,0.0724489588023013,0.7,0.6399999999999478,90.234375,0.6399999999999255,1.6620324443546513,0.7,0.6399999999999999,0.6399999999999478,0.6399999999999478,0
104,10,0.04529457911849022,0.0724489588023013,0.0,0.08099168396627139,98.71244635193133,0.0814166913803877,-0.46969485558597834,0.0,0.08,0.08099168396627139,0.08099168396627139,0
104,15,0.058081287890672684,0.0724489588023013,0.0,0.22876138775404947,96.484375,0.2925162682200707,-0.2210387185634915,0.0,0.08,0.22876138775404947,0.22876138775404947,0
105,12,0.05774843692779541,0.0712337513027298,0.0,0.08461433731465123,98.046875,0.08659191044950176,-0.20987042561725194,0.0,0.08,0.08461433731465123,0.08461433731465123,0
105,0,0.09134503453969955,0.0712337513027298,0.24867715275473037,0.25287062923897363,97.96954314720813,0.24169730368262626,0.24867715275473037,0.24867715275473037,0.2789417222037843,0.25287062923897363,0.25287062923897363,0
105,9,0.028495095670223236,0.0712337513027298,0.0,0.09512743347289832,98.828125,0.10161061924699759,-0.9162345399745329,0.0,0.08,0.09512743347289832,0.09512743347289832,0
105,2,0.08920028805732727,0.0712337513027298,0.224917499397895,0.3298950427810954,99.18032786885246,0.3598783470365723,0.224917499397895,0.224917499397895,0.25993399951831603,0.3298950427810954,0.3298950427810954,0
105,14,0.07158754765987396,0.0712337513027298,0.0049544015334257166,0.08836491718632723,98.046875,0.09025122974043581,0.0049544015334257166,0.0049544015334257166,0.08396352122674057,0.08836491718632723,0.08836491718632723,0
105,16,0.015564879402518272,0.0712337513027298,0.0,0.07999999999999996,99.21875,0.07999999999999996,-1.5209491832880593,0.0,0.08,0.07999999999999996,0.07999999999999996,0
105,7,0.05997230485081673,0.0712337513027298,0.0,0.14563148999805883,97.89473684210526,0.17375927142579836,-0.17208384504987254,0.0,0.08,0.14563148999805883,0.14563148999805883,0
105,18,0.06644662469625473,0.0712337513027298,0.0,0.15645551830289323,98.046875,0.1892221690041332,-0.06956774190521277,0.0,0.08,0.15645551830289323,0.15645551830289323,0
105,15,0.08311748504638672,0.0712337513027298,0.15428832811147464,0.22116217017458853,95.703125,0.22876138775404947,0.15428832811147464,0.15428832811147464,0.20343066248917974,0.22116217017458853,0.22116217017458853,0
105,3,0.10068118572235107,0.0712337513027298,0.3459921650278056,0.2606907478806722,97.36842105263158,0.21950375467714123,0.3459921650278056,0.3459921650278056,0.3567937320222445,0.2606907478806722,0.2606907478806722,0
105,8,0.05308562144637108,0.0712337513027298,0.0,0.12427763218459226,98.828125,0.14325376026370323,-0.29406058423197445,0.0,0.08,0.12427763218459226,0.12427763218459226,0
105,13,0.03207097947597504,0.0712337513027298,0.0,0.09093403552368068,98.125,0.09562005074811528,-0.7980150147713432,0.0,0.08,0.09093403552368068,0.09093403552368068,0
105,11,0.0390799380838871,0.0712337513027298,0.0,0.08981319890364459,98.4375,0.09401885557663511,-0.600357382915985,0.0,0.08,0.08981319890364459,0.08981319890364459,0
105,17,0.09757409989833832,0.0712337513027298,0.31464530916201583,0.18018502648036838,98.828125,0.11524307468783515,0.31464530916201583,0.31464530916201583,0.3317162473296127,0.18018502648036838,0.18018502648036838,0
105,5,0.3256092667579651,0.0712337513027298,0.7,0.6399999999999634,91.40625,0.6399999999999478,1.5197312433615648,0.7,0.6399999999999999,0.6399999999999634,0.6399999999999634,0
105,10,0.029466215521097183,0.0712337513027298,0.0,0.08069417877638997,98.71244635193133,0.08099168396627139,-0.8827221717724112,0.0,0.08,0.08069417877638997,0.08069417877638997,0
105,6,0.07186515629291534,0.0712337513027298,0.008824791330678412,0.09228369149452231,97.87234042553192,0.09452248796451357,0.008824791330678412,0.008824791330678412,0.08705983306454274,0.09228369149452231,0.09228369149452231,0
105,4,0.08725235611200333,0.0712337513027298,0.20283779784470193,0.3148046593829224,98.6013986013986,0.3458908398574199,0.20283779784470193,0.20283779784470193,0.24227023827576155,0.3148046593829224,0.3148046593829224,0
105,19,0.06996040046215057,0.0712337513027298,0.0,0.0800063600515209,98.828125,0.08000908578788701,-0.01803736440151805,0.0,0.08,0.0800063600515209,0.0800063600515209,0
105,1,0.1189187690615654,0.0712337513027298,0.512473849555893,0.44285822035137856,94.5945945945946,0.42266356636852037,0.512473849555893,0.512473849555893,0.4899790796447145,0.44285822035137856,0.44285822035137856,0
106,0,0.06625020503997803,0.07118777357855804,0.0,0.20100944046728153,95.93908629441624,0.25287062923897363,-0.07188251399621665,0.0,0.08,0.20100944046728153,0.20100944046728153,0
106,19,0.036730919033288956,0.07118777357855804,0.0,0.08000445203606463,99.609375,0.0800063600515209,-0.6617020716494407,0.0,0.08,0.08000445203606463,0.08000445203606463,0
106,12,0.07742925733327866,0.07118777357855804,0.08404361529937349,0.1034005037921055,95.703125,0.08461433731465123,0.08404361529937349,0.08404361529937349,0.1472348922394988,0.1034005037921055,0.1034005037921055,0
106,10,0.04607367515563965,0.07118777357855804,0.0,0.08048592514347297,98.28326180257511,0.08069417877638997,-0.4350792586403033,0.0,0.08,0.08048592514347297,0.08048592514347297,0
106,18,0.08880122750997543,0.07118777357855804,0.22107936108042592,0.18657790947132746,98.828125,0.15645551830289323,0.22107936108042592,0.22107936108042592,0.25686348886434074,0.18657790947132746,0.18657790947132746,0
106,3,0.08061138540506363,0.07118777357855804,0.12431879697213971,0.23632003478978408,97.89473684210526,0.2606907478806722,0.12431879697213971,0.12431879697213971,0.17945503757771178,0.23632003478978408,0.23632003478978408,0
106,4,0.07268228381872177,0.07118777357855804,0.020776578807970073,0.24934964048195848,98.6013986013986,0.3148046593829224,0.020776578807970073,0.020776578807970073,0.09662126304637605,0.24934964048195848,0.24934964048195848,0
106,15,0.09536534547805786,0.07118777357855804,0.2923941376303452,0.2489881121534948,97.65625,0.22116217017458853,0.2923941376303452,0.2923941376303452,0.3139153101042762,0.2489881121534948,0.2489881121534948,0
106,2,0.07750816643238068,0.07118777357855804,0.08506220840387728,0.2753414599636973,95.90163934426229,0.3298950427810954,0.08506220840387728,0.08506220840387728,0.14804976672310183,0.2753414599636973,0.2753414599636973,0
106,11,0.05230104178190231,0.07118777357855804,0.0,0.08686923923255122,97.65625,0.08981319890364459,-0.3083047433224528,0.0,0.08,0.08686923923255122,0.08686923923255122,0
106,17,0.15507009625434875,0.07118777357855804,0.7,0.3181295185362578,96.484375,0.18018502648036838,0.778556088334563,0.7,0.6399999999999999,0.3181295185362578,0.3181295185362578,0
106,1,0.20263655483722687,0.07118777357855804,0.7,0.5020007542459649,100.0,0.44285822035137856,1.0460928287591438,0.7,0.6399999999999999,0.5020007542459649,0.5020007542459649,0
106,6,0.0988834947347641,0.07118777357855804,0.3286212126615749,0.1674676750849436,96.80851063829788,0.09228369149452231,0.3286212126615749,0.3286212126615749,0.34289697012925996,0.1674676750849436,0.1674676750849436,0
106,8,0.048932626843452454,0.07118777357855804,0.0,0.11099434252921458,99.21875,0.12427763218459226,-0.37487663077716415,0.0,0.08,0.11099434252921458,0.11099434252921458,0
106,13,0.0738314837217331,0.07118777357855804,0.03646416003020272,0.09640522327382513,96.25,0.09093403552368068,0.03646416003020272,0.03646416003020272,0.10917132802416218,0.09640522327382513,0.09640522327382513,0
106,14,0.07752392441034317,0.07118777357855804,0.08526549503825387,0.10631916083960999,97.265625,0.08836491718632723,0.08526549503825387,0.08526549503825387,0.1482123960306031,0.10631916083960999,0.10631916083960999,0
106,9,0.026548083871603012,0.07118777357855804,0.0,0.0905892034310288,99.609375,0.09512743347289832,-0.9863632735463571,0.0,0.08,0.0905892034310288,0.0905892034310288,0
106,5,0.276473730802536,0.07118777357855804,0.7,0.6399999999999743,90.234375,0.6399999999999634,1.3567946217359699,0.7,0.6399999999999999,0.6399999999999743,0.6399999999999743,0
106,7,0.05836810916662216,0.07118777357855804,0.0,0.12594204299864117,100.0,0.14563148999805883,-0.1985513886508984,0.0,0.08,0.12594204299864117,0.12594204299864117,0
106,16,0.013308043591678143,0.07118777357855804,0.0,0.07999999999999996,99.21875,0.07999999999999996,-1.6769518395684069,0.0,0.08,0.07999999999999996,0.07999999999999996,0
107,16,0.006011567078530788,0.07163203327345283,0.0,0.07999999999999996,99.21875,0.07999999999999996,-2.477855382409048,0.0,0.08,0.07999999999999996,0.07999999999999996,0
107,13,0.09399046003818512,0.07163203327345283,0.2716508889516771,0.15667986964008007,96.875,0.09640522327382513,0.2716508889516771,0.2716508889516771,0.2973207111613417,0.15667986964008007,0.15667986964008007,0
107,4,0.12210492789745331,0.07163203327345283,0.5333383161132432,0.3265459442045493,96.5034965034965,0.24934964048195848,0.5333383161132432,0.5333383161132432,0.5066706528905945,0.3265459442045493,0.3265459442045493,0
107,9,0.018547674641013145,0.07163203327345283,0.0,0.08741244240172016,99.21875,0.0905892034310288,-1.3511975415391948,0.0,0.08,0.08741244240172016,0.08741244240172016,0
107,8,0.037961412221193314,0.07163203327345283,0.0,0.10169603977045019,98.828125,0.11099434252921458,-0.634972066254654,0.0,0.08,0.10169603977045019,0.10169603977045019,0
107,15,0.08566451817750931,0.07163203327345283,0.17889632740081213,0.24122679708364128,97.65625,0.2489881121534948,0.17889632740081213,0.17889632740081213,0.22311706192064973,0.24122679708364128,0.24122679708364128,0
107,1,0.2918700873851776,0.07163203327345283,0.7,0.5434005279721754,91.89189189189189,0.5020007542459649,1.4047663257085519,0.7,0.6399999999999999,0.5434005279721754,0.5434005279721754,0
107,18,0.061925146728754044,0.07163203327345283,0.0,0.1546045366299292,97.65625,0.18657790947132746,-0.1456159992892907,0.0,0.08,0.1546045366299292,0.1546045366299292,0
107,14,0.0703924223780632,0.07163203327345283,0.0,0.098423412587727,96.09375,0.10631916083960999,-0.017456742850016867,0.0,0.08,0.098423412587727,0.098423412587727,0
107,7,0.05904824286699295,0.07163203327345283,0.0,0.11215943009904883,96.84210526315789,0.12594204299864117,-0.19318755075043362,0.0,0.08,0.11215943009904883,0.11215943009904883,0
107,19,0.035797059535980225,0.07163203327345283,0.0,0.08000311642524524,98.4375,0.08000445203606463,-0.6936764720869074,0.0,0.08,0.08000311642524524,0.08000311642524524,0
107,3,0.12752778828144073,0.07163203327345283,0.5767918609648464,0.327854070984412,96.84210526315789,0.23632003478978408,0.5767918609648464,0.5767918609648464,0.5414334887718771,0.327854070984412,0.327854070984412,0
107,0,0.07113374769687653,0.07163203327345283,0.0,0.16470660832709705,99.49238578680203,0.20100944046728153,-0.006980489676489519,0.0,0.08,0.16470660832709705,0.16470660832709705,0
107,17,0.1357497274875641,0.07163203327345283,0.639270519412641,0.4001155876344143,98.046875,0.3181295185362578,0.639270519412641,0.639270519412641,0.5914164155301128,0.4001155876344143,0.4001155876344143,0
107,5,0.34951266646385193,0.07163203327345283,0.7,0.6399999999999819,91.015625,0.6399999999999743,1.5849973256926846,0.7,0.6399999999999999,0.6399999999999819,0.6399999999999819,0
107,11,0.05249837785959244,0.07163203327345283,0.0,0.08480846746278585,99.609375,0.08686923923255122,-0.3107600439165071,0.0,0.08,0.08480846746278585,0.08480846746278585,0
107,6,0.047504972666502,0.07163203327345283,0.0,0.1412273725594605,96.80851063829788,0.1674676750849436,-0.4107079018249606,0.0,0.08,0.1412273725594605,0.1412273725594605,0
107,12,0.031023778021335602,0.07163203327345283,0.0,0.09638035265447384,96.484375,0.1034005037921055,-0.8367882398608903,0.0,0.08,0.09638035265447384,0.09638035265447384,0
107,10,0.027325162664055824,0.07163203327345283,0.0,0.08034014760043107,98.28326180257511,0.08048592514347297,-0.9637341526594823,0.0,0.08,0.08034014760043107,0.08034014760043107,0
107,2,0.11053750663995743,0.07163203327345283,0.4338124748323374,0.32085401593434903,100.0,0.2753414599636973,0.4338124748323374,0.4338124748323374,0.42704997986586996,0.32085401593434903,0.32085401593434903,0
108,9,0.06568948179483414,0.0710847084014484,0.0,0.08518870968120411,99.609375,0.08741244240172016,-0.07893341218712054,0.0,0.08,0.08518870968120411,0.08518870968120411,0
108,12,0.05550793185830116,0.0710847084014484,0.0,0.09146624685813168,97.65625,0.09638035265447384,-0.24734627558457212,0.0,0.08,0.09146624685813168,0.09146624685813168,0
108,0,0.057737912982702255,0.0710847084014484,0.0,0.13929462582896793,96.44670050761421,0.16470660832709705,-0.20795818095420202,0.0,0.08,0.13929462582896793,0.13929462582896793,0
108,19,0.07489301264286041,0.0710847084014484,0.05218834790228175,0.09252738499421928,99.21875,0.08000311642524524,0.05218834790228175,0.05218834790228175,0.1217506783218254,0.09252738499421928,0.09252738499421928,0
108,6,0.06319989264011383,0.0710847084014484,0.0,0.12285916079162235,98.93617021276596,0.1412273725594605,-0.1175696219984966,0.0,0.08,0.12285916079162235,0.12285916079162235,0
108,16,0.013950894586741924,0.0710847084014484,0.0,0.07999999999999996,100.0,0.07999999999999996,-1.6283280315528241,0.0,0.08,0.07999999999999996,0.07999999999999996,0
108,10,0.032650627195835114,0.0710847084014484,0.0,0.08023810332030173,98.28326180257511,0.08034014760043107,-0.7780080111615165,0.0,0.08,0.08023810332030173,0.08023810332030173,0
108,8,0.023778069764375687,0.0710847084014484,0.0,0.09518722783931513,98.4375,0.10169603977045019,-1.0951082446696705,0.0,0.08,0.09518722783931513,0.09518722783931513,0
108,7,0.03911462053656578,0.0710847084014484,0.0,0.10251160106933419,100.0,0.11215943009904883,-0.5973758031222307,0.0,0.08,0.10251160106933419,0.10251160106933419,0
108,2,0.039378371089696884,0.0710847084014484,0.0,0.2485978111540443,98.36065573770492,0.32085401593434903,-0.5906554202416406,0.0,0.08,0.2485978111540443,0.2485978111540443,0
108,14,0.08743253350257874,0.0710847084014484,0.2069951819984448,0.14257523249103565,98.4375,0.098423412587727,0.2069951819984448,0.2069951819984448,0.24559614559875587,0.14257523249103565,0.14257523249103565,0
108,17,0.04638362675905228,0.0710847084014484,0.0,0.30408091134409,96.09375,0.4001155876344143,-0.4269256416660619,0.0,0.08,0.30408091134409,0.30408091134409,0
108,13,0.024049121886491776,0.0710847084014484,0.0,0.13367590874805604,97.5,0.15667986964008007,-1.083773482941075,0.0,0.08,0.13367590874805604,0.13367590874805604,0
108,4,0.10241388529539108,0.0710847084014484,0.3651500169979647,0.34021816502269603,97.9020979020979,0.3265459442045493,0.3651500169979647,0.3651500169979647,0.37212001359837177,0.34021816502269603,0.34021816502269603,0
108,1,0.04937734827399254,0.0710847084014484,0.0,0.4043803695805228,97.29729729729729,0.5434005279721754,-0.36438039805365885,0.0,0.08,0.4043803695805228,0.4043803695805228,0
108,11,0.06865937262773514,0.0710847084014484,0.0,0.08336592722395009,98.4375,0.08480846746278585,-0.03471458638768337,0.0,0.08,0.08336592722395009,0.08336592722395009,0
108,5,0.3183441460132599,0.0710847084014484,0.7,0.6399999999999872,88.28125,0.6399999999999819,1.499260666536523,0.7,0.6399999999999999,0.6399999999999872,0.6399999999999872,0
108,3,0.05403166264295578,0.0710847084014484,0.0,0.2534978496890884,95.78947368421052,0.327854070984412,-0.27430197759795266,0.0,0.08,0.2534978496890884,0.2534978496890884,0
108,15,0.0715537965297699,0.0710847084014484,0.006577322916865203,0.19443731545859652,96.875,0.24122679708364128,0.006577322916865203,0.006577322916865203,0.08526185833349216,0.19443731545859652,0.19443731545859652,0
108,18,0.07870066910982132,0.0710847084014484,0.10177940183610283,0.1566502320816151,99.21875,0.1546045366299292,0.10177940183610283,0.10177940183610283,0.16142352146888228,0.1566502320816151,0.1566502320816151,0
109,7,0.025579771026968956,0.06963852980335374,0.0,0.09575812074853393,97.89473684210526,0.10251160106933419,-1.001515911101461,0.0,0.08,0.09575812074853393,0.09575812074853393,0
109,8,0.03542419523000717,0.06963852980335374,0.0,0.0906310594875206,98.828125,0.09518722783931513,-0.6759227968542847,0.0,0.08,0.0906310594875206,0.0906310594875206,0
109,1,0.13744361698627472,0.06963852980335374,0.6798957005914632,0.4702412268483171,91.89189189189189,0.4043803695805228,0.6798957005914632,0.6798957005914632,0.6239165604731706,0.4702412268483171,0.4702412268483171,0
109,2,0.06316389888525009,0.06963852980335374,0.0,0.198018467807831,98.36065573770492,0.2485978111540443,-0.09758507080114942,0.0,0.08,0.198018467807831,0.198018467807831,0
109,15,0.06684111058712006,0.06963852980335374,0.0,0.16010612082101755,96.09375,0.19443731545859652,-0.04099967808984728,0.0,0.08,0.16010612082101755,0.16010612082101755,0
109,6,0.0315726064145565,0.06963852980335374,0.0,0.11000141255413565,95.74468085106383,0.12285916079162235,-0.791027971148589,0.0,0.08,0.11000141255413565,0.11000141255413565,0
109,3,0.1101899966597557,0.06963852980335374,0.45888806204478166,0.31158162967310943,97.36842105263158,0.2534978496890884,0.45888806204478166,0.45888806204478166,0.44711044963582536,0.31158162967310943,0.31158162967310943,0
109,11,0.07418008893728256,0.06963852980335374,0.06317775891287143,0.0975188111958542,98.046875,0.08336592722395009,0.06317775891287143,0.06317775891287143,0.13054220713029716,0.0975188111958542,0.0975188111958542,0
109,14,0.07948489487171173,0.06963852980335374,0.13224898091032228,0.15554241816220232,97.65625,0.14257523249103565,0.13224898091032228,0.13224898091032228,0.18579918472825785,0.15554241816220232,0.15554241816220232,0
109,17,0.06982245296239853,0.06963852980335374,0.0026376300475133125,0.2374896691522662,96.875,0.30408091134409,0.0026376300475133125,0.0026376300475133125,0.08211010403801065,0.2374896691522662,0.2374896691522662,0
109,18,0.1150357648730278,0.06963852980335374,0.501925018944753,0.2541171670038713,96.09375,0.1566502320816151,0.501925018944753,0.501925018944753,0.48154001515580247,0.2541171670038713,0.2541171670038713,0
109,9,0.06166139990091324,0.06963852980335374,0.0,0.08363209677684287,100.0,0.08518870968120411,-0.12165985896713057,0.0,0.08,0.08363209677684287,0.08363209677684287,0
109,10,0.043444134294986725,0.06963852980335374,0.0,0.08016667232421121,99.14163090128756,0.08023810332030173,-0.4718420730795083,0.0,0.08,0.08016667232421121,0.08016667232421121,0
109,16,0.029295312240719795,0.06963852980335374,0.0,0.07999999999999996,99.21875,0.07999999999999996,-0.8658902941035943,0.0,0.08,0.07999999999999996,0.07999999999999996,0
109,19,0.05621207505464554,0.06963852980335374,0.0,0.08876916949595348,99.609375,0.09252738499421928,-0.21418637655161396,0.0,0.08,0.08876916949595348,0.08876916949595348,0
109,0,0.07687939703464508,0.06963852980335374,0.09891990486973071,0.1452470152490129,99.49238578680203,0.13929462582896793,0.09891990486973071,0.09891990486973071,0.15913592389578457,0.1452470152490129,0.1452470152490129,0
109,13,0.06688199192285538,0.06963852980335374,0.0,0.11757313612363923,98.125,0.13367590874805604,-0.04038824550823229,0.0,0.08,0.11757313612363923,0.11757313612363923,0
109,12,0.07045620679855347,0.06963852980335374,0.01167333168191469,0.0908279724043517,98.828125,0.09146624685813168,0.01167333168191469,0.01167333168191469,0.08933866534553175,0.0908279724043517,0.0908279724043517,0
109,4,0.05854412540793419,0.06963852980335374,0.0,0.2621527155158872,91.60839160839161,0.34021816502269603,-0.17353722569366015,0.0,0.08,0.2621527155158872,0.2621527155158872,0
109,5,0.3512776792049408,0.06963852980335374,0.7,0.639999999999991,89.84375,0.6399999999999872,1.618258901123955,0.7,0.6399999999999999,0.639999999999991,0.639999999999991,0
110,4,0.06654427200555801,0.06936083194851714,0.0,0.20750690086112103,93.7062937062937,0.2621527155158872,-0.041454850345415364,0.0,0.08,0.20750690086112103,0.20750690086112103,0
110,0,0.09672610461711884,0.06936083194851714,0.3325609528701598,0.2054875393631474,97.96954314720813,0.1452470152490129,0.3325609528701598,0.3325609528701598,0.34604876229612785,0.2054875393631474,0.2054875393631474,0
110,11,0.028570573776960373,0.06936083194851714,0.0,0.09226316783709793,98.046875,0.0975188111958542,-0.8869448219688624,0.0,0.08,0.09226316783709793,0.09226316783709793,0
110,2,0.05824630334973335,0.06936083194851714,0.0,0.16261292746548167,97.54098360655738,0.198018467807831,-0.1746416709084907,0.0,0.08,0.16261292746548167,0.16261292746548167,0
110,9,0.02212817408144474,0.06936083194851714,0.0,0.08254246774379001,98.828125,0.08363209677684287,-1.142470377392955,0.0,0.08,0.08254246774379001,0.08254246774379001,0
110,14,0.07410918176174164,0.06936083194851714,0.06621709875862139,0.14877179641561075,98.4375,0.15554241816220232,0.06621709875862139,0.06621709875862139,0.1329736790068971,0.14877179641561075,0.14877179641561075,0
110,15,0.041454680263996124,0.06936083194851714,0.0,0.13607428457471227,96.09375,0.16010612082101755,-0.5147214412977156,0.0,0.08,0.13607428457471227,0.13607428457471227,0
110,3,0.08069827407598495,0.06936083194851714,0.15139484083283225,0.27844190257105633,97.89473684210526,0.31158162967310943,0.15139484083283225,0.15139484083283225,0.2011158726662658,0.27844190257105633,0.27844190257105633,0
110,12,0.06548938155174255,0.06936083194851714,0.0,0.0875795806830462,98.4375,0.0908279724043517,-0.05743430273606084,0.0,0.08,0.0875795806830462,0.0875795806830462,0
110,6,0.0795830637216568,0.06936083194851714,0.13747895733309673,0.13399593854783817,97.87234042553192,0.11000141255413565,0.13747895733309673,0.13747895733309673,0.1899831658664774,0.13399593854783817,0.13399593854783817,0
110,17,0.06568169593811035,0.06936083194851714,0.0,0.19024276840658633,99.21875,0.2374896691522662,-0.05450203293204834,0.0,0.08,0.19024276840658633,0.19024276840658633,0
110,5,0.3727416396141052,0.06936083194851714,0.7,0.6399999999999937,86.71875,0.639999999999991,1.6815630800674846,0.7,0.6399999999999999,0.6399999999999937,0.6399999999999937,0
110,10,0.04479281231760979,0.06936083194851714,0.0,0.08011667062694784,99.14163090128756,0.08016667232421121,-0.43727456075787907,0.0,0.08,0.08011667062694784,0.08011667062694784,0
110,16,0.014709988608956337,0.06936083194851714,0.0,0.07999999999999996,98.828125,0.07999999999999996,-1.550795031169212,0.0,0.08,0.07999999999999996,0.07999999999999996,0
110,7,0.020869117230176926,0.06936083194851714,0.0,0.09103068452397375,97.89473684210526,0.09575812074853393,-1.201051570352859,0.0,0.08,0.09103068452397375,0.09103068452397375,0
110,1,0.11418755352497101,0.06936083194851714,0.4985199192415931,0.4728136394118043,97.29729729729729,0.4702412268483171,0.4985199192415931,0.4985199192415931,0.47881593539327455,0.4728136394118043,0.4728136394118043,0
110,19,0.04740673676133156,0.06936083194851714,0.0,0.08613841864716743,100.0,0.08876916949595348,-0.3805579159089914,0.0,0.08,0.08613841864716743,0.08613841864716743,0
110,18,0.05447157472372055,0.06936083194851714,0.0,0.2018820169027099,96.875,0.2541171670038713,-0.24164328673144947,0.0,0.08,0.2018820169027099,0.2018820169027099,0
110,13,0.052593838423490524,0.06936083194851714,0.0,0.10630119528654747,95.625,0.11757313612363923,-0.27672330843735177,0.0,0.08,0.10630119528654747,0.10630119528654747,0
110,8,0.020877497270703316,0.06936083194851714,0.0,0.08744174164126442,99.609375,0.0906310594875206,-1.2006500989174183,0.0,0.08,0.08744174164126442,0.08744174164126442,0
111,15,0.09847880899906158,0.06806064265733812,0.3694422310445229,0.2079181346529841,96.875,0.13607428457471227,0.3694422310445229,0.3694422310445229,0.37555378483561835,0.2079181346529841,0.2079181346529841,0
111,12,0.0563090480864048,0.06806064265733812,0.0,0.08530570647813233,98.828125,0.0875795806830462,-0.18954384662905718,0.0,0.08,0.08530570647813233,0.08530570647813233,0
111,0,0.05847882106900215,0.06806064265733812,0.0,0.16784127755420317,96.95431472081218,0.2054875393631474,-0.15173443178594673,0.0,0.08,0.16784127755420317,0.16784127755420317,0
111,3,0.16838860511779785,0.06806064265733812,0.7,0.3869093317997394,97.89473684210526,0.27844190257105633,0.905875234866435,0.7,0.6399999999999999,0.3869093317997394,0.3869093317997394,0
111,13,0.09579773247241974,0.06806064265733812,0.34183986122555765,0.18045240339471708,98.125,0.10630119528654747,0.34183986122555765,0.34183986122555765,0.3534718889804461,0.18045240339471708,0.18045240339471708,0
111,19,0.05820580944418907,0.06806064265733812,0.0,0.08429689305301719,100.0,0.08613841864716743,-0.15641391827887666,0.0,0.08,0.08429689305301719,0.08429689305301719,0
111,14,0.03798149898648262,0.06806064265733812,0.0,0.12814025749092753,98.046875,0.14877179641561075,-0.5832998227909689,0.0,0.08,0.12814025749092753,0.12814025749092753,0
111,10,0.06674681603908539,0.06806064265733812,0.0,0.0800816694388635,99.14163090128756,0.08011667062694784,-0.0194925122939671,0.0,0.08,0.0800816694388635,0.0800816694388635,0
111,7,0.051733504980802536,0.06806064265733812,0.0,0.08772147916678164,98.94736842105263,0.09103068452397375,-0.2742934281658437,0.0,0.08,0.08772147916678164,0.08772147916678164,0
111,2,0.12111636251211166,0.06806064265733812,0.5763525812363745,0.276153668722567,99.18032786885246,0.16261292746548167,0.5763525812363745,0.5763525812363745,0.5410820649890996,0.276153668722567,0.276153668722567,0
111,11,0.06027979403734207,0.06806064265733812,0.0,0.08858421748596854,98.828125,0.09226316783709793,-0.12140213558808607,0.0,0.08,0.08858421748596854,0.08858421748596854,0
111,18,0.06625775247812271,0.06806064265733812,0.0,0.1653174118318969,96.484375,0.2018820169027099,-0.026846630983919515,0.0,0.08,0.1653174118318969,0.1653174118318969,0
111,16,0.016796037554740906,0.06806064265733812,0.0,0.07999999999999996,98.828125,0.07999999999999996,-1.3992556643361405,0.0,0.08,0.07999999999999996,0.07999999999999996,0
111,4,0.09711641818284988,0.06806064265733812,0.3555112908078899,0.2545775403966783,97.2027972027972,0.20750690086112103,0.3555112908078899,0.3555112908078899,0.36440903264631197,0.2545775403966783,0.2545775403966783,0
111,6,0.03906228393316269,0.06806064265733812,0.0,0.11779715698348672,96.80851063829788,0.13399593854783817,-0.5552416062958704,0.0,0.08,0.11779715698348672,0.11779715698348672,0
111,1,0.1123117133975029,0.06806064265733812,0.5008789913945932,0.4751805055229654,100.0,0.4728136394118043,0.5008789913945932,0.5008789913945932,0.4807031931156746,0.4751805055229654,0.4751805055229654,0
111,5,0.40159207582473755,0.06806064265733812,0.7,0.6399999999999956,85.546875,0.6399999999999937,1.775037603104091,0.7,0.6399999999999999,0.6399999999999956,0.6399999999999956,0
111,8,0.04218889772891998,0.06806064265733812,0.0,0.08520921914888509,98.828125,0.08744174164126442,-0.4782419220022904,0.0,0.08,0.08520921914888509,0.08520921914888509,0
111,9,0.020043550059199333,0.06806064265733812,0.0,0.08177972742065301,99.21875,0.08254246774379001,-1.2224913503637176,0.0,0.08,0.08177972742065301,0.08177972742065301,0
111,17,0.07780125737190247,0.06806064265733812,0.13375846271140318,0.1892719689353472,98.828125,0.19024276840658633,0.13375846271140318,0.13375846271140318,0.18700677016912254,0.1892719689353472,0.1892719689353472,0
112,14,0.07544242590665817,0.06758145571737754,0.11003615745122089,0.14010685803194228,97.65625,0.12814025749092753,0.11003615745122089,0.11003615745122089,0.16802892596097674,0.14010685803194228,0.14010685803194228,0
112,3,0.130891814827919,0.06758145571737754,0.661037447719892,0.45348551971259166,94.73684210526316,0.3869093317997394,0.661037447719892,0.661037447719892,0.6088299581759136,0.45348551971259166,0.45348551971259166,0
112,5,0.29104116559028625,0.06758145571737754,0.7,0.6399999999999968,87.5,0.6399999999999956,1.4601309843581607,0.7,0.6399999999999999,0.6399999999999968,0.6399999999999968,0
112,9,0.06562729924917221,0.06758145571737754,0.0,0.0812458091944571,98.828125,0.08177972742065301,-0.02934186082592977,0.0,0.08,0.0812458091944571,0.0812458091944571,0
112,15,0.0813036635518074,0.06758145571737754,0.18485743099460036,0.21390847769579294,98.046875,0.2079181346529841,0.18485743099460036,0.18485743099460036,0.2278859447956803,0.21390847769579294,0.21390847769579294,0
112,10,0.03553261607885361,0.06758145571737754,0.0,0.08005716860720444,98.28326180257511,0.0800816694388635,-0.6428824507841064,0.0,0.08,0.08005716860720444,0.08005716860720444,0
112,11,0.07154078781604767,0.06758145571737754,0.05693411611876334,0.09967314010868117,98.828125,0.08858421748596854,0.05693411611876334,0.05693411611876334,0.12554729289501068,0.09967314010868117,0.09967314010868117,0
112,6,0.03345313295722008,0.06758145571737754,0.0,0.1064580098884407,97.87234042553192,0.11779715698348672,-0.7031880276600402,0.0,0.08,0.1064580098884407,0.1064580098884407,0
112,18,0.047404590994119644,0.06758145571737754,0.0,0.13972218828232782,96.09375,0.1653174118318969,-0.354614478300642,0.0,0.08,0.13972218828232782,0.13972218828232782,0
112,12,0.08606227487325668,0.06758145571737754,0.24173750715117184,0.14173099625097385,97.265625,0.08530570647813233,0.24173750715117184,0.24173750715117184,0.27339000572093747,0.14173099625097385,0.14173099625097385,0
112,1,0.1419927179813385,0.06758145571737754,0.7,0.5246263538660757,97.29729729729729,0.4751805055229654,0.7424420752134583,0.7,0.6399999999999999,0.5246263538660757,0.5246263538660757,0
112,17,0.07897263020277023,0.06758145571737754,0.15576769625749115,0.1938746253565409,97.65625,0.1892719689353472,0.15576769625749115,0.15576769625749115,0.20461415700599295,0.1938746253565409,0.1938746253565409,0
112,13,0.05719837546348572,0.06758145571737754,0.0,0.15031668237630194,100.0,0.18045240339471708,-0.16680809785287984,0.0,0.08,0.15031668237630194,0.15031668237630194,0
112,16,0.014605528675019741,0.06758145571737754,0.0,0.07999999999999996,99.609375,0.07999999999999996,-1.5319329515997222,0.0,0.08,0.07999999999999996,0.07999999999999996,0
112,4,0.07540693134069443,0.06758145571737754,0.10956556132061027,0.22850001299462125,99.3006993006993,0.2545775403966783,0.10956556132061027,0.10956556132061027,0.16765244905648824,0.22850001299462125,0.22850001299462125,0
112,8,0.04993114247918129,0.06758145571737754,0.0,0.08364645340421956,97.265625,0.08520921914888509,-0.302688663533011,0.0,0.08,0.08364645340421956,0.08364645340421956,0
112,7,0.055863745510578156,0.06758145571737754,0.0,0.08540503541674714,97.89473684210526,0.08772147916678164,-0.19041798065447507,0.0,0.08,0.08540503541674714,0.08540503541674714,0
112,0,0.0473238043487072,0.06758145571737754,0.0,0.1414888942879422,96.95431472081218,0.16784127755420317,-0.3563201262776653,0.0,0.08,0.1414888942879422,0.1414888942879422,0
112,2,0.04395715147256851,0.06758145571737754,0.0,0.2173075681057969,96.72131147540983,0.276153668722567,-0.4301182129144897,0.0,0.08,0.2173075681057969,0.2173075681057969,0
112,19,0.035548776388168335,0.06758145571737754,0.0,0.08300782513711202,99.21875,0.08429689305301719,-0.642427752177754,0.0,0.08,0.08300782513711202,0.08300782513711202,0
113,6,0.04575907438993454,0.06696459388127268,0.0,0.09852060692190848,98.93617021276596,0.1064580098884407,-0.380773841601552,0.0,0.08,0.09852060692190848,0.09852060692190848,0
113,1,0.15571679174900055,0.06696459388127268,0.7,0.559238447706253,94.5945945945946,0.5246263538660757,0.8438748045467492,0.7,0.6399999999999999,0.559238447706253,0.559238447706253,0
113,2,0.19620324671268463,0.06696459388127268,0.7,0.3441152976740578,98.36065573770492,0.2173075681057969,1.0749869664251566,0.7,0.6399999999999999,0.3441152976740578,0.3441152976740578,0
113,14,0.08507996797561646,0.06696459388127268,0.23942755195355564,0.17953741309121296,98.4375,0.14010685803194228,0.23942755195355564,0.23942755195355564,0.2715420415628445,0.17953741309121296,0.17953741309121296,0
113,9,0.06372004002332687,0.06696459388127268,0.0,0.08087206643611997,99.21875,0.0812458091944571,-0.04966490942108023,0.0,0.08,0.08087206643611997,0.08087206643611997,0
113,16,0.016390997916460037,0.06696459388127268,0.0,0.07999999999999996,99.609375,0.07999999999999996,-1.4074312928285597,0.0,0.08,0.07999999999999996,0.07999999999999996,0
113,7,0.0465642511844635,0.06696459388127268,0.0,0.08378352479172299,97.89473684210526,0.08540503541674714,-0.3633308599913663,0.0,0.08,0.08378352479172299,0.08378352479172299,0
113,13,0.04623904079198837,0.06696459388127268,0.0,0.12922167766341136,98.125,0.15031668237630194,-0.3703394832131918,0.0,0.08,0.12922167766341136,0.12922167766341136,0
113,3,0.07906671613454819,0.06696459388127268,0.16612795106677658,0.3813105720548405,99.47368421052632,0.45348551971259166,0.16612795106677658,0.16612795106677658,0.2129023608534213,0.3813105720548405,0.3813105720548405,0
113,4,0.13648249208927155,0.06696459388127268,0.7,0.35195000909623486,96.5034965034965,0.22850001299462125,0.7120322370741186,0.7,0.6399999999999999,0.35195000909623486,0.35195000909623486,0
113,17,0.0322774201631546,0.06696459388127268,0.0,0.15971223774957863,97.65625,0.1938746253565409,-0.7297959500859109,0.0,0.08,0.15971223774957863,0.15971223774957863,0
113,19,0.030753932893276215,0.06696459388127268,0.0,0.08210547759597842,98.828125,0.08300782513711202,-0.7781459693075972,0.0,0.08,0.08210547759597842,0.08210547759597842,0
113,0,0.09884941577911377,0.06696459388127268,0.3894335610755555,0.21650628065969285,94.9238578680203,0.1414888942879422,0.3894335610755555,0.3894335610755555,0.39154684886044444,0.21650628065969285,0.21650628065969285,0
113,15,0.09923850744962692,0.06696459388127268,0.3933620401598817,0.26814282402542666,96.09375,0.21390847769579294,0.3933620401598817,0.3933620401598817,0.39468963212790537,0.26814282402542666,0.26814282402542666,0
113,18,0.04859556257724762,0.06696459388127268,0.0,0.12180553179762948,97.265625,0.13972218828232782,-0.3206317519886191,0.0,0.08,0.12180553179762948,0.12180553179762948,0
113,10,0.04711880907416344,0.06696459388127268,0.0,0.0800400180250431,98.71244635193133,0.08005716860720444,-0.3514917025757257,0.0,0.08,0.0800400180250431,0.0800400180250431,0
113,11,0.0583576038479805,0.06696459388127268,0.0,0.09377119807607681,97.65625,0.09967314010868117,-0.13757434346508948,0.0,0.08,0.09377119807607681,0.09377119807607681,0
113,8,0.05145387724041939,0.06696459388127268,0.0,0.08255251738295369,98.4375,0.08364645340421956,-0.263478166336026,0.0,0.08,0.08255251738295369,0.08255251738295369,0
113,5,0.33233585953712463,0.06696459388127268,0.7,0.6399999999999977,91.015625,0.6399999999999968,1.6019819332588086,0.7,0.6399999999999999,0.6399999999999977,0.6399999999999977,0
113,12,0.07072960585355759,0.06696459388127268,0.054700200354450605,0.13633974546074984,97.65625,0.14173099625097385,0.054700200354450605,0.054700200354450605,0.12376016028356049,0.13633974546074984,0.13633974546074984,0
114,18,0.06407129019498825,0.06637201668671078,0.0,0.10926387225834064,98.4375,0.12180553179762948,-0.035279154082444274,0.0,0.08,0.10926387225834064,0.10926387225834064,0
114,11,0.01342472992837429,0.06637201668671078,0.0,0.08963983865325376,98.828125,0.09377119807607681,-1.5981764148591557,0.0,0.08,0.08963983865325376,0.08963983865325376,0
114,5,0.3254663348197937,0.06637201668671078,0.7,0.6399999999999983,85.15625,0.6399999999999977,1.5899833780937573,0.7,0.6399999999999999,0.6399999999999983,0.6399999999999983,0
114,2,0.13767699897289276,0.06637201668671078,0.7,0.43288070837184045,98.36065573770492,0.3441152976740578,0.7296347443039074,0.7,0.6399999999999999,0.43288070837184045,0.43288070837184045,0
114,9,0.02870100922882557,0.06637201668671078,0.0,0.08061044650528397,98.828125,0.08087206643611997,-0.8383430475438122,0.0,0.08,0.08061044650528397,0.08061044650528397,0
114,17,0.09973251074552536,0.06637201668671078,0.4072161269156879,0.23353043688447014,94.53125,0.15971223774957863,0.4072161269156879,0.4072161269156879,0.40577290153255036,0.23353043688447014,0.23353043688447014,0
114,10,0.0361018069088459,0.06637201668671078,0.0,0.08002801261753016,99.14163090128756,0.0800400180250431,-0.608932488921049,0.0,0.08,0.08002801261753016,0.08002801261753016,0
114,15,0.13004478812217712,0.06637201668671078,0.6726033091558333,0.37312477101519864,96.484375,0.26814282402542666,0.6726033091558333,0.6726033091558333,0.6180826473246667,0.37312477101519864,0.37312477101519864,0
114,12,0.06790804862976074,0.06637201668671078,0.022879028440161542,0.12492878864816366,98.046875,0.13633974546074984,0.022879028440161542,0.022879028440161542,0.09830322275212924,0.12492878864816366,0.12492878864816366,0
114,14,0.07791121304035187,0.06637201668671078,0.1602943294589703,0.18814682823400194,98.046875,0.17953741309121296,0.1602943294589703,0.1602943294589703,0.20823546356717626,0.18814682823400194,0.18814682823400194,0
114,7,0.01576731912791729,0.06637201668671078,0.0,0.08264846735420608,98.94736842105263,0.08378352479172299,-1.4373356603613927,0.0,0.08,0.08264846735420608,0.08264846735420608,0
114,16,0.03722408413887024,0.06637201668671078,0.0,0.07999999999999996,99.609375,0.07999999999999996,-0.5783194393559672,0.0,0.08,0.07999999999999996,0.07999999999999996,0
114,13,0.07312850654125214,0.06637201668671078,0.09694271097047445,0.13772142499730183,98.125,0.12922167766341136,0.09694271097047445,0.09694271097047445,0.15755416877637957,0.13772142499730183,0.13772142499730183,0
114,0,0.07964472472667694,0.06637201668671078,0.1823002461662447,0.2193064555416837,97.96954314720813,0.21650628065969285,0.1823002461662447,0.1823002461662447,0.22584019693299578,0.2193064555416837,0.2193064555416837,0
114,19,0.026772761717438698,0.06637201668671078,0.0,0.08147383431718488,99.21875,0.08210547759597842,-0.9078902925123022,0.0,0.08,0.08147383431718488,0.08147383431718488,0
114,4,0.05381454527378082,0.06637201668671078,0.0,0.2703650063673644,97.9020979020979,0.35195000909623486,-0.20973170817870884,0.0,0.08,0.2703650063673644,0.2703650063673644,0
114,6,0.04121788591146469,0.06637201668671078,0.0,0.09296442484533593,98.93617021276596,0.09852060692190848,-0.47640315404964384,0.0,0.08,0.09296442484533593,0.09296442484533593,0
114,8,0.026540402323007584,0.06637201668671078,0.0,0.08178676216806757,98.828125,0.08255251738295369,-0.9166071181865765,0.0,0.08,0.08178676216806757,0.08178676216806757,0
114,3,0.05420294776558876,0.06637201668671078,0.0,0.2909174004383883,96.84210526315789,0.3813105720548405,-0.20254020460084007,0.0,0.08,0.2909174004383883,0.2909174004383883,0
114,1,0.058853160589933395,0.06637201668671078,0.0,0.4154669133943771,94.5945945945946,0.559238447706253,-0.12022997483850374,0.0,0.08,0.4154669133943771,0.4154669133943771,0
115,14,0.06497294455766678,0.06538762043581581,0.0,0.15570277976380134,97.265625,0.18814682823400194,-0.006362003926865546,0.0,0.08,0.15570277976380134,0.15570277976380134,0
115,18,0.058810729533433914,0.06538762043581581,0.0,0.10048471058083844,97.65625,0.10926387225834064,-0.10600862015402769,0.0,0.08,0.10048471058083844,0.10048471058083844,0
115,12,0.0661865845322609,0.06538762043581581,0.01214483941704677,0.11436491351380579,98.4375,0.12492878864816366,0.01214483941704677,0.01214483941704677,0.08971587153363741,0.11436491351380579,0.11436491351380579,0
115,17,0.10043977946043015,0.06538762043581581,0.4292253346072022,0.29048538612485764,96.09375,0.23353043688447014,0.4292253346072022,0.4292253346072022,0.4233802676857618,0.29048538612485764,0.29048538612485764,0
115,19,0.03413360193371773,0.06538762043581581,0.0,0.08103168402202941,98.828125,0.08147383431718488,-0.6500505174828213,0.0,0.08,0.08103168402202941,0.08103168402202941,0
115,16,0.020258095115423203,0.06538762043581581,0.0,0.07999999999999996,100.0,0.07999999999999996,-1.1717781374211158,0.0,0.08,0.07999999999999996,0.07999999999999996,0
115,3,0.10408559441566467,0.06538762043581581,0.4648805764383402,0.3392135186520735,97.36842105263158,0.2909174004383883,0.4648805764383402,0.4648805764383402,0.4519044611506722,0.3392135186520735,0.3392135186520735,0
115,6,0.04118872061371803,0.06538762043581581,0.0,0.08907509739173514,98.93617021276596,0.09296442484533593,-0.46216841336103986,0.0,0.08,0.08907509739173514,0.08907509739173514,0
115,8,0.06084548309445381,0.06538762043581581,0.0,0.0812507335176473,99.21875,0.08178676216806757,-0.07199535264347838,0.0,0.08,0.0812507335176473,0.0812507335176473,0
115,1,0.15875470638275146,0.06538762043581581,0.7,0.48282683937606397,100.0,0.4154669133943771,0.887027243321684,0.7,0.6399999999999999,0.48282683937606397,0.48282683937606397,0
115,13,0.04770117253065109,0.06538762043581581,0.0,0.12040499749811129,96.875,0.13772142499730183,-0.3153769149214671,0.0,0.08,0.12040499749811129,0.12040499749811129,0
115,4,0.11723511666059494,0.06538762043581581,0.5838484442638248,0.353379131080473,99.3006993006993,0.2703650063673644,0.5838484442638248,0.5838484442638248,0.5470787554110598,0.353379131080473,0.353379131080473,0
115,15,0.07483920454978943,0.06538762043581581,0.13500890278443628,0.3175894763789037,98.046875,0.37312477101519864,0.13500890278443628,0.13500890278443628,0.18800712222754903,0.3175894763789037,0.3175894763789037,0
115,5,0.36898404359817505,0.06538762043581581,0.7,0.6399999999999988,87.890625,0.6399999999999983,1.7304203244181813,0.7,0.6399999999999999,0.6399999999999988,0.6399999999999988,0
115,2,0.11573653668165207,0.06538762043581581,0.5709833553316369,0.46405250113988117,98.36065573770492,0.43288070837184045,0.5709833553316369,0.5709833553316369,0.5367866842653095,0.46405250113988117,0.46405250113988117,0
115,9,0.03520350158214569,0.06538762043581581,0.0,0.08042731255369878,100.0,0.08061044650528397,-0.6191872650227659,0.0,0.08,0.08042731255369878,0.08042731255369878,0
115,7,0.1449858844280243,0.06538762043581581,0.7,0.24985392714794424,98.94736842105263,0.08264846735420608,0.7963033543744124,0.7,0.6399999999999999,0.24985392714794424,0.24985392714794424,0
115,0,0.08276044577360153,0.06538762043581581,0.23561725652729784,0.23406266044573007,96.44670050761421,0.2193064555416837,0.23561725652729784,0.23561725652729784,0.2684938052218383,0.23406266044573007,0.23406266044573007,0
115,10,0.08651798963546753,0.06538762043581581,0.28001937705432745,0.1472242593253097,98.71244635193133,0.08002801261753016,0.28001937705432745,0.28001937705432745,0.30401550164346197,0.1472242593253097,0.1472242593253097,0
115,11,0.05500040575861931,0.06538762043581581,0.0,0.08674788705727762,98.4375,0.08963983865325376,-0.17299235905592192,0.0,0.08,0.08674788705727762,0.08674788705727762,0
116,18,0.1026318222284317,0.06590014784633674,0.4430073035091696,0.2006610502487876,96.875,0.10048471058083844,0.4430073035091696,0.4430073035091696,0.43440584280733574,0.2006610502487876,0.2006610502487876,0
116,15,0.10052764415740967,0.06590014784633674,0.42229201864744226,0.34766271794061876,96.09375,0.3175894763789037,0.42229201864744226,0.42229201864744226,0.41783361491795384,0.34766271794061876,0.34766271794061876,0
116,1,0.16070739924907684,0.06590014784633674,0.7,0.5299787875632447,94.5945945945946,0.48282683937606397,0.8914445410272813,0.7,0.6399999999999999,0.5299787875632447,0.5299787875632447,0
116,2,0.1098334938287735,0.06590014784633674,0.5108247808378723,0.4714346981990062,97.54098360655738,0.46405250113988117,0.5108247808378723,0.5108247808378723,0.4886598246702979,0.4714346981990062,0.4714346981990062,0
116,16,0.021010244265198708,0.06590014784633674,0.0,0.07999999999999996,99.609375,0.07999999999999996,-1.1431302198585298,0.0,0.08,0.07999999999999996,0.07999999999999996,0
116,5,0.35950732231140137,0.06590014784633674,0.7,0.6399999999999991,87.890625,0.6399999999999988,1.6965937360664538,0.7,0.6399999999999999,0.6399999999999991,0.6399999999999991,0
116,11,0.04758504778146744,0.06590014784633674,0.0,0.08472352094009433,97.65625,0.08674788705727762,-0.32562203694331243,0.0,0.08,0.08472352094009433,0.08472352094009433,0
116,12,0.06494800746440887,0.06590014784633674,0.0,0.10405543945966406,98.046875,0.11436491351380579,-0.014553618122743733,0.0,0.08,0.10405543945966406,0.10405543945966406,0
116,9,0.021407373249530792,0.06590014784633674,0.0,0.08029911878758914,99.609375,0.08042731255369878,-1.1244049625606216,0.0,0.08,0.08029911878758914,0.08029911878758914,0
116,17,0.0603504553437233,0.06590014784633674,0.0,0.22733977028740032,98.828125,0.29048538612485764,-0.0879721784827444,0.0,0.08,0.22733977028740032,0.22733977028740032,0
116,19,0.0385550893843174,0.06590014784633674,0.0,0.08072217881542058,99.21875,0.08103168402202941,-0.5360524657359336,0.0,0.08,0.08072217881542058,0.08072217881542058,0
116,3,0.10782261192798615,0.06590014784633674,0.49234665062232946,0.3796126592058105,97.36842105263158,0.3392135186520735,0.49234665062232946,0.49234665062232946,0.47387732049786363,0.3796126592058105,0.3796126592058105,0
116,0,0.07407490164041519,0.06590014784633674,0.1169360638735254,0.21590851764165714,96.95431472081218,0.23406266044573007,0.1169360638735254,0.1169360638735254,0.17354885109882034,0.21590851764165714,0.21590851764165714,0
116,8,0.03270517289638519,0.06590014784633674,0.0,0.08087551346235311,98.828125,0.0812507335176473,-0.7006072730418345,0.0,0.08,0.08087551346235311,0.08087551346235311,0
116,10,0.045749444514513016,0.06590014784633674,0.0,0.12705698152771677,99.14163090128756,0.1472242593253097,-0.3649609682755024,0.0,0.08,0.12705698152771677,0.12705698152771677,0
116,13,0.02181306853890419,0.06590014784633674,0.0,0.10828349824867789,100.0,0.12040499749811129,-1.105631113861453,0.0,0.08,0.10828349824867789,0.10828349824867789,0
116,6,0.02917967177927494,0.06590014784633674,0.0,0.08635256817421459,97.87234042553192,0.08907509739173514,-0.8146681991502481,0.0,0.08,0.08635256817421459,0.08635256817421459,0
116,4,0.0984516367316246,0.06590014784633674,0.4014246947775474,0.36770731850294247,97.9020979020979,0.353379131080473,0.4014246947775474,0.4014246947775474,0.4011397558220379,0.36770731850294247,0.36770731850294247,0
116,14,0.03477504849433899,0.06590014784633674,0.0,0.13299194583466092,96.09375,0.15570277976380134,-0.6392404168576146,0.0,0.08,0.13299194583466092,0.13299194583466092,0
116,7,0.09743736684322357,0.06590014784633674,0.39106904611463533,0.29275432007107344,94.73684210526316,0.24985392714794424,0.39106904611463533,0.39106904611463533,0.3928552368917083,0.29275432007107344,0.29275432007107344,0
117,15,0.08699975907802582,0.06557505620210967,0.2827099290598249,0.3352142855327911,97.65625,0.34766271794061876,0.2827099290598249,0.2827099290598249,0.30616794324785995,0.3352142855327911,0.3352142855327911,0
117,13,0.04121391847729683,0.06557505620210967,0.0,0.09979844877407451,96.875,0.10828349824867789,-0.46441926625561974,0.0,0.08,0.09979844877407451,0.09979844877407451,0
117,5,0.3680899143218994,0.06557505620210967,0.7,0.6399999999999993,88.28125,0.6399999999999991,1.725131732572702,0.7,0.6399999999999999,0.6399999999999993,0.6399999999999993,0
117,2,0.0658792182803154,0.06557505620210967,0.004627655904445638,0.35511492615637125,95.90163934426229,0.4714346981990062,0.004627655904445638,0.004627655904445638,0.08370212472355651,0.35511492615637125,0.35511492615637125,0
117,17,0.037954285740852356,0.06557505620210967,0.0,0.1831378392011802,96.484375,0.22733977028740032,-0.5468128431277066,0.0,0.08,0.1831378392011802,0.1831378392011802,0
117,3,0.04828193411231041,0.06557505620210967,0.0,0.28972886144406734,98.94736842105263,0.3796126592058105,-0.3061378724506888,0.0,0.08,0.28972886144406734,0.28972886144406734,0
117,10,0.046229906380176544,0.06557505620210967,0.0,0.11293988706940172,98.71244635193133,0.12705698152771677,-0.34956840609552975,0.0,0.08,0.11293988706940172,0.11293988706940172,0
117,6,0.0673116147518158,0.06557505620210967,0.026137416757860046,0.09071977774383662,98.93617021276596,0.08635256817421459,0.026137416757860046,0.026137416757860046,0.10090993340628804,0.09071977774383662,0.09071977774383662,0
117,14,0.058260928839445114,0.06557505620210967,0.0,0.11709436208426263,98.046875,0.13299194583466092,-0.11826366926531835,0.0,0.08,0.11709436208426263,0.11709436208426263,0
117,11,0.04091436043381691,0.06557505620210967,0.0,0.08330646465806603,98.828125,0.08472352094009433,-0.4717141786277046,0.0,0.08,0.08330646465806603,0.08330646465806603,0
117,12,0.06510841101408005,0.06557505620210967,0.0,0.09683880762176483,97.65625,0.10405543945966406,-0.007141639411798018,0.0,0.08,0.09683880762176483,0.09683880762176483,0
117,18,0.036408931016922,0.06557505620210967,0.0,0.1644627351741513,97.65625,0.2006610502487876,-0.5883811585026362,0.0,0.08,0.1644627351741513,0.1644627351741513,0
117,16,0.02900005877017975,0.06557505620210967,0.0,0.07999999999999996,98.4375,0.07999999999999996,-0.8158973339464999,0.0,0.08,0.07999999999999996,0.07999999999999996,0
117,9,0.027446309104561806,0.06557505620210967,0.0,0.08020938315131239,100.0,0.08029911878758914,-0.8709634709030918,0.0,0.08,0.08020938315131239,0.08020938315131239,0
117,1,0.16391050815582275,0.06557505620210967,0.7,0.5629851512942712,97.29729729729729,0.5299787875632447,0.9161251226021421,0.7,0.6399999999999999,0.5629851512942712,0.5629851512942712,0
117,7,0.009740354493260384,0.06557505620210967,0.0,0.22892802404975138,97.89473684210526,0.29275432007107344,-1.90691699605543,0.0,0.08,0.22892802404975138,0.22892802404975138,0
117,4,0.14473067224025726,0.06557505620210967,0.7,0.44939512295205974,96.5034965034965,0.36770731850294247,0.7916791162055294,0.7,0.6399999999999999,0.44939512295205974,0.44939512295205974,0
117,19,0.061646029353141785,0.06557505620210967,0.0,0.0805055251707944,98.046875,0.08072217881542058,-0.061786551838126876,0.0,0.08,0.0805055251707944,0.0805055251707944,0
117,0,0.07595288008451462,0.06557505620210967,0.14691774546447295,0.2103962212606335,97.96954314720813,0.21590851764165714,0.14691774546447295,0.14691774546447295,0.19753419637157837,0.2103962212606335,0.2103962212606335,0
117,8,0.04451325535774231,0.06557505620210967,0.0,0.08061285942364718,99.609375,0.08087551346235311,-0.38740829263904175,0.0,0.08,0.08061285942364718,0.08061285942364718,0
118,15,0.0495905764400959,0.06434469372948648,0.0,0.25864999987295373,97.265625,0.3352142855327911,-0.2604536003245035,0.0,0.08,0.25864999987295373,0.25864999987295373,0
118,10,0.031675975769758224,0.06434469372948648,0.0,0.10305792094858121,99.14163090128756,0.11293988706940172,-0.7086957794244632,0.0,0.08,0.10305792094858121,0.10305792094858121,0
118,5,0.2826650142669678,0.06434469372948648,0.7,0.6399999999999995,89.453125,0.6399999999999993,1.480007910201739,0.7,0.6399999999999999,0.6399999999999995,0.6399999999999995,0
118,4,0.08099093288183212,0.06434469372948648,0.23008270561797475,0.39379643541475573,95.1048951048951,0.44939512295205974,0.23008270561797475,0.23008270561797475,0.2640661644943798,0.39379643541475573,0.39379643541475573,0
118,17,0.06869553029537201,0.06434469372948648,0.06542965494998233,0.16789960462882192,99.609375,0.1831378392011802,0.06542965494998233,0.06542965494998233,0.13234372395998587,0.16789960462882192,0.16789960462882192,0
118,3,0.10913671553134918,0.06434469372948648,0.5283468323175973,0.35361344276707046,96.84210526315789,0.28972886144406734,0.5283468323175973,0.5283468323175973,0.5026774658540778,0.35361344276707046,0.35361344276707046,0
118,0,0.0906345471739769,0.06434469372948648,0.34258093955707336,0.25349678037614104,96.95431472081218,0.2103962212606335,0.34258093955707336,0.34258093955707336,0.3540647516456587,0.25349678037614104,0.25349678037614104,0
118,16,0.023932870477437973,0.06434469372948648,0.0,0.07999999999999996,100.0,0.07999999999999996,-0.9890013608773432,0.0,0.08,0.07999999999999996,0.07999999999999996,0
118,2,0.143343985080719,0.06434469372948648,0.7,0.44058044830945986,99.18032786885246,0.35511492615637125,0.8009926750083298,0.7,0.6399999999999999,0.44058044830945986,0.44058044830945986,0
118,6,0.09081350266933441,0.06434469372948648,0.34455346595028646,0.1701966762487544,98.93617021276596,0.09071977774383662,0.34455346595028646,0.34455346595028646,0.3556427727602292,0.1701966762487544,0.1701966762487544,0
118,9,0.013862328603863716,0.06434469372948648,0.0,0.08014656820591867,98.828125,0.08020938315131239,-1.5350789165630054,0.0,0.08,0.08014656820591867,0.08014656820591867,0
118,19,0.026111014187335968,0.06434469372948648,0.0,0.08035386761955607,100.0,0.0805055251707944,-0.9018970187221261,0.0,0.08,0.08035386761955607,0.08035386761955607,0
118,18,0.06030658632516861,0.06434469372948648,0.0,0.1391239146219059,97.65625,0.1644627351741513,-0.06481313698474615,0.0,0.08,0.1391239146219059,0.1391239146219059,0
118,7,0.04966673254966736,0.06434469372948648,0.0,0.18424961683482594,96.84210526315789,0.22892802404975138,-0.258919081407047,0.0,0.08,0.18424961683482594,0.18424961683482594,0
118,12,0.05646520107984543,0.06434469372948648,0.0,0.09178716533523537,98.046875,0.09683880762176483,-0.13062991111804145,0.0,0.08,0.09178716533523537,0.09178716533523537,0
118,14,0.02824326790869236,0.06434469372948648,0.0,0.10596605345898383,98.828125,0.11709436208426263,-0.8233991473858396,0.0,0.08,0.10596605345898383,0.10596605345898383,0
118,13,0.06768760085105896,0.06434469372948648,0.05064853591976242,0.10601456276259513,96.25,0.09979844877407451,0.05064853591976242,0.05064853591976242,0.12051882873580994,0.10601456276259513,0.10601456276259513,0
118,11,0.054781876504421234,0.06434469372948648,0.0,0.08231452526064623,96.875,0.08330646465806603,-0.1608950254552044,0.0,0.08,0.08231452526064623,0.08231452526064623,0
118,8,0.04554435610771179,0.06434469372948648,0.0,0.08042900159655303,98.4375,0.08061285942364718,-0.3455676963626156,0.0,0.08,0.08042900159655303,0.08042900159655303,0
118,1,0.198724627494812,0.06434469372948648,0.7,0.5860896059059898,91.89189189189189,0.5629851512942712,1.127665508773704,0.7,0.6399999999999999,0.5860896059059898,0.5860896059059898,0
119,3,0.13615144789218903,0.06374881372678853,0.7,0.4395294099369493,94.73684210526316,0.35361344276707046,0.7588171945238544,0.7,0.6399999999999999,0.4395294099369493,0.4395294099369493,0
119,6,0.014047116972506046,0.06374881372678853,0.0,0.14313767337412808,98.93617021276596,0.1701966762487544,-1.5125328435967902,0.0,0.08,0.14313767337412808,0.14313767337412808,0
119,13,0.09104014933109283,0.06374881372678853,0.3563499879745212,0.1837341910477017,97.5,0.10601456276259513,0.3563499879745212,0.3563499879745212,0.365079990379617,0.1837341910477017,0.1837341910477017,0
119,16,0.019172977656126022,0.06374881372678853,0.0,0.07999999999999996,99.609375,0.07999999999999996,-1.201448337003235,0.0,0.08,0.07999999999999996,0.07999999999999996,0
119,9,0.023906705901026726,0.06374881372678853,0.0,0.08010259774414306,98.828125,0.08014656820591867,-0.980791313016507,0.0,0.08,0.08010259774414306,0.08010259774414306,0
119,18,0.13061071932315826,0.06374881372678853,0.7,0.2893867402353341,98.4375,0.1391239146219059,0.7172706350264307,0.7,0.6399999999999999,0.2893867402353341,0.2893867402353341,0
119,12,0.049112387001514435,0.06374881372678853,0.0,0.08825101573466476,98.828125,0.09178716533523537,-0.26083924483635584,0.0,0.08,0.08825101573466476,0.08825101573466476,0
119,11,0.048360198736190796,0.06374881372678853,0.0,0.08162016768245235,99.21875,0.08231452526064623,-0.2762733904881334,0.0,0.08,0.08162016768245235,0.08162016768245235,0
119,15,0.06525649130344391,0.06374881372678853,0.02337494554995861,0.21066498684305768,99.21875,0.25864999987295373,0.02337494554995861,0.02337494554995861,0.09869995643996689,0.21066498684305768,0.21066498684305768,0
119,14,0.061951644718647,0.06374881372678853,0.0,0.09817623742128867,98.046875,0.10596605345898383,-0.028596414254179994,0.0,0.08,0.09817623742128867,0.09817623742128867,0
119,10,0.04166437312960625,0.06374881372678853,0.0,0.09614054466400684,98.71244635193133,0.10305792094858121,-0.42530409028091515,0.0,0.08,0.09614054466400684,0.09614054466400684,0
119,19,0.043953947722911835,0.06374881372678853,0.0,0.08024770733368924,100.0,0.08035386761955607,-0.37180806186873877,0.0,0.08,0.08024770733368924,0.08024770733368924,0
119,17,0.056917693465948105,0.06374881372678853,0.0,0.14152972324017535,98.828125,0.16789960462882192,-0.11334430681414247,0.0,0.08,0.14152972324017535,0.14152972324017535,0
119,5,0.2846915125846863,0.06374881372678853,0.7,0.6399999999999996,90.625,0.6399999999999995,1.496455484656101,0.7,0.6399999999999999,0.6399999999999996,0.6399999999999996,0
119,0,0.0595712773501873,0.06374881372678853,0.0,0.2014477462632987,98.4771573604061,0.25349678037614104,-0.06777703040349253,0.0,0.08,0.2014477462632987,0.2014477462632987,0
119,4,0.1556253582239151,0.06374881372678853,0.7,0.46765750479032897,95.8041958041958,0.39379643541475573,0.8925009007898056,0.7,0.6399999999999999,0.46765750479032897,0.46765750479032897,0
119,7,0.05682804808020592,0.06374881372678853,0.0,0.15297473178437815,97.89473684210526,0.18424961683482594,-0.11492054847948874,0.0,0.08,0.15297473178437815,0.15297473178437815,0
119,1,0.1463303565979004,0.06374881372678853,0.7,0.6022627241341928,100.0,0.5860896059059898,0.830916117859283,0.7,0.6399999999999999,0.6022627241341928,0.6022627241341928,0
119,8,0.03858838975429535,0.06374881372678853,0.0,0.08030030111758713,98.4375,0.08042900159655303,-0.5019990257196859,0.0,0.08,0.08030030111758713,0.08030030111758713,0
119,2,0.07176422327756882,0.06374881372678853,0.11843547564908792,0.36083082797240296,96.72131147540983,0.44058044830945986,0.11843547564908792,0.11843547564908792,0.17474838051927033,0.36083082797240296,0.36083082797240296,0
120,14,0.10036475956439972,0.06319838089491644,0.4625324046193495,0.20373114330354597,96.875,0.09817623742128867,0.4625324046193495,0.4625324046193495,0.45002592369547967,0.20373114330354597,0.20373114330354597,0
120,13,0.044982053339481354,0.06319838089491644,0.0,0.15261393373339116,98.125,0.1837341910477017,-0.34001502244995135,0.0,0.08,0.15261393373339116,0.15261393373339116,0
120,1,0.32718104124069214,0.06319838089491644,0.7,0.6135839068939349,97.29729729729729,0.6022627241341928,1.6442348508903473,0.7,0.6399999999999999,0.6135839068939349,0.6135839068939349,0
120,2,0.11682768911123276,0.06319838089491644,0.6144213518982532,0.4240427040362629,96.72131147540983,0.36083082797240296,0.6144213518982532,0.6144213518982532,0.5715370815186026,0.4240427040362629,0.4240427040362629,0
120,5,0.27328601479530334,0.06319838089491644,0.7,0.6399999999999997,89.453125,0.6399999999999996,1.4642401162877186,0.7,0.6399999999999999,0.6399999999999997,0.6399999999999997,0
120,10,0.018189016729593277,0.06319838089491644,0.0,0.09129838126480477,97.85407725321889,0.09614054466400684,-1.2454603550014303,0.0,0.08,0.09129838126480477,0.09129838126480477,0
120,8,0.04271509498357773,0.06319838089491644,0.0,0.08021021078231098,99.21875,0.08030030111758713,-0.39172623593623906,0.0,0.08,0.08021021078231098,0.08021021078231098,0
120,19,0.03365000709891319,0.06319838089491644,0.0,0.08017339513358246,99.21875,0.08024770733368924,-0.6302652760745401,0.0,0.08,0.08017339513358246,0.08017339513358246,0
120,3,0.07843469083309174,0.06319838089491644,0.21598760179404297,0.3835076113864348,96.3157894736842,0.4395294099369493,0.21598760179404297,0.21598760179404297,0.2527900814352344,0.3835076113864348,0.3835076113864348,0
120,9,0.018414221704006195,0.06319838089491644,0.0,0.08007181842090014,100.0,0.08010259774414306,-1.2331550124837407,0.0,0.08,0.08007181842090014,0.08007181842090014,0
120,4,0.15333165228366852,0.06319838089491644,0.7,0.5193602533532302,95.8041958041958,0.46765750479032897,0.8863244623004447,0.7,0.6399999999999999,0.5193602533532302,0.5193602533532302,0
120,12,0.05052066221833229,0.06319838089491644,0.0,0.08577571101426533,95.703125,0.08825101573466476,-0.22389623692703858,0.0,0.08,0.08577571101426533,0.08577571101426533,0
120,6,0.07148408144712448,0.06319838089491644,0.12319608739555075,0.15376343233682183,97.87234042553192,0.14313767337412808,0.12319608739555075,0.12319608739555075,0.1785568699164406,0.15376343233682183,0.15376343233682183,0
120,15,0.07859820127487183,0.06319838089491644,0.21807010155384368,0.22380231516306287,100.0,0.21066498684305768,0.21807010155384368,0.21807010155384368,0.25445608124307495,0.22380231516306287,0.22380231516306287,0
120,11,0.0714314877986908,0.06319838089491644,0.12246007740412254,0.11052453595470606,97.65625,0.08162016768245235,0.12246007740412254,0.12246007740412254,0.17796806192329806,0.11052453595470606,0.11052453595470606,0
120,18,0.05965321511030197,0.06319838089491644,0.0,0.22657071816473387,96.875,0.2893867402353341,-0.05773062599232357,0.0,0.08,0.22657071816473387,0.22657071816473387,0
120,16,0.014528604224324226,0.06319838089491644,0.0,0.07999999999999996,99.21875,0.07999999999999996,-1.4701587406833143,0.0,0.08,0.07999999999999996,0.07999999999999996,0
120,7,0.05843355134129524,0.06319838089491644,0.0,0.1310823122490647,96.84210526315789,0.15297473178437815,-0.0783884350350033,0.0,0.08,0.1310823122490647,0.1310823122490647,0
120,0,0.09473884850740433,0.06319838089491644,0.4048454084309196,0.2621763204077298,98.98477157360406,0.2014477462632987,0.4048454084309196,0.4048454084309196,0.4038763267447357,0.2621763204077298,0.2621763204077298,0
120,17,0.062077172100543976,0.06319838089491644,0.0,0.12307080626812275,98.046875,0.14152972324017535,-0.017900356882121302,0.0,0.08,0.12307080626812275,0.12307080626812275,0
121,5,0.2828231751918793,0.06355397580038653,0.7,0.6399999999999997,91.015625,0.6399999999999997,1.492932200280878,0.7,0.6399999999999999,0.6399999999999997,0.6399999999999997,0
121,3,0.08650560677051544,0.06355397580038653,0.30831963079932506,0.3664520393623424,97.36842105263158,0.3835076113864348,0.30831963079932506,0.30831963079932506,0.3266557046394601,0.3664520393623424,0.3664520393623424,0
121,2,0.028805017471313477,0.06355397580038653,0.0,0.320829892825384,96.72131147540983,0.4240427040362629,-0.7913397779102173,0.0,0.08,0.320829892825384,0.320829892825384,0
121,11,0.034404296427965164,0.06355397580038653,0.0,0.10136717516829424,98.046875,0.11052453595470606,-0.6137079713900031,0.0,0.08,0.10136717516829424,0.10136717516829424,0
121,15,0.10647333413362503,0.06355397580038653,0.5160049492030496,0.3045028084228759,97.65625,0.22380231516306287,0.5160049492030496,0.5160049492030496,0.49280395936243976,0.3045028084228759,0.3045028084228759,0
121,6,0.06673876941204071,0.06355397580038653,0.04889646966058288,0.14336955535431517,98.93617021276596,0.15376343233682183,0.04889646966058288,0.04889646966058288,0.1191171757284663,0.14336955535431517,0.14336955535431517,0
121,8,0.020454758778214455,0.06355397580038653,0.0,0.08014714754761768,98.4375,0.08021021078231098,-1.133673667401099,0.0,0.08,0.08014714754761768,0.08014714754761768,0
121,12,0.04675968363881111,0.06355397580038653,0.0,0.08404299770998572,97.265625,0.08577571101426533,-0.3068681299902436,0.0,0.08,0.08404299770998572,0.08404299770998572,0
121,7,0.08384763449430466,0.06355397580038653,0.27711168118247265,0.18226442205813873,100.0,0.1310823122490647,0.27711168118247265,0.27711168118247265,0.30168934494597816,0.18226442205813873,0.18226442205813873,0
121,14,0.10796843469142914,0.06355397580038653,0.5299492908550321,0.29379963011768984,98.4375,0.20373114330354597,0.5299492908550321,0.5299492908550321,0.5039594326840257,0.29379963011768984,0.29379963011768984,0
121,16,0.011763465590775013,0.06355397580038653,0.0,0.07999999999999996,99.21875,0.07999999999999996,-1.6868902725542145,0.0,0.08,0.07999999999999996,0.07999999999999996,0
121,10,0.056400448083877563,0.06355397580038653,0.0,0.08790886688536334,98.28326180257511,0.09129838126480477,-0.11941243426799106,0.0,0.08,0.08790886688536334,0.08790886688536334,0
121,9,0.04355986416339874,0.06355397580038653,0.0,0.0800502728946301,99.609375,0.08007181842090014,-0.3777533055438647,0.0,0.08,0.0800502728946301,0.0800502728946301,0
121,19,0.02211163192987442,0.06355397580038653,0.0,0.08012137659350771,97.65625,0.08017339513358246,-1.0557854608147321,0.0,0.08,0.08012137659350771,0.08012137659350771,0
121,13,0.07854586094617844,0.06355397580038653,0.21179308259615032,0.1816600934364499,98.75,0.15261393373339116,0.21179308259615032,0.21179308259615032,0.24943446607692027,0.1816600934364499,0.1816600934364499,0
121,1,0.07965441048145294,0.06355397580038653,0.22580781884799073,0.5077026113492722,100.0,0.6135839068939349,0.22580781884799073,0.22580781884799073,0.2606462550783926,0.5077026113492722,0.5077026113492722,0
121,4,0.05349934473633766,0.06355397580038653,0.0,0.38755217734726116,97.2027972027972,0.5193602533532302,-0.1722201219673953,0.0,0.08,0.38755217734726116,0.38755217734726116,0
121,0,0.051372677087783813,0.06355397580038653,0.0,0.20752342428541085,95.93908629441624,0.2621763204077298,-0.21278306317975057,0.0,0.08,0.20752342428541085,0.20752342428541085,0
121,17,0.04273983836174011,0.06355397580038653,0.0,0.11014956438768592,96.875,0.12307080626812275,-0.3967580128326019,0.0,0.08,0.11014956438768592,0.11014956438768592,0
121,18,0.02958601340651512,0.06355397580038653,0.0,0.1825995027153137,97.65625,0.22657071816473387,-0.7645876471890248,0.0,0.08,0.1825995027153137,0.1825995027153137,0
122,3,0.08233949542045593,0.06244217931155395,0.27660985209352934,0.34690279205608676,96.3157894736842,0.3664520393623424,0.27660985209352934,0.27660985209352934,0.3012878816748235,0.34690279205608676,0.34690279205608676,0
122,12,0.07769283652305603,0.06244217931155395,0.2185220301174404,0.1352753856251757,98.046875,0.08404299770998572,0.2185220301174404,0.2185220301174404,0.2548176240939523,0.1352753856251757,0.1352753856251757,0
122,4,0.11442143470048904,0.06244217931155395,0.6056473573765025,0.4406418899134434,97.9020979020979,0.38755217734726116,0.6056473573765025,0.6056473573765025,0.564517885901202,0.4406418899134434,0.4406418899134434,0
122,11,0.02799347974359989,0.06244217931155395,0.0,0.09495702261780598,98.4375,0.10136717516829424,-0.8022691836939411,0.0,0.08,0.09495702261780598,0.09495702261780598,0
122,15,0.06880878657102585,0.06244217931155395,0.09709043622572094,0.26045367059018615,96.09375,0.3045028084228759,0.09709043622572094,0.09709043622572094,0.15767234898057675,0.26045367059018615,0.26045367059018615,0
122,13,0.05157417058944702,0.06244217931155395,0.0,0.1511620654055149,98.75,0.1816600934364499,-0.19121998659347786,0.0,0.08,0.1511620654055149,0.1511620654055149,0
122,16,0.009311645291745663,0.06244217931155395,0.0,0.07999999999999996,100.0,0.07999999999999996,-1.9029742850126379,0.0,0.08,0.07999999999999996,0.07999999999999996,0
122,8,0.0621764250099659,0.06244217931155395,0.0,0.08010300328333236,99.21875,0.08014714754761768,-0.004265088078056879,0.0,0.08,0.08010300328333236,0.08010300328333236,0
122,18,0.07658971846103668,0.06244217931155395,0.20422181687974073,0.20083288795185736,97.265625,0.1825995027153137,0.20422181687974073,0.20422181687974073,0.24337745350379258,0.20083288795185736,0.20083288795185736,0
122,1,0.0400807186961174,0.06244217931155395,0.0,0.37939182794449056,100.0,0.5077026113492722,-0.443345520025364,0.0,0.08,0.37939182794449056,0.37939182794449056,0
122,7,0.009519633837044239,0.06244217931155395,0.0,0.1515850954406971,96.84210526315789,0.18226442205813873,-1.8808837216493137,0.0,0.08,0.1515850954406971,0.1515850954406971,0
122,14,0.04752654582262039,0.06244217931155395,0.0,0.22965974108238288,98.828125,0.29379963011768984,-0.2729525329084364,0.0,0.08,0.22965974108238288,0.22965974108238288,0
122,2,0.0640527680516243,0.06244217931155395,0.02546624289594028,0.2546928232727944,99.18032786885246,0.320829892825384,0.02546624289594028,0.02546624289594028,0.10037299431675223,0.2546928232727944,0.2546928232727944,0
122,17,0.06853558868169785,0.06244217931155395,0.09311214138308703,0.12345160900332103,97.65625,0.11014956438768592,0.09311214138308703,0.09311214138308703,0.15448971310646964,0.12345160900332103,0.12345160900332103,0
122,19,0.036860141903162,0.06244217931155395,0.0,0.08008496361545539,98.828125,0.08012137659350771,-0.5271100843602116,0.0,0.08,0.08008496361545539,0.08008496361545539,0
122,10,0.011601106263697147,0.06244217931155395,0.0,0.08553620681975434,98.71244635193133,0.08790886688536334,-1.6831398345659438,0.0,0.08,0.08553620681975434,0.08553620681975434,0
122,9,0.03846457600593567,0.06244217931155395,0.0,0.08003519102624107,99.609375,0.0800502728946301,-0.48450318370158935,0.0,0.08,0.08003519102624107,0.08003519102624107,0
122,0,0.06328245997428894,0.06244217931155395,0.013367197483576787,0.172474524395846,97.46192893401015,0.20752342428541085,0.013367197483576787,0.013367197483576787,0.09069375798686144,0.172474524395846,0.172474524395846,0
122,5,0.31080299615859985,0.06244217931155395,0.7,0.6399999999999997,92.578125,0.6399999999999997,1.6049181330941296,0.7,0.6399999999999999,0.6399999999999997,0.6399999999999997,0
122,6,0.1158868595957756,0.06244217931155395,0.6183732954459125,0.2727682796550396,97.87234042553192,0.14336955535431517,0.6183732954459125,0.6183732954459125,0.57469863635673,0.2727682796550396,0.2727682796550396,0
123,2,0.11756506562232971,0.0624709056296113,0.6322909168505664,0.354034796335092,98.36065573770492,0.2546928232727944,0.6322909168505664,0.6322909168505664,0.5858327334804531,0.354034796335092,0.354034796335092,0
123,18,0.07093317806720734,0.0624709056296113,0.12703732236531656,0.19507197893397613,97.265625,0.20083288795185736,0.12703732236531656,0.12703732236531656,0.18162985789225328,0.19507197893397613,0.19507197893397613,0
123,11,0.03267616406083107,0.0624709056296113,0.0,0.09046991583246417,97.65625,0.09495702261780598,-0.6480549081709975,0.0,0.08,0.09046991583246417,0.09046991583246417,0
123,9,0.014228989370167255,0.0624709056296113,0.0,0.08002463371836874,98.046875,0.08003519102624107,-1.4794190072077245,0.0,0.08,0.08002463371836874,0.08002463371836874,0
123,0,0.05078808218240738,0.0624709056296113,0.0,0.1447321670770922,96.95431472081218,0.172474524395846,-0.20703917725829077,0.0,0.08,0.1447321670770922,0.1447321670770922,0
123,4,0.030388832092285156,0.0624709056296113,0.0,0.3324493229394104,95.8041958041958,0.4406418899134434,-0.7206255939074294,0.0,0.08,0.3324493229394104,0.3324493229394104,0
123,13,0.06182970851659775,0.0624709056296113,0.0,0.12981344578386042,98.125,0.1511620654055149,-0.010316967484782348,0.0,0.08,0.12981344578386042,0.12981344578386042,0
123,14,0.04048997163772583,0.0624709056296113,0.0,0.184761818757668,98.046875,0.22965974108238288,-0.4336465219647519,0.0,0.08,0.184761818757668,0.184761818757668,0
123,12,0.047021638602018356,0.0624709056296113,0.0,0.11869276993762298,98.4375,0.1352753856251757,-0.2840929942911736,0.0,0.08,0.11869276993762298,0.11869276993762298,0
123,6,0.027432821691036224,0.0624709056296113,0.0,0.2149377957585277,98.93617021276596,0.2727682796550396,-0.8229605655269837,0.0,0.08,0.2149377957585277,0.2149377957585277,0
123,17,0.07367035001516342,0.0624709056296113,0.16489944903806536,0.1499919940714604,95.3125,0.12345160900332103,0.16489944903806536,0.16489944903806536,0.2119195592304523,0.1499919940714604,0.1499919940714604,0
123,3,0.10545496642589569,0.0624709056296113,0.5235829995837181,0.39249187433935306,98.42105263157895,0.34690279205608676,0.5235829995837181,0.5235829995837181,0.49886639966697455,0.39249187433935306,0.39249187433935306,0
123,15,0.10185550898313522,0.0624709056296113,0.488854230062573,0.3236425846281478,99.21875,0.26045367059018615,0.488854230062573,0.488854230062573,0.47108338405005845,0.3236425846281478,0.3236425846281478,0
123,10,0.09182169288396835,0.0624709056296113,0.38514758603564164,0.17631076542238203,98.71244635193133,0.08553620681975434,0.38514758603564164,0.38514758603564164,0.38811806882851335,0.17631076542238203,0.17631076542238203,0
123,8,0.03643035888671875,0.0624709056296113,0.0,0.08007210229833264,99.609375,0.08010300328333236,-0.5392983616330624,0.0,0.08,0.08007210229833264,0.08007210229833264,0
123,19,0.053032901138067245,0.0624709056296113,0.0,0.08005947453081877,98.4375,0.08008496361545539,-0.16378841280484968,0.0,0.08,0.08005947453081877,0.08005947453081877,0
123,7,0.07335594296455383,0.0624709056296113,0.16062256113286513,0.16865898148037559,95.78947368421052,0.1515850954406971,0.16062256113286513,0.16062256113286513,0.2084980489062921,0.16865898148037559,0.16865898148037559,0
123,16,0.004356909077614546,0.0624709056296113,0.0,0.07999999999999996,99.609375,0.07999999999999996,-2.6629359245041413,0.0,0.08,0.07999999999999996,0.07999999999999996,0
123,5,0.18280445039272308,0.0624709056296113,0.7,0.6399999999999997,92.96875,0.6399999999999997,1.073715960612936,0.7,0.6399999999999999,0.6399999999999997,0.6399999999999997,0
123,1,0.06381157040596008,0.0624709056296113,0.021233586437551518,0.29467034030615574,94.5945945945946,0.37939182794449056,0.021233586437551518,0.021233586437551518,0.09698686915004122,0.29467034030615574,0.29467034030615574,0
124,12,0.03920217603445053,0.06196694554938342,0.0,0.10708493895633608,99.21875,0.11869276993762298,-0.45786875652697634,0.0,0.08,0.10708493895633608,0.10708493895633608,0
124,10,0.037764426320791245,0.06196694554938342,0.0,0.1474175357956674,98.71244635193133,0.17631076542238203,-0.49523344626818316,0.0,0.08,0.1474175357956674,0.1474175357956674,0
124,16,0.03009539097547531,0.06196694554938342,0.0,0.07999999999999996,99.609375,0.07999999999999996,-0.7222288993849102,0.0,0.08,0.07999999999999996,0.07999999999999996,0
124,4,0.07115235924720764,0.06196694554938342,0.13822235535625838,0.28988789134308923,96.5034965034965,0.3324493229394104,0.13822235535625838,0.13822235535625838,0.19057788428500672,0.28988789134308923,0.28988789134308923,0
124,2,0.02833239547908306,0.06196694554938342,0.0,0.2718243574345644,100.0,0.354034796335092,-0.7825950484645623,0.0,0.08,0.2718243574345644,0.2718243574345644,0
124,11,0.03438303992152214,0.06196694554938342,0.0,0.0873289410827249,99.21875,0.09046991583246417,-0.5890375598473023,0.0,0.08,0.0873289410827249,0.0873289410827249,0
124,19,0.043200645595788956,0.06196694554938342,0.0,0.08004163217157313,98.4375,0.08005947453081877,-0.3607455969901189,0.0,0.08,0.08004163217157313,0.08004163217157313,0
124,8,0.041671186685562134,0.06196694554938342,0.0,0.08005047160883284,100.0,0.08007210229833264,-0.3967911047754374,0.0,0.08,0.08005047160883284,0.08005047160883284,0
124,1,0.05968509614467621,0.06196694554938342,0.0,0.230269238214309,97.29729729729729,0.29467034030615574,-0.037518756993446124,0.0,0.08,0.230269238214309,0.230269238214309,0
124,15,0.10565731674432755,0.06196694554938342,0.533599822916795,0.37861376673973424,98.046875,0.3236425846281478,0.533599822916795,0.533599822916795,0.506879858333436,0.37861376673973424,0.37861376673973424,0
124,5,0.28360673785209656,0.06196694554938342,0.7,0.6399999999999997,90.234375,0.6399999999999997,1.5209873199760726,0.7,0.6399999999999999,0.6399999999999997,0.6399999999999997,0
124,9,0.023706521838903427,0.06196694554938342,0.0,0.08001724360285811,98.828125,0.08002463371836874,-0.9608506527674582,0.0,0.08,0.08001724360285811,0.08001724360285811,0
124,3,0.06440529227256775,0.06196694554938342,0.03859469519258263,0.30800703888376696,95.78947368421052,0.39249187433935306,0.03859469519258263,0.03859469519258263,0.11087575615406611,0.30800703888376696,0.30800703888376696,0
124,18,0.04858651012182236,0.06196694554938342,0.0,0.16055038525378326,98.828125,0.19507197893397613,-0.24325513926798156,0.0,0.08,0.16055038525378326,0.16055038525378326,0
124,6,0.07557685673236847,0.06196694554938342,0.19854897280220823,0.22210821050349935,98.93617021276596,0.2149377957585277,0.19854897280220823,0.19854897280220823,0.2388391782417666,0.22210821050349935,0.22210821050349935,0
124,13,0.044575855135917664,0.06196694554938342,0.0,0.1148694120487023,100.0,0.12981344578386042,-0.32940869584707433,0.0,0.08,0.1148694120487023,0.1148694120487023,0
124,14,0.06447059661149979,0.06196694554938342,0.0396081405306114,0.16283922685771435,98.4375,0.184761818757668,0.0396081405306114,0.0396081405306114,0.11168651242448913,0.16283922685771435,0.16283922685771435,0
124,0,0.04844458028674126,0.06196694554938342,0.0,0.12531251695396453,96.44670050761421,0.1447321670770922,-0.24618059143906967,0.0,0.08,0.12531251695396453,0.12531251695396453,0
124,7,0.054116323590278625,0.06196694554938342,0.0,0.1420612870362629,100.0,0.16865898148037559,-0.13546521287556282,0.0,0.08,0.1420612870362629,0.1420612870362629,0
124,17,0.055316418409347534,0.06196694554938342,0.0,0.1289943958500223,97.265625,0.1499919940714604,-0.11353132561738194,0.0,0.08,0.1289943958500223,0.1289943958500223,0
125,4,0.049229349941015244,0.06062180551487326,0.0,0.22692152394016243,96.5034965034965,0.28988789134308923,-0.20816462800399024,0.0,0.08,0.22692152394016243,0.22692152394016243,0
125,9,0.017100542783737183,0.06062180551487326,0.0,0.08001207052200068,98.828125,0.08001724360285811,-1.2655440307678445,0.0,0.08,0.08001207052200068,0.08001207052200068,0
125,16,0.029575657099485397,0.06062180551487326,0.0,0.07999999999999996,100.0,0.07999999999999996,-0.7177028544826245,0.0,0.08,0.07999999999999996,0.07999999999999996,0
125,17,0.061746254563331604,0.06062180551487326,0.018378660488498948,0.11870695561225535,97.265625,0.1289943958500223,0.018378660488498948,0.018378660488498948,0.09470292839079916,0.11870695561225535,0.11870695561225535,0
125,18,0.05512853339314461,0.06062180551487326,0.0,0.13638526967764827,98.046875,0.16055038525378326,-0.09498720934639901,0.0,0.08,0.13638526967764827,0.13638526967764827,0
125,15,0.090399831533432,0.06062180551487326,0.39958769415952755,0.38493068331610053,98.046875,0.37861376673973424,0.39958769415952755,0.39958769415952755,0.39967015532762207,0.38493068331610053,0.38493068331610053,0
125,13,0.06971815973520279,0.06062180551487326,0.13980614837238745,0.1379620640434646,96.875,0.1148694120487023,0.13980614837238745,0.13980614837238745,0.19184491869790998,0.1379620640434646,0.1379620640434646,0
125,6,0.03157397732138634,0.06062180551487326,0.0,0.17947574735244953,100.0,0.22210821050349935,-0.6523212247311938,0.0,0.08,0.17947574735244953,0.17947574735244953,0
125,7,0.05787161365151405,0.06062180551487326,0.0,0.12344290092538401,97.89473684210526,0.1420612870362629,-0.04642764821841836,0.0,0.08,0.12344290092538401,0.12344290092538401,0
125,1,0.17513032257556915,0.06062180551487326,0.7,0.35318846675001625,97.29729729729729,0.230269238214309,1.0608756340155865,0.7,0.6399999999999999,0.35318846675001625,0.35318846675001625,0
125,12,0.08908481895923615,0.06062180551487326,0.3849342298731306,0.19134367243898662,96.875,0.10708493895633608,0.3849342298731306,0.3849342298731306,0.3879473838985045,0.19134367243898662,0.19134367243898662,0
125,11,0.048869770020246506,0.06062180551487326,0.0,0.08513025875790743,98.046875,0.0873289410827249,-0.2154956103413885,0.0,0.08,0.08513025875790743,0.08513025875790743,0
125,19,0.03291809558868408,0.06062180551487326,0.0,0.08002914252010118,98.828125,0.08004163217157313,-0.6106319920440119,0.0,0.08,0.08002914252010118,0.08002914252010118,0
125,2,0.039620935916900635,0.06062180551487326,0.0,0.21427705020419507,99.18032786885246,0.2718243574345644,-0.42529690457042335,0.0,0.08,0.21427705020419507,0.21427705020419507,0
125,0,0.07194912433624268,0.06062180551487326,0.1713045815097691,0.15283186143011973,97.46192893401015,0.12531251695396453,0.1713045815097691,0.1713045815097691,0.21704366520781526,0.15283186143011973,0.15283186143011973,0
125,10,0.022506508976221085,0.06062180551487326,0.0,0.12719227505696717,99.14163090128756,0.1474175357956674,-0.9908498207657293,0.0,0.08,0.12719227505696717,0.12719227505696717,0
125,3,0.16346442699432373,0.06062180551487326,0.7,0.40760492721863684,98.42105263157895,0.30800703888376696,0.9919406356520298,0.7,0.6399999999999999,0.40760492721863684,0.40760492721863684,0
125,5,0.29803821444511414,0.06062180551487326,0.7,0.6399999999999997,92.96875,0.6399999999999997,1.5925669279412595,0.7,0.6399999999999999,0.6399999999999997,0.6399999999999997,0
125,14,0.06295188516378403,0.06062180551487326,0.03771604560724217,0.14703930974613816,98.4375,0.16283922685771435,0.03771604560724217,0.03771604560724217,0.11017283648579373,0.14703930974613816,0.14703930974613816,0
125,8,0.03429531306028366,0.06062180551487326,0.0,0.080035330126183,99.21875,0.08005047160883284,-0.5696458293410434,0.0,0.08,0.080035330126183,0.080035330126183,0
126,12,0.08200213313102722,0.06020963231561886,0.30891287182244653,0.23207965994467777,99.609375,0.19134367243898662,0.30891287182244653,0.30891287182244653,0.32713029745795724,0.23207965994467777,0.23207965994467777,0
126,13,0.04871368035674095,0.06020963231561886,0.0,0.1205734448304252,98.125,0.1379620640434646,-0.21187240410686187,0.0,0.08,0.1205734448304252,0.1205734448304252,0
126,18,0.07679980993270874,0.06020963231561886,0.24336978468018108,0.17787843709759724,96.875,0.13638526967764827,0.24336978468018108,0.24336978468018108,0.27469582774414486,0.17787843709759724,0.17787843709759724,0
126,15,0.04752953350543976,0.06020963231561886,0.0,0.2934514783212704,98.4375,0.38493068331610053,-0.23648102461060427,0.0,0.08,0.2934514783212704,0.2934514783212704,0
126,19,0.04136214777827263,0.06020963231561886,0.0,0.08002039976407083,99.21875,0.08002914252010118,-0.37546611135061525,0.0,0.08,0.08002039976407083,0.08002039976407083,0
126,17,0.04514511674642563,0.06020963231561886,0.0,0.10709486892857875,97.65625,0.11870695561225535,-0.2879501715482909,0.0,0.08,0.10709486892857875,0.10709486892857875,0
126,7,0.025141043588519096,0.06020963231561886,0.0,0.1104100306477688,98.94736842105263,0.12344290092538401,-0.8733303997093612,0.0,0.08,0.1104100306477688,0.1104100306477688,0
126,8,0.06088287755846977,0.06020963231561886,0.011119631913800684,0.08269344274764026,99.21875,0.080035330126183,0.011119631913800684,0.011119631913800684,0.08889570553104055,0.08269344274764026,0.08269344274764026,0
126,5,0.278277724981308,0.06020963231561886,0.7,0.6399999999999997,91.015625,0.6399999999999997,1.5307871508264634,0.7,0.6399999999999999,0.6399999999999997,0.6399999999999997,0
126,0,0.05409010872244835,0.06020963231561886,0.0,0.1309823030010838,98.98477157360406,0.15283186143011973,-0.10718099005789937,0.0,0.08,0.1309823030010838,0.1309823030010838,0
126,6,0.015401994809508324,0.06020963231561886,0.0,0.14963302314671467,97.87234042553192,0.17947574735244953,-1.3633348274623174,0.0,0.08,0.14963302314671467,0.14963302314671467,0
126,16,0.02276427671313286,0.06020963231561886,0.0,0.07999999999999996,100.0,0.07999999999999996,-0.972639575158661,0.0,0.08,0.07999999999999996,0.07999999999999996,0
126,10,0.018831083551049232,0.06020963231561886,0.0,0.11303459253987702,98.28326180257511,0.12719227505696717,-1.1623230949255001,0.0,0.08,0.11303459253987702,0.11303459253987702,0
126,2,0.11620821803808212,0.06020963231561886,0.657551140344259,0.33180620882555867,98.36065573770492,0.21427705020419507,0.657551140344259,0.657551140344259,0.6060409122754071,0.33180620882555867,0.33180620882555867,0
126,11,0.03991185128688812,0.06020963231561886,0.0,0.08359118113053521,98.4375,0.08513025875790743,-0.4111589557656509,0.0,0.08,0.08359118113053521,0.08359118113053521,0
126,9,0.03424680233001709,0.06020963231561886,0.0,0.08000844936540047,99.609375,0.08001207052200068,-0.5642390211240517,0.0,0.08,0.08000844936540047,0.08000844936540047,0
126,14,0.06847784668207169,0.06020963231561886,0.1286779220481154,0.15781021811384438,97.265625,0.14703930974613816,0.1286779220481154,0.1286779220481154,0.18294233763849232,0.15781021811384438,0.15781021811384438,0
126,3,0.14571839570999146,0.06020963231561886,0.7,0.4773234490530457,99.47368421052632,0.40760492721863684,0.883843520459113,0.7,0.6399999999999999,0.4773234490530457,0.4773234490530457,0
126,1,0.1337629109621048,0.06020963231561886,0.7,0.4392319267250113,97.29729729729729,0.35318846675001625,0.7982364755897617,0.7,0.6399999999999999,0.4392319267250113,0.4392319267250113,0
126,4,0.07615777850151062,0.06020963231561886,0.23497484168431798,0.23923902876234998,97.2027972027972,0.22692152394016243,0.23497484168431798,0.23497484168431798,0.2679798733474544,0.23923902876234998,0.23923902876234998,0
127,6,0.04948398470878601,0.05932885853801644,0.0,0.12874311620270026,98.93617021276596,0.14963302314671467,-0.18144673136052192,0.0,0.08,0.12874311620270026,0.12874311620270026,0
127,13,0.10305286943912506,0.05932885853801644,0.5521462396682739,0.2409165089016834,99.375,0.1205734448304252,0.5521462396682739,0.5521462396682739,0.5217169917346192,0.2409165089016834,0.2409165089016834,0
127,7,0.08495897054672241,0.05932885853801644,0.3590725487736497,0.1874644331591141,97.89473684210526,0.1104100306477688,0.3590725487736497,0.3590725487736497,0.3672580390189198,0.1874644331591141,0.1874644331591141,0
127,10,0.033219944685697556,0.05932885853801644,0.0,0.10312421477791392,98.71244635193133,0.11303459253987702,-0.5799452693160092,0.0,0.08,0.10312421477791392,0.10312421477791392,0
127,15,0.07633117586374283,0.05932885853801644,0.2519855722676734,0.2898925721691309,97.65625,0.2934514783212704,0.2519855722676734,0.2519855722676734,0.2815884578141387,0.2898925721691309,0.2898925721691309,0
127,16,0.020103080198168755,0.05932885853801644,0.0,0.07999999999999996,100.0,0.07999999999999996,-1.0822224649828387,0.0,0.08,0.07999999999999996,0.07999999999999996,0
127,1,0.07315398752689362,0.05932885853801644,0.20947076489088515,0.38173533228132034,91.89189189189189,0.4392319267250113,0.20947076489088515,0.20947076489088515,0.24757661191270813,0.38173533228132034,0.38173533228132034,0
127,5,0.42146170139312744,0.05932885853801644,0.7,0.6399999999999997,91.40625,0.6399999999999997,1.9606329249575136,0.7,0.6399999999999999,0.6399999999999997,0.6399999999999997,0
127,17,0.057662706822156906,0.05932885853801644,0.0,0.09896640825000513,96.484375,0.10709486892857875,-0.02848520036297114,0.0,0.08,0.09896640825000513,0.09896640825000513,0
127,3,0.08675207197666168,0.05932885853801644,0.37995840883662296,0.4493164324579215,96.84210526315789,0.4773234490530457,0.37995840883662296,0.37995840883662296,0.3839667270692984,0.4493164324579215,0.4493164324579215,0
127,4,0.12937720119953156,0.05932885853801644,0.7,0.35946732013364496,96.5034965034965,0.23923902876234998,0.7796362458375955,0.7,0.6399999999999999,0.35946732013364496,0.35946732013364496,0
127,0,0.058541133999824524,0.05932885853801644,0.0,0.11568761210075865,98.98477157360406,0.1309823030010838,-0.013366186170158788,0.0,0.08,0.11568761210075865,0.11568761210075865,0
127,8,0.03038538433611393,0.05932885853801644,0.0,0.08188540992334818,99.21875,0.08269344274764026,-0.6691339659439148,0.0,0.08,0.08188540992334818,0.08188540992334818,0
127,2,0.050107795745134354,0.05932885853801644,0.0,0.25626434617789107,96.72131147540983,0.33180620882555867,-0.1689192101824859,0.0,0.08,0.25626434617789107,0.25626434617789107,0
127,12,0.06509758532047272,0.05932885853801644,0.09279160085737627,0.20872574616704473,98.046875,0.23207965994467777,0.09279160085737627,0.09279160085737627,0.15423328068590103,0.20872574616704473,0.20872574616704473,0
127,11,0.045456040650606155,0.05932885853801644,0.0,0.08251382679137464,97.65625,0.08359118113053521,-0.266350070044437,0.0,0.08,0.08251382679137464,0.08251382679137464,0
127,19,0.012818994000554085,0.05932885853801644,0.0,0.08001427983484957,100.0,0.08002039976407083,-1.532167252023334,0.0,0.08,0.08001427983484957,0.08001427983484957,0
127,14,0.08690924197435379,0.05932885853801644,0.3817684840793794,0.22609158885874214,99.21875,0.15781021811384438,0.3817684840793794,0.3817684840793794,0.3854147872635036,0.22609158885874214,0.22609158885874214,0
127,18,0.08568651974201202,0.05932885853801644,0.367599624610067,0.23673881587473417,96.875,0.17787843709759724,0.367599624610067,0.367599624610067,0.37407969968805366,0.23673881587473417,0.23673881587473417,0
127,9,0.058438535779714584,0.05932885853801644,0.0,0.08000591455578032,99.21875,0.08000844936540047,-0.01512030684889653,0.0,0.08,0.08000591455578032,0.08000591455578032,0
128,13,0.057380933314561844,0.059577908650229654,0.0,0.19264155623117837,98.125,0.2409165089016834,-0.03757276277837681,0.0,0.08,0.19264155623117837,0.19264155623117837,0
128,19,0.018377674743533134,0.059577908650229654,0.0,0.0800099958843947,98.046875,0.08001427983484957,-1.1761478700585166,0.0,0.08,0.0800099958843947,0.0800099958843947,0
128,9,0.025431940332055092,0.059577908650229654,0.0,0.08000414018904622,99.609375,0.08000591455578032,-0.8512787423400822,0.0,0.08,0.08000414018904622,0.08000414018904622,0
128,18,0.08036134392023087,0.059577908650229654,0.2992483750146429,0.26153678111582823,97.65625,0.23673881587473417,0.2992483750146429,0.2992483750146429,0.31939870001171433,0.26153678111582823,0.26153678111582823,0
128,17,0.0671643391251564,0.059577908650229654,0.11985757480702613,0.12204230372868986,98.4375,0.09896640825000513,0.11985757480702613,0.11985757480702613,0.17588605984562092,0.12204230372868986,0.12204230372868986,0
128,14,0.052192918956279755,0.059577908650229654,0.0,0.1822641122011195,98.046875,0.22609158885874214,-0.1323379878709013,0.0,0.08,0.1822641122011195,0.1822641122011195,0
128,3,0.04022883251309395,0.059577908650229654,0.0,0.33852150272054504,97.36842105263158,0.4493164324579215,-0.3927007991636017,0.0,0.08,0.33852150272054504,0.33852150272054504,0
128,0,0.08834967017173767,0.059577908650229654,0.39401756576865504,0.19954554425500826,98.98477157360406,0.11568761210075865,0.39401756576865504,0.39401756576865504,0.3952140526149241,0.19954554425500826,0.19954554425500826,0
128,2,0.03600762411952019,0.059577908650229654,0.0,0.20338504232452373,95.90163934426229,0.25626434617789107,-0.5035540381258445,0.0,0.08,0.20338504232452373,0.20338504232452373,0
128,15,0.06495824456214905,0.059577908650229654,0.0864598130911773,0.24767515566027418,97.65625,0.2898925721691309,0.0864598130911773,0.0864598130911773,0.14916785047294184,0.24767515566027418,0.24767515566027418,0
128,4,0.05375741794705391,0.059577908650229654,0.0,0.2756271240935515,97.2027972027972,0.35946732013364496,-0.1028031611526057,0.0,0.08,0.2756271240935515,0.2756271240935515,0
128,1,0.3294658064842224,0.059577908650229654,0.7,0.45921473259692425,94.5945945945946,0.38173533228132034,1.7101875919858944,0.7,0.6399999999999999,0.45921473259692425,0.45921473259692425,0
128,8,0.04092556983232498,0.059577908650229654,0.0,0.08131978694634373,97.265625,0.08188540992334818,-0.37552972165016757,0.0,0.08,0.08131978694634373,0.08131978694634373,0
128,11,0.02966594696044922,0.059577908650229654,0.0,0.08175967875396226,98.4375,0.08251382679137464,-0.697284854879819,0.0,0.08,0.08175967875396226,0.08175967875396226,0
128,10,0.07611381262540817,0.059577908650229654,0.24494487305050416,0.15497371987666075,99.57081545064378,0.10312421477791392,0.24494487305050416,0.24494487305050416,0.27595589844040336,0.15497371987666075,0.15497371987666075,0
128,12,0.0923796072602272,0.059577908650229654,0.43862134891555776,0.2753771460566652,98.4375,0.20872574616704473,0.43862134891555776,0.43862134891555776,0.43089707913244624,0.2753771460566652,0.2753771460566652,0
128,7,0.017460471019148827,0.059577908650229654,0.0,0.15522510321137986,97.89473684210526,0.1874644331591141,-1.2273449131648133,0.0,0.08,0.15522510321137986,0.15522510321137986,0
128,16,0.015672193840146065,0.059577908650229654,0.0,0.07999999999999996,99.609375,0.07999999999999996,-1.3353963257731971,0.0,0.08,0.07999999999999996,0.07999999999999996,0
128,6,0.029299041256308556,0.059577908650229654,0.0,0.11412018134189017,97.87234042553192,0.12874311620270026,-0.7097298778082087,0.0,0.08,0.11412018134189017,0.11412018134189017,0
128,5,0.2528758943080902,0.059577908650229654,0.7,0.6399999999999997,86.71875,0.6399999999999997,1.4456138586124339,0.7,0.6399999999999999,0.6399999999999997,0.6399999999999997,0
129,8,0.022220628336071968,0.05891763463037337,0.0,0.08092385086244061,99.609375,0.08131978694634373,-0.9751191032770314,0.0,0.08,0.08092385086244061,0.08092385086244061,0
129,19,0.03223679959774017,0.05891763463037337,0.0,0.08000699711907629,100.0,0.0800099958843947,-0.6030316602166109,0.0,0.08,0.08000699711907629,0.08000699711907629,0
129,1,0.10807745158672333,0.05891763463037337,0.6067075918749393,0.4910601348678324,97.29729729729729,0.45921473259692425,0.6067075918749393,0.6067075918749393,0.5653660734999514,0.4910601348678324,0.4910601348678324,0
129,6,0.039664071053266525,0.05891763463037337,0.0,0.10388412693932311,97.87234042553192,0.11412018134189017,-0.3956945962841277,0.0,0.08,0.10388412693932311,0.10388412693932311,0
129,9,0.04242972657084465,0.05891763463037337,0.0,0.08000289813233236,99.21875,0.08000414018904622,-0.32829116443588113,0.0,0.08,0.08000289813233236,0.08000289813233236,0
129,5,0.3772350549697876,0.05891763463037337,0.7,0.6399999999999997,87.5,0.6399999999999997,1.8567278925804107,0.7,0.6399999999999999,0.6399999999999997,0.6399999999999997,0
129,0,0.06560896337032318,0.05891763463037337,0.10757186070509928,0.18949912754772957,98.4771573604061,0.19954554425500826,0.10757186070509928,0.10757186070509928,0.16605748856407943,0.18949912754772957,0.18949912754772957,0
129,16,0.014220732264220715,0.05891763463037337,0.0,0.07999999999999996,100.0,0.07999999999999996,-1.4214389934500664,0.0,0.08,0.07999999999999996,0.07999999999999996,0
129,4,0.06138823553919792,0.05891763463037337,0.04107776102439303,0.22679764951134038,96.5034965034965,0.2756271240935515,0.04107776102439303,0.04107776102439303,0.11286220881951442,0.22679764951134038,0.22679764951134038,0
129,18,0.05222627520561218,0.05891763463037337,0.0,0.20707574678107973,96.875,0.26153678111582823,-0.12055469892083667,0.0,0.08,0.20707574678107973,0.20707574678107973,0
129,17,0.027053141966462135,0.05891763463037337,0.0,0.10942961261008291,97.265625,0.12204230372868986,-0.7783370928538407,0.0,0.08,0.10942961261008291,0.10942961261008291,0
129,11,0.05481262132525444,0.05891763463037337,0.0,0.08123177512777358,98.4375,0.08175967875396226,-0.07221994904264221,0.0,0.08,0.08123177512777358,0.08123177512777358,0
129,15,0.07111960649490356,0.05891763463037337,0.18822258375282458,0.24254602906286982,96.875,0.24767515566027418,0.18822258375282458,0.18822258375282458,0.2305780670022597,0.24254602906286982,0.24254602906286982,0
129,10,0.05111469328403473,0.05891763463037337,0.0,0.1324816039136625,98.71244635193133,0.15497371987666075,-0.14206842375047277,0.0,0.08,0.1324816039136625,0.1324816039136625,0
129,3,0.09132920950651169,0.05891763463037337,0.43833015973412387,0.3661642902405713,97.89473684210526,0.33852150272054504,0.43833015973412387,0.43833015973412387,0.4306641277872991,0.3661642902405713,0.3661642902405713,0
129,2,0.07688704133033752,0.05891763463037337,0.266196864041061,0.23025677699702124,94.26229508196721,0.20338504232452373,0.266196864041061,0.266196864041061,0.2929574912328488,0.23025677699702124,0.23025677699702124,0
129,12,0.07074489444494247,0.05891763463037337,0.18293989687811527,0.2606695774904133,98.4375,0.2753771460566652,0.18293989687811527,0.18293989687811527,0.22635191750249223,0.2606695774904133,0.2606695774904133,0
129,14,0.1004345715045929,0.05891763463037337,0.5333659701775497,0.2795927113833956,98.4375,0.1822641122011195,0.5333659701775497,0.5333659701775497,0.5066927761420398,0.2795927113833956,0.2795927113833956,0
129,13,0.05514059215784073,0.05891763463037337,0.0,0.15884908936182485,99.375,0.19264155623117837,-0.0662542890092179,0.0,0.08,0.15884908936182485,0.15884908936182485,0
129,7,0.02405490167438984,0.05891763463037337,0.0,0.1326575722479659,95.78947368421052,0.15522510321137986,-0.8958014117464078,0.0,0.08,0.1326575722479659,0.1326575722479659,0
130,6,0.01984003558754921,0.05852353184149078,0.0,0.09671888885752616,97.87234042553192,0.10388412693932311,-1.0817266983139764,0.0,0.08,0.09671888885752616,0.09671888885752616,0
130,1,0.04884444549679756,0.05852353184149078,0.0,0.3677420944074827,97.29729729729729,0.4910601348678324,-0.18078822645781362,0.0,0.08,0.3677420944074827,0.3677420944074827,0
130,11,0.03686397150158882,0.05852353184149078,0.0,0.0808622425894415,99.21875,0.08123177512777358,-0.4621941346558186,0.0,0.08,0.0808622425894415,0.0808622425894415,0
130,14,0.06913714855909348,0.05852353184149078,0.1666632388034345,0.25971407528120116,96.09375,0.2795927113833956,0.1666632388034345,0.1666632388034345,0.2133305910427476,0.25971407528120116,0.25971407528120116,0
130,5,0.31428948044776917,0.05852353184149078,0.7,0.6399999999999997,89.84375,0.6399999999999997,1.680885407352397,0.7,0.6399999999999999,0.6399999999999997,0.6399999999999997,0
130,9,0.016707921400666237,0.05852353184149078,0.0,0.08000202869263265,100.0,0.08000289813233236,-1.253545557078797,0.0,0.08,0.08000202869263265,0.08000202869263265,0
130,19,0.03184923902153969,0.05852353184149078,0.0,0.08000489798335339,99.21875,0.08000699711907629,-0.6084152947889871,0.0,0.08,0.08000489798335339,0.08000489798335339,0
130,16,0.012667356990277767,0.05852353184149078,0.0,0.07999999999999996,99.21875,0.07999999999999996,-1.5303999396915489,0.0,0.08,0.07999999999999996,0.07999999999999996,0
130,18,0.04999160021543503,0.05852353184149078,0.0,0.1689530227467558,98.828125,0.20707574678107973,-0.15757390227002552,0.0,0.08,0.1689530227467558,0.1689530227467558,0
130,17,0.03351784124970436,0.05852353184149078,0.0,0.10060072882705803,98.828125,0.10942961261008291,-0.5573509278975431,0.0,0.08,0.10060072882705803,0.10060072882705803,0
130,13,0.06717215478420258,0.05852353184149078,0.13782984927017716,0.1682735263781199,96.25,0.15884908936182485,0.13782984927017716,0.13782984927017716,0.19026387941614176,0.1682735263781199,0.1682735263781199,0
130,8,0.041673582047224045,0.05852353184149078,0.0,0.08064669560370842,99.609375,0.08092385086244061,-0.3395614539712393,0.0,0.08,0.08064669560370842,0.08064669560370842,0
130,10,0.021846331655979156,0.05852353184149078,0.0,0.11673712273956374,99.57081545064378,0.1324816039136625,-0.9853956203362608,0.0,0.08,0.11673712273956374,0.11673712273956374,0
130,12,0.06844894587993622,0.05852353184149078,0.15665919992771607,0.24406691222594118,99.21875,0.2606695774904133,0.15665919992771607,0.15665919992771607,0.20532735994217288,0.24406691222594118,0.24406691222594118,0
130,2,0.11713935434818268,0.05852353184149078,0.6939352762909594,0.35172421020774514,100.0,0.23025677699702124,0.6939352762909594,0.6939352762909594,0.6351482210327675,0.35172421020774514,0.35172421020774514,0
130,4,0.07196885347366333,0.05852353184149078,0.206804475799552,0.23239142884983072,96.5034965034965,0.22679764951134038,0.206804475799552,0.206804475799552,0.2454435806396416,0.23239142884983072,0.23239142884983072,0
130,7,0.05440080910921097,0.05852353184149078,0.0,0.11686030057357613,98.94736842105263,0.1326575722479659,-0.07304988702444773,0.0,0.08,0.11686030057357613,0.11686030057357613,0
130,3,0.04599174112081528,0.05852353184149078,0.0,0.2803150031683999,96.3157894736842,0.3661642902405713,-0.24096704097941687,0.0,0.08,0.2803150031683999,0.2803150031683999,0
130,15,0.08428703248500824,0.05852353184149078,0.3647990480893989,0.2813339918854646,95.703125,0.24254602906286982,0.3647990480893989,0.3647990480893989,0.3718392384715191,0.2813339918854646,0.2813339918854646,0
130,0,0.04774948209524155,0.05852353184149078,0.0,0.15664938928341068,96.95431472081218,0.18949912754772957,-0.20346066780629962,0.0,0.08,0.15664938928341068,0.15664938928341068,0
131,9,0.02736828476190567,0.05750087503694366,0.0,0.08000142008484284,98.4375,0.08000202869263265,-0.7424151217021416,0.0,0.08,0.08000142008484284,0.08000142008484284,0
131,2,0.11434300243854523,0.05750087503694366,0.687402472179838,0.43518354046858265,97.54098360655738,0.35172421020774514,0.687402472179838,0.687402472179838,0.6299219777438704,0.43518354046858265,0.43518354046858265,0
131,1,0.10325954109430313,0.05750087503694366,0.5854453924764729,0.42192636027959135,91.89189189189189,0.3677420944074827,0.5854453924764729,0.5854453924764729,0.5483563139811783,0.42192636027959135,0.42192636027959135,0
131,18,0.08347548544406891,0.05750087503694366,0.37275278141932916,0.23172778346336806,98.046875,0.1689530227467558,0.37275278141932916,0.37275278141932916,0.37820222513546337,0.23172778346336806,0.23172778346336806,0
131,16,0.015562782995402813,0.05750087503694366,0.0,0.07999999999999996,99.21875,0.07999999999999996,-1.3069173385701607,0.0,0.08,0.07999999999999996,0.07999999999999996,0
131,8,0.05526220425963402,0.05750087503694366,0.0,0.08045268692259588,99.609375,0.08064669560370842,-0.039710951094212875,0.0,0.08,0.08045268692259588,0.08045268692259588,0
131,4,0.06595258414745331,0.05750087503694366,0.13713587382175862,0.21958660991210355,95.1048951048951,0.23239142884983072,0.13713587382175862,0.13713587382175862,0.1897086990574069,0.21958660991210355,0.21958660991210355,0
131,7,0.0555434487760067,0.05750087503694366,0.0,0.10580221040150328,97.89473684210526,0.11686030057357613,-0.03463458428684126,0.0,0.08,0.10580221040150328,0.10580221040150328,0
131,17,0.06564810127019882,0.05750087503694366,0.132508491018544,0.1262225480233912,98.046875,0.10060072882705803,0.132508491018544,0.132508491018544,0.18600679281483523,0.1262225480233912,0.1262225480233912,0
131,3,0.06156236305832863,0.05750087503694366,0.06825051730179311,0.23660062637031026,97.36842105263158,0.2803150031683999,0.06825051730179311,0.06825051730179311,0.1346004138414345,0.23660062637031026,0.23660062637031026,0
131,14,0.05760688707232475,0.05750087503694366,0.001841961740758643,0.20624192351462287,99.21875,0.25971407528120116,0.001841961740758643,0.001841961740758643,0.08147356939260691,0.20624192351462287,0.20624192351462287,0
131,11,0.03413547948002815,0.05750087503694366,0.0,0.08060356981260905,99.21875,0.0808622425894415,-0.5214627493292356,0.0,0.08,0.08060356981260905,0.08060356981260905,0
131,6,0.030424747616052628,0.05750087503694366,0.0,0.0917032222002683,100.0,0.09671888885752616,-0.6365436673945184,0.0,0.08,0.0917032222002683,0.0917032222002683,0
131,13,0.08661098778247833,0.05750087503694366,0.4096264630522217,0.24010181959721716,96.875,0.1682735263781199,0.4096264630522217,0.4096264630522217,0.4077011704417774,0.24010181959721716,0.24010181959721716,0
131,15,0.06250555068254471,0.05750087503694366,0.08345518407369712,0.24096303849751252,95.703125,0.2813339918854646,0.08345518407369712,0.08345518407369712,0.1467641472589577,0.24096303849751252,0.24096303849751252,0
131,19,0.01575920544564724,0.05750087503694366,0.0,0.08000342858834737,97.65625,0.08000489798335339,-1.2943750378086574,0.0,0.08,0.08000342858834737,0.08000342858834737,0
131,10,0.020207969471812248,0.05750087503694366,0.0,0.10571598591769463,99.14163090128756,0.11673712273956374,-1.0457227898686805,0.0,0.08,0.10571598591769463,0.10571598591769463,0
131,12,0.0377979651093483,0.05750087503694366,0.0,0.19484683855815882,98.4375,0.24406691222594118,-0.41954480697675883,0.0,0.08,0.19484683855815882,0.19484683855815882,0
131,0,0.095432348549366,0.05750087503694366,0.5066173694597395,0.2552427411687249,95.43147208121827,0.15664938928341068,0.5066173694597395,0.5066173694597395,0.4852938955677916,0.2552427411687249,0.2552427411687249,0
131,5,0.24266089498996735,0.05750087503694366,0.7,0.6399999999999997,87.5,0.6399999999999997,1.4398646764417948,0.7,0.6399999999999999,0.6399999999999997,0.6399999999999997,0
132,6,0.052740391343832016,0.057709250039781966,0.0,0.08819225554018781,97.87234042553192,0.0917032222002683,-0.09003585584296346,0.0,0.08,0.08819225554018781,0.08819225554018781,0
132,10,0.015157104469835758,0.057709250039781966,0.0,0.09800119014238623,96.99570815450643,0.10571598591769463,-1.3369476228994153,0.0,0.08,0.09800119014238623,0.09800119014238623,0
132,0,0.041329093277454376,0.057709250039781966,0.0,0.20266991881810742,99.49238578680203,0.2552427411687249,-0.3338507149574151,0.0,0.08,0.20266991881810742,0.20266991881810742,0
132,3,0.06570804864168167,0.057709250039781966,0.12980392954168424,0.22077338154922138,98.94736842105263,0.23660062637031026,0.12980392954168424,0.12980392954168424,0.18384314363334742,0.22077338154922138,0.22077338154922138,0
132,16,0.010080688633024693,0.057709250039781966,0.0,0.07999999999999996,100.0,0.07999999999999996,-1.744795077522362,0.0,0.08,0.07999999999999996,0.07999999999999996,0
132,9,0.028115756809711456,0.057709250039781966,0.0,0.08000099405938998,99.609375,0.08000142008484284,-0.7190871311806843,0.0,0.08,0.08000099405938998,0.08000099405938998,0
132,17,0.07352635264396667,0.057709250039781966,0.24222637074260125,0.17049011259459812,96.484375,0.1262225480233912,0.24222637074260125,0.24222637074260125,0.273781096594081,0.17049011259459812,0.17049011259459812,0
132,11,0.06301016360521317,0.057709250039781966,0.08787855255548606,0.101513351482143,98.046875,0.08060356981260905,0.08787855255548606,0.08787855255548606,0.15030284204438885,0.101513351482143,0.101513351482143,0
132,8,0.06975281983613968,0.057709250039781966,0.18954034441028636,0.12580656350428585,99.21875,0.08045268692259588,0.18954034441028636,0.18954034441028636,0.23163227552822913,0.12580656350428585,0.12580656350428585,0
132,14,0.051527202129364014,0.057709250039781966,0.0,0.168369346460236,98.4375,0.20624192351462287,-0.11330758761382118,0.0,0.08,0.168369346460236,0.168369346460236,0
132,19,0.034300316125154495,0.057709250039781966,0.0,0.08000240001184317,99.609375,0.08000342858834737,-0.520262784446963,0.0,0.08,0.08000240001184317,0.08000240001184317,0
132,7,0.023497913032770157,0.057709250039781966,0.0,0.09806154728105229,98.94736842105263,0.10580221040150328,-0.8985056109356708,0.0,0.08,0.09806154728105229,0.09806154728105229,0
132,13,0.08933427929878235,0.057709250039781966,0.43696774629560986,0.2969435328289984,96.25,0.24010181959721716,0.43696774629560986,0.43696774629560986,0.4295741970364879,0.2969435328289984,0.2969435328289984,0
132,1,0.15307776629924774,0.057709250039781966,0.7,0.4873484521957139,89.1891891891892,0.42192636027959135,0.9755284874599957,0.7,0.6399999999999999,0.4873484521957139,0.4873484521957139,0
132,5,0.2739960849285126,0.057709250039781966,0.7,0.6399999999999997,90.234375,0.6399999999999997,1.5576962076051346,0.7,0.6399999999999999,0.6399999999999997,0.6399999999999997,0
132,4,0.06792481988668442,0.057709250039781966,0.16298400428497897,0.21682678796686744,97.2027972027972,0.21958660991210355,0.16298400428497897,0.16298400428497897,0.21038720342798317,0.21682678796686744,0.21682678796686744,0
132,15,0.06908424943685532,0.057709250039781966,0.1799092642616228,0.23585235037104824,97.65625,0.24096303849751252,0.1799092642616228,0.1799092642616228,0.22392741140929823,0.23585235037104824,0.23585235037104824,0
132,2,0.040524013340473175,0.057709250039781966,0.0,0.32862847832800784,96.72131147540983,0.43518354046858265,-0.353522679437722,0.0,0.08,0.32862847832800784,0.32862847832800784,0
132,18,0.11460080742835999,0.057709250039781966,0.6860372905422695,0.35085839815450226,97.265625,0.23172778346336806,0.6860372905422695,0.6860372905422695,0.6288298324338155,0.35085839815450226,0.35085839815450226,0
132,12,0.08974574506282806,0.057709250039781966,0.4415630823040749,0.26636792674368914,98.046875,0.19484683855815882,0.4415630823040749,0.4415630823040749,0.43325046584326,0.26636792674368914,0.26636792674368914,0
133,8,0.03552898392081261,0.05837423564814851,0.0,0.1120645944530001,98.828125,0.12580656350428585,-0.4965257000873941,0.0,0.08,0.1120645944530001,0.1120645944530001,0
133,6,0.06426259130239487,0.05837423564814851,0.09610304037475378,0.10879930856807238,98.93617021276596,0.08819225554018781,0.09610304037475378,0.09610304037475378,0.15688243229980303,0.10879930856807238,0.10879930856807238,0
133,16,0.018325302749872208,0.05837423564814851,0.0,0.07999999999999996,99.609375,0.07999999999999996,-1.1585914789212355,0.0,0.08,0.07999999999999996,0.07999999999999996,0
133,2,0.0925694927573204,0.05837423564814851,0.46108495014319195,0.3647003228639716,97.54098360655738,0.32862847832800784,0.46108495014319195,0.46108495014319195,0.4488679601145536,0.3647003228639716,0.3647003228639716,0
133,14,0.04792005196213722,0.05837423564814851,0.0,0.14185854252216518,96.484375,0.168369346460236,-0.19734054655063613,0.0,0.08,0.14185854252216518,0.14185854252216518,0
133,12,0.053208231925964355,0.05837423564814851,0.0,0.2104575487205824,98.046875,0.26636792674368914,-0.09266148562132022,0.0,0.08,0.2104575487205824,0.2104575487205824,0
133,15,0.07913442701101303,0.05837423564814851,0.3042733470844824,0.26212224856000954,96.484375,0.23585235037104824,0.3042733470844824,0.3042733470844824,0.3234186776675859,0.26212224856000954,0.26212224856000954,0
133,13,0.08454704284667969,0.05837423564814851,0.3704334244184796,0.320764494840734,98.125,0.2969435328289984,0.3704334244184796,0.3704334244184796,0.3763467395347837,0.320764494840734,0.320764494840734,0
133,1,0.0864129438996315,0.05837423564814851,0.39226280057569696,0.459286988675167,97.29729729729729,0.4873484521957139,0.39226280057569696,0.39226280057569696,0.3938102404605576,0.459286988675167,0.459286988675167,0
133,10,0.04545087367296219,0.05837423564814851,0.0,0.09260083309967035,99.57081545064378,0.09800119014238623,-0.25024253020598464,0.0,0.08,0.09260083309967035,0.09260083309967035,0
133,3,0.05554812401533127,0.05837423564814851,0.0,0.17854136708445495,97.36842105263158,0.22077338154922138,-0.04962486895160725,0.0,0.08,0.17854136708445495,0.17854136708445495,0
133,17,0.09599152207374573,0.05837423564814851,0.4973851866222636,0.26271552360556194,98.4375,0.17049011259459812,0.4973851866222636,0.4973851866222636,0.47790814929781095,0.26271552360556194,0.26271552360556194,0
133,9,0.011249621398746967,0.05837423564814851,0.0,0.08000069584157299,98.828125,0.08000099405938998,-1.6465394298320735,0.0,0.08,0.08000069584157299,0.08000069584157299,0
133,7,0.04303647577762604,0.05837423564814851,0.0,0.0926430830967366,100.0,0.09806154728105229,-0.3048265310180274,0.0,0.08,0.0926430830967366,0.0926430830967366,0
133,19,0.038711078464984894,0.05837423564814851,0.0,0.08000168000829022,99.21875,0.08000240001184317,-0.41074871075121105,0.0,0.08,0.08000168000829022,0.08000168000829022,0
133,5,0.33272287249565125,0.05837423564814851,0.7,0.6399999999999997,86.71875,0.6399999999999997,1.7404351654348817,0.7,0.6399999999999999,0.6399999999999997,0.6399999999999997,0
133,4,0.07308828085660934,0.05837423564814851,0.22479338073552488,0.22972916295333318,97.2027972027972,0.21682678796686744,0.22479338073552488,0.22479338073552488,0.2598347045884199,0.22972916295333318,0.22972916295333318,0
133,11,0.04414868354797363,0.05837423564814851,0.0,0.0950593460375001,98.046875,0.101513351482143,-0.2793114579901426,0.0,0.08,0.0950593460375001,0.0950593460375001,0
133,18,0.0436197854578495,0.05837423564814851,0.0,0.2696008787081516,97.265625,0.35085839815450226,-0.2913637218101448,0.0,0.08,0.2696008787081516,0.2696008787081516,0
133,0,0.11409550160169601,0.05837423564814851,0.6701611252959373,0.3267076132437001,97.96954314720813,0.20266991881810742,0.6701611252959373,0.6701611252959373,0.6161289002367498,0.3267076132437001,0.3267076132437001,0
134,5,0.32826271653175354,0.05797462988039844,0.7,0.6399999999999997,87.109375,0.6399999999999997,1.7338086117958438,0.7,0.6399999999999999,0.6399999999999997,0.6399999999999997,0
134,7,0.00532629294320941,0.05797462988039844,0.0,0.08885015816771563,97.89473684210526,0.0926430830967366,-2.387348305650246,0.0,0.08,0.08885015816771563,0.08885015816771563,0
134,13,0.05710723251104355,0.05797462988039844,0.0,0.24853514638851376,98.125,0.320764494840734,-0.015074723795090101,0.0,0.08,0.24853514638851376,0.24853514638851376,0
134,15,0.04329998418688774,0.05797462988039844,0.0,0.20748557399200665,97.65625,0.26212224856000954,-0.29185317072980616,0.0,0.08,0.20748557399200665,0.20748557399200665,0
134,14,0.09606163203716278,0.05797462988039844,0.5049844184744637,0.2444972401993869,96.484375,0.14185854252216518,0.5049844184744637,0.5049844184744637,0.483987534779571,0.2444972401993869,0.2444972401993869,0
134,0,0.04068959876894951,0.05797462988039844,0.0,0.2526953292705901,97.96954314720813,0.3267076132437001,-0.3540329244377622,0.0,0.08,0.2526953292705901,0.2526953292705901,0
134,1,0.13526637852191925,0.05797462988039844,0.7,0.5135008920726168,97.29729729729729,0.459286988675167,0.8472404109655693,0.7,0.6399999999999999,0.5135008920726168,0.5135008920726168,0
134,12,0.09559375047683716,0.05797462988039844,0.5001018794624565,0.2913447351753973,98.828125,0.2104575487205824,0.5001018794624565,0.5001018794624565,0.48008150356996526,0.2913447351753973,0.2913447351753973,0
134,10,0.048137370496988297,0.05797462988039844,0.0,0.08882058316976923,95.27896995708154,0.09260083309967035,-0.18594665488293016,0.0,0.08,0.08882058316976923,0.08882058316976923,0
134,4,0.06034090742468834,0.05797462988039844,0.04000476638313821,0.1944115579992864,96.5034965034965,0.22972916295333318,0.04000476638313821,0.04000476638313821,0.11200381310651057,0.1944115579992864,0.1944115579992864,0
134,2,0.050218649208545685,0.05797462988039844,0.0,0.2792902260047801,98.36065573770492,0.3647003228639716,-0.14361901646951314,0.0,0.08,0.2792902260047801,0.2792902260047801,0
134,11,0.027505336329340935,0.05797462988039844,0.0,0.09054154222625008,97.265625,0.0950593460375001,-0.7456252737332257,0.0,0.08,0.09054154222625008,0.09054154222625008,0
134,16,0.020187243819236755,0.05797462988039844,0.0,0.07999999999999996,99.21875,0.07999999999999996,-1.0549542652904373,0.0,0.08,0.07999999999999996,0.07999999999999996,0
134,18,0.06333554536104202,0.05797462988039844,0.08844119603873031,0.23394650214500137,97.65625,0.2696008787081516,0.08844119603873031,0.08844119603873031,0.15075295683098425,0.23394650214500137,0.23394650214500137,0
134,6,0.03723549470305443,0.05797462988039844,0.0,0.10015951599765066,100.0,0.10879930856807238,-0.442742937881991,0.0,0.08,0.10015951599765066,0.10015951599765066,0
134,3,0.043804530054330826,0.05797462988039844,0.0,0.14897895695911845,98.42105263157895,0.17854136708445495,-0.2802682052670856,0.0,0.08,0.14897895695911845,0.14897895695911845,0
134,17,0.05732402577996254,0.05797462988039844,0.0,0.20790086652389334,97.65625,0.26271552360556194,-0.01128566311987261,0.0,0.08,0.20790086652389334,0.20790086652389334,0
134,9,0.01781560108065605,0.05797462988039844,0.0,0.0800004870891011,100.0,0.08000069584157299,-1.179930571548505,0.0,0.08,0.0800004870891011,0.0800004870891011,0
134,19,0.031224152073264122,0.05797462988039844,0.0,0.08000117600580314,99.21875,0.08000168000829022,-0.6188134509583001,0.0,0.08,0.08000117600580314,0.08000117600580314,0
134,8,0.025821218267083168,0.05797462988039844,0.0,0.10244521611710006,99.21875,0.1120645944530001,-0.8088087168241382,0.0,0.08,0.10244521611710006,0.10244521611710006,0
135,17,0.09858018159866333,0.05677426191992456,0.5517870809070304,0.3019595059844126,97.65625,0.20790086652389334,0.5517870809070304,0.5517870809070304,0.5214296647256244,0.3019595059844126,0.3019595059844126,0
135,11,0.05579886585474014,0.05677426191992456,0.0,0.08737907955837504,96.484375,0.09054154222625008,-0.017329540741927014,0.0,0.08,0.08737907955837504,0.08737907955837504,0
135,15,0.07223929464817047,0.05677426191992456,0.24090101952950752,0.22705614648148648,97.265625,0.20748557399200665,0.24090101952950752,0.24090101952950752,0.272720815623606,0.22705614648148648,0.22705614648148648,0
135,19,0.02242366597056389,0.05677426191992456,0.0,0.0800008232040622,99.21875,0.08000117600580314,-0.9289659003133349,0.0,0.08,0.0800008232040622,0.0800008232040622,0
135,9,0.03331267461180687,0.05677426191992456,0.0,0.08000034096237077,99.21875,0.0800004870891011,-0.533145020225311,0.0,0.08,0.08000034096237077,0.08000034096237077,0
135,12,0.04698872193694115,0.05677426191992456,0.0,0.22794131462277809,97.65625,0.2913447351753973,-0.18917543701000272,0.0,0.08,0.22794131462277809,0.22794131462277809,0
135,13,0.10940495878458023,0.05677426191992456,0.6559730435088488,0.35540813291408335,99.375,0.24853514638851376,0.6559730435088488,0.6559730435088488,0.604778434807079,0.35540813291408335,0.35540813291408335,0
135,7,0.030265316367149353,0.05677426191992456,0.0,0.08619511071740094,98.94736842105263,0.08885015816771563,-0.6290805510189446,0.0,0.08,0.08619511071740094,0.08619511071740094,0
135,6,0.08022335916757584,0.05677426191992456,0.34573159460328945,0.17708724390314495,100.0,0.10015951599765066,0.34573159460328945,0.34573159460328945,0.3565852756826316,0.17708724390314495,0.17708724390314495,0
135,10,0.02194102108478546,0.05677426191992456,0.0,0.08617440821883846,99.57081545064378,0.08882058316976923,-0.9507248145508072,0.0,0.08,0.08617440821883846,0.08617440821883846,0
135,5,0.36875811219215393,0.05677426191992456,0.7,0.6399999999999997,90.625,0.6399999999999997,1.8710576697414012,0.7,0.6399999999999999,0.6399999999999997,0.6399999999999997,0
135,0,0.0726555734872818,0.05677426191992456,0.24664697771741295,0.26008200514159213,95.93908629441624,0.2526953292705901,0.24664697771741295,0.24664697771741295,0.2773175821739304,0.26008200514159213,0.26008200514159213,0
135,4,0.058892011642456055,0.05677426191992456,0.036622361543223986,0.16887745736987422,97.9020979020979,0.1944115579992864,0.036622361543223986,0.036622361543223986,0.1092978892345792,0.16887745736987422,0.16887745736987422,0
135,14,0.08007828891277313,0.05677426191992456,0.3439216284794947,0.2776892589746496,98.046875,0.2444972401993869,0.3439216284794947,0.3439216284794947,0.3551373027835958,0.2776892589746496,0.2776892589746496,0
135,2,0.04540172219276428,0.05677426191992456,0.0,0.21950315820334604,96.72131147540983,0.2792902260047801,-0.22353300560875963,0.0,0.08,0.21950315820334604,0.21950315820334604,0
135,1,0.058992739766836166,0.05677426191992456,0.03833128709297912,0.39265013335314675,94.5945945945946,0.5135008920726168,0.03833128709297912,0.03833128709297912,0.1106650296743833,0.39265013335314675,0.39265013335314675,0
135,3,0.06910078227519989,0.05677426191992456,0.19648293238644893,0.17544117364413064,98.42105263157895,0.14897895695911845,0.19648293238644893,0.19648293238644893,0.23718634590915916,0.17544117364413064,0.17544117364413064,0
135,16,0.032876722514629364,0.05677426191992456,0.0,0.07999999999999996,99.609375,0.07999999999999996,-0.5463180747797601,0.0,0.08,0.07999999999999996,0.07999999999999996,0
135,8,0.03668825700879097,0.05677426191992456,0.0,0.09571165128197004,98.828125,0.10244521611710006,-0.43662626004122973,0.0,0.08,0.09571165128197004,0.09571165128197004,0
135,18,0.05013883858919144,0.05677426191992456,0.0,0.18776255150150095,98.4375,0.23394650214500137,-0.12428713540459116,0.0,0.08,0.18776255150150095,0.18776255150150095,0
136,16,0.03762052580714226,0.056831379602791915,0.0,0.07999999999999996,99.21875,0.07999999999999996,-0.41253874054767,0.0,0.08,0.07999999999999996,0.07999999999999996,0
136,3,0.08243566006422043,0.056831379602791915,0.3719294254416226,0.23607188365688087,98.42105263157895,0.17544117364413064,0.3719294254416226,0.3719294254416226,0.3775435403532981,0.23607188365688087,0.23607188365688087,0
136,4,0.12595410645008087,0.056831379602791915,0.7,0.3102142201589119,95.1048951048951,0.16887745736987422,0.7958288785395745,0.7,0.6399999999999999,0.3102142201589119,0.3102142201589119,0
136,13,0.06808990240097046,0.056831379602791915,0.18074026604254523,0.3161633568900692,96.875,0.35540813291408335,0.18074026604254523,0.18074026604254523,0.2245922128340362,0.3161633568900692,0.3161633568900692,0
136,8,0.024131057783961296,0.056831379602791915,0.0,0.09099815589737903,98.046875,0.09571165128197004,-0.8565886769715191,0.0,0.08,0.09099815589737903,0.09099815589737903,0
136,1,0.04149957001209259,0.056831379602791915,0.0,0.2988550933472027,97.29729729729729,0.39265013335314675,-0.3144054999383212,0.0,0.08,0.2988550933472027,0.2988550933472027,0
136,14,0.08599793165922165,0.056831379602791915,0.4142345548387587,0.31779877444355675,97.65625,0.2776892589746496,0.4142345548387587,0.4142345548387587,0.411387643871007,0.31779877444355675,0.31779877444355675,0
136,12,0.09773784130811691,0.056831379602791915,0.5422001009155207,0.31368694445566964,96.484375,0.22794131462277809,0.5422001009155207,0.5422001009155207,0.5137600807324166,0.31368694445566964,0.31368694445566964,0
136,0,0.06476481258869171,0.056831379602791915,0.1306737877368465,0.23741911265595764,97.46192893401015,0.26008200514159213,0.1306737877368465,0.1306737877368465,0.1845390301894772,0.23741911265595764,0.23741911265595764,0
136,5,0.3168824017047882,0.056831379602791915,0.7,0.6399999999999997,90.625,0.6399999999999997,1.7184419571340683,0.7,0.6399999999999999,0.6399999999999997,0.6399999999999997,0
136,9,0.04700350761413574,0.056831379602791915,0.0,0.08000023867365953,98.046875,0.08000034096237077,-0.18986636516980052,0.0,0.08,0.08000023867365953,0.08000023867365953,0
136,17,0.06419622898101807,0.056831379602791915,0.12185581919646295,0.2646170507962399,98.4375,0.3019595059844126,0.12185581919646295,0.12185581919646295,0.17748465535717037,0.2646170507962399,0.2646170507962399,0
136,6,0.034162141382694244,0.056831379602791915,0.0,0.14796107073220147,95.74468085106383,0.17708724390314495,-0.5089704604089182,0.0,0.08,0.14796107073220147,0.14796107073220147,0
136,2,0.03298725560307503,0.056831379602791915,0.0,0.17765221074234222,95.90163934426229,0.21950315820334604,-0.5439672107576734,0.0,0.08,0.17765221074234222,0.17765221074234222,0
136,11,0.05159373581409454,0.056831379602791915,0.0,0.08516535569086253,99.21875,0.08737907955837504,-0.0966883469448521,0.0,0.08,0.08516535569086253,0.08516535569086253,0
136,15,0.04016133025288582,0.056831379602791915,0.0,0.18293930253704052,97.265625,0.22705614648148648,-0.3471839592757891,0.0,0.08,0.18293930253704052,0.18293930253704052,0
136,10,0.03155750036239624,0.056831379602791915,0.0,0.08432208575318692,99.57081545064378,0.08617440821883846,-0.5882771999228361,0.0,0.08,0.08432208575318692,0.08432208575318692,0
136,7,0.04911361634731293,0.056831379602791915,0.0,0.08433657750218065,96.84210526315789,0.08619511071740094,-0.145952288286421,0.0,0.08,0.08433657750218065,0.08433657750218065,0
136,18,0.045769672840833664,0.056831379602791915,0.0,0.15543378605105065,98.4375,0.18776255150150095,-0.21646688170322548,0.0,0.08,0.15543378605105065,0.15543378605105065,0
136,19,0.027504276484251022,0.056831379602791915,0.0,0.08000057624284354,98.828125,0.0800008232040622,-0.7257469422529182,0.0,0.08,0.08000057624284354,0.08000057624284354,0
137,15,0.05588138476014137,0.05595409784058516,0.0,0.15205751177592836,97.65625,0.18293930253704052,-0.0013003579185306194,0.0,0.08,0.15205751177592836,0.15205751177592836,0
137,5,0.2252601981163025,0.05595409784058516,0.7,0.6399999999999997,90.625,0.6399999999999997,1.3927243626004278,0.7,0.6399999999999999,0.6399999999999997,0.6399999999999997,0
137,19,0.03757296875119209,0.05595409784058516,0.0,0.08000040336999048,99.21875,0.08000057624284354,-0.39824671010369767,0.0,0.08,0.08000040336999048,0.08000040336999048,0
137,11,0.03858364000916481,0.05595409784058516,0.0,0.08361574898360377,98.828125,0.08516535569086253,-0.3717032400669325,0.0,0.08,0.08361574898360377,0.08361574898360377,0
137,9,0.009834878146648407,0.05595409784058516,0.0,0.08000016707156167,99.21875,0.08000023867365953,-1.7385957731255661,0.0,0.08,0.08000016707156167,0.08000016707156167,0
137,2,0.07966694235801697,0.05595409784058516,0.3533229974284362,0.23315406690246426,98.36065573770492,0.17765221074234222,0.3533229974284362,0.3533229974284362,0.362658397942749,0.23315406690246426,0.23315406690246426,0
137,6,0.057166118174791336,0.05595409784058516,0.021429706298139443,0.13271587902409449,97.87234042553192,0.14796107073220147,0.021429706298139443,0.021429706298139443,0.09714376503851156,0.13271587902409449,0.13271587902409449,0
137,14,0.05220937728881836,0.05595409784058516,0.0,0.2464591421104897,98.046875,0.31779877444355675,-0.06926954007274808,0.0,0.08,0.2464591421104897,0.2464591421104897,0
137,1,0.10171644389629364,0.05595409784058516,0.597657226613187,0.37663629973020674,100.0,0.2988550933472027,0.597657226613187,0.597657226613187,0.5581257812905496,0.37663629973020674,0.37663629973020674,0
137,10,0.019422702491283417,0.05595409784058516,0.0,0.08302546002723084,97.85407725321889,0.08432208575318692,-1.058088723659588,0.0,0.08,0.08302546002723084,0.08302546002723084,0
137,3,0.04339087754487991,0.05595409784058516,0.0,0.18925031855981658,98.42105263157895,0.23607188365688087,-0.2542823972553705,0.0,0.08,0.18925031855981658,0.18925031855981658,0
137,16,0.021006429567933083,0.05595409784058516,0.0,0.07999999999999996,99.21875,0.07999999999999996,-0.9797028151032586,0.0,0.08,0.07999999999999996,0.07999999999999996,0
137,0,0.06494195759296417,0.05595409784058516,0.14896221293222844,0.22594430996290518,97.46192893401015,0.23741911265595764,0.14896221293222844,0.14896221293222844,0.19916977034578276,0.22594430996290518,0.22594430996290518,0
137,17,0.047336868941783905,0.05595409784058516,0.0,0.20923193555736794,98.4375,0.2646170507962399,-0.16724217856389764,0.0,0.08,0.20923193555736794,0.20923193555736794,0
137,7,0.023097535595297813,0.05595409784058516,0.0,0.08303560425152645,96.84210526315789,0.08433657750218065,-0.8848054913155585,0.0,0.08,0.08303560425152645,0.08303560425152645,0
137,12,0.03723841533064842,0.05595409784058516,0.0,0.24358086111896873,98.046875,0.31368694445566964,-0.40719068475180326,0.0,0.08,0.24358086111896873,0.24358086111896873,0
137,18,0.0721198320388794,0.05595409784058516,0.25379735616625865,0.1937150157156375,98.046875,0.15543378605105065,0.25379735616625865,0.25379735616625865,0.2830378849330069,0.1937150157156375,0.1937150157156375,0
137,4,0.09069757163524628,0.05595409784058516,0.4829988415152197,0.35706967607489104,96.5034965034965,0.3102142201589119,0.4829988415152197,0.4829988415152197,0.46639907321217583,0.35706967607489104,0.35706967607489104,0
137,13,0.06924702972173691,0.05595409784058516,0.2131485445407591,0.2964700005128306,96.875,0.3161633568900692,0.2131485445407591,0.2131485445407591,0.2505188356326073,0.2964700005128306,0.2964700005128306,0
137,8,0.019351763650774956,0.05595409784058516,0.0,0.08769870912816533,99.21875,0.09099815589737903,-1.0617477750985436,0.0,0.08,0.08769870912816533,0.08769870912816533,0
138,17,0.05983036756515503,0.055336000368056755,0.07808963935098232,0.1892038683343933,98.828125,0.20923193555736794,0.07808963935098232,0.07808963935098232,0.14247171148078586,0.1892038683343933,0.1892038683343933,0
138,19,0.03668573498725891,0.055336000368056755,0.0,0.08000028235899334,99.21875,0.08000040336999048,-0.41103561902350283,0.0,0.08,0.08000028235899334,0.08000028235899334,0
138,3,0.06840405613183975,0.055336000368056755,0.2120083905698093,0.20735723672862583,98.94736842105263,0.18925031855981658,0.2120083905698093,0.2120083905698093,0.24960671245584748,0.20735723672862583,0.20735723672862583,0
138,5,0.2819412350654602,0.055336000368056755,0.7,0.6399999999999997,90.234375,0.6399999999999997,1.6282748197346062,0.7,0.6399999999999999,0.6399999999999997,0.6399999999999997,0
138,7,0.016706470400094986,0.055336000368056755,0.0,0.08212492297606852,96.84210526315789,0.08303560425152645,-1.1976271866022854,0.0,0.08,0.08212492297606852,0.08212492297606852,0
138,15,0.05567358434200287,0.055336000368056755,0.006082086599259441,0.1318999590269721,98.046875,0.15205751177592836,0.006082086599259441,0.006082086599259441,0.08486566927940756,0.1318999590269721,0.1318999590269721,0
138,1,0.1577388495206833,0.055336000368056755,0.7,0.45564540981114465,100.0,0.37663629973020674,1.04751699915876,0.7,0.6399999999999999,0.45564540981114465,0.45564540981114465,0
138,0,0.07281278818845749,0.055336000368056755,0.2744678603799979,0.2480333034652331,97.96954314720813,0.22594430996290518,0.2744678603799979,0.2744678603799979,0.2995742883039983,0.2480333034652331,0.2480333034652331,0
138,12,0.04942311719059944,0.055336000368056755,0.0,0.1945066027832781,98.828125,0.24358086111896873,-0.11300540227037645,0.0,0.08,0.1945066027832781,0.1945066027832781,0
138,8,0.014646675437688828,0.055336000368056755,0.0,0.08538909638971573,98.4375,0.08769870912816533,-1.32920981878618,0.0,0.08,0.08538909638971573,0.08538909638971573,0
138,4,0.07042913138866425,0.055336000368056755,0.2411832390305292,0.3318327506197507,97.9020979020979,0.35706967607489104,0.2411832390305292,0.2411832390305292,0.2729465912244234,0.3318327506197507,0.3318327506197507,0
138,10,0.0262331310659647,0.055336000368056755,0.0,0.08211782201906159,96.99570815450643,0.08302546002723084,-0.7464003410599649,0.0,0.08,0.08211782201906159,0.08211782201906159,0
138,16,0.016101978719234467,0.055336000368056755,0.0,0.07999999999999996,99.21875,0.07999999999999996,-1.2344810913678503,0.0,0.08,0.07999999999999996,0.07999999999999996,0
138,11,0.016126487404108047,0.055336000368056755,0.0,0.08253102428852263,98.4375,0.08361574898360377,-1.232960158023087,0.0,0.08,0.08253102428852263,0.08253102428852263,0
138,14,0.05799417197704315,0.055336000368056755,0.04691881611056907,0.20778191534387935,98.046875,0.2464591421104897,0.04691881611056907,0.04691881611056907,0.11753505288845525,0.20778191534387935,0.20778191534387935,0
138,6,0.03977731242775917,0.055336000368056755,0.0,0.11690111531686614,97.87234042553192,0.13271587902409449,-0.330126917011633,0.0,0.08,0.11690111531686614,0.11690111531686614,0
138,2,0.06719738990068436,0.055336000368056755,0.194210676162693,0.23381840911077129,97.54098360655738,0.23315406690246426,0.194210676162693,0.194210676162693,0.2353685409301544,0.23381840911077129,0.23381840911077129,0
138,13,0.03854780271649361,0.055336000368056755,0.0,0.2315290003589814,98.125,0.2964700005128306,-0.3615245191358894,0.0,0.08,0.2315290003589814,0.2315290003589814,0
138,18,0.048876840621232986,0.055336000368056755,0.0,0.15960051100094624,98.046875,0.1937150157156375,-0.1241199967020101,0.0,0.08,0.15960051100094624,0.15960051100094624,0
138,9,0.037051934748888016,0.055336000368056755,0.0,0.08000011695009317,98.4375,0.08000016707156167,-0.40110303845067463,0.0,0.08,0.08000011695009317,0.08000011695009317,0
139,1,0.30527862906455994,0.0547173982218427,0.7,0.5109517868678012,94.5945945945946,0.45564540981114465,1.7190430224334983,0.7,0.6399999999999999,0.5109517868678012,0.5109517868678012,0
139,10,0.039306871592998505,0.0547173982218427,0.0,0.08148247541334311,99.57081545064378,0.08211782201906159,-0.33078230013183985,0.0,0.08,0.08148247541334311,0.08148247541334311,0
139,0,0.11998384445905685,0.0547173982218427,0.7,0.36562331242566315,97.96954314720813,0.2480333034652331,0.7851752797297129,0.7,0.6399999999999999,0.36562331242566315,0.36562331242566315,0
139,11,0.05191753804683685,0.0547173982218427,0.0,0.08177171700196584,98.4375,0.08253102428852263,-0.052525062145202056,0.0,0.08,0.08177171700196584,0.08177171700196584,0
139,9,0.03782684728503227,0.0547173982218427,0.0,0.08000008186506521,99.609375,0.08000011695009317,-0.36916254730694215,0.0,0.08,0.08000008186506521,0.08000008186506521,0
139,19,0.026842545717954636,0.0547173982218427,0.0,0.08000019765129533,98.828125,0.08000028235899334,-0.7121933797652471,0.0,0.08,0.08000019765129533,0.08000019765129533,0
139,4,0.0654294565320015,0.0547173982218427,0.17879080775974462,0.2991927192961642,97.2027972027972,0.3318327506197507,0.17879080775974462,0.17879080775974462,0.22303264620779573,0.2991927192961642,0.2991927192961642,0
139,18,0.0766303613781929,0.0547173982218427,0.33681158352613116,0.21655513774693386,97.65625,0.15960051100094624,0.33681158352613116,0.33681158352613116,0.34944926682090494,0.21655513774693386,0.21655513774693386,0
139,17,0.04257049411535263,0.0547173982218427,0.0,0.1564427078340753,98.046875,0.1892038683343933,-0.25102028602252985,0.0,0.08,0.1564427078340753,0.1564427078340753,0
139,12,0.067772775888443,0.0547173982218427,0.2139788184668731,0.2115095383803442,98.046875,0.1945066027832781,0.2139788184668731,0.2139788184668731,0.2511830547734985,0.2115095383803442,0.2115095383803442,0
139,2,0.09565956145524979,0.0547173982218427,0.5586138505424225,0.3217402105077213,99.18032786885246,0.23381840911077129,0.5586138505424225,0.5586138505424225,0.5268910804339381,0.3217402105077213,0.3217402105077213,0
139,14,0.04606974124908447,0.0547173982218427,0.0,0.16944734074071552,98.046875,0.20778191534387935,-0.17202532830451128,0.0,0.08,0.16944734074071552,0.16944734074071552,0
139,8,0.060777824372053146,0.0547173982218427,0.10504324842690657,0.10898274709525858,99.21875,0.08538909638971573,0.10504324842690657,0.10504324842690657,0.16403459874152526,0.10898274709525858,0.10898274709525858,0
139,5,0.21905402839183807,0.0547173982218427,0.7,0.6399999999999997,92.578125,0.6399999999999997,1.3871365422005708,0.7,0.6399999999999999,0.6399999999999997,0.6399999999999997,0
139,15,0.05328422039747238,0.0547173982218427,0.0,0.11632997131888045,98.046875,0.1318999590269721,-0.026541485393527055,0.0,0.08,0.11632997131888045,0.11632997131888045,0
139,7,0.07660230249166489,0.0547173982218427,0.33644535765142863,0.16223433191959083,97.89473684210526,0.08212492297606852,0.33644535765142863,0.33644535765142863,0.3491562861211429,0.16223433191959083,0.16223433191959083,0
139,3,0.05516785755753517,0.0547173982218427,0.008198766500955948,0.1711177696702675,98.94736842105263,0.20735723672862583,0.008198766500955948,0.008198766500955948,0.08655901320076476,0.1711177696702675,0.1711177696702675,0
139,6,0.030794749036431313,0.0547173982218427,0.0,0.1058307807218063,96.80851063829788,0.11690111531686614,-0.5748373934800088,0.0,0.08,0.1058307807218063,0.1058307807218063,0
139,16,0.009914472699165344,0.0547173982218427,0.0,0.07999999999999996,99.609375,0.07999999999999996,-1.708185320773701,0.0,0.08,0.07999999999999996,0.07999999999999996,0
139,13,0.05532336235046387,0.0547173982218427,0.011013557894931934,0.18871355414607066,96.25,0.2315290003589814,0.011013557894931934,0.011013557894931934,0.08881084631594555,0.18871355414607066,0.18871355414607066,0
140,0,0.08381027728319168,0.05477021939505838,0.42540897277531986,0.38203447216404096,98.98477157360406,0.36562331242566315,0.42540897277531986,0.42540897277531986,0.42032717822025595,0.38203447216404096,0.38203447216404096,0
140,8,0.03458085283637047,0.05477021939505838,0.0,0.10028792296668101,98.046875,0.10898274709525858,-0.4598463552866899,0.0,0.08,0.10028792296668101,0.10028792296668101,0
140,16,0.009798313491046429,0.05477021939505838,0.0,0.07999999999999996,98.828125,0.07999999999999996,-1.720935488421171,0.0,0.08,0.07999999999999996,0.07999999999999996,0
140,10,0.021363306790590286,0.05477021939505838,0.0,0.08103773278934018,98.71244635193133,0.08148247541334311,-0.9414715046253753,0.0,0.08,0.08103773278934018,0.08103773278934018,0
140,17,0.05161420255899429,0.05477021939505838,0.0,0.1335098954838527,98.828125,0.1564427078340753,-0.05934971536948367,0.0,0.08,0.1335098954838527,0.1335098954838527,0
140,12,0.06881412118673325,0.05477021939505838,0.22826233188365347,0.2268396365183178,97.65625,0.2115095383803442,0.22826233188365347,0.22826233188365347,0.2626098655069228,0.2268396365183178,0.2268396365183178,0
140,1,0.21172891557216644,0.05477021939505838,0.7,0.5496662508074608,97.29729729729729,0.5109517868678012,1.3521600164153667,0.7,0.6399999999999999,0.5496662508074608,0.5496662508074608,0
140,14,0.09646014124155045,0.05477021939505838,0.5659831954385105,0.27844910542374335,98.828125,0.16944734074071552,0.5659831954385105,0.5659831954385105,0.5327865563508084,0.27844910542374335,0.27844910542374335,0
140,7,0.03765038773417473,0.05477021939505838,0.0,0.13756403234371356,98.94736842105263,0.16223433191959083,-0.37480326894214505,0.0,0.08,0.13756403234371356,0.13756403234371356,0
140,4,0.09721571207046509,0.05477021939505838,0.5737856609615107,0.3711434621380775,97.2027972027972,0.2991927192961642,0.5737856609615107,0.5737856609615107,0.5390285287692086,0.3711434621380775,0.3711434621380775,0
140,3,0.0849708691239357,0.05477021939505838,0.4391618121271416,0.24918127367970122,94.73684210526316,0.1711177696702675,0.4391618121271416,0.4391618121271416,0.43132944970171333,0.24918127367970122,0.24918127367970122,0
140,13,0.10611531883478165,0.05477021939505838,0.6613797234148072,0.3148306215218032,98.125,0.18871355414607066,0.6613797234148072,0.6613797234148072,0.6091037787318457,0.3148306215218032,0.3148306215218032,0
140,6,0.05177845433354378,0.05477021939505838,0.0,0.0980815465052644,97.87234042553192,0.1058307807218063,-0.05617247075871906,0.0,0.08,0.0980815465052644,0.0980815465052644,0
140,15,0.08471288532018661,0.05477021939505838,0.43612104994023526,0.21010003190887278,97.65625,0.11632997131888045,0.43612104994023526,0.43612104994023526,0.42889683995218825,0.21010003190887278,0.21010003190887278,0
140,18,0.0851869136095047,0.05477021939505838,0.4417011561735638,0.28159687390450905,98.046875,0.21655513774693386,0.4417011561735638,0.4417011561735638,0.4333609249388511,0.28159687390450905,0.28159687390450905,0
140,11,0.05192657560110092,0.05477021939505838,0.0,0.08124020190137608,98.4375,0.08177171700196584,-0.05331588145329559,0.0,0.08,0.08124020190137608,0.08124020190137608,0
140,9,0.0328218936920166,0.05477021939505838,0.0,0.08000005730554564,100.0,0.08000008186506521,-0.5120506991187336,0.0,0.08,0.08000005730554564,0.08000005730554564,0
140,19,0.05536046251654625,0.05477021939505838,0.010719059494271698,0.08257271263453193,99.21875,0.08000019765129533,0.010719059494271698,0.010719059494271698,0.08857524759541736,0.08257271263453193,0.08257271263453193,0
140,2,0.0477483868598938,0.05477021939505838,0.0,0.24921814735540487,97.54098360655738,0.3217402105077213,-0.1372012943726105,0.0,0.08,0.24921814735540487,0.24921814735540487,0
140,5,0.28215014934539795,0.05477021939505838,0.7,0.6399999999999997,91.796875,0.6399999999999997,1.6392926220482371,0.7,0.6399999999999999,0.6399999999999997,0.6399999999999997,0
141,4,0.11660680174827576,0.05550192664071651,0.7,0.45180042349665417,98.6013986013986,0.3711434621380775,0.7423897774356383,0.7,0.6399999999999999,0.45180042349665417,0.45180042349665417,0
141,8,0.07331626862287521,0.05550192664071651,0.2783647518325601,0.16100908651649112,99.21875,0.10028792296668101,0.2783647518325601,0.2783647518325601,0.30269180146604807,0.16100908651649112,0.16100908651649112,0
141,17,0.07036095857620239,0.05550192664071651,0.2372207712099774,0.17438991192909148,98.828125,0.1335098954838527,0.2372207712099774,0.2372207712099774,0.26977661696798194,0.17438991192909148,0.17438991192909148,0
141,10,0.038102373480796814,0.05550192664071651,0.0,0.08072641295253813,98.71244635193133,0.08103773278934018,-0.37614107584386874,0.0,0.08,0.08072641295253813,0.08072641295253813,0
141,6,0.010673224925994873,0.05550192664071651,0.0,0.09265708255368507,100.0,0.0980815465052644,-1.648678715638489,0.0,0.08,0.09265708255368507,0.09265708255368507,0
141,19,0.05062341317534447,0.05550192664071651,0.0,0.08180089884417235,98.046875,0.08257271263453193,-0.09200353678298588,0.0,0.08,0.08180089884417235,0.08180089884417235,0
141,14,0.06642618775367737,0.05550192664071651,0.17967360858235562,0.2620360398563857,98.828125,0.27844910542374335,0.17967360858235562,0.17967360858235562,0.2237388868658845,0.2620360398563857,0.2620360398563857,0
141,2,0.07632044702768326,0.05550192664071651,0.318523100859403,0.2748982473550401,97.54098360655738,0.24921814735540487,0.318523100859403,0.318523100859403,0.3348184806875224,0.2748982473550401,0.2748982473550401,0
141,9,0.022993505001068115,0.05550192664071651,0.0,0.08000004011388195,99.21875,0.08000005730554564,-0.8812056948742669,0.0,0.08,0.08000004011388195,0.08000004011388195,0
141,12,0.04644941911101341,0.05550192664071651,0.0,0.18278774556282243,99.609375,0.2268396365183178,-0.17805373978458586,0.0,0.08,0.18278774556282243,0.18278774556282243,0
141,11,0.023942861706018448,0.05550192664071651,0.0,0.08086814133096326,98.046875,0.08124020190137608,-0.8407472673318387,0.0,0.08,0.08086814133096326,0.08086814133096326,0
141,5,0.23584939539432526,0.05550192664071651,0.7,0.6399999999999997,91.015625,0.6399999999999997,1.4467755740381991,0.7,0.6399999999999999,0.6399999999999997,0.6399999999999997,0
141,18,0.07691167294979095,0.05550192664071651,0.32623987432587026,0.29941538157136516,98.046875,0.28159687390450905,0.32623987432587026,0.32623987432587026,0.34099189946069625,0.29941538157136516,0.29941538157136516,0
141,7,0.05205688625574112,0.05550192664071651,0.0,0.12029482264059949,100.0,0.13756403234371356,-0.06408063538065975,0.0,0.08,0.12029482264059949,0.12029482264059949,0
141,0,0.10301860421895981,0.05550192664071651,0.6184917779031487,0.43986215721158434,96.95431472081218,0.38203447216404096,0.6184917779031487,0.6184917779031487,0.574793422322519,0.43986215721158434,0.43986215721158434,0
141,15,0.09653675556182861,0.05550192664071651,0.5535060114936728,0.30391146509469247,98.046875,0.21010003190887278,0.5535060114936728,0.5535060114936728,0.5228048091949383,0.30391146509469247,0.30391146509469247,0
141,1,0.13600638508796692,0.05550192664071651,0.7,0.5767663755652225,100.0,0.5496662508074608,0.8962839927652414,0.7,0.6399999999999999,0.5767663755652225,0.5767663755652225,0
141,3,0.12149703502655029,0.05550192664071651,0.7,0.3664268915757908,97.36842105263158,0.24918127367970122,0.7834720271447979,0.7,0.6399999999999999,0.3664268915757908,0.3664268915757908,0
141,16,0.02085975743830204,0.05550192664071651,0.0,0.07999999999999996,98.828125,0.07999999999999996,-0.9785956137516149,0.0,0.08,0.07999999999999996,0.07999999999999996,0
141,13,0.05436869338154793,0.05550192664071651,0.0,0.24438143506526222,98.125,0.3148306215218032,-0.020629231746970792,0.0,0.08,0.24438143506526222,0.24438143506526222,0
142,7,0.06361420452594757,0.05679109129313885,0.11345729813041133,0.13543612739971836,98.94736842105263,0.12029482264059949,0.11345729813041133,0.11345729813041133,0.17076583850432908,0.13543612739971836,0.13543612739971836,0
142,17,0.08422604203224182,0.05679109129313885,0.3941246338714597,0.24066285047951436,96.875,0.17438991192909148,0.3941246338714597,0.3941246338714597,0.3952997070971678,0.24066285047951436,0.24066285047951436,0
142,1,0.16890311241149902,0.05679109129313885,0.7,0.5957364628956557,94.5945945945946,0.5767663755652225,1.0899456643102918,0.7,0.6399999999999999,0.5957364628956557,0.5957364628956557,0
142,3,0.057928018271923065,0.05679109129313885,0.019821702060033947,0.2852560325974617,98.94736842105263,0.3664268915757908,0.019821702060033947,0.019821702060033947,0.09585736164802716,0.2852560325974617,0.2852560325974617,0
142,6,0.04968349635601044,0.05679109129313885,0.0,0.08885995778757955,96.80851063829788,0.09265708255368507,-0.13370663211983258,0.0,0.08,0.08885995778757955,0.08885995778757955,0
142,5,0.25836288928985596,0.05679109129313885,0.7,0.6399999999999997,91.796875,0.6399999999999997,1.5149855369212497,0.7,0.6399999999999999,0.6399999999999997,0.6399999999999997,0
142,11,0.0662190318107605,0.05679109129313885,0.15358841614907728,0.11746891880745283,97.65625,0.08086814133096326,0.15358841614907728,0.15358841614907728,0.20287073291926183,0.11746891880745283,0.11746891880745283,0
142,4,0.06435322016477585,0.05679109129313885,0.12500748351395669,0.3702620924910075,94.4055944055944,0.45180042349665417,0.12500748351395669,0.12500748351395669,0.18000598681116536,0.3702620924910075,0.3702620924910075,0
142,14,0.0761934295296669,0.05679109129313885,0.29389571749580773,0.27796020009846384,99.609375,0.2620360398563857,0.29389571749580773,0.29389571749580773,0.3151165739966462,0.27796020009846384,0.27796020009846384,0
142,19,0.029927024617791176,0.05679109129313885,0.0,0.08126062919092064,98.828125,0.08180089884417235,-0.6406174063769289,0.0,0.08,0.08126062919092064,0.08126062919092064,0
142,2,0.04473066329956055,0.05679109129313885,0.0,0.21642877314852804,95.90163934426229,0.2748982473550401,-0.23872017622008362,0.0,0.08,0.21642877314852804,0.21642877314852804,0
142,10,0.05179789289832115,0.05679109129313885,0.0,0.08050848906677668,99.14163090128756,0.08072641295253813,-0.09202998222165502,0.0,0.08,0.08050848906677668,0.08050848906677668,0
142,15,0.06507182866334915,0.05679109129313885,0.1361122237266631,0.26940495926068386,97.265625,0.30391146509469247,0.1361122237266631,0.1361122237266631,0.18888977898133047,0.26940495926068386,0.26940495926068386,0
142,16,0.005564995110034943,0.05679109129313885,0.0,0.07999999999999996,100.0,0.07999999999999996,-2.3228817431068154,0.0,0.08,0.07999999999999996,0.07999999999999996,0
142,0,0.04365544393658638,0.05679109129313885,0.0,0.33190351004810903,97.96954314720813,0.43986215721158434,-0.2630514245979562,0.0,0.08,0.33190351004810903,0.33190351004810903,0
142,18,0.07595272362232208,0.05679109129313885,0.2907315747088673,0.30336634503008375,97.65625,0.29941538157136516,0.2907315747088673,0.2907315747088673,0.31258525976709384,0.30336634503008375,0.30336634503008375,0
142,12,0.04358932003378868,0.05679109129313885,0.0,0.15195142189397567,97.65625,0.18278774556282243,-0.2645672496696618,0.0,0.08,0.15195142189397567,0.15195142189397567,0
142,13,0.03380720317363739,0.05679109129313885,0.0,0.19506700454568354,98.125,0.24438143506526222,-0.5187054588542789,0.0,0.08,0.19506700454568354,0.19506700454568354,0
142,8,0.01153616514056921,0.05679109129313885,0.0,0.13670636056154378,98.828125,0.16100908651649112,-1.593891883563651,0.0,0.08,0.13670636056154378,0.13670636056154378,0
142,9,0.022653674706816673,0.05679109129313885,0.0,0.08000002807971737,99.21875,0.08000004011388195,-0.9190571271684657,0.0,0.08,0.08000002807971737,0.08000002807971737,0
143,19,0.015121708624064922,0.05659827772233718,0.0,0.08088244043364445,98.828125,0.08126062919092064,-1.3198467025913017,0.0,0.08,0.08088244043364445,0.08088244043364445,0
143,9,0.03649332746863365,0.05659827772233718,0.0,0.08000001965580215,99.21875,0.08000002807971737,-0.43884902367504314,0.0,0.08,0.08000001965580215,0.08000001965580215,0
143,4,0.09092427045106888,0.05659827772233718,0.4740483446923849,0.39695506746987763,99.3006993006993,0.3702620924910075,0.4740483446923849,0.4740483446923849,0.4592386757539079,0.39695506746987763,0.39695506746987763,0
143,6,0.015665026381611824,0.05659827772233718,0.0,0.08620197045130568,98.93617021276596,0.08885995778757955,-1.2845474856169294,0.0,0.08,0.08620197045130568,0.08620197045130568,0
143,2,0.10082297772169113,0.05659827772233718,0.5773876499357358,0.3140731771885462,99.18032786885246,0.21642877314852804,0.5773876499357358,0.5773876499357358,0.5419101199485886,0.3140731771885462,0.3140731771885462,0
143,11,0.059123046696186066,0.05659827772233718,0.04364224605815684,0.11670238221917462,98.828125,0.11746891880745283,0.04364224605815684,0.04364224605815684,0.11491379684652547,0.11670238221917462,0.11670238221917462,0
143,18,0.0488729253411293,0.05659827772233718,0.0,0.2363564415210586,99.21875,0.30336634503008375,-0.1467549587425188,0.0,0.08,0.2363564415210586,0.2363564415210586,0
143,13,0.031700991094112396,0.05659827772233718,0.0,0.16054690318197845,99.375,0.19506700454568354,-0.579630471855501,0.0,0.08,0.16054690318197845,0.16054690318197845,0
143,17,0.05234282836318016,0.05659827772233718,0.0,0.19246399533566003,97.265625,0.24066285047951436,-0.0781636075334425,0.0,0.08,0.19246399533566003,0.19246399533566003,0
143,8,0.0676310807466507,0.05659827772233718,0.1780890671088111,0.1624358284991953,99.21875,0.13670636056154378,0.1780890671088111,0.1780890671088111,0.2224712536870489,0.1624358284991953,0.1624358284991953,0
143,5,0.2638571262359619,0.05659827772233718,0.7,0.6399999999999997,91.796875,0.6399999999999997,1.539429073554115,0.7,0.6399999999999999,0.6399999999999997,0.6399999999999997,0
143,7,0.03229370340704918,0.05659827772233718,0.0,0.11880528917980285,100.0,0.13543612739971836,-0.5611061525712385,0.0,0.08,0.11880528917980285,0.11880528917980285,0
143,14,0.09223168343305588,0.05659827772233718,0.4883250855616607,0.3357701606037232,98.828125,0.27796020009846384,0.4883250855616607,0.4883250855616607,0.4706600684493286,0.3357701606037232,0.3357701606037232,0
143,1,0.031079508364200592,0.05659827772233718,0.0,0.44101552402695904,97.29729729729729,0.5957364628956557,-0.5994297037639719,0.0,0.08,0.44101552402695904,0.44101552402695904,0
143,0,0.07664467394351959,0.05659827772233718,0.3032015154723584,0.32910082074704233,96.44670050761421,0.33190351004810903,0.3032015154723584,0.3032015154723584,0.32256121237788676,0.32910082074704233,0.32910082074704233,0
143,16,0.013133309781551361,0.05659827772233718,0.0,0.07999999999999996,99.609375,0.07999999999999996,-1.460826236722327,0.0,0.08,0.07999999999999996,0.07999999999999996,0
143,3,0.1177169606089592,0.05659827772233718,0.7,0.39167922281822315,96.84210526315789,0.2852560325974617,0.7323044566693003,0.7,0.6399999999999999,0.39167922281822315,0.39167922281822315,0
143,12,0.06175127252936363,0.05659827772233718,0.08713601250269115,0.15127863832642885,99.21875,0.15195142189397567,0.08713601250269115,0.08713601250269115,0.14970881000215291,0.15127863832642885,0.15127863832642885,0
143,15,0.06787314265966415,0.05659827772233718,0.18166182858718585,0.25618231034340333,97.65625,0.26940495926068386,0.18166182858718585,0.18166182858718585,0.2253294628697487,0.25618231034340333,0.25618231034340333,0
143,10,0.03653158247470856,0.05659827772233718,0.0,0.08035594234674368,99.57081545064378,0.08050848906677668,-0.4378012990252818,0.0,0.08,0.08035594234674368,0.08035594234674368,0
144,13,0.028661880642175674,0.05651174370307178,0.0,0.1363828322273849,97.5,0.16054690318197845,-0.6788802584603295,0.0,0.08,0.1363828322273849,0.1363828322273849,0
144,0,0.06824326515197754,0.05651174370307178,0.18863024997866973,0.29964183451781035,97.46192893401015,0.32910082074704233,0.18863024997866973,0.18863024997866973,0.23090419998293582,0.29964183451781035,0.29964183451781035,0
144,11,0.02533842623233795,0.05651174370307178,0.0,0.10569166755342221,98.4375,0.11670238221917462,-0.8021261851022446,0.0,0.08,0.10569166755342221,0.10569166755342221,0
144,16,0.017721405252814293,0.05651174370307178,0.0,0.07999999999999996,100.0,0.07999999999999996,-1.159674837131986,0.0,0.08,0.07999999999999996,0.07999999999999996,0
144,8,0.020852020010352135,0.05651174370307178,0.0,0.1377050799494367,100.0,0.1624358284991953,-0.9969973405477924,0.0,0.08,0.1377050799494367,0.1377050799494367,0
144,12,0.04897427558898926,0.05651174370307178,0.0,0.1298950468285002,97.65625,0.15127863832642885,-0.14315327019480434,0.0,0.08,0.1298950468285002,0.1298950468285002,0
144,18,0.03628377988934517,0.05651174370307178,0.0,0.189449509064741,97.265625,0.2363564415210586,-0.4430775646487525,0.0,0.08,0.189449509064741,0.189449509064741,0
144,17,0.04530966281890869,0.05651174370307178,0.0,0.158724796734962,98.046875,0.19246399533566003,-0.2209281089536322,0.0,0.08,0.158724796734962,0.158724796734962,0
144,1,0.061948925256729126,0.05651174370307178,0.09186177412830346,0.35475769260966417,97.29729729729729,0.44101552402695904,0.09186177412830346,0.09186177412830346,0.15348941930264276,0.35475769260966417,0.35475769260966417,0
144,2,0.04928138107061386,0.05651174370307178,0.0,0.24385122403198234,97.54098360655738,0.3140731771885462,-0.13690209993917396,0.0,0.08,0.24385122403198234,0.24385122403198234,0
144,4,0.06855864077806473,0.05651174370307178,0.19324094800276462,0.3482463747495778,95.8041958041958,0.39695506746987763,0.19324094800276462,0.19324094800276462,0.23459275840221172,0.3482463747495778,0.3482463747495778,0
144,19,0.027940109372138977,0.05651174370307178,0.0,0.08061770830355111,99.21875,0.08088244043364445,-0.704385020394381,0.0,0.08,0.08061770830355111,0.08061770830355111,0
144,7,0.07638322561979294,0.05651174370307178,0.30131459637410546,0.1794792055556473,96.84210526315789,0.11880528917980285,0.30131459637410546,0.30131459637410546,0.3210516770992844,0.1794792055556473,0.1794792055556473,0
144,5,0.25145643949508667,0.05651174370307178,0.7,0.6399999999999997,90.625,0.6399999999999997,1.4928211648439496,0.7,0.6399999999999999,0.6399999999999997,0.6399999999999997,0
144,6,0.017813708633184433,0.05651174370307178,0.0,0.08434137931591397,97.87234042553192,0.08620197045130568,-1.1544797764767196,0.0,0.08,0.08434137931591397,0.08434137931591397,0
144,9,0.022218497470021248,0.05651174370307178,0.0,0.0800000137590615,99.609375,0.08000001965580215,-0.933523035270649,0.0,0.08,0.0800000137590615,0.0800000137590615,0
144,15,0.05719564110040665,0.05651174370307178,0.012029219122187596,0.20621462982970734,96.875,0.25618231034340333,0.012029219122187596,0.012029219122187596,0.08962337529775008,0.20621462982970734,0.20621462982970734,0
144,10,0.03820185735821724,0.05651174370307178,0.0,0.08024915964272057,98.71244635193133,0.08035594234674368,-0.3915642485192653,0.0,0.08,0.08024915964272057,0.08024915964272057,0
144,3,0.1234721764922142,0.05651174370307178,0.7,0.4661754559727561,97.36842105263158,0.39167922281822315,0.7815672734549712,0.7,0.6399999999999999,0.4661754559727561,0.4661754559727561,0
144,14,0.07084400951862335,0.05651174370307178,0.226031905449905,0.31328676973058345,97.65625,0.3357701606037232,0.226031905449905,0.226031905449905,0.260825524359924,0.31328676973058345,0.31328676973058345,0
145,17,0.046154387295246124,0.0555747662531595,0.0,0.1351073577144734,98.4375,0.158724796734962,-0.18573719472782754,0.0,0.08,0.1351073577144734,0.1351073577144734,0
145,18,0.04988674819469452,0.0555747662531595,0.0,0.15661465634531868,96.875,0.189449509064741,-0.10797383310646497,0.0,0.08,0.15661465634531868,0.15661465634531868,0
145,8,0.02843470685184002,0.0555747662531595,0.0,0.12039355596460569,99.609375,0.1377050799494367,-0.6701186108327324,0.0,0.08,0.12039355596460569,0.12039355596460569,0
145,11,0.05286204814910889,0.0555747662531595,0.0,0.09798416728739553,97.65625,0.10569166755342221,-0.05004358953850269,0.0,0.08,0.09798416728739553,0.09798416728739553,0
145,7,0.09431488811969757,0.0555747662531595,0.5289097297758243,0.27657377903515096,97.89473684210526,0.1794792055556473,0.5289097297758243,0.5289097297758243,0.5031277838206595,0.27657377903515096,0.27657377903515096,0
145,2,0.04720500111579895,0.0555747662531595,0.0,0.19469585682238763,98.36065573770492,0.24385122403198234,-0.1632293791444163,0.0,0.08,0.19469585682238763,0.19469585682238763,0
145,12,0.07604478299617767,0.0555747662531595,0.3135931143897672,0.19018888023349428,98.828125,0.1298950468285002,0.3135931143897672,0.3135931143897672,0.3308744915118138,0.19018888023349428,0.19018888023349428,0
145,10,0.04993002861738205,0.0555747662531595,0.0,0.08017441174990439,97.85407725321889,0.08024915964272057,-0.10710663586547617,0.0,0.08,0.08017441174990439,0.08017441174990439,0
145,19,0.02241361327469349,0.0555747662531595,0.0,0.08043239581248578,99.21875,0.08061770830355111,-0.9080604779088488,0.0,0.08,0.08043239581248578,0.08043239581248578,0
145,1,0.047216493636369705,0.0555747662531595,0.0,0.2723303848267649,100.0,0.35475769260966417,-0.16298594901818558,0.0,0.08,0.2723303848267649,0.2723303848267649,0
145,6,0.06307733803987503,0.0555747662531595,0.12663228618345937,0.11343071420517002,100.0,0.08434137931591397,0.12663228618345937,0.12663228618345937,0.1813058289467675,0.11343071420517002,0.11343071420517002,0
145,14,0.039591141045093536,0.0555747662531595,0.0,0.2433007388114084,98.4375,0.31328676973058345,-0.3391237989754987,0.0,0.08,0.2433007388114084,0.2433007388114084,0
145,13,0.030437692999839783,0.0555747662531595,0.0,0.11946798255916943,99.375,0.1363828322273849,-0.6020473635883168,0.0,0.08,0.11946798255916943,0.11946798255916943,0
145,0,0.036568284034729004,0.0555747662531595,0.0,0.23374928416246724,95.43147208121827,0.29964183451781035,-0.4185478520450791,0.0,0.08,0.23374928416246724,0.23374928416246724,0
145,5,0.22598934173583984,0.0555747662531595,0.7,0.6399999999999997,91.015625,0.6399999999999997,1.4027584481410456,0.7,0.6399999999999999,0.6399999999999997,0.6399999999999997,0
145,15,0.10355130583047867,0.0555747662531595,0.6223378611519332,0.31771132755725906,97.265625,0.20621462982970734,0.6223378611519332,0.6223378611519332,0.5778702889215466,0.31771132755725906,0.31771132755725906,0
145,3,0.045660220086574554,0.0555747662531595,0.0,0.3503228191809293,96.3157894736842,0.4661754559727561,-0.19650175359140298,0.0,0.08,0.3503228191809293,0.3503228191809293,0
145,9,0.018787402659654617,0.0555747662531595,0.0,0.08000000963134304,99.609375,0.0800000137590615,-1.0845423275938972,0.0,0.08,0.08000000963134304,0.08000000963134304,0
145,16,0.023262249305844307,0.0555747662531595,0.0,0.07999999999999996,99.21875,0.07999999999999996,-0.8708971587672674,0.0,0.08,0.07999999999999996,0.07999999999999996,0
145,4,0.056931860744953156,0.0555747662531595,0.024125869056785303,0.2735626708983329,98.6013986013986,0.3482463747495778,0.024125869056785303,0.024125869056785303,0.09930069524542824,0.2735626708983329,0.2735626708983329,0
146,12,0.03700457513332367,0.05473836436545198,0.0,0.15713221616344597,98.828125,0.19018888023349428,-0.39152317830343886,0.0,0.08,0.15713221616344597,0.15713221616344597,0
146,3,0.07398893684148788,0.05473836436545198,0.3013507092487236,0.3415501436463442,100.0,0.3503228191809293,0.3013507092487236,0.3013507092487236,0.3210805673989789,0.3415501436463442,0.3415501436463442,0
146,9,0.02936372347176075,0.05473836436545198,0.0,0.08000000674194013,98.828125,0.08000000963134304,-0.6228046482855182,0.0,0.08,0.08000000674194013,0.08000000674194013,0
146,14,0.03285758197307587,0.05473836436545198,0.0,0.19431051716798586,98.4375,0.2433007388114084,-0.5103821772719104,0.0,0.08,0.19431051716798586,0.19431051716798586,0
146,4,0.13488933444023132,0.05473836436545198,0.7,0.38349386962883303,97.9020979020979,0.2735626708983329,0.901889765719363,0.7,0.6399999999999999,0.38349386962883303,0.38349386962883303,0
146,15,0.07122071087360382,0.05473836436545198,0.2632187937923122,0.30957043980023624,95.703125,0.31771132755725906,0.2632187937923122,0.2632187937923122,0.2905750350338498,0.30957043980023624,0.30957043980023624,0
146,18,0.07328128814697266,0.05473836436545198,0.29174042930453203,0.20364796247481076,97.265625,0.15661465634531868,0.29174042930453203,0.29174042930453203,0.31339234344362565,0.20364796247481076,0.20364796247481076,0
146,2,0.06940911710262299,0.05473836436545198,0.23745336752034576,0.21727590798055432,99.18032786885246,0.19469585682238763,0.23745336752034576,0.23745336752034576,0.26996269401627665,0.21727590798055432,0.21727590798055432,0
146,10,0.03253445029258728,0.05473836436545198,0.0,0.08012208822493307,98.71244635193133,0.08017441174990439,-0.5202651615001794,0.0,0.08,0.08012208822493307,0.08012208822493307,0
146,5,0.22118651866912842,0.05473836436545198,0.7,0.6399999999999997,90.625,0.6399999999999997,1.3964413608673278,0.7,0.6399999999999999,0.6399999999999997,0.6399999999999997,0
146,19,0.040036510676145554,0.05473836436545198,0.0,0.08030267706874003,98.4375,0.08043239581248578,-0.31277295132099786,0.0,0.08,0.08030267706874003,0.08030267706874003,0
146,6,0.07791176438331604,0.05473836436545198,0.35301208307390924,0.18812439988135723,98.93617021276596,0.11343071420517002,0.35301208307390924,0.35301208307390924,0.3624096664591274,0.18812439988135723,0.18812439988135723,0
146,8,0.049394454807043076,0.05473836436545198,0.0,0.10827548917522398,99.21875,0.12039355596460569,-0.10272663631660538,0.0,0.08,0.10827548917522398,0.10827548917522398,0
146,0,0.049971193075180054,0.05473836436545198,0.0,0.18762449891372704,100.0,0.23374928416246724,-0.09111810477670002,0.0,0.08,0.18762449891372704,0.18762449891372704,0
146,1,0.2930745780467987,0.05473836436545198,0.7,0.3826312693787354,94.5945945945946,0.2723303848267649,1.67786213754092,0.7,0.6399999999999999,0.3826312693787354,0.3826312693787354,0
146,17,0.024644166231155396,0.05473836436545198,0.0,0.11857515040013139,96.875,0.1351073577144734,-0.7980243915878475,0.0,0.08,0.11857515040013139,0.11857515040013139,0
146,11,0.031415313482284546,0.05473836436545198,0.0,0.09258891710117687,98.046875,0.09798416728739553,-0.5552692229256628,0.0,0.08,0.09258891710117687,0.09258891710117687,0
146,13,0.10019294172525406,0.05473836436545198,0.6045328383211493,0.25271546898849445,97.5,0.11946798255916943,0.6045328383211493,0.6045328383211493,0.5636262706569195,0.25271546898849445,0.25271546898849445,0
146,7,0.017683647572994232,0.05473836436545198,0.0,0.21760164532460566,97.89473684210526,0.27657377903515096,-1.1299240936780381,0.0,0.08,0.21760164532460566,0.21760164532460566,0
146,16,0.011400663293898106,0.05473836436545198,0.0,0.07999999999999996,100.0,0.07999999999999996,-1.5688925912674831,0.0,0.08,0.07999999999999996,0.07999999999999996,0
147,2,0.02167118340730667,0.05423281032301794,0.0,0.176093135586388,98.36065573770492,0.21727590798055432,-0.9173023802982061,0.0,0.08,0.176093135586388,0.176093135586388,0
147,19,0.03999339044094086,0.05423281032301794,0.0,0.08021187394811802,98.4375,0.08030267706874003,-0.30457181466943156,0.0,0.08,0.08021187394811802,0.08021187394811802,0
147,18,0.08735301345586777,0.05423281032301794,0.47667138290445443,0.2809547056294366,96.484375,0.20364796247481076,0.47667138290445443,0.47667138290445443,0.46133710632356356,0.2809547056294366,0.2809547056294366,0
147,16,0.012334694154560566,0.05423281032301794,0.0,0.07999999999999996,99.609375,0.07999999999999996,-1.4808695007279675,0.0,0.08,0.07999999999999996,0.07999999999999996,0
147,17,0.06994784623384476,0.05423281032301794,0.25446378732555625,0.16807391423822549,99.21875,0.11857515040013139,0.25446378732555625,0.25446378732555625,0.283571029860445,0.16807391423822549,0.16807391423822549,0
147,9,0.01955951191484928,0.05423281032301794,0.0,0.08000000471935809,100.0,0.08000000674194013,-1.01982404386787,0.0,0.08,0.08000000471935809,0.08000000471935809,0
147,4,0.06766186654567719,0.05423281032301794,0.22123663170787713,0.3455425003500736,96.5034965034965,0.38349386962883303,0.22123663170787713,0.22123663170787713,0.2569893053663017,0.3455425003500736,0.3455425003500736,0
147,0,0.08697476238012314,0.05423281032301794,0.4723318377674143,0.26869679030378835,97.96954314720813,0.18762449891372704,0.4723318377674143,0.4723318377674143,0.4578654702139315,0.26869679030378835,0.26869679030378835,0
147,7,0.05607135593891144,0.05423281032301794,0.03333900495877073,0.18432251291732893,97.89473684210526,0.21760164532460566,0.03333900495877073,0.03333900495877073,0.10667120396701658,0.18432251291732893,0.18432251291732893,0
147,13,0.031004879623651505,0.05423281032301794,0.0,0.2009008282919461,99.375,0.25271546898849445,-0.5591413443523909,0.0,0.08,0.2009008282919461,0.2009008282919461,0
147,10,0.0497438982129097,0.05423281032301794,0.0,0.08008546175745315,96.99570815450643,0.08012208822493307,-0.08639825806918983,0.0,0.08,0.08008546175745315,0.08008546175745315,0
147,11,0.03973893076181412,0.05423281032301794,0.0,0.0888122419708238,98.4375,0.09258891710117687,-0.31095468363326223,0.0,0.08,0.0888122419708238,0.0888122419708238,0
147,14,0.07327159494161606,0.05423281032301794,0.30088688622226334,0.2322302147109333,98.4375,0.19431051716798586,0.30088688622226334,0.30088688622226334,0.3207095089778107,0.2322302147109333,0.2322302147109333,0
147,8,0.027915073558688164,0.05423281032301794,0.0,0.09979284242265679,98.828125,0.10827548917522398,-0.6641190941111224,0.0,0.08,0.09979284242265679,0.09979284242265679,0
147,5,0.22929970920085907,0.05423281032301794,0.7,0.6399999999999997,90.625,0.6399999999999997,1.4417436990755463,0.7,0.6399999999999999,0.6399999999999997,0.6399999999999997,0
147,6,0.04327462241053581,0.05423281032301794,0.0,0.15568707991695005,98.93617021276596,0.18812439988135723,-0.22571965943689531,0.0,0.08,0.15568707991695005,0.15568707991695005,0
147,15,0.053341154009103775,0.05423281032301794,0.0,0.24069930786016536,98.4375,0.30957043980023624,-0.016577925236058222,0.0,0.08,0.24069930786016536,0.24069930786016536,0
147,1,0.15770938992500305,0.05423281032301794,0.7,0.45984188856511476,94.5945945945946,0.3826312693787354,1.0674678323707718,0.7,0.6399999999999999,0.45984188856511476,0.45984188856511476,0
147,12,0.02210024744272232,0.05423281032301794,0.0,0.13399255131441218,98.4375,0.15713221616344597,-0.8976970087468924,0.0,0.08,0.13399255131441218,0.13399255131441218,0
147,3,0.08188030868768692,0.05423281032301794,0.41197238672181136,0.36195847336567566,97.36842105263158,0.3415501436463442,0.41197238672181136,0.41197238672181136,0.40957790937744915,0.36195847336567566,0.36195847336567566,0
148,4,0.06235742196440697,0.05396378190181682,0.14456956119886058,0.3005764449327781,98.6013986013986,0.3455425003500736,0.14456956119886058,0.14456956119886058,0.1956556489590885,0.3005764449327781,0.3005764449327781,0
148,14,0.02663438208401203,0.05396378190181682,0.0,0.1865611502976533,97.265625,0.2322302147109333,-0.70610998517275,0.0,0.08,0.1865611502976533,0.1865611502976533,0
148,8,0.029714912176132202,0.05396378190181682,0.0,0.09385498969585976,98.828125,0.09979284242265679,-0.5966639515225719,0.0,0.08,0.09385498969585976,0.09385498969585976,0
148,3,0.08347481489181519,0.05396378190181682,0.43623178676719543,0.3820665601800999,97.36842105263158,0.36195847336567566,0.43623178676719543,0.43623178676719543,0.4289854294137564,0.3820665601800999,0.3820665601800999,0
148,1,0.0307821836322546,0.05396378190181682,0.0,0.3458893219955803,100.0,0.45984188856511476,-0.5613769073525287,0.0,0.08,0.3458893219955803,0.3458893219955803,0
148,2,0.049120038747787476,0.05396378190181682,0.0,0.1472651949104716,100.0,0.176093135586388,-0.09404602506747115,0.0,0.08,0.1472651949104716,0.1472651949104716,0
148,0,0.051006853580474854,0.05396378190181682,0.0,0.21208775321265183,96.95431472081218,0.26869679030378835,-0.056353097649689536,0.0,0.08,0.21208775321265183,0.21208775321265183,0
148,11,0.057773616164922714,0.05396378190181682,0.06821907549144578,0.10254114749752363,99.609375,0.0888122419708238,0.06821907549144578,0.06821907549144578,0.13457526039315662,0.10254114749752363,0.10254114749752363,0
148,5,0.22578741610050201,0.05396378190181682,0.7,0.6399999999999997,88.671875,0.6399999999999997,1.4312806628336983,0.7,0.6399999999999999,0.6399999999999997,0.6399999999999997,0
148,12,0.041798826307058334,0.05396378190181682,0.0,0.11779478592008852,98.046875,0.13399255131441218,-0.25544480172912487,0.0,0.08,0.11779478592008852,0.11779478592008852,0
148,15,0.06988891959190369,0.05396378190181682,0.25859396043188043,0.2545520660057671,98.046875,0.24069930786016536,0.25859396043188043,0.25859396043188043,0.28687516834550436,0.2545520660057671,0.2545520660057671,0
148,9,0.025476621463894844,0.05396378190181682,0.0,0.08000000330355066,99.609375,0.08000000471935809,-0.7505516825077369,0.0,0.08,0.08000000330355066,0.08000000330355066,0
148,10,0.03710908070206642,0.05396378190181682,0.0,0.08005982323021721,99.14163090128756,0.08008546175745315,-0.3744513293296831,0.0,0.08,0.08005982323021721,0.08005982323021721,0
148,17,0.0256186556071043,0.05396378190181682,0.0,0.14165173996675784,97.265625,0.16807391423822549,-0.7449920902479196,0.0,0.08,0.14165173996675784,0.14165173996675784,0
148,7,0.10072493553161621,0.05396378190181682,0.6240801889857116,0.30280500439870106,95.78947368421052,0.18432251291732893,0.6240801889857116,0.6240801889857116,0.5792641511885693,0.30280500439870106,0.30280500439870106,0
148,18,0.04453819990158081,0.05396378190181682,0.0,0.22066829394060558,96.875,0.2809547056294366,-0.19196583111090226,0.0,0.08,0.22066829394060558,0.22066829394060558,0
148,16,0.03977688029408455,0.05396378190181682,0.0,0.07999999999999996,99.609375,0.07999999999999996,-0.3050272035552305,0.0,0.08,0.07999999999999996,0.07999999999999996,0
148,6,0.07617266476154327,0.05396378190181682,0.34468949812250155,0.2157064354912654,98.93617021276596,0.15568707991695005,0.34468949812250155,0.34468949812250155,0.35575159849800125,0.2157064354912654,0.2157064354912654,0
148,19,0.02902810461819172,0.05396378190181682,0.0,0.08014831176368262,99.21875,0.08021187394811802,-0.6200484713810981,0.0,0.08,0.08014831176368262,0.08014831176368262,0
148,13,0.06856098771095276,0.05396378190181682,0.23941052523218076,0.22208910586008568,98.75,0.2009008282919461,0.23941052523218076,0.23941052523218076,0.27152842018574463,0.22208910586008568,0.22208910586008568,0
149,18,0.052636705338954926,0.05325031564410355,0.0,0.1784678057584239,97.65625,0.22066829394060558,-0.01159003345895651,0.0,0.08,0.1784678057584239,0.1784678057584239,0
149,11,0.018508652225136757,0.05325031564410355,0.0,0.09577880324826654,98.046875,0.10254114749752363,-1.0567650690677168,0.0,0.08,0.09577880324826654,0.09577880324826654,0
149,6,0.044763341546058655,0.05325031564410355,0.0,0.17499450484388576,100.0,0.2157064354912654,-0.17361416116112174,0.0,0.08,0.17499450484388576,0.17499450484388576,0
149,13,0.05940802022814751,0.05325031564410355,0.10942548630437683,0.2057244908151104,96.875,0.22208910586008568,0.10942548630437683,0.10942548630437683,0.1675403890435015,0.2057244908151104,0.2057244908151104,0
149,1,0.06504805386066437,0.05325031564410355,0.20012252069876976,0.314151930364611,100.0,0.3458893219955803,0.20012252069876976,0.20012252069876976,0.2400980165590158,0.314151930364611,0.314151930364611,0
149,19,0.03378709778189659,0.05325031564410355,0.0,0.08010381823457782,96.875,0.08014831176368262,-0.4549246167968128,0.0,0.08,0.08010381823457782,0.08010381823457782,0
149,0,0.053838927298784256,0.05325031564410355,0.010993027053103037,0.175099753741601,96.44670050761421,0.21208775321265183,0.010993027053103037,0.010993027053103037,0.08879442164248243,0.175099753741601,0.175099753741601,0
149,15,0.09054339677095413,0.05325031564410355,0.5308254485939822,0.3295845538665927,98.828125,0.2545520660057671,0.5308254485939822,0.5308254485939822,0.5046603588751858,0.3295845538665927,0.3295845538665927,0
149,17,0.052960578352212906,0.05325031564410355,0.0,0.12315621797673049,98.828125,0.14165173996675784,-0.005455899016438659,0.0,0.08,0.12315621797673049,0.12315621797673049,0
149,14,0.055530957877635956,0.05325031564410355,0.04193692496371872,0.1646576671996498,97.65625,0.1865611502976533,0.04193692496371872,0.04193692496371872,0.11354953997097497,0.1646576671996498,0.1646576671996498,0
149,9,0.035728298127651215,0.05325031564410355,0.0,0.08000000231248545,100.0,0.08000000330355066,-0.39906060062993143,0.0,0.08,0.08000000231248545,0.08000000231248545,0
149,7,0.018169812858104706,0.05325031564410355,0.0,0.23596350307909073,100.0,0.30280500439870106,-1.075241786733688,0.0,0.08,0.23596350307909073,0.23596350307909073,0
149,10,0.02849717065691948,0.05325031564410355,0.0,0.08004187626115204,99.14163090128756,0.08005982323021721,-0.6251987618904049,0.0,0.08,0.08004187626115204,0.08004187626115204,0
149,4,0.10415694862604141,0.05325031564410355,0.6708950590221541,0.3954183256182616,97.2027972027972,0.3005764449327781,0.6708950590221541,0.6708950590221541,0.6167160472177232,0.3954183256182616,0.3954183256182616,0
149,16,0.011797015555202961,0.05325031564410355,0.0,0.07999999999999996,98.828125,0.07999999999999996,-1.5071564918497962,0.0,0.08,0.07999999999999996,0.07999999999999996,0
149,5,0.24378563463687897,0.05325031564410355,0.7,0.6399999999999997,91.40625,0.6399999999999997,1.5212854136413947,0.7,0.6399999999999999,0.6399999999999997,0.6399999999999997,0
149,3,0.10469067096710205,0.05325031564410355,0.6760061869620907,0.45368807699697167,96.84210526315789,0.3820665601800999,0.6760061869620907,0.6760061869620907,0.6208049495696726,0.45368807699697167,0.45368807699697167,0
149,8,0.037591248750686646,0.05325031564410355,0.0,0.08969849278710182,99.21875,0.09385498969585976,-0.34823237661981493,0.0,0.08,0.08969849278710182,0.08969849278710182,0
149,12,0.055545274168252945,0.05325031564410355,0.04219469906813031,0.11658307792041323,99.609375,0.11779478592008852,0.04219469906813031,0.04219469906813031,0.11375575925450425,0.11658307792041323,0.11658307792041323,0
149,2,0.09125616401433945,0.05325031564410355,0.5386667306517924,0.25636565179376025,97.54098360655738,0.1472651949104716,0.5386667306517924,0.5386667306517924,0.5109333845214339,0.25636565179376025,0.25636565179376025,0
150,17,0.019552817568182945,0.05326525936224305,0.0,0.11020935258371134,96.875,0.12315621797673049,-1.0021646034550287,0.0,0.08,0.11020935258371134,0.11020935258371134,0
150,19,0.04538264125585556,0.05326525936224305,0.0,0.08007267276420447,99.21875,0.08010381823457782,-0.16015461098335798,0.0,0.08,0.08007267276420447,0.08007267276420447,0
150,1,0.11217693239450455,0.05326525936224305,0.7,0.4119063512552277,97.29729729729729,0.314151930364611,0.7447929553926046,0.7,0.6399999999999999,0.4119063512552277,0.4119063512552277,0
150,5,0.2708089351654053,0.05326525936224305,0.7,0.6399999999999997,91.015625,0.6399999999999997,1.6261290607893801,0.7,0.6399999999999999,0.6399999999999997,0.6399999999999997,0
150,0,0.046621695160865784,0.05326525936224305,0.0,0.14656982761912069,97.96954314720813,0.175099753741601,-0.1332183033958581,0.0,0.08,0.14656982761912069,0.14656982761912069,0
150,3,0.04841172695159912,0.05326525936224305,0.0,0.34158165389788014,98.94736842105263,0.45368807699697167,-0.09554222874730213,0.0,0.08,0.34158165389788014,0.34158165389788014,0
150,14,0.03970494866371155,0.05326525936224305,0.0,0.13926036703975486,97.265625,0.1646576671996498,-0.2938084288103225,0.0,0.08,0.13926036703975486,0.13926036703975486,0
150,18,0.04529346525669098,0.05326525936224305,0.0,0.1489274640308967,97.265625,0.1784678057584239,-0.16212152402528615,0.0,0.08,0.1489274640308967,0.1489274640308967,0
150,15,0.0845189020037651,0.05326525936224305,0.46169080794495565,0.36551498161340423,97.265625,0.3295845538665927,0.46169080794495565,0.46169080794495565,0.44935264635596456,0.36551498161340423,0.36551498161340423,0
150,2,0.055441856384277344,0.05326525936224305,0.04005050718332397,0.2130680779796299,99.18032786885246,0.25636565179376025,0.04005050718332397,0.04005050718332397,0.11204040574665919,0.2130680779796299,0.2130680779796299,0
150,9,0.01919117569923401,0.05326525936224305,0.0,0.08000000161873982,99.609375,0.08000000231248545,-1.020833416611542,0.0,0.08,0.08000000161873982,0.08000000161873982,0
150,8,0.0414600670337677,0.05326525936224305,0.0,0.08678894495097128,98.828125,0.08969849278710182,-0.2505535470395977,0.0,0.08,0.08678894495097128,0.08678894495097128,0
150,16,0.060809750109910965,0.05326525936224305,0.13246579214065649,0.11179179011375753,99.609375,0.07999999999999996,0.13246579214065649,0.13246579214065649,0.1859726337125252,0.11179179011375753,0.11179179011375753,0
150,10,0.05498582124710083,0.05326525936224305,0.03179102628354865,0.08765915969085811,99.14163090128756,0.08004187626115204,0.03179102628354865,0.03179102628354865,0.10543282102683893,0.08765915969085811,0.08765915969085811,0
150,6,0.040274299681186676,0.05326525936224305,0.0,0.14649615339072003,98.93617021276596,0.17499450484388576,-0.27957072328752175,0.0,0.08,0.14649615339072003,0.14649615339072003,0
150,12,0.04129309579730034,0.05326525936224305,0.0,0.10560815454428926,96.875,0.11658307792041323,-0.2545889558865401,0.0,0.08,0.10560815454428926,0.10560815454428926,0
150,11,0.036986950784921646,0.05326525936224305,0.0,0.09104516227378656,99.609375,0.09577880324826654,-0.36471907275727583,0.0,0.08,0.09104516227378656,0.09104516227378656,0
150,7,0.04758533835411072,0.05326525936224305,0.0,0.1891744521553635,98.94736842105263,0.23596350307909073,-0.11275960590362477,0.0,0.08,0.1891744521553635,0.1891744521553635,0
150,13,0.08843910694122314,0.05326525936224305,0.507029859033002,0.28969430973849775,98.125,0.2057244908151104,0.507029859033002,0.507029859033002,0.48562388722640165,0.28969430973849775,0.28969430973849775,0
150,4,0.021053414791822433,0.05326525936224305,0.0,0.3007928279327831,97.9020979020979,0.3954183256182616,-0.9282212672284164,0.0,0.08,0.3007928279327831,0.3007928279327831,0
151,17,0.02715650014579296,0.052538950246854815,0.0,0.10114654680859794,97.265625,0.11020935258371134,-0.6599381923059641,0.0,0.08,0.10114654680859794,0.10114654680859794,0
151,13,0.03779052197933197,0.052538950246854815,0.0,0.2267860168169484,98.125,0.28969430973849775,-0.32949639980390594,0.0,0.08,0.2267860168169484,0.2267860168169484,0
151,2,0.08465902507305145,0.052538950246854815,0.47707684303772485,0.2876460969147949,97.54098360655738,0.2130680779796299,0.47707684303772485,0.47707684303772485,0.4616614744301799,0.2876460969147949,0.2876460969147949,0
151,7,0.02209482714533806,0.052538950246854815,0.0,0.15642211650875443,98.94736842105263,0.1891744521553635,-0.866211026418919,0.0,0.08,0.15642211650875443,0.15642211650875443,0
151,9,0.0488588884472847,0.052538950246854815,0.0,0.08000000113311787,98.828125,0.08000000161873982,-0.07261847382439082,0.0,0.08,0.08000000113311787,0.08000000113311787,0
151,12,0.02178669534623623,0.052538950246854815,0.0,0.09792570818100249,96.875,0.10560815454428926,-0.8802550570575596,0.0,0.08,0.09792570818100249,0.09792570818100249,0
151,4,0.041146185249090195,0.052538950246854815,0.0,0.23455497955294816,98.6013986013986,0.3007928279327831,-0.2444235320017586,0.0,0.08,0.23455497955294816,0.23455497955294816,0
151,14,0.06648959964513779,0.052538950246854815,0.2354906951987013,0.1780000237755167,97.65625,0.13926036703975486,0.2354906951987013,0.2354906951987013,0.26839255615896107,0.1780000237755167,0.1780000237755167,0
151,0,0.0750867947936058,0.052538950246854815,0.3570898471988875,0.21230044266111747,98.98477157360406,0.14656982761912069,0.3570898471988875,0.3570898471988875,0.36567187775911003,0.21230044266111747,0.21230044266111747,0
151,15,0.0464760884642601,0.052538950246854815,0.0,0.279860487129383,97.65625,0.36551498161340423,-0.12261682539484692,0.0,0.08,0.279860487129383,0.279860487129383,0
151,6,0.05769411101937294,0.052538950246854815,0.09360028525967884,0.14901137583582694,98.93617021276596,0.14649615339072003,0.09360028525967884,0.09360028525967884,0.15488022820774308,0.14901137583582694,0.14901137583582694,0
151,1,0.10771210491657257,0.052538950246854815,0.7,0.48033444587865937,94.5945945945946,0.4119063512552277,0.7179070711374819,0.7,0.6399999999999999,0.48033444587865937,0.48033444587865937,0
151,19,0.03115713596343994,0.052538950246854815,0.0,0.08005087093494312,98.4375,0.08007267276420447,-0.5225113704676448,0.0,0.08,0.08005087093494312,0.08005087093494312,0
151,8,0.04659297689795494,0.052538950246854815,0.0,0.08475226146567989,98.046875,0.08678894495097128,-0.120104960263723,0.0,0.08,0.08475226146567989,0.08475226146567989,0
151,18,0.06966466456651688,0.052538950246854815,0.2821383738312103,0.19596243454111817,96.875,0.1489274640308967,0.2821383738312103,0.2821383738312103,0.3057106990649683,0.19596243454111817,0.19596243454111817,0
151,5,0.19761624932289124,0.052538950246854815,0.7,0.6399999999999997,92.1875,0.6399999999999997,1.3247720716336904,0.7,0.6399999999999999,0.6399999999999997,0.6399999999999997,0
151,10,0.05203332379460335,0.052538950246854815,0.0,0.08536141178360067,99.14163090128756,0.08765915969085811,-0.009670446599490084,0.0,0.08,0.08536141178360067,0.08536141178360067,0
151,11,0.02572283335030079,0.052538950246854815,0.0,0.0877316135916506,98.4375,0.09104516227378656,-0.7141755508912463,0.0,0.08,0.0877316135916506,0.0877316135916506,0
151,16,0.010074149817228317,0.052538950246854815,0.0,0.10225425307963026,98.046875,0.11179179011375753,-1.6515812827932264,0.0,0.08,0.10225425307963026,0.10225425307963026,0
151,3,0.10254735499620438,0.052538950246854815,0.6687697950505656,0.4236119085406518,100.0,0.34158165389788014,0.6687697950505656,0.6687697950505656,0.6150158360404524,0.4236119085406518,0.4236119085406518,0
152,10,0.019537895917892456,0.05205764848943132,0.0,0.08375298824852045,98.71244635193133,0.08536141178360067,-0.9799954495228016,0.0,0.08,0.08375298824852045,0.08375298824852045,0
152,0,0.051178138703107834,0.05205764848943132,0.0,0.17261030986278222,97.46192893401015,0.21230044266111747,-0.01703926359704236,0.0,0.08,0.17261030986278222,0.17261030986278222,0
152,2,0.08594343066215515,0.05205764848943132,0.5013374917745249,0.3456732658662424,96.72131147540983,0.2876460969147949,0.5013374917745249,0.5013374917745249,0.48106999341962,0.3456732658662424,0.3456732658662424,0
152,16,0.010601566173136234,0.05205764848943132,0.0,0.09557797715574118,100.0,0.10225425307963026,-1.5913492357594141,0.0,0.08,0.09557797715574118,0.09557797715574118,0
152,1,0.23602168262004852,0.05205764848943132,0.7,0.5282341121150615,97.29729729729729,0.48033444587865937,1.5115717972807483,0.7,0.6399999999999999,0.5282341121150615,0.5282341121150615,0
152,9,0.015586678870022297,0.05205764848943132,0.0,0.08000000079318251,98.828125,0.08000000113311787,-1.2059346489579335,0.0,0.08,0.08000000079318251,0.08000000079318251,0
152,13,0.025333618745207787,0.05205764848943132,0.0,0.18275021177186387,99.375,0.2267860168169484,-0.7202192088569571,0.0,0.08,0.18275021177186387,0.18275021177186387,0
152,18,0.05357248708605766,0.05205764848943132,0.02868390092036237,0.1680578403996697,98.046875,0.19596243454111817,0.02868390092036237,0.02868390092036237,0.1029471207362899,0.1680578403996697,0.1680578403996697,0
152,14,0.06616096943616867,0.05205764848943132,0.23973893325695855,0.20613736062453175,98.4375,0.1780000237755167,0.23973893325695855,0.23973893325695855,0.27179114660556686,0.20613736062453175,0.20613736062453175,0
152,6,0.051043976098299026,0.05205764848943132,0.0,0.12830796308507886,97.87234042553192,0.14901137583582694,-0.01966418787794656,0.0,0.08,0.12830796308507886,0.12830796308507886,0
152,5,0.30287012457847595,0.05205764848943132,0.7,0.6399999999999997,92.1875,0.6399999999999997,1.7609521934815338,0.7,0.6399999999999999,0.6399999999999997,0.6399999999999997,0
152,11,0.04706255719065666,0.05205764848943132,0.0,0.08541212951415542,98.046875,0.0877316135916506,-0.10087398815322482,0.0,0.08,0.08541212951415542,0.08541212951415542,0
152,3,0.07046125084161758,0.05205764848943132,0.30271114578188657,0.393179010966109,99.47368421052632,0.4236119085406518,0.30271114578188657,0.30271114578188657,0.3221689166255093,0.393179010966109,0.393179010966109,0
152,15,0.05445738509297371,0.05205764848943132,0.045066733134480313,0.23071835694284337,98.046875,0.279860487129383,0.045066733134480313,0.045066733134480313,0.11605338650758426,0.23071835694284337,0.23071835694284337,0
152,7,0.02417021244764328,0.05205764848943132,0.0,0.1334954815561281,97.89473684210526,0.15642211650875443,-0.7672305232685699,0.0,0.08,0.1334954815561281,0.1334954815561281,0
152,8,0.03272242099046707,0.05205764848943132,0.0,0.08332658302597593,99.609375,0.08475226146567989,-0.46429111565289016,0.0,0.08,0.08332658302597593,0.08332658302597593,0
152,12,0.029765596613287926,0.05205764848943132,0.0,0.09254799572670175,98.046875,0.09792570818100249,-0.5589983349176062,0.0,0.08,0.09254799572670175,0.09254799572670175,0
152,17,0.04505617916584015,0.05205764848943132,0.0,0.09480258276601855,98.828125,0.10114654680859794,-0.1444415624148844,0.0,0.08,0.09480258276601855,0.09480258276601855,0
152,19,0.019521629437804222,0.05205764848943132,0.0,0.08003560965446019,99.21875,0.08005087093494312,-0.9808283563516182,0.0,0.08,0.08003560965446019,0.08003560965446019,0
152,4,0.08838390558958054,0.05205764848943132,0.5293380813422802,0.31522962520921094,95.1048951048951,0.23455497955294816,0.5293380813422802,0.5293380813422802,0.5034704650738242,0.31522962520921094,0.31522962520921094,0
153,8,0.02161232940852642,0.05175721030493597,0.0,0.08232860811818314,98.4375,0.08332658302597593,-0.8732995247223613,0.0,0.08,0.08232860811818314,0.08232860811818314,0
153,1,0.14613834023475647,0.05175721030493597,0.7,0.561763878480543,91.89189189189189,0.5282341121150615,1.0379898321486445,0.7,0.6399999999999999,0.561763878480543,0.561763878480543,0
153,11,0.053769901394844055,0.05175721030493597,0.0381500977515938,0.0929445141202913,98.4375,0.08541212951415542,0.0381500977515938,0.0381500977515938,0.11052007820127505,0.0929445141202913,0.0929445141202913,0
153,19,0.033099133521318436,0.05175721030493597,0.0,0.08002492675812213,98.828125,0.08003560965446019,-0.4470565386544008,0.0,0.08,0.08002492675812213,0.08002492675812213,0
153,0,0.05447440594434738,0.05175721030493597,0.05116721402381977,0.1571073482696643,98.98477157360406,0.17261030986278222,0.05116721402381977,0.05116721402381977,0.12093377121905582,0.1571073482696643,0.1571073482696643,0
153,10,0.022917818278074265,0.05175721030493597,0.0,0.08262709177396432,97.85407725321889,0.08375298824852045,-0.8146488101220343,0.0,0.08,0.08262709177396432,0.08262709177396432,0
153,16,0.04576726257801056,0.05175721030493597,0.0,0.09090458400901882,98.828125,0.09557797715574118,-0.12299468205479493,0.0,0.08,0.09090458400901882,0.09090458400901882,0
153,13,0.04788626357913017,0.05175721030493597,0.0,0.1519251482403047,99.375,0.18275021177186387,-0.0777350459742609,0.0,0.08,0.1519251482403047,0.1519251482403047,0
153,12,0.041147541254758835,0.05175721030493597,0.0,0.08878359700869123,98.4375,0.09254799572670175,-0.22939952764364072,0.0,0.08,0.08878359700869123,0.08878359700869123,0
153,7,0.009487714618444443,0.05175721030493597,0.0,0.11744683708928966,97.89473684210526,0.1334954815561281,-1.6965651275739173,0.0,0.08,0.11744683708928966,0.11744683708928966,0
153,3,0.09520022571086884,0.05175721030493597,0.609418472534986,0.4454857410846729,97.89473684210526,0.393179010966109,0.609418472534986,0.609418472534986,0.5675347780279888,0.4454857410846729,0.4454857410846729,0
153,14,0.06980103999376297,0.05175721030493597,0.2990851073319977,0.2400765781968517,98.4375,0.20613736062453175,0.2990851073319977,0.2990851073319977,0.3192680858655982,0.2400765781968517,0.2400765781968517,0
153,6,0.052500613033771515,0.05175721030493597,0.014261091623322826,0.11723823614915267,98.93617021276596,0.12830796308507886,0.014261091623322826,0.014261091623322826,0.09140887329865827,0.11723823614915267,0.11723823614915267,0
153,17,0.07455697655677795,0.05175721030493597,0.3649998079945731,0.17796176185491053,98.4375,0.09480258276601855,0.3649998079945731,0.3649998079945731,0.37199984639565853,0.17796176185491053,0.17796176185491053,0
153,9,0.010380920022726059,0.05175721030493597,0.0,0.08000000055522775,100.0,0.08000000079318251,-1.6065934739245216,0.0,0.08,0.08000000055522775,0.08000000055522775,0
153,2,0.11822584271430969,0.05175721030493597,0.7,0.43397128610636965,98.36065573770492,0.3456732658662424,0.8260328559296962,0.7,0.6399999999999999,0.43397128610636965,0.43397128610636965,0
153,15,0.09071345627307892,0.05175721030493597,0.561141871372652,0.3201768989894268,98.046875,0.23071835694284337,0.561141871372652,0.561141871372652,0.5289134970981216,0.3201768989894268,0.3201768989894268,0
153,5,0.2517462968826294,0.05175721030493597,0.7,0.6399999999999997,93.359375,0.6399999999999997,1.5818579164962812,0.7,0.6399999999999999,0.6399999999999997,0.6399999999999997,0
153,18,0.050006717443466187,0.05175721030493597,0.0,0.14164048827976877,97.265625,0.1680578403996697,-0.03440639996719029,0.0,0.08,0.14164048827976877,0.14164048827976877,0
153,4,0.08065550774335861,0.05175721030493597,0.44362327292987513,0.3511303231496177,97.2027972027972,0.31522962520921094,0.44362327292987513,0.44362327292987513,0.43489861834390015,0.3511303231496177,0.3511303231496177,0
154,16,0.01620994135737419,0.05189501499587315,0.0,0.08763320880631317,100.0,0.09090458400901882,-1.1635975931154,0.0,0.08,0.08763320880631317,0.08763320880631317,0
154,12,0.038113370537757874,0.05189501499587315,0.0,0.08614851790608385,98.828125,0.08878359700869123,-0.30865751238480016,0.0,0.08,0.08614851790608385,0.08614851790608385,0
154,17,0.025205321609973907,0.05189501499587315,0.0,0.14857323329843736,99.21875,0.17796176185491053,-0.7221673841160152,0.0,0.08,0.14857323329843736,0.14857323329843736,0
154,18,0.06382845342159271,0.05189501499587315,0.20697629791714373,0.17282265329595262,98.828125,0.14164048827976877,0.20697629791714373,0.20697629791714373,0.24558103833371497,0.17282265329595262,0.17282265329595262,0
154,3,0.05141129717230797,0.05189501499587315,0.0,0.33584001875927105,96.3157894736842,0.4454857410846729,-0.009364795914340139,0.0,0.08,0.33584001875927105,0.33584001875927105,0
154,6,0.028275810182094574,0.05189501499587315,0.0,0.10606676530440687,100.0,0.11723823614915267,-0.6072158991738126,0.0,0.08,0.10606676530440687,0.10606676530440687,0
154,14,0.053283195942640305,0.05189501499587315,0.02639826793840531,0.19838918904301345,98.4375,0.2400765781968517,0.02639826793840531,0.02639826793840531,0.10111861435072425,0.19838918904301345,0.19838918904301345,0
154,19,0.030890507623553276,0.05189501499587315,0.0,0.08001744873068549,99.21875,0.08002492675812213,-0.5187736642952199,0.0,0.08,0.08001744873068549,0.08001744873068549,0
154,1,0.09974710643291473,0.05189501499587315,0.6534152193318336,0.5740543675760201,100.0,0.561763878480543,0.6534152193318336,0.6534152193318336,0.6027321754654669,0.5740543675760201,0.5740543675760201,0
154,13,0.04866907745599747,0.05189501499587315,0.0,0.13034760376821328,99.375,0.1519251482403047,-0.06417885402994672,0.0,0.08,0.13034760376821328,0.13034760376821328,0
154,0,0.13398459553718567,0.05189501499587315,0.7,0.301975143788765,98.4771573604061,0.1571073482696643,0.9485019812207879,0.7,0.6399999999999999,0.301975143788765,0.301975143788765,0
154,4,0.07993941754102707,0.05189501499587315,0.4320462640699516,0.3734823295815207,97.2027972027972,0.3511303231496177,0.4320462640699516,0.4320462640699516,0.4256370112559613,0.3734823295815207,0.3734823295815207,0
154,10,0.02642436884343624,0.05189501499587315,0.0,0.08183896424177503,98.28326180257511,0.08262709177396432,-0.6749359029974422,0.0,0.08,0.08183896424177503,0.08183896424177503,0
154,11,0.03305644169449806,0.05189501499587315,0.0,0.0890611598842039,98.828125,0.0929445141202913,-0.45100617071194327,0.0,0.08,0.0890611598842039,0.0890611598842039,0
154,15,0.04121564328670502,0.05189501499587315,0.0,0.24812382929259874,97.265625,0.3201768989894268,-0.23040480973748664,0.0,0.08,0.24812382929259874,0.24812382929259874,0
154,9,0.016063004732131958,0.05189501499587315,0.0,0.08000000038865943,99.21875,0.08000000055522775,-1.1727035203574026,0.0,0.08,0.08000000038865943,0.08000000038865943,0
154,2,0.050822664052248,0.05189501499587315,0.0,0.32777990027445875,98.36065573770492,0.43397128610636965,-0.020880333463869312,0.0,0.08,0.32777990027445875,0.32777990027445875,0
154,7,0.02719692513346672,0.05189501499587315,0.0,0.10621278596250275,98.94736842105263,0.11744683708928966,-0.6461186400430512,0.0,0.08,0.10621278596250275,0.10621278596250275,0
154,5,0.18231907486915588,0.05189501499587315,0.7,0.6399999999999997,87.109375,0.6399999999999997,1.2565354374790474,0.7,0.6399999999999999,0.6399999999999997,0.6399999999999997,0
154,8,0.03429005667567253,0.05189501499587315,0.0,0.0816300256827282,98.828125,0.08232860811818314,-0.4143672171425962,0.0,0.08,0.0816300256827282,0.0816300256827282,0
155,5,0.2712084650993347,0.05067196418750898,0.7,0.6399999999999997,88.28125,0.6399999999999997,1.6775148255515202,0.7,0.6399999999999999,0.6399999999999997,0.6399999999999997,0
155,8,0.04514128714799881,0.05067196418750898,0.0,0.08114101797790974,98.828125,0.0816300256827282,-0.11557547330634649,0.0,0.08,0.08114101797790974,0.08114101797790974,0
155,17,0.033369988203048706,0.05067196418750898,0.0,0.12800126330890615,98.046875,0.14857323329843736,-0.41771574147873936,0.0,0.08,0.12800126330890615,0.12800126330890615,0
155,12,0.06142633408308029,0.05067196418750898,0.19246581946955474,0.13049575920695183,98.046875,0.08614851790608385,0.19246581946955474,0.19246581946955474,0.23397265557564378,0.13049575920695183,0.13049575920695183,0
155,7,0.09389223903417587,0.05067196418750898,0.616774857517528,0.24637491597795863,100.0,0.10621278596250275,0.616774857517528,0.616774857517528,0.5734198860140224,0.24637491597795863,0.24637491597795863,0
155,10,0.034917011857032776,0.05067196418750898,0.0,0.08128727496924251,98.28326180257511,0.08183896424177503,-0.37239853779386656,0.0,0.08,0.08128727496924251,0.08128727496924251,0
155,3,0.07496846467256546,0.05067196418750898,0.39169470707781306,0.35309474283016484,97.89473684210526,0.33584001875927105,0.39169470707781306,0.39169470707781306,0.3933557656622505,0.35309474283016484,0.35309474283016484,0
155,16,0.01764514110982418,0.05067196418750898,0.0,0.08534324616441921,99.609375,0.08763320880631317,-1.0549119594129952,0.0,0.08,0.08534324616441921,0.08534324616441921,0
155,19,0.02266830950975418,0.05067196418750898,0.0,0.08001221411147984,99.609375,0.08001744873068549,-0.8044046469952415,0.0,0.08,0.08001221411147984,0.08001221411147984,0
155,11,0.030843377113342285,0.05067196418750898,0.0,0.08634281191894273,99.609375,0.0890611598842039,-0.49645060915040895,0.0,0.08,0.08634281191894273,0.08634281191894273,0
155,13,0.05934317037463188,0.05067196418750898,0.157964228831395,0.1531547375572841,99.375,0.13034760376821328,0.157964228831395,0.157964228831395,0.206371383065116,0.1531547375572841,0.1531547375572841,0
155,6,0.05624379962682724,0.05067196418750898,0.10432300355712225,0.12328425656679415,97.87234042553192,0.10606676530440687,0.10432300355712225,0.10432300355712225,0.1634584028456978,0.12328425656679415,0.12328425656679415,0
155,9,0.011464441195130348,0.05067196418750898,0.0,0.0800000002720616,100.0,0.08000000038865943,-1.4861219330758815,0.0,0.08,0.0800000002720616,0.0800000002720616,0
155,2,0.04764704778790474,0.05067196418750898,0.0,0.25344593019212114,96.72131147540983,0.32777990027445875,-0.061552098517780575,0.0,0.08,0.25344593019212114,0.25344593019212114,0
155,14,0.053186602890491486,0.05067196418750898,0.048433746892104085,0.17449653158421438,97.65625,0.19838918904301345,0.048433746892104085,0.048433746892104085,0.11874699751368327,0.17449653158421438,0.17449653158421438,0
155,1,0.17008644342422485,0.05067196418750898,0.7,0.593838057303214,89.1891891891892,0.5740543675760201,1.210933876944309,0.7,0.6399999999999999,0.593838057303214,0.593838057303214,0
155,18,0.027426965534687042,0.05067196418750898,0.0,0.14497585730716683,96.875,0.17282265329595262,-0.6138459427441826,0.0,0.08,0.14497585730716683,0.14497585730716683,0
155,4,0.0914086326956749,0.05067196418750898,0.5899670526306068,0.4270297233384101,95.8041958041958,0.3734823295815207,0.5899670526306068,0.5899670526306068,0.5519736421044854,0.4270297233384101,0.4270297233384101,0
155,15,0.020460965111851692,0.05067196418750898,0.0,0.1976866805048191,96.484375,0.24812382929259874,-0.9068535615791186,0.0,0.08,0.1976866805048191,0.1976866805048191,0
155,0,0.02184193767607212,0.05067196418750898,0.0,0.23538260065213548,96.44670050761421,0.301975143788765,-0.8415406541849182,0.0,0.08,0.23538260065213548,0.23538260065213548,0
156,6,0.06686807423830032,0.05024418451555326,0.28582677837353493,0.17889740640640428,97.87234042553192,0.12328425656679415,0.28582677837353493,0.28582677837353493,0.30866142269882796,0.17889740640640428,0.17889740640640428,0
156,15,0.04544863849878311,0.05024418451555326,0.0,0.16238067635337336,96.875,0.1976866805048191,-0.10031192405506265,0.0,0.08,0.16238067635337336,0.16238067635337336,0
156,1,0.13338498771190643,0.05024418451555326,0.7,0.6076866401122498,94.5945945945946,0.593838057303214,0.9763446579910267,0.7,0.6399999999999999,0.6076866401122498,0.6076866401122498,0
156,11,0.05264586955308914,0.05024418451555326,0.0466929661814482,0.09564628022680748,98.4375,0.08634281191894273,0.0466929661814482,0.0466929661814482,0.11735437294515856,0.09564628022680748,0.09564628022680748,0
156,9,0.018112104386091232,0.05024418451555326,0.0,0.08000000019044312,99.21875,0.0800000002720616,-1.0203139907487395,0.0,0.08,0.08000000019044312,0.08000000019044312,0
156,0,0.06266405433416367,0.05024418451555326,0.22089313848103695,0.2417821736919437,98.98477157360406,0.23538260065213548,0.22089313848103695,0.22089313848103695,0.2567145107848296,0.2417821736919437,0.2417821736919437,0
156,3,0.13089710474014282,0.05024418451555326,0.7,0.4391663199811153,98.42105263157895,0.35309474283016484,0.9575166227267379,0.7,0.6399999999999999,0.4391663199811153,0.4391663199811153,0
156,19,0.020236844196915627,0.05024418451555326,0.0,0.08000854987803588,100.0,0.08001221411147984,-0.9093896009500915,0.0,0.08,0.08000854987803588,0.08000854987803588,0
156,2,0.11925680190324783,0.05024418451555326,0.7,0.3694121511344848,96.72131147540983,0.25344593019212114,0.8643842427793342,0.7,0.6399999999999999,0.3694121511344848,0.3694121511344848,0
156,7,0.057788994163274765,0.05024418451555326,0.1399035099547585,0.23003928357371306,98.94736842105263,0.24637491597795863,0.1399035099547585,0.1399035099547585,0.1919228079638068,0.23003928357371306,0.23003928357371306,0
156,17,0.03247919678688049,0.05024418451555326,0.0,0.1136008843162343,97.265625,0.12800126330890615,-0.4362949148269816,0.0,0.08,0.1136008843162343,0.1136008843162343,0
156,13,0.017719976603984833,0.05024418451555326,0.0,0.13120831629009885,96.875,0.1531547375572841,-1.0422018190422033,0.0,0.08,0.13120831629009885,0.13120831629009885,0
156,5,0.28759288787841797,0.05024418451555326,0.7,0.6399999999999997,91.015625,0.6399999999999997,1.744650922863705,0.7,0.6399999999999999,0.6399999999999997,0.6399999999999997,0
156,16,0.035741064697504044,0.05024418451555326,0.0,0.08374027231509344,99.21875,0.08534324616441921,-0.3405944290770633,0.0,0.08,0.08374027231509344,0.08374027231509344,0
156,10,0.017231017351150513,0.05024418451555326,0.0,0.08090109247846976,98.28326180257511,0.08128727496924251,-1.0701833337540547,0.0,0.08,0.08090109247846976,0.08090109247846976,0
156,14,0.09599822014570236,0.05024418451555326,0.6474347470795689,0.3015319114080466,99.21875,0.17449653158421438,0.6474347470795689,0.6474347470795689,0.5979477976636551,0.3015319114080466,0.3015319114080466,0
156,18,0.07811664789915085,0.05024418451555326,0.4413083152283694,0.23139709576982542,97.65625,0.14497585730716683,0.4413083152283694,0.4413083152283694,0.43304665218269556,0.23139709576982542,0.23139709576982542,0
156,12,0.040789034217596054,0.05024418451555326,0.0,0.11534703144486627,98.046875,0.13049575920695183,-0.20848148696351304,0.0,0.08,0.11534703144486627,0.11534703144486627,0
156,4,0.056684479117393494,0.05024418451555326,0.12060560453334382,0.3518661514248896,97.2027972027972,0.4270297233384101,0.12060560453334382,0.12060560453334382,0.17648448362667507,0.3518661514248896,0.3518661514248896,0
156,8,0.09753234684467316,0.05024418451555326,0.6632891797862835,0.23998811573324486,99.21875,0.08114101797790974,0.6632891797862835,0.6632891797862835,0.6106313438290268,0.23998811573324486,0.23998811573324486,0
157,0,0.033373527228832245,0.050943439728031344,0.0,0.1932475215843606,97.96954314720813,0.2417821736919437,-0.42295290124633084,0.0,0.08,0.1932475215843606,0.1932475215843606,0
157,18,0.07198844850063324,0.050943439728031344,0.34578961890788623,0.2689674755767705,97.265625,0.23139709576982542,0.34578961890788623,0.34578961890788623,0.356631695126309,0.2689674755767705,0.2689674755767705,0
157,10,0.0536620169878006,0.050943439728031344,0.0519894302788958,0.09310822800186382,99.14163090128756,0.08090109247846976,0.0519894302788958,0.0519894302788958,0.12159154422311665,0.09310822800186382,0.09310822800186382,0
157,8,0.02274658903479576,0.050943439728031344,0.0,0.19199168101327138,99.609375,0.23998811573324486,-0.8063005474108984,0.0,0.08,0.19199168101327138,0.19199168101327138,0
157,11,0.018531667068600655,0.050943439728031344,0.0,0.09095239615876524,98.4375,0.09564628022680748,-1.0112346468638052,0.0,0.08,0.09095239615876524,0.09095239615876524,0
157,9,0.03537597134709358,0.050943439728031344,0.0,0.08000000013331018,98.4375,0.08000000019044312,-0.3646830918174426,0.0,0.08,0.08000000013331018,0.08000000013331018,0
157,19,0.05822313576936722,0.050943439728031344,0.13356678065332045,0.11206201227142201,99.21875,0.08000854987803588,0.13356678065332045,0.13356678065332045,0.18685342452265635,0.11206201227142201,0.11206201227142201,0
157,1,0.16888675093650818,0.050943439728031344,0.7,0.6173806480785748,97.29729729729729,0.6076866401122498,1.1985122480500232,0.7,0.6399999999999999,0.6173806480785748,0.6173806480785748,0
157,7,0.06682267785072327,0.050943439728031344,0.27132647270572885,0.25014585195097405,96.84210526315789,0.23003928357371306,0.27132647270572885,0.27132647270572885,0.2970611781645831,0.25014585195097405,0.25014585195097405,0
157,4,0.0732651948928833,0.050943439728031344,0.36336961302920484,0.3575150131244319,97.2027972027972,0.3518661514248896,0.36336961302920484,0.36336961302920484,0.3706956904233639,0.3575150131244319,0.3575150131244319,0
157,2,0.09274076670408249,0.050943439728031344,0.5990920653425632,0.4263706014763545,98.36065573770492,0.3694121511344848,0.5990920653425632,0.5990920653425632,0.5592736522740506,0.4263706014763545,0.4263706014763545,0
157,14,0.08041036874055862,0.050943439728031344,0.4564270680099362,0.3446148343080173,98.046875,0.3015319114080466,0.4564270680099362,0.4564270680099362,0.445141654407949,0.3446148343080173,0.3446148343080173,0
157,17,0.05731718987226486,0.050943439728031344,0.11788456231218182,0.13181291397628764,98.828125,0.1136008843162343,0.11788456231218182,0.11788456231218182,0.17430764984974545,0.13181291397628764,0.13181291397628764,0
157,3,0.04448218271136284,0.050943439728031344,0.0,0.33141642398678073,98.94736842105263,0.4391663199811153,-0.13562724336095847,0.0,0.08,0.33141642398678073,0.33141642398678073,0
157,5,0.28774869441986084,0.050943439728031344,0.7,0.6399999999999997,89.0625,0.6399999999999997,1.7313713564846702,0.7,0.6399999999999999,0.6399999999999997,0.6399999999999997,0
157,6,0.01888365112245083,0.050943439728031344,0.0,0.149228184484483,98.93617021276596,0.17889740640640428,-0.9924191313544137,0.0,0.08,0.149228184484483,0.149228184484483,0
157,15,0.04347006231546402,0.050943439728031344,0.0,0.13766647344736135,99.609375,0.16238067635337336,-0.1586434800855906,0.0,0.08,0.13766647344736135,0.13766647344736135,0
157,13,0.04548975080251694,0.050943439728031344,0.0,0.1158458214030692,99.375,0.13120831629009885,-0.1132289253317682,0.0,0.08,0.1158458214030692,0.1158458214030692,0
157,12,0.05647428706288338,0.050943439728031344,0.1030694267475836,0.12947958443082647,99.21875,0.11534703144486627,0.1030694267475836,0.1030694267475836,0.1624555413980669,0.12947958443082647,0.12947958443082647,0
157,16,0.006219750270247459,0.050943439728031344,0.0,0.08261819062056541,99.609375,0.08374027231509344,-2.102984824409182,0.0,0.08,0.08261819062056541,0.08261819062056541,0
158,2,0.06555744260549545,0.05135591095776241,0.24414666157137094,0.3810546198105772,97.54098360655738,0.4263706014763545,0.24414666157137094,0.24414666157137094,0.2753173292570968,0.3810546198105772,0.3810546198105772,0
158,11,0.06580500304698944,0.05135591095776241,0.24791578593030758,0.1471664659344095,98.046875,0.09095239615876524,0.24791578593030758,0.24791578593030758,0.2783326287442461,0.1471664659344095,0.1471664659344095,0
158,4,0.06885790079832077,0.05135591095776241,0.2932648819823964,0.34464408086287746,93.7062937062937,0.3575150131244319,0.2932648819823964,0.2932648819823964,0.3146119055859172,0.34464408086287746,0.34464408086287746,0
158,5,0.33657222986221313,0.05135591095776241,0.7,0.6399999999999997,89.84375,0.6399999999999997,1.8800325705463414,0.7,0.6399999999999999,0.6399999999999997,0.6399999999999997,0
158,6,0.007255232892930508,0.05135591095776241,0.0,0.12845972913913808,100.0,0.149228184484483,-1.957055870463736,0.0,0.08,0.12845972913913808,0.12845972913913808,0
158,14,0.06995291262865067,0.05135591095776241,0.30904224629717697,0.3394005231269346,98.046875,0.3446148343080173,0.30904224629717697,0.30904224629717697,0.3272337970377416,0.3394005231269346,0.3394005231269346,0
158,15,0.052340514957904816,0.05135591095776241,0.018990691193384073,0.12492429729956513,98.046875,0.13766647344736135,0.018990691193384073,0.018990691193384073,0.09519255295470726,0.12492429729956513,0.12492429729956513,0
158,1,0.040390532463788986,0.05135591095776241,0.0,0.4561664536550024,97.29729729729729,0.6173806480785748,-0.24018457549235006,0.0,0.08,0.4561664536550024,0.4561664536550024,0
158,16,0.011698910035192966,0.05135591095776241,0.0,0.08183273343439579,97.65625,0.08261819062056541,-1.479283702764399,0.0,0.08,0.08183273343439579,0.08183273343439579,0
158,10,0.009595092386007309,0.05135591095776241,0.0,0.08917575960130467,99.57081545064378,0.09310822800186382,-1.6775274354538914,0.0,0.08,0.08917575960130467,0.08917575960130467,0
158,17,0.05251552164554596,0.05135591095776241,0.02232873108943145,0.12162793524486488,97.65625,0.13181291397628764,0.02232873108943145,0.02232873108943145,0.09786298487154516,0.12162793524486488,0.12162793524486488,0
158,8,0.023000722751021385,0.05135591095776241,0.0,0.15839417670928996,98.828125,0.19199168101327138,-0.803254161461677,0.0,0.08,0.15839417670928996,0.15839417670928996,0
158,7,0.04751521721482277,0.05135591095776241,0.0,0.19910209636568182,97.89473684210526,0.25014585195097405,-0.07773000301170256,0.0,0.08,0.19910209636568182,0.19910209636568182,0
158,19,0.06172899901866913,0.05135591095776241,0.18397374717336828,0.1465971079116038,99.21875,0.11206201227142201,0.18397374717336828,0.18397374717336828,0.22717899773869465,0.1465971079116038,0.1465971079116038,0
158,12,0.039849743247032166,0.05135591095776241,0.0,0.11463570910157853,99.609375,0.12947958443082647,-0.253664022450717,0.0,0.08,0.11463570910157853,0.11463570910157853,0
158,13,0.03977116197347641,0.05135591095776241,0.0,0.10509207498214843,98.75,0.1158458214030692,-0.2556379080555957,0.0,0.08,0.10509207498214843,0.10509207498214843,0
158,18,0.06649421900510788,0.05135591095776241,0.2583349263945583,0.2742776152384333,98.828125,0.2689674755767705,0.2583349263945583,0.2583349263945583,0.28666794111564664,0.2742776152384333,0.2742776152384333,0
158,3,0.08284810930490494,0.05135591095776241,0.47822880799036743,0.37076641070843463,97.36842105263158,0.33141642398678073,0.47822880799036743,0.47822880799036743,0.462583046392294,0.37076641070843463,0.37076641070843463,0
158,0,0.0282424446195364,0.05135591095776241,0.0,0.1592732651090524,98.98477157360406,0.1932475215843606,-0.5979539068204321,0.0,0.08,0.1592732651090524,0.1592732651090524,0
158,9,0.025955190882086754,0.05135591095776241,0.0,0.08000000009331712,99.21875,0.08000000013331018,-0.6824082267445477,0.0,0.08,0.08000000009331712,0.08000000009331712,0
159,17,0.06623779237270355,0.05121310647062254,0.25725565248251514,0.17088091126720906,98.4375,0.12162793524486488,0.25725565248251514,0.25725565248251514,0.28580452198601214,0.17088091126720906,0.17088091126720906,0
159,11,0.04249986633658409,0.05121310647062254,0.0,0.12701652615408665,98.828125,0.1471664659344095,-0.18649451410483756,0.0,0.08,0.12701652615408665,0.12701652615408665,0
159,10,0.027819853276014328,0.05121310647062254,0.0,0.08642303172091326,98.28326180257511,0.08917575960130467,-0.6102454084136245,0.0,0.08,0.08642303172091326,0.08642303172091326,0
159,19,0.0432698056101799,0.05121310647062254,0.0,0.12661797553812265,100.0,0.1465971079116038,-0.16854038745369082,0.0,0.08,0.12661797553812265,0.12661797553812265,0
159,4,0.0861969143152237,0.05121310647062254,0.5206388159316613,0.39020417242761296,99.3006993006993,0.34464408086287746,0.5206388159316613,0.5206388159316613,0.4965110527453291,0.39020417242761296,0.39020417242761296,0
159,7,0.06506934016942978,0.05121310647062254,0.23945794651493693,0.2208413746195621,98.94736842105263,0.19910209636568182,0.23945794651493693,0.23945794651493693,0.27156635721194955,0.2208413746195621,0.2208413746195621,0
159,13,0.03576343134045601,0.05121310647062254,0.0,0.0975644524875039,97.5,0.10509207498214843,-0.3590695002756606,0.0,0.08,0.0975644524875039,0.0975644524875039,0
159,5,0.2236490398645401,0.05121310647062254,0.7,0.6399999999999997,89.84375,0.6399999999999997,1.4740824012521394,0.7,0.6399999999999999,0.6399999999999997,0.6399999999999997,0
159,16,0.019622040912508965,0.05121310647062254,0.0,0.08128291340407705,100.0,0.08183273343439579,-0.9593416999011001,0.0,0.08,0.08128291340407705,0.08128291340407705,0
159,8,0.025409910827875137,0.05121310647062254,0.0,0.13487592369650298,99.21875,0.15839417670928996,-0.7008559987624261,0.0,0.08,0.13487592369650298,0.13487592369650298,0
159,6,0.051046933978796005,0.05121310647062254,0.0,0.11392181039739666,98.93617021276596,0.12845972913913808,-0.003250000779633584,0.0,0.08,0.11392181039739666,0.11392181039739666,0
159,12,0.024698279798030853,0.05121310647062254,0.0,0.10424499637110496,97.65625,0.11463570910157853,-0.7292616780128566,0.0,0.08,0.10424499637110496,0.10424499637110496,0
159,0,0.06970436871051788,0.05121310647062254,0.30826745773529485,0.20947547543280742,96.95431472081218,0.1592732651090524,0.30826745773529485,0.30826745773529485,0.3266139661882359,0.20947547543280742,0.20947547543280742,0
159,1,0.044909633696079254,0.05121310647062254,0.0,0.3433165175585017,100.0,0.4561664536550024,-0.13134312696773806,0.0,0.08,0.3433165175585017,0.3433165175585017,0
159,15,0.09701526910066605,0.05121310647062254,0.6388728022971306,0.2647764806610069,98.828125,0.12492429729956513,0.6388728022971306,0.6388728022971306,0.5910982418377044,0.2647764806610069,0.2647764806610069,0
159,14,0.062392815947532654,0.05121310647062254,0.19745461967288103,0.30896947491034565,96.875,0.3394005231269346,0.19745461967288103,0.19745461967288103,0.23796369573830484,0.30896947491034565,0.30896947491034565,0
159,3,0.06462258100509644,0.05121310647062254,0.2325683753133812,0.33935289757111575,96.3157894736842,0.37076641070843463,0.2325683753133812,0.2325683753133812,0.266054700250705,0.33935289757111575,0.33935289757111575,0
159,2,0.015503430739045143,0.05121310647062254,0.0,0.29073823386740405,100.0,0.3810546198105772,-1.1949336978487557,0.0,0.08,0.29073823386740405,0.29073823386740405,0
159,18,0.07472451031208038,0.05121310647062254,0.3778126084692123,0.30666935669951423,96.875,0.2742776152384333,0.3778126084692123,0.3778126084692123,0.38225008677536987,0.30666935669951423,0.30666935669951423,0
159,9,0.02891441620886326,0.05121310647062254,0.0,0.08000000006532199,99.609375,0.08000000009331712,-0.5716550329551622,0.0,0.08,0.08000000006532199,0.08000000006532199,0
160,11,0.022750787436962128,0.05088962420730405,0.0,0.11291156830786064,97.65625,0.12701652615408665,-0.805059055708966,0.0,0.08,0.11291156830786064,0.11291156830786064,0
160,4,0.13451224565505981,0.05088962420730405,0.7,0.46514292069932905,97.9020979020979,0.39020417242761296,0.9719960623369055,0.7,0.6399999999999999,0.46514292069932905,0.46514292069932905,0
160,19,0.027075063437223434,0.05088962420730405,0.0,0.11263258287668584,99.21875,0.12661797553812265,-0.6310457474195728,0.0,0.08,0.11263258287668584,0.11263258287668584,0
160,3,0.09036123007535934,0.05088962420730405,0.5741561625600843,0.39934450731420124,98.42105263157895,0.33935289757111575,0.5741561625600843,0.5741561625600843,0.5393249300480675,0.39934450731420124,0.39934450731420124,0
160,10,0.02387670986354351,0.05088962420730405,0.0,0.08449612220463928,99.14163090128756,0.08642303172091326,-0.7567553327240963,0.0,0.08,0.08449612220463928,0.08449612220463928,0
160,17,0.021092046052217484,0.05088962420730405,0.0,0.14361663788704634,99.21875,0.17088091126720906,-0.8807627734902943,0.0,0.08,0.14361663788704634,0.14361663788704634,0
160,2,0.09354843199253082,0.05088962420730405,0.6088201456401839,0.37363359866082696,94.26229508196721,0.29073823386740405,0.6088201456401839,0.6088201456401839,0.5670561165121472,0.37363359866082696,0.37363359866082696,0
160,9,0.01744811236858368,0.05088962420730405,0.0,0.08000000004572538,99.609375,0.08000000006532199,-1.0704272104609316,0.0,0.08,0.08000000004572538,0.08000000004572538,0
160,5,0.26051634550094604,0.05088962420730405,0.7,0.6399999999999997,92.1875,0.6399999999999997,1.6330063915891746,0.7,0.6399999999999999,0.6399999999999997,0.6399999999999997,0
160,13,0.05931274965405464,0.05088962420730405,0.15316520142384876,0.12905476508297642,99.375,0.0975644524875039,0.15316520142384876,0.15316520142384876,0.20253216113907901,0.12905476508297642,0.12905476508297642,0
160,14,0.0396394245326519,0.05088962420730405,0.0,0.24027863243724193,97.65625,0.30896947491034565,-0.24983480837505806,0.0,0.08,0.24027863243724193,0.24027863243724193,0
160,6,0.08544626832008362,0.05088962420730405,0.5182286020571438,0.2281201317718922,97.87234042553192,0.11392181039739666,0.5182286020571438,0.5182286020571438,0.4945828816457151,0.2281201317718922,0.2281201317718922,0
160,12,0.040224093943834305,0.05088962420730405,0.0,0.09697149745977346,98.4375,0.10424499637110496,-0.2351928361365147,0.0,0.08,0.09697149745977346,0.09697149745977346,0
160,18,0.03877916559576988,0.05088962420730405,0.0,0.23866854968965995,97.65625,0.30666935669951423,-0.27177586156691935,0.0,0.08,0.23866854968965995,0.23866854968965995,0
160,7,0.04305647686123848,0.05088962420730405,0.0,0.17858896223369344,100.0,0.2208413746195621,-0.16714635111698276,0.0,0.08,0.17858896223369344,0.17858896223369344,0
160,1,0.13390934467315674,0.05088962420730405,0.7,0.43232156229095114,97.29729729729729,0.3433165175585017,0.9675038607214116,0.7,0.6399999999999999,0.43232156229095114,0.43232156229095114,0
160,0,0.05758792534470558,0.05088962420730405,0.123653837276056,0.20030975374921864,97.46192893401015,0.20947547543280742,0.123653837276056,0.123653837276056,0.17892306982084483,0.20030975374921864,0.20030975374921864,0
160,8,0.013115685433149338,0.05088962420730405,0.0,0.11841314658755209,98.4375,0.13487592369650298,-1.3558496149693484,0.0,0.08,0.11841314658755209,0.11841314658755209,0
160,16,0.034403786063194275,0.05088962420730405,0.0,0.08089803938285392,99.609375,0.08128291340407705,-0.39149234370035463,0.0,0.08,0.08089803938285392,0.08089803938285392,0
160,15,0.04095669463276863,0.05088962420730405,0.0,0.20934353646270482,97.265625,0.2647764806610069,-0.21714372847260693,0.0,0.08,0.20934353646270482,0.20934353646270482,0
161,15,0.035307448357343674,0.04985970121540379,0.0,0.17054047552389334,98.4375,0.20934353646270482,-0.3451190596370449,0.0,0.08,0.17054047552389334,0.17054047552389334,0
161,14,0.06039692461490631,0.04985970121540379,0.19172506607466852,0.23820905856398977,98.046875,0.24027863243724193,0.19172506607466852,0.19172506607466852,0.23338005285973484,0.23820905856398977,0.23820905856398977,0
161,9,0.022848105058073997,0.04985970121540379,0.0,0.08000000003200777,99.21875,0.08000000004572538,-0.7803446642198149,0.0,0.08,0.08000000003200777,0.08000000003200777,0
161,0,0.07624600827693939,0.04985970121540379,0.4247519086358486,0.2661572856970567,98.4771573604061,0.20030975374921864,0.4247519086358486,0.4247519086358486,0.41980152690867895,0.2661572856970567,0.2661572856970567,0
161,5,0.22787341475486755,0.04985970121540379,0.7,0.6399999999999997,91.796875,0.6399999999999997,1.519577034045796,0.7,0.6399999999999999,0.6399999999999997,0.6399999999999997,0
161,3,0.061301421374082565,0.04985970121540379,0.20658990681148084,0.35312273275469624,97.89473684210526,0.39934450731420124,0.20658990681148084,0.20658990681148084,0.2452719254491847,0.35312273275469624,0.35312273275469624,0
161,17,0.06578423082828522,0.04985970121540379,0.27716702238704644,0.19105173189382357,97.265625,0.14361663788704634,0.27716702238704644,0.27716702238704644,0.30173361790963715,0.19105173189382357,0.19105173189382357,0
161,11,0.056494228541851044,0.04985970121540379,0.12492537407285532,0.13302018759298773,96.484375,0.11291156830786064,0.12492537407285532,0.12492537407285532,0.17994029925828425,0.13302018759298773,0.13302018759298773,0
161,13,0.04011228680610657,0.04985970121540379,0.0,0.11433833555808348,97.5,0.12905476508297642,-0.2175303453465583,0.0,0.08,0.11433833555808348,0.11433833555808348,0
161,6,0.10204023122787476,0.04985970121540379,0.7,0.3516840922403245,100.0,0.2281201317718922,0.7161539711535326,0.7,0.6399999999999999,0.3516840922403245,0.3516840922403245,0
161,19,0.03761851042509079,0.04985970121540379,0.0,0.10284280801368009,98.828125,0.11263258287668584,-0.28171679254649545,0.0,0.08,0.10284280801368009,0.10284280801368009,0
161,12,0.08883586525917053,0.04985970121540379,0.5775772829087946,0.2304985961199521,98.4375,0.09697149745977346,0.5775772829087946,0.5775772829087946,0.5420618263270357,0.2304985961199521,0.2304985961199521,0
161,1,0.09965215623378754,0.04985970121540379,0.6924724986755126,0.4928184932857888,91.89189189189189,0.43232156229095114,0.6924724986755126,0.6924724986755126,0.6339779989404101,0.4928184932857888,0.4928184932857888,0
161,16,0.00861446000635624,0.04985970121540379,0.0,0.08062862756799774,99.21875,0.08089803938285392,-1.7557699379476879,0.0,0.08,0.08062862756799774,0.08062862756799774,0
161,7,0.05398572236299515,0.04985970121540379,0.07950650998375132,0.16809383595968572,97.89473684210526,0.17858896223369344,0.07950650998375132,0.07950650998375132,0.14360520798700105,0.16809383595968572,0.16809383595968572,0
161,18,0.06227206066250801,0.04985970121540379,0.2222997351331859,0.24441992121472655,98.046875,0.23866854968965995,0.2222997351331859,0.2222997351331859,0.25783978810654873,0.24441992121472655,0.24441992121472655,0
161,4,0.06950444728136063,0.04985970121540379,0.3321775978896673,0.4293226679830505,98.6013986013986,0.46514292069932905,0.3321775978896673,0.3321775978896673,0.34574207831173387,0.4293226679830505,0.4293226679830505,0
161,2,0.06752046942710876,0.04985970121540379,0.30321766461310024,0.35831575856972286,96.72131147540983,0.37363359866082696,0.30321766461310024,0.30321766461310024,0.3225741316904802,0.35831575856972286,0.35831575856972286,0
161,8,0.01874299719929695,0.04985970121540379,0.0,0.10688920261128645,99.21875,0.11841314658755209,-0.9783925526866906,0.0,0.08,0.10688920261128645,0.10688920261128645,0
161,10,0.02565273828804493,0.04985970121540379,0.0,0.08314728554324749,100.0,0.08449612220463928,-0.6645625745595383,0.0,0.08,0.08314728554324749,0.08314728554324749,0
162,9,0.03194212168455124,0.05095864839331285,0.0,0.08000000002240544,100.0,0.08000000003200777,-0.46708880341543474,0.0,0.08,0.08000000002240544,0.08000000002240544,0
162,7,0.03018135577440262,0.05095864839331285,0.0,0.14166568517178,100.0,0.16809383595968572,-0.5237899776520666,0.0,0.08,0.14166568517178,0.14166568517178,0
162,5,0.31506067514419556,0.05095864839331285,0.7,0.6399999999999997,88.28125,0.6399999999999997,1.8217505872666586,0.7,0.6399999999999999,0.6399999999999997,0.6399999999999997,0
162,14,0.05518079921603203,0.05095864839331285,0.07960054945022982,0.20985047286284797,98.828125,0.23820905856398977,0.07960054945022982,0.07960054945022982,0.14368043956018386,0.20985047286284797,0.20985047286284797,0
162,1,0.08242904394865036,0.05095864839331285,0.48092328697658476,0.48439453417443246,97.29729729729729,0.4928184932857888,0.48092328697658476,0.48092328697658476,0.4647386295812678,0.48439453417443246,0.48439453417443246,0
162,11,0.025721263140439987,0.05095864839331285,0.0,0.11711413131509141,98.046875,0.13302018759298773,-0.6836962860940794,0.0,0.08,0.11711413131509141,0.11711413131509141,0
162,12,0.04719172418117523,0.05095864839331285,0.0,0.18534901728396647,98.046875,0.2304985961199521,-0.07679593028006768,0.0,0.08,0.18534901728396647,0.18534901728396647,0
162,3,0.05911257490515709,0.05095864839331285,0.1484291600451343,0.3068089113391196,97.36842105263158,0.35312273275469624,0.1484291600451343,0.1484291600451343,0.19874332803610745,0.3068089113391196,0.3068089113391196,0
162,6,0.05886053666472435,0.05095864839331285,0.14415634604871622,0.30477638761991904,98.93617021276596,0.3516840922403245,0.14415634604871622,0.14415634604871622,0.195325076838973,0.30477638761991904,0.30477638761991904,0
162,8,0.03434107452630997,0.05095864839331285,0.0,0.09882244182790051,97.65625,0.10688920261128645,-0.39467224727237044,0.0,0.08,0.09882244182790051,0.09882244182790051,0
162,17,0.04336157813668251,0.05095864839331285,0.0,0.15773621232567647,97.265625,0.19105173189382357,-0.1614407010263644,0.0,0.08,0.15773621232567647,0.15773621232567647,0
162,4,0.046835511922836304,0.05095864839331285,0.0,0.32452586758813534,96.5034965034965,0.4293226679830505,-0.08437275379324681,0.0,0.08,0.32452586758813534,0.32452586758813534,0
162,0,0.04007444158196449,0.05095864839331285,0.0,0.21031009998793967,94.9238578680203,0.2661572856970567,-0.24027567064544328,0.0,0.08,0.21031009998793967,0.21031009998793967,0
162,18,0.09064780920743942,0.05095864839331285,0.575967195374541,0.3333260717401984,98.4375,0.24441992121472655,0.575967195374541,0.575967195374541,0.5407737562996328,0.3333260717401984,0.3333260717401984,0
162,10,0.021988647058606148,0.05095864839331285,0.0,0.08220309988027324,98.71244635193133,0.08314728554324749,-0.8404879521037021,0.0,0.08,0.08220309988027324,0.08220309988027324,0
162,16,0.024937404319643974,0.05095864839331285,0.0,0.08044003929759841,99.21875,0.08062862756799774,-0.71464542541509,0.0,0.08,0.08044003929759841,0.08044003929759841,0
162,15,0.02937854267656803,0.05095864839331285,0.0,0.14337833286672533,98.828125,0.17054047552389334,-0.550749776923073,0.0,0.08,0.14337833286672533,0.14337833286672533,0
162,19,0.013836178928613663,0.05095864839331285,0.0,0.09598996560957607,100.0,0.10284280801368009,-1.3037271384159415,0.0,0.08,0.09598996560957607,0.09598996560957607,0
162,13,0.032311610877513885,0.05095864839331285,0.0,0.10403683489065843,99.375,0.11433833555808348,-0.455587739242436,0.0,0.08,0.10403683489065843,0.10403683489065843,0
162,2,0.05104733631014824,0.05095864839331285,0.0017388768326000018,0.27523836143863,97.54098360655738,0.35831575856972286,0.0017388768326000018,0.0017388768326000018,0.08139110146608,0.27523836143863,0.27523836143863,0
163,13,0.05388839915394783,0.05003458453991391,0.07420075428342843,0.11463396545148372,97.5,0.10403683489065843,0.07420075428342843,0.07420075428342843,0.13936060342674275,0.11463396545148372,0.11463396545148372,0
163,15,0.07299124449491501,0.05003458453991391,0.37762497555177066,0.2149948271391327,98.046875,0.14337833286672533,0.37762497555177066,0.37762497555177066,0.3820999804414166,0.2149948271391327,0.2149948271391327,0
163,19,0.028754709288477898,0.05003458453991391,0.0,0.09119297592670325,99.21875,0.09598996560957607,-0.5539127540435262,0.0,0.08,0.09119297592670325,0.09119297592670325,0
163,3,0.049032773822546005,0.05003458453991391,0.0,0.2387662379373837,97.89473684210526,0.3068089113391196,-0.02022552498598424,0.0,0.08,0.2387662379373837,0.2387662379373837,0
163,4,0.03344428539276123,0.05003458453991391,0.0,0.25116810731169475,96.5034965034965,0.32452586758813534,-0.4028334262724561,0.0,0.08,0.25116810731169475,0.25116810731169475,0
163,9,0.04119303449988365,0.05003458453991391,0.0,0.0800000000156838,98.828125,0.08000000002240544,-0.1944452376953877,0.0,0.08,0.0800000000156838,0.0800000000156838,0
163,1,0.09359997510910034,0.05003458453991391,0.6263155674123909,0.5133919101010765,91.89189189189189,0.48439453417443246,0.6263155674123909,0.6263155674123909,0.5810524539299127,0.5133919101010765,0.5133919101010765,0
163,11,0.013490385375916958,0.05003458453991391,0.0,0.10597989192056398,97.65625,0.11711413131509141,-1.3107366783749714,0.0,0.08,0.10597989192056398,0.10597989192056398,0
163,18,0.08278234302997589,0.05003458453991391,0.5035002540386568,0.3781683111874165,98.828125,0.3333260717401984,0.5035002540386568,0.5035002540386568,0.4828002032309255,0.3781683111874165,0.3781683111874165,0
163,10,0.02088269405066967,0.05003458453991391,0.0,0.08154216991619126,99.57081545064378,0.08220309988027324,-0.8737933980084427,0.0,0.08,0.08154216991619126,0.08154216991619126,0
163,8,0.04927912726998329,0.05003458453991391,0.0,0.09317570927953034,99.609375,0.09882244182790051,-0.015213844605081583,0.0,0.08,0.09317570927953034,0.09317570927953034,0
163,14,0.04791209101676941,0.05003458453991391,0.0,0.17089533100399357,98.046875,0.20985047286284797,-0.04334655363900045,0.0,0.08,0.17089533100399357,0.17089533100399357,0
163,16,0.023290086537599564,0.05003458453991391,0.0,0.08030802750831889,99.609375,0.08044003929759841,-0.7646864280690787,0.0,0.08,0.08030802750831889,0.08030802750831889,0
163,17,0.0565422959625721,0.05003458453991391,0.1222744790762218,0.16376122360626677,99.21875,0.15773621232567647,0.1222744790762218,0.1222744790762218,0.17781958326097747,0.16376122360626677,0.16376122360626677,0
163,0,0.04309181869029999,0.05003458453991391,0.0,0.17121706999155775,97.46192893401015,0.21031009998793967,-0.1493812673972077,0.0,0.08,0.17121706999155775,0.17121706999155775,0
163,12,0.028846023604273796,0.05003458453991391,0.0,0.1537443120987765,98.828125,0.18534901728396647,-0.5507421568653231,0.0,0.08,0.1537443120987765,0.1537443120987765,0
163,7,0.043280310928821564,0.05003458453991391,0.0,0.123165979620246,100.0,0.14166568517178,-0.1450166072935016,0.0,0.08,0.123165979620246,0.123165979620246,0
163,2,0.062071703374385834,0.05003458453991391,0.21557572696928617,0.26840502747966966,98.36065573770492,0.27523836143863,0.21557572696928617,0.21557572696928617,0.25246058157542894,0.26840502747966966,0.26840502747966966,0
163,5,0.2779685854911804,0.05003458453991391,0.7,0.6399999999999997,90.234375,0.6399999999999997,1.7147934844701163,0.7,0.6399999999999999,0.6399999999999997,0.6399999999999997,0
163,6,0.045861296355724335,0.05003458453991391,0.0,0.23734347133394332,100.0,0.30477638761991904,-0.08709289422309148,0.0,0.08,0.23734347133394332,0.23734347133394332,0
164,9,0.01074368879199028,0.04971979545454721,0.0,0.08000000001097865,98.4375,0.0800000000156838,-1.5320839299832358,0.0,0.08,0.08000000001097865,0.08000000001097865,0
164,7,0.040415480732917786,0.04971979545454721,0.0,0.11021618573417219,98.94736842105263,0.123165979620246,-0.20719020835580879,0.0,0.08,0.11021618573417219,0.11021618573417219,0
164,15,0.035318803042173386,0.04971979545454721,0.0,0.17449637899739287,98.046875,0.2149948271391327,-0.3419875844704124,0.0,0.08,0.17449637899739287,0.17449637899739287,0
164,16,0.019330741837620735,0.04971979545454721,0.0,0.08021561925582321,100.0,0.08030802750831889,-0.9447061664913418,0.0,0.08,0.08021561925582321,0.08021561925582321,0
164,3,0.08166344463825226,0.04971979545454721,0.49620323632895563,0.3102251432751179,96.3157894736842,0.2387662379373837,0.49620323632895563,0.49620323632895563,0.4769625890631645,0.3102251432751179,0.3102251432751179,0
164,1,0.04102785140275955,0.04971979545454721,0.0,0.3833743370707536,94.5945945945946,0.5133919101010765,-0.19215197148803834,0.0,0.08,0.3833743370707536,0.3833743370707536,0
164,11,0.046085722744464874,0.04971979545454721,0.0,0.09818592434439477,99.21875,0.10597989192056398,-0.07589993664743172,0.0,0.08,0.09818592434439477,0.09818592434439477,0
164,8,0.07048559933900833,0.04971979545454721,0.34900521231737,0.17298424745184005,98.828125,0.09317570927953034,0.34900521231737,0.34900521231737,0.359204169853896,0.17298424745184005,0.17298424745184005,0
164,13,0.034646712243556976,0.04971979545454721,0.0,0.10424377581603861,98.75,0.11463396545148372,-0.36120022879812974,0.0,0.08,0.10424377581603861,0.10424377581603861,0
164,5,0.221689373254776,0.04971979545454721,0.7,0.6399999999999997,89.84375,0.6399999999999997,1.4948738737715517,0.7,0.6399999999999999,0.6399999999999997,0.6399999999999997,0
164,18,0.06934414058923721,0.04971979545454721,0.33267844316364364,0.36856064419046597,97.65625,0.3781683111874165,0.33267844316364364,0.33267844316364364,0.3461427545309149,0.36856064419046597,0.36856064419046597,0
164,19,0.023661494255065918,0.04971979545454721,0.0,0.08783508314869226,99.21875,0.09119297592670325,-0.7425539193022576,0.0,0.08,0.08783508314869226,0.08783508314869226,0
164,14,0.09188821166753769,0.04971979545454721,0.6141695026715798,0.29102741234397467,100.0,0.17089533100399357,0.6141695026715798,0.6141695026715798,0.5713356021372639,0.29102741234397467,0.29102741234397467,0
164,2,0.07084934413433075,0.04971979545454721,0.3541524963225016,0.29688011835316913,96.72131147540983,0.26840502747966966,0.3541524963225016,0.3541524963225016,0.36332199705800133,0.29688011835316913,0.29688011835316913,0
164,6,0.04626588523387909,0.04971979545454721,0.0,0.19014042993376032,100.0,0.23734347133394332,-0.07199826816774266,0.0,0.08,0.19014042993376032,0.19014042993376032,0
164,0,0.05927247926592827,0.04971979545454721,0.1757419198540874,0.18603000975907139,99.49238578680203,0.17121706999155775,0.1757419198540874,0.1757419198540874,0.2205935358832699,0.18603000975907139,0.18603000975907139,0
164,4,0.05580364540219307,0.04971979545454721,0.11543602242751749,0.22752232050079052,97.2027972027972,0.25116810731169475,0.11543602242751749,0.11543602242751749,0.172348817942014,0.22752232050079052,0.22752232050079052,0
164,10,0.027448663488030434,0.04971979545454721,0.0,0.08107951894133388,99.57081545064378,0.08154216991619126,-0.594085511688052,0.0,0.08,0.08107951894133388,0.08107951894133388,0
164,17,0.049644701182842255,0.04971979545454721,0.0,0.13863285652438673,98.046875,0.16376122360626677,-0.0015114909938268228,0.0,0.08,0.13863285652438673,0.13863285652438673,0
164,12,0.04107692465186119,0.04971979545454721,0.0,0.13162101846914356,99.609375,0.1537443120987765,-0.19095659052850136,0.0,0.08,0.13162101846914356,0.13162101846914356,0
165,9,0.017458869144320488,0.04936539630800969,0.0,0.08000000000768505,99.609375,0.08000000001097865,-1.0394015489975066,0.0,0.08,0.08000000000768505,0.08000000000768505,0
165,11,0.030577313154935837,0.04936539630800969,0.0,0.09273014704107632,97.65625,0.09818592434439477,-0.4789912408598794,0.0,0.08,0.09273014704107632,0.09273014704107632,0
165,15,0.044980328530073166,0.04936539630800969,0.0,0.146147465298175,97.65625,0.17449637899739287,-0.0930244289811413,0.0,0.08,0.146147465298175,0.146147465298175,0
165,0,0.07161123305559158,0.04936539630800969,0.3720021858359074,0.24350153143196773,98.4771573604061,0.18603000975907139,0.3720021858359074,0.3720021858359074,0.3776017486687259,0.24350153143196773,0.24350153143196773,0
165,16,0.005178283434361219,0.04936539630800969,0.0,0.08015093347907624,99.609375,0.08021561925582321,-2.25477435255563,0.0,0.08,0.08015093347907624,0.08015093347907624,0
165,14,0.06754013150930405,0.04936539630800969,0.31347220842826784,0.30295251866356654,98.828125,0.29102741234397467,0.31347220842826784,0.31347220842826784,0.3307777667426143,0.30295251866356654,0.30295251866356654,0
165,1,0.14824363589286804,0.04936539630800969,0.7,0.4603620359495275,97.29729729729729,0.3833743370707536,1.0996072744834184,0.7,0.6399999999999999,0.4603620359495275,0.4603620359495275,0
165,7,0.07814846187829971,0.04936539630800969,0.4593606012562326,0.21139787431541635,100.0,0.11021618573417219,0.4593606012562326,0.4593606012562326,0.4474884810049861,0.21139787431541635,0.21139787431541635,0
165,8,0.043747346848249435,0.04936539630800969,0.0,0.14508897321628803,100.0,0.17298424745184005,-0.12081870563808304,0.0,0.08,0.14508897321628803,0.14508897321628803,0
165,10,0.0445365346968174,0.04936539630800969,0.0,0.08075566325893371,98.71244635193133,0.08107951894133388,-0.10293982042948714,0.0,0.08,0.08075566325893371,0.08075566325893371,0
165,5,0.23451702296733856,0.04936539630800969,0.7,0.6399999999999997,89.0625,0.6399999999999997,1.5582783187841993,0.7,0.6399999999999999,0.6399999999999997,0.6399999999999997,0
165,3,0.054720714688301086,0.04936539630800969,0.10299261507985605,0.26587582791174796,98.42105263157895,0.3102251432751179,0.10299261507985605,0.10299261507985605,0.16239409206388483,0.26587582791174796,0.26587582791174796,0
165,6,0.03352065756917,0.04936539630800969,0.0,0.1570983009536322,98.93617021276596,0.19014042993376032,-0.387087710755896,0.0,0.08,0.1570983009536322,0.1570983009536322,0
165,18,0.04124824330210686,0.04936539630800969,0.0,0.2819924509333262,98.4375,0.36856064419046597,-0.17964113402669687,0.0,0.08,0.2819924509333262,0.2819924509333262,0
165,12,0.06228434294462204,0.04936539630800969,0.23246033594168647,0.17192519355440522,99.21875,0.13162101846914356,0.23246033594168647,0.23246033594168647,0.26596826875334917,0.17192519355440522,0.17192519355440522,0
165,2,0.07402826845645905,0.04936539630800969,0.40519725979078136,0.32906342519700593,98.36065573770492,0.29688011835316913,0.40519725979078136,0.40519725979078136,0.4041578078326251,0.32906342519700593,0.32906342519700593,0
165,4,0.07373645901679993,0.04936539630800969,0.4012476057089314,0.2795650497206969,99.3006993006993,0.22752232050079052,0.4012476057089314,0.4012476057089314,0.4009980845671452,0.2795650497206969,0.2795650497206969,0
165,19,0.03687106817960739,0.04936539630800969,0.0,0.08548455820408457,99.609375,0.08783508314869226,-0.29182244716687405,0.0,0.08,0.08548455820408457,0.08548455820408457,0
165,17,0.03862470015883446,0.04936539630800969,0.0,0.12104299956707071,99.609375,0.13863285652438673,-0.2453576705081387,0.0,0.08,0.12104299956707071,0.12104299956707071,0
165,13,0.05729909613728523,0.04936539630800969,0.14903512218118206,0.13273907239471072,98.125,0.10424377581603861,0.14903512218118206,0.14903512218118206,0.19922809774494565,0.13273907239471072,0.13273907239471072,0
166,8,0.028634758666157722,0.049413908838127435,0.0,0.12556228125140162,98.828125,0.14508897321628803,-0.5456104752605807,0.0,0.08,0.12556228125140162,0.12556228125140162,0
166,13,0.025852644816040993,0.049413908838127435,0.0,0.1169173506762975,96.875,0.13273907239471072,-0.6478188458693814,0.0,0.08,0.1169173506762975,0.1169173506762975,0
166,17,0.07874306291341782,0.049413908838127435,0.46595816846813526,0.22056006012930196,98.828125,0.12104299956707071,0.46595816846813526,0.46595816846813526,0.45276653477450823,0.22056006012930196,0.22056006012930196,0
166,19,0.02043500728905201,0.049413908838127435,0.0,0.0838391907428592,98.4375,0.08548455820408457,-0.8829821792975427,0.0,0.08,0.0838391907428592,0.0838391907428592,0
166,7,0.01779831014573574,0.049413908838127435,0.0,0.17197851202079142,97.89473684210526,0.21139787431541635,-1.0211280633549389,0.0,0.08,0.17197851202079142,0.17197851202079142,0
166,5,0.24500542879104614,0.049413908838127435,0.7,0.6399999999999997,89.84375,0.6399999999999997,1.6010482670810395,0.7,0.6399999999999999,0.6399999999999997,0.6399999999999997,0
166,0,0.06040177121758461,0.049413908838127435,0.20078645249888127,0.24263982060210892,97.96954314720813,0.24350153143196773,0.20078645249888127,0.20078645249888127,0.24062916199910506,0.24263982060210892,0.24263982060210892,0
166,4,0.07896708697080612,0.049413908838127435,0.46879912930444256,0.332207325837554,97.9020979020979,0.2795650497206969,0.46879912930444256,0.46879912930444256,0.4550393034435541,0.332207325837554,0.332207325837554,0
166,2,0.0893651694059372,0.049413908838127435,0.5924989718396896,0.3965441508794296,95.08196721311475,0.32906342519700593,0.5924989718396896,0.5924989718396896,0.5539991774717516,0.3965441508794296,0.3965441508794296,0
166,16,0.024466555565595627,0.049413908838127435,0.0,0.08010565343535336,99.21875,0.08015093347907624,-0.7029246276169583,0.0,0.08,0.08010565343535336,0.08010565343535336,0
166,6,0.012418515980243683,0.049413908838127435,0.0,0.13396881066754254,98.93617021276596,0.1570983009536322,-1.3810427540420482,0.0,0.08,0.13396881066754254,0.13396881066754254,0
166,15,0.038910675793886185,0.049413908838127435,0.0,0.1263032257087225,96.875,0.146147465298175,-0.23896323039127398,0.0,0.08,0.1263032257087225,0.1263032257087225,0
166,1,0.10343573987483978,0.049413908838127435,0.7,0.5142534251646692,91.89189189189189,0.4603620359495275,0.7387185034248152,0.7,0.6399999999999999,0.5142534251646692,0.5142534251646692,0
166,12,0.03976983204483986,0.049413908838127435,0.0,0.14434763548808366,97.265625,0.17192519355440522,-0.2171232548690777,0.0,0.08,0.14434763548808366,0.14434763548808366,0
166,11,0.01056311558932066,0.049413908838127435,0.0,0.08891110292875343,99.21875,0.09273014704107632,-1.5428629240436924,0.0,0.08,0.08891110292875343,0.08891110292875343,0
166,14,0.0777028352022171,0.049413908838127435,0.4526597321279217,0.3447050987751978,97.65625,0.30295251866356654,0.4526597321279217,0.4526597321279217,0.4421277857023374,0.3447050987751978,0.3447050987751978,0
166,3,0.09829474985599518,0.049413908838127435,0.6877385756973536,0.3751703377055884,97.36842105263158,0.26587582791174796,0.6877385756973536,0.6877385756973536,0.6301908605578829,0.3751703377055884,0.3751703377055884,0
166,18,0.08833063393831253,0.049413908838127435,0.5808549485088396,0.36079990329544986,96.875,0.2819924509333262,0.5808549485088396,0.5808549485088396,0.5446839588070717,0.36079990329544986,0.36079990329544986,0
166,10,0.03542230650782585,0.049413908838127435,0.0,0.0805289642812536,99.14163090128756,0.08075566325893371,-0.3328901110239009,0.0,0.08,0.0805289642812536,0.0805289642812536,0
166,9,0.02317468263208866,0.049413908838127435,0.0,0.08000000000537953,98.828125,0.08000000000768505,-0.757171293909247,0.0,0.08,0.08000000000537953,0.08000000000537953,0
167,19,0.007931177504360676,0.048406543346250996,0.0,0.08268743352000144,99.609375,0.0838391907428592,-1.8088324314941224,0.0,0.08,0.08268743352000144,0.08268743352000144,0
167,14,0.06954113394021988,0.048406543346250996,0.36228337227543556,0.352241578488743,98.828125,0.3447050987751978,0.36228337227543556,0.36228337227543556,0.3698266978203485,0.352241578488743,0.352241578488743,0
167,1,0.14058685302734375,0.048406543346250996,0.7,0.5519773976152684,97.29729729729729,0.5142534251646692,1.06619033565553,0.7,0.6399999999999999,0.5519773976152684,0.5519773976152684,0
167,7,0.048964858055114746,0.048406543346250996,0.01146785821879569,0.14713724438706496,97.89473684210526,0.17197851202079142,0.01146785821879569,0.01146785821879569,0.08917428657503655,0.14713724438706496,0.14713724438706496,0
167,12,0.037530407309532166,0.048406543346250996,0.0,0.12504334484165855,98.4375,0.14434763548808366,-0.25448347182898756,0.0,0.08,0.12504334484165855,0.12504334484165855,0
167,16,0.03750501945614815,0.048406543346250996,0.0,0.08007395740474735,100.0,0.08010565343535336,-0.2551601614589454,0.0,0.08,0.08007395740474735,0.08007395740474735,0
167,6,0.03737436234951019,0.048406543346250996,0.0,0.11777816746727979,97.87234042553192,0.13396881066754254,-0.25864996602710244,0.0,0.08,0.11777816746727979,0.11777816746727979,0
167,3,0.10152839124202728,0.048406543346250996,0.7,0.4546192363939118,99.47368421052632,0.3751703377055884,0.7407033702604578,0.7,0.6399999999999999,0.4546192363939118,0.4546192363939118,0
167,4,0.07765008509159088,0.048406543346250996,0.4725775699391856,0.36996374487169237,96.5034965034965,0.332207325837554,0.4725775699391856,0.4725775699391856,0.4580620559513485,0.36996374487169237,0.36996374487169237,0
167,9,0.028628448024392128,0.048406543346250996,0.0,0.08000000000376567,99.21875,0.08000000000537953,-0.5252339453490785,0.0,0.08,0.08000000000376567,0.08000000000376567,0
167,17,0.03781309723854065,0.048406543346250996,0.0,0.17839204209051135,98.4375,0.22056006012930196,-0.24697940940961383,0.0,0.08,0.17839204209051135,0.17839204209051135,0
167,5,0.2123604118824005,0.048406543346250996,0.7,0.6399999999999997,89.0625,0.6399999999999997,1.478649730078483,0.7,0.6399999999999999,0.6399999999999997,0.6399999999999997,0
167,11,0.054907359182834625,0.048406543346250996,0.12601236443028146,0.11648073951339494,98.828125,0.08891110292875343,0.12601236443028146,0.12601236443028146,0.18080989154422517,0.11648073951339494,0.11648073951339494,0
167,13,0.035582300275564194,0.048406543346250996,0.0,0.10584214547340823,98.125,0.1169173506762975,-0.3077865922835048,0.0,0.08,0.10584214547340823,0.10584214547340823,0
167,18,0.04490870237350464,0.048406543346250996,0.0,0.2765599323068149,98.828125,0.36079990329544986,-0.07500338884883188,0.0,0.08,0.2765599323068149,0.2765599323068149,0
167,0,0.053186532109975815,0.048406543346250996,0.09417019221543416,0.21644872055318043,97.46192893401015,0.24263982060210892,0.09417019221543416,0.09417019221543416,0.15533615377234733,0.21644872055318043,0.21644872055318043,0
167,10,0.01788092404603958,0.048406543346250996,0.0,0.08037027499687752,99.14163090128756,0.0805289642812536,-0.9959001961804935,0.0,0.08,0.08037027499687752,0.08037027499687752,0
167,8,0.022316554561257362,0.048406543346250996,0.0,0.11189359687598113,98.4375,0.12556228125140162,-0.7743059961125969,0.0,0.08,0.11189359687598113,0.11189359687598113,0
167,2,0.014691922813653946,0.048406543346250996,0.0,0.30158090561560075,97.54098360655738,0.3965441508794296,-1.1923366493142695,0.0,0.08,0.30158090561560075,0.30158090561560075,0
167,15,0.0721261128783226,0.048406543346250996,0.3987810889378804,0.20811971934119702,98.4375,0.1263032257087225,0.3987810889378804,0.3987810889378804,0.3990248711503043,0.20811971934119702,0.20811971934119702,0
168,12,0.026885874569416046,0.04770197899222816,0.0,0.11153034138916099,98.046875,0.12504334484165855,-0.5733716832866157,0.0,0.08,0.11153034138916099,0.11153034138916099,0
168,17,0.07172765582799911,0.04770197899222816,0.40790343354899905,0.2467712535151177,96.484375,0.17839204209051135,0.40790343354899905,0.40790343354899905,0.4063227468391993,0.2467712535151177,0.2467712535151177,0
168,7,0.007315169554203749,0.04770197899222816,0.0,0.12699607107094546,97.89473684210526,0.14713724438706496,-1.8750215147751768,0.0,0.08,0.12699607107094546,0.12699607107094546,0
168,19,0.031070012599229813,0.04770197899222816,0.0,0.081881203464001,99.21875,0.08268743352000144,-0.42872964420556825,0.0,0.08,0.081881203464001,0.081881203464001,0
168,6,0.014583157375454903,0.04770197899222816,0.0,0.10644471722709584,98.93617021276596,0.11777816746727979,-1.1851051508732813,0.0,0.08,0.10644471722709584,0.10644471722709584,0
168,10,0.019069379195570946,0.04770197899222816,0.0,0.08025919249781426,98.71244635193133,0.08037027499687752,-0.9168887054736149,0.0,0.08,0.08025919249781426,0.08025919249781426,0
168,1,0.04533550143241882,0.04770197899222816,0.0,0.4103841783306879,100.0,0.5519773976152684,-0.050882452758124,0.0,0.08,0.4103841783306879,0.4103841783306879,0
168,13,0.05778412148356438,0.04770197899222816,0.19174110120275004,0.14410736612004577,99.375,0.10584214547340823,0.19174110120275004,0.19174110120275004,0.23339288096220007,0.14410736612004577,0.14410736612004577,0
168,5,0.26139307022094727,0.04770197899222816,0.7,0.6399999999999997,91.015625,0.6399999999999997,1.7010522338711802,0.7,0.6399999999999999,0.6399999999999997,0.6399999999999997,0
168,11,0.04382258653640747,0.04770197899222816,0.0,0.10553651765937644,98.4375,0.11648073951339494,-0.08482350796715454,0.0,0.08,0.10553651765937644,0.10553651765937644,0
168,16,0.003758296137675643,0.04770197899222816,0.0,0.08005177018332314,100.0,0.08007395740474735,-2.541004734375957,0.0,0.08,0.08005177018332314,0.08005177018332314,0
168,3,0.08097772300243378,0.04770197899222816,0.5292011207004189,0.46924173444383876,98.94736842105263,0.4546192363939118,0.5292011207004189,0.5292011207004189,0.5033608965603351,0.46924173444383876,0.46924173444383876,0
168,4,0.061319272965192795,0.04770197899222816,0.2511212656330822,0.34324372516212437,97.9020979020979,0.36996374487169237,0.2511212656330822,0.2511212656330822,0.28089701250646576,0.34324372516212437,0.34324372516212437,0
168,15,0.0692436546087265,0.04770197899222816,0.37265856011256804,0.25912185796585424,99.21875,0.20811971934119702,0.37265856011256804,0.37265856011256804,0.3781268480900545,0.25912185796585424,0.25912185796585424,0
168,14,0.056710973381996155,0.04770197899222816,0.1729948074398748,0.31208785872769007,98.046875,0.352241578488743,0.1729948074398748,0.1729948074398748,0.21839584595189987,0.31208785872769007,0.31208785872769007,0
168,18,0.03280257061123848,0.04770197899222816,0.0,0.21759195261477043,98.4375,0.2765599323068149,-0.3744659055081194,0.0,0.08,0.21759195261477043,0.21759195261477043,0
168,9,0.017526725307106972,0.04770197899222816,0.0,0.08000000000263596,99.21875,0.08000000000376567,-1.0012456480061658,0.0,0.08,0.08000000000263596,0.08000000000263596,0
168,8,0.06918403506278992,0.04770197899222816,0.37179717838828125,0.1915568406263743,98.4375,0.11189359687598113,0.37179717838828125,0.37179717838828125,0.377437742710625,0.1915568406263743,0.1915568406263743,0
168,0,0.0528765544295311,0.04770197899222816,0.1029871292732469,0.20023101541280555,96.95431472081218,0.21644872055318043,0.1029871292732469,0.1029871292732469,0.16238970341859754,0.20023101541280555,0.20023101541280555,0
168,2,0.0806017592549324,0.04770197899222816,0.5245475053501775,0.3609980352149631,96.72131147540983,0.30158090561560075,0.5245475053501775,0.5245475053501775,0.499638004280142,0.3609980352149631,0.3609980352149631,0
169,17,0.049749668687582016,0.04784238388610284,0.039091857227007684,0.2061219231950642,98.4375,0.2467712535151177,0.039091857227007684,0.039091857227007684,0.11127348578160615,0.2061219231950642,0.2061219231950642,0
169,13,0.03795849531888962,0.04784238388610284,0.0,0.12487515628403204,96.875,0.14410736612004577,-0.23141855001013636,0.0,0.08,0.12487515628403204,0.12487515628403204,0
169,0,0.06359986960887909,0.04784238388610284,0.28469942958645955,0.2324895738897142,98.4771573604061,0.20023101541280555,0.28469942958645955,0.28469942958645955,0.30775954366916763,0.2324895738897142,0.2324895738897142,0
169,6,0.020856112241744995,0.04784238388610284,0.0,0.09851130205896708,97.87234042553192,0.10644471722709584,-0.8302646099749038,0.0,0.08,0.09851130205896708,0.09851130205896708,0
169,12,0.055773403495550156,0.04784238388610284,0.15338514737492512,0.1388836743423947,98.828125,0.11153034138916099,0.15338514737492512,0.15338514737492512,0.2027081178999401,0.1388836743423947,0.1388836743423947,0
169,3,0.061658989638090134,0.04784238388610284,0.25370705067177046,0.4133589062719121,97.89473684210526,0.46924173444383876,0.25370705067177046,0.25370705067177046,0.2829656405374164,0.4133589062719121,0.4133589062719121,0
169,16,0.013101768679916859,0.04784238388610284,0.0,0.08003623912832619,99.609375,0.08005177018332314,-1.2951641497325521,0.0,0.08,0.08003623912832619,0.08003623912832619,0
169,9,0.028240079060196877,0.04784238388610284,0.0,0.08000000000184518,99.21875,0.08000000000263596,-0.527169581505913,0.0,0.08,0.08000000000184518,0.08000000000184518,0
169,11,0.04105570912361145,0.04784238388610284,0.0,0.0978755623615635,99.21875,0.10553651765937644,-0.1529820007052578,0.0,0.08,0.0978755623615635,0.0978755623615635,0
169,8,0.056308288127183914,0.04784238388610284,0.16292976771555537,0.19719293269019528,100.0,0.1915568406263743,0.16292976771555537,0.16292976771555537,0.2103438141724443,0.19719293269019528,0.19719293269019528,0
169,5,0.24417509138584137,0.04784238388610284,0.7,0.6399999999999997,92.1875,0.6399999999999997,1.6299734487357254,0.7,0.6399999999999999,0.6399999999999997,0.6399999999999997,0
169,2,0.19532860815525055,0.04784238388610284,0.7,0.44469862465047416,98.36065573770492,0.3609980352149631,1.406771213664934,0.7,0.6399999999999999,0.44469862465047416,0.44469862465047416,0
169,15,0.04714187607169151,0.04784238388610284,0.0,0.20538530057609794,98.4375,0.25912185796585424,-0.014750241101882515,0.0,0.08,0.20538530057609794,0.20538530057609794,0
169,4,0.04983259364962578,0.04784238388610284,0.04075731375733079,0.27405236291524643,97.9020979020979,0.34324372516212437,0.04075731375733079,0.04075731375733079,0.11260585100586464,0.27405236291524643,0.27405236291524643,0
169,19,0.05017610639333725,0.04784238388610284,0.04762699661097556,0.09274732161143484,99.609375,0.081881203464001,0.04762699661097556,0.04762699661097556,0.11810159728878045,0.09274732161143484,0.09274732161143484,0
169,7,0.05049007758498192,0.04784238388610284,0.053864883753229696,0.12582482185043695,97.89473684210526,0.12699607107094546,0.053864883753229696,0.053864883753229696,0.12309190700258377,0.12582482185043695,0.12582482185043695,0
169,14,0.07511981576681137,0.04784238388610284,0.4511723676835002,0.35074286935342314,98.046875,0.31208785872769007,0.4511723676835002,0.4511723676835002,0.44093789414680024,0.35074286935342314,0.35074286935342314,0
169,1,0.2044515758752823,0.04784238388610284,0.7,0.47926892483148154,97.29729729729729,0.4103841783306879,1.452419055752776,0.7,0.6399999999999999,0.47926892483148154,0.47926892483148154,0
169,18,0.08289733529090881,0.04784238388610284,0.5496908907839843,0.3082401806184955,97.65625,0.21759195261477043,0.5496908907839843,0.5496908907839843,0.5197527126271874,0.3082401806184955,0.3082401806184955,0
169,10,0.04473787173628807,0.04784238388610284,0.0,0.08018143474846998,99.57081545064378,0.08025919249781426,-0.06709153895662279,0.0,0.08,0.08018143474846998,0.08018143474846998,0
170,1,0.08447833359241486,0.04809145469640851,0.5633905004417294,0.49470196748805206,97.29729729729729,0.47926892483148154,0.5633905004417294,0.5633905004417294,0.5307124003533835,0.49470196748805206,0.49470196748805206,0
170,0,0.03184278681874275,0.04809145469640851,0.0,0.18674270172279991,98.98477157360406,0.2324895738897142,-0.4122935153235096,0.0,0.08,0.18674270172279991,0.18674270172279991,0
170,12,0.01824341155588627,0.04809145469640851,0.0,0.12121857203967629,98.046875,0.1388836743423947,-0.9693001598715929,0.0,0.08,0.12121857203967629,0.12121857203967629,0
170,17,0.031272392719984055,0.04809145469640851,0.0,0.16828534623654492,99.21875,0.2061219231950642,-0.43036870584550835,0.0,0.08,0.16828534623654492,0.16828534623654492,0
170,15,0.05783231556415558,0.04809145469640851,0.18444317293669205,0.21203607190807464,96.875,0.20538530057609794,0.18444317293669205,0.18444317293669205,0.22755453834935363,0.21203607190807464,0.21203607190807464,0
170,11,0.053057532757520676,0.04809145469640851,0.09827232477207505,0.11609825159839246,99.609375,0.0978755623615635,0.09827232477207505,0.09827232477207505,0.15861785981766005,0.11609825159839246,0.11609825159839246,0
170,3,0.052544303238391876,0.04809145469640851,0.08855216303485279,0.3346037535187031,96.3157894736842,0.4133589062719121,0.08855216303485279,0.08855216303485279,0.15084173042788224,0.3346037535187031,0.3346037535187031,0
170,10,0.012331749312579632,0.04809145469640851,0.0,0.08012700432392898,98.71244635193133,0.08018143474846998,-1.3609267196994244,0.0,0.08,0.08012700432392898,0.08012700432392898,0
170,16,0.005758790299296379,0.04809145469640851,0.0,0.08002536738982832,100.0,0.08003623912832619,-2.122375540584572,0.0,0.08,0.08002536738982832,0.08002536738982832,0
170,2,0.06905355304479599,0.04809145469640851,0.3617777672357726,0.42211570139191734,97.54098360655738,0.44469862465047416,0.3617777672357726,0.3617777672357726,0.3694222137886181,0.42211570139191734,0.42211570139191734,0
170,5,0.2500493824481964,0.04809145469640851,0.7,0.6399999999999997,92.578125,0.6399999999999997,1.6485537559140526,0.7,0.6399999999999999,0.6399999999999997,0.6399999999999997,0
170,14,0.05998547747731209,0.04809145469640851,0.22099794536076367,0.3225595154339794,98.4375,0.35074286935342314,0.22099794536076367,0.22099794536076367,0.256798356288611,0.3225595154339794,0.3225595154339794,0
170,7,0.021853459998965263,0.04809145469640851,0.0,0.11207737529530587,98.94736842105263,0.12582482185043695,-0.7887449932727219,0.0,0.08,0.11207737529530587,0.11207737529530587,0
170,13,0.058732420206069946,0.04809145469640851,0.19988733574796072,0.159385569978333,96.875,0.12487515628403204,0.19988733574796072,0.19988733574796072,0.2399098685983686,0.159385569978333,0.159385569978333,0
170,4,0.0540509857237339,0.04809145469640851,0.11682325395963875,0.2438742349909858,96.5034965034965,0.27405236291524643,0.11682325395963875,0.11682325395963875,0.173458603167711,0.2438742349909858,0.2438742349909858,0
170,19,0.018224140629172325,0.04809145469640851,0.0,0.08892312512800438,99.21875,0.09274732161143484,-0.970357040127287,0.0,0.08,0.08892312512800438,0.08892312512800438,0
170,8,0.017785249277949333,0.04809145469640851,0.0,0.1620350528831367,98.828125,0.19719293269019528,-0.9947347284703345,0.0,0.08,0.1620350528831367,0.1620350528831367,0
170,6,0.025737546384334564,0.04809145469640851,0.0,0.09295791144127694,98.93617021276596,0.09851130205896708,-0.625153449128765,0.0,0.08,0.09295791144127694,0.09295791144127694,0
170,9,0.013968518935143948,0.04809145469640851,0.0,0.08000000000129162,99.21875,0.08000000000184518,-1.236297846210045,0.0,0.08,0.08000000000129162,0.08000000000129162,0
170,18,0.07993146032094955,0.04809145469640851,0.5080649343496901,0.36170371067687246,99.21875,0.3082401806184955,0.5080649343496901,0.5080649343496901,0.4864519474797521,0.36170371067687246,0.36170371067687246,0
171,1,0.07619122415781021,0.047501663729624395,0.47248147194327145,0.4836869305080216,91.89189189189189,0.49470196748805206,0.47248147194327145,0.47248147194327145,0.4579851775546172,0.4836869305080216,0.4836869305080216,0
171,7,0.0756511390209198,0.047501663729624395,0.4653676819300815,0.21414240636993365,97.89473684210526,0.11207737529530587,0.4653676819300815,0.4653676819300815,0.4522941455440652,0.21414240636993365,0.21414240636993365,0
171,8,0.04140068218111992,0.047501663729624395,0.0,0.13742453701819568,98.046875,0.1620350528831367,-0.1374673467907283,0.0,0.08,0.13742453701819568,0.13742453701819568,0
171,14,0.08512386679649353,0.047501663729624395,0.5833426227948236,0.38979389027454325,97.265625,0.3225595154339794,0.5833426227948236,0.5833426227948236,0.5466740982358589,0.38979389027454325,0.38979389027454325,0
171,0,0.06761598587036133,0.047501663729624395,0.3530796335258175,0.23945900325215613,97.96954314720813,0.18674270172279991,0.3530796335258175,0.3530796335258175,0.36246370682065404,0.23945900325215613,0.23945900325215613,0
171,2,0.05482425168156624,0.047501663729624395,0.14336788055982325,0.3538892823086997,95.90163934426229,0.42211570139191734,0.14336788055982325,0.14336788055982325,0.19469430444785862,0.3538892823086997,0.3538892823086997,0
171,17,0.04572504758834839,0.047501663729624395,0.0,0.14179974236558143,97.65625,0.16828534623654492,-0.038118493106879196,0.0,0.08,0.14179974236558143,0.14179974236558143,0
171,19,0.02367640659213066,0.047501663729624395,0.0,0.08624618758960306,99.21875,0.08892312512800438,-0.6962854746139682,0.0,0.08,0.08624618758960306,0.08624618758960306,0
171,13,0.03544639050960541,0.047501663729624395,0.0,0.1355698989848331,96.25,0.159385569978333,-0.2927432361156875,0.0,0.08,0.1355698989848331,0.1355698989848331,0
171,4,0.07053689658641815,0.047501663729624395,0.3953711236878525,0.28960103417877464,98.6013986013986,0.2438742349909858,0.3953711236878525,0.3953711236878525,0.39629689895028203,0.28960103417877464,0.28960103417877464,0
171,15,0.036594208329916,0.047501663729624395,0.0,0.17242525033565223,98.046875,0.21203607190807464,-0.2608746880320473,0.0,0.08,0.17242525033565223,0.17242525033565223,0
171,9,0.020373361185193062,0.047501663729624395,0.0,0.08000000000090413,99.21875,0.08000000000129162,-0.8465362327325603,0.0,0.08,0.08000000000090413,0.08000000000090413,0
171,5,0.2506400942802429,0.047501663729624395,0.7,0.6399999999999997,94.140625,0.6399999999999997,1.6632531158667654,0.7,0.6399999999999999,0.6399999999999997,0.6399999999999997,0
171,18,0.047383371740579605,0.047501663729624395,0.0,0.27719259747381075,98.046875,0.36170371067687246,-0.0024933757954387027,0.0,0.08,0.27719259747381075,0.27719259747381075,0
171,12,0.05774294584989548,0.047501663729624395,0.19523641850401005,0.15570974086873582,99.609375,0.12121857203967629,0.19523641850401005,0.19523641850401005,0.23618913480320808,0.15570974086873582,0.15570974086873582,0
171,6,0.01847427524626255,0.047501663729624395,0.0,0.08907053800889386,98.93617021276596,0.09295791144127694,-0.9443851683647965,0.0,0.08,0.08907053800889386,0.08907053800889386,0
171,11,0.023021934553980827,0.047501663729624395,0.0,0.10526877611887472,98.828125,0.11609825159839246,-0.7243170747357883,0.0,0.08,0.10526877611887472,0.10526877611887472,0
171,10,0.013433403335511684,0.047501663729624395,0.0,0.08008890302675029,100.0,0.08012700432392898,-1.2630198110690116,0.0,0.08,0.08008890302675029,0.08008890302675029,0
171,3,0.05014763027429581,0.047501663729624395,0.054206513113926144,0.2712321906104344,97.36842105263158,0.3346037535187031,0.054206513113926144,0.054206513113926144,0.12336521049114092,0.2712321906104344,0.2712321906104344,0
171,16,0.011223251931369305,0.047501663729624395,0.0,0.08001775717287982,99.609375,0.08002536738982832,-1.4427763642696734,0.0,0.08,0.08001775717287982,0.08001775717287982,0
172,16,0.02034556306898594,0.04740691832310835,0.0,0.08001243002101587,99.609375,0.08001775717287982,-0.8459050365579769,0.0,0.08,0.08001243002101587,0.08001243002101587,0
172,2,0.08076125383377075,0.04740691832310835,0.5327290574025698,0.3995774713927065,98.36065573770492,0.3538892823086997,0.5327290574025698,0.5327290574025698,0.5061832459220559,0.3995774713927065,0.3995774713927065,0
172,17,0.0663769468665123,0.04740691832310835,0.33658157593503285,0.2040393978803149,98.046875,0.14179974236558143,0.33658157593503285,0.33658157593503285,0.34926526074802633,0.2040393978803149,0.2040393978803149,0
172,9,0.020737674087285995,0.04740691832310835,0.0,0.08000000000063288,99.609375,0.08000000000090413,-0.8268158526726371,0.0,0.08,0.08000000000063288,0.08000000000063288,0
172,5,0.24501928687095642,0.04740691832310835,0.7,0.6399999999999997,91.015625,0.6399999999999997,1.642568585007865,0.7,0.6399999999999999,0.6399999999999997,0.6399999999999997,0
172,14,0.04064178094267845,0.04740691832310835,0.0,0.2968557231921803,97.65625,0.38979389027454325,-0.1539715144031793,0.0,0.08,0.2968557231921803,0.2968557231921803,0
172,12,0.07902386039495468,0.04740691832310835,0.510981578551142,0.2556323974603892,98.4375,0.15570974086873582,0.510981578551142,0.510981578551142,0.48878526284091367,0.2556323974603892,0.2556323974603892,0
172,1,0.07922525703907013,0.04740691832310835,0.5135268910389318,0.48582730520495876,94.5945945945946,0.4836869305080216,0.5135268910389318,0.5135268910389318,0.49082151283114545,0.48582730520495876,0.48582730520495876,0
172,8,0.0075606778264045715,0.04740691832310835,0.0,0.12019717591273696,98.828125,0.13742453701819568,-1.83580621679239,0.0,0.08,0.12019717591273696,0.12019717591273696,0
172,3,0.04024449363350868,0.04740691832310835,0.0,0.21386253342730407,98.94736842105263,0.2712321906104344,-0.1637949463230677,0.0,0.08,0.21386253342730407,0.21386253342730407,0
172,18,0.042122431099414825,0.04740691832310835,0.0,0.2180348182316675,98.828125,0.27719259747381075,-0.11818774376087426,0.0,0.08,0.2180348182316675,0.2180348182316675,0
172,7,0.03611170873045921,0.04740691832310835,0.0,0.17389968445895354,96.84210526315789,0.21414240636993365,-0.2721509539399342,0.0,0.08,0.17389968445895354,0.17389968445895354,0
172,6,0.0690663605928421,0.04740691832310835,0.37629954975101787,0.17666126854647,96.80851063829788,0.08907053800889386,0.37629954975101787,0.37629954975101787,0.38103963980081434,0.17666126854647,0.17666126854647,0
172,19,0.05440458655357361,0.04740691832310835,0.13768026058862107,0.1174155938539912,99.21875,0.08624618758960306,0.13768026058862107,0.13768026058862107,0.19014420847089686,0.1174155938539912,0.1174155938539912,0
172,4,0.07585524022579193,0.04740691832310835,0.47005853675905335,0.33953477274731503,99.3006993006993,0.28960103417877464,0.47005853675905335,0.47005853675905335,0.4560468294072427,0.33953477274731503,0.33953477274731503,0
172,11,0.01911926455795765,0.04740691832310835,0.0,0.09768814328321229,99.609375,0.10526877611887472,-0.9080714197997922,0.0,0.08,0.09768814328321229,0.09768814328321229,0
172,13,0.05208135396242142,0.04740691832310835,0.09403880213816586,0.14146824180254297,96.875,0.1355698989848331,0.09403880213816586,0.09403880213816586,0.1552310417105327,0.14146824180254297,0.14146824180254297,0
172,0,0.014780736528337002,0.04740691832310835,0.0,0.19162130227650928,98.4771573604061,0.23945900325215613,-1.1654429615695938,0.0,0.08,0.19162130227650928,0.19162130227650928,0
172,10,0.05472899228334427,0.04740691832310835,0.1436253900212741,0.11453232572383099,98.71244635193133,0.08008890302675029,0.1436253900212741,0.1436253900212741,0.1949003120170193,0.11453232572383099,0.11453232572383099,0
172,15,0.05441288650035858,0.04740691832310835,0.1378328086131735,0.1777775493021182,96.875,0.17242525033565223,0.1378328086131735,0.1378328086131735,0.19026624689053884,0.1777775493021182,0.1777775493021182,0
173,11,0.046821169555187225,0.047990523516597265,0.0,0.0923817002982486,98.046875,0.09768814328321229,-0.02466811790388909,0.0,0.08,0.0923817002982486,0.0923817002982486,0
173,2,0.08541208505630493,0.047990523516597265,0.5764839460065924,0.4420603770164767,98.36065573770492,0.3995774713927065,0.5764839460065924,0.5764839460065924,0.5411871568052739,0.4420603770164767,0.4420603770164767,0
173,17,0.04904710128903389,0.047990523516597265,0.021777518033608733,0.1720541828442865,98.4375,0.2040393978803149,0.021777518033608733,0.021777518033608733,0.09742201442688699,0.1720541828442865,0.1720541828442865,0
173,12,0.08496534824371338,0.047990523516597265,0.5712398502916931,0.3400402422922788,97.65625,0.2556323974603892,0.5712398502916931,0.5712398502916931,0.5369918802333545,0.3400402422922788,0.3400402422922788,0
173,10,0.025473671033978462,0.047990523516597265,0.0,0.10417262800668167,98.71244635193133,0.11453232572383099,-0.6333579702025695,0.0,0.08,0.10417262800668167,0.10417262800668167,0
173,19,0.029937565326690674,0.047990523516597265,0.0,0.10619091569779382,99.21875,0.1174155938539912,-0.47188938175396195,0.0,0.08,0.10619091569779382,0.10619091569779382,0
173,16,0.03779589757323265,0.047990523516597265,0.0,0.08000870101471111,100.0,0.08001243002101587,-0.2388029415475201,0.0,0.08,0.08000870101471111,0.08000870101471111,0
173,3,0.06388524174690247,0.047990523516597265,0.2860847596081254,0.24236411570506294,96.84210526315789,0.21386253342730407,0.2860847596081254,0.2860847596081254,0.30886780768650035,0.24236411570506294,0.24236411570506294,0
173,15,0.04453694075345993,0.047990523516597265,0.0,0.14844428451148273,96.875,0.1777775493021182,-0.07468457442420076,0.0,0.08,0.14844428451148273,0.14844428451148273,0
173,18,0.06489469110965729,0.047990523516597265,0.30176220032252776,0.2490473008395739,98.046875,0.2180348182316675,0.30176220032252776,0.30176220032252776,0.3214097602580222,0.2490473008395739,0.2490473008395739,0
173,4,0.08287549763917923,0.047990523516597265,0.5463358007933348,0.39279493311352087,96.5034965034965,0.33953477274731503,0.5463358007933348,0.5463358007933348,0.5170686406346678,0.39279493311352087,0.39279493311352087,0
173,9,0.020195765420794487,0.047990523516597265,0.0,0.08000000000044302,98.828125,0.08000000000063288,-0.8655303281031469,0.0,0.08,0.08000000000044302,0.08000000000044302,0
173,0,0.07007645070552826,0.047990523516597265,0.37858316866806346,0.2489948720738917,98.4771573604061,0.19162130227650928,0.37858316866806346,0.37858316866806346,0.38286653493445083,0.2489948720738917,0.2489948720738917,0
173,14,0.04967178404331207,0.047990523516597265,0.034433474666727484,0.24006304015454077,98.828125,0.2968557231921803,0.034433474666727484,0.034433474666727484,0.10754677973338199,0.24006304015454077,0.24006304015454077,0
173,8,0.03409552574157715,0.047990523516597265,0.0,0.10813802313891588,97.265625,0.12019717591273696,-0.34183731400371636,0.0,0.08,0.10813802313891588,0.10813802313891588,0
173,1,0.04260285198688507,0.047990523516597265,0.0,0.3640791136434711,100.0,0.48582730520495876,-0.11908233924416903,0.0,0.08,0.3640791136434711,0.3640791136434711,0
173,13,0.04343245178461075,0.047990523516597265,0.0,0.12302776926178008,99.375,0.14146824180254297,-0.09979664414805661,0.0,0.08,0.12302776926178008,0.12302776926178008,0
173,5,0.256513774394989,0.047990523516597265,0.7,0.6399999999999997,91.40625,0.6399999999999997,1.676178630444645,0.7,0.6399999999999999,0.6399999999999997,0.6399999999999997,0
173,7,0.05924823135137558,0.047990523516597265,0.21073232468784214,0.1963055370463496,100.0,0.17389968445895354,0.21073232468784214,0.21073232468784214,0.24858585975027375,0.1963055370463496,0.1963055370463496,0
173,6,0.07053083181381226,0.047990523516597265,0.38504631363779535,0.24007400325559988,100.0,0.17666126854647,0.38504631363779535,0.38504631363779535,0.3880370509102363,0.24007400325559988,0.24007400325559988,0
174,12,0.026356123387813568,0.04812741543155483,0.0,0.26202816960459513,97.65625,0.3400402422922788,-0.6021511758732769,0.0,0.08,0.26202816960459513,0.26202816960459513,0
174,11,0.019138196483254433,0.04812741543155483,0.0,0.08866719020877403,98.828125,0.0923817002982486,-0.9221655134406603,0.0,0.08,0.08866719020877403,0.08866719020877403,0
174,15,0.05114688724279404,0.04812741543155483,0.06084964067707409,0.1425149129205357,98.046875,0.14844428451148273,0.06084964067707409,0.06084964067707409,0.12867971254165927,0.1425149129205357,0.1425149129205357,0
174,6,0.01946798712015152,0.04812741543155483,0.0,0.1920518022789199,98.93617021276596,0.24007400325559988,-0.9050802458718383,0.0,0.08,0.1920518022789199,0.1920518022789199,0
174,9,0.016064872965216637,0.04812741543155483,0.0,0.08000000000031011,98.4375,0.08000000000044302,-1.0972164824527895,0.0,0.08,0.08000000000031011,0.08000000000031011,0
174,4,0.05804956331849098,0.04812741543155483,0.1874451679598151,0.3439432934898202,97.2027972027972,0.39279493311352087,0.1874451679598151,0.1874451679598151,0.22995613436785212,0.3439432934898202,0.3439432934898202,0
174,7,0.057149674743413925,0.04812741543155483,0.17182168400914063,0.20265108009463845,98.94736842105263,0.1963055370463496,0.17182168400914063,0.17182168400914063,0.21745734720731252,0.20265108009463845,0.20265108009463845,0
174,14,0.06307161599397659,0.04812741543155483,0.27041881121038125,0.25694464279867,98.046875,0.24006304015454077,0.27041881121038125,0.27041881121038125,0.29633504896830504,0.25694464279867,0.25694464279867,0
174,1,0.07346250861883163,0.04812741543155483,0.422923135469738,0.3803569320631669,97.29729729729729,0.3640791136434711,0.422923135469738,0.422923135469738,0.4183385083757904,0.3803569320631669,0.3803569320631669,0
174,17,0.0482841394841671,0.04812741543155483,0.0032511488542035275,0.14521820371600938,98.4375,0.1720541828442865,0.0032511488542035275,0.0032511488542035275,0.08260091908336283,0.14521820371600938,0.14521820371600938,0
174,18,0.032304685562849045,0.04812741543155483,0.0,0.19833311058770173,99.609375,0.2490473008395739,-0.39863959679001365,0.0,0.08,0.19833311058770173,0.19833311058770173,0
174,2,0.05017641559243202,0.04812741543155483,0.04169311676825374,0.3434486119359146,97.54098360655738,0.4420603770164767,0.04169311676825374,0.04169311676825374,0.11335449341460299,0.3434486119359146,0.3434486119359146,0
174,10,0.024628344923257828,0.04812741543155483,0.0,0.09692083960467718,99.14163090128756,0.10417262800668167,-0.6699537715991031,0.0,0.08,0.09692083960467718,0.09692083960467718,0
174,16,0.01839078962802887,0.04812741543155483,0.0,0.08000609071029777,99.609375,0.08000870101471111,-0.9620016705684232,0.0,0.08,0.08000609071029777,0.08000609071029777,0
174,19,0.02924163080751896,0.04812741543155483,0.0,0.09833364098845568,99.609375,0.10619091569779382,-0.49825844144033776,0.0,0.08,0.09833364098845568,0.09833364098845568,0
174,13,0.059962235391139984,0.04812741543155483,0.21986293076858757,0.16288654186770707,100.0,0.12302776926178008,0.21986293076858757,0.21986293076858757,0.2558903446148701,0.16288654186770707,0.16288654186770707,0
174,8,0.01397787220776081,0.04812741543155483,0.0,0.0996966161972411,99.609375,0.10813802313891588,-1.2363759518700732,0.0,0.08,0.0996966161972411,0.0996966161972411,0
174,0,0.04748665913939476,0.04812741543155483,0.0,0.19829641045172416,95.93908629441624,0.2489948720738917,-0.013403167961598496,0.0,0.08,0.19829641045172416,0.19829641045172416,0
174,3,0.09104134142398834,0.04812741543155483,0.6374616246401968,0.34664567090719134,97.89473684210526,0.24236411570506294,0.6374616246401968,0.6374616246401968,0.5899692997121575,0.34664567090719134,0.34664567090719134,0
174,5,0.2643367052078247,0.04812741543155483,0.7,0.6399999999999997,94.140625,0.6399999999999997,1.703371536945789,0.7,0.6399999999999999,0.6399999999999997,0.6399999999999997,0
175,16,0.01841071993112564,0.048103213819577446,0.0,0.08000426349720843,99.21875,0.08000609071029777,-0.9604155550610859,0.0,0.08,0.08000426349720843,0.08000426349720843,0
175,9,0.015289055183529854,0.048103213819577446,0.0,0.08000000000021708,99.609375,0.08000000000031011,-1.1462113191457692,0.0,0.08,0.08000000000021708,0.08000000000021708,0
175,15,0.05275914818048477,0.048103213819577446,0.0923881739409967,0.1459336007902142,98.046875,0.1425149129205357,0.0923881739409967,0.0923881739409967,0.15391053915279737,0.1459336007902142,0.1459336007902142,0
175,10,0.034037455916404724,0.048103213819577446,0.0,0.09184458772327403,100.0,0.09692083960467718,-0.34588734149666756,0.0,0.08,0.09184458772327403,0.09184458772327403,0
175,8,0.050865139812231064,0.048103213819577446,0.05582881139066525,0.10718654607182843,98.828125,0.0996966161972411,0.05582881139066525,0.05582881139066525,0.1246630491125322,0.10718654607182843,0.10718654607182843,0
175,5,0.21033751964569092,0.048103213819577446,0.7,0.6399999999999997,92.96875,0.6399999999999997,1.4753643263042011,0.7,0.6399999999999999,0.6399999999999997,0.6399999999999997,0
175,7,0.03282631188631058,0.048103213819577446,0.0,0.1658557560662469,95.78947368421052,0.20265108009463845,-0.382118508046015,0.0,0.08,0.1658557560662469,0.1658557560662469,0
175,11,0.037147268652915955,0.048103213819577446,0.0,0.08606703314614182,98.4375,0.08866719020877403,-0.258458682610927,0.0,0.08,0.08606703314614182,0.08606703314614182,0
175,12,0.03959406539797783,0.048103213819577446,0.0,0.20741971872321657,97.65625,0.26202816960459513,-0.194669702236402,0.0,0.08,0.20741971872321657,0.20741971872321657,0
175,6,0.05335836857557297,0.048103213819577446,0.10368181648914478,0.18331989755263867,95.74468085106383,0.1920518022789199,0.10368181648914478,0.10368181648914478,0.16294545319131581,0.18331989755263867,0.18331989755263867,0
175,18,0.03289186581969261,0.048103213819577446,0.0,0.1628331774113912,97.65625,0.19833311058770173,-0.38012350643572973,0.0,0.08,0.1628331774113912,0.1628331774113912,0
175,13,0.04742834344506264,0.048103213819577446,0.0,0.13802057930739495,99.375,0.16288654186770707,-0.014128974329017005,0.0,0.08,0.13802057930739495,0.13802057930739495,0
175,19,0.023452037945389748,0.048103213819577446,0.0,0.09283354869191898,99.609375,0.09833364098845568,-0.7183913746367583,0.0,0.08,0.09283354869191898,0.09283354869191898,0
175,0,0.04906565696001053,0.048103213819577446,0.019810344821002565,0.16756197007324752,97.46192893401015,0.19829641045172416,0.019810344821002565,0.019810344821002565,0.09584827585680206,0.16756197007324752,0.16756197007324752,0
175,4,0.021181868389248848,0.048103213819577446,0.0,0.26476030544287416,97.2027972027972,0.3439432934898202,-0.8202031749676142,0.0,0.08,0.26476030544287416,0.26476030544287416,0
175,2,0.03320946544408798,0.048103213819577446,0.0,0.2644140283551402,96.72131147540983,0.3434486119359146,-0.37051395799718534,0.0,0.08,0.2644140283551402,0.2644140283551402,0
175,3,0.09048016369342804,0.048103213819577446,0.6317815533528667,0.4182795424397219,98.94736842105263,0.34664567090719134,0.6317815533528667,0.6317815533528667,0.5854252426822933,0.4182795424397219,0.4182795424397219,0
175,14,0.0498817153275013,0.048103213819577446,0.03630551163681787,0.21257457275190528,97.65625,0.25694464279867,0.03630551163681787,0.03630551163681787,0.1090444093094543,0.21257457275190528,0.21257457275190528,0
175,1,0.024869197979569435,0.048103213819577446,0.0,0.2902498524442168,100.0,0.3803569320631669,-0.6597187872521884,0.0,0.08,0.2902498524442168,0.2902498524442168,0
175,17,0.04096914827823639,0.048103213819577446,0.0,0.12565274260120657,99.609375,0.14521820371600938,-0.16052965162597901,0.0,0.08,0.12565274260120657,0.12565274260120657,0
176,12,0.031397994607686996,0.04712995914016439,0.0,0.1691938031062516,96.875,0.20741971872321657,-0.40616474278518866,0.0,0.08,0.1691938031062516,0.1691938031062516,0
176,4,0.06816451251506805,0.04712995914016439,0.36901514561908816,0.29789584875859304,97.9020979020979,0.26476030544287416,0.36901514561908816,0.36901514561908816,0.37521211649527053,0.29789584875859304,0.29789584875859304,0
176,15,0.03460083156824112,0.04712995914016439,0.0,0.12615352055314993,98.046875,0.1459336007902142,-0.3090310816048551,0.0,0.08,0.12615352055314993,0.12615352055314993,0
176,13,0.057778723537921906,0.04712995914016439,0.20371168995065583,0.16950521110333386,97.5,0.13802057930739495,0.20371168995065583,0.20371168995065583,0.24296935196052466,0.16950521110333386,0.16950521110333386,0
176,7,0.07303373515605927,0.04712995914016439,0.4380125105955332,0.2452220317893008,97.89473684210526,0.1658557560662469,0.4380125105955332,0.4380125105955332,0.4304100084764266,0.2452220317893008,0.2452220317893008,0
176,9,0.010002543218433857,0.04712995914016439,0.0,0.08000000000015195,99.21875,0.08000000000021708,-1.5500687039059184,0.0,0.08,0.08000000000015195,0.08000000000015195,0
176,5,0.2395801842212677,0.04712995914016439,0.7,0.6399999999999997,89.84375,0.6399999999999997,1.6259791148225429,0.7,0.6399999999999999,0.6399999999999997,0.6399999999999997,0
176,10,0.03452426940202713,0.04712995914016439,0.0,0.08829121140629181,99.14163090128756,0.09184458772327403,-0.3112462588500286,0.0,0.08,0.08829121140629181,0.08829121140629181,0
176,3,0.07672148197889328,0.04712995914016439,0.48727279129768253,0.43374114961924914,97.36842105263158,0.4182795424397219,0.48727279129768253,0.48727279129768253,0.46981823303814607,0.43374114961924914,0.43374114961924914,0
176,2,0.10613036900758743,0.04712995914016439,0.7,0.37708981984859813,98.36065573770492,0.2644140283551402,0.8117592427766284,0.7,0.6399999999999999,0.37708981984859813,0.37708981984859813,0
176,19,0.0303365346044302,0.04712995914016439,0.0,0.08898348408434328,99.609375,0.09283354869191898,-0.4405560078288361,0.0,0.08,0.08898348408434328,0.08898348408434328,0
176,8,0.031821683049201965,0.04712995914016439,0.0,0.09903058225027989,98.4375,0.10718654607182843,-0.3927608575827089,0.0,0.08,0.09903058225027989,0.09903058225027989,0
176,18,0.04661235213279724,0.04712995914016439,0.0,0.13798322418797382,97.65625,0.1628331774113912,-0.011043298383991613,0.0,0.08,0.13798322418797382,0.13798322418797382,0
176,17,0.028587056323885918,0.04712995914016439,0.0,0.1119569198208446,99.609375,0.12565274260120657,-0.4999546970512374,0.0,0.08,0.1119569198208446,0.1119569198208446,0
176,11,0.072508305311203,0.04712995914016439,0.4307921630771338,0.18763704234081138,98.046875,0.08606703314614182,0.4307921630771338,0.4307921630771338,0.4246337304617071,0.18763704234081138,0.18763704234081138,0
176,6,0.02612299658358097,0.04712995914016439,0.0,0.15232392828684704,98.93617021276596,0.18331989755263867,-0.5900926818013476,0.0,0.08,0.15232392828684704,0.15232392828684704,0
176,14,0.07406733930110931,0.04712995914016439,0.45206571882729774,0.28129797344488516,96.484375,0.21257457275190528,0.45206571882729774,0.45206571882729774,0.44165257506183825,0.28129797344488516,0.28129797344488516,0
176,16,0.03339681401848793,0.04712995914016439,0.0,0.0800029844480459,100.0,0.08000426349720843,-0.3444482799597196,0.0,0.08,0.0800029844480459,0.0800029844480459,0
176,1,0.0347684770822525,0.04712995914016439,0.0,0.22717489671095176,94.5945945945946,0.2902498524442168,-0.3041976532395843,0.0,0.08,0.22717489671095176,0.22717489671095176,0
176,0,0.040615975856781006,0.04712995914016439,0.0,0.14129337905127326,98.98477157360406,0.16756197007324752,-0.14874735672716133,0.0,0.08,0.14129337905127326,0.14129337905127326,0
177,12,0.03428548574447632,0.04618618587309963,0.0,0.14243566217437612,96.484375,0.1691938031062516,-0.29795856266840903,0.0,0.08,0.14243566217437612,0.14243566217437612,0
177,15,0.054962385445833206,0.04618618587309963,0.17396826940792642,0.15405984904510728,99.21875,0.12615352055314993,0.17396826940792642,0.17396826940792642,0.21917461552634115,0.15405984904510728,0.15405984904510728,0
177,16,0.02521621249616146,0.04618618587309963,0.0,0.08000208911363213,98.828125,0.0800029844480459,-0.6051934255683267,0.0,0.08,0.08000208911363213,0.08000208911363213,0
177,1,0.09216795861721039,0.04618618587309963,0.6909316954248589,0.34884603459963237,97.29729729729729,0.22717489671095176,0.6909316954248589,0.6909316954248589,0.632745356339887,0.34884603459963237,0.34884603459963237,0
177,9,0.00968888308852911,0.04618618587309963,0.0,0.08000000000010636,99.21875,0.08000000000015195,-1.5617007757876056,0.0,0.08,0.08000000000010636,0.08000000000010636,0
177,13,0.025429457426071167,0.04618618587309963,0.0,0.1426536477723337,98.125,0.16950521110333386,-0.5967723263425966,0.0,0.08,0.1426536477723337,0.1426536477723337,0
177,8,0.03842344135046005,0.04618618587309963,0.0,0.09332140757519591,100.0,0.09903058225027989,-0.18401297737892267,0.0,0.08,0.09332140757519591,0.09332140757519591,0
177,2,0.032340243458747864,0.04618618587309963,0.0,0.2879628738940187,99.18032786885246,0.37708981984859813,-0.3563682713826772,0.0,0.08,0.2879628738940187,0.2879628738940187,0
177,7,0.07714007794857025,0.04618618587309963,0.5129421300803856,0.3187615334718031,95.78947368421052,0.2452220317893008,0.5129421300803856,0.5129421300803856,0.4903537040643085,0.3187615334718031,0.3187615334718031,0
177,11,0.05811145529150963,0.04618618587309963,0.22968201877737307,0.21046961414513748,98.4375,0.18763704234081138,0.22968201877737307,0.22968201877737307,0.26374561502189847,0.21046961414513748,0.21046961414513748,0
177,5,0.1810108721256256,0.04618618587309963,0.7,0.6399999999999997,92.1875,0.6399999999999997,1.36587618888425,0.7,0.6399999999999999,0.6399999999999997,0.6399999999999997,0
177,4,0.11098089814186096,0.04618618587309963,0.7,0.40052709413101506,95.1048951048951,0.29789584875859304,0.8766772249815526,0.7,0.6399999999999999,0.40052709413101506,0.40052709413101506,0
177,10,0.01173613965511322,0.04618618587309963,0.0,0.08580384798440427,99.14163090128756,0.08829121140629181,-1.3700071702569412,0.0,0.08,0.08580384798440427,0.08580384798440427,0
177,17,0.05743992328643799,0.04618618587309963,0.2180588004761561,0.15470395598886869,98.4375,0.1119569198208446,0.2180588004761561,0.2180588004761561,0.2544470403809249,0.15470395598886869,0.15470395598886869,0
177,19,0.025924723595380783,0.04618618587309963,0.0,0.08628843885904029,99.21875,0.08898348408434328,-0.5774834847262789,0.0,0.08,0.08628843885904029,0.08628843885904029,0
177,3,0.044687122106552124,0.04618618587309963,0.0,0.3276188047334744,97.89473684210526,0.43374114961924914,-0.032995374975644774,0.0,0.08,0.3276188047334744,0.3276188047334744,0
177,14,0.018546750769019127,0.04618618587309963,0.0,0.22090858141141959,97.265625,0.28129797344488516,-0.9123858106262365,0.0,0.08,0.22090858141141959,0.22090858141141959,0
177,18,0.036492932587862015,0.04618618587309963,0.0,0.12058825693158168,97.265625,0.13798322418797382,-0.23556207467933835,0.0,0.08,0.12058825693158168,0.12058825693158168,0
177,6,0.09812562167644501,0.04618618587309963,0.7,0.2986267498007929,98.93617021276596,0.15232392828684704,0.753567650733476,0.7,0.6399999999999999,0.2986267498007929,0.2986267498007929,0
177,0,0.0673886090517044,0.04618618587309963,0.3777951840453774,0.21357620950678186,96.44670050761421,0.14129337905127326,0.3777951840453774,0.3777951840453774,0.38223614723630195,0.21357620950678186,0.21357620950678186,0
178,18,0.04487796127796173,0.04572309545864028,0.0,0.10841177985210718,98.4375,0.12058825693158168,-0.018656703098477105,0.0,0.08,0.10841177985210718,0.10841177985210718,0
178,1,0.05268194153904915,0.04572309545864028,0.14166916131206353,0.3021928229346379,100.0,0.34884603459963237,0.14166916131206353,0.14166916131206353,0.19333532904965084,0.3021928229346379,0.3021928229346379,0
178,2,0.10092809796333313,0.04572309545864028,0.7,0.3935740117258131,98.36065573770492,0.2879628738940187,0.7918047010092084,0.7,0.6399999999999999,0.3935740117258131,0.3935740117258131,0
178,4,0.08547921478748322,0.04572309545864028,0.6256696014381258,0.45452967023686064,97.9020979020979,0.40052709413101506,0.6256696014381258,0.6256696014381258,0.5805356811505006,0.45452967023686064,0.45452967023686064,0
178,7,0.05333275720477104,0.04572309545864028,0.15394715156158773,0.2840803898050432,97.89473684210526,0.3187615334718031,0.15394715156158773,0.15394715156158773,0.20315772124927017,0.2840803898050432,0.2840803898050432,0
178,15,0.04383186250925064,0.04572309545864028,0.0,0.1318418943315751,97.65625,0.15405984904510728,-0.042242524428044555,0.0,0.08,0.1318418943315751,0.1318418943315751,0
178,9,0.023832738399505615,0.04572309545864028,0.0,0.08000000000007446,99.609375,0.08000000000010636,-0.6515431419846581,0.0,0.08,0.08000000000007446,0.08000000000007446,0
178,11,0.027972599491477013,0.04572309545864028,0.0,0.17132872990159623,99.21875,0.21046961414513748,-0.4913779610909192,0.0,0.08,0.17132872990159623,0.17132872990159623,0
178,10,0.01551651768386364,0.04572309545864028,0.0,0.08406269358908298,98.71244635193133,0.08580384798440427,-1.080698002023665,0.0,0.08,0.08406269358908298,0.08406269358908298,0
178,0,0.08228150010108948,0.04572309545864028,0.5875426577765805,0.31451358452112665,99.49238578680203,0.21357620950678186,0.5875426577765805,0.5875426577765805,0.5500341262212645,0.31451358452112665,0.31451358452112665,0
178,14,0.06514079868793488,0.04572309545864028,0.35394745434745506,0.2635833960313829,99.21875,0.22090858141141959,0.35394745434745506,0.35394745434745506,0.3631579634779641,0.2635833960313829,0.2635833960313829,0
178,16,0.012226780876517296,0.04572309545864028,0.0,0.08000146237954249,99.609375,0.08000208911363213,-1.3189742424387092,0.0,0.08,0.08000146237954249,0.08000146237954249,0
178,19,0.015603434294462204,0.04572309545864028,0.0,0.0844019072013282,98.828125,0.08628843885904029,-1.075112082045312,0.0,0.08,0.0844019072013282,0.0844019072013282,0
178,5,0.17178823053836823,0.04572309545864028,0.7,0.6399999999999997,91.40625,0.6399999999999997,1.32365879861588,0.7,0.6399999999999999,0.6399999999999997,0.6399999999999997,0
178,3,0.06158483400940895,0.04572309545864028,0.2978120414214167,0.32480805325457207,98.42105263157895,0.3276188047334744,0.2978120414214167,0.2978120414214167,0.3182496331371334,0.32480805325457207,0.32480805325457207,0
178,12,0.05883704125881195,0.04572309545864028,0.25216801987209414,0.18422528829136586,97.65625,0.14243566217437612,0.25216801987209414,0.25216801987209414,0.28173441589767534,0.18422528829136586,0.18422528829136586,0
178,8,0.023009762167930603,0.04572309545864028,0.0,0.08932498530263713,99.21875,0.09332140757519591,-0.6866847574761679,0.0,0.08,0.08932498530263713,0.08932498530263713,0
178,6,0.06768875569105148,0.04572309545864028,0.3923164635859081,0.327194676121173,97.87234042553192,0.2986267498007929,0.3923164635859081,0.3923164635859081,0.3938531708687265,0.327194676121173,0.327194676121173,0
178,13,0.061169832944869995,0.04572309545864028,0.29105054569504757,0.193709684407445,97.5,0.1426536477723337,0.29105054569504757,0.29105054569504757,0.31284043655603805,0.193709684407445,0.193709684407445,0
178,17,0.024087706580758095,0.04572309545864028,0.0,0.1322927691922081,97.65625,0.15470395598886869,-0.6409017349201398,0.0,0.08,0.1322927691922081,0.1322927691922081,0
179,9,0.013524742797017097,0.04645152084996726,0.0,0.08000000000005211,100.0,0.08000000000007446,-1.2338878745783866,0.0,0.08,0.08000000000005211,0.08000000000005211,0
179,11,0.06326060742139816,0.04645152084996726,0.3088535562308901,0.218054964426531,99.21875,0.17132872990159623,0.3088535562308901,0.3088535562308901,0.32708284498471213,0.218054964426531,0.218054964426531,0
179,8,0.03149280697107315,0.04645152084996726,0.0,0.08652748971184598,99.21875,0.08932498530263713,-0.38864993449518215,0.0,0.08,0.08652748971184598,0.08652748971184598,0
179,6,0.028080977499485016,0.04645152084996726,0.0,0.2530362732848211,97.87234042553192,0.327194676121173,-0.5033166757591931,0.0,0.08,0.2530362732848211,0.2530362732848211,0
179,18,0.03283476456999779,0.04645152084996726,0.0,0.09988824589647502,98.046875,0.10841177985210718,-0.34692126757954367,0.0,0.08,0.09988824589647502,0.09988824589647502,0
179,4,0.06622137129306793,0.04645152084996726,0.35459396939486676,0.4272733218205705,96.5034965034965,0.45452967023686064,0.35459396939486676,0.35459396939486676,0.36367517551589346,0.4272733218205705,0.4272733218205705,0
179,19,0.018159741535782814,0.04645152084996726,0.0,0.08308133504092974,99.609375,0.0844019072013282,-0.939201730529761,0.0,0.08,0.08308133504092974,0.08308133504092974,0
179,12,0.051594920456409454,0.04645152084996726,0.10501399903313446,0.17816106157190836,98.828125,0.18422528829136586,0.10501399903313446,0.10501399903313446,0.1640111992265076,0.17816106157190836,0.17816106157190836,0
179,15,0.06224435940384865,0.04645152084996726,0.29265865825102666,0.18652740401234896,96.875,0.1318418943315751,0.29265865825102666,0.29265865825102666,0.31412692660082137,0.18652740401234896,0.18652740401234896,0
179,5,0.26136061549186707,0.04645152084996726,0.7,0.6399999999999997,92.578125,0.6399999999999997,1.727491738850498,0.7,0.6399999999999999,0.6399999999999997,0.6399999999999997,0
179,7,0.05322068929672241,0.04645152084996726,0.13603798353967672,0.25550538891305263,100.0,0.2840803898050432,0.13603798353967672,0.13603798353967672,0.1888303868317414,0.25550538891305263,0.25550538891305263,0
179,0,0.02806907892227173,0.04645152084996726,0.0,0.24415950916478862,97.46192893401015,0.31451358452112665,-0.5037404891589121,0.0,0.08,0.24415950916478862,0.24415950916478862,0
179,10,0.03423492982983589,0.04645152084996726,0.0,0.08284388551235808,98.71244635193133,0.08406269358908298,-0.30516266665039044,0.0,0.08,0.08284388551235808,0.08284388551235808,0
179,1,0.04609789699316025,0.04645152084996726,0.0,0.2355349760542465,97.29729729729729,0.3021928229346379,-0.007641874136984333,0.0,0.08,0.2355349760542465,0.2355349760542465,0
179,13,0.01819918490946293,0.04645152084996726,0.0,0.15959677908521147,99.375,0.193709684407445,-0.9370320642984987,0.0,0.08,0.15959677908521147,0.15959677908521147,0
179,14,0.04559146612882614,0.04645152084996726,0.0,0.20850837722196802,98.4375,0.2635833960313829,-0.01868864961113935,0.0,0.08,0.20850837722196802,0.20850837722196802,0
179,3,0.04319209232926369,0.04645152084996726,0.0,0.25136563727820044,97.89473684210526,0.32480805325457207,-0.0727517595741534,0.0,0.08,0.25136563727820044,0.25136563727820044,0
179,2,0.061094190925359726,0.04645152084996726,0.2740075288089304,0.36526361512221245,98.36065573770492,0.3935740117258131,0.2740075288089304,0.2740075288089304,0.29920602304714433,0.36526361512221245,0.36526361512221245,0
179,16,0.005873930174857378,0.04645152084996726,0.0,0.08000102366567974,99.21875,0.08000146237954249,-2.0678837736710323,0.0,0.08,0.08000102366567974,0.08000102366567974,0
179,17,0.03692799434065819,0.04645152084996726,0.0,0.11660493843454567,96.09375,0.1322927691922081,-0.22943923322957646,0.0,0.08,0.11660493843454567,0.11660493843454567,0
180,2,0.027410371229052544,0.04581237309846663,0.0,0.2796845305855487,98.36065573770492,0.36526361512221245,-0.5136326092938346,0.0,0.08,0.2796845305855487,0.2796845305855487,0
180,5,0.28890421986579895,0.04581237309846663,0.7,0.6399999999999997,90.625,0.6399999999999997,1.8415408207402078,0.7,0.6399999999999999,0.6399999999999997,0.6399999999999997,0
180,13,0.06514492630958557,0.04581237309846663,0.3520601490780235,0.22021218113837368,98.125,0.15959677908521147,0.3520601490780235,0.3520601490780235,0.36164811926241885,0.22021218113837368,0.22021218113837368,0
180,7,0.03926999121904373,0.04581237309846663,0.0,0.20285377223913684,96.84210526315789,0.25550538891305263,-0.15409352827228448,0.0,0.08,0.20285377223913684,0.20285377223913684,0
180,10,0.06248467415571213,0.04581237309846663,0.31036704529840925,0.15647881073026887,100.0,0.08284388551235808,0.31036704529840925,0.31036704529840925,0.3282936362387274,0.15647881073026887,0.15647881073026887,0
180,6,0.04279277101159096,0.04581237309846663,0.0,0.20112539129937473,97.87234042553192,0.2530362732848211,-0.06818500749659351,0.0,0.08,0.20112539129937473,0.20112539129937473,0
180,8,0.014654187485575676,0.04581237309846663,0.0,0.08456924279829219,99.21875,0.08652748971184598,-1.139827615693394,0.0,0.08,0.08456924279829219,0.08456924279829219,0
180,14,0.05364841967821121,0.04581237309846663,0.15789777099908453,0.2078513290951579,98.4375,0.20850837722196802,0.15789777099908453,0.15789777099908453,0.20631821679926765,0.2078513290951579,0.2078513290951579,0
180,1,0.22061562538146973,0.04581237309846663,0.7,0.35687448323797255,100.0,0.2355349760542465,1.57186755301886,0.7,0.6399999999999999,0.35687448323797255,0.35687448323797255,0
180,12,0.03788293898105621,0.04581237309846663,0.0,0.14871274310033586,99.609375,0.17816106157190836,-0.1900533120084827,0.0,0.08,0.14871274310033586,0.14871274310033586,0
180,4,0.06297768652439117,0.04581237309846663,0.318226212383261,0.39946561624638194,97.2027972027972,0.4272733218205705,0.318226212383261,0.318226212383261,0.3345809699066088,0.39946561624638194,0.39946561624638194,0
180,15,0.04676559194922447,0.04581237309846663,0.020593503688104305,0.1595116236937893,98.4375,0.18652740401234896,0.020593503688104305,0.020593503688104305,0.09647480295048344,0.1595116236937893,0.1595116236937893,0
180,11,0.033735815435647964,0.04581237309846663,0.0,0.17663847509857167,99.21875,0.218054964426531,-0.3059940858974769,0.0,0.08,0.17663847509857167,0.17663847509857167,0
180,9,0.020515404641628265,0.04581237309846663,0.0,0.08000000000003647,99.609375,0.08000000000005211,-0.8033778905830342,0.0,0.08,0.08000000000003647,0.08000000000003647,0
180,17,0.049927566200494766,0.04581237309846663,0.08601905147776191,0.12626802925884484,98.828125,0.11660493843454567,0.08601905147776191,0.08601905147776191,0.14881524118220954,0.12626802925884484,0.12626802925884484,0
180,18,0.05069173499941826,0.04581237309846663,0.10120864891131877,0.11821184786624901,99.21875,0.09988824589647502,0.10120864891131877,0.10120864891131877,0.16096691912905503,0.11821184786624901,0.11821184786624901,0
180,19,0.022293897345662117,0.04581237309846663,0.0,0.0821569345286508,98.828125,0.08308133504092974,-0.720240999967284,0.0,0.08,0.0821569345286508,0.0821569345286508,0
180,0,0.033288076519966125,0.04581237309846663,0.0,0.19491165641535202,96.95431472081218,0.24415950916478862,-0.31935485709375516,0.0,0.08,0.19491165641535202,0.19491165641535202,0
180,16,0.00861583836376667,0.04581237309846663,0.0,0.08000071656597582,100.0,0.08000102366567974,-1.6709510875827343,0.0,0.08,0.08000071656597582,0.08000071656597582,0
180,3,0.0862099900841713,0.04581237309846663,0.6322317532933621,0.35169156688514724,99.47368421052632,0.25136563727820044,0.6322317532933621,0.6322317532933621,0.5857854026346897,0.35169156688514724,0.35169156688514724,0
181,2,0.07684685289859772,0.045709053936660735,0.5195180342245459,0.3444634996237751,97.54098360655738,0.2796845305855487,0.5195180342245459,0.5195180342245459,0.49561442737963673,0.3444634996237751,0.3444634996237751,0
181,4,0.05922795832157135,0.045709053936660735,0.25909725436212744,0.3658092724193779,98.6013986013986,0.39946561624638194,0.25909725436212744,0.25909725436212744,0.28727780348970194,0.3658092724193779,0.3658092724193779,0
181,17,0.018937714397907257,0.045709053936660735,0.0,0.11238762048119139,98.4375,0.12626802925884484,-0.881140681234755,0.0,0.08,0.11238762048119139,0.11238762048119139,0
181,3,0.052705202251672745,0.045709053936660735,0.1424177410343499,0.304364354667847,97.89473684210526,0.35169156688514724,0.1424177410343499,0.1424177410343499,0.19393419282747992,0.304364354667847,0.304364354667847,0
181,1,0.05085047706961632,0.045709053936660735,0.1065930871769725,0.29939447918905415,91.89189189189189,0.35687448323797255,0.1065930871769725,0.1065930871769725,0.165274469741578,0.29939447918905415,0.29939447918905415,0
181,7,0.009815755300223827,0.045709053936660735,0.0,0.16599764056739577,98.94736842105263,0.20285377223913684,-1.5383068166259666,0.0,0.08,0.16599764056739577,0.16599764056739577,0
181,9,0.014687944203615189,0.045709053936660735,0.0,0.08000000000002552,98.828125,0.08000000000003647,-1.1352688979008971,0.0,0.08,0.08000000000002552,0.08000000000002552,0
181,8,0.030380384996533394,0.045709053936660735,0.0,0.08319846995880453,99.21875,0.08456924279829219,-0.4084991148846034,0.0,0.08,0.08319846995880453,0.08319846995880453,0
181,11,0.030835401266813278,0.045709053936660735,0.0,0.14764693256900016,98.828125,0.17663847509857167,-0.3936328678118931,0.0,0.08,0.14764693256900016,0.14764693256900016,0
181,6,0.025315718725323677,0.045709053936660735,0.0,0.16478777390956229,98.93617021276596,0.20112539129937473,-0.5908707225155294,0.0,0.08,0.16478777390956229,0.16478777390956229,0
181,0,0.03994370996952057,0.045709053936660735,0.0,0.16043815949074638,97.46192893401015,0.19491165641535202,-0.13482515123164135,0.0,0.08,0.16043815949074638,0.16043815949074638,0
181,19,0.022915169596672058,0.045709053936660735,0.0,0.08150985417005556,98.046875,0.0821569345286508,-0.6904970583825168,0.0,0.08,0.08150985417005556,0.08150985417005556,0
181,15,0.0746709331870079,0.045709053936660735,0.4907944225442065,0.2534487979962621,98.046875,0.1595116236937893,0.4907944225442065,0.4907944225442065,0.47263553803536523,0.2534487979962621,0.2534487979962621,0
181,18,0.05355723574757576,0.045709053936660735,0.15845448198984213,0.1447773691839364,97.65625,0.11821184786624901,0.15845448198984213,0.15845448198984213,0.2067635855918737,0.1447773691839364,0.1447773691839364,0
181,10,0.02462068200111389,0.045709053936660735,0.0,0.1335351675111882,99.57081545064378,0.15647881073026887,-0.618709386192139,0.0,0.08,0.1335351675111882,0.1335351675111882,0
181,5,0.21532045304775238,0.045709053936660735,0.7,0.6399999999999997,91.40625,0.6399999999999997,1.5498308303715795,0.7,0.6399999999999999,0.6399999999999997,0.6399999999999997,0
181,13,0.04357544332742691,0.045709053936660735,0.0,0.17814852679686155,97.5,0.22021218113837368,-0.04780261909332116,0.0,0.08,0.17814852679686155,0.17814852679686155,0
181,12,0.05615239590406418,0.045709053936660735,0.2057729142396065,0.17748441958774067,100.0,0.14871274310033586,0.2057729142396065,0.2057729142396065,0.2446183313916852,0.17748441958774067,0.17748441958774067,0
181,14,0.04426220804452896,0.045709053936660735,0.0,0.1694959303666105,96.875,0.2078513290951579,-0.03216516648644426,0.0,0.08,0.1694959303666105,0.1694959303666105,0
181,16,0.018448738381266594,0.045709053936660735,0.0,0.08000050159618308,100.0,0.08000071656597582,-0.9073000840569099,0.0,0.08,0.08000050159618308,0.08000050159618308,0
182,17,0.03161264955997467,0.045314106207842035,0.0,0.10267133433683395,98.4375,0.11238762048119139,-0.3600609406608923,0.0,0.08,0.10267133433683395,0.10267133433683395,0
182,9,0.030761802569031715,0.045314106207842035,0.0,0.08000000000001786,99.609375,0.08000000000002552,-0.38734453094119203,0.0,0.08,0.08000000000001786,0.08000000000001786,0
182,18,0.07132074236869812,0.045314106207842035,0.45356874212191073,0.23420065653801408,97.65625,0.1447773691839364,0.45356874212191073,0.45356874212191073,0.4428549936975286,0.23420065653801408,0.23420065653801408,0
182,10,0.0283371489495039,0.045314106207842035,0.0,0.11747461725783173,99.14163090128756,0.1335351675111882,-0.4694446195591514,0.0,0.08,0.11747461725783173,0.11747461725783173,0
182,5,0.23205046355724335,0.045314106207842035,0.7,0.6399999999999997,91.796875,0.6399999999999997,1.63333630642636,0.7,0.6399999999999999,0.6399999999999997,0.6399999999999997,0
182,4,0.11218251287937164,0.045314106207842035,0.7,0.4480664906935645,97.9020979020979,0.3658092724193779,0.9065086133780976,0.7,0.6399999999999999,0.4480664906935645,0.4480664906935645,0
182,12,0.031754933297634125,0.045314106207842035,0.0,0.14823909371141847,99.21875,0.17748441958774067,-0.3555701923806823,0.0,0.08,0.14823909371141847,0.14823909371141847,0
182,2,0.03909095376729965,0.045314106207842035,0.0,0.26512444973664256,97.54098360655738,0.3444634996237751,-0.14772726542731626,0.0,0.08,0.26512444973664256,0.26512444973664256,0
182,8,0.024095483124256134,0.045314106207842035,0.0,0.08223892897116317,98.4375,0.08319846995880453,-0.6315937842976501,0.0,0.08,0.08223892897116317,0.08223892897116317,0
182,7,0.03411372750997543,0.045314106207842035,0.0,0.14019834839717704,98.94736842105263,0.16599764056739577,-0.2839184373205093,0.0,0.08,0.14019834839717704,0.14019834839717704,0
182,15,0.04264095053076744,0.045314106207842035,0.0,0.20141415859738343,98.4375,0.2534487979962621,-0.0608032938911317,0.0,0.08,0.20141415859738343,0.20141415859738343,0
182,1,0.1101568192243576,0.045314106207842035,0.7,0.40157613543233783,94.5945945945946,0.29939447918905415,0.8882864706258135,0.7,0.6399999999999999,0.40157613543233783,0.40157613543233783,0
182,0,0.07246745377779007,0.045314106207842035,0.4695190856380795,0.24899129219666155,97.96954314720813,0.16043815949074638,0.4695190856380795,0.4695190856380795,0.45561526851046363,0.24899129219666155,0.24899129219666155,0
182,6,0.02050582505762577,0.045314106207842035,0.0,0.1393514417366936,100.0,0.16478777390956229,-0.7929091174136351,0.0,0.08,0.1393514417366936,0.1393514417366936,0
182,19,0.017784589901566505,0.045314106207842035,0.0,0.08105689791903889,99.21875,0.08150985417005556,-0.9352856912642905,0.0,0.08,0.08105689791903889,0.08105689791903889,0
182,13,0.046237826347351074,0.045314106207842035,0.020179831459372095,0.1535471283080524,98.75,0.17814852679686155,0.020179831459372095,0.020179831459372095,0.09614386516749768,0.1535471283080524,0.1535471283080524,0
182,16,0.012490534223616123,0.045314106207842035,0.0,0.08000035111732814,98.828125,0.08000050159618308,-1.2886467040782295,0.0,0.08,0.08000035111732814,0.08000035111732814,0
182,11,0.02887609414756298,0.045314106207842035,0.0,0.1273528527983001,97.65625,0.14764693256900016,-0.4506041930264285,0.0,0.08,0.1273528527983001,0.1273528527983001,0
182,3,0.06075580418109894,0.045314106207842035,0.29324418431188254,0.3074336525023447,98.94736842105263,0.304364354667847,0.29324418431188254,0.29324418431188254,0.31459534744950607,0.3074336525023447,0.3074336525023447,0
182,14,0.0313955582678318,0.045314106207842035,0.0,0.14264715125662736,96.484375,0.1694959303666105,-0.36695185502777145,0.0,0.08,0.14264715125662736,0.14264715125662736,0
183,16,0.01716998778283596,0.04407612862743831,0.0,0.08000024578212969,100.0,0.08000035111732814,-0.9427550160323168,0.0,0.08,0.08000024578212969,0.08000024578212969,0
183,10,0.0660928413271904,0.04407612862743831,0.40514202983577813,0.20346631924106895,99.14163090128756,0.11747461725783173,0.40514202983577813,0.40514202983577813,0.40411362386862254,0.20346631924106895,0.20346631924106895,0
183,12,0.028448710218071938,0.04407612862743831,0.0,0.12776736559799293,98.4375,0.14823909371141847,-0.4378153857985892,0.0,0.08,0.12776736559799293,0.12776736559799293,0
183,17,0.055458828806877136,0.04407612862743831,0.22972254066816775,0.151003343796144,98.4375,0.10267133433683395,0.22972254066816775,0.22972254066816775,0.2637780325345342,0.151003343796144,0.151003343796144,0
183,15,0.08863919973373413,0.04407612862743831,0.6986557456888753,0.3326672899834985,96.875,0.20141415859738343,0.6986557456888753,0.6986557456888753,0.6389245965511002,0.3326672899834985,0.3326672899834985,0
183,8,0.01145204994827509,0.04407612862743831,0.0,0.08156725027981421,99.21875,0.08223892897116317,-1.347748939846565,0.0,0.08,0.08156725027981421,0.08156725027981421,0
183,18,0.03903406858444214,0.04407612862743831,0.0,0.18794045957660985,98.4375,0.23420065653801408,-0.12148348737402442,0.0,0.08,0.18794045957660985,0.18794045957660985,0
183,4,0.04360273480415344,0.04407612862743831,0.0,0.33764654348549517,98.6013986013986,0.4480664906935645,-0.01079845921442228,0.0,0.08,0.33764654348549517,0.33764654348549517,0
183,3,0.054665546864271164,0.04407612862743831,0.2153152758751031,0.290879222961666,95.26315789473684,0.3074336525023447,0.2153152758751031,0.2153152758751031,0.2522522207000825,0.290879222961666,0.290879222961666,0
183,19,0.045162878930568695,0.04407612862743831,0.02435714642844525,0.08658554368615407,100.0,0.08105689791903889,0.02435714642844525,0.02435714642844525,0.0994857171427562,0.08658554368615407,0.08658554368615407,0
183,7,0.0277530699968338,0.04407612862743831,0.0,0.12213884387802393,98.94736842105263,0.14019834839717704,-0.46257173690127407,0.0,0.08,0.12213884387802393,0.12213884387802393,0
183,1,0.11026084423065186,0.04407612862743831,0.7,0.47310329480263646,97.29729729729729,0.40157613543233783,0.9169303987410591,0.7,0.6399999999999999,0.47310329480263646,0.47310329480263646,0
183,0,0.051504407078027725,0.04407612862743831,0.1557490106855955,0.235673667102206,98.98477157360406,0.24899129219666155,0.1557490106855955,0.1557490106855955,0.2045992085484764,0.235673667102206,0.235673667102206,0
183,11,0.026946252211928368,0.04407612862743831,0.0,0.11314699695881006,97.65625,0.1273528527983001,-0.49207396751033744,0.0,0.08,0.11314699695881006,0.11314699695881006,0
183,2,0.06576668471097946,0.04407612862743831,0.40019498897016975,0.30563391216849056,98.36065573770492,0.26512444973664256,0.40019498897016975,0.40019498897016975,0.4001559911761358,0.30563391216849056,0.30563391216849056,0
183,5,0.2583942115306854,0.04407612862743831,0.7,0.6399999999999997,91.015625,0.6399999999999997,1.7685678473494753,0.7,0.6399999999999999,0.6399999999999997,0.6399999999999997,0
183,9,0.030313434079289436,0.04407612862743831,0.0,0.0800000000000125,100.0,0.08000000000001786,-0.37432724871509443,0.0,0.08,0.0800000000000125,0.0800000000000125,0
183,14,0.07354038953781128,0.04407612862743831,0.5119163469786789,0.2467129291545221,98.828125,0.14264715125662736,0.5119163469786789,0.5119163469786789,0.4895330775829432,0.2467129291545221,0.2467129291545221,0
183,6,0.014483763836324215,0.04407612862743831,0.0,0.12154600921568551,100.0,0.1393514417366936,-1.112889584755019,0.0,0.08,0.12154600921568551,0.12154600921568551,0
183,13,0.04699920862913132,0.04407612862743831,0.06421241484818377,0.14689396937920077,97.5,0.1535471283080524,0.06421241484818377,0.06421241484818377,0.131369931878547,0.14689396937920077,0.14689396937920077,0
184,11,0.017365334555506706,0.044276620142679475,0.0,0.10320289787116704,98.828125,0.11314699695881006,-0.9359804736204612,0.0,0.08,0.10320289787116704,0.10320289787116704,0
184,14,0.09410522878170013,0.044276620142679475,0.7,0.3646990504081654,95.703125,0.2467129291545221,0.753956715963596,0.7,0.6399999999999999,0.3646990504081654,0.3646990504081654,0
184,8,0.028121545910835266,0.044276620142679475,0.0,0.08109707519586995,99.609375,0.08156725027981421,-0.4539206050496993,0.0,0.08,0.08109707519586995,0.08109707519586995,0
184,18,0.06709659844636917,0.044276620142679475,0.4156764963644681,0.2553206808310992,98.046875,0.18794045957660985,0.4156764963644681,0.4156764963644681,0.4125411970915745,0.2553206808310992,0.2553206808310992,0
184,0,0.027960041537880898,0.044276620142679475,0.0,0.18897156697154419,97.96954314720813,0.235673667102206,-0.4596802409364789,0.0,0.08,0.18897156697154419,0.18897156697154419,0
184,6,0.025677261874079704,0.044276620142679475,0.0,0.10908220645097985,100.0,0.12154600921568551,-0.5448507638268949,0.0,0.08,0.10908220645097985,0.10908220645097985,0
184,16,0.012924138456583023,0.044276620142679475,0.0,0.08000017204749078,98.828125,0.08000024578212969,-1.2313594667846715,0.0,0.08,0.08000017204749078,0.08000017204749078,0
184,19,0.032755784690380096,0.044276620142679475,0.0,0.08460988058030784,98.828125,0.08658554368615407,-0.3013771180316595,0.0,0.08,0.08460988058030784,0.08460988058030784,0
184,1,0.2752690315246582,0.044276620142679475,0.7,0.5231723063618455,100.0,0.47310329480263646,1.8272919506556247,0.7,0.6399999999999999,0.5231723063618455,0.5231723063618455,0
184,10,0.032640401273965836,0.044276620142679475,0.0,0.16642642346874825,99.14163090128756,0.20346631924106895,-0.30490587125038976,0.0,0.08,0.16642642346874825,0.16642642346874825,0
184,13,0.052491504698991776,0.044276620142679475,0.17019453018153788,0.16767246580900963,98.75,0.14689396937920077,0.17019453018153788,0.17019453018153788,0.21615562414523032,0.16767246580900963,0.16767246580900963,0
184,9,0.01581715978682041,0.044276620142679475,0.0,0.08000000000000876,99.21875,0.0800000000000125,-1.0293609561969352,0.0,0.08,0.08000000000000876,0.08000000000000876,0
184,3,0.07914028316736221,0.044276620142679475,0.5807651387926616,0.366999089383405,97.36842105263158,0.290879222961666,0.5807651387926616,0.5807651387926616,0.5446121110341292,0.366999089383405,0.366999089383405,0
184,15,0.08627954125404358,0.044276620142679475,0.6671356188925811,0.41697965152266836,98.046875,0.3326672899834985,0.6671356188925811,0.6671356188925811,0.6137084951140649,0.41697965152266836,0.41697965152266836,0
184,17,0.030924730002880096,0.044276620142679475,0.0,0.1297023406573008,99.21875,0.151003343796144,-0.3589004906732457,0.0,0.08,0.1297023406573008,0.1297023406573008,0
184,2,0.15988785028457642,0.044276620142679475,0.7,0.40594373851794335,99.18032786885246,0.30563391216849056,1.2840156947137324,0.7,0.6399999999999999,0.40594373851794335,0.40594373851794335,0
184,12,0.03201037645339966,0.044276620142679475,0.0,0.11343715591859505,99.609375,0.12776736559799293,-0.3243965747673845,0.0,0.08,0.11343715591859505,0.11343715591859505,0
184,5,0.19275787472724915,0.044276620142679475,0.7,0.6399999999999997,93.359375,0.6399999999999997,1.470977916531305,0.7,0.6399999999999999,0.6399999999999997,0.6399999999999997,0
184,7,0.038739338517189026,0.044276620142679475,0.0,0.10949719071461675,100.0,0.12213884387802393,-0.13360116053424997,0.0,0.08,0.10949719071461675,0.10949719071461675,0
184,4,0.11140584200620651,0.044276620142679475,0.7,0.4283525804398466,98.6013986013986,0.33764654348549517,0.9227228560152414,0.7,0.6399999999999999,0.4283525804398466,0.4283525804398466,0
185,17,0.05902128294110298,0.04342371428878998,0.3068923417542132,0.18844580048112172,98.828125,0.1297023406573008,0.3068923417542132,0.3068923417542132,0.32551387340337057,0.18844580048112172,0.18844580048112172,0
185,16,0.011272349394857883,0.04342371428878998,0.0,0.08000012043324355,99.21875,0.08000017204749078,-1.348652276403536,0.0,0.08,0.08000012043324355,0.08000012043324355,0
185,7,0.011112527921795845,0.04342371428878998,0.0,0.10064803350023172,98.94736842105263,0.10949719071461675,-1.3629319209813084,0.0,0.08,0.10064803350023172,0.10064803350023172,0
185,18,0.07153156399726868,0.04342371428878998,0.49913301224269035,0.3225163995200151,99.609375,0.2553206808310992,0.49913301224269035,0.49913301224269035,0.47930640979415234,0.3225163995200151,0.3225163995200151,0
185,3,0.05837475135922432,0.04342371428878998,0.29587769356545773,0.3519100090240933,99.47368421052632,0.366999089383405,0.29587769356545773,0.29587769356545773,0.3167021548523662,0.3519100090240933,0.3519100090240933,0
185,10,0.02758990414440632,0.04342371428878998,0.0,0.14049849642812376,100.0,0.16642642346874825,-0.4535556579636081,0.0,0.08,0.14049849642812376,0.14049849642812376,0
185,2,0.12556657195091248,0.04342371428878998,0.7,0.4761606169625603,97.54098360655738,0.40594373851794335,1.0618302170115497,0.7,0.6399999999999999,0.4761606169625603,0.4761606169625603,0
185,8,0.03292815014719963,0.04342371428878998,0.0,0.08076795263710895,99.609375,0.08109707519586995,-0.2766777111539156,0.0,0.08,0.08076795263710895,0.08076795263710895,0
185,4,0.07595998048782349,0.04342371428878998,0.5592008263673837,0.45805500463606463,97.2027972027972,0.4283525804398466,0.5592008263673837,0.5592008263673837,0.5273606610939069,0.45805500463606463,0.45805500463606463,0
185,13,0.03837621957063675,0.04342371428878998,0.0,0.14137072606630674,98.75,0.16767246580900963,-0.12356768802786128,0.0,0.08,0.14137072606630674,0.14137072606630674,0
185,11,0.044374432414770126,0.04342371428878998,0.021657748065113214,0.1014398880454441,98.4375,0.10320289787116704,0.021657748065113214,0.021657748065113214,0.09732619845209058,0.1014398880454441,0.1014398880454441,0
185,6,0.043033286929130554,0.04342371428878998,0.0,0.1003575445156859,98.93617021276596,0.10908220645097985,-0.009031771120027456,0.0,0.08,0.1003575445156859,0.1003575445156859,0
185,5,0.19478225708007812,0.04342371428878998,0.7,0.6399999999999997,91.796875,0.6399999999999997,1.5008764212978192,0.7,0.6399999999999999,0.6399999999999997,0.6399999999999997,0
185,9,0.016313226893544197,0.04342371428878998,0.0,0.08000000000000612,100.0,0.08000000000000876,-0.9790290767373475,0.0,0.08,0.08000000000000612,0.08000000000000612,0
185,14,0.04616387188434601,0.04342371428878998,0.06119178059470829,0.29397536262844576,99.21875,0.3646990504081654,0.06119178059470829,0.06119178059470829,0.12895342447576663,0.29397536262844576,0.29397536262844576,0
185,12,0.034869514405727386,0.04342371428878998,0.0,0.10340600914301654,100.0,0.11343715591859505,-0.21939271282320222,0.0,0.08,0.10340600914301654,0.10340600914301654,0
185,1,0.10443499684333801,0.04342371428878998,0.7,0.5582206144532919,97.29729729729729,0.5231723063618455,0.8775589994839572,0.7,0.6399999999999999,0.5582206144532919,0.5582206144532919,0
185,19,0.016098424792289734,0.04342371428878998,0.0,0.08322691640621549,99.21875,0.08460988058030784,-0.9922838849563168,0.0,0.08,0.08322691640621549,0.08322691640621549,0
185,0,0.03041243366897106,0.04342371428878998,0.0,0.1562800968800809,100.0,0.18897156697154419,-0.3561540784754062,0.0,0.08,0.1562800968800809,0.1562800968800809,0
185,15,0.048813916742801666,0.04342371428878998,0.11700972186804955,0.3439680893141997,98.4375,0.41697965152266836,0.11700972186804955,0.11700972186804955,0.17360777749443965,0.3439680893141997,0.3439680893141997,0
186,0,0.04832198843359947,0.04345172882710602,0.1062360411361031,0.15889271768872137,98.4771573604061,0.1562800968800809,0.1062360411361031,0.1062360411361031,0.1649888329088825,0.15889271768872137,0.15889271768872137,0
186,2,0.05836648866534233,0.04345172882710602,0.29509120229516594,0.428134320424632,95.90163934426229,0.4761606169625603,0.29509120229516594,0.29509120229516594,0.31607296183613276,0.428134320424632,0.428134320424632,0
186,16,0.010824166238307953,0.04345172882710602,0.0,0.08000008430327048,99.609375,0.08000012043324355,-1.3898686970313119,0.0,0.08,0.08000008430327048,0.08000008430327048,0
186,4,0.054596904665231705,0.04345172882710602,0.2283265032449625,0.3994368640240362,98.6013986013986,0.45805500463606463,0.2283265032449625,0.2283265032449625,0.26266120259597003,0.3994368640240362,0.3994368640240362,0
186,19,0.018755832687020302,0.04345172882710602,0.0,0.08225884148435084,99.609375,0.08322691640621549,-0.8401455560959411,0.0,0.08,0.08225884148435084,0.08225884148435084,0
186,3,0.08615907281637192,0.04345172882710602,0.6845445177239693,0.43462769057061795,95.78947368421052,0.3519100090240933,0.6845445177239693,0.6845445177239693,0.6276356141791755,0.43462769057061795,0.43462769057061795,0
186,1,0.17909562587738037,0.04345172882710602,0.7,0.5827544301173042,97.29729729729729,0.5582206144532919,1.4162690718628475,0.7,0.6399999999999999,0.5827544301173042,0.5827544301173042,0
186,9,0.008634007535874844,0.04345172882710602,0.0,0.08000000000000429,99.609375,0.08000000000000612,-1.615940941789671,0.0,0.08,0.08000000000000429,0.08000000000000429,0
186,6,0.05961078777909279,0.04345172882710602,0.31618585850553343,0.17013488720230818,96.80851063829788,0.1003575445156859,0.31618585850553343,0.31618585850553343,0.3329486868044268,0.17013488720230818,0.17013488720230818,0
186,14,0.06089545786380768,0.04345172882710602,0.3375078826866215,0.3107846456847012,97.65625,0.29397536262844576,0.3375078826866215,0.3375078826866215,0.35000630614929723,0.3107846456847012,0.3107846456847012,0
186,15,0.06939448416233063,0.04345172882710602,0.4681566595823772,0.37713526081971027,98.4375,0.3439680893141997,0.4681566595823772,0.4681566595823772,0.45452532766590176,0.37713526081971027,0.37713526081971027,0
186,11,0.012067044153809547,0.04345172882710602,0.0,0.09500792163181088,98.828125,0.1014398880454441,-1.2811719281042808,0.0,0.08,0.09500792163181088,0.09500792163181088,0
186,8,0.012090368196368217,0.04345172882710602,0.0,0.08053756684597627,100.0,0.08076795263710895,-1.2792409240581486,0.0,0.08,0.08053756684597627,0.08053756684597627,0
186,18,0.027005858719348907,0.04345172882710602,0.0,0.24976147966401055,97.65625,0.3225163995200151,-0.475596667585515,0.0,0.08,0.24976147966401055,0.24976147966401055,0
186,12,0.026962636038661003,0.04345172882710602,0.0,0.09638420640011158,96.875,0.10340600914301654,-0.47719844188384475,0.0,0.08,0.09638420640011158,0.09638420640011158,0
186,13,0.026142362505197525,0.04345172882710602,0.0,0.12295950824641472,98.125,0.14137072606630674,-0.5080934043847503,0.0,0.08,0.12295950824641472,0.12295950824641472,0
186,10,0.04213913902640343,0.04345172882710602,0.0,0.12234894749968664,99.14163090128756,0.14049849642812376,-0.030673655737229574,0.0,0.08,0.12234894749968664,0.12234894749968664,0
186,5,0.3153945803642273,0.04345172882710602,0.7,0.6399999999999997,93.359375,0.6399999999999997,1.982173652768371,0.7,0.6399999999999999,0.6399999999999997,0.6399999999999997,0
186,17,0.03820880874991417,0.04345172882710602,0.0,0.1559120603367852,98.046875,0.18844580048112172,-0.1285845236497993,0.0,0.08,0.1559120603367852,0.1559120603367852,0
186,7,0.010773127898573875,0.04345172882710602,0.0,0.0944536234501622,100.0,0.10064803350023172,-1.3945950657289028,0.0,0.08,0.0944536234501622,0.0944536234501622,0
187,17,0.04875241592526436,0.0431239533332113,0.1226761223628479,0.16258071160283313,98.4375,0.1559120603367852,0.1226761223628479,0.1226761223628479,0.17814089789027832,0.16258071160283313,0.16258071160283313,0
187,19,0.039334893226623535,0.0431239533332113,0.0,0.08158118903904558,98.828125,0.08225884148435084,-0.09196658887007099,0.0,0.08,0.08158118903904558,0.08158118903904558,0
187,18,0.027872931212186813,0.0431239533332113,0.0,0.19883303576480738,96.484375,0.24976147966401055,-0.4364224672185302,0.0,0.08,0.19883303576480738,0.19883303576480738,0
187,9,0.025127148255705833,0.0431239533332113,0.0,0.080000000000003,99.609375,0.08000000000000429,-0.5401295729978239,0.0,0.08,0.080000000000003,0.080000000000003,0
187,13,0.04609796032309532,0.0431239533332113,0.06669008492235409,0.12607727615385528,100.0,0.12295950824641472,0.06669008492235409,0.06669008492235409,0.1333520679378833,0.12607727615385528,0.12607727615385528,0
187,7,0.008297554217278957,0.0431239533332113,0.0,0.09011753641511352,98.94736842105263,0.0944536234501622,-1.6481168324776825,0.0,0.08,0.09011753641511352,0.09011753641511352,0
187,6,0.03938227519392967,0.0431239533332113,0.0,0.1430944210416157,98.93617021276596,0.17013488720230818,-0.09076273558264392,0.0,0.08,0.1430944210416157,0.1430944210416157,0
187,4,0.06401123851537704,0.0431239533332113,0.39497998955638297,0.39840100231035724,99.3006993006993,0.3994368640240362,0.39497998955638297,0.39497998955638297,0.3959839916451064,0.39840100231035724,0.39840100231035724,0
187,0,0.03523407131433487,0.0431239533332113,0.0,0.13522490238210497,98.98477157360406,0.15889271768872137,-0.20206500307296202,0.0,0.08,0.13522490238210497,0.13522490238210497,0
187,14,0.09798940271139145,0.0431239533332113,0.7,0.4095492519792908,96.875,0.3107846456847012,0.8207806028648786,0.7,0.6399999999999999,0.4095492519792908,0.4095492519792908,0
187,16,0.016566013917326927,0.0431239533332113,0.0,0.08000005901228932,99.609375,0.08000008430327048,-0.9567249904774622,0.0,0.08,0.08000005901228932,0.08000005901228932,0
187,1,0.026974067091941833,0.0431239533332113,0.0,0.43192810108211294,100.0,0.5827544301173042,-0.46920253931257433,0.0,0.08,0.43192810108211294,0.43192810108211294,0
187,3,0.08033666759729385,0.0431239533332113,0.6221474373854615,0.47755476837194333,98.42105263157895,0.43462769057061795,0.6221474373854615,0.6221474373854615,0.5777179499083692,0.47755476837194333,0.47755476837194333,0
187,5,0.21635472774505615,0.0431239533332113,0.7,0.6399999999999997,91.796875,0.6399999999999997,1.6128405285398812,0.7,0.6399999999999999,0.6399999999999997,0.6399999999999997,0
187,11,0.014391237869858742,0.0431239533332113,0.0,0.09050554514226761,99.21875,0.09500792163181088,-1.0974586014231087,0.0,0.08,0.09050554514226761,0.09050554514226761,0
187,8,0.014366896823048592,0.0431239533332113,0.0,0.08037629679218339,99.21875,0.08053756684597627,-1.0991514118890606,0.0,0.08,0.08037629679218339,0.08037629679218339,0
187,2,0.04481975734233856,0.0431239533332113,0.03857044101289973,0.33295093014033833,95.90163934426229,0.428134320424632,0.03857044101289973,0.03857044101289973,0.11085635281031979,0.33295093014033833,0.33295093014033833,0
187,15,0.05475030094385147,0.0431239533332113,0.23870421160781768,0.3452836933596734,98.4375,0.37713526081971027,0.23870421160781768,0.23870421160781768,0.27096336928625414,0.3452836933596734,0.3452836933596734,0
187,10,0.015355552546679974,0.0431239533332113,0.0,0.10964426324978063,97.85407725321889,0.12234894749968664,-1.0326010471321054,0.0,0.08,0.10964426324978063,0.10964426324978063,0
187,12,0.045187074691057205,0.0431239533332113,0.0467324726716814,0.10268473792128163,97.65625,0.09638420640011158,0.0467324726716814,0.0467324726716814,0.11738597813734512,0.10268473792128163,0.10268473792128163,0
188,6,0.06173620745539665,0.042747416420917825,0.3675617586022208,0.212380916793664,98.93617021276596,0.1430944210416157,0.3675617586022208,0.3675617586022208,0.3740494068817767,0.212380916793664,0.212380916793664,0
188,9,0.02746935561299324,0.042747416420917825,0.0,0.0800000000000021,100.0,0.080000000000003,-0.44223758686151116,0.0,0.08,0.0800000000000021,0.0800000000000021,0
188,13,0.053588420152664185,0.042747416420917825,0.22602419652554134,0.16649990047382862,98.125,0.12607727615385528,0.22602419652554134,0.22602419652554134,0.2608193572204331,0.16649990047382862,0.16649990047382862,0
188,18,0.10595645755529404,0.042747416420917825,0.7,0.3311831250353651,97.65625,0.19883303576480738,0.907719333427554,0.7,0.6399999999999999,0.3311831250353651,0.3311831250353651,0
188,8,0.012767650187015533,0.042747416420917825,0.0,0.08026340775452837,97.65625,0.08037629679218339,-1.2083935669625432,0.0,0.08,0.08026340775452837,0.08026340775452837,0
188,5,0.2625904083251953,0.042747416420917825,0.7,0.6399999999999997,92.1875,0.6399999999999997,1.8152864805944318,0.7,0.6399999999999999,0.6399999999999997,0.6399999999999997,0
188,14,0.05006732791662216,0.042747416420917825,0.15805986480464523,0.3486188439386184,97.265625,0.4095492519792908,0.15805986480464523,0.15805986480464523,0.2064478918437162,0.3486188439386184,0.3486188439386184,0
188,1,0.02909175679087639,0.042747416420917825,0.0,0.32634967075747906,91.89189189189189,0.43192810108211294,-0.3848537868932011,0.0,0.08,0.32634967075747906,0.32634967075747906,0
188,2,0.12079685926437378,0.042747416420917825,0.7,0.4250656510982368,96.72131147540983,0.33295093014033833,1.0388013755888732,0.7,0.6399999999999999,0.4250656510982368,0.4250656510982368,0
188,17,0.024021105840802193,0.042747416420917825,0.0,0.13780649812198317,100.0,0.16258071160283313,-0.5763757226629515,0.0,0.08,0.13780649812198317,0.13780649812198317,0
188,10,0.03486568480730057,0.042747416420917825,0.0,0.10075098427484644,99.14163090128756,0.10964426324978063,-0.2038056039116998,0.0,0.08,0.10075098427484644,0.10075098427484644,0
188,7,0.00999265443533659,0.042747416420917825,0.0,0.08708227549057945,98.94736842105263,0.09011753641511352,-1.45345772554684,0.0,0.08,0.08708227549057945,0.08708227549057945,0
188,19,0.02290247566998005,0.042747416420917825,0.0,0.0811068323273319,99.21875,0.08158118903904558,-0.6240635436800757,0.0,0.08,0.0811068323273319,0.0811068323273319,0
188,12,0.025693481788039207,0.042747416420917825,0.0,0.09587931654489715,98.4375,0.10268473792128163,-0.5090712708787737,0.0,0.08,0.09587931654489715,0.09587931654489715,0
188,16,0.008357373997569084,0.042747416420917825,0.0,0.08000004130860253,100.0,0.08000005901228932,-1.632163533714158,0.0,0.08,0.08000004130860253,0.08000004130860253,0
188,11,0.017327100038528442,0.042747416420917825,0.0,0.08735388159958732,97.65625,0.09050554514226761,-0.9030366636847187,0.0,0.08,0.08735388159958732,0.08735388159958732,0
188,4,0.11286444962024689,0.042747416420917825,0.7,0.47088070161725004,97.9020979020979,0.39840100231035724,0.9708786334920317,0.7,0.6399999999999999,0.47088070161725004,0.47088070161725004,0
188,0,0.032848089933395386,0.042747416420917825,0.0,0.11865743166747347,96.95431472081218,0.13522490238210497,-0.26341509032068433,0.0,0.08,0.11865743166747347,0.11865743166747347,0
188,3,0.06449669599533081,0.042747416420917825,0.4113051597674349,0.45700157620454473,98.94736842105263,0.47755476837194333,0.4113051597674349,0.4113051597674349,0.409044127813948,0.45700157620454473,0.45700157620454473,0
188,15,0.06551668792963028,0.042747416420917825,0.4269960474850305,0.3681776367481787,98.046875,0.3452836933596734,0.4269960474850305,0.4269960474850305,0.42159683798802444,0.3681776367481787,0.3681776367481787,0
189,18,0.05226316675543785,0.04185836351586084,0.22200018482578251,0.30910823188294334,97.65625,0.3311831250353651,0.22200018482578251,0.22200018482578251,0.257600147860626,0.30910823188294334,0.30910823188294334,0
189,7,0.027362758293747902,0.04185836351586084,0.0,0.08495759284340562,97.89473684210526,0.08708227549057945,-0.4251085929693511,0.0,0.08,0.08495759284340562,0.08495759284340562,0
189,10,0.03490697592496872,0.04185836351586084,0.0,0.0945256889923925,99.57081545064378,0.10075098427484644,-0.18160488198539654,0.0,0.08,0.0945256889923925,0.0945256889923925,0
189,2,0.14050444960594177,0.04185836351586084,0.7,0.4895459557687657,95.08196721311475,0.4250656510982368,1.2109473683052636,0.7,0.6399999999999999,0.4895459557687657,0.4895459557687657,0
189,1,0.17104795575141907,0.04185836351586084,0.7,0.4204447695302353,94.5945945945946,0.32634967075747906,1.4076521577074046,0.7,0.6399999999999999,0.4204447695302353,0.4204447695302353,0
189,0,0.06525932997465134,0.04185836351586084,0.4440773164006605,0.21363875810338995,99.49238578680203,0.11865743166747347,0.4440773164006605,0.4440773164006605,0.43526185312052845,0.21363875810338995,0.21363875810338995,0
189,5,0.297387957572937,0.04185836351586084,0.7,0.6399999999999997,93.359375,0.6399999999999997,1.9607457135426591,0.7,0.6399999999999999,0.6399999999999997,0.6399999999999997,0
189,9,0.01632552593946457,0.04185836351586084,0.0,0.08000000000000146,99.609375,0.0800000000000021,-0.9415613569387787,0.0,0.08,0.08000000000000146,0.08000000000000146,0
189,3,0.0605463944375515,0.04185836351586084,0.3691182255950972,0.43248947748600464,98.42105263157895,0.45700157620454473,0.3691182255950972,0.3691182255950972,0.3752945804760778,0.43248947748600464,0.43248947748600464,0
189,15,0.03703648969531059,0.04185836351586084,0.0,0.2817243457237251,98.046875,0.3681776367481787,-0.1223879562864113,0.0,0.08,0.2817243457237251,0.2817243457237251,0
189,16,0.015820978209376335,0.04185836351586084,0.0,0.08000002891602176,100.0,0.08000004130860253,-0.9729544347171908,0.0,0.08,0.08000002891602176,0.08000002891602176,0
189,17,0.043168433010578156,0.04185836351586084,0.030817881516655158,0.12786084024938546,99.609375,0.13780649812198317,0.030817881516655158,0.030817881516655158,0.10465430521332413,0.12786084024938546,0.12786084024938546,0
189,8,0.007909227162599564,0.04185836351586084,0.0,0.08018438542816986,99.21875,0.08026340775452837,-1.6662605234241852,0.0,0.08,0.08018438542816986,0.08018438542816986,0
189,19,0.026360346004366875,0.04185836351586084,0.0,0.08077478262913232,99.21875,0.0811068323273319,-0.46243064591251126,0.0,0.08,0.08077478262913232,0.08077478262913232,0
189,11,0.030573805794119835,0.04185836351586084,0.0,0.08514771711971111,98.828125,0.08735388159958732,-0.3141479112908854,0.0,0.08,0.08514771711971111,0.08514771711971111,0
189,14,0.05776828154921532,0.04185836351586084,0.3221481751019866,0.34534875278150967,97.265625,0.3486188439386184,0.3221481751019866,0.3221481751019866,0.3377185400815893,0.34534875278150967,0.34534875278150967,0
189,4,0.09847862273454666,0.04185836351586084,0.7,0.521616491132075,97.9020979020979,0.47088070161725004,0.8555477371608894,0.7,0.6399999999999999,0.521616491132075,0.521616491132075,0
189,13,0.06311778724193573,0.04185836351586084,0.4107109170548623,0.23912055042484698,97.5,0.16649990047382862,0.4107109170548623,0.4107109170548623,0.40856873364388985,0.23912055042484698,0.23912055042484698,0
189,6,0.06987462192773819,0.04185836351586084,0.512410802947465,0.29564523446295643,96.80851063829788,0.212380916793664,0.512410802947465,0.512410802947465,0.489928642357972,0.29564523446295643,0.29564523446295643,0
189,12,0.05562368780374527,0.04185836351586084,0.2843174690102718,0.1593517141438932,99.21875,0.09587931654489715,0.2843174690102718,0.2843174690102718,0.30745397520821743,0.1593517141438932,0.1593517141438932,0
190,9,0.03183797001838684,0.04306686989223391,0.0,0.08000000000000101,100.0,0.08000000000000146,-0.3020943363961008,0.0,0.08,0.08000000000000101,0.08000000000000101,0
190,7,0.025374475866556168,0.04306686989223391,0.0,0.08347031499038393,98.94736842105263,0.08495759284340562,-0.5290100779860178,0.0,0.08,0.08347031499038393,0.08347031499038393,0
190,16,0.014420474879443645,0.04306686989223391,0.0,0.08000002024121522,100.0,0.08000002891602176,-1.0941044969531903,0.0,0.08,0.08000002024121522,0.08000002024121522,0
190,2,0.04686350002884865,0.04306686989223391,0.08448508113314789,0.38695858851009146,97.54098360655738,0.4895459557687657,0.08448508113314789,0.08448508113314789,0.14758806490651832,0.38695858851009146,0.38695858851009146,0
190,8,0.021751025691628456,0.04306686989223391,0.0,0.0801290697997189,99.21875,0.08018438542816986,-0.6830928793193004,0.0,0.08,0.0801290697997189,0.0801290697997189,0
190,17,0.05811384320259094,0.04306686989223391,0.2996498189319057,0.18541854471822716,98.828125,0.12786084024938546,0.2996498189319057,0.2996498189319057,0.31971985514552453,0.18541854471822716,0.18541854471822716,0
190,4,0.07106506824493408,0.04306686989223391,0.5008417984975073,0.5093335754318542,97.2027972027972,0.521616491132075,0.5008417984975073,0.5008417984975073,0.4806734387980059,0.5093335754318542,0.5093335754318542,0
190,13,0.037197794765233994,0.04306686989223391,0.0,0.19138438529739288,100.0,0.23912055042484698,-0.14650450587561387,0.0,0.08,0.19138438529739288,0.19138438529739288,0
190,10,0.03775070607662201,0.04306686989223391,0.0,0.09016798229467474,99.57081545064378,0.0945256889923925,-0.1317498092939329,0.0,0.08,0.09016798229467474,0.09016798229467474,0
190,18,0.055231764912605286,0.04306686989223391,0.24878416641876352,0.3000839622585636,97.265625,0.30910823188294334,0.24878416641876352,0.24878416641876352,0.2790273331350108,0.3000839622585636,0.3000839622585636,0
190,0,0.06348443031311035,0.04306686989223391,0.3880405877073973,0.2666768717221483,97.96954314720813,0.21363875810338995,0.3880405877073973,0.3880405877073973,0.39043247016591787,0.2666768717221483,0.2666768717221483,0
190,12,0.039498910307884216,0.04306686989223391,0.0,0.13554619990072525,98.4375,0.1593517141438932,-0.08648091617031692,0.0,0.08,0.13554619990072525,0.13554619990072525,0
190,6,0.03106977790594101,0.04306686989223391,0.0,0.23095166412406948,98.93617021276596,0.29564523446295643,-0.3265183566740876,0.0,0.08,0.23095166412406948,0.23095166412406948,0
190,15,0.045276518911123276,0.04306686989223391,0.05003451890708046,0.23321532654430688,97.265625,0.2817243457237251,0.05003451890708046,0.05003451890708046,0.12002761512566437,0.23321532654430688,0.23321532654430688,0
190,11,0.02588917315006256,0.04306686989223391,0.0,0.08360340198379777,99.609375,0.08514771711971111,-0.5089290112498838,0.0,0.08,0.08360340198379777,0.08360340198379777,0
190,5,0.27340635657310486,0.04306686989223391,0.7,0.6399999999999997,90.234375,0.6399999999999997,1.8482049569534749,0.7,0.6399999999999999,0.6399999999999997,0.6399999999999997,0
190,19,0.0314958393573761,0.04306686989223391,0.0,0.08054234784039262,99.21875,0.08077478262913232,-0.31289848300907475,0.0,0.08,0.08054234784039262,0.08054234784039262,0
190,14,0.038583703339099884,0.04306686989223391,0.0,0.26574412694705674,98.828125,0.34534875278150967,-0.1099240005149132,0.0,0.08,0.26574412694705674,0.26574412694705674,0
190,1,0.062048133462667465,0.04306686989223391,0.36515633745532994,0.4059488596604439,100.0,0.4204447695302353,0.36515633745532994,0.36515633745532994,0.372125069964264,0.4059488596604439,0.4059488596604439,0
190,3,0.09202475100755692,0.04306686989223391,0.7,0.49474263424020315,98.94736842105263,0.43248947748600464,0.7593034284972845,0.7,0.6399999999999999,0.49474263424020315,0.49474263424020315,0
191,9,0.017537612468004227,0.04266431358535973,0.0,0.08000000000000071,99.609375,0.08000000000000101,-0.8890146291635884,0.0,0.08,0.08000000000000071,0.08000000000000071,0
191,4,0.09464743733406067,0.04266431358535973,0.7,0.5485335028022978,96.5034965034965,0.5093335754318542,0.7967958499870025,0.7,0.6399999999999999,0.5485335028022978,0.5485335028022978,0
191,8,0.03510589897632599,0.04266431358535973,0.0,0.08009034885980323,98.828125,0.0801290697997189,-0.19499359456849455,0.0,0.08,0.08009034885980323,0.08009034885980323,0
191,15,0.03723076358437538,0.04266431358535973,0.0,0.1872507285810148,98.4375,0.23321532654430688,-0.13622739158464853,0.0,0.08,0.1872507285810148,0.1872507285810148,0
191,13,0.07226015627384186,0.04266431358535973,0.5269099689909765,0.28442746226600935,96.25,0.19138438529739288,0.5269099689909765,0.5269099689909765,0.5015279751927813,0.28442746226600935,0.28442746226600935,0
191,19,0.031212281435728073,0.04266431358535973,0.0,0.08037964348827484,97.265625,0.08054234784039262,-0.3125510842670645,0.0,0.08,0.08037964348827484,0.08037964348827484,0
191,18,0.05604586377739906,0.04266431358535973,0.2728074722157346,0.2995325669127708,98.046875,0.3000839622585636,0.2728074722157346,0.2728074722157346,0.2982459777725877,0.2995325669127708,0.2995325669127708,0
191,1,0.09196155518293381,0.04266431358535973,0.7,0.47616420176231067,97.29729729729729,0.4059488596604439,0.7680076622327872,0.7,0.6399999999999999,0.47616420176231067,0.47616420176231067,0
191,10,0.044508397579193115,0.04266431358535973,0.042315047914796525,0.09727319910582347,99.57081545064378,0.09016798229467474,0.042315047914796525,0.042315047914796525,0.11385203833183721,0.09727319910582347,0.09727319910582347,0
191,7,0.013251988217234612,0.04266431358535973,0.0,0.08242922049326876,98.94736842105263,0.08347031499038393,-1.169214707865824,0.0,0.08,0.08242922049326876,0.08242922049326876,0
191,0,0.04542519897222519,0.04266431358535973,0.06270415687541464,0.2257228078556033,96.95431472081218,0.2666768717221483,0.06270415687541464,0.06270415687541464,0.13016332550033172,0.2257228078556033,0.2257228078556033,0
191,6,0.016856549307703972,0.04266431358535973,0.0,0.18566616488684862,98.93617021276596,0.23095166412406948,-0.9286232003038765,0.0,0.08,0.18566616488684862,0.18566616488684862,0
191,17,0.018028851598501205,0.04266431358535973,0.0,0.153792981302759,98.828125,0.18541854471822716,-0.8613891618491339,0.0,0.08,0.153792981302759,0.153792981302759,0
191,2,0.07269632071256638,0.04266431358535973,0.5329278538612257,0.4227736968837581,96.72131147540983,0.38695858851009146,0.5329278538612257,0.5329278538612257,0.5063422830889805,0.4227736968837581,0.4227736968837581,0
191,3,0.08984397351741791,0.04266431358535973,0.7,0.5383198439681421,98.42105263157895,0.49474263424020315,0.7447115918032978,0.7,0.6399999999999999,0.5383198439681421,0.5383198439681421,0
191,5,0.29667040705680847,0.04266431358535973,0.7,0.6399999999999997,91.015625,0.6399999999999997,1.939258757967253,0.7,0.6399999999999999,0.6399999999999997,0.6399999999999997,0
191,14,0.07327389717102051,0.04266431358535973,0.5408415146334741,0.33982285237497345,96.484375,0.26574412694705674,0.5408415146334741,0.5408415146334741,0.5126732117067793,0.33982285237497345,0.33982285237497345,0
191,11,0.0330258309841156,0.04266431358535973,0.0,0.08252238138865844,99.21875,0.08360340198379777,-0.2560727426158641,0.0,0.08,0.08252238138865844,0.08252238138865844,0
191,12,0.016369657590985298,0.04266431358535973,0.0,0.11888233993050767,99.21875,0.13554619990072525,-0.9579329725860238,0.0,0.08,0.11888233993050767,0.11888233993050767,0
191,16,0.020852861925959587,0.04266431358535973,0.0,0.08000001416885065,98.4375,0.08000002024121522,-0.7158713767639633,0.0,0.08,0.08000001416885065,0.08000001416885065,0
192,15,0.04295070096850395,0.04248484028500218,0.010905653192934305,0.15769286677301458,96.875,0.1872507285810148,0.010905653192934305,0.010905653192934305,0.08872452255434744,0.15769286677301458,0.15769286677301458,0
192,18,0.04643573611974716,0.04248484028500218,0.08892200464583533,0.25501407795394004,99.21875,0.2995325669127708,0.08892200464583533,0.08892200464583533,0.15113760371666826,0.25501407795394004,0.25501407795394004,0
192,17,0.024080447852611542,0.04248484028500218,0.0,0.1316550869119313,99.21875,0.153792981302759,-0.5677469144270858,0.0,0.08,0.1316550869119313,0.1316550869119313,0
192,10,0.01069374568760395,0.04248484028500218,0.0,0.09209123937407643,98.71244635193133,0.09727319910582347,-1.379487557979054,0.0,0.08,0.09209123937407643,0.09209123937407643,0
192,3,0.0722719207406044,0.04248484028500218,0.5312882720963255,0.5283330760808176,97.36842105263158,0.5383198439681421,0.5312882720963255,0.5312882720963255,0.5050306176770604,0.5283330760808176,0.5283330760808176,0
192,6,0.041306450963020325,0.04248484028500218,0.0,0.15396631542079403,97.87234042553192,0.18566616488684862,-0.028128620985582692,0.0,0.08,0.15396631542079403,0.15396631542079403,0
192,1,0.19999288022518158,0.04248484028500218,0.7,0.5253149412336174,97.29729729729729,0.47616420176231067,1.5491342685423508,0.7,0.6399999999999999,0.5253149412336174,0.5253149412336174,0
192,14,0.05462047830224037,0.04248484028500218,0.25126150749563414,0.3221787584614336,98.4375,0.33982285237497345,0.25126150749563414,0.25126150749563414,0.2810092059965073,0.3221787584614336,0.3221787584614336,0
192,4,0.03712090849876404,0.04248484028500218,0.0,0.4079734519616085,100.0,0.5485335028022978,-0.1349668968478669,0.0,0.08,0.4079734519616085,0.4079734519616085,0
192,16,0.0062370640225708485,0.04248484028500218,0.0,0.08000000991819545,100.0,0.08000001416885065,-1.9186363827287654,0.0,0.08,0.08000000991819545,0.08000000991819545,0
192,13,0.07050692290067673,0.04248484028500218,0.5065634955002324,0.3446744625062623,99.375,0.28442746226600935,0.5065634955002324,0.5065634955002324,0.4852507964001859,0.3446744625062623,0.3446744625062623,0
192,7,0.02413616143167019,0.04248484028500218,0.0,0.08170045434528812,95.78947368421052,0.08242922049326876,-0.5654359439307692,0.0,0.08,0.08170045434528812,0.08170045434528812,0
192,9,0.019535278901457787,0.04248484028500218,0.0,0.08000000000000049,99.609375,0.08000000000000071,-0.7769250311868715,0.0,0.08,0.08000000000000049,0.08000000000000049,0
192,2,0.10286163538694382,0.04248484028500218,0.7,0.4879415878186306,96.72131147540983,0.4227736968837581,0.8842372880922775,0.7,0.6399999999999999,0.4879415878186306,0.4879415878186306,0
192,8,0.05031381547451019,0.04248484028500218,0.16913235116703074,0.12065500848194963,98.046875,0.08009034885980323,0.16913235116703074,0.16913235116703074,0.21530588093362457,0.12065500848194963,0.12065500848194963,0
192,19,0.019289884716272354,0.04248484028500218,0.0,0.08026575044179238,99.21875,0.08037964348827484,-0.7895661795403464,0.0,0.08,0.08026575044179238,0.08026575044179238,0
192,11,0.0114063685759902,0.04248484028500218,0.0,0.0817656669720609,99.609375,0.08252238138865844,-1.3149748253649065,0.0,0.08,0.0817656669720609,0.0817656669720609,0
192,5,0.2654643654823303,0.04248484028500218,0.7,0.6399999999999997,92.578125,0.6399999999999997,1.8323331042051982,0.7,0.6399999999999999,0.6399999999999997,0.6399999999999997,0
192,0,0.04605482891201973,0.04248484028500218,0.0806852882038189,0.20137043466783885,98.98477157360406,0.2257228078556033,0.0806852882038189,0.0806852882038189,0.14454823056305513,0.20137043466783885,0.20137043466783885,0
192,12,0.043060190975666046,0.04248484028500218,0.013451610765738668,0.11044602453513265,98.828125,0.11888233993050767,0.013451610765738668,0.013451610765738668,0.09076128861259093,0.11044602453513265,0.11044602453513265,0
193,6,0.014288424514234066,0.04253690085371046,0.0,0.13177642079455582,100.0,0.15396631542079403,-1.090921754883765,0.0,0.08,0.13177642079455582,0.13177642079455582,0
193,11,0.048590000718832016,0.04253690085371046,0.1330457793291738,0.11316695391944434,98.828125,0.0817656669720609,0.1330457793291738,0.1330457793291738,0.18643662346333906,0.11316695391944434,0.11316695391944434,0
193,13,0.03476827219128609,0.04253690085371046,0.0,0.26527212375438364,100.0,0.3446744625062623,-0.2016666497966006,0.0,0.08,0.26527212375438364,0.26527212375438364,0
193,4,0.05166510120034218,0.04253690085371046,0.1944105323120164,0.3562399441280099,97.2027972027972,0.4079734519616085,0.1944105323120164,0.1944105323120164,0.23552842584961314,0.3562399441280099,0.3562399441280099,0
193,17,0.03905181214213371,0.04253690085371046,0.0,0.11615856083835191,98.828125,0.1316550869119313,-0.08548265271864505,0.0,0.08,0.11615856083835191,0.11615856083835191,0
193,1,0.03375586122274399,0.04253690085371046,0.0,0.3917204588635322,94.5945945945946,0.5253149412336174,-0.23121782534184795,0.0,0.08,0.3917204588635322,0.3917204588635322,0
193,2,0.1574631780385971,0.04253690085371046,0.7,0.5335591114730414,97.54098360655738,0.4879415878186306,1.3088195145221675,0.7,0.6399999999999999,0.5335591114730414,0.5335591114730414,0
193,19,0.024219363927841187,0.04253690085371046,0.0,0.08018602530925466,98.828125,0.08026575044179238,-0.5632193012824923,0.0,0.08,0.08018602530925466,0.08018602530925466,0
193,12,0.04313129931688309,0.04253690085371046,0.013876977964368141,0.10464269188604121,98.4375,0.11044602453513265,0.013876977964368141,0.013876977964368141,0.09110158237149452,0.10464269188604121,0.10464269188604121,0
193,14,0.05068570002913475,0.04253690085371046,0.17527182771413774,0.2915903695743966,98.046875,0.3221787584614336,0.17527182771413774,0.17527182771413774,0.22021746217131022,0.2915903695743966,0.2915903695743966,0
193,10,0.014789264649152756,0.04253690085371046,0.0,0.08846386756185351,98.71244635193133,0.09209123937407643,-1.0564699574958243,0.0,0.08,0.08846386756185351,0.08846386756185351,0
193,0,0.04540662094950676,0.04253690085371046,0.0652859608525739,0.1806279348721049,98.4771573604061,0.20137043466783885,0.0652859608525739,0.0652859608525739,0.13222876868205913,0.1806279348721049,0.1806279348721049,0
193,16,0.023385053500533104,0.04253690085371046,0.0,0.08000000694273682,100.0,0.08000000991819545,-0.5982746830732785,0.0,0.08,0.08000000694273682,0.08000000694273682,0
193,8,0.03959885239601135,0.04253690085371046,0.0,0.10845850593736472,98.046875,0.12065500848194963,-0.0715717992117578,0.0,0.08,0.10845850593736472,0.10845850593736472,0
193,9,0.023562446236610413,0.04253690085371046,0.0,0.08000000000000033,99.609375,0.08000000000000049,-0.5907175818117825,0.0,0.08,0.08000000000000033,0.08000000000000033,0
193,3,0.06565811485052109,0.04253690085371046,0.43408916350438387,0.49801455249762444,99.47368421052632,0.5283330760808176,0.43408916350438387,0.43408916350438387,0.42727133080350715,0.49801455249762444,0.49801455249762444,0
193,18,0.06366463750600815,0.04253690085371046,0.40325723462418245,0.29929159087756185,97.65625,0.25501407795394004,0.40325723462418245,0.40325723462418245,0.402605787699346,0.29929159087756185,0.29929159087756185,0
193,15,0.045603666454553604,0.04253690085371046,0.06961614758766564,0.15109288216214994,96.484375,0.15769286677301458,0.06961614758766564,0.06961614758766564,0.1356929180701325,0.15109288216214994,0.15109288216214994,0
193,5,0.1672520637512207,0.04253690085371046,0.7,0.6399999999999997,92.1875,0.6399999999999997,1.3691299083558042,0.7,0.6399999999999999,0.6399999999999997,0.6399999999999997,0
193,7,0.05397937819361687,0.04253690085371046,0.2382300838939325,0.13836553817624547,98.94736842105263,0.08170045434528812,0.2382300838939325,0.2382300838939325,0.270584067115146,0.13836553817624547,0.13836553817624547,0
194,16,0.010408791713416576,0.0427101067816589,0.0,0.08000000485991576,99.609375,0.08000000694273682,-1.411784052323329,0.0,0.08,0.08000000485991576,0.08000000485991576,0
194,8,0.030866680666804314,0.0427101067816589,0.0,0.09992095415615529,99.21875,0.10845850593736472,-0.3247581886167729,0.0,0.08,0.09992095415615529,0.09992095415615529,0
194,1,0.2413906455039978,0.0427101067816589,0.7,0.4662043212044725,100.0,0.3917204588635322,1.7319807791774005,0.7,0.6399999999999999,0.4662043212044725,0.4662043212044725,0
194,10,0.022707678377628326,0.0427101067816589,0.0,0.08592470729329746,99.57081545064378,0.08846386756185351,-0.6317322569499084,0.0,0.08,0.08592470729329746,0.08592470729329746,0
194,14,0.040959905833005905,0.0427101067816589,0.0,0.2281132587020776,97.65625,0.2915903695743966,-0.041841893271864224,0.0,0.08,0.2281132587020776,0.2281132587020776,0
194,13,0.06337191164493561,0.0427101067816589,0.39458506793892684,0.304390902933411,98.75,0.26527212375438364,0.39458506793892684,0.39458506793892684,0.3956680543511415,0.304390902933411,0.304390902933411,0
194,18,0.0279120784252882,0.0427101067816589,0.0,0.23350411361429327,98.046875,0.29929159087756185,-0.4253759472607093,0.0,0.08,0.23350411361429327,0.23350411361429327,0
194,5,0.25194284319877625,0.0427101067816589,0.7,0.6399999999999997,95.703125,0.6399999999999997,1.7747664696310537,0.7,0.6399999999999999,0.6399999999999997,0.6399999999999997,0
194,0,0.0483926497399807,0.0427101067816589,0.12491232481369584,0.1804185123657604,97.96954314720813,0.1806279348721049,0.12491232481369584,0.12491232481369584,0.17992985985095666,0.1804185123657604,0.1804185123657604,0
194,9,0.016529984772205353,0.0427101067816589,0.0,0.08000000000000024,98.828125,0.08000000000000033,-0.9492592235708873,0.0,0.08,0.08000000000000024,0.08000000000000024,0
194,3,0.0912255048751831,0.0427101067816589,0.7,0.540610186748337,97.89473684210526,0.49801455249762444,0.7588988071778981,0.7,0.6399999999999999,0.540610186748337,0.540610186748337,0
194,17,0.018957631662487984,0.0427101067816589,0.0,0.10531099258684634,99.21875,0.11615856083835191,-0.8122287149421915,0.0,0.08,0.10531099258684634,0.10531099258684634,0
194,12,0.052112143486738205,0.0427101067816589,0.19896237471105632,0.14500085425088236,98.046875,0.10464269188604121,0.19896237471105632,0.19896237471105632,0.23916989976884506,0.14500085425088236,0.14500085425088236,0
194,11,0.049962010234594345,0.0427101067816589,0.1568273023385908,0.1408554203048728,98.828125,0.11316695391944434,0.1568273023385908,0.1568273023385908,0.20546184187087263,0.1408554203048728,0.1408554203048728,0
194,4,0.11049079895019531,0.0427101067816589,0.7,0.4413679608896069,95.8041958041958,0.3562399441280099,0.950496521434355,0.7,0.6399999999999999,0.4413679608896069,0.4413679608896069,0
194,6,0.025980621576309204,0.0427101067816589,0.0,0.11624349455618907,100.0,0.13177642079455582,-0.49708449809920097,0.0,0.08,0.11624349455618907,0.11624349455618907,0
194,15,0.08525283634662628,0.0427101067816589,0.6911856846937209,0.29564958183999795,99.21875,0.15109288216214994,0.6911856846937209,0.6911856846937209,0.6329485477549767,0.29564958183999795,0.29564958183999795,0
194,7,0.01644871011376381,0.0427101067816589,0.0,0.12085587672337184,97.89473684210526,0.13836553817624547,-0.9541881495927265,0.0,0.08,0.12085587672337184,0.12085587672337184,0
194,19,0.03989095985889435,0.0427101067816589,0.0,0.08013021771647826,100.0,0.08018602530925466,-0.06828584018697274,0.0,0.08,0.08013021771647826,0.08013021771647826,0
194,2,0.05640304833650589,0.0427101067816589,0.27808756371566784,0.4642323933228892,95.90163934426229,0.5335591114730414,0.27808756371566784,0.27808756371566784,0.30247005097253427,0.4642323933228892,0.4642323933228892,0
195,18,0.033806513994932175,0.04290672388214234,0.0,0.18745287953000528,99.609375,0.23350411361429327,-0.2383749791006374,0.0,0.08,0.18745287953000528,0.18745287953000528,0
195,0,0.0556134395301342,0.04290672388214234,0.25939628946226995,0.21254806812697705,98.4771573604061,0.1804185123657604,0.25939628946226995,0.25939628946226995,0.28751703156981595,0.21254806812697705,0.21254806812697705,0
195,17,0.039016179740428925,0.04290672388214234,0.0,0.09771769481079243,99.609375,0.10531099258684634,-0.09505209902565993,0.0,0.08,0.09771769481079243,0.09771769481079243,0
195,11,0.019403239712119102,0.04290672388214234,0.0,0.12259879421341097,99.21875,0.1408554203048728,-0.7935882175907866,0.0,0.08,0.12259879421341097,0.12259879421341097,0
195,12,0.04095471277832985,0.04290672388214234,0.0,0.12550059797561763,98.828125,0.14500085425088236,-0.04656164655446469,0.0,0.08,0.12550059797561763,0.12550059797561763,0
195,5,0.2584538757801056,0.04290672388214234,0.7,0.6399999999999997,89.0625,0.6399999999999997,1.7956885059028393,0.7,0.6399999999999999,0.6399999999999997,0.6399999999999997,0
195,10,0.02950875833630562,0.04290672388214234,0.0,0.08414729510530822,98.28326180257511,0.08592470729329746,-0.374341329645308,0.0,0.08,0.08414729510530822,0.08414729510530822,0
195,19,0.016898851841688156,0.04290672388214234,0.0,0.08009115240153478,99.21875,0.08013021771647826,-0.9317825075501841,0.0,0.08,0.08009115240153478,0.08009115240153478,0
195,16,0.009257524274289608,0.04290672388214234,0.0,0.08000000340194102,100.0,0.08000000485991576,-1.5335910444401568,0.0,0.08,0.08000000340194102,0.08000000340194102,0
195,7,0.004845786839723587,0.04290672388214234,0.0,0.10859911370636027,98.94736842105263,0.12085587672337184,-2.180917082342823,0.0,0.08,0.10859911370636027,0.10859911370636027,0
195,13,0.043894071131944656,0.04290672388214234,0.02275070427400716,0.24253380107914937,99.375,0.304390902933411,0.02275070427400716,0.02275070427400716,0.09820056341920573,0.24253380107914937,0.24253380107914937,0
195,6,0.06606923788785934,0.04290672388214234,0.4316746218463307,0.2089723554324517,96.80851063829788,0.11624349455618907,0.4316746218463307,0.4316746218463307,0.4253396974770646,0.2089723554324517,0.2089723554324517,0
195,9,0.019237173721194267,0.04290672388214234,0.0,0.08000000000000015,99.21875,0.08000000000000024,-0.8021837222794441,0.0,0.08,0.08000000000000015,0.08000000000000015,0
195,3,0.06041219085454941,0.04290672388214234,0.3421623048788163,0.48454608389475184,98.94736842105263,0.540610186748337,0.3421623048788163,0.3421623048788163,0.35372984390305307,0.48454608389475184,0.48454608389475184,0
195,2,0.13279375433921814,0.04290672388214234,0.7,0.5169626753260224,96.72131147540983,0.4642323933228892,1.1297685000972746,0.7,0.6399999999999999,0.5169626753260224,0.5169626753260224,0
195,8,0.01669755019247532,0.04290672388214234,0.0,0.0939446679093087,98.4375,0.09992095415615529,-0.943766168075005,0.0,0.08,0.0939446679093087,0.0939446679093087,0
195,1,0.11616665869951248,0.04290672388214234,0.7,0.5183430248431308,97.29729729729729,0.4662043212044725,0.9959971784662053,0.7,0.6399999999999999,0.5183430248431308,0.5183430248431308,0
195,14,0.054344501346349716,0.04290672388214234,0.23631484071433778,0.2403948428628954,98.046875,0.2281132587020776,0.23631484071433778,0.23631484071433778,0.26905187257147023,0.2403948428628954,0.2403948428628954,0
195,15,0.03682899847626686,0.04290672388214234,0.0,0.23095470728799855,98.046875,0.29564958183999795,-0.1527429721037949,0.0,0.08,0.23095470728799855,0.23095470728799855,0
195,4,0.06705819070339203,0.04290672388214234,0.4465321289671053,0.4401252835748301,94.4055944055944,0.4413679608896069,0.4465321289671053,0.4465321289671053,0.4372257031736843,0.4401252835748301,0.4401252835748301,0
196,14,0.036404915153980255,0.042614596119866045,0.0,0.19227639000402677,98.828125,0.2403948428628954,-0.1574929892558697,0.0,0.08,0.19227639000402677,0.19227639000402677,0
196,9,0.02716895379126072,0.042614596119866045,0.0,0.0800000000000001,99.21875,0.08000000000000015,-0.4501217764359928,0.0,0.08,0.0800000000000001,0.0800000000000001,0
196,1,0.012140498496592045,0.042614596119866045,0.0,0.38684011739019153,97.29729729729729,0.5183430248431308,-1.255649390373875,0.0,0.08,0.38684011739019153,0.38684011739019153,0
196,5,0.19497695565223694,0.042614596119866045,0.7,0.6399999999999997,92.1875,0.6399999999999997,1.520684365552628,0.7,0.6399999999999999,0.6399999999999997,0.6399999999999997,0
196,16,0.018676932901144028,0.042614596119866045,0.0,0.08000000238135871,99.609375,0.08000000340194102,-0.8249072980216272,0.0,0.08,0.08000000238135871,0.08000000238135871,0
196,6,0.07572299242019653,0.042614596119866045,0.5748849159953077,0.30825302864159,100.0,0.2089723554324517,0.5748849159953077,0.5748849159953077,0.5399079327962462,0.30825302864159,0.30825302864159,0
196,0,0.07659025490283966,0.042614596119866045,0.5862729174551597,0.3134891478781222,97.96954314720813,0.21254806812697705,0.5862729174551597,0.5862729174551597,0.5490183339641278,0.3134891478781222,0.3134891478781222,0
196,17,0.03647204488515854,0.042614596119866045,0.0,0.09240238636755468,97.65625,0.09771769481079243,-0.1556507134061117,0.0,0.08,0.09240238636755468,0.09240238636755468,0
196,10,0.024704711511731148,0.042614596119866045,0.0,0.08290310657371575,97.85407725321889,0.08414729510530822,-0.5452026814861332,0.0,0.08,0.08290310657371575,0.08290310657371575,0
196,4,0.06675653159618378,0.042614596119866045,0.44885523274598227,0.43981295436141676,97.2027972027972,0.4401252835748301,0.44885523274598227,0.44885523274598227,0.43908418619678585,0.43981295436141676,0.43981295436141676,0
196,12,0.04011118784546852,0.042614596119866045,0.0,0.11185041858293235,98.4375,0.12550059797561763,-0.06054151782678008,0.0,0.08,0.11185041858293235,0.11185041858293235,0
196,2,0.03960300236940384,0.042614596119866045,0.0,0.38587387272821566,99.18032786885246,0.5169626753260224,-0.07329187587180006,0.0,0.08,0.38587387272821566,0.38587387272821566,0
196,11,0.02648838981986046,0.042614596119866045,0.0,0.10981915594938768,98.828125,0.12259879421341097,-0.4754901666653845,0.0,0.08,0.10981915594938768,0.10981915594938768,0
196,13,0.034093599766492844,0.042614596119866045,0.0,0.19377366075540456,98.125,0.24253380107914937,-0.2230870913220649,0.0,0.08,0.19377366075540456,0.19377366075540456,0
196,18,0.08354951441287994,0.042614596119866045,0.6732425016060951,0.31679521605646654,97.65625,0.18745287953000528,0.6732425016060951,0.6732425016060951,0.6185940012848761,0.31679521605646654,0.31679521605646654,0
196,7,0.026496779173612595,0.042614596119866045,0.0,0.10001937959445217,97.89473684210526,0.10859911370636027,-0.4751734987820907,0.0,0.08,0.10001937959445217,0.10001937959445217,0
196,19,0.01962754875421524,0.042614596119866045,0.0,0.08006380668107434,100.0,0.08009115240153478,-0.7752624236236817,0.0,0.08,0.08006380668107434,0.08006380668107434,0
196,3,0.08172941952943802,0.042614596119866045,0.6512170903893689,0.5194743604197748,99.47368421052632,0.48454608389475184,0.6512170903893689,0.6512170903893689,0.6009736723114951,0.5194743604197748,0.5194743604197748,0
196,8,0.025596704334020615,0.042614596119866045,0.0,0.08976126753651609,97.265625,0.0939446679093087,-0.5097330642524021,0.0,0.08,0.08976126753651609,0.08976126753651609,0
196,15,0.038268081843853,0.042614596119866045,0.0,0.18566829510159896,97.65625,0.23095470728799855,-0.10758062334339989,0.0,0.08,0.18566829510159896,0.18566829510159896,0
197,15,0.059649523347616196,0.04199698450983638,0.3508882689051366,0.23818099110835206,98.828125,0.18566829510159896,0.3508882689051366,0.3508882689051366,0.3607106151241093,0.23818099110835206,0.23818099110835206,0
197,1,0.13659963011741638,0.04199698450983638,0.7,0.46278808217313405,100.0,0.38684011739019153,1.1794562561275945,0.7,0.6399999999999999,0.46278808217313405,0.46278808217313405,0
197,14,0.029221799224615097,0.04199698450983638,0.0,0.15859347300281873,98.4375,0.19227639000402677,-0.36268273468955925,0.0,0.08,0.15859347300281873,0.15859347300281873,0
197,6,0.06360501050949097,0.04199698450983638,0.41509434962577507,0.339399763959299,100.0,0.30825302864159,0.41509434962577507,0.41509434962577507,0.4120754797006201,0.339399763959299,0.339399763959299,0
197,4,0.05972704291343689,0.04199698450983638,0.3521870089536644,0.41639395020187114,95.8041958041958,0.43981295436141676,0.3521870089536644,0.3521870089536644,0.36174960716293153,0.41639395020187114,0.41639395020187114,0
197,3,0.046916741877794266,0.04199698450983638,0.11077673813973885,0.41421846944737967,96.84210526315789,0.5194743604197748,0.11077673813973885,0.11077673813973885,0.1686213905117911,0.41421846944737967,0.41421846944737967,0
197,0,0.06368473172187805,0.04199698450983638,0.41634694404363065,0.3433656700851569,99.49238578680203,0.3134891478781222,0.41634694404363065,0.41634694404363065,0.4130775552349046,0.3433656700851569,0.3433656700851569,0
197,10,0.008951917290687561,0.04199698450983638,0.0,0.08203217460160102,98.71244635193133,0.08290310657371575,-1.5457292075871536,0.0,0.08,0.08203217460160102,0.08203217460160102,0
197,2,0.05368455499410629,0.04199698450983638,0.24552747348819917,0.35303830454691876,99.18032786885246,0.38587387272821566,0.24552747348819917,0.24552747348819917,0.27642197879055935,0.35303830454691876,0.35303830454691876,0
197,13,0.04233091324567795,0.04199698450983638,0.007919808532110988,0.16154231657648982,99.375,0.19377366075540456,0.007919808532110988,0.007919808532110988,0.08633584682568879,0.16154231657648982,0.16154231657648982,0
197,16,0.005620106589049101,0.04199698450983638,0.0,0.08000000166695109,98.828125,0.08000000238135871,-2.0112456473604508,0.0,0.08,0.08000000166695109,0.08000000166695109,0
197,17,0.03002806007862091,0.04199698450983638,0.0,0.08868167045728828,98.828125,0.09240238636755468,-0.3354654429493979,0.0,0.08,0.08868167045728828,0.08868167045728828,0
197,19,0.009022640995681286,0.04199698450983638,0.0,0.08004466467675203,99.609375,0.08006380668107434,-1.5378598635792275,0.0,0.08,0.08004466467675203,0.08004466467675203,0
197,9,0.009083595126867294,0.04199698450983638,0.0,0.08000000000000007,100.0,0.0800000000000001,-1.5311269022158656,0.0,0.08,0.08000000000000007,0.08000000000000007,0
197,11,0.026251673698425293,0.04199698450983638,0.0,0.10087340916457138,99.609375,0.10981915594938768,-0.4698679285601845,0.0,0.08,0.10087340916457138,0.10087340916457138,0
197,8,0.025349559262394905,0.04199698450983638,0.0,0.08683288727556127,98.828125,0.08976126753651609,-0.5048363181619401,0.0,0.08,0.08683288727556127,0.08683288727556127,0
197,18,0.044520534574985504,0.04199698450983638,0.058352702041793277,0.25976129972955697,98.828125,0.31679521605646654,0.058352702041793277,0.058352702041793277,0.12668216163343463,0.25976129972955697,0.25976129972955697,0
197,12,0.026203999295830727,0.04199698450983638,0.0,0.10229529300805265,98.046875,0.11185041858293235,-0.4716856308151639,0.0,0.08,0.10229529300805265,0.10229529300805265,0
197,5,0.21432869136333466,0.04199698450983638,0.7,0.6399999999999997,93.359375,0.6399999999999997,1.6299127678451806,0.7,0.6399999999999999,0.6399999999999997,0.6399999999999997,0
197,7,0.05945282056927681,0.04199698450983638,0.34758517817355533,0.1774340084777698,98.94736842105263,0.10001937959445217,0.34758517817355533,0.34758517817355533,0.3580681425388443,0.1774340084777698,0.1774340084777698,0
198,15,0.01842017099261284,0.04213985844988592,0.0,0.19072669377584642,99.21875,0.23818099110835206,-0.8275474299777621,0.0,0.08,0.19072669377584642,0.19072669377584642,0
198,13,0.0591786690056324,0.04213985844988592,0.3395670384563956,0.2185757108330778,99.375,0.16154231657648982,0.3395670384563956,0.3395670384563956,0.35165363076511647,0.2185757108330778,0.2185757108330778,0
198,8,0.050644777715206146,0.04213985844988592,0.18384203087465087,0.1289051085028091,99.21875,0.08683288727556127,0.18384203087465087,0.18384203087465087,0.2270736246997207,0.1289051085028091,0.1289051085028091,0
198,4,0.03822735324501991,0.04213985844988592,0.0,0.3154757651413098,99.3006993006993,0.41639395020187114,-0.09744271213557462,0.0,0.08,0.3154757651413098,0.3154757651413098,0
198,1,0.11609713733196259,0.04213985844988592,0.7,0.5159516575211938,94.5945945945946,0.46278808217313405,1.0134330309864534,0.7,0.6399999999999999,0.5159516575211938,0.5159516575211938,0
198,2,0.08568218350410461,0.04213985844988592,0.7,0.4391268131828431,96.72131147540983,0.35303830454691876,0.7096507403020629,0.7,0.6399999999999999,0.4391268131828431,0.4391268131828431,0
198,9,0.020854776725172997,0.04213985844988592,0.0,0.08000000000000004,98.828125,0.08000000000000007,-0.7034107855908571,0.0,0.08,0.08000000000000004,0.08000000000000004,0
198,14,0.06777279824018478,0.04213985844988592,0.4751667694651678,0.24905545577361338,96.875,0.15859347300281873,0.4751667694651678,0.4751667694651678,0.4601334155721343,0.24905545577361338,0.24905545577361338,0
198,6,0.056238215416669846,0.04213985844988592,0.2886024066155343,0.33084441235923756,98.93617021276596,0.339399763959299,0.2886024066155343,0.2886024066155343,0.3108819252924275,0.33084441235923756,0.33084441235923756,0
198,10,0.06202634051442146,0.04213985844988592,0.38656501642037117,0.1741981261620098,98.71244635193133,0.08203217460160102,0.38656501642037117,0.38656501642037117,0.389252013136297,0.1741981261620098,0.1741981261620098,0
198,18,0.07125302404165268,0.04213985844988592,0.525243114651471,0.3318912573270429,98.828125,0.25976129972955697,0.525243114651471,0.525243114651471,0.5001944917211768,0.3318912573270429,0.3318912573270429,0
198,16,0.021771632134914398,0.04213985844988592,0.0,0.08000000116686576,99.21875,0.08000000166695109,-0.6603859831358132,0.0,0.08,0.08000000116686576,0.08000000116686576,0
198,17,0.05029834061861038,0.04213985844988592,0.17697799905416714,0.1285518890931019,98.828125,0.08868167045728828,0.17697799905416714,0.17697799905416714,0.22158239924333373,0.1285518890931019,0.1285518890931019,0
198,5,0.20200632512569427,0.04213985844988592,0.7,0.6399999999999997,94.140625,0.6399999999999997,1.5673047722864184,0.7,0.6399999999999999,0.6399999999999997,0.6399999999999997,0
198,3,0.0747193843126297,0.04213985844988592,0.5727454011619799,0.4514118248920409,97.89473684210526,0.41421846944737967,0.5727454011619799,0.5727454011619799,0.5381963209295839,0.4514118248920409,0.4514118248920409,0
198,19,0.01019869651645422,0.04213985844988592,0.0,0.08003126527372642,100.0,0.08004466467675203,-1.4187333864948382,0.0,0.08,0.08003126527372642,0.08003126527372642,0
198,12,0.07577350735664368,0.04213985844988592,0.5867545697290129,0.23642780184059992,98.828125,0.10229529300805265,0.5867545697290129,0.5867545697290129,0.5494036557832103,0.23642780184059992,0.23642780184059992,0
198,11,0.02515108324587345,0.04213985844988592,0.0,0.09461138641519995,98.4375,0.10087340916457138,-0.5160929220095855,0.0,0.08,0.09461138641519995,0.09461138641519995,0
198,7,0.003758511506021023,0.04213985844988592,0.0,0.14820380593443885,96.84210526315789,0.1774340084777698,-2.4169686230432377,0.0,0.08,0.14820380593443885,0.14820380593443885,0
198,0,0.04552878811955452,0.04213985844988592,0.07735076481700523,0.2829201526156911,98.98477157360406,0.3433656700851569,0.07735076481700523,0.07735076481700523,0.14188061185360418,0.2829201526156911,0.2829201526156911,0
199,2,0.12079335749149323,0.04327002226149113,0.7,0.49938876922799014,99.18032786885246,0.4391268131828431,1.0266210792994752,0.7,0.6399999999999999,0.49938876922799014,0.49938876922799014,0
199,6,0.026891451328992844,0.04327002226149113,0.0,0.2555910886514663,100.0,0.33084441235923756,-0.4756514863176471,0.0,0.08,0.2555910886514663,0.2555910886514663,0
199,7,0.014750621281564236,0.04327002226149113,0.0,0.1277426641541072,97.89473684210526,0.14820380593443885,-1.0761744192020608,0.0,0.08,0.1277426641541072,0.1277426641541072,0
199,1,0.10783121734857559,0.04327002226149113,0.7,0.5531661602648356,97.29729729729729,0.5159516575211938,0.9131069952622124,0.7,0.6399999999999999,0.5531661602648356,0.5531661602648356,0
199,12,0.05531366169452667,0.04327002226149113,0.24555980589950446,0.24843381470430104,98.828125,0.23642780184059992,0.24555980589950446,0.24555980589950446,0.2764478447196036,0.24843381470430104,0.24843381470430104,0
199,0,0.03424415737390518,0.04327002226149113,0.0,0.22204410683098375,98.4771573604061,0.2829201526156911,-0.23394404526828702,0.0,0.08,0.22204410683098375,0.22204410683098375,0
199,5,0.25708380341529846,0.04327002226149113,0.7,0.6399999999999997,95.3125,0.6399999999999997,1.7819418541452698,0.7,0.6399999999999999,0.6399999999999997,0.6399999999999997,0
199,16,0.01992192491889,0.04327002226149113,0.0,0.08000000081680603,98.828125,0.08000000116686576,-0.7756389179005332,0.0,0.08,0.08000000081680603,0.08000000081680603,0
199,8,0.0328662171959877,0.04327002226149113,0.0,0.11423357595196637,99.609375,0.1289051085028091,-0.27501469828991626,0.0,0.08,0.11423357595196637,0.11423357595196637,0
199,14,0.04985031113028526,0.04327002226149113,0.14156463849643117,0.23231433228067283,97.65625,0.24905545577361338,0.14156463849643117,0.14156463849643117,0.19325171079714493,0.23231433228067283,0.23231433228067283,0
199,10,0.02069745771586895,0.04327002226149113,0.0,0.14593868831340687,98.71244635193133,0.1741981261620098,-0.7374489396007996,0.0,0.08,0.14593868831340687,0.14593868831340687,0
199,4,0.044997427612543106,0.04327002226149113,0.039145246383412415,0.2542278947309358,100.0,0.3154757651413098,0.039145246383412415,0.039145246383412415,0.11131619710672994,0.2542278947309358,0.2542278947309358,0
199,19,0.012199312448501587,0.04327002226149113,0.0,0.0800218856916085,99.21875,0.08003126527372642,-1.2660798866332594,0.0,0.08,0.0800218856916085,0.0800218856916085,0
199,18,0.035109590739011765,0.04327002226149113,0.0,0.25632388012893004,99.21875,0.3318912573270429,-0.20898568142360877,0.0,0.08,0.25632388012893004,0.25632388012893004,0
199,3,0.05292808264493942,0.04327002226149113,0.20147394997314821,0.3883420254179841,99.47368421052632,0.4514118248920409,0.20147394997314821,0.20147394997314821,0.24117915997851858,0.3883420254179841,0.3883420254179841,0
199,9,0.007086160127073526,0.04327002226149113,0.0,0.08000000000000003,99.609375,0.08000000000000004,-1.8093152847659488,0.0,0.08,0.08000000000000003,0.08000000000000003,0
199,15,0.0398046113550663,0.04327002226149113,0.0,0.15750868564309248,97.265625,0.19072669377584642,-0.08347727982363354,0.0,0.08,0.15750868564309248,0.15750868564309248,0
199,17,0.042276058346033096,0.04327002226149113,0.0,0.11398632236517131,98.4375,0.1285518890931019,-0.023239134013654027,0.0,0.08,0.11398632236517131,0.11398632236517131,0
199,11,0.045796968042850494,0.04327002226149113,0.05675780752394026,0.10384984429638561,98.828125,0.09461138641519995,0.05675780752394026,0.05675780752394026,0.1254062460191522,0.10384984429638561,0.10384984429638561,0
199,13,0.03311072289943695,0.04327002226149113,0.0,0.17700299758315444,97.5,0.2185757108330778,-0.2676028132184453,0.0,0.08,0.17700299758315444,0.17700299758315444,0
200,1,0.033036354929208755,0.04268873014004593,0.0,0.4112163121853849,100.0,0.5531661602648356,-0.25632626620829424,0.0,0.08,0.4112163121853849,0.4112163121853849,0
200,7,0.07097622007131577,0.04268873014004593,0.5084098447534501,0.23543822764870306,100.0,0.1277426641541072,0.5084098447534501,0.5084098447534501,0.4867278758027601,0.23543822764870306,0.23543822764870306,0
200,19,0.02735414355993271,0.04268873014004593,0.0,0.08001531998412595,98.828125,0.0800218856916085,-0.4450668042606568,0.0,0.08,0.08001531998412595,0.08001531998412595,0
200,16,0.02163422293961048,0.04268873014004593,0.0,0.08000000057176421,100.0,0.08000000081680603,-0.679658270063155,0.0,0.08,0.08000000057176421,0.08000000057176421,0
200,11,0.010744537226855755,0.04268873014004593,0.0,0.09669489100746992,99.609375,0.10384984429638561,-1.3795367973304609,0.0,0.08,0.09669489100746992,0.09669489100746992,0
200,17,0.03550657629966736,0.04268873014004593,0.0,0.10379042565561991,98.046875,0.11398632236517131,-0.18421697966501285,0.0,0.08,0.10379042565561991,0.10379042565561991,0
200,3,0.11454258114099503,0.04268873014004593,0.7,0.46383941779258886,96.84210526315789,0.3883420254179841,0.9870115403532624,0.7,0.6399999999999999,0.46383941779258886,0.46383941779258886,0
200,2,0.08971773087978363,0.04268873014004593,0.7,0.5415721384595931,96.72131147540983,0.49938876922799014,0.7427333411565021,0.7,0.6399999999999999,0.5415721384595931,0.5415721384595931,0
200,6,0.01408973429352045,0.04268873014004593,0.0,0.20291376205602638,100.0,0.2555910886514663,-1.1084880108423814,0.0,0.08,0.20291376205602638,0.20291376205602638,0
200,18,0.0820160061120987,0.04268873014004593,0.6529793581263221,0.3601417620405683,98.046875,0.25632388012893004,0.6529793581263221,0.6529793581263221,0.6023834865010577,0.3601417620405683,0.3601417620405683,0
200,12,0.03364992141723633,0.04268873014004593,0.0,0.1979036702930107,99.21875,0.24843381470430104,-0.23792417053809875,0.0,0.08,0.1979036702930107,0.1979036702930107,0
200,9,0.01647093892097473,0.04268873014004593,0.0,0.08000000000000002,99.609375,0.08000000000000003,-0.9523370308592709,0.0,0.08,0.08000000000000002,0.08000000000000002,0
200,10,0.011479469016194344,0.04268873014004593,0.0,0.12615708181938481,100.0,0.14593868831340687,-1.3133741805089676,0.0,0.08,0.12615708181938481,0.12615708181938481,0
200,13,0.05261006951332092,0.04268873014004593,0.2089725386083384,0.1980555075742093,98.75,0.17700299758315444,0.2089725386083384,0.2089725386083384,0.24717803088667073,0.1980555075742093,0.1980555075742093,0
200,14,0.07886122912168503,0.04268873014004593,0.6137546527503585,0.333921149256557,97.65625,0.23231433228067283,0.6137546527503585,0.6137546527503585,0.5710037222002867,0.333921149256557,0.333921149256557,0
200,8,0.031342022120952606,0.04268873014004593,0.0,0.10396350316637645,99.21875,0.11423357595196637,-0.3089751125521814,0.0,0.08,0.10396350316637645,0.10396350316637645,0
200,5,0.20087039470672607,0.04268873014004593,0.7,0.6399999999999997,94.140625,0.6399999999999997,1.5487247589078148,0.7,0.6399999999999999,0.6399999999999997,0.6399999999999997,0
200,0,0.04744240269064903,0.04268873014004593,0.10558142261895348,0.20477041621023742,99.49238578680203,0.22204410683098375,0.10558142261895348,0.10558142261895348,0.16446513809516278,0.20477041621023742,0.20477041621023742,0
200,15,0.050931330770254135,0.04268873014004593,0.17654327779020457,0.17662646661981385,97.65625,0.15750868564309248,0.17654327779020457,0.17654327779020457,0.22123462223216367,0.17662646661981385,0.17662646661981385,0
200,4,0.04003419727087021,0.04268873014004593,0.0,0.20195952631165506,97.2027972027972,0.2542278947309358,-0.06420091807989407,0.0,0.08,0.20195952631165506,0.20195952631165506,0
