round,client_id,Li,Lg,g_pos,mu_final,acc_global,acc_personalized,mu_prev,g_raw,g_pos_clipped,mu_star,mu_smoothed,mu_bounded,warmup_active
0,7,2.273937463760376,0.0,0.0,0.05,17.894736842105264,17.894736842105264,0.05,0.0,0.0,0.08,0.059,0.059,1
0,9,2.3174819946289062,0.0,0.0,0.05,2.34375,3.125,0.05,0.0,0.0,0.08,0.059,0.059,1
0,17,2.295107126235962,0.0,0.0,0.05,15.234375,18.359375,0.05,0.0,0.0,0.08,0.059,0.059,1
0,12,2.3078997135162354,0.0,0.0,0.05,1.5625,1.5625,0.05,0.0,0.0,0.08,0.059,0.059,1
0,18,2.2831358909606934,0.0,0.0,0.05,17.1875,13.671875,0.05,0.0,0.0,0.08,0.059,0.059,1
0,15,2.2955408096313477,0.0,0.0,0.05,12.890625,16.40625,0.05,0.0,0.0,0.08,0.059,0.059,1
0,14,2.3016295433044434,0.0,0.0,0.05,2.734375,3.125,0.05,0.0,0.0,0.08,0.059,0.059,1
0,16,2.3730130195617676,0.0,0.0,0.05,0.0,0.0,0.05,0.0,0.0,0.08,0.059,0.059,1
0,1,2.290294647216797,0.0,0.0,0.05,10.81081081081081,10.81081081081081,0.05,0.0,0.0,0.08,0.059,0.059,1
0,5,2.348872661590576,0.0,0.0,0.05,0.390625,0.390625,0.05,0.0,0.0,0.08,0.059,0.059,1
0,4,2.3032379150390625,0.0,0.0,0.05,2.797202797202797,2.797202797202797,0.05,0.0,0.0,0.08,0.059,0.059,1
0,2,2.271758794784546,0.0,0.0,0.05,20.491803278688526,14.754098360655737,0.05,0.0,0.0,0.08,0.059,0.059,1
0,8,2.3186118602752686,0.0,0.0,0.05,0.0,0.0,0.05,0.0,0.0,0.08,0.059,0.059,1
0,0,2.293484687805176,0.0,0.0,0.05,16.751269035532996,14.213197969543147,0.05,0.0,0.0,0.08,0.059,0.059,1
0,13,2.308898687362671,0.0,0.0,0.05,2.5,1.25,0.05,0.0,0.0,0.08,0.059,0.059,1
0,11,2.3342185020446777,0.0,0.0,0.05,3.515625,0.78125,0.05,0.0,0.0,0.08,0.059,0.059,1
0,6,2.3163187503814697,0.0,0.0,0.05,0.0,0.0,0.05,0.0,0.0,0.08,0.059,0.059,1
0,19,2.3106255531311035,0.0,0.0,0.05,0.0,0.0,0.05,0.0,0.0,0.08,0.059,0.059,1
0,10,2.332296371459961,0.0,0.0,0.05,0.4291845493562232,0.4291845493562232,0.05,0.0,0.0,0.08,0.059,0.059,1
0,3,2.328497886657715,0.0,0.0,0.05,0.0,0.5263157894736842,0.05,0.0,0.0,0.08,0.059,0.059,1
1,9,2.0832905769348145,2.308399200439453,0.0,0.05,50.0,92.578125,0.05,-0.10260564521819501,0.0,0.08,0.059,0.059,1
1,16,1.688261866569519,2.308399200439453,0.0,0.05,99.609375,100.0,0.05,-0.31285477752800733,0.0,0.08,0.059,0.059,1
1,18,2.31829833984375,2.308399200439453,0.004279144846033343,0.05,19.140625,98.828125,0.05,0.004279144846033343,0.004279144846033343,0.08342331587682668,0.060026994763048,0.060026994763048,1
1,8,2.0117337703704834,2.308399200439453,0.0,0.05,80.46875,100.0,0.05,-0.13755737425287742,0.0,0.08,0.059,0.059,1
1,4,2.1620256900787354,2.308399200439453,0.0,0.05,18.88111888111888,66.43356643356644,0.05,-0.06550869549228575,0.0,0.08,0.059,0.059,1
1,1,2.487684488296509,2.308399200439453,0.07479805565298672,0.05,2.7027027027027026,62.16216216216216,0.05,0.07479805565298672,0.07479805565298672,0.1398384445223894,0.07695153335671681,0.07695153335671681,1
1,5,2.651096820831299,2.308399200439453,0.13841915097610627,0.05,0.390625,98.4375,0.05,0.13841915097610627,0.13841915097610627,0.190735320780885,0.0922205962342655,0.0922205962342655,1
1,6,2.106677532196045,2.308399200439453,0.0,0.05,54.255319148936174,69.14893617021276,0.05,-0.09144221990444133,0.0,0.08,0.059,0.059,1
1,2,2.4697070121765137,2.308399200439453,0.06754522728458962,0.05,0.0,89.34426229508196,0.05,0.06754522728458962,0.06754522728458962,0.13403618182767169,0.07521085454830151,0.07521085454830151,1
1,13,2.1809496879577637,2.308399200439453,0.0,0.05,18.75,74.375,0.05,-0.05679387861468278,0.0,0.08,0.059,0.059,1
1,15,2.2548630237579346,2.308399200439453,0.0,0.05,0.78125,94.921875,0.05,-0.023465069616651298,0.0,0.08,0.059,0.059,1
1,10,2.0296871662139893,2.308399200439453,0.0,0.05,38.197424892703864,83.69098712446352,0.05,-0.1286726210247899,0.0,0.08,0.059,0.059,1
1,7,2.077439546585083,2.308399200439453,0.0,0.05,11.578947368421053,65.26315789473684,0.05,-0.10541814879559419,0.0,0.08,0.059,0.059,1
1,14,2.1284291744232178,2.308399200439453,0.0,0.05,7.03125,97.65625,0.05,-0.08117006626336537,0.0,0.08,0.059,0.059,1
1,3,2.2767302989959717,2.308399200439453,0.0,0.05,4.7368421052631575,94.73684210526316,0.05,-0.013813963121727585,0.0,0.08,0.059,0.059,1
1,0,2.1576271057128906,2.308399200439453,0.0,0.05,35.025380710659896,71.57360406091371,0.05,-0.06754524151748137,0.0,0.08,0.059,0.059,1
1,19,2.224482297897339,2.308399200439453,0.0,0.05,3.515625,95.703125,0.05,-0.03703008387834305,0.0,0.08,0.059,0.059,1
1,17,2.2090303897857666,2.308399200439453,0.0,0.05,4.296875,86.328125,0.05,-0.04400061568709319,0.0,0.08,0.059,0.059,1
1,12,2.095834970474243,2.308399200439453,0.0,0.05,15.625,91.796875,0.05,-0.09660226914700107,0.0,0.08,0.059,0.059,1
1,11,2.219522476196289,2.308399200439453,0.0,0.05,4.6875,82.8125,0.05,-0.03926222537692225,0.0,0.08,0.059,0.059,1
2,5,2.8243443965911865,2.294708049297333,0.20767064105992888,0.10884095385438294,0.390625,98.4375,0.05,0.20767064105992888,0.20767064105992888,0.24613651284794313,0.10884095385438294,0.10884095385438294,0
2,16,0.8311605453491211,2.294708049297333,0.0,0.059,99.609375,100.0,0.05,-1.0155379235322963,0.0,0.08,0.059,0.059,0
2,10,1.4539364576339722,2.294708049297333,0.0,0.059,60.94420600858369,91.41630901287553,0.05,-0.4563309448736745,0.0,0.08,0.059,0.059,0
2,6,1.8303159475326538,2.294708049297333,0.0,0.059,63.829787234042556,72.34042553191489,0.05,-0.22611702180342177,0.0,0.08,0.059,0.059,0
2,13,1.862068772315979,2.294708049297333,0.0,0.059,38.75,88.75,0.05,-0.20891750995119351,0.0,0.08,0.059,0.059,0
2,9,1.7401493787765503,2.294708049297333,0.0,0.059,64.0625,96.484375,0.05,-0.2766346629833638,0.0,0.08,0.059,0.059,0
2,4,1.9572769403457642,2.294708049297333,0.0,0.059,45.45454545454545,75.52447552447552,0.05,-0.15905143193618196,0.0,0.08,0.059,0.059,0
2,2,2.779881715774536,2.294708049297333,0.19180275396895033,0.10503266095254807,0.819672131147541,86.06557377049181,0.05,0.19180275396895033,0.19180275396895033,0.2334422031751603,0.10503266095254807,0.10503266095254807,0
2,15,2.0878679752349854,2.294708049297333,0.0,0.059,6.640625,97.65625,0.05,-0.09446218558371916,0.0,0.08,0.059,0.059,0
2,14,1.7622472047805786,2.294708049297333,0.0,0.059,37.5,98.4375,0.05,-0.2640158069630483,0.0,0.08,0.059,0.059,0
2,8,1.6599410772323608,2.294708049297333,0.0,0.059,83.984375,100.0,0.05,-0.32382351602350523,0.0,0.08,0.059,0.059,0
2,11,1.8166195154190063,2.294708049297333,0.0,0.059,19.921875,93.359375,0.05,-0.2336282577834108,0.0,0.08,0.059,0.059,0
2,7,1.7414966821670532,2.294708049297333,0.0,0.059,45.26315789473684,94.73684210526316,0.05,-0.27586071673700113,0.0,0.08,0.059,0.059,0
2,18,2.406372308731079,2.294708049297333,0.04751472337721019,0.07040353361053045,20.3125,99.609375,0.05,0.04751472337721019,0.04751472337721019,0.11801177870176816,0.07040353361053045,0.07040353361053045,0
2,3,2.00463604927063,2.294708049297333,0.0,0.059,17.894736842105264,97.36842105263158,0.05,-0.13514310043397237,0.0,0.08,0.059,0.059,0
2,19,1.8683505058288574,2.294708049297333,0.0,0.059,25.78125,99.21875,0.05,-0.20554966363242183,0.0,0.08,0.059,0.059,0
2,17,1.9999070167541504,2.294708049297333,0.0,0.059,17.578125,94.921875,0.05,-0.13750493528664195,0.0,0.08,0.059,0.059,0
2,0,1.9405310153961182,2.294708049297333,0.0,0.059,44.67005076142132,86.29441624365482,0.05,-0.1676439680925976,0.0,0.08,0.059,0.059,0
2,12,1.770998477935791,2.294708049297333,0.0,0.059,47.65625,93.75,0.05,-0.25906212313399035,0.0,0.08,0.059,0.059,0
2,1,2.6947572231292725,2.294708049297333,0.16070249168883233,0.09756859800531975,0.0,67.56756756756756,0.05,0.16070249168883233,0.16070249168883233,0.20856199335106584,0.09756859800531975,0.09756859800531975,0
3,12,1.3472819328308105,2.2517582082748415,0.0,0.0653,75.0,96.484375,0.059,-0.5136221541989757,0.0,0.08,0.0653,0.0653,0
3,15,1.5578196048736572,2.2517582082748415,0.0,0.0653,46.484375,93.75,0.059,-0.36842418058447984,0.0,0.08,0.0653,0.0653,0
3,17,1.5440412759780884,2.2517582082748415,0.0,0.0653,58.59375,95.3125,0.059,-0.3773081505347725,0.0,0.08,0.0653,0.0653,0
3,19,1.4384102821350098,2.2517582082748415,0.0,0.0653,76.171875,99.21875,0.059,-0.448172801427079,0.0,0.08,0.0653,0.0653,0
3,5,2.7951009273529053,2.2517582082748415,0.21615687809508916,0.15206631844088944,0.390625,97.65625,0.10884095385438294,0.21615687809508916,0.21615687809508916,0.2529255024760713,0.15206631844088944,0.15206631844088944,0
3,11,1.3839092254638672,2.2517582082748415,0.0,0.0653,65.234375,94.921875,0.059,-0.48679906767027914,0.0,0.08,0.0653,0.0653,0
3,3,1.3594976663589478,2.2517582082748415,0.0,0.0653,63.68421052631579,99.47368421052632,0.059,-0.5045960655020214,0.0,0.08,0.0653,0.0653,0
3,13,1.3283369541168213,2.2517582082748415,0.0,0.0653,74.375,91.25,0.059,-0.5277835844950087,0.0,0.08,0.0653,0.0653,0
3,10,1.0823638439178467,2.2517582082748415,0.0,0.0653,77.25321888412017,94.84978540772532,0.059,-0.7325639384709799,0.0,0.08,0.0653,0.0653,0
3,4,1.5714612007141113,2.2517582082748415,0.0,0.0653,65.73426573426573,87.41258741258741,0.059,-0.35970544742118504,0.0,0.08,0.0653,0.0653,0
3,16,0.47083964943885803,2.2517582082748415,0.0,0.0653,97.265625,100.0,0.059,-1.5649490101465509,0.0,0.08,0.0653,0.0653,0
3,6,1.463789939880371,2.2517582082748415,0.0,0.0653,79.7872340425532,88.29787234042553,0.059,-0.430682413015313,0.0,0.08,0.0653,0.0653,0
3,1,2.2789864540100098,2.2517582082748415,0.012019469400201037,0.09518269125977208,10.81081081081081,78.37837837837837,0.09756859800531975,0.012019469400201037,0.012019469400201037,0.08961557552016083,0.09518269125977208,0.09518269125977208,0
3,8,0.985197126865387,2.2517582082748415,0.0,0.0653,97.265625,100.0,0.059,-0.8266248602885182,0.0,0.08,0.0653,0.0653,0
3,14,1.2954214811325073,2.2517582082748415,0.0,0.0653,74.609375,99.21875,0.059,-0.5528752234292257,0.0,0.08,0.0653,0.0653,0
3,18,2.1465983390808105,2.2517582082748415,0.0,0.07328247352737131,21.484375,98.4375,0.07040353361053045,-0.04782691542360153,0.0,0.08,0.07328247352737131,0.07328247352737131,0
3,7,1.3017650842666626,2.2517582082748415,0.0,0.0653,69.47368421052632,91.57894736842105,0.059,-0.547990233044118,0.0,0.08,0.0653,0.0653,0
3,0,1.4406883716583252,2.2517582082748415,0.0,0.0653,67.00507614213198,85.78680203045685,0.059,-0.4465902992228495,0.0,0.08,0.0653,0.0653,0
3,9,1.30540132522583,2.2517582082748415,0.0,0.0653,75.78125,95.703125,0.059,-0.5452008113364781,0.0,0.08,0.0653,0.0653,0
3,2,2.606832265853882,2.2517582082748415,0.14642445540427643,0.13266473196380998,4.098360655737705,91.80327868852459,0.10503266095254807,0.14642445540427643,0.14642445540427643,0.19713956432342117,0.13266473196380998,0.13266473196380998,0
4,7,1.0606225728988647,2.167698362827301,0.0,0.06971,72.63157894736842,89.47368421052632,0.0653,-0.7148098689102931,0.0,0.08,0.06971,0.06971,0
4,18,2.114893674850464,2.167698362827301,0.0,0.07529773146915991,23.046875,99.21875,0.07328247352737131,-0.024661402949054684,0.0,0.08,0.07529773146915991,0.07529773146915991,0
4,15,1.2420607805252075,2.167698362827301,0.0,0.06971,65.625,95.703125,0.0653,-0.5568940189877185,0.0,0.08,0.06971,0.06971,0
4,8,0.6791332364082336,2.167698362827301,0.0,0.06971,97.65625,100.0,0.0653,-1.1606038784621224,0.0,0.08,0.06971,0.06971,0
4,11,1.0447239875793457,2.167698362827301,0.0,0.06971,75.390625,96.875,0.0653,-0.7299132135909289,0.0,0.08,0.06971,0.06971,0
4,17,1.213681936264038,2.167698362827301,0.0,0.06971,66.796875,98.046875,0.0653,-0.5800072769116659,0.0,0.08,0.06971,0.06971,0
4,6,0.8883593678474426,2.167698362827301,0.0,0.06971,81.91489361702128,86.17021276595744,0.0653,-0.8920448600513781,0.0,0.08,0.06971,0.06971,0
4,4,1.192931056022644,2.167698362827301,0.0,0.06971,65.73426573426573,91.60839160839161,0.0653,-0.5972525875703902,0.0,0.08,0.06971,0.06971,0
4,19,1.0559535026550293,2.167698362827301,0.0,0.06971,87.5,100.0,0.0653,-0.7192217847655864,0.0,0.08,0.06971,0.06971,0
4,1,2.2667899131774902,2.167698362827301,0.04469875293427577,0.10135558458606664,16.216216216216218,72.97297297297297,0.09518269125977208,0.04469875293427577,0.04469875293427577,0.11575900234742062,0.10135558458606664,0.10135558458606664,0
4,9,1.0239787101745605,2.167698362827301,0.0,0.06971,76.171875,97.265625,0.0653,-0.7499702016518193,0.0,0.08,0.06971,0.06971,0
4,3,0.9917687773704529,2.167698362827301,0.0,0.06971,77.89473684210526,97.36842105263158,0.0653,-0.7819312230851895,0.0,0.08,0.06971,0.06971,0
4,5,2.6462197303771973,2.167698362827301,0.19946616152082583,0.1783183016736208,0.78125,98.4375,0.15206631844088944,0.19946616152082583,0.19946616152082583,0.23957292921666068,0.1783183016736208,0.1783183016736208,0
4,2,2.4253149032592773,2.167698362827301,0.11229543012239028,0.14381621560404065,4.098360655737705,97.54098360655738,0.13266473196380998,0.11229543012239028,0.11229543012239028,0.16983634409791223,0.14381621560404065,0.14381621560404065,0
4,10,0.7994070649147034,2.167698362827301,0.0,0.06971,88.41201716738198,96.99570815450643,0.0653,-0.9975509294366622,0.0,0.08,0.06971,0.06971,0
4,0,1.0797277688980103,2.167698362827301,0.0,0.06971,74.61928934010152,93.90862944162437,0.0653,-0.6969569941850606,0.0,0.08,0.06971,0.06971,0
4,16,0.2769829034805298,2.167698362827301,0.0,0.06971,96.875,100.0,0.0653,-2.057465405856834,0.0,0.08,0.06971,0.06971,0
4,12,0.959838330745697,2.167698362827301,0.0,0.06971,82.03125,98.4375,0.0653,-0.814656350730535,0.0,0.08,0.06971,0.06971,0
4,14,0.8520476222038269,2.167698362827301,0.0,0.06971,84.375,99.21875,0.0653,-0.9337787943466775,0.0,0.08,0.06971,0.06971,0
4,13,0.948023796081543,2.167698362827301,0.0,0.06971,80.625,95.625,0.0653,-0.8270416121157268,0.0,0.08,0.06971,0.06971,0
5,10,0.5433773398399353,2.0559624010562896,0.0,0.072797,87.98283261802575,96.99570815450643,0.06971,-1.3306953300210107,0.0,0.08,0.072797,0.072797,0
5,9,0.7728741765022278,2.0559624010562896,0.0,0.072797,77.734375,97.65625,0.06971,-0.9783830685301763,0.0,0.08,0.072797,0.072797,0
5,4,1.0493179559707642,2.0559624010562896,0.0,0.072797,59.44055944055944,90.20979020979021,0.06971,-0.6726036679675473,0.0,0.08,0.072797,0.072797,0
5,7,0.7503044009208679,2.0559624010562896,0.0,0.072797,78.94736842105263,92.63157894736842,0.06971,-1.0080203384370812,0.0,0.08,0.072797,0.072797,0
5,2,2.140868663787842,2.0559624010562896,0.04046760413472613,0.1343835759151627,13.934426229508198,97.54098360655738,0.14381621560404065,0.04046760413472613,0.04046760413472613,0.1123740833077809,0.1343835759151627,0.1343835759151627,0
5,5,2.467684030532837,2.0559624010562896,0.1825360105074053,0.19263145369331183,1.171875,98.046875,0.1783183016736208,0.1825360105074053,0.1825360105074053,0.22602880840592426,0.19263145369331183,0.19263145369331183,0
5,14,0.734117329120636,2.0559624010562896,0.0,0.072797,87.109375,100.0,0.06971,-1.0298304654477248,0.0,0.08,0.072797,0.072797,0
5,3,0.7516993284225464,2.0559624010562896,0.0,0.072797,82.63157894736842,98.42105263157895,0.06971,-1.0061629157730805,0.0,0.08,0.072797,0.072797,0
5,13,0.7851209044456482,2.0559624010562896,0.0,0.072797,85.0,93.75,0.06971,-0.9626616067859738,0.0,0.08,0.072797,0.072797,0
5,0,0.8785824775695801,2.0559624010562896,0.0,0.072797,78.1725888324873,94.9238578680203,0.06971,-0.8501895447041576,0.0,0.08,0.072797,0.072797,0
5,19,0.8008484244346619,2.0559624010562896,0.0,0.072797,89.0625,100.0,0.06971,-0.942827635114976,0.0,0.08,0.072797,0.072797,0
5,18,1.7242209911346436,2.0559624010562896,0.0,0.07670841202841194,17.1875,99.609375,0.07529773146915991,-0.17596870992650554,0.0,0.08,0.07670841202841194,0.07670841202841194,0
5,15,0.9558494687080383,2.0559624010562896,0.0,0.072797,74.21875,98.4375,0.06971,-0.765898892242928,0.0,0.08,0.072797,0.072797,0
5,12,0.7448377013206482,2.0559624010562896,0.0,0.072797,86.328125,99.21875,0.06971,-1.015332986351649,0.0,0.08,0.072797,0.072797,0
5,8,0.4718197286128998,2.0559624010562896,0.0,0.072797,98.046875,100.0,0.06971,-1.471902340926724,0.0,0.08,0.072797,0.072797,0
5,16,0.21956630051136017,2.0559624010562896,0.0,0.072797,97.65625,100.0,0.06971,-2.2368450589533038,0.0,0.08,0.072797,0.072797,0
5,1,2.310617208480835,2.0559624010562896,0.11677061812563069,0.12297385756039801,10.81081081081081,75.67567567567568,0.10135558458606664,0.11677061812563069,0.11677061812563069,0.17341649450050456,0.12297385756039801,0.12297385756039801,0
5,11,0.704531729221344,2.0559624010562896,0.0,0.072797,80.078125,98.046875,0.06971,-1.0709659613998586,0.0,0.08,0.072797,0.072797,0
5,17,0.9239793419837952,2.0559624010562896,0.0,0.072797,75.390625,96.484375,0.06971,-0.7998096187936402,0.0,0.08,0.072797,0.072797,0
5,6,0.7535956501960754,2.0559624010562896,0.0,0.072797,77.65957446808511,92.55319148936171,0.06971,-1.0036433793653552,0.0,0.08,0.072797,0.072797,0
6,9,0.6388974189758301,1.9282659149980546,0.0,0.0749579,82.8125,96.875,0.072797,-1.104632470104426,0.0,0.08,0.0749579,0.0749579,0
6,2,1.7923052310943604,1.9282659149980546,0.0,0.11806850314061387,26.229508196721312,98.36065573770492,0.1343835759151627,-0.07311847910130348,0.0,0.08,0.11806850314061387,0.11806850314061387,0
6,18,1.6479215621948242,1.9282659149980546,0.0,0.07769588841988836,31.25,99.21875,0.07670841202841194,-0.1571062739134822,0.0,0.08,0.07769588841988836,0.07769588841988836,0
6,17,0.8120613098144531,1.9282659149980546,0.0,0.0749579,75.0,98.4375,0.072797,-0.8648005392395821,0.0,0.08,0.0749579,0.0749579,0
6,11,0.6093897819519043,1.9282659149980546,0.0,0.0749579,84.765625,96.09375,0.072797,-1.151918278133008,0.0,0.08,0.0749579,0.0749579,0
6,14,0.5545481443405151,1.9282659149980546,0.0,0.0749579,86.71875,99.609375,0.072797,-1.2462227477287902,0.0,0.08,0.0749579,0.0749579,0
6,6,0.5550814867019653,1.9282659149980546,0.0,0.0749579,87.23404255319149,89.36170212765957,0.072797,-1.245261449692061,0.0,0.08,0.0749579,0.0749579,0
6,0,0.7844062447547913,1.9282659149980546,0.0,0.0749579,77.15736040609137,94.9238578680203,0.072797,-0.8994493253372418,0.0,0.08,0.0749579,0.0749579,0
6,5,2.3495702743530273,1.9282659149980546,0.19761133913270948,0.20626873897716855,1.953125,98.046875,0.19263145369331183,0.19761133913270948,0.19761133913270948,0.23808907130616758,0.20626873897716855,0.20626873897716855,0
6,12,0.5211465358734131,1.9282659149980546,0.0,0.0749579,85.546875,97.65625,0.072797,-1.3083451132927884,0.0,0.08,0.0749579,0.0749579,0
6,16,0.17582549154758453,1.9282659149980546,0.0,0.0749579,96.875,100.0,0.072797,-2.394884358834338,0.0,0.08,0.0749579,0.0749579,0
6,7,0.6589757204055786,1.9282659149980546,0.0,0.0749579,85.26315789473684,93.6842105263158,0.072797,-1.0736896876511517,0.0,0.08,0.0749579,0.0749579,0
6,4,0.9265798330307007,1.9282659149980546,0.0,0.0749579,62.23776223776224,94.4055944055944,0.072797,-0.7328761745070912,0.0,0.08,0.0749579,0.0749579,0
6,19,0.5587835311889648,1.9282659149980546,0.0,0.0749579,92.1875,99.609375,0.072797,-1.2386142204632167,0.0,0.08,0.0749579,0.0749579,0
6,3,0.6093520522117615,1.9282659149980546,0.0,0.0749579,83.6842105263158,98.94736842105263,0.072797,-1.1519801940178627,0.0,0.08,0.0749579,0.0749579,0
6,10,0.4517667293548584,1.9282659149980546,0.0,0.0749579,90.12875536480686,97.85407725321889,0.072797,-1.451210410311377,0.0,0.08,0.0749579,0.0749579,0
6,15,0.8069574236869812,1.9282659149980546,0.0,0.0749579,76.953125,99.21875,0.072797,-0.8711054730446748,0.0,0.08,0.0749579,0.0749579,0
6,8,0.3406551778316498,1.9282659149980546,0.0,0.0749579,98.4375,100.0,0.072797,-1.7335056072454451,0.0,0.08,0.0749579,0.0749579,0
6,13,0.6351099610328674,1.9282659149980546,0.0,0.0749579,90.0,96.875,0.072797,-1.1105782269356483,0.0,0.08,0.0749579,0.0749579,0
6,1,1.5832332372665405,1.9282659149980546,0.0,0.1100817002922786,13.513513513513514,81.08108108108108,0.12297385756039801,-0.1971519994529801,0.0,0.08,0.1100817002922786,0.1100817002922786,0
7,3,0.5427273511886597,1.799139692498684,0.0,0.07647053,80.52631578947368,100.0,0.0749579,-1.1984567899943372,0.0,0.08,0.07647053,0.07647053,0
7,6,0.521579921245575,1.799139692498684,0.0,0.07647053,82.97872340425532,91.48936170212765,0.0749579,-1.2382013520772819,0.0,0.08,0.07647053,0.07647053,0
7,1,1.9371120929718018,1.799139692498684,0.07388964968926073,0.11879070613001758,43.24324324324324,83.78378378378379,0.1100817002922786,0.07388964968926073,0.07388964968926073,0.1391117197514086,0.11879070613001758,0.11879070613001758,0
7,5,2.3038697242736816,1.799139692498684,0.24728159469689923,0.2277357000112738,2.34375,97.65625,0.20626873897716855,0.24728159469689923,0.24728159469689923,0.2778252757575194,0.2277357000112738,0.2277357000112738,0
7,0,0.5584667325019836,1.799139692498684,0.0,0.07647053,81.21827411167513,98.4771573604061,0.0749579,-1.1698688177331709,0.0,0.08,0.07647053,0.07647053,0
7,18,1.4060299396514893,1.799139692498684,0.0,0.07838712189392186,39.0625,100.0,0.07769588841988836,-0.24653851311619257,0.0,0.08,0.07838712189392186,0.07838712189392186,0
7,13,0.39457839727401733,1.799139692498684,0.0,0.07647053,90.625,97.5,0.0749579,-1.5172460150277676,0.0,0.08,0.07647053,0.07647053,0
7,7,0.5793063640594482,1.799139692498684,0.0,0.07647053,87.36842105263158,95.78947368421052,0.0749579,-1.1332324054975391,0.0,0.08,0.07647053,0.07647053,0
7,17,0.6705917119979858,1.799139692498684,0.0,0.07647053,82.8125,97.265625,0.0749579,-0.9869033967932475,0.0,0.08,0.07647053,0.07647053,0
7,14,0.4441963732242584,1.799139692498684,0.0,0.07647053,88.28125,100.0,0.0749579,-1.3987971173732443,0.0,0.08,0.07647053,0.07647053,0
7,11,0.5032817721366882,1.799139692498684,0.0,0.07647053,84.375,96.484375,0.0749579,-1.2739136702771499,0.0,0.08,0.07647053,0.07647053,0
7,16,0.1780976951122284,1.799139692498684,0.0,0.07647053,99.21875,100.0,0.0749579,-2.312731581753131,0.0,0.08,0.07647053,0.07647053,0
7,15,0.7131422758102417,1.799139692498684,0.0,0.07647053,79.6875,96.875,0.0749579,-0.9253829267306499,0.0,0.08,0.07647053,0.07647053,0
7,19,0.4386798143386841,1.799139692498684,0.0,0.07647053,96.484375,99.21875,0.0749579,-1.411294069116412,0.0,0.08,0.07647053,0.07647053,0
7,9,0.5556339025497437,1.799139692498684,0.0,0.07647053,78.515625,98.046875,0.0749579,-1.174954239852796,0.0,0.08,0.07647053,0.07647053,0
7,10,0.39004436135292053,1.799139692498684,0.0,0.07647053,89.27038626609442,96.13733905579399,0.0749579,-1.528803381224916,0.0,0.08,0.07647053,0.07647053,0
7,2,1.615511417388916,1.799139692498684,0.0,0.10664795219842971,31.147540983606557,97.54098360655738,0.11806850314061387,-0.10765702774460272,0.0,0.08,0.10664795219842971,0.10664795219842971,0
7,8,0.2704107165336609,1.799139692498684,0.0,0.07647053,96.484375,100.0,0.0749579,-1.8951218740614106,0.0,0.08,0.07647053,0.07647053,0
7,4,0.8139650821685791,1.799139692498684,0.0,0.07647053,62.23776223776224,93.00699300699301,0.0749579,-0.7931464058075847,0.0,0.08,0.07647053,0.07647053,0
7,12,0.5732872486114502,1.799139692498684,0.0,0.07647053,85.9375,98.4375,0.0749579,-1.1436769715536679,0.0,0.08,0.07647053,0.07647053,0
8,7,0.4249277710914612,1.674930755001402,0.0,0.07752937099999999,88.42105263157895,93.6842105263158,0.07647053,-1.3716078814357646,0.0,0.08,0.07752937099999999,0.07752937099999999,0
8,19,0.4004121422767639,1.674930755001402,0.0,0.07752937099999999,95.703125,99.609375,0.07647053,-1.4310327117552872,0.0,0.08,0.07752937099999999,0.07752937099999999,0
8,2,1.437419056892395,1.674930755001402,0.0,0.09865356653890078,43.442622950819676,93.44262295081967,0.10664795219842971,-0.15292263928307756,0.0,0.08,0.09865356653890078,0.09865356653890078,0
8,12,0.3612445294857025,1.674930755001402,0.0,0.07752937099999999,90.625,99.21875,0.07647053,-1.533971985375471,0.0,0.08,0.07752937099999999,0.07752937099999999,0
8,0,0.5626826882362366,1.674930755001402,0.0,0.07752937099999999,84.26395939086295,94.9238578680203,0.07647053,-1.090811230869446,0.0,0.08,0.07752937099999999,0.07752937099999999,0
8,10,0.31317928433418274,1.674930755001402,0.0,0.07752937099999999,94.4206008583691,96.13733905579399,0.07647053,-1.6767512571901924,0.0,0.08,0.07752937099999999,0.07752937099999999,0
8,9,0.4825322926044464,1.674930755001402,0.0,0.07752937099999999,85.15625,98.4375,0.07647053,-1.2444792421362647,0.0,0.08,0.07752937099999999,0.07752937099999999,0
8,15,0.547431468963623,1.674930755001402,0.0,0.07752937099999999,87.109375,98.4375,0.07647053,-1.1182898077967975,0.0,0.08,0.07752937099999999,0.07752937099999999,0
8,3,0.5373868942260742,1.674930755001402,0.0,0.07752937099999999,85.26315789473684,98.42105263157895,0.07647053,-1.1368087819571742,0.0,0.08,0.07752937099999999,0.07752937099999999,0
8,6,0.4690411388874054,1.674930755001402,0.0,0.07752937099999999,89.36170212765957,95.74468085106383,0.07647053,-1.2728366069799903,0.0,0.08,0.07752937099999999,0.07752937099999999,0
8,4,0.8213745951652527,1.674930755001402,0.0,0.07752937099999999,75.52447552447552,97.2027972027972,0.07647053,-0.7125478245591803,0.0,0.08,0.07752937099999999,0.07752937099999999,0
8,5,2.0111982822418213,1.674930755001402,0.18295887963426868,0.22732512112011613,0.78125,98.4375,0.2277357000112738,0.18295887963426868,0.18295887963426868,0.22636710370741497,0.22732512112011613,0.22732512112011613,0
8,17,0.5349902510643005,1.674930755001402,0.0,0.07752937099999999,85.15625,98.4375,0.07647053,-1.1412785659651699,0.0,0.08,0.07752937099999999,0.07752937099999999,0
8,8,0.2401740998029709,1.674930755001402,0.0,0.07752937099999999,97.265625,100.0,0.07647053,-1.9421629912400924,0.0,0.08,0.07752937099999999,0.07752937099999999,0
8,13,0.4994397759437561,1.674930755001402,0.0,0.07752937099999999,83.75,98.125,0.07647053,-1.2100400669164735,0.0,0.08,0.07752937099999999,0.07752937099999999,0
0,11,2.3399136066436768,0.0,0.0,0.05,3.90625,2.34375,0.05,0.0,0.0,0.08,0.059,0.059,1
0,1,2.2876319885253906,0.0,0.0,0.05,2.7027027027027026,10.81081081081081,0.05,0.0,0.0,0.08,0.059,0.059,1
0,2,2.273876190185547,0.0,0.0,0.05,12.295081967213115,14.754098360655737,0.05,0.0,0.0,0.08,0.059,0.059,1
0,4,2.3169713020324707,0.0,0.0,0.05,5.594405594405594,6.993006993006993,0.05,0.0,0.0,0.08,0.059,0.059,1
0,3,2.3260319232940674,0.0,0.0,0.05,0.0,0.0,0.05,0.0,0.0,0.08,0.059,0.059,1
0,0,2.2917840480804443,0.0,0.0,0.05,14.213197969543147,15.228426395939087,0.05,0.0,0.0,0.08,0.059,0.059,1
0,10,2.332016944885254,0.0,0.0,0.05,0.4291845493562232,0.4291845493562232,0.05,0.0,0.0,0.08,0.059,0.059,1
0,7,2.273322582244873,0.0,0.0,0.05,17.894736842105264,12.631578947368421,0.05,0.0,0.0,0.08,0.059,0.059,1
0,13,2.3093366622924805,0.0,0.0,0.05,1.875,2.5,0.05,0.0,0.0,0.08,0.059,0.059,1
0,8,2.315620183944702,0.0,0.0,0.05,0.390625,0.0,0.05,0.0,0.0,0.08,0.059,0.059,1
0,16,2.3726859092712402,0.0,0.0,0.05,0.0,0.0,0.05,0.0,0.0,0.08,0.059,0.059,1
0,9,2.317784070968628,0.0,0.0,0.05,5.078125,4.296875,0.05,0.0,0.0,0.08,0.059,0.059,1
0,18,2.282885789871216,0.0,0.0,0.05,17.96875,17.96875,0.05,0.0,0.0,0.08,0.059,0.059,1
0,5,2.344749689102173,0.0,0.0,0.05,0.0,0.390625,0.05,0.0,0.0,0.08,0.059,0.059,1
0,6,2.31516170501709,0.0,0.0,0.05,0.0,3.1914893617021276,0.05,0.0,0.0,0.08,0.059,0.059,1
0,12,2.3066673278808594,0.0,0.0,0.05,1.953125,1.953125,0.05,0.0,0.0,0.08,0.059,0.059,1
0,15,2.299401044845581,0.0,0.0,0.05,18.359375,15.625,0.05,0.0,0.0,0.08,0.059,0.059,1
0,17,2.2938053607940674,0.0,0.0,0.05,13.28125,10.9375,0.05,0.0,0.0,0.08,0.059,0.059,1
0,19,2.3107080459594727,0.0,0.0,0.05,0.0,0.78125,0.05,0.0,0.0,0.08,0.059,0.059,1
0,14,2.3024425506591797,0.0,0.0,0.05,3.90625,2.34375,0.05,0.0,0.0,0.08,0.059,0.059,1
1,14,2.1550371646881104,2.3100223541259766,0.0,0.05,2.734375,99.21875,0.05,-0.06944923208441191,0.0,0.08,0.059,0.059,1
1,17,2.2055776119232178,2.3100223541259766,0.0,0.05,1.953125,86.71875,0.05,-0.04626777127750808,0.0,0.08,0.059,0.059,1
1,10,2.008283853530884,2.3100223541259766,0.0,0.05,32.18884120171674,87.12446351931331,0.05,-0.13997664778820415,0.0,0.08,0.059,0.059,1
1,1,2.4136645793914795,2.3100223541259766,0.04388896318103435,0.05,2.7027027027027026,75.67567567567568,0.05,0.04388896318103435,0.04388896318103435,0.11511117054482747,0.06953335116344823,0.06953335116344823,1
1,11,2.2411322593688965,2.3100223541259766,0.0,0.05,1.5625,87.109375,0.05,-0.030275990373541367,0.0,0.08,0.059,0.059,1
1,7,2.067098617553711,2.3100223541259766,0.0,0.05,3.1578947368421053,57.89473684210526,0.05,-0.11111121105152043,0.0,0.08,0.059,0.059,1
1,15,2.268280506134033,2.3100223541259766,0.0,0.05,1.5625,92.1875,0.05,-0.018235143346979964,0.0,0.08,0.059,0.059,1
1,5,2.670694351196289,2.3100223541259766,0.14508129304880885,0.05,0.0,99.21875,0.05,0.14508129304880885,0.14508129304880885,0.1960650344390471,0.09381951033171412,0.09381951033171412,1
1,16,1.649580478668213,2.3100223541259766,0.0,0.05,99.609375,100.0,0.05,-0.3367361996329877,0.0,0.08,0.059,0.059,1
1,18,2.3647711277008057,2.3100223541259766,0.023424040806472018,0.05,17.96875,96.875,0.05,0.023424040806472018,0.023424040806472018,0.09873923264517762,0.06462176979355327,0.06462176979355327,1
1,6,2.137207269668579,2.3100223541259766,0.0,0.05,48.93617021276596,65.95744680851064,0.05,-0.0777572386600142,0.0,0.08,0.059,0.059,1
1,13,2.176102876663208,2.3100223541259766,0.0,0.05,11.875,55.625,0.05,-0.05972159557683803,0.0,0.08,0.059,0.059,1
1,4,2.161614418029785,2.3100223541259766,0.0,0.05,9.090909090909092,53.14685314685315,0.05,-0.06640184302593498,0.0,0.08,0.059,0.059,1
1,0,2.1272966861724854,2.3100223541259766,0.0,0.05,26.903553299492387,63.95939086294416,0.05,-0.08240518899333567,0.0,0.08,0.059,0.059,1
1,19,2.2332208156585693,2.3100223541259766,0.0,0.05,5.46875,98.828125,0.05,-0.03381234603757529,0.0,0.08,0.059,0.059,1
1,2,2.491525650024414,2.3100223541259766,0.07563803178608917,0.05,0.0,87.70491803278688,0.05,0.07563803178608917,0.07563803178608917,0.14051042542887135,0.0771531276286614,0.0771531276286614,1
1,9,2.1221652030944824,2.3100223541259766,0.0,0.05,49.609375,92.578125,0.05,-0.08482031151087714,0.0,0.08,0.059,0.059,1
1,3,2.294018030166626,2.3100223541259766,0.0,0.05,5.7894736842105265,96.3157894736842,0.05,-0.006952323184735834,0.0,0.08,0.059,0.059,1
1,12,2.072432518005371,2.3100223541259766,0.0,0.05,15.234375,91.796875,0.05,-0.1085341542771248,0.0,0.08,0.059,0.059,1
1,8,2.028247117996216,2.3100223541259766,0.0,0.05,75.390625,100.0,0.05,-0.13008526963549882,0.0,0.08,0.059,0.059,1
2,1,2.747037172317505,2.2959059834480287,0.17939540863146863,0.10205489807155246,16.216216216216218,64.86486486486487,0.05,0.17939540863146863,0.17939540863146863,0.22351632690517492,0.10205489807155246,0.10205489807155246,0
2,10,1.5096230506896973,2.2959059834480287,0.0,0.059,57.93991416309013,89.69957081545064,0.05,-0.4192675430168229,0.0,0.08,0.059,0.059,0
2,9,1.6929168701171875,2.2959059834480287,0.0,0.059,67.578125,94.140625,0.05,-0.3046745282627468,0.0,0.08,0.059,0.059,0
2,7,1.6949247121810913,2.2959059834480287,0.0,0.059,36.8421052631579,95.78947368421052,0.05,-0.3034892058452969,0.0,0.08,0.059,0.059,0
2,11,1.874613881111145,2.2959059834480287,0.0,0.059,16.796875,91.015625,0.05,-0.20272482052266963,0.0,0.08,0.059,0.059,0
2,8,1.5370687246322632,2.2959059834480287,0.0,0.059,91.015625,100.0,0.05,-0.40125035044739454,0.0,0.08,0.059,0.059,0
2,4,1.9814631938934326,2.2959059834480287,0.0,0.059,50.34965034965035,75.52447552447552,0.05,-0.14729197034713637,0.0,0.08,0.059,0.059,0
2,5,2.8824503421783447,2.2959059834480287,0.2275132151381512,0.11360317163315628,0.78125,96.875,0.05,0.2275132151381512,0.2275132151381512,0.262010572110521,0.11360317163315628,0.11360317163315628,0
2,13,1.777430772781372,2.2959059834480287,0.0,0.059,50.0,91.875,0.05,-0.25595859283183664,0.0,0.08,0.059,0.059,0
2,19,1.9200068712234497,2.2959059834480287,0.0,0.059,12.890625,99.609375,0.05,-0.17879876399509603,0.0,0.08,0.059,0.059,0
2,15,2.103012800216675,2.2959059834480287,0.0,0.059,7.421875,96.484375,0.05,-0.08775654589572346,0.0,0.08,0.059,0.059,0
2,0,1.8841147422790527,2.2959059834480287,0.0,0.059,42.63959390862944,85.78680203045685,0.05,-0.19766945084660772,0.0,0.08,0.059,0.059,0
2,14,1.7502906322479248,2.2959059834480287,0.0,0.059,42.1875,99.609375,0.05,-0.2713456785689291,0.0,0.08,0.059,0.059,0
2,2,2.696026086807251,2.2959059834480287,0.16065133882894891,0.09755632131894773,1.639344262295082,90.98360655737704,0.05,0.16065133882894891,0.16065133882894891,0.20852107106315915,0.09755632131894773,0.09755632131894773,0
2,6,1.7174440622329712,2.2959059834480287,0.0,0.059,78.72340425531915,81.91489361702128,0.05,-0.2902903528889971,0.0,0.08,0.059,0.059,0
2,3,1.8760708570480347,2.2959059834480287,0.0,0.059,26.31578947368421,97.36842105263158,0.05,-0.2019479085163993,0.0,0.08,0.059,0.059,0
2,17,2.005687952041626,2.2959059834480287,0.0,0.059,18.75,94.140625,0.05,-0.1351404088809043,0.0,0.08,0.059,0.059,0
2,18,2.395150899887085,2.2959059834480287,0.04231870527016387,0.06915648926483932,17.1875,98.4375,0.05,0.04231870527016387,0.04231870527016387,0.11385496421613109,0.06915648926483932,0.06915648926483932,0
2,16,0.8195310235023499,2.2959059834480287,0.0,0.059,98.4375,100.0,0.05,-1.0301505466888488,0.0,0.08,0.059,0.059,0
2,12,1.7216240167617798,2.2959059834480287,0.0,0.059,54.296875,91.796875,0.05,-0.2878594870458071,0.0,0.08,0.059,0.059,0
3,9,1.3765281438827515,2.2538496220111846,0.0,0.0653,77.34375,96.875,0.059,-0.49307520314361913,0.0,0.08,0.0653,0.0653,0
3,1,2.4794812202453613,2.2538496220111846,0.09540965516929555,0.11833674589071766,24.324324324324323,59.45945945945946,0.10205489807155246,0.09540965516929555,0.09540965516929555,0.15632772413543644,0.11833674589071766,0.11833674589071766,0
3,13,1.351577639579773,2.2538496220111846,0.0,0.0653,72.5,95.625,0.059,-0.5113671623204702,0.0,0.08,0.0653,0.0653,0
3,12,1.296355962753296,2.2538496220111846,0.0,0.0653,79.296875,98.046875,0.059,-0.5530824712240219,0.0,0.08,0.0653,0.0653,0
3,0,1.3731331825256348,2.2538496220111846,0.0,0.0653,68.52791878172589,92.89340101522842,0.059,-0.4955445712981337,0.0,0.08,0.0653,0.0653,0
3,4,1.4512163400650024,2.2538496220111846,0.0,0.0653,65.73426573426573,78.32167832167832,0.059,-0.44023763487535045,0.0,0.08,0.0653,0.0653,0
3,18,2.282181978225708,2.2538496220111846,0.012492295928208493,0.07540769350815756,20.3125,100.0,0.06915648926483932,0.012492295928208493,0.012492295928208493,0.0899938367425668,0.07540769350815756,0.07540769350815756,0
3,3,1.4384446144104004,2.2538496220111846,0.0,0.0653,60.526315789473685,98.94736842105263,0.059,-0.4490772938748468,0.0,0.08,0.0653,0.0653,0
3,15,1.5501816272735596,2.2538496220111846,0.0,0.0653,46.484375,96.875,0.059,-0.37426759237017737,0.0,0.08,0.0653,0.0653,0
3,8,1.0484848022460938,2.2538496220111846,0.0,0.0653,96.875,100.0,0.059,-0.7652936157392242,0.0,0.08,0.0653,0.0653,0
3,7,1.3084827661514282,2.2538496220111846,0.0,0.0653,68.42105263157895,93.6842105263158,0.059,-0.5437714219202194,0.0,0.08,0.0653,0.0653,0
3,17,1.5254865884780884,2.2538496220111846,0.0,0.0653,57.03125,92.96875,0.059,-0.3903262616403407,0.0,0.08,0.0653,0.0653,0
3,19,1.4334080219268799,2.2538496220111846,0.0,0.0653,75.390625,100.0,0.059,-0.4525848538021725,0.0,0.08,0.0653,0.0653,0
3,16,0.46991482377052307,2.2538496220111846,0.0,0.0653,97.65625,100.0,0.059,-1.5678435072146115,0.0,0.08,0.0653,0.0653,0
3,5,2.7296299934387207,2.2538496220111846,0.19152636836249057,0.14948854855020713,0.390625,98.828125,0.11360317163315628,0.19152636836249057,0.19152636836249057,0.23322109468999247,0.14948854855020713,0.14948854855020713,0
3,2,2.5291454792022705,2.2538496220111846,0.11524179261171304,0.11994745515007454,3.278688524590164,83.60655737704919,0.09755632131894773,0.11524179261171304,0.11524179261171304,0.17219343408937043,0.11994745515007454,0.11994745515007454,0
3,11,1.34787917137146,2.2538496220111846,0.0,0.0653,64.84375,91.015625,0.059,-0.5141073213628825,0.0,0.08,0.0653,0.0653,0
3,14,1.291854977607727,2.2538496220111846,0.0,0.0653,70.3125,98.828125,0.059,-0.5565605414059809,0.0,0.08,0.0653,0.0653,0
3,6,1.2871609926223755,2.2538496220111846,0.0,0.0653,75.53191489361703,86.17021276595744,0.059,-0.5602006818210209,0.0,0.08,0.0653,0.0653,0
3,10,1.062197208404541,2.2538496220111846,0.0,0.0653,76.39484978540773,94.4206008583691,0.059,-0.7523000914823124,0.0,0.08,0.0653,0.0653,0
4,11,0.9673061370849609,2.1659477261304856,0.0,0.06971,83.203125,95.703125,0.0653,-0.8060982580013513,0.0,0.08,0.06971,0.06971,0
4,8,0.6697438955307007,2.1659477261304856,0.0,0.06971,97.265625,100.0,0.0653,-1.173717889294418,0.0,0.08,0.06971,0.06971,0
4,14,0.9263148903846741,2.1659477261304856,0.0,0.06971,87.5,100.0,0.0653,-0.8493990560121771,0.0,0.08,0.06971,0.06971,0
4,9,0.9626089930534363,2.1659477261304856,0.0,0.06971,77.34375,97.65625,0.0653,-0.810965988384221,0.0,0.08,0.06971,0.06971,0
4,17,1.1630700826644897,2.1659477261304856,0.0,0.06971,65.625,94.53125,0.0653,-0.6217948785138797,0.0,0.08,0.06971,0.06971,0
4,6,1.0069596767425537,2.1659477261304856,0.0,0.06971,89.36170212765957,82.97872340425532,0.0653,-0.765922439168563,0.0,0.08,0.06971,0.06971,0
4,16,0.3210650682449341,2.1659477261304856,0.0,0.06971,98.046875,100.0,0.0653,-1.9089694595121356,0.0,0.08,0.06971,0.06971,0
4,7,1.038311243057251,2.1659477261304856,0.0,0.06971,73.6842105263158,93.6842105263158,0.0653,-0.7352624208455837,0.0,0.08,0.06971,0.06971,0
4,18,2.082725763320923,2.1659477261304856,0.0,0.07678538545571029,19.921875,99.609375,0.07540769350815756,-0.039180515335088706,0.0,0.08,0.07678538545571029,0.07678538545571029,0
4,12,0.9167916774749756,2.1659477261304856,0.0,0.06971,83.203125,99.21875,0.0653,-0.8597330190304462,0.0,0.08,0.06971,0.06971,0
4,13,0.8975380063056946,2.1659477261304856,0.0,0.06971,83.125,96.875,0.0653,-0.8809578205933866,0.0,0.08,0.06971,0.06971,0
4,4,1.3693751096725464,2.1659477261304856,0.0,0.06971,64.33566433566433,91.60839160839161,0.0653,-0.4585035003177003,0.0,0.08,0.06971,0.06971,0
4,19,1.0222851037979126,2.1659477261304856,0.0,0.06971,83.59375,99.609375,0.0653,-0.7508175898836306,0.0,0.08,0.06971,0.06971,0
4,2,2.404200792312622,2.1659477261304856,0.1043595225235067,0.13300950401069378,4.098360655737705,97.54098360655738,0.11994745515007454,0.1043595225235067,0.1043595225235067,0.16348761801880538,0.13300950401069378,0.13300950401069378,0
4,15,1.2545490264892578,2.1659477261304856,0.0,0.06971,64.84375,96.875,0.0653,-0.5460818445440734,0.0,0.08,0.06971,0.06971,0
4,5,2.6893601417541504,2.1659477261304856,0.21644528444132904,0.18058885225106397,1.5625,99.609375,0.14948854855020713,0.21644528444132904,0.21644528444132904,0.2531562275530633,0.18058885225106397,0.18058885225106397,0
4,1,2.410717010498047,2.1659477261304856,0.10706620305407362,0.13253161085648002,10.81081081081081,59.45945945945946,0.11833674589071766,0.10706620305407362,0.10706620305407362,0.1656529624432589,0.13253161085648002,0.13253161085648002,0
4,0,1.1389154195785522,2.1659477261304856,0.0,0.06971,73.60406091370558,89.84771573604061,0.0653,-0.6427815870805272,0.0,0.08,0.06971,0.06971,0
4,10,0.691229522228241,2.1659477261304856,0.0,0.06971,87.98283261802575,95.27896995708154,0.0653,-1.1421413554577502,0.0,0.08,0.06971,0.06971,0
4,3,1.0354347229003906,2.1659477261304856,0.0,0.06971,72.63157894736842,99.47368421052632,0.0653,-0.7380366487608909,0.0,0.08,0.06971,0.06971,0
5,10,0.5613002777099609,2.052238944852352,0.0,0.072797,87.55364806866953,97.42489270386267,0.06971,-1.2964306147181344,0.0,0.08,0.072797,0.072797,0
5,17,0.8974506855010986,2.052238944852352,0.0,0.072797,72.265625,97.65625,0.06971,-0.8271284657654208,0.0,0.08,0.072797,0.072797,0
5,19,0.7576497793197632,2.052238944852352,0.0,0.072797,92.1875,100.0,0.06971,-0.9964653897325603,0.0,0.08,0.072797,0.072797,0
5,2,1.9660730361938477,2.052238944852352,0.0,0.11710665280748564,8.19672131147541,100.0,0.13300950401069378,-0.04289319449985152,0.0,0.08,0.11710665280748564,0.11710665280748564,0
5,13,0.7850900888442993,2.052238944852352,0.0,0.072797,83.125,93.125,0.06971,-0.9608881624500042,0.0,0.08,0.072797,0.072797,0
5,7,0.8292789459228516,2.052238944852352,0.0,0.072797,85.26315789473684,94.73684210526316,0.06971,-0.9061300538198613,0.0,0.08,0.072797,0.072797,0
5,3,0.7790800929069519,2.052238944852352,0.0,0.072797,80.52631578947368,98.94736842105263,0.06971,-0.9685727807945554,0.0,0.08,0.072797,0.072797,0
5,5,2.531341552734375,2.052238944852352,0.209818053888692,0.20076852950903085,0.390625,98.828125,0.18058885225106397,0.209818053888692,0.209818053888692,0.24785444311095362,0.20076852950903085,0.20076852950903085,0
5,15,0.9383626580238342,2.052238944852352,0.0,0.072797,76.5625,97.65625,0.06971,-0.7825501352794103,0.0,0.08,0.072797,0.072797,0
5,4,1.1556155681610107,2.052238944852352,0.0,0.072797,69.93006993006993,90.9090909090909,0.06971,-0.5742982001604227,0.0,0.08,0.072797,0.072797,0
5,1,2.0093441009521484,2.052238944852352,0.0,0.11677212759953601,16.216216216216218,78.37837837837837,0.13253161085648002,-0.021123014401698434,0.0,0.08,0.11677212759953601,0.11677212759953601,0
5,16,0.22301791608333588,2.052238944852352,0.0,0.072797,98.4375,100.0,0.06971,-2.219434494990768,0.0,0.08,0.072797,0.072797,0
5,18,1.7842553853988647,2.052238944852352,0.0,0.0777497698189972,19.921875,98.046875,0.07678538545571029,-0.1399301874944618,0.0,0.08,0.0777497698189972,0.0777497698189972,0
5,14,0.6867620348930359,2.052238944852352,0.0,0.072797,87.890625,99.609375,0.06971,-1.0946987854446077,0.0,0.08,0.072797,0.072797,0
5,11,0.7418516278266907,2.052238944852352,0.0,0.072797,76.171875,98.4375,0.06971,-1.0175373750897536,0.0,0.08,0.072797,0.072797,0
5,9,0.8198724985122681,2.052238944852352,0.0,0.072797,75.0,96.484375,0.06971,-0.9175377984976634,0.0,0.08,0.072797,0.072797,0
5,0,0.8864992260932922,2.052238944852352,0.0,0.072797,78.68020304568527,93.90862944162437,0.06971,-0.8394063854410341,0.0,0.08,0.072797,0.072797,0
5,12,0.7167169451713562,2.052238944852352,0.0,0.072797,79.296875,98.046875,0.06971,-1.0520056492456886,0.0,0.08,0.072797,0.072797,0
5,8,0.4214687645435333,2.052238944852352,0.0,0.072797,97.65625,100.0,0.06971,-1.5829409562935612,0.0,0.08,0.072797,0.072797,0
5,6,0.7494538426399231,2.052238944852352,0.0,0.072797,77.65957446808511,93.61702127659575,0.06971,-1.0073419044576184,0.0,0.08,0.072797,0.072797,0
6,3,0.5670374035835266,1.927263179734945,0.0,0.0749579,82.63157894736842,98.94736842105263,0.072797,-1.223430952420095,0.0,0.08,0.0749579,0.0749579,0
6,6,0.8051891922950745,1.927263179734945,0.0,0.0749579,78.72340425531915,94.68085106382979,0.072797,-0.8727789554177076,0.0,0.08,0.0749579,0.0749579,0
6,17,0.7419381141662598,1.927263179734945,0.0,0.0749579,74.21875,98.4375,0.072797,-0.9545903900483738,0.0,0.08,0.0749579,0.0749579,0
6,1,1.8054523468017578,1.927263179734945,0.0,0.1057404893196752,29.72972972972973,78.37837837837837,0.11677212759953601,-0.06528978657174235,0.0,0.08,0.1057404893196752,0.1057404893196752,0
6,4,0.7156030535697937,1.927263179734945,0.0,0.0749579,66.43356643356644,95.8041958041958,0.072797,-0.9907306063812044,0.0,0.08,0.0749579,0.0749579,0
6,12,0.5003839731216431,1.927263179734945,0.0,0.0749579,85.15625,97.65625,0.072797,-1.3484804691967636,0.0,0.08,0.0749579,0.0749579,0
6,14,0.5945826172828674,1.927263179734945,0.0,0.0749579,87.890625,99.609375,0.072797,-1.1759965464758235,0.0,0.08,0.0749579,0.0749579,0
6,16,0.1970200091600418,1.927263179734945,0.0,0.0749579,98.828125,100.0,0.072797,-2.2805508954503035,0.0,0.08,0.0749579,0.0749579,0
6,19,0.5968862175941467,1.927263179734945,0.0,0.0749579,92.578125,100.0,0.072797,-1.17212971744004,0.0,0.08,0.0749579,0.0749579,0
6,11,0.5812128782272339,1.927263179734945,0.0,0.0749579,88.28125,98.4375,0.072797,-1.1987391324750822,0.0,0.08,0.0749579,0.0749579,0
6,7,0.6933775544166565,1.927263179734945,0.0,0.0749579,84.21052631578948,93.6842105263158,0.072797,-1.0222815623028878,0.0,0.08,0.0749579,0.0749579,0
6,18,1.4984784126281738,1.927263179734945,0.0,0.07842483887329804,30.46875,99.21875,0.0777497698189972,-0.2516507517878721,0.0,0.08,0.07842483887329804,0.07842483887329804,0
6,10,0.4389815330505371,1.927263179734945,0.0,0.0749579,88.8412017167382,96.56652360515021,0.072797,-1.479398870100785,0.0,0.08,0.0749579,0.0749579,0
6,9,0.5580320358276367,1.927263179734945,0.0,0.0749579,80.46875,98.4375,0.072797,-1.2394398485961386,0.0,0.08,0.0749579,0.0749579,0
6,15,0.7355545163154602,1.927263179734945,0.0,0.0749579,77.734375,98.4375,0.072797,-0.9632315668022103,0.0,0.08,0.0749579,0.0749579,0
6,0,0.7133426070213318,1.927263179734945,0.0,0.0749579,76.6497461928934,96.44670050761421,0.072797,-0.993894405348069,0.0,0.08,0.0749579,0.0749579,0
6,13,0.5634418725967407,1.927263179734945,0.0,0.0749579,83.75,98.125,0.072797,-1.2297920474404394,0.0,0.08,0.0749579,0.0749579,0
6,5,2.4109771251678467,1.927263179734945,0.22393115546200823,0.21828144796720356,2.34375,98.046875,0.20076852950903085,0.22393115546200823,0.22393115546200823,0.2591449243696066,0.21828144796720356,0.21828144796720356,0
6,8,0.30003684759140015,1.927263179734945,0.0,0.0749579,97.265625,100.0,0.072797,-1.859950913379357,0.0,0.08,0.0749579,0.0749579,0
6,2,1.7014445066452026,1.927263179734945,0.0,0.10597465696523994,23.770491803278688,100.0,0.11710665280748564,-0.12462335421308841,0.0,0.08,0.10597465696523994,0.10597465696523994,0
7,5,2.261219024658203,1.7990500503619908,0.2286452823762233,0.23167188134733607,0.390625,97.65625,0.21828144796720356,0.2286452823762233,0.2286452823762233,0.2629162259009787,0.23167188134733607,0.23167188134733607,0
7,1,1.5633388757705688,1.7990500503619908,0.0,0.09801834252377264,29.72972972972973,86.48648648648648,0.1057404893196752,-0.14043493590339304,0.0,0.08,0.09801834252377264,0.09801834252377264,0
7,18,1.3816219568252563,1.7990500503619908,0.0,0.07889738721130862,36.71875,100.0,0.07842483887329804,-0.2640006340737886,0.0,0.08,0.07889738721130862,0.07889738721130862,0
7,13,0.43890732526779175,1.7990500503619908,0.0,0.07647053,88.75,98.75,0.0749579,-1.4107257509351037,0.0,0.08,0.07647053,0.07647053,0
7,0,0.5457137823104858,1.7990500503619908,0.0,0.07647053,82.23350253807106,94.41624365482234,0.0749579,-1.1929194119331001,0.0,0.08,0.07647053,0.07647053,0
7,3,0.5720348358154297,1.7990500503619908,0.0,0.07647053,85.78947368421052,99.47368421052632,0.0749579,-1.1458141515528706,0.0,0.08,0.07647053,0.07647053,0
7,4,0.8915102481842041,1.7990500503619908,0.0,0.07647053,63.63636363636363,96.5034965034965,0.0749579,-0.7020971164414899,0.0,0.08,0.07647053,0.07647053,0
7,16,0.17721125483512878,1.7990500503619908,0.0,0.07647053,99.21875,100.0,0.0749579,-2.317671452880161,0.0,0.08,0.07647053,0.07647053,0
7,6,0.4847051799297333,1.7990500503619908,0.0,0.07647053,84.04255319148936,97.87234042553192,0.0749579,-1.3114732100316555,0.0,0.08,0.07647053,0.07647053,0
7,19,0.43539562821388245,1.7990500503619908,0.0,0.07647053,92.578125,99.609375,0.0749579,-1.4187589294673195,0.0,0.08,0.07647053,0.07647053,0
7,17,0.614216685295105,1.7990500503619908,0.0,0.07647053,82.8125,97.265625,0.0749579,-1.0746662705173744,0.0,0.08,0.07647053,0.07647053,0
7,11,0.458638459444046,1.7990500503619908,0.0,0.07647053,82.421875,98.4375,0.0749579,-1.3667518089022952,0.0,0.08,0.07647053,0.07647053,0
7,15,0.6596665978431702,1.7990500503619908,0.0,0.07647053,80.859375,97.65625,0.0749579,-1.003279492572004,0.0,0.08,0.07647053,0.07647053,0
7,7,0.7192944288253784,1.7990500503619908,0.0,0.07647053,86.3157894736842,97.89473684210526,0.0749579,-0.916743274861738,0.0,0.08,0.07647053,0.07647053,0
7,9,0.5191759467124939,1.7990500503619908,0.0,0.07647053,80.078125,98.4375,0.0749579,-1.242771204352244,0.0,0.08,0.07647053,0.07647053,0
7,14,0.4652508497238159,1.7990500503619908,0.0,0.07647053,87.5,100.0,0.0749579,-1.3524373169393173,0.0,0.08,0.07647053,0.07647053,0
7,2,1.5023362636566162,1.7990500503619908,0.0,0.09818225987566795,36.0655737704918,97.54098360655738,0.10597465696523994,-0.18023736914325336,0.0,0.08,0.09818225987566795,0.09818225987566795,0
7,8,0.24394306540489197,1.7990500503619908,0.0,0.07647053,96.875,100.0,0.0749579,-1.998079159780743,0.0,0.08,0.07647053,0.07647053,0
7,10,0.3860720098018646,1.7990500503619908,0.0,0.07647053,90.98712446351931,97.42489270386267,0.0749579,-1.5389901284763483,0.0,0.08,0.07647053,0.07647053,0
7,12,0.5590111017227173,1.7990500503619908,0.0,0.07647053,86.71875,98.828125,0.0749579,-1.1688447095192027,0.0,0.08,0.07647053,0.07647053,0
8,18,1.2263494729995728,1.674381289527452,0.0,0.07922817104791603,55.078125,98.828125,0.07889738721130862,-0.31140186719027013,0.0,0.08,0.07922817104791603,0.07922817104791603,0
8,10,0.32932305335998535,1.674381289527452,0.0,0.07752937099999999,91.84549356223177,96.99570815450643,0.07647053,-1.6261597781436326,0.0,0.08,0.07752937099999999,0.07752937099999999,0
8,13,0.38013413548469543,1.674381289527452,0.0,0.07752937099999999,85.625,96.875,0.07647053,-1.4826747977486507,0.0,0.08,0.07752937099999999,0.07752937099999999,0
8,17,0.5716711282730103,1.674381289527452,0.0,0.07752937099999999,81.25,98.828125,0.07647053,-1.0746351096543048,0.0,0.08,0.07752937099999999,0.07752937099999999,0
8,4,0.6531264781951904,1.674381289527452,0.0,0.07752937099999999,69.93006993006993,97.2027972027972,0.07647053,-0.9414281888806083,0.0,0.08,0.07752937099999999,0.07752937099999999,0
8,2,1.5145682096481323,1.674381289527452,0.0,0.09272758191296757,41.80327868852459,99.18032786885246,0.09818225987566795,-0.10031332881789798,0.0,0.08,0.09272758191296757,0.09272758191296757,0
8,9,0.4934138357639313,1.674381289527452,0.0,0.07752937099999999,84.375,98.046875,0.07647053,-1.2218507369604854,0.0,0.08,0.07752937099999999,0.07752937099999999,0
8,15,0.5466339588165283,1.674381289527452,0.0,0.07752937099999999,85.9375,98.4375,0.07647053,-1.119419585386796,0.0,0.08,0.07752937099999999,0.07752937099999999,0
8,7,0.44944530725479126,1.674381289527452,0.0,0.07752937099999999,85.26315789473684,96.84210526315789,0.07647053,-1.3151848084770195,0.0,0.08,0.07752937099999999,0.07752937099999999,0
8,19,0.40389183163642883,1.674381289527452,0.0,0.07752937099999999,94.140625,99.609375,0.07647053,-1.4220518792111716,0.0,0.08,0.07752937099999999,0.07752937099999999,0
8,16,0.1270933449268341,1.674381289527452,0.0,0.07752937099999999,97.65625,100.0,0.07647053,-2.5782771080225464,0.0,0.08,0.07752937099999999,0.07752937099999999,0
8,1,1.4724270105361938,1.674381289527452,0.0,0.09261283976664084,35.13513513513514,89.1891891891892,0.09801834252377264,-0.12853164991533295,0.0,0.08,0.09261283976664084,0.09261283976664084,0
8,0,0.6136425137519836,1.674381289527452,0.0,0.07752937099999999,80.71065989847716,96.44670050761421,0.07647053,-1.0037864528828024,0.0,0.08,0.07752937099999999,0.07752937099999999,0
8,5,2.070934534072876,1.674381289527452,0.2125562523362921,0.23718381750384537,1.5625,98.828125,0.23167188134733607,0.2125562523362921,0.2125562523362921,0.2500450018690337,0.23718381750384537,0.23718381750384537,0
8,14,0.4813966453075409,1.674381289527452,0.0,0.07752937099999999,89.0625,100.0,0.07647053,-1.246507425127464,0.0,0.08,0.07752937099999999,0.07752937099999999,0
8,6,0.5514482259750366,1.674381289527452,0.0,0.07752937099999999,81.91489361702128,97.87234042553192,0.07647053,-1.1106510287452087,0.0,0.08,0.07752937099999999,0.07752937099999999,0
8,3,0.6340242028236389,1.674381289527452,0.0,0.07752937099999999,88.94736842105263,99.47368421052632,0.07647053,-0.9711118583260088,0.0,0.08,0.07752937099999999,0.07752937099999999,0
8,8,0.25696396827697754,1.674381289527452,0.0,0.07752937099999999,97.265625,100.0,0.07647053,-1.874263089882387,0.0,0.08,0.07752937099999999,0.07752937099999999,0
8,11,0.4744037091732025,1.674381289527452,0.0,0.07752937099999999,83.984375,98.046875,0.07647053,-1.2611403152136194,0.0,0.08,0.07752937099999999,0.07752937099999999,0
8,12,0.4226119816303253,1.674381289527452,0.0,0.07752937099999999,90.625,100.0,0.07647053,-1.376744521987379,0.0,0.08,0.07752937099999999,0.07752937099999999,0
9,15,0.5095547437667847,1.5589455503037297,0.0,0.07827055969999999,85.15625,99.21875,0.07752937099999999,-1.1182276362481973,0.0,0.08,0.07827055969999999,0.07827055969999999,0
9,7,0.466124951839447,1.5589455503037297,0.0,0.07827055969999999,91.57894736842105,95.78947368421052,0.07752937099999999,-1.207311192191155,0.0,0.08,0.07827055969999999,0.07827055969999999,0
9,2,1.276638150215149,1.5589455503037297,0.0,0.08890930733907729,46.721311475409834,98.36065573770492,0.09272758191296757,-0.19977948437840684,0.0,0.08,0.08890930733907729,0.08890930733907729,0
9,6,0.3586595356464386,1.5589455503037297,0.0,0.07827055969999999,88.29787234042553,94.68085106382979,0.07752937099999999,-1.4693913511115915,0.0,0.08,0.07827055969999999,0.07827055969999999,0
9,17,0.5018845200538635,1.5589455503037297,0.0,0.07827055969999999,85.15625,97.265625,0.07752937099999999,-1.1333948754024041,0.0,0.08,0.07827055969999999,0.07827055969999999,0
9,16,0.11269766092300415,1.5589455503037297,0.0,0.07827055969999999,96.875,100.0,0.07752937099999999,-2.627056194157093,0.0,0.08,0.07827055969999999,0.07827055969999999,0
9,8,0.1963287740945816,1.5589455503037297,0.0,0.07827055969999999,98.828125,99.609375,0.07752937099999999,-2.0719742251028124,0.0,0.08,0.07827055969999999,0.07827055969999999,0
9,13,0.41143694519996643,1.5589455503037297,0.0,0.07827055969999999,87.5,96.875,0.07752937099999999,-1.3321091477332918,0.0,0.08,0.07827055969999999,0.07827055969999999,0
9,1,1.351557970046997,1.5589455503037297,0.0,0.08882898783664858,35.13513513513514,86.48648648648648,0.09261283976664084,-0.14275168351047537,0.0,0.08,0.08882898783664858,0.08882898783664858,0
9,4,0.6773114800453186,1.5589455503037297,0.0,0.07827055969999999,67.13286713286713,95.1048951048951,0.07752937099999999,-0.8336336782610841,0.0,0.08,0.07827055969999999,0.07827055969999999,0
9,9,0.36378875374794006,1.5589455503037297,0.0,0.07827055969999999,85.546875,99.609375,0.07752937099999999,-1.4551915690100092,0.0,0.08,0.07827055969999999,0.07827055969999999,0
9,3,0.5650779604911804,1.5589455503037297,0.0,0.07827055969999999,83.6842105263158,99.47368421052632,0.07752937099999999,-1.0148012263279549,0.0,0.08,0.07827055969999999,0.07827055969999999,0
9,0,0.5567367076873779,1.5589455503037297,0.0,0.07827055969999999,83.75634517766497,95.93908629441624,0.07752937099999999,-1.0296724998400488,0.0,0.08,0.07827055969999999,0.07827055969999999,0
9,5,1.9309111833572388,1.5589455503037297,0.21398234257290852,0.24138443447018978,2.734375,98.046875,0.23718381750384537,0.21398234257290852,0.21398234257290852,0.2511858740583268,0.24138443447018978,0.24138443447018978,0
9,14,0.39041048288345337,1.5589455503037297,0.0,0.07827055969999999,87.5,99.609375,0.07752937099999999,-1.3845662173818036,0.0,0.08,0.07827055969999999,0.07827055969999999,0
9,19,0.3579966425895691,1.5589455503037297,0.0,0.07827055969999999,95.3125,100.0,0.07752937099999999,-1.4712413127739783,0.0,0.08,0.07827055969999999,0.07827055969999999,0
9,11,0.3482019305229187,1.5589455503037297,0.0,0.07827055969999999,89.453125,99.21875,0.07752937099999999,-1.4989823484915354,0.0,0.08,0.07827055969999999,0.07827055969999999,0
9,18,1.220641851425171,1.5589455503037297,0.0,0.07945971973354121,60.15625,99.609375,0.07922817104791603,-0.2446328335233829,0.0,0.08,0.07945971973354121,0.07945971973354121,0
9,12,0.39268067479133606,1.5589455503037297,0.0,0.07827055969999999,87.5,98.828125,0.07752937099999999,-1.3787681741081421,0.0,0.08,0.07827055969999999,0.07827055969999999,0
9,10,0.29113349318504333,1.5589455503037297,0.0,0.07827055969999999,95.27896995708154,96.99570815450643,0.07752937099999999,-1.6779830130237803,0.0,0.08,0.07827055969999999,0.07827055969999999,0
10,7,0.3370878994464874,1.4469290901253273,0.0,0.07878939179,88.42105263157895,96.84210526315789,0.07827055969999999,-1.4568549723646664,0.0,0.08,0.07878939179,0.07878939179,0
10,2,1.1559966802597046,1.4469290901253273,0.0,0.0862365151373541,56.557377049180324,98.36065573770492,0.08890930733907729,-0.2244805414598346,0.0,0.08,0.0862365151373541,0.0862365151373541,0
10,4,0.6411287784576416,1.4469290901253273,0.0,0.07878939179,72.02797202797203,95.8041958041958,0.07827055969999999,-0.8139683728209294,0.0,0.08,0.07878939179,0.07878939179,0
10,1,1.4421141147613525,1.4469290901253273,0.0,0.08618029148565401,56.75675675675676,94.5945945945946,0.08882898783664858,-0.0033332694925688596,0.0,0.08,0.08618029148565401,0.08618029148565401,0
10,0,0.526385486125946,1.4469290901253273,0.0,0.07878939179,84.77157360406092,95.43147208121827,0.07827055969999999,-1.0111649009116295,0.0,0.08,0.07878939179,0.07878939179,0
10,13,0.39185598492622375,1.4469290901253273,0.0,0.07878939179,90.625,97.5,0.07827055969999999,-1.3063043151757086,0.0,0.08,0.07878939179,0.07878939179,0
10,9,0.3975352644920349,1.4469290901253273,0.0,0.07878939179,86.328125,98.828125,0.07827055969999999,-1.2919150565733026,0.0,0.08,0.07878939179,0.07878939179,0
10,10,0.32126784324645996,1.4469290901253273,0.0,0.07878939179,91.84549356223177,98.28326180257511,0.07827055969999999,-1.5049235186176357,0.0,0.08,0.07878939179,0.07878939179,0
10,15,0.4109435975551605,1.4469290901253273,0.0,0.07878939179,88.671875,98.828125,0.07827055969999999,-1.2587427304035337,0.0,0.08,0.07878939179,0.07878939179,0
10,12,0.2753566801548004,1.4469290901253273,0.0,0.07878939179,90.234375,98.828125,0.07827055969999999,-1.6591314152652972,0.0,0.08,0.07878939179,0.07878939179,0
10,3,0.4536541700363159,1.4469290901253273,0.0,0.07878939179,89.47368421052632,99.47368421052632,0.07827055969999999,-1.1598635377857982,0.0,0.08,0.07878939179,0.07878939179,0
10,14,0.2650250494480133,1.4469290901253273,0.0,0.07878939179,92.1875,100.0,0.07827055969999999,-1.6973743421208167,0.0,0.08,0.07878939179,0.07878939179,0
10,16,0.17583979666233063,1.4469290901253273,0.0,0.07878939179,97.265625,100.0,0.07827055969999999,-2.107625336445249,0.0,0.08,0.07878939179,0.07878939179,0
10,5,1.715933918952942,1.4469290901253273,0.1705140487745569,0.2338924758350265,6.640625,99.609375,0.24138443447018978,0.1705140487745569,0.1705140487745569,0.21641123901964554,0.2338924758350265,0.2338924758350265,0
10,17,0.4470018446445465,1.4469290901253273,0.0,0.07878939179,87.890625,98.828125,0.07827055969999999,-1.1746359838930107,0.0,0.08,0.07878939179,0.07878939179,0
10,18,0.9820031523704529,1.4469290901253273,0.0,0.07962180381347884,61.328125,98.828125,0.07945971973354121,-0.3876041989051266,0.0,0.08,0.07962180381347884,0.07962180381347884,0
10,19,0.35234302282333374,1.4469290901253273,0.0,0.07878939179,94.53125,100.0,0.07827055969999999,-1.412593501467807,0.0,0.08,0.07878939179,0.07878939179,0
10,11,0.2452431321144104,1.4469290901253273,0.0,0.07878939179,91.40625,98.4375,0.07827055969999999,-1.7749485923726593,0.0,0.08,0.07878939179,0.07878939179,0
10,6,0.44081956148147583,1.4469290901253273,0.0,0.07878939179,89.36170212765957,93.61702127659575,0.07827055969999999,-1.1885630708252555,0.0,0.08,0.07878939179,0.07878939179,0
10,8,0.18577733635902405,1.4469290901253273,0.0,0.07878939179,96.875,100.0,0.07827055969999999,-2.05264983351532,0.0,0.08,0.07878939179,0.07878939179,0
11,4,0.5173103213310242,1.3426601242151546,0.0,0.07915257425299999,69.93006993006993,97.2027972027972,0.07878939179,-0.9537651514236125,0.0,0.08,0.07915257425299999,0.07915257425299999,0
11,10,0.2605295479297638,1.3426601242151546,0.0,0.07915257425299999,90.98712446351931,98.71244635193133,0.07878939179,-1.6396917789790915,0.0,0.08,0.07915257425299999,0.07915257425299999,0
11,16,0.09284791350364685,1.3426601242151546,0.0,0.07915257425299999,98.828125,100.0,0.07878939179,-2.671445176316934,0.0,0.08,0.07915257425299999,0.07915257425299999,0
11,17,0.550057590007782,1.3426601242151546,0.0,0.07915257425299999,84.375,98.4375,0.07878939179,-0.8923850998469717,0.0,0.08,0.07915257425299999,0.07915257425299999,0
11,11,0.27656692266464233,1.3426601242151546,0.0,0.07915257425299999,92.578125,98.4375,0.07878939179,-1.5799552370890781,0.0,0.08,0.07915257425299999,0.07915257425299999,0
11,3,0.36147990822792053,1.3426601242151546,0.0,0.07915257425299999,89.47368421052632,97.89473684210526,0.07878939179,-1.3122016110577874,0.0,0.08,0.07915257425299999,0.07915257425299999,0
11,12,0.4434790313243866,1.3426601242151546,0.0,0.07915257425299999,88.28125,100.0,0.07878939179,-1.107757556686074,0.0,0.08,0.07915257425299999,0.07915257425299999,0
11,1,0.9582155346870422,1.3426601242151546,0.0,0.0843262040399578,54.054054054054056,81.08108108108108,0.08618029148565401,-0.33733535275932586,0.0,0.08,0.0843262040399578,0.0843262040399578,0
11,13,0.3460841774940491,1.3426601242151546,0.0,0.07915257425299999,88.75,98.75,0.07878939179,-1.3557260379589802,0.0,0.08,0.07915257425299999,0.07915257425299999,0
11,9,0.32110828161239624,1.3426601242151546,0.0,0.07915257425299999,88.671875,99.609375,0.07878939179,-1.43062967659096,0.0,0.08,0.07915257425299999,0.07915257425299999,0
11,15,0.47997140884399414,1.3426601242151546,0.0,0.07915257425299999,88.28125,96.875,0.07878939179,-1.0286815418227395,0.0,0.08,0.07915257425299999,0.07915257425299999,0
11,19,0.2981395721435547,1.3426601242151546,0.0,0.07915257425299999,90.625,100.0,0.07878939179,-1.5048463265799361,0.0,0.08,0.07915257425299999,0.07915257425299999,0
11,14,0.3285435140132904,1.3426601242151546,0.0,0.07915257425299999,92.96875,100.0,0.07878939179,-1.4077387775374848,0.0,0.08,0.07915257425299999,0.07915257425299999,0
11,2,0.9590702652931213,1.3426601242151546,0.0,0.08436556059614786,64.75409836065573,98.36065573770492,0.0862365151373541,-0.33644374791481607,0.0,0.08,0.08436556059614786,0.08436556059614786,0
11,0,0.39709845185279846,1.3426601242151546,0.0,0.07915257425299999,88.83248730964468,97.96954314720813,0.07878939179,-1.2182238351976613,0.0,0.08,0.07915257425299999,0.07915257425299999,0
11,8,0.13340091705322266,1.3426601242151546,0.0,0.07915257425299999,98.4375,100.0,0.07878939179,-2.3090490169950115,0.0,0.08,0.07915257425299999,0.07915257425299999,0
11,7,0.3999045789241791,1.3426601242151546,0.0,0.07915257425299999,90.52631578947368,97.89473684210526,0.07878939179,-1.2111821089106696,0.0,0.08,0.07915257425299999,0.07915257425299999,0
11,18,0.8828657269477844,1.3426601242151546,0.0,0.07973526266943519,66.40625,100.0,0.07962180381347884,-0.41923496412092554,0.0,0.08,0.07973526266943519,0.07973526266943519,0
11,6,0.3163128197193146,1.3426601242151546,0.0,0.07915257425299999,95.74468085106383,94.68085106382979,0.07878939179,-1.4456764085183786,0.0,0.08,0.07915257425299999,0.07915257425299999,0
11,5,1.6470342874526978,1.3426601242151546,0.20432345428111953,0.23676236211198723,8.59375,98.4375,0.2338924758350265,0.20432345428111953,0.20432345428111953,0.24345876342489564,0.23676236211198723,0.23676236211198723,0
12,18,0.7941051125526428,1.246323029797675,0.0,0.07981468386860463,76.953125,98.046875,0.07973526266943519,-0.45073707857425355,0.0,0.08,0.07981468386860463,0.07981468386860463,0
12,14,0.38458171486854553,1.246323029797675,0.0,0.07940680197709998,93.75,100.0,0.07915257425299999,-1.1757966124365815,0.0,0.08,0.07940680197709998,0.07940680197709998,0
12,13,0.26295825839042664,1.246323029797675,0.0,0.07940680197709998,95.625,98.75,0.07915257425299999,-1.5559575829538774,0.0,0.08,0.07940680197709998,0.07940680197709998,0
12,6,0.31592732667922974,1.246323029797675,0.0,0.07940680197709998,86.17021276595744,97.87234042553192,0.07915257425299999,-1.37244068729244,0.0,0.08,0.07940680197709998,0.07940680197709998,0
12,8,0.15343432128429413,1.246323029797675,0.0,0.07940680197709998,97.265625,100.0,0.07915257425299999,-2.0946802609518707,0.0,0.08,0.07940680197709998,0.07940680197709998,0
12,9,0.27131083607673645,1.246323029797675,0.0,0.07940680197709998,92.578125,99.21875,0.07915257425299999,-1.524687730186921,0.0,0.08,0.07940680197709998,0.07940680197709998,0
12,0,0.475782573223114,1.246323029797675,0.0,0.07940680197709998,83.248730964467,98.4771573604061,0.07915257425299999,-0.9629919352687044,0.0,0.08,0.07940680197709998,0.07940680197709998,0
12,15,0.4714089334011078,1.246323029797675,0.0,0.07940680197709998,87.5,99.21875,0.07915257425299999,-0.972226964897092,0.0,0.08,0.07940680197709998,0.07940680197709998,0
12,11,0.25199753046035767,1.246323029797675,0.0,0.07940680197709998,91.796875,100.0,0.07915257425299999,-1.598533599833962,0.0,0.08,0.07940680197709998,0.07940680197709998,0
12,19,0.20263563096523285,1.246323029797675,0.0,0.07940680197709998,96.484375,100.0,0.07915257425299999,-1.8165434329834167,0.0,0.08,0.07940680197709998,0.07940680197709998,0
12,16,0.10503488034009933,1.246323029797675,0.0,0.07940680197709998,96.484375,100.0,0.07915257425299999,-2.4736603433047066,0.0,0.08,0.07940680197709998,0.07940680197709998,0
12,10,0.2641463577747345,1.246323029797675,0.0,0.07940680197709998,89.27038626609442,99.14163090128756,0.07915257425299999,-1.5514495543202111,0.0,0.08,0.07940680197709998,0.07940680197709998,0
12,4,0.5153912901878357,1.246323029797675,0.0,0.07940680197709998,73.42657342657343,99.3006993006993,0.07915257425299999,-0.8830265088726941,0.0,0.08,0.07940680197709998,0.07940680197709998,0
12,7,0.24183394014835358,1.246323029797675,0.0,0.07940680197709998,88.42105263157895,96.84210526315789,0.07915257425299999,-1.6397015929879348,0.0,0.08,0.07940680197709998,0.07940680197709998,0
12,12,0.30614522099494934,1.246323029797675,0.0,0.07940680197709998,90.625,98.828125,0.07915257425299999,-1.403893326765045,0.0,0.08,0.07940680197709998,0.07940680197709998,0
12,17,0.42412030696868896,1.246323029797675,0.0,0.07940680197709998,85.15625,99.21875,0.07915257425299999,-1.0779357458063445,0.0,0.08,0.07940680197709998,0.07940680197709998,0
12,5,1.7338999509811401,1.246323029797675,0.3301755358272935,0.2689757820769415,7.8125,98.828125,0.23676236211198723,0.3301755358272935,0.3301755358272935,0.3441404286618348,0.2689757820769415,0.2689757820769415,0
12,2,0.8216184377670288,1.246323029797675,0.0,0.08305589241730349,67.21311475409836,97.54098360655738,0.08436556059614786,-0.4166768153923114,0.0,0.08,0.08305589241730349,0.08305589241730349,0
12,3,0.40443938970565796,1.246323029797675,0.0,0.07940680197709998,92.10526315789474,100.0,0.07915257425299999,-1.1254510172582757,0.0,0.08,0.07940680197709998,0.07940680197709998,0
12,1,1.15140700340271,1.246323029797675,0.0,0.08302834282797046,59.45945945945946,97.29729729729729,0.0843262040399578,-0.07921296380096818,0.0,0.08,0.08302834282797046,0.08302834282797046,0
13,4,0.46968185901641846,1.1567161788952962,0.0,0.07958476138396998,77.62237762237763,95.1048951048951,0.07940680197709998,-0.901284806875132,0.0,0.08,0.07958476138396998,0.07958476138396998,0
13,0,0.391819030046463,1.1567161788952962,0.0,0.07958476138396998,86.29441624365482,98.98477157360406,0.07940680197709998,-1.0825402972923328,0.0,0.08,0.07958476138396998,0.07958476138396998,0
13,16,0.06764044612646103,1.1567161788952962,0.0,0.07958476138396998,97.65625,100.0,0.07940680197709998,-2.839134130512865,0.0,0.08,0.07958476138396998,0.07958476138396998,0
13,2,0.8228864073753357,1.1567161788952962,0.0,0.08213912469211243,73.77049180327869,100.0,0.08305589241730349,-0.3405222172899565,0.0,0.08,0.08213912469211243,0.08213912469211243,0
13,3,0.35941120982170105,1.1567161788952962,0.0,0.07958476138396998,88.94736842105263,99.47368421052632,0.07940680197709998,-1.1688732058992515,0.0,0.08,0.07958476138396998,0.07958476138396998,0
13,13,0.33205440640449524,1.1567161788952962,0.0,0.07958476138396998,91.875,99.375,0.07940680197709998,-1.2480415376447844,0.0,0.08,0.07958476138396998,0.07958476138396998,0
13,15,0.412958025932312,1.1567161788952962,0.0,0.07958476138396998,86.71875,98.828125,0.07940680197709998,-1.0299944180766385,0.0,0.08,0.07958476138396998,0.07958476138396998,0
13,5,1.4705491065979004,1.1567161788952962,0.2400507607637283,0.2698952300371538,16.015625,99.609375,0.2689757820769415,0.2400507607637283,0.2400507607637283,0.27204060861098267,0.2698952300371538,0.2698952300371538,0
13,6,0.3712110221385956,1.1567161788952962,0.0,0.07958476138396998,91.48936170212765,96.80851063829788,0.07940680197709998,-1.1365696772917935,0.0,0.08,0.07958476138396998,0.07958476138396998,0
13,7,0.3774382472038269,1.1567161788952962,0.0,0.07958476138396998,89.47368421052632,94.73684210526316,0.07940680197709998,-1.1199333997269534,0.0,0.08,0.07958476138396998,0.07958476138396998,0
13,8,0.13968154788017273,1.1567161788952962,0.0,0.07958476138396998,97.65625,100.0,0.07940680197709998,-2.113975152725497,0.0,0.08,0.07958476138396998,0.07958476138396998,0
13,1,0.7855471968650818,1.1567161788952962,0.0,0.08211983997957932,48.648648648648646,91.89189189189189,0.08302834282797046,-0.3869598442183146,0.0,0.08,0.08211983997957932,0.08211983997957932,0
13,14,0.3257717192173004,1.1567161788952962,0.0,0.07958476138396998,90.625,100.0,0.07940680197709998,-1.2671434789878089,0.0,0.08,0.07958476138396998,0.07958476138396998,0
13,18,0.6248293519020081,1.1567161788952962,0.0,0.07987027870802324,76.171875,100.0,0.07981468386860463,-0.6158618064605524,0.0,0.08,0.07987027870802324,0.07987027870802324,0
13,9,0.2539213001728058,1.1567161788952962,0.0,0.07958476138396998,94.140625,99.609375,0.07940680197709998,-1.516315981412591,0.0,0.08,0.07958476138396998,0.07958476138396998,0
13,19,0.267408162355423,1.1567161788952962,0.0,0.07958476138396998,94.921875,100.0,0.07940680197709998,-1.4645641714757867,0.0,0.08,0.07958476138396998,0.07958476138396998,0
13,17,0.41809821128845215,1.1567161788952962,0.0,0.07958476138396998,86.71875,99.609375,0.07940680197709998,-1.0176240138827062,0.0,0.08,0.07958476138396998,0.07958476138396998,0
13,10,0.24016593396663666,1.1567161788952962,0.0,0.07958476138396998,95.70815450643777,98.71244635193133,0.07940680197709998,-1.5720102803566511,0.0,0.08,0.07958476138396998,0.07958476138396998,0
13,11,0.2977703809738159,1.1567161788952962,0.0,0.07958476138396998,91.796875,98.046875,0.07940680197709998,-1.3570177085333772,0.0,0.08,0.07958476138396998,0.07958476138396998,0
13,12,0.27184540033340454,1.1567161788952962,0.0,0.07958476138396998,87.109375,99.609375,0.07940680197709998,-1.4481068375985242,0.0,0.08,0.07958476138396998,0.07958476138396998,0
14,16,0.08697673678398132,1.0775756726037815,0.0,0.079709332968779,97.65625,100.0,0.07958476138396998,-2.516828254002371,0.0,0.08,0.079709332968779,0.079709332968779,0
14,6,0.3291873633861542,1.0775756726037815,0.0,0.079709332968779,96.80851063829788,96.80851063829788,0.07958476138396998,-1.1858419459684704,0.0,0.08,0.079709332968779,0.079709332968779,0
14,18,0.5683336853981018,1.0775756726037815,0.0,0.07990919509561627,76.953125,99.609375,0.07987027870802324,-0.6397603204732764,0.0,0.08,0.07990919509561627,0.07990919509561627,0
14,9,0.2584228217601776,1.0775756726037815,0.0,0.079709332968779,93.359375,99.21875,0.07958476138396998,-1.4278719323765776,0.0,0.08,0.079709332968779,0.079709332968779,0
14,15,0.38201358914375305,1.0775756726037815,0.0,0.079709332968779,90.625,98.4375,0.07958476138396998,-1.0370128507610177,0.0,0.08,0.079709332968779,0.079709332968779,0
14,12,0.22355154156684875,1.0775756726037815,0.0,0.079709332968779,92.96875,100.0,0.07958476138396998,-1.572827015349937,0.0,0.08,0.079709332968779,0.079709332968779,0
14,17,0.27034687995910645,1.0775756726037815,0.0,0.079709332968779,90.625,99.609375,0.07958476138396998,-1.3827631465825423,0.0,0.08,0.079709332968779,0.079709332968779,0
14,3,0.3324428200721741,1.0775756726037815,0.0,0.079709332968779,90.52631578947368,100.0,0.07958476138396998,-1.1760011529066534,0.0,0.08,0.079709332968779,0.079709332968779,0
14,8,0.12575171887874603,1.0775756726037815,0.0,0.079709332968779,98.046875,100.0,0.07958476138396998,-2.1481595011626156,0.0,0.08,0.079709332968779,0.079709332968779,0
14,19,0.27493008971214294,1.0775756726037815,0.0,0.079709332968779,95.3125,100.0,0.07958476138396998,-1.3659521760949929,0.0,0.08,0.079709332968779,0.079709332968779,0
14,11,0.22362619638442993,1.0775756726037815,0.0,0.079709332968779,91.015625,98.828125,0.07958476138396998,-1.5724931220963154,0.0,0.08,0.079709332968779,0.079709332968779,0
14,2,0.7720403075218201,1.0775756726037815,0.0,0.0814973872844787,80.32786885245902,97.54098360655738,0.08213912469211243,-0.33343228515638235,0.0,0.08,0.0814973872844787,0.0814973872844787,0
14,10,0.15920014679431915,1.0775756726037815,0.0,0.079709332968779,93.56223175965665,100.0,0.07958476138396998,-1.9123068002879529,0.0,0.08,0.079709332968779,0.079709332968779,0
14,13,0.23675230145454407,1.0775756726037815,0.0,0.079709332968779,93.75,100.0,0.07958476138396998,-1.5154545632965932,0.0,0.08,0.079709332968779,0.079709332968779,0
14,0,0.4022125005722046,1.0775756726037815,0.0,0.079709332968779,84.77157360406092,98.4771573604061,0.07958476138396998,-0.9854884763808188,0.0,0.08,0.079709332968779,0.079709332968779,0
14,7,0.27673643827438354,1.0775756726037815,0.0,0.079709332968779,89.47368421052632,97.89473684210526,0.07958476138396998,-1.3594034555884533,0.0,0.08,0.079709332968779,0.079709332968779,0
14,5,1.5512374639511108,1.0775756726037815,0.3643392030896053,0.30036806976751296,14.84375,98.046875,0.2698952300371538,0.3643392030896053,0.3643392030896053,0.3714713624716843,0.30036806976751296,0.30036806976751296,0
14,4,0.5334475636482239,1.0775756726037815,0.0,0.079709332968779,68.53146853146853,99.3006993006993,0.07958476138396998,-0.7031082613741779,0.0,0.08,0.079709332968779,0.079709332968779,0
14,1,0.8126393556594849,1.0775756726037815,0.0,0.08148388798570552,64.86486486486487,94.5945945945946,0.08211983997957932,-0.2821816321263453,0.0,0.08,0.08148388798570552,0.08148388798570552,0
14,14,0.2458326667547226,1.0775756726037815,0.0,0.079709332968779,90.234375,100.0,0.07958476138396998,-1.4778179298726384,0.0,0.08,0.079709332968779,0.079709332968779,0
15,15,0.35772982239723206,0.9974014317427298,0.0,0.0797965330781453,89.453125,99.609375,0.079709332968779,-1.0253752952173727,0.0,0.08,0.0797965330781453,0.0797965330781453,0
15,9,0.16479119658470154,0.9974014317427298,0.0,0.0797965330781453,92.96875,100.0,0.079709332968779,-1.8004740806627721,0.0,0.08,0.0797965330781453,0.0797965330781453,0
15,18,0.5718708038330078,0.9974014317427298,0.0,0.07993643656693139,78.515625,98.828125,0.07990919509561627,-0.556240222682445,0.0,0.08,0.07993643656693139,0.07993643656693139,0
15,1,0.8336122035980225,0.9974014317427298,0.0,0.08103872158999387,67.56756756756756,89.1891891891892,0.08148388798570552,-0.1793850160911358,0.0,0.08,0.08103872158999387,0.08103872158999387,0
15,14,0.3173615336418152,0.9974014317427298,0.0,0.0797965330781453,92.578125,100.0,0.079709332968779,-1.14511169840902,0.0,0.08,0.0797965330781453,0.0797965330781453,0
15,4,0.34386277198791504,0.9974014317427298,0.0,0.0797965330781453,82.51748251748252,97.9020979020979,0.079709332968779,-1.0649106503862331,0.0,0.08,0.0797965330781453,0.0797965330781453,0
15,3,0.31044089794158936,0.9974014317427298,0.0,0.0797965330781453,92.10526315789474,99.47368421052632,0.079709332968779,-1.1671597679376888,0.0,0.08,0.0797965330781453,0.0797965330781453,0
15,6,0.2023291289806366,0.9974014317427298,0.0,0.0797965330781453,92.55319148936171,98.93617021276596,0.079709332968779,-1.5952575663499704,0.0,0.08,0.0797965330781453,0.0797965330781453,0
15,12,0.27223020792007446,0.9974014317427298,0.0,0.0797965330781453,91.796875,100.0,0.079709332968779,-1.29850524088951,0.0,0.08,0.0797965330781453,0.0797965330781453,0
15,5,1.346351981163025,0.9974014317427298,0.30000064644155783,0.30625780398323293,28.125,99.609375,0.30036806976751296,0.30000064644155783,0.30000064644155783,0.3200005171532463,0.30625780398323293,0.30625780398323293,0
15,19,0.21706095337867737,0.9974014317427298,0.0,0.0797965330781453,96.484375,100.0,0.079709332968779,-1.5249750872980963,0.0,0.08,0.0797965330781453,0.0797965330781453,0
15,2,0.5969881415367126,0.9974014317427298,0.0,0.08104817109913509,81.9672131147541,100.0,0.0814973872844787,-0.5132560720885287,0.0,0.08,0.08104817109913509,0.08104817109913509,0
15,16,0.0911959782242775,0.9974014317427298,0.0,0.0797965330781453,98.046875,100.0,0.079709332968779,-2.392142431268146,0.0,0.08,0.0797965330781453,0.0797965330781453,0
15,0,0.36709064245224,0.9974014317427298,0.0,0.0797965330781453,82.23350253807106,99.49238578680203,0.079709332968779,-0.999544511652592,0.0,0.08,0.0797965330781453,0.0797965330781453,0
15,17,0.4300227761268616,0.9974014317427298,0.0,0.0797965330781453,84.375,100.0,0.079709332968779,-0.8413151403356736,0.0,0.08,0.0797965330781453,0.0797965330781453,0
15,7,0.22936686873435974,0.9974014317427298,0.0,0.0797965330781453,91.57894736842105,94.73684210526316,0.079709332968779,-1.4698305264927214,0.0,0.08,0.0797965330781453,0.0797965330781453,0
15,13,0.26755550503730774,0.9974014317427298,0.0,0.0797965330781453,93.125,99.375,0.079709332968779,-1.315826260958163,0.0,0.08,0.0797965330781453,0.0797965330781453,0
15,11,0.21988430619239807,0.9974014317427298,0.0,0.0797965330781453,90.234375,99.21875,0.079709332968779,-1.5120517660487132,0.0,0.08,0.0797965330781453,0.0797965330781453,0
15,10,0.16765476763248444,0.9974014317427298,0.0,0.0797965330781453,93.13304721030043,98.71244635193133,0.079709332968779,-1.7832463684471027,0.0,0.08,0.0797965330781453,0.0797965330781453,0
15,8,0.09959062933921814,0.9974014317427298,0.0,0.0797965330781453,96.09375,100.0,0.079709332968779,-2.3040851609760633,0.0,0.08,0.0797965330781453,0.0797965330781453,0
16,6,0.23307815194129944,0.92679484386154,0.0,0.07985757315470171,92.55319148936171,95.74468085106383,0.0797965330781453,-1.3803583836674589,0.0,0.08,0.07985757315470171,0.07985757315470171,0
16,7,0.31093841791152954,0.92679484386154,0.0,0.07985757315470171,94.73684210526316,96.84210526315789,0.0797965330781453,-1.0921373283683677,0.0,0.08,0.07985757315470171,0.07985757315470171,0
16,17,0.3671134114265442,0.92679484386154,0.0,0.07985757315470171,91.015625,98.828125,0.0797965330781453,-0.9260613894379528,0.0,0.08,0.07985757315470171,0.07985757315470171,0
16,16,0.08448399603366852,0.92679484386154,0.0,0.07985757315470171,98.4375,100.0,0.0797965330781453,-2.3951700012151345,0.0,0.08,0.07985757315470171,0.07985757315470171,0
16,8,0.09085282683372498,0.92679484386154,0.0,0.07985757315470171,96.875,100.0,0.0797965330781453,-2.322491220132708,0.0,0.08,0.07985757315470171,0.07985757315470171,0
16,9,0.2519967257976532,0.92679484386154,0.0,0.07985757315470171,96.09375,99.609375,0.0797965330781453,-1.3023161057112975,0.0,0.08,0.07985757315470171,0.07985757315470171,0
16,15,0.3501759469509125,0.92679484386154,0.0,0.07985757315470171,89.0625,99.609375,0.0797965330781453,-0.9732964776544607,0.0,0.08,0.07985757315470171,0.07985757315470171,0
16,3,0.29301172494888306,0.92679484386154,0.0,0.07985757315470171,93.15789473684211,99.47368421052632,0.0797965330781453,-1.1515195807197864,0.0,0.08,0.07985757315470171,0.07985757315470171,0
16,11,0.2684568762779236,0.92679484386154,0.0,0.07985757315470171,89.84375,100.0,0.0797965330781453,-1.2390419114208397,0.0,0.08,0.07985757315470171,0.07985757315470171,0
16,10,0.18719211220741272,0.92679484386154,0.0,0.07985757315470171,91.84549356223177,98.71244635193133,0.0797965330781453,-1.599596759022261,0.0,0.08,0.07985757315470171,0.07985757315470171,0
16,18,0.6735767722129822,0.92679484386154,0.0,0.07995550559685197,84.375,99.21875,0.07993643656693139,-0.31913024583196803,0.0,0.08,0.07995550559685197,0.07995550559685197,0
16,4,0.44859617948532104,0.92679484386154,0.0,0.07985757315470171,87.41258741258741,99.3006993006993,0.0797965330781453,-0.7256091121417926,0.0,0.08,0.07985757315470171,0.07985757315470171,0
16,12,0.2885431945323944,0.92679484386154,0.0,0.07985757315470171,91.015625,99.21875,0.0797965330781453,-1.1668874094741617,0.0,0.08,0.07985757315470171,0.07985757315470171,0
16,13,0.21327340602874756,0.92679484386154,0.0,0.07985757315470171,93.125,96.875,0.0797965330781453,-1.4691572540837705,0.0,0.08,0.07985757315470171,0.07985757315470171,0
16,5,1.3361424207687378,0.92679484386154,0.365809718316092,0.3261747951841251,32.8125,99.609375,0.30625780398323293,0.365809718316092,0.365809718316092,0.37264777465287363,0.3261747951841251,0.3261747951841251,0
16,2,0.6372759342193604,0.92679484386154,0.0,0.08073371976939456,75.40983606557377,100.0,0.08104817109913509,-0.3745294847469504,0.0,0.08,0.08073371976939456,0.08073371976939456,0
16,1,0.8188681602478027,0.92679484386154,0.0,0.0807271051129957,59.45945945945946,97.29729729729729,0.08103872158999387,-0.12380913334638077,0.0,0.08,0.0807271051129957,0.0807271051129957,0
16,14,0.1814693808555603,0.92679484386154,0.0,0.07985757315470171,93.359375,100.0,0.0797965330781453,-1.630645245896155,0.0,0.08,0.07985757315470171,0.07985757315470171,0
16,19,0.24164849519729614,0.92679484386154,0.0,0.07985757315470171,94.53125,100.0,0.0797965330781453,-1.3442480275000577,0.0,0.08,0.07985757315470171,0.07985757315470171,0
16,0,0.3341517448425293,0.92679484386154,0.0,0.07985757315470171,86.80203045685279,97.96954314720813,0.0797965330781453,-1.020136994350604,0.0,0.08,0.07985757315470171,0.07985757315470171,0
17,9,0.23096159100532532,0.8631931054494498,0.0,0.0799003012082912,96.09375,99.609375,0.07985757315470171,-1.3183869710075107,0.0,0.08,0.0799003012082912,0.0799003012082912,0
17,11,0.19275864958763123,0.8631931054494498,0.0,0.0799003012082912,95.703125,98.828125,0.07985757315470171,-1.4991995003385394,0.0,0.08,0.0799003012082912,0.0799003012082912,0
17,7,0.2429155707359314,0.8631931054494498,0.0,0.0799003012082912,93.6842105263158,93.6842105263158,0.07985757315470171,-1.2679244596947035,0.0,0.08,0.0799003012082912,0.0799003012082912,0
17,2,0.6587797403335571,0.8631931054494498,0.0,0.08051360383857618,75.40983606557377,99.18032786885246,0.08073371976939456,-0.2702491776650077,0.0,0.08,0.08051360383857618,0.08051360383857618,0
17,3,0.2618049085140228,0.8631931054494498,0.0,0.0799003012082912,88.42105263157895,100.0,0.07985757315470171,-1.1930387977024346,0.0,0.08,0.0799003012082912,0.0799003012082912,0
17,8,0.11997028440237045,0.8631931054494498,0.0,0.0799003012082912,96.875,100.0,0.07985757315470171,-1.9733942728070832,0.0,0.08,0.0799003012082912,0.0799003012082912,0
17,6,0.2590547204017639,0.8631931054494498,0.0,0.0799003012082912,89.36170212765957,98.93617021276596,0.07985757315470171,-1.2035990846291456,0.0,0.08,0.0799003012082912,0.0799003012082912,0
17,18,0.5363848209381104,0.8631931054494498,0.0,0.07996885391779637,79.6875,100.0,0.07995550559685197,-0.4757865666744153,0.0,0.08,0.07996885391779637,0.07996885391779637,0
17,5,1.3224517107009888,0.8631931054494498,0.42660421868239434,0.3547073691126622,25.78125,98.828125,0.3261747951841251,0.42660421868239434,0.42660421868239434,0.4212833749459155,0.3547073691126622,0.3547073691126622,0
17,0,0.314055860042572,0.8631931054494498,0.0,0.0799003012082912,89.34010152284264,97.96954314720813,0.07985757315470171,-1.011067538145027,0.0,0.08,0.0799003012082912,0.0799003012082912,0
17,1,0.7092306613922119,0.8631931054494498,0.0,0.08050897357909699,67.56756756756756,94.5945945945946,0.0807271051129957,-0.1964576171586379,0.0,0.08,0.08050897357909699,0.08050897357909699,0
17,16,0.0754605233669281,0.8631931054494498,0.0,0.0799003012082912,98.828125,100.0,0.07985757315470171,-2.4370286555789336,0.0,0.08,0.0799003012082912,0.0799003012082912,0
17,19,0.17336612939834595,0.8631931054494498,0.0,0.0799003012082912,96.484375,100.0,0.07985757315470171,-1.6052326675389406,0.0,0.08,0.0799003012082912,0.0799003012082912,0
17,10,0.17168477177619934,0.8631931054494498,0.0,0.0799003012082912,95.27896995708154,99.57081545064378,0.07985757315470171,-1.614978306959324,0.0,0.08,0.0799003012082912,0.0799003012082912,0
17,13,0.27558088302612305,0.8631931054494498,0.0,0.0799003012082912,94.375,98.75,0.07985757315470171,-1.1417572302038401,0.0,0.08,0.0799003012082912,0.0799003012082912,0
17,15,0.31547433137893677,0.8631931054494498,0.0,0.0799003012082912,88.28125,99.609375,0.07985757315470171,-1.0065610864730732,0.0,0.08,0.0799003012082912,0.0799003012082912,0
17,12,0.2308482825756073,0.8631931054494498,0.0,0.0799003012082912,92.1875,100.0,0.07985757315470171,-1.3188776856221898,0.0,0.08,0.0799003012082912,0.0799003012082912,0
17,17,0.2550368905067444,0.8631931054494498,0.0,0.0799003012082912,90.234375,99.21875,0.07985757315470171,-1.2192301957386495,0.0,0.08,0.0799003012082912,0.0799003012082912,0
17,14,0.27084264159202576,0.8631931054494498,0.0,0.0799003012082912,92.578125,100.0,0.07985757315470171,-1.1591004074753246,0.0,0.08,0.0799003012082912,0.0799003012082912,0
17,4,0.3953675925731659,0.8631931054494498,0.0,0.0799003012082912,74.12587412587412,97.9020979020979,0.07985757315470171,-0.7808224667470147,0.0,0.08,0.0799003012082912,0.0799003012082912,0
18,18,0.47047629952430725,0.8029167763502941,0.0,0.07997819774245746,82.8125,99.609375,0.07996885391779637,-0.5345054740655842,0.0,0.08,0.07997819774245746,0.07997819774245746,0
18,19,0.13465839624404907,0.8029167763502941,0.0,0.07993021084580383,98.046875,100.0,0.0799003012082912,-1.785509832481771,0.0,0.08,0.07993021084580383,0.07993021084580383,0
18,17,0.29081523418426514,0.8029167763502941,0.0,0.07993021084580383,91.40625,100.0,0.0799003012082912,-1.0155629142946452,0.0,0.08,0.07993021084580383,0.07993021084580383,0
18,11,0.18042966723442078,0.8029167763502941,0.0,0.07993021084580383,94.53125,99.21875,0.0799003012082912,-1.492909978071629,0.0,0.08,0.07993021084580383,0.07993021084580383,0
18,3,0.3033154606819153,0.8029167763502941,0.0,0.07993021084580383,88.42105263157895,99.47368421052632,0.0799003012082912,-0.9734776588745278,0.0,0.08,0.07993021084580383,0.07993021084580383,0
18,14,0.26255014538764954,0.8029167763502941,0.0,0.07993021084580383,96.09375,100.0,0.0799003012082912,-1.1178089481976254,0.0,0.08,0.07993021084580383,0.07993021084580383,0
18,9,0.2039053738117218,0.8029167763502941,0.0,0.07993021084580383,94.140625,100.0,0.0799003012082912,-1.370594998712558,0.0,0.08,0.07993021084580383,0.07993021084580383,0
18,5,1.2194467782974243,0.8029167763502941,0.41790150254999253,0.37259151899086174,37.109375,98.828125,0.3547073691126622,0.41790150254999253,0.41790150254999253,0.41432120203999406,0.37259151899086174,0.37259151899086174,0
18,2,0.5583112835884094,0.8029167763502941,0.0,0.08035952268700333,83.60655737704919,99.18032786885246,0.08051360383857618,-0.3633343994796192,0.0,0.08,0.08035952268700333,0.08035952268700333,0
18,7,0.1518208235502243,0.8029167763502941,0.0,0.07993021084580383,93.6842105263158,96.84210526315789,0.0799003012082912,-1.6655499811631618,0.0,0.08,0.07993021084580383,0.07993021084580383,0
18,16,0.07158631086349487,0.8029167763502941,0.0,0.07993021084580383,99.21875,100.0,0.0799003012082912,-2.4173470737997276,0.0,0.08,0.07993021084580383,0.07993021084580383,0
18,6,0.23069342970848083,0.8029167763502941,0.0,0.07993021084580383,90.42553191489361,97.87234042553192,0.0799003012082912,-1.2471613518070084,0.0,0.08,0.07993021084580383,0.07993021084580383,0
18,0,0.24152348935604095,0.8029167763502941,0.0,0.07993021084580383,91.87817258883248,97.96954314720813,0.0799003012082912,-1.2012843059406992,0.0,0.08,0.07993021084580383,0.07993021084580383,0
18,10,0.16559720039367676,0.8029167763502941,0.0,0.07993021084580383,93.56223175965665,99.14163090128756,0.0799003012082912,-1.5786926837610766,0.0,0.08,0.07993021084580383,0.07993021084580383,0
18,8,0.1407695710659027,0.8029167763502941,0.0,0.07993021084580383,98.4375,100.0,0.0799003012082912,-1.7411267033044007,0.0,0.08,0.07993021084580383,0.07993021084580383,0
18,15,0.25119271874427795,0.8029167763502941,0.0,0.07993021084580383,90.625,98.828125,0.0799003012082912,-1.1620305920281362,0.0,0.08,0.07993021084580383,0.07993021084580383,0
18,13,0.20192024111747742,0.8029167763502941,0.0,0.07993021084580383,88.125,98.75,0.0799003012082912,-1.3803782571211,0.0,0.08,0.07993021084580383,0.07993021084580383,0
18,1,0.6454737186431885,0.8029167763502941,0.0,0.08035628150536789,75.67567567567568,97.29729729729729,0.08050897357909699,-0.21826656989903592,0.0,0.08,0.08035628150536789,0.08035628150536789,0
18,12,0.26537466049194336,0.8029167763502941,0.0,0.07993021084580383,91.40625,99.609375,0.0799003012082912,-1.1071084017684378,0.0,0.08,0.07993021084580383,0.07993021084580383,0
18,4,0.5634642839431763,0.8029167763502941,0.0,0.07993021084580383,81.81818181818181,97.2027972027972,0.0799003012082912,-0.3541471134351848,0.0,0.08,0.07993021084580383,0.07993021084580383,0
19,2,0.49067628383636475,0.7472609091202806,0.0,0.08025166588090232,85.24590163934427,100.0,0.08035952268700333,-0.4206297824445017,0.0,0.08,0.08025166588090232,0.08025166588090232,0
19,3,0.2721424996852875,0.7472609091202806,0.0,0.07995114759206268,91.57894736842105,100.0,0.07993021084580383,-1.0100885517054516,0.0,0.08,0.07995114759206268,0.07995114759206268,0
19,6,0.1374998837709427,0.7472609091202806,0.0,0.07995114759206268,85.1063829787234,96.80851063829788,0.07993021084580383,-1.6927912689317843,0.0,0.08,0.07995114759206268,0.07995114759206268,0
19,4,0.3368324339389801,0.7472609091202806,0.0,0.07995114759206268,86.01398601398601,100.0,0.07993021084580383,-0.7968288057493177,0.0,0.08,0.07995114759206268,0.07995114759206268,0
19,14,0.20396873354911804,0.7472609091202806,0.0,0.07995114759206268,93.75,99.609375,0.07993021084580383,-1.2984476492544743,0.0,0.08,0.07995114759206268,0.07995114759206268,0
19,12,0.24068467319011688,0.7472609091202806,0.0,0.07995114759206268,93.359375,99.609375,0.07993021084580383,-1.1329267051396077,0.0,0.08,0.07995114759206268,0.07995114759206268,0
19,5,1.099440097808838,0.7472609091202806,0.3861419228413968,0.3774881247755384,44.921875,99.21875,0.37259151899086174,0.3861419228413968,0.3861419228413968,0.3889135382731175,0.3774881247755384,0.3774881247755384,0
19,0,0.27386847138404846,0.7472609091202806,0.0,0.07995114759206268,88.3248730964467,98.4771573604061,0.07993021084580383,-1.003766417258259,0.0,0.08,0.07995114759206268,0.07995114759206268,0
19,9,0.20172451436519623,0.7472609091202806,0.0,0.07995114759206268,96.09375,99.609375,0.07993021084580383,-1.3095113875690279,0.0,0.08,0.07995114759206268,0.07995114759206268,0
19,11,0.19206765294075012,0.7472609091202806,0.0,0.07995114759206268,94.140625,100.0,0.07993021084580383,-1.3585666923678519,0.0,0.08,0.07995114759206268,0.07995114759206268,0
19,17,0.2884206771850586,0.7472609091202806,0.0,0.07995114759206268,89.0625,99.609375,0.07993021084580383,-0.9519942797474349,0.0,0.08,0.07995114759206268,0.07995114759206268,0
19,18,0.45006364583969116,0.7472609091202806,0.0,0.07998473841972022,80.078125,99.609375,0.07997819774245746,-0.5070253832814059,0.0,0.08,0.07998473841972022,0.07998473841972022,0
19,10,0.13055658340454102,0.7472609091202806,0.0,0.07995114759206268,93.56223175965665,99.14163090128756,0.07993021084580383,-1.7446076147711158,0.0,0.08,0.07995114759206268,0.07995114759206268,0
19,13,0.32668060064315796,0.7472609091202806,0.0,0.07995114759206268,93.75,99.375,0.07993021084580383,-0.8274314457353275,0.0,0.08,0.07995114759206268,0.07995114759206268,0
19,1,0.8729067444801331,0.7472609091202806,0.1554143262252278,0.11754883534781219,81.08108108108108,89.1891891891892,0.08035628150536789,0.1554143262252278,0.1554143262252278,0.20433146098018223,0.11754883534781219,0.11754883534781219,0
19,8,0.08672848343849182,0.7472609091202806,0.0,0.07995114759206268,98.4375,100.0,0.07993021084580383,-2.153631939625696,0.0,0.08,0.07995114759206268,0.07995114759206268,0
19,7,0.27181270718574524,0.7472609091202806,0.0,0.07995114759206268,92.63157894736842,96.84210526315789,0.07993021084580383,-1.0113011240778067,0.0,0.08,0.07995114759206268,0.07995114759206268,0
19,15,0.290945827960968,0.7472609091202806,0.0,0.07995114759206268,92.96875,100.0,0.07993021084580383,-0.9432772874603202,0.0,0.08,0.07995114759206268,0.07995114759206268,0
19,19,0.19583582878112793,0.7472609091202806,0.0,0.07995114759206268,95.703125,100.0,0.07993021084580383,-1.3391376624188125,0.0,0.08,0.07995114759206268,0.07995114759206268,0
19,16,0.06491703540086746,0.7472609091202806,0.0,0.07995114759206268,98.4375,100.0,0.07993021084580383,-2.443304183237716,0.0,0.08,0.07995114759206268,0.07995114759206268,0
20,2,0.5331647992134094,0.6997325785518042,0.0,0.08017616611663161,87.70491803278688,98.36065573770492,0.08025166588090232,-0.27186765880015745,0.0,0.08,0.08017616611663161,0.08017616611663161,0
20,14,0.17637641727924347,0.6997325785518042,0.0,0.07996580331444386,95.703125,100.0,0.07995114759206268,-1.3780777432627258,0.0,0.08,0.07996580331444386,0.07996580331444386,0
20,3,0.27528488636016846,0.6997325785518042,0.0,0.07996580331444386,93.15789473684211,100.0,0.07995114759206268,-0.9328916975351277,0.0,0.08,0.07996580331444386,0.07996580331444386,0
20,5,1.2422045469284058,0.6997325785518042,0.5739447028502221,0.42598841602693016,39.0625,99.609375,0.3774881247755384,0.5739447028502221,0.5739447028502221,0.5391557622801777,0.42598841602693016,0.42598841602693016,0
20,15,0.27565598487854004,0.6997325785518042,0.0,0.07996580331444386,93.359375,100.0,0.07995114759206268,-0.9315445527491973,0.0,0.08,0.07996580331444386,0.07996580331444386,0
20,10,0.18194542825222015,0.6997325785518042,0.0,0.07996580331444386,93.99141630901288,98.71244635193133,0.07995114759206268,-1.346991393394126,0.0,0.08,0.07996580331444386,0.07996580331444386,0
20,18,0.435388445854187,0.6997325785518042,0.0,0.07998931689380415,93.359375,100.0,0.07998473841972022,-0.4744596111387074,0.0,0.08,0.07998931689380415,0.07998931689380415,0
20,12,0.2171173393726349,0.6997325785518042,0.0,0.07996580331444386,94.921875,99.21875,0.07995114759206268,-1.170260257811579,0.0,0.08,0.07996580331444386,0.07996580331444386,0
20,1,0.5626038908958435,0.6997325785518042,0.0,0.10628418474346851,81.08108108108108,91.89189189189189,0.11754883534781219,-0.21812241597699694,0.0,0.08,0.10628418474346851,0.10628418474346851,0
20,6,0.13713540136814117,0.6997325785518042,0.0,0.07996580331444386,92.55319148936171,98.93617021276596,0.07995114759206268,-1.6297294038766081,0.0,0.08,0.07996580331444386,0.07996580331444386,0
20,17,0.29641732573509216,0.6997325785518042,0.0,0.07996580331444386,90.625,99.609375,0.07995114759206268,-0.8589298663551426,0.0,0.08,0.07996580331444386,0.07996580331444386,0
20,4,0.3564217984676361,0.6997325785518042,0.0,0.07996580331444386,95.8041958041958,97.2027972027972,0.07995114759206268,-0.6745833609908075,0.0,0.08,0.07996580331444386,0.07996580331444386,0
20,7,0.20680151879787445,0.6997325785518042,0.0,0.07996580331444386,96.84210526315789,95.78947368421052,0.07995114759206268,-1.2189387104554295,0.0,0.08,0.07996580331444386,0.07996580331444386,0
20,13,0.21935045719146729,0.6997325785518042,0.0,0.07996580331444386,90.0,100.0,0.07995114759206268,-1.1600274882016115,0.0,0.08,0.07996580331444386,0.07996580331444386,0
20,19,0.13800844550132751,0.6997325785518042,0.0,0.07996580331444386,97.265625,100.0,0.07995114759206268,-1.6233832906730852,0.0,0.08,0.07996580331444386,0.07996580331444386,0
20,11,0.1743687093257904,0.6997325785518042,0.0,0.07996580331444386,96.09375,99.21875,0.07995114759206268,-1.3895261119783966,0.0,0.08,0.07996580331444386,0.07996580331444386,0
20,9,0.16275067627429962,0.6997325785518042,0.0,0.07996580331444386,95.703125,100.0,0.07995114759206268,-1.4584787478830465,0.0,0.08,0.07996580331444386,0.07996580331444386,0
20,0,0.2761807143688202,0.6997325785518042,0.0,0.07996580331444386,91.37055837563452,97.96954314720813,0.07995114759206268,-0.9296427958340576,0.0,0.08,0.07996580331444386,0.07996580331444386,0
20,16,0.07568034529685974,0.6997325785518042,0.0,0.07996580331444386,96.875,100.0,0.07995114759206268,-2.2241796262434526,0.0,0.08,0.07996580331444386,0.07996580331444386,0
20,8,0.05999310687184334,0.6997325785518042,0.0,0.07996580331444386,97.265625,100.0,0.07995114759206268,-2.4564684088632185,0.0,0.08,0.07996580331444386,0.07996580331444386,0
21,2,0.345430463552475,0.6515827105248289,0.0,0.08012331628164213,90.1639344262295,98.36065573770492,0.08017616611663161,-0.6346129691782648,0.0,0.08,0.08012331628164213,0.08012331628164213,0
21,0,0.3239811062812805,0.6515827105248289,0.0,0.0799760623201107,91.37055837563452,99.49238578680203,0.07996580331444386,-0.6987191268333605,0.0,0.08,0.0799760623201107,0.0799760623201107,0
21,5,1.1334000825881958,0.6515827105248289,0.5535729675814796,0.45504940343840616,42.1875,100.0,0.42598841602693016,0.5535729675814796,0.5535729675814796,0.5228583740651837,0.45504940343840616,0.45504940343840616,0
21,17,0.24002587795257568,0.6515827105248289,0.0,0.0799760623201107,89.453125,100.0,0.07996580331444386,-0.9986575738508101,0.0,0.08,0.0799760623201107,0.0799760623201107,0
21,16,0.08470845222473145,0.6515827105248289,0.0,0.0799760623201107,96.484375,100.0,0.07996580331444386,-2.0401888529749206,0.0,0.08,0.0799760623201107,0.0799760623201107,0
21,3,0.24502530694007874,0.6515827105248289,0.0,0.0799760623201107,94.73684210526316,100.0,0.07996580331444386,-0.9780428181893059,0.0,0.08,0.0799760623201107,0.0799760623201107,0
21,13,0.1110973134636879,0.6515827105248289,0.0,0.0799760623201107,90.625,99.375,0.07996580331444386,-1.7689977527252443,0.0,0.08,0.0799760623201107,0.0799760623201107,0
21,10,0.15231092274188995,0.6515827105248289,0.0,0.0799760623201107,98.28326180257511,99.14163090128756,0.07996580331444386,-1.4534803162659098,0.0,0.08,0.0799760623201107,0.0799760623201107,0
21,4,0.3095911145210266,0.6515827105248289,0.0,0.0799760623201107,88.81118881118881,99.3006993006993,0.07996580331444386,-0.7441518841077915,0.0,0.08,0.0799760623201107,0.0799760623201107,0
21,6,0.22923241555690765,0.6515827105248289,0.0,0.0799760623201107,91.48936170212765,98.93617021276596,0.07996580331444386,-1.0446679102490632,0.0,0.08,0.0799760623201107,0.0799760623201107,0
21,15,0.2549736499786377,0.6515827105248289,0.0,0.0799760623201107,95.3125,99.609375,0.07996580331444386,-0.9382441122229056,0.0,0.08,0.0799760623201107,0.0799760623201107,0
21,19,0.1489797979593277,0.6515827105248289,0.0,0.0799760623201107,98.4375,100.0,0.07996580331444386,-1.4755935781339955,0.0,0.08,0.0799760623201107,0.0799760623201107,0
21,11,0.1872663050889969,0.6515827105248289,0.0,0.0799760623201107,90.625,99.609375,0.07996580331444386,-1.246872609261673,0.0,0.08,0.0799760623201107,0.0799760623201107,0
21,12,0.2435869425535202,0.6515827105248289,0.0,0.0799760623201107,92.578125,100.0,0.07996580331444386,-0.9839303843895345,0.0,0.08,0.0799760623201107,0.0799760623201107,0
21,7,0.19091679155826569,0.6515827105248289,0.0,0.0799760623201107,92.63157894736842,96.84210526315789,0.07996580331444386,-1.227566618632447,0.0,0.08,0.0799760623201107,0.0799760623201107,0
21,8,0.08459087461233139,0.6515827105248289,0.0,0.0799760623201107,98.828125,100.0,0.07996580331444386,-2.0415778439367904,0.0,0.08,0.0799760623201107,0.0799760623201107,0
21,1,0.5302179455757141,0.6515827105248289,0.0,0.09839892932042796,89.1891891891892,94.5945945945946,0.10628418474346851,-0.20611619889795366,0.0,0.08,0.09839892932042796,0.09839892932042796,0
21,18,0.3797701299190521,0.6515827105248289,0.0,0.0799925218256629,86.328125,100.0,0.07998931689380415,-0.539838183096889,0.0,0.08,0.0799925218256629,0.0799925218256629,0
21,9,0.15251728892326355,0.6515827105248289,0.0,0.0799760623201107,95.3125,99.21875,0.07996580331444386,-1.4521263326681741,0.0,0.08,0.0799760623201107,0.0799760623201107,0
21,14,0.1823754608631134,0.6515827105248289,0.0,0.0799760623201107,96.09375,100.0,0.07996580331444386,-1.2733367691648427,0.0,0.08,0.0799760623201107,0.0799760623201107,0
22,16,0.036633267998695374,0.6098873541478201,0.0,0.0799832436240775,98.046875,100.0,0.0799760623201107,-2.8123172289389893,0.0,0.08,0.0799832436240775,0.0799832436240775,0
22,6,0.18023833632469177,0.6098873541478201,0.0,0.0799832436240775,97.87234042553192,98.93617021276596,0.0799760623201107,-1.2189941699496534,0.0,0.08,0.0799832436240775,0.0799832436240775,0
22,13,0.1923561990261078,0.6098873541478201,0.0,0.0799832436240775,92.5,100.0,0.0799760623201107,-1.1539253826681248,0.0,0.08,0.0799832436240775,0.0799832436240775,0
22,8,0.08446837216615677,0.6098873541478201,0.0,0.0799832436240775,97.265625,100.0,0.0799760623201107,-1.9768970023860937,0.0,0.08,0.0799832436240775,0.0799832436240775,0
22,14,0.19244173169136047,0.6098873541478201,0.0,0.0799832436240775,91.796875,100.0,0.0799760623201107,-1.153480823821063,0.0,0.08,0.0799832436240775,0.0799832436240775,0
22,9,0.148069828748703,0.6098873541478201,0.0,0.0799832436240775,95.3125,99.609375,0.0799760623201107,-1.415590245280322,0.0,0.08,0.0799832436240775,0.0799832436240775,0
22,5,1.0711311101913452,0.6098873541478201,0.5631961995908141,0.4777016703086797,49.21875,100.0,0.45504940343840616,0.5631961995908141,0.5631961995908141,0.5305569596726513,0.4777016703086797,0.4777016703086797,0
22,19,0.15058819949626923,0.6098873541478201,0.0,0.0799832436240775,97.265625,99.609375,0.0799760623201107,-1.398725269076103,0.0,0.08,0.0799832436240775,0.0799832436240775,0
22,17,0.2110234498977661,0.6098873541478201,0.0,0.0799832436240775,89.0625,100.0,0.0799760623201107,-1.061304979534496,0.0,0.08,0.0799832436240775,0.0799832436240775,0
22,2,0.4510004222393036,0.6098873541478201,0.0,0.08008632139714948,89.34426229508196,99.18032786885246,0.08012331628164213,-0.30180599327542074,0.0,0.08,0.08008632139714948,0.08008632139714948,0
22,0,0.3244360089302063,0.6098873541478201,0.0,0.0799832436240775,93.4010152284264,98.4771573604061,0.0799760623201107,-0.6311859426414708,0.0,0.08,0.0799832436240775,0.0799832436240775,0
22,10,0.16468778252601624,0.6098873541478201,0.0,0.0799832436240775,95.27896995708154,99.57081545064378,0.0799760623201107,-1.3092227761964845,0.0,0.08,0.0799832436240775,0.0799832436240775,0
22,3,0.30762842297554016,0.6098873541478201,0.0,0.0799832436240775,92.10526315789474,98.94736842105263,0.0799760623201107,-0.6843816229190207,0.0,0.08,0.0799832436240775,0.0799832436240775,0
22,11,0.1914166510105133,0.6098873541478201,0.0,0.0799832436240775,92.578125,100.0,0.0799760623201107,-1.158821767827453,0.0,0.08,0.0799832436240775,0.0799832436240775,0
22,7,0.19067393243312836,0.6098873541478201,0.0,0.0799832436240775,93.6842105263158,100.0,0.0799760623201107,-1.162709429581705,0.0,0.08,0.0799832436240775,0.0799832436240775,0
22,4,0.34477970004081726,0.6098873541478201,0.0,0.0799832436240775,83.21678321678321,98.6013986013986,0.0799760623201107,-0.570368599710852,0.0,0.08,0.0799832436240775,0.0799832436240775,0
22,18,0.3561859726905823,0.6098873541478201,0.0,0.07999476527796402,88.671875,99.609375,0.0799925218256629,-0.5378212734549973,0.0,0.08,0.07999476527796402,0.07999476527796402,0
22,1,0.44729459285736084,0.6098873541478201,0.0,0.09287925052429957,86.48648648648648,97.29729729729729,0.09839892932042796,-0.3100568468602249,0.0,0.08,0.09287925052429957,0.09287925052429957,0
22,15,0.22043295204639435,0.6098873541478201,0.0,0.0799832436240775,93.359375,99.609375,0.0799760623201107,-1.0176806695187997,0.0,0.08,0.0799832436240775,0.0799832436240775,0
22,12,0.20211252570152283,0.6098873541478201,0.0,0.0799832436240775,91.40625,99.609375,0.0799760623201107,-1.1044496414718912,0.0,0.08,0.0799832436240775,0.0799832436240775,0
23,7,0.15448912978172302,0.5686263316026823,0.0,0.07998827053685424,93.6842105263158,97.89473684210526,0.0799832436240775,-1.3030997240755666,0.0,0.08,0.07998827053685424,0.07998827053685424,0
23,1,0.6005151867866516,0.5686263316026823,0.05456442282071418,0.1021109368439811,75.67567567567568,97.29729729729729,0.09287925052429957,0.05456442282071418,0.05456442282071418,0.12365153825657135,0.1021109368439811,0.1021109368439811,0
23,11,0.16414593160152435,0.5686263316026823,0.0,0.07998827053685424,93.359375,99.609375,0.0799832436240775,-1.2424676053448345,0.0,0.08,0.07998827053685424,0.07998827053685424,0
23,0,0.24503949284553528,0.5686263316026823,0.0,0.07998827053685424,94.41624365482234,100.0,0.0799832436240775,-0.84180409161598,0.0,0.08,0.07998827053685424,0.07998827053685424,0
23,9,0.10530164837837219,0.5686263316026823,0.0,0.07998827053685424,97.65625,100.0,0.0799832436240775,-1.6863943571695177,0.0,0.08,0.07998827053685424,0.07998827053685424,0
23,19,0.1748577058315277,0.5686263316026823,0.0,0.07998827053685424,96.09375,100.0,0.0799832436240775,-1.1792509344419073,0.0,0.08,0.07998827053685424,0.07998827053685424,0
23,12,0.19695957005023956,0.5686263316026823,0.0,0.07998827053685424,92.578125,99.21875,0.0799832436240775,-1.0602249949915163,0.0,0.08,0.07998827053685424,0.07998827053685424,0
23,8,0.06606928259134293,0.5686263316026823,0.0,0.07998827053685424,98.828125,100.0,0.0799832436240775,-2.152519446240437,0.0,0.08,0.07998827053685424,0.07998827053685424,0
23,18,0.4223442077636719,0.5686263316026823,0.0,0.07999633569457482,87.5,100.0,0.07999476527796402,-0.29740286181503556,0.0,0.08,0.07999633569457482,0.07999633569457482,0
23,16,0.048650216311216354,0.5686263316026823,0.0,0.07998827053685424,98.828125,100.0,0.0799832436240775,-2.4585670648230313,0.0,0.08,0.07998827053685424,0.07998827053685424,0
23,14,0.2356722205877304,0.5686263316026823,0.0,0.07998827053685424,97.65625,100.0,0.0799832436240775,-0.8807815390348648,0.0,0.08,0.07998827053685424,0.07998827053685424,0
23,10,0.16547560691833496,0.5686263316026823,0.0,0.07998827053685424,96.99570815450643,100.0,0.0799832436240775,-1.2343996711033525,0.0,0.08,0.07998827053685424,0.07998827053685424,0
23,2,0.44908607006073,0.5686263316026823,0.0,0.08006042497800464,85.24590163934427,99.18032786885246,0.08008632139714948,-0.23600894084321278,0.0,0.08,0.08006042497800464,0.08006042497800464,0
23,13,0.23345521092414856,0.5686263316026823,0.0,0.07998827053685424,95.0,97.5,0.0799832436240775,-0.8902332398938136,0.0,0.08,0.07998827053685424,0.07998827053685424,0
23,15,0.27879616618156433,0.5686263316026823,0.0,0.07998827053685424,95.3125,100.0,0.0799832436240775,-0.712742561749635,0.0,0.08,0.07998827053685424,0.07998827053685424,0
23,4,0.34947508573532104,0.5686263316026823,0.0,0.07998827053685424,86.01398601398601,99.3006993006993,0.0799832436240775,-0.4867912229702351,0.0,0.08,0.07998827053685424,0.07998827053685424,0
23,5,1.0279686450958252,0.5686263316026823,0.5921164291305357,0.5004991122074043,56.25,100.0,0.4777016703086797,0.5921164291305357,0.5921164291305357,0.5536931433044286,0.5004991122074043,0.5004991122074043,0
23,17,0.24806013703346252,0.5686263316026823,0.0,0.07998827053685424,91.40625,100.0,0.0799832436240775,-0.8295522801473194,0.0,0.08,0.07998827053685424,0.07998827053685424,0
23,6,0.25387728214263916,0.5686263316026823,0.0,0.07998827053685424,94.68085106382979,96.80851063829788,0.0799832436240775,-0.8063724767811575,0.0,0.08,0.07998827053685424,0.07998827053685424,0
23,3,0.2860807478427887,0.5686263316026823,0.0,0.07998827053685424,94.21052631578948,99.47368421052632,0.0799832436240775,-0.6869493842271835,0.0,0.08,0.07998827053685424,0.07998827053685424,0
24,5,1.2117555141448975,0.5357992841140774,0.7,0.542349378545183,50.78125,98.4375,0.5004991122074043,0.8160657938640624,0.7,0.6399999999999999,0.542349378545183,0.542349378545183,0
24,0,0.3755519986152649,0.5357992841140774,0.0,0.07999178937579796,90.86294416243655,100.0,0.07998827053685424,-0.35536267308603087,0.0,0.08,0.07999178937579796,0.07999178937579796,0
24,15,0.338819295167923,0.5357992841140774,0.0,0.07999178937579796,92.1875,100.0,0.07998827053685424,-0.45829269749704543,0.0,0.08,0.07999178937579796,0.07999178937579796,0
24,1,0.5243155360221863,0.5357992841140774,0.0,0.09547765579078676,83.78378378378379,94.5945945945946,0.1021109368439811,-0.02166594952229951,0.0,0.08,0.09547765579078676,0.09547765579078676,0
24,17,0.23879140615463257,0.5357992841140774,0.0,0.07999178937579796,94.53125,100.0,0.07998827053685424,-0.8081692045454463,0.0,0.08,0.07999178937579796,0.07999178937579796,0
24,7,0.11643239110708237,0.5357992841140774,0.0,0.07999178937579796,93.6842105263158,98.94736842105263,0.07998827053685424,-1.5264487830778553,0.0,0.08,0.07999178937579796,0.07999178937579796,0
24,2,0.411223441362381,0.5357992841140774,0.0,0.08004229748460324,87.70491803278688,99.18032786885246,0.08006042497800464,-0.26462289562868935,0.0,0.08,0.08004229748460324,0.08004229748460324,0
24,9,0.09180551767349243,0.5357992841140774,0.0,0.07999178937579796,95.703125,100.0,0.07998827053685424,-1.7640871295448768,0.0,0.08,0.07999178937579796,0.07999178937579796,0
24,18,0.47592219710350037,0.5357992841140774,0.0,0.07999743498620238,87.109375,100.0,0.07999633569457482,-0.1185052292463325,0.0,0.08,0.07999743498620238,0.07999743498620238,0
24,11,0.2063787579536438,0.5357992841140774,0.0,0.07999178937579796,94.140625,100.0,0.07998827053685424,-0.954046479792271,0.0,0.08,0.07999178937579796,0.07999178937579796,0
24,14,0.1721893846988678,0.5357992841140774,0.0,0.07999178937579796,96.875,100.0,0.07998827053685424,-1.135164636684232,0.0,0.08,0.07999178937579796,0.07999178937579796,0
24,3,0.2057456374168396,0.5357992841140774,0.0,0.07999178937579796,93.6842105263158,99.47368421052632,0.07998827053685424,-0.9571189550509633,0.0,0.08,0.07999178937579796,0.07999178937579796,0
24,4,0.271797776222229,0.5357992841140774,0.0,0.07999178937579796,80.41958041958041,99.3006993006993,0.07998827053685424,-0.6787012828605803,0.0,0.08,0.07999178937579796,0.07999178937579796,0
24,13,0.23270103335380554,0.5357992841140774,0.0,0.07999178937579796,95.625,99.375,0.07998827053685424,-0.8340050856821998,0.0,0.08,0.07999178937579796,0.07999178937579796,0
24,8,0.04603639617562294,0.5357992841140774,0.0,0.07999178937579796,98.828125,100.0,0.07998827053685424,-2.454327117599497,0.0,0.08,0.07999178937579796,0.07999178937579796,0
24,12,0.1727096289396286,0.5357992841140774,0.0,0.07999178937579796,94.921875,100.0,0.07998827053685424,-1.1321478428716412,0.0,0.08,0.07999178937579796,0.07999178937579796,0
24,6,0.13607706129550934,0.5357992841140774,0.0,0.07999178937579796,92.55319148936171,100.0,0.07998827053685424,-1.370538213742586,0.0,0.08,0.07999178937579796,0.07999178937579796,0
24,19,0.08278167992830276,0.5357992841140774,0.0,0.07999178937579796,96.875,99.609375,0.07998827053685424,-1.867552738861304,0.0,0.08,0.07999178937579796,0.07999178937579796,0
24,16,0.06744448840618134,0.5357992841140774,0.0,0.07999178937579796,98.4375,100.0,0.07998827053685424,-2.0724546258521,0.0,0.08,0.07999178937579796,0.07999178937579796,0
24,10,0.1920555830001831,0.5357992841140774,0.0,0.07999178937579796,96.13733905579399,99.57081545064378,0.07998827053685424,-1.025974762673581,0.0,0.08,0.07999178937579796,0.07999178937579796,0
25,0,0.3262931704521179,0.5028255754711938,0.0,0.07999425256305856,89.34010152284264,98.4771573604061,0.07999178937579796,-0.4324470576472143,0.0,0.08,0.07999425256305856,0.07999425256305856,0
25,16,0.07065980136394501,0.5028255754711938,0.0,0.07999425256305856,99.609375,100.0,0.07999178937579796,-1.9623663891048924,0.0,0.08,0.07999425256305856,0.07999425256305856,0
25,17,0.21207597851753235,0.5028255754711938,0.0,0.07999425256305856,95.703125,100.0,0.07999178937579796,-0.863298714549854,0.0,0.08,0.07999425256305856,0.07999425256305856,0
25,15,0.2783651053905487,0.5028255754711938,0.0,0.07999425256305856,93.75,100.0,0.07999178937579796,-0.591309744706525,0.0,0.08,0.07999425256305856,0.07999425256305856,0
25,2,0.3923943042755127,0.5028255754711938,0.0,0.08002960823922227,86.88524590163935,100.0,0.08004229748460324,-0.24797612342998893,0.0,0.08,0.08002960823922227,0.08002960823922227,0
25,4,0.2355366200208664,0.5028255754711938,0.0,0.07999425256305856,86.7132867132867,100.0,0.07999178937579796,-0.7583769185513117,0.0,0.08,0.07999425256305856,0.07999425256305856,0
25,18,0.22213983535766602,0.5028255754711938,0.0,0.07999820449034166,88.671875,99.609375,0.07999743498620238,-0.8169362438116855,0.0,0.08,0.07999820449034166,0.07999820449034166,0
25,6,0.24553154408931732,0.5028255754711938,0.0,0.07999425256305856,91.48936170212765,96.80851063829788,0.07999178937579796,-0.7168178925316372,0.0,0.08,0.07999425256305856,0.07999425256305856,0
25,8,0.0743178129196167,0.5028255754711938,0.0,0.07999425256305856,98.046875,100.0,0.07999178937579796,-1.911892560657129,0.0,0.08,0.07999425256305856,0.07999425256305856,0
25,13,0.22624631226062775,0.5028255754711938,0.0,0.07999425256305856,95.0,100.0,0.07999178937579796,-0.7986190341560665,0.0,0.08,0.07999425256305856,0.07999425256305856,0
25,14,0.21593990921974182,0.5028255754711938,0.0,0.07999425256305856,95.3125,100.0,0.07999178937579796,-0.8452431441700048,0.0,0.08,0.07999425256305856,0.07999425256305856,0
25,7,0.11269591748714447,0.5028255754711938,0.0,0.07999425256305856,97.89473684210526,98.94736842105263,0.07999178937579796,-1.4955500768822452,0.0,0.08,0.07999425256305856,0.07999425256305856,0
25,1,0.4691029191017151,0.5028255754711938,0.0,0.09083435905355072,75.67567567567568,100.0,0.09547765579078676,-0.06942115199934823,0.0,0.08,0.09083435905355072,0.09083435905355072,0
25,10,0.17155137658119202,0.5028255754711938,0.0,0.07999425256305856,98.28326180257511,100.0,0.07999178937579796,-1.0753605094654795,0.0,0.08,0.07999425256305856,0.07999425256305856,0
25,3,0.24683208763599396,0.5028255754711938,0.0,0.07999425256305856,91.57894736842105,99.47368421052632,0.07999178937579796,-0.7115350225763666,0.0,0.08,0.07999425256305856,0.07999425256305856,0
25,9,0.119170643389225,0.5028255754711938,0.0,0.07999425256305856,98.4375,100.0,0.07999178937579796,-1.4396868334815178,0.0,0.08,0.07999425256305856,0.07999425256305856,0
25,5,1.111026644706726,0.5028255754711938,0.7,0.571644564981628,48.046875,99.609375,0.542349378545183,0.7927964195847128,0.7,0.6399999999999999,0.571644564981628,0.571644564981628,0
25,19,0.0966067761182785,0.5028255754711938,0.0,0.07999425256305856,98.828125,100.0,0.07999178937579796,-1.6495943729796396,0.0,0.08,0.07999425256305856,0.07999425256305856,0
25,12,0.16905826330184937,0.5028255754711938,0.0,0.07999425256305856,93.75,100.0,0.07999178937579796,-1.089999893476434,0.0,0.08,0.07999425256305856,0.07999425256305856,0
25,11,0.1781352460384369,0.5028255754711938,0.0,0.07999425256305856,92.578125,100.0,0.07999178937579796,-1.0377002342773143,0.0,0.08,0.07999425256305856,0.07999425256305856,0
26,14,0.1866316795349121,0.4744470051529448,0.0,0.07999597679414099,96.09375,99.609375,0.07999425256305856,-0.9330128472147371,0.0,0.08,0.07999597679414099,0.07999597679414099,0
26,1,0.6147303581237793,0.4744470051529448,0.2590337986279025,0.1497521630081821,78.37837837837837,100.0,0.09083435905355072,0.2590337986279025,0.2590337986279025,0.287227038902322,0.1497521630081821,0.1497521630081821,0
26,4,0.24022066593170166,0.4744470051529448,0.0,0.07999597679414099,87.41258741258741,99.3006993006993,0.07999425256305856,-0.680591963301768,0.0,0.08,0.07999597679414099,0.07999597679414099,0
26,7,0.12699027359485626,0.4744470051529448,0.0,0.07999597679414099,98.94736842105263,95.78947368421052,0.07999425256305856,-1.3180393708222689,0.0,0.08,0.07999597679414099,0.07999597679414099,0
26,12,0.19966460764408112,0.4744470051529448,0.0,0.07999597679414099,94.53125,100.0,0.07999425256305856,-0.865510900048864,0.0,0.08,0.07999597679414099,0.07999597679414099,0
26,18,0.34731146693229675,0.4744470051529448,0.0,0.07999874314323915,88.28125,100.0,0.07999820449034166,-0.3119279418602344,0.0,0.08,0.07999874314323915,0.07999874314323915,0
26,19,0.13061559200286865,0.4744470051529448,0.0,0.07999597679414099,96.875,99.609375,0.07999425256305856,-1.2898912734856371,0.0,0.08,0.07999597679414099,0.07999597679414099,0
26,5,0.9339272975921631,0.4744470051529448,0.6772486588426277,0.5866908736093702,59.765625,99.609375,0.571644564981628,0.6772486588426277,0.6772486588426277,0.6217989270741022,0.5866908736093702,0.5866908736093702,0
26,8,0.10313103348016739,0.4744470051529448,0.0,0.07999597679414099,97.265625,100.0,0.07999425256305856,-1.526149500845147,0.0,0.08,0.07999597679414099,0.07999597679414099,0
26,10,0.16383782029151917,0.4744470051529448,0.0,0.07999597679414099,94.4206008583691,100.0,0.07999425256305856,-1.0632728483130833,0.0,0.08,0.07999597679414099,0.07999597679414099,0
26,15,0.18107828497886658,0.4744470051529448,0.0,0.07999597679414099,91.40625,100.0,0.07999425256305856,-0.9632204405480588,0.0,0.08,0.07999597679414099,0.07999597679414099,0
26,17,0.2676948010921478,0.4744470051529448,0.0,0.07999597679414099,95.3125,99.609375,0.07999425256305856,-0.5723023801826569,0.0,0.08,0.07999597679414099,0.07999597679414099,0
26,0,0.26215189695358276,0.4744470051529448,0.0,0.07999597679414099,90.86294416243655,97.96954314720813,0.07999425256305856,-0.5932258139507175,0.0,0.08,0.07999597679414099,0.07999597679414099,0
26,3,0.16823233664035797,0.4744470051529448,0.0,0.07999597679414099,94.21052631578948,100.0,0.07999425256305856,-1.0368039075926192,0.0,0.08,0.07999597679414099,0.07999597679414099,0
26,2,0.37555742263793945,0.4744470051529448,0.0,0.08002072576745559,89.34426229508196,100.0,0.08002960823922227,-0.23373853795021077,0.0,0.08,0.08002072576745559,0.08002072576745559,0
26,9,0.11894631385803223,0.4744470051529448,0.0,0.07999597679414099,96.484375,99.609375,0.07999425256305856,-1.383477615890101,0.0,0.08,0.07999597679414099,0.07999597679414099,0
26,13,0.12191851437091827,0.4744470051529448,0.0,0.07999597679414099,93.125,99.375,0.07999425256305856,-1.3587969586187374,0.0,0.08,0.07999597679414099,0.07999597679414099,0
26,16,0.047144368290901184,0.4744470051529448,0.0,0.07999597679414099,97.265625,100.0,0.07999425256305856,-2.3089351755655816,0.0,0.08,0.07999597679414099,0.07999597679414099,0
26,6,0.20229649543762207,0.4744470051529448,0.0,0.07999597679414099,95.74468085106383,100.0,0.07999425256305856,-0.8524154773614853,0.0,0.08,0.07999597679414099,0.07999597679414099,0
26,11,0.15574456751346588,0.4744470051529448,0.0,0.07999597679414099,93.359375,100.0,0.07999425256305856,-1.113932605488281,0.0,0.08,0.07999597679414099,0.07999597679414099,0
27,15,0.19454219937324524,0.44538780286333923,0.0,0.07999718375589868,92.1875,100.0,0.07999597679414099,-0.8282962379335491,0.0,0.08,0.07999718375589868,0.07999718375589868,0
27,19,0.1149444729089737,0.44538780286333923,0.0,0.07999718375589868,98.046875,100.0,0.07999597679414099,-1.3544961377350702,0.0,0.08,0.07999718375589868,0.07999718375589868,0
27,7,0.1807156652212143,0.44538780286333923,0.0,0.07999718375589868,93.6842105263158,100.0,0.07999597679414099,-0.902020451172326,0.0,0.08,0.07999718375589868,0.07999718375589868,0
27,8,0.10117652267217636,0.44538780286333923,0.0,0.07999718375589868,97.65625,100.0,0.07999597679414099,-1.4820785528487774,0.0,0.08,0.07999718375589868,0.07999718375589868,0
27,3,0.19367019832134247,0.44538780286333923,0.0,0.07999718375589868,93.15789473684211,100.0,0.07999597679414099,-0.832788636830089,0.0,0.08,0.07999718375589868,0.07999718375589868,0
27,2,0.25344163179397583,0.44538780286333923,0.0,0.0800145080372189,88.52459016393442,100.0,0.08002072576745559,-0.563811805577042,0.0,0.08,0.0800145080372189,0.0800145080372189,0
27,5,0.8994003534317017,0.44538780286333923,0.7,0.6026836115265591,56.25,100.0,0.5866908736093702,0.7027828861986959,0.7,0.6399999999999999,0.6026836115265591,0.6026836115265591,0
27,1,0.2727360427379608,0.44538780286333923,0.0,0.12882651410572746,81.08108108108108,97.29729729729729,0.1497521630081821,-0.49044090451401595,0.0,0.08,0.12882651410572746,0.12882651410572746,0
27,18,0.2514495551586151,0.44538780286333923,0.0,0.0799991202002674,92.1875,100.0,0.07999874314323915,-0.5717029589391355,0.0,0.08,0.0799991202002674,0.0799991202002674,0
27,17,0.1995241791009903,0.44538780286333923,0.0,0.07999718375589868,94.921875,100.0,0.07999597679414099,-0.8030099146138042,0.0,0.08,0.07999718375589868,0.07999718375589868,0
27,10,0.13585445284843445,0.44538780286333923,0.0,0.07999718375589868,94.4206008583691,99.57081545064378,0.07999597679414099,-1.187361205592391,0.0,0.08,0.07999718375589868,0.07999718375589868,0
27,12,0.21933326125144958,0.44538780286333923,0.0,0.07999718375589868,95.3125,100.0,0.07999597679414099,-0.7083530326111543,0.0,0.08,0.07999718375589868,0.07999718375589868,0
27,16,0.044838011264801025,0.44538780286333923,0.0,0.07999718375589868,97.265625,100.0,0.07999597679414099,-2.2958889237856597,0.0,0.08,0.07999718375589868,0.07999718375589868,0
27,11,0.20602698624134064,0.44538780286333923,0.0,0.07999718375589868,92.96875,100.0,0.07999597679414099,-0.7709381823016564,0.0,0.08,0.07999718375589868,0.07999718375589868,0
27,13,0.1833946704864502,0.44538780286333923,0.0,0.07999718375589868,96.875,99.375,0.07999597679414099,-0.8873048377996954,0.0,0.08,0.07999718375589868,0.07999718375589868,0
27,14,0.0909186601638794,0.44538780286333923,0.0,0.07999718375589868,97.265625,100.0,0.07999597679414099,-1.5889800197849984,0.0,0.08,0.07999718375589868,0.07999718375589868,0
27,9,0.13240830600261688,0.44538780286333923,0.0,0.07999718375589868,96.09375,100.0,0.07999597679414099,-1.2130549410023188,0.0,0.08,0.07999718375589868,0.07999718375589868,0
27,0,0.22543536126613617,0.44538780286333923,0.0,0.07999718375589868,91.37055837563452,98.98477157360406,0.07999597679414099,-0.680911876279675,0.0,0.08,0.07999718375589868,0.07999718375589868,0
27,4,0.2712470293045044,0.44538780286333923,0.0,0.07999718375589868,90.9090909090909,100.0,0.07999597679414099,-0.49591540243155485,0.0,0.08,0.07999718375589868,0.07999718375589868,0
27,6,0.1513695865869522,0.44538780286333923,0.0,0.07999718375589868,91.48936170212765,97.87234042553192,0.07999597679414099,-1.0792208865285586,0.0,0.08,0.07999718375589868,0.07999718375589868,0
28,0,0.23063038289546967,0.4202596424617347,0.0,0.07999802862912907,93.4010152284264,99.49238578680203,0.07999718375589868,-0.6000563420550613,0.0,0.08,0.07999802862912907,0.07999802862912907,0
28,18,0.2764160633087158,0.4202596424617347,0.0,0.07999938414018717,89.84375,100.0,0.0799991202002674,-0.41896549785529935,0.0,0.08,0.07999938414018717,0.07999938414018717,0
28,15,0.19360819458961487,0.4202596424617347,0.0,0.07999802862912907,91.015625,99.609375,0.07999718375589868,-0.7750361873819522,0.0,0.08,0.07999802862912907,0.07999802862912907,0
28,12,0.1492588073015213,0.4202596424617347,0.0,0.07999802862912907,96.484375,100.0,0.07999718375589868,-1.0351909124802119,0.0,0.08,0.07999802862912907,0.07999802862912907,0
28,16,0.0728980079293251,0.4202596424617347,0.0,0.07999802862912907,98.046875,100.0,0.07999718375589868,-1.7518112906582095,0.0,0.08,0.07999802862912907,0.07999802862912907,0
28,6,0.2487134486436844,0.4202596424617347,0.0,0.07999802862912907,94.68085106382979,100.0,0.07999718375589868,-0.5245712750820858,0.0,0.08,0.07999802862912907,0.07999802862912907,0
28,11,0.12915411591529846,0.4202596424617347,0.0,0.07999802862912907,96.484375,100.0,0.07999718375589868,-1.1798662746812791,0.0,0.08,0.07999802862912907,0.07999802862912907,0
28,5,0.8445584774017334,0.4202596424617347,0.6979412502850788,0.6133844281370103,65.625,99.609375,0.6026836115265591,0.6979412502850788,0.6979412502850788,0.6383530002280631,0.6133844281370103,0.6133844281370103,0
28,17,0.17477259039878845,0.4202596424617347,0.0,0.07999802862912907,92.578125,100.0,0.07999718375589868,-0.8773870377605963,0.0,0.08,0.07999802862912907,0.07999802862912907,0
28,1,0.4558015763759613,0.4202596424617347,0.08118485682162947,0.1336629255112003,83.78378378378379,100.0,0.12882651410572746,0.08118485682162947,0.08118485682162947,0.14494788545730358,0.1336629255112003,0.1336629255112003,0
28,4,0.278862327337265,0.4202596424617347,0.0,0.07999802862912907,92.3076923076923,100.0,0.07999718375589868,-0.4101544949144803,0.0,0.08,0.07999802862912907,0.07999802862912907,0
28,9,0.11341176927089691,0.4202596424617347,0.0,0.07999802862912907,94.921875,100.0,0.07999718375589868,-1.3098474808648255,0.0,0.08,0.07999802862912907,0.07999802862912907,0
28,14,0.13845191895961761,0.4202596424617347,0.0,0.07999802862912907,96.484375,100.0,0.07999718375589868,-1.1103495583490754,0.0,0.08,0.07999802862912907,0.07999802862912907,0
28,3,0.19095201790332794,0.4202596424617347,0.0,0.07999802862912907,93.6842105263158,100.0,0.07999718375589868,-0.7888505067148827,0.0,0.08,0.07999802862912907,0.07999802862912907,0
28,2,0.3316342532634735,0.4202596424617347,0.0,0.08001015562605324,90.98360655737704,100.0,0.0800145080372189,-0.23683999539049122,0.0,0.08,0.08001015562605324,0.08001015562605324,0
28,10,0.11524748802185059,0.4202596424617347,0.0,0.07999802862912907,96.13733905579399,100.0,0.07999718375589868,-1.293790767901895,0.0,0.08,0.07999802862912907,0.07999802862912907,0
28,8,0.08570695668458939,0.4202596424617347,0.0,0.07999802862912907,97.65625,100.0,0.07999718375589868,-1.5899386265698285,0.0,0.08,0.07999802862912907,0.07999802862912907,0
28,13,0.14366918802261353,0.4202596424617347,0.0,0.07999802862912907,93.75,98.75,0.07999718375589868,-1.0733593194776745,0.0,0.08,0.07999802862912907,0.07999802862912907,0
28,7,0.1417342573404312,0.4202596424617347,0.0,0.07999802862912907,100.0,98.94736842105263,0.07999718375589868,-1.086918792736926,0.0,0.08,0.07999802862912907,0.07999802862912907,0
28,19,0.13632692396640778,0.4202596424617347,0.0,0.07999802862912907,95.703125,100.0,0.07999718375589868,-1.1258168132537367,0.0,0.08,0.07999802862912907,0.07999802862912907,0
29,10,0.1762867122888565,0.39443524810057673,0.0,0.07999862004039035,97.42489270386267,99.14163090128756,0.07999802862912907,-0.8053432421377879,0.0,0.08,0.07999862004039035,0.07999862004039035,0
29,17,0.18868020176887512,0.39443524810057673,0.0,0.07999862004039035,93.75,100.0,0.07999802862912907,-0.7374014347535803,0.0,0.08,0.07999862004039035,0.07999862004039035,0
29,0,0.1828921139240265,0.39443524810057673,0.0,0.07999862004039035,90.86294416243655,99.49238578680203,0.07999802862912907,-0.7685585232677207,0.0,0.08,0.07999862004039035,0.07999862004039035,0
29,5,0.8845350742340088,0.39443524810057673,0.7,0.6213690996959071,65.625,99.21875,0.6133844281370103,0.8076071628858406,0.7,0.6399999999999999,0.6213690996959071,0.6213690996959071,0
29,15,0.21396279335021973,0.39443524810057673,0.0,0.07999862004039035,94.921875,99.609375,0.07999802862912907,-0.6116528317459499,0.0,0.08,0.07999862004039035,0.07999862004039035,0
29,1,0.4264788031578064,0.39443524810057673,0.07810767409217258,0.13630988963996163,83.78378378378379,97.29729729729729,0.1336629255112003,0.07810767409217258,0.07810767409217258,0.14248613927373807,0.13630988963996163,0.13630988963996163,0
29,6,0.15312790870666504,0.39443524810057673,0.0,0.07999862004039035,92.55319148936171,100.0,0.07999802862912907,-0.94618137348074,0.0,0.08,0.07999862004039035,0.07999862004039035,0
29,11,0.11255457252264023,0.39443524810057673,0.0,0.07999862004039035,96.875,99.609375,0.07999802862912907,-1.2540167335768406,0.0,0.08,0.07999862004039035,0.07999862004039035,0
29,13,0.2421322762966156,0.39443524810057673,0.0,0.07999862004039035,95.0,100.0,0.07999802862912907,-0.487970801145455,0.0,0.08,0.07999862004039035,0.07999862004039035,0
29,16,0.03821900114417076,0.39443524810057673,0.0,0.07999862004039035,99.21875,100.0,0.07999802862912907,-2.334121949794457,0.0,0.08,0.07999862004039035,0.07999862004039035,0
29,14,0.15756797790527344,0.39443524810057673,0.0,0.07999862004039035,96.875,100.0,0.07999802862912907,-0.9175979811764039,0.0,0.08,0.07999862004039035,0.07999862004039035,0
29,2,0.2093806117773056,0.39443524810057673,0.0,0.08000710893823726,93.44262295081967,100.0,0.08001015562605324,-0.6333012630410229,0.0,0.08,0.08000710893823726,0.08000710893823726,0
29,7,0.183488667011261,0.39443524810057673,0.0,0.07999862004039035,92.63157894736842,95.78947368421052,0.07999802862912907,-0.7653020556095108,0.0,0.08,0.07999862004039035,0.07999862004039035,0
29,19,0.10363467037677765,0.39443524810057673,0.0,0.07999862004039035,96.484375,100.0,0.07999802862912907,-1.3365829890597531,0.0,0.08,0.07999862004039035,0.07999862004039035,0
29,18,0.37934303283691406,0.39443524810057673,0.0,0.07999956889813102,92.578125,100.0,0.07999938414018717,-0.03901409361809077,0.0,0.08,0.07999956889813102,0.07999956889813102,0
29,4,0.27678558230400085,0.39443524810057673,0.0,0.07999862004039035,90.9090909090909,100.0,0.07999802862912907,-0.3542118440755945,0.0,0.08,0.07999862004039035,0.07999862004039035,0
29,9,0.1541932076215744,0.39443524810057673,0.0,0.07999862004039035,96.09375,100.0,0.07999802862912907,-0.9392485396735543,0.0,0.08,0.07999862004039035,0.07999862004039035,0
29,3,0.1846652626991272,0.39443524810057673,0.0,0.07999862004039035,92.10526315789474,99.47368421052632,0.07999802862912907,-0.7589101660495596,0.0,0.08,0.07999862004039035,0.07999862004039035,0
29,12,0.16203123331069946,0.39443524810057673,0.0,0.07999862004039035,95.703125,99.21875,0.07999802862912907,-0.8896658389596747,0.0,0.08,0.07999862004039035,0.07999862004039035,0
29,8,0.12113109230995178,0.39443524810057673,0.0,0.07999862004039035,98.4375,100.0,0.07999802862912907,-1.1805815663297532,0.0,0.08,0.07999862004039035,0.07999862004039035,0
30,4,0.3261527717113495,0.37331076233728344,0.0,0.07999903402827324,91.60839160839161,100.0,0.07999862004039035,-0.13504531541729164,0.0,0.08,0.07999903402827324,0.07999903402827324,0
30,6,0.14700207114219666,0.37331076233728344,0.0,0.07999903402827324,95.74468085106383,100.0,0.07999862004039035,-0.9319644984471402,0.0,0.08,0.07999903402827324,0.07999903402827324,0
30,3,0.1738307774066925,0.37331076233728344,0.0,0.07999903402827324,95.78947368421052,98.94736842105263,0.07999862004039035,-0.7643289026809423,0.0,0.08,0.07999903402827324,0.07999903402827324,0
30,14,0.1409372240304947,0.37331076233728344,0.0,0.07999903402827324,97.65625,100.0,0.07999862004039035,-0.9740966000054022,0.0,0.08,0.07999903402827324,0.07999903402827324,0
30,7,0.12274961173534393,0.37331076233728344,0.0,0.07999903402827324,92.63157894736842,96.84210526315789,0.07999862004039035,-1.1122645574714813,0.0,0.08,0.07999903402827324,0.07999903402827324,0
30,9,0.1203426644206047,0.37331076233728344,0.0,0.07999903402827324,96.484375,100.0,0.07999862004039035,-1.1320679491395724,0.0,0.08,0.07999903402827324,0.07999903402827324,0
30,18,0.23794960975646973,0.37331076233728344,0.0,0.07999969822869171,91.015625,100.0,0.07999956889813102,-0.45035227298733327,0.0,0.08,0.07999969822869171,0.07999969822869171,0
30,11,0.18338024616241455,0.37331076233728344,0.0,0.07999903402827324,96.875,99.21875,0.07999862004039035,-0.7108493430408304,0.0,0.08,0.07999903402827324,0.07999903402827324,0
30,17,0.22792518138885498,0.37331076233728344,0.0,0.07999903402827324,95.3125,100.0,0.07999862004039035,-0.4933937753839365,0.0,0.08,0.07999903402827324,0.07999903402827324,0
30,16,0.059684380888938904,0.37331076233728344,0.0,0.07999903402827324,98.046875,100.0,0.07999862004039035,-1.8333407154901675,0.0,0.08,0.07999903402827324,0.07999903402827324,0
30,10,0.08964206278324127,0.37331076233728344,0.0,0.07999903402827324,94.84978540772532,99.14163090128756,0.07999862004039035,-1.426586470471609,0.0,0.08,0.07999903402827324,0.07999903402827324,0
30,8,0.09949079900979996,0.37331076233728344,0.0,0.07999903402827324,96.875,100.0,0.07999862004039035,-1.3223459744183617,0.0,0.08,0.07999903402827324,0.07999903402827324,0
30,12,0.2398957759141922,0.37331076233728344,0.0,0.07999903402827324,94.53125,99.21875,0.07999862004039035,-0.4422066388742422,0.0,0.08,0.07999903402827324,0.07999903402827324,0
30,5,0.8947734236717224,0.37331076233728344,0.7,0.6269583697871349,60.546875,99.609375,0.6213690996959071,0.8741592969367361,0.7,0.6399999999999999,0.6269583697871349,0.6269583697871349,0
30,13,0.19512943923473358,0.37331076233728344,0.0,0.07999903402827324,96.25,100.0,0.07999862004039035,-0.6487480620082063,0.0,0.08,0.07999903402827324,0.07999903402827324,0
30,1,0.507046103477478,0.37331076233728344,0.3061907105040778,0.19290269326895182,89.1891891891892,100.0,0.13630988963996163,0.3061907105040778,0.3061907105040778,0.32495256840326225,0.19290269326895182,0.19290269326895182,0
30,15,0.31545019149780273,0.37331076233728344,0.0,0.07999903402827324,91.796875,100.0,0.07999862004039035,-0.16841041297591022,0.0,0.08,0.07999903402827324,0.07999903402827324,0
30,2,0.3395421802997589,0.37331076233728344,0.0,0.08000497625676609,93.44262295081967,100.0,0.08000710893823726,-0.09481303140824109,0.0,0.08,0.08000497625676609,0.08000497625676609,0
30,0,0.2843579351902008,0.37331076233728344,0.0,0.07999903402827324,93.4010152284264,100.0,0.07999862004039035,-0.27217742760634067,0.0,0.08,0.07999903402827324,0.07999903402827324,0
30,19,0.0955461710691452,0.37331076233728344,0.0,0.07999903402827324,96.875,100.0,0.07999862004039035,-1.3628015405471963,0.0,0.08,0.07999903402827324,0.07999903402827324,0
31,9,0.06524064391851425,0.3549051703734125,0.0,0.07999932381979127,96.875,100.0,0.07999903402827324,-1.6937678552804354,0.0,0.08,0.07999932381979127,0.07999932381979127,0
31,5,0.8827815651893616,0.3549051703734125,0.7,0.6308708588509944,65.234375,100.0,0.6269583697871349,0.9112271470284706,0.7,0.6399999999999999,0.6308708588509944,0.6308708588509944,0
31,0,0.24168610572814941,0.3549051703734125,0.0,0.07999932381979127,91.37055837563452,99.49238578680203,0.07999903402827324,-0.3842108144354167,0.0,0.08,0.07999932381979127,0.07999932381979127,0
31,18,0.24937203526496887,0.3549051703734125,0.0,0.07999978876008419,90.234375,99.21875,0.07999969822869171,-0.3529047172464271,0.0,0.08,0.07999978876008419,0.07999978876008419,0
31,3,0.14350266754627228,0.3549051703734125,0.0,0.07999932381979127,95.26315789473684,100.0,0.07999903402827324,-0.9054969623741902,0.0,0.08,0.07999932381979127,0.07999932381979127,0
31,12,0.1440756618976593,0.3549051703734125,0.0,0.07999932381979127,95.703125,99.609375,0.07999903402827324,-0.9015119954199291,0.0,0.08,0.07999932381979127,0.07999932381979127,0
31,6,0.19715462625026703,0.3549051703734125,0.0,0.07999932381979127,94.68085106382979,98.93617021276596,0.07999903402827324,-0.5878622798522435,0.0,0.08,0.07999932381979127,0.07999932381979127,0
31,1,0.38473787903785706,0.3549051703734125,0.08071163848027825,0.17840267852353303,89.1891891891892,100.0,0.19290269326895182,0.08071163848027825,0.08071163848027825,0.1445693107842226,0.17840267852353303,0.17840267852353303,0
31,16,0.04488176479935646,0.3549051703734125,0.0,0.07999932381979127,99.21875,100.0,0.07999903402827324,-2.067818850386085,0.0,0.08,0.07999932381979127,0.07999932381979127,0
31,2,0.2036728411912918,0.3549051703734125,0.0,0.08000348337973626,93.44262295081967,100.0,0.08000497625676609,-0.5553356203016917,0.0,0.08,0.08000348337973626,0.08000348337973626,0
31,17,0.2269526571035385,0.3549051703734125,0.0,0.07999932381979127,92.1875,100.0,0.07999903402827324,-0.44710917548208184,0.0,0.08,0.07999932381979127,0.07999932381979127,0
31,11,0.15349102020263672,0.3549051703734125,0.0,0.07999932381979127,95.3125,99.609375,0.07999903402827324,-0.8382085261009565,0.0,0.08,0.07999932381979127,0.07999932381979127,0
31,19,0.06909309327602386,0.3549051703734125,0.0,0.07999932381979127,99.21875,100.0,0.07999903402827324,-1.6363957383386478,0.0,0.08,0.07999932381979127,0.07999932381979127,0
31,4,0.23062852025032043,0.3549051703734125,0.0,0.07999932381979127,85.31468531468532,100.0,0.07999903402827324,-0.4310423342627336,0.0,0.08,0.07999932381979127,0.07999932381979127,0
31,13,0.09346605837345123,0.3549051703734125,0.0,0.07999932381979127,97.5,99.375,0.07999903402827324,-1.3342521909269596,0.0,0.08,0.07999932381979127,0.07999932381979127,0
31,14,0.1269124448299408,0.3549051703734125,0.0,0.07999932381979127,95.703125,100.0,0.07999903402827324,-1.0283531395465288,0.0,0.08,0.07999932381979127,0.07999932381979127,0
31,7,0.0673382431268692,0.3549051703734125,0.0,0.07999932381979127,95.78947368421052,98.94736842105263,0.07999903402827324,-1.662122183954313,0.0,0.08,0.07999932381979127,0.07999932381979127,0
31,15,0.26401254534721375,0.3549051703734125,0.0,0.07999932381979127,92.96875,100.0,0.07999903402827324,-0.29585399610998253,0.0,0.08,0.07999932381979127,0.07999932381979127,0
31,8,0.08342301100492477,0.3549051703734125,0.0,0.07999932381979127,97.265625,100.0,0.07999903402827324,-1.447926353749633,0.0,0.08,0.07999932381979127,0.07999932381979127,0
31,10,0.1392676830291748,0.3549051703734125,0.0,0.07999932381979127,96.99570815450643,100.0,0.07999903402827324,-0.9354527260673331,0.0,0.08,0.07999932381979127,0.07999932381979127,0
32,2,0.22748932242393494,0.3342929874410861,0.0,0.08000243836581537,95.08196721311475,100.0,0.08000348337973626,-0.38491449942864825,0.0,0.08,0.08000243836581537,0.08000243836581537,0
32,0,0.24960952997207642,0.3342929874410861,0.0,0.07999952667385389,92.38578680203045,100.0,0.07999932381979127,-0.29211998946918005,0.0,0.08,0.07999952667385389,0.07999952667385389,0
32,17,0.13939084112644196,0.3342929874410861,0.0,0.07999952667385389,94.921875,100.0,0.07999932381979127,-0.8747359804732203,0.0,0.08,0.07999952667385389,0.07999952667385389,0
32,4,0.20805689692497253,0.3342929874410861,0.0,0.07999952667385389,90.9090909090909,100.0,0.07999932381979127,-0.474206213008446,0.0,0.08,0.07999952667385389,0.07999952667385389,0
32,14,0.11971986293792725,0.3342929874410861,0.0,0.07999952667385389,94.921875,100.0,0.07999932381979127,-1.0268632246191212,0.0,0.08,0.07999952667385389,0.07999952667385389,0
32,7,0.07785198837518692,0.3342929874410861,0.0,0.07999952667385389,96.84210526315789,98.94736842105263,0.07999932381979127,-1.4572082787662293,0.0,0.08,0.07999952667385389,0.07999952667385389,0
32,1,0.24814938008785248,0.3342929874410861,0.0,0.14888187496647312,81.08108108108108,100.0,0.17840267852353303,-0.2979869020821716,0.0,0.08,0.14888187496647312,0.14888187496647312,0
32,3,0.21118660271167755,0.3342929874410861,0.0,0.07999952667385389,96.3157894736842,100.0,0.07999932381979127,-0.45927568323477047,0.0,0.08,0.07999952667385389,0.07999952667385389,0
32,12,0.07707938551902771,0.3342929874410861,0.0,0.07999952667385389,96.875,100.0,0.07999932381979127,-1.4671818450150458,0.0,0.08,0.07999952667385389,0.07999952667385389,0
32,13,0.1420740783214569,0.3342929874410861,0.0,0.07999952667385389,95.625,100.0,0.07999932381979127,-0.855669175995655,0.0,0.08,0.07999952667385389,0.07999952667385389,0
32,6,0.23467491567134857,0.3342929874410861,0.0,0.07999952667385389,94.68085106382979,100.0,0.07999932381979127,-0.35381658478317957,0.0,0.08,0.07999952667385389,0.07999952667385389,0
32,9,0.07898683100938797,0.3342929874410861,0.0,0.07999952667385389,95.703125,100.0,0.07999932381979127,-1.4427365771846568,0.0,0.08,0.07999952667385389,0.07999952667385389,0
32,18,0.25126224756240845,0.3342929874410861,0.0,0.07999985213205893,93.359375,99.609375,0.07999978876008419,-0.2855206017747048,0.0,0.08,0.07999985213205893,0.07999985213205893,0
32,15,0.14216360449790955,0.3342929874410861,0.0,0.07999952667385389,94.140625,100.0,0.07999932381979127,-0.8550392371907384,0.0,0.08,0.07999952667385389,0.07999952667385389,0
32,10,0.11429303884506226,0.3342929874410861,0.0,0.07999952667385389,95.70815450643777,100.0,0.07999932381979127,-1.0732520923283921,0.0,0.08,0.07999952667385389,0.07999952667385389,0
32,5,0.8606948256492615,0.3342929874410861,0.7,0.633609601195696,68.75,100.0,0.6308708588509944,0.9457221651862728,0.7,0.6399999999999999,0.633609601195696,0.633609601195696,0
32,11,0.08886535465717316,0.3342929874410861,0.0,0.07999952667385389,95.703125,100.0,0.07999932381979127,-1.3248953785764719,0.0,0.08,0.07999952667385389,0.07999952667385389,0
32,8,0.1190534383058548,0.3342929874410861,0.0,0.07999952667385389,99.21875,100.0,0.07999932381979127,-1.032445308572755,0.0,0.08,0.07999952667385389,0.07999952667385389,0
32,19,0.12678520381450653,0.3342929874410861,0.0,0.07999952667385389,98.046875,100.0,0.07999932381979127,-0.9695234213680936,0.0,0.08,0.07999952667385389,0.07999952667385389,0
32,16,0.048110850155353546,0.3342929874410861,0.0,0.07999952667385389,99.21875,100.0,0.07999932381979127,-1.9385099117938345,0.0,0.08,0.07999952667385389,0.07999952667385389,0
33,10,0.1054374948143959,0.31493693466937245,0.0,0.07999966867169772,96.56652360515021,99.57081545064378,0.07999952667385389,-1.0942540371677063,0.0,0.08,0.07999966867169772,0.07999966867169772,0
33,11,0.13638198375701904,0.31493693466937245,0.0,0.07999966867169772,94.53125,100.0,0.07999952667385389,-0.836912717018868,0.0,0.08,0.07999966867169772,0.07999966867169772,0
33,18,0.22825492918491364,0.31493693466937245,0.0,0.07999989649244124,92.96875,99.609375,0.07999985213205893,-0.32190928452972356,0.0,0.08,0.07999989649244124,0.07999989649244124,0
33,17,0.18962454795837402,0.31493693466937245,0.0,0.07999966867169772,95.3125,100.0,0.07999952667385389,-0.5073263366048473,0.0,0.08,0.07999966867169772,0.07999966867169772,0
33,2,0.3312945067882538,0.31493693466937245,0.05063531543999924,0.09215418256167057,94.26229508196721,100.0,0.08000243836581537,0.05063531543999924,0.05063531543999924,0.1205082523519994,0.09215418256167057,0.09215418256167057,0
33,15,0.2245231568813324,0.31493693466937245,0.0,0.07999966867169772,94.140625,100.0,0.07999952667385389,-0.33839354804144006,0.0,0.08,0.07999966867169772,0.07999966867169772,0
33,6,0.1125878170132637,0.31493693466937245,0.0,0.07999966867169772,94.68085106382979,100.0,0.07999952667385389,-1.0286388415038932,0.0,0.08,0.07999966867169772,0.07999966867169772,0
33,8,0.08338072896003723,0.31493693466937245,0.0,0.07999966867169772,98.828125,100.0,0.07999952667385389,-1.328955108164234,0.0,0.08,0.07999966867169772,0.07999966867169772,0
33,19,0.0897967591881752,0.31493693466937245,0.0,0.07999966867169772,98.4375,99.609375,0.07999952667385389,-1.2548234463340564,0.0,0.08,0.07999966867169772,0.07999966867169772,0
33,12,0.12432804703712463,0.31493693466937245,0.0,0.07999966867169772,97.265625,100.0,0.07999952667385389,-0.9294487497585129,0.0,0.08,0.07999966867169772,0.07999966867169772,0
33,5,0.776270866394043,0.31493693466937245,0.7,0.6355267208369871,67.96875,100.0,0.633609601195696,0.9021290836563962,0.7,0.6399999999999999,0.6355267208369871,0.6355267208369871,0
33,3,0.24157236516475677,0.31493693466937245,0.0,0.07999966867169772,95.26315789473684,100.0,0.07999952667385389,-0.265203324817298,0.0,0.08,0.07999966867169772,0.07999966867169772,0
33,14,0.12837302684783936,0.31493693466937245,0.0,0.07999966867169772,95.703125,100.0,0.07999952667385389,-0.8974320673277567,0.0,0.08,0.07999966867169772,0.07999966867169772,0
33,7,0.1768980771303177,0.31493693466937245,0.0,0.07999966867169772,92.63157894736842,98.94736842105263,0.07999952667385389,-0.5767986553102971,0.0,0.08,0.07999966867169772,0.07999966867169772,0
33,9,0.08822891116142273,0.31493693466937245,0.0,0.07999966867169772,97.265625,100.0,0.07999952667385389,-1.2724376295466344,0.0,0.08,0.07999966867169772,0.07999966867169772,0
33,4,0.2835842967033386,0.31493693466937245,0.0,0.07999966867169772,93.7062937062937,100.0,0.07999952667385389,-0.104862986033048,0.0,0.08,0.07999966867169772,0.07999966867169772,0
33,16,0.07539662718772888,0.31493693466937245,0.0,0.07999966867169772,99.21875,100.0,0.07999952667385389,-1.4296097687479528,0.0,0.08,0.07999966867169772,0.07999966867169772,0
33,13,0.12814754247665405,0.31493693466937245,0.0,0.07999966867169772,95.0,100.0,0.07999952667385389,-0.8991900894019563,0.0,0.08,0.07999966867169772,0.07999966867169772,0
33,0,0.18485376238822937,0.31493693466937245,0.0,0.07999966867169772,94.9238578680203,100.0,0.07999952667385389,-0.532807350126004,0.0,0.08,0.07999966867169772,0.07999966867169772,0
33,1,0.3489692807197571,0.31493693466937245,0.102611482988859,0.15284406839385734,81.08108108108108,97.29729729729729,0.14888187496647312,0.102611482988859,0.102611482988859,0.16208918639108721,0.15284406839385734,0.15284406839385734,0
34,17,0.19061554968357086,0.299107244246802,0.0,0.07999976807018841,93.359375,100.0,0.07999966867169772,-0.45054359576127095,0.0,0.08,0.07999976807018841,0.07999976807018841,0
34,5,0.7813217639923096,0.299107244246802,0.7,0.636868704585891,73.046875,100.0,0.6355267208369871,0.9601848486156999,0.7,0.6399999999999999,0.636868704585891,0.636868704585891,0
34,13,0.17650310695171356,0.299107244246802,0.0,0.07999976807018841,96.25,99.375,0.07999966867169772,-0.5274636829247137,0.0,0.08,0.07999976807018841,0.07999976807018841,0
34,2,0.19024218618869781,0.299107244246802,0.0,0.0885079277931694,91.80327868852459,100.0,0.09215418256167057,-0.45250424174377335,0.0,0.08,0.0885079277931694,0.0885079277931694,0
34,0,0.14953626692295074,0.299107244246802,0.0,0.07999976807018841,93.4010152284264,99.49238578680203,0.07999966867169772,-0.69326320052742,0.0,0.08,0.07999976807018841,0.07999976807018841,0
34,8,0.07058192044496536,0.299107244246802,0.0,0.07999976807018841,98.4375,100.0,0.07999966867169772,-1.4440280498908133,0.0,0.08,0.07999976807018841,0.07999976807018841,0
34,7,0.1195363700389862,0.299107244246802,0.0,0.07999976807018841,95.78947368421052,100.0,0.07999966867169772,-0.9171814584120349,0.0,0.08,0.07999976807018841,0.07999976807018841,0
34,1,0.21074548363685608,0.299107244246802,0.0,0.13099084787570012,83.78378378378379,100.0,0.15284406839385734,-0.35015100477787786,0.0,0.08,0.13099084787570012,0.13099084787570012,0
34,9,0.09924643486738205,0.299107244246802,0.0,0.07999976807018841,98.046875,100.0,0.07999966867169772,-1.103196119975463,0.0,0.08,0.07999976807018841,0.07999976807018841,0
34,18,0.24541479349136353,0.299107244246802,0.0,0.07999992754470886,91.40625,100.0,0.07999989649244124,-0.1978523645421296,0.0,0.08,0.07999992754470886,0.07999992754470886,0
34,19,0.10776355862617493,0.299107244246802,0.0,0.07999976807018841,98.828125,100.0,0.07999966867169772,-1.0208625709444277,0.0,0.08,0.07999976807018841,0.07999976807018841,0
34,10,0.08396931737661362,0.299107244246802,0.0,0.07999976807018841,96.13733905579399,100.0,0.07999966867169772,-1.2703506370439046,0.0,0.08,0.07999976807018841,0.07999976807018841,0
34,4,0.2895350158214569,0.299107244246802,0.0,0.07999976807018841,90.20979020979021,100.0,0.07999966867169772,-0.032525941937074136,0.0,0.08,0.07999976807018841,0.07999976807018841,0
34,14,0.11349772661924362,0.299107244246802,0.0,0.07999976807018841,95.3125,100.0,0.07999966867169772,-0.9690193238832662,0.0,0.08,0.07999976807018841,0.07999976807018841,0
34,12,0.15726938843727112,0.299107244246802,0.0,0.07999976807018841,92.96875,100.0,0.07999966867169772,-0.6428419704615521,0.0,0.08,0.07999976807018841,0.07999976807018841,0
34,16,0.03522458299994469,0.299107244246802,0.0,0.07999976807018841,98.828125,100.0,0.07999966867169772,-2.1390577155026156,0.0,0.08,0.07999976807018841,0.07999976807018841,0
34,3,0.15274648368358612,0.299107244246802,0.0,0.07999976807018841,93.15789473684211,99.47368421052632,0.07999966867169772,-0.6720225757452432,0.0,0.08,0.07999976807018841,0.07999976807018841,0
34,6,0.13162976503372192,0.299107244246802,0.0,0.07999976807018841,97.87234042553192,100.0,0.07999966867169772,-0.8208089715699469,0.0,0.08,0.07999976807018841,0.07999976807018841,0
34,15,0.19342076778411865,0.299107244246802,0.0,0.07999976807018841,94.921875,99.609375,0.07999966867169772,-0.43593420742579236,0.0,0.08,0.07999976807018841,0.07999976807018841,0
34,11,0.14916424453258514,0.299107244246802,0.0,0.07999976807018841,95.3125,100.0,0.07999966867169772,-0.6957541407404326,0.0,0.08,0.07999976807018841,0.07999976807018841,0
35,17,0.14499680697917938,0.2843106573524487,0.0,0.07999983764913188,96.09375,100.0,0.07999976807018841,-0.6733557491059627,0.0,0.08,0.07999983764913188,0.07999983764913188,0
35,15,0.1605140119791031,0.2843106573524487,0.0,0.07999983764913188,94.140625,100.0,0.07999976807018841,-0.5716862363080529,0.0,0.08,0.07999983764913188,0.07999983764913188,0
35,2,0.27332255244255066,0.2843106573524487,0.0,0.08595554945521858,88.52459016393442,98.36065573770492,0.0885079277931694,-0.03941489430208413,0.0,0.08,0.08595554945521858,0.08595554945521858,0
35,11,0.12565891444683075,0.2843106573524487,0.0,0.07999983764913188,94.140625,100.0,0.07999976807018841,-0.8164962517122982,0.0,0.08,0.07999983764913188,0.07999983764913188,0
35,7,0.07405761629343033,0.2843106573524487,0.0,0.07999983764913188,96.84210526315789,98.94736842105263,0.07999976807018841,-1.3452240155744495,0.0,0.08,0.07999983764913188,0.07999983764913188,0
35,4,0.28094661235809326,0.2843106573524487,0.0,0.07999983764913188,93.00699300699301,100.0,0.07999976807018841,-0.011902844149067565,0.0,0.08,0.07999983764913188,0.07999983764913188,0
35,10,0.09441226720809937,0.2843106573524487,0.0,0.07999983764913188,95.27896995708154,100.0,0.07999976807018841,-1.1023964195523044,0.0,0.08,0.07999983764913188,0.07999983764913188,0
35,14,0.19718748331069946,0.2843106573524487,0.0,0.07999983764913188,96.484375,100.0,0.07999976807018841,-0.36591252060588386,0.0,0.08,0.07999983764913188,0.07999983764913188,0
35,1,0.3620729446411133,0.2843106573524487,0.24177818426080241,0.17372035773558264,75.67567567567568,100.0,0.13099084787570012,0.24177818426080241,0.24177818426080241,0.27342254740864197,0.17372035773558264,0.17372035773558264,0
35,9,0.052570994943380356,0.2843106573524487,0.0,0.07999983764913188,98.828125,100.0,0.07999976807018841,-1.6879028084789336,0.0,0.08,0.07999983764913188,0.07999983764913188,0
35,19,0.08654408901929855,0.2843106573524487,0.0,0.07999983764913188,98.828125,99.609375,0.07999976807018841,-1.1894134401396665,0.0,0.08,0.07999983764913188,0.07999983764913188,0
35,3,0.22932735085487366,0.2843106573524487,0.0,0.07999983764913188,91.57894736842105,100.0,0.07999976807018841,-0.21491703327572928,0.0,0.08,0.07999983764913188,0.07999983764913188,0
35,6,0.07788314670324326,0.2843106573524487,0.0,0.07999983764913188,91.48936170212765,100.0,0.07999976807018841,-1.2948578268225723,0.0,0.08,0.07999983764913188,0.07999983764913188,0
35,8,0.08684533834457397,0.2843106573524487,0.0,0.07999983764913188,99.21875,100.0,0.07999976807018841,-1.185938607813086,0.0,0.08,0.07999983764913188,0.07999983764913188,0
35,5,0.810535728931427,0.2843106573524487,0.7,0.6378080932101237,70.3125,99.609375,0.636868704585891,1.0476278957041945,0.7,0.6399999999999999,0.6378080932101237,0.6378080932101237,0
35,0,0.2517242133617401,0.2843106573524487,0.0,0.07999983764913188,91.87817258883248,100.0,0.07999976807018841,-0.12173340288565676,0.0,0.08,0.07999983764913188,0.07999983764913188,0
35,18,0.24360325932502747,0.2843106573524487,0.0,0.0799999492812962,89.453125,100.0,0.07999992754470886,-0.154526582797683,0.0,0.08,0.0799999492812962,0.0799999492812962,0
35,12,0.15699514746665955,0.2843106573524487,0.0,0.07999983764913188,96.484375,99.609375,0.07999976807018841,-0.59385257870665,0.0,0.08,0.07999983764913188,0.07999983764913188,0
35,13,0.2134627401828766,0.2843106573524487,0.0,0.07999983764913188,96.875,100.0,0.07999976807018841,-0.2866051941825813,0.0,0.08,0.07999983764913188,0.07999983764913188,0
35,16,0.040211621671915054,0.2843106573524487,0.0,0.07999983764913188,99.21875,100.0,0.07999976807018841,-1.9559112405725863,0.0,0.08,0.07999983764913188,0.07999983764913188,0
36,8,0.04148067161440849,0.271755049589492,0.0,0.07999988635439231,99.21875,100.0,0.07999983764913188,-1.8796733287834786,0.0,0.08,0.07999988635439231,0.07999988635439231,0
36,19,0.08895665407180786,0.271755049589492,0.0,0.07999988635439231,98.4375,100.0,0.07999983764913188,-1.116751813766232,0.0,0.08,0.07999988635439231,0.07999988635439231,0
36,1,0.1807275116443634,0.271755049589492,0.0,0.14560425041490785,94.5945945945946,100.0,0.17372035773558264,-0.4079106526475384,0.0,0.08,0.14560425041490785,0.14560425041490785,0
36,17,0.1385878473520279,0.271755049589492,0.0,0.07999988635439231,93.359375,100.0,0.07999983764913188,-0.673396670747428,0.0,0.08,0.07999988635439231,0.07999988635439231,0
36,14,0.08219883590936661,0.271755049589492,0.0,0.07999988635439231,96.09375,100.0,0.07999983764913188,-1.195759882441049,0.0,0.08,0.07999988635439231,0.07999988635439231,0
36,18,0.20950348675251007,0.271755049589492,0.0,0.07999996449690733,93.75,100.0,0.0799999492812962,-0.2601607142069156,0.0,0.08,0.07999996449690733,0.07999996449690733,0
36,15,0.16352032124996185,0.271755049589492,0.0,0.07999988635439231,89.84375,100.0,0.07999983764913188,-0.507963811613444,0.0,0.08,0.07999988635439231,0.07999988635439231,0
36,12,0.14952974021434784,0.271755049589492,0.0,0.07999988635439231,98.046875,100.0,0.07999983764913188,-0.5974057732500536,0.0,0.08,0.07999988635439231,0.07999988635439231,0
36,5,0.6688864231109619,0.271755049589492,0.7,0.6384656652470865,79.296875,100.0,0.6378080932101237,0.9007131451585287,0.7,0.6399999999999999,0.6384656652470865,0.6384656652470865,0
36,6,0.16413967311382294,0.271755049589492,0.0,0.07999988635439231,96.80851063829788,100.0,0.07999983764913188,-0.5041833527576094,0.0,0.08,0.07999988635439231,0.07999988635439231,0
36,13,0.12943336367607117,0.271755049589492,0.0,0.07999988635439231,92.5,100.0,0.07999983764913188,-0.7417348846157313,0.0,0.08,0.07999988635439231,0.07999988635439231,0
36,10,0.11931312084197998,0.271755049589492,0.0,0.07999988635439231,96.56652360515021,100.0,0.07999983764913188,-0.8231497555922254,0.0,0.08,0.07999988635439231,0.07999988635439231,0
36,4,0.20895786583423615,0.271755049589492,0.0,0.07999988635439231,96.5034965034965,100.0,0.07999983764913188,-0.26276846375427537,0.0,0.08,0.07999988635439231,0.07999988635439231,0
36,11,0.1005021408200264,0.271755049589492,0.0,0.07999988635439231,94.53125,100.0,0.07999983764913188,-0.994722015908164,0.0,0.08,0.07999988635439231,0.07999988635439231,0
36,3,0.16784533858299255,0.271755049589492,0.0,0.07999988635439231,94.73684210526316,100.0,0.07999983764913188,-0.4818581330791476,0.0,0.08,0.07999988635439231,0.07999988635439231,0
36,7,0.055876750499010086,0.271755049589492,0.0,0.07999988635439231,96.84210526315789,98.94736842105263,0.07999983764913188,-1.5817525841229514,0.0,0.08,0.07999988635439231,0.07999988635439231,0
36,9,0.1013605147600174,0.271755049589492,0.0,0.07999988635439231,96.484375,100.0,0.07999983764913188,-0.986217431182718,0.0,0.08,0.07999988635439231,0.07999988635439231,0
36,0,0.15353956818580627,0.271755049589492,0.0,0.07999988635439231,94.9238578680203,100.0,0.07999983764913188,-0.5709427722359111,0.0,0.08,0.07999988635439231,0.07999988635439231,0
36,16,0.03595609962940216,0.271755049589492,0.0,0.07999988635439231,100.0,100.0,0.07999983764913188,-2.0226021266783683,0.0,0.08,0.07999988635439231,0.07999988635439231,0
36,2,0.27450498938560486,0.271755049589492,0.010068329109165629,0.08658528360485275,94.26229508196721,100.0,0.08595554945521858,0.010068329109165629,0.010068329109165629,0.08805466328733251,0.08658528360485275,0.08658528360485275,0
37,14,0.1111687421798706,0.2589854240088616,0.0,0.07999992044807461,95.703125,100.0,0.07999988635439231,-0.845722484019708,0.0,0.08,0.07999992044807461,0.07999992044807461,0
37,2,0.16198886930942535,0.2589854240088616,0.0,0.08460969852339692,87.70491803278688,99.18032786885246,0.08658528360485275,-0.4692441341320135,0.0,0.08,0.08460969852339692,0.08460969852339692,0
37,16,0.031091567128896713,0.2589854240088616,0.0,0.07999992044807461,99.21875,100.0,0.07999988635439231,-2.1198348701346794,0.0,0.08,0.07999992044807461,0.07999992044807461,0
37,7,0.07035025209188461,0.2589854240088616,0.0,0.07999992044807461,96.84210526315789,100.0,0.07999988635439231,-1.3032853116744936,0.0,0.08,0.07999992044807461,0.07999992044807461,0
37,8,0.07575719058513641,0.2589854240088616,0.0,0.07999992044807461,98.046875,99.609375,0.07999988635439231,-1.2292383236686717,0.0,0.08,0.07999992044807461,0.07999992044807461,0
37,12,0.13883039355278015,0.2589854240088616,0.0,0.07999992044807461,94.921875,100.0,0.07999988635439231,-0.6235187509150298,0.0,0.08,0.07999992044807461,0.07999992044807461,0
37,15,0.16272783279418945,0.2589854240088616,0.0,0.07999992044807461,94.53125,99.609375,0.07999988635439231,-0.46469269153521153,0.0,0.08,0.07999992044807461,0.07999992044807461,0
37,13,0.0934777557849884,0.2589854240088616,0.0,0.07999992044807461,99.375,100.0,0.07999988635439231,-1.0190482118451005,0.0,0.08,0.07999992044807461,0.07999992044807461,0
37,11,0.14929115772247314,0.2589854240088616,0.0,0.07999992044807461,96.484375,100.0,0.07999988635439231,-0.5508732758952503,0.0,0.08,0.07999992044807461,0.07999992044807461,0
37,9,0.089882493019104,0.2589854240088616,0.0,0.07999992044807461,99.21875,100.0,0.07999988635439231,-1.0582685253860036,0.0,0.08,0.07999992044807461,0.07999992044807461,0
37,4,0.2297104001045227,0.2589854240088616,0.0,0.07999992044807461,95.8041958041958,100.0,0.07999988635439231,-0.11995239166428301,0.0,0.08,0.07999992044807461,0.07999992044807461,0
37,1,0.30040600895881653,0.2589854240088616,0.14836313539997786,0.16153012778643017,72.97297297297297,100.0,0.14560425041490785,0.14836313539997786,0.14836313539997786,0.1986905083199823,0.16153012778643017,0.16153012778643017,0
37,5,0.7352349758148193,0.2589854240088616,0.7,0.6389259656729604,69.53125,100.0,0.6384656652470865,1.0434183359385045,0.7,0.6399999999999999,0.6389259656729604,0.6389259656729604,0
37,19,0.08926542103290558,0.2589854240088616,0.0,0.07999992044807461,97.265625,100.0,0.07999988635439231,-1.0651575183279565,0.0,0.08,0.07999992044807461,0.07999992044807461,0
37,10,0.1446879357099533,0.2589854240088616,0.0,0.07999992044807461,96.99570815450643,100.0,0.07999988635439231,-0.582192495993456,0.0,0.08,0.07999992044807461,0.07999992044807461,0
37,17,0.1679767668247223,0.2589854240088616,0.0,0.07999992044807461,95.3125,100.0,0.07999988635439231,-0.43294608410802693,0.0,0.08,0.07999992044807461,0.07999992044807461,0
37,6,0.10015860199928284,0.2589854240088616,0.0,0.07999992044807461,94.68085106382979,100.0,0.07999988635439231,-0.9500167713488902,0.0,0.08,0.07999992044807461,0.07999992044807461,0
37,18,0.2282751202583313,0.2589854240088616,0.0,0.07999997514783513,92.1875,100.0,0.07999996449690733,-0.126220207647558,0.0,0.08,0.07999997514783513,0.07999997514783513,0
37,3,0.10279469937086105,0.2589854240088616,0.0,0.07999992044807461,97.36842105263158,99.47368421052632,0.07999988635439231,-0.9240379343373366,0.0,0.08,0.07999992044807461,0.07999992044807461,0
37,0,0.19397270679473877,0.2589854240088616,0.0,0.07999992044807461,94.9238578680203,99.49238578680203,0.07999988635439231,-0.2890543066753995,0.0,0.08,0.07999992044807461,0.07999992044807461,0
38,8,0.041257940232753754,0.24726279807111212,0.0,0.07999994431365222,99.21875,100.0,0.07999992044807461,-1.7906079441434408,0.0,0.08,0.07999994431365222,0.07999994431365222,0
38,2,0.25179919600486755,0.24726279807111212,0.01818019705956831,0.08759003626067424,95.08196721311475,100.0,0.08460969852339692,0.01818019705956831,0.01818019705956831,0.09454415764765466,0.08759003626067424,0.08759003626067424,0
38,19,0.06692089140415192,0.24726279807111212,0.0,0.07999994431365222,97.265625,100.0,0.07999992044807461,-1.3069404253641188,0.0,0.08,0.07999994431365222,0.07999994431365222,0
38,16,0.04622626304626465,0.24726279807111212,0.0,0.07999994431365222,99.21875,100.0,0.07999992044807461,-1.6769034541635655,0.0,0.08,0.07999994431365222,0.07999994431365222,0
38,11,0.09064757823944092,0.24726279807111212,0.0,0.07999994431365222,96.484375,100.0,0.07999992044807461,-1.0034724396127794,0.0,0.08,0.07999994431365222,0.07999994431365222,0
38,7,0.10192219913005829,0.24726279807111212,0.0,0.07999994431365222,95.78947368421052,98.94736842105263,0.07999992044807461,-0.8862419045418858,0.0,0.08,0.07999994431365222,0.07999994431365222,0
38,13,0.17071469128131866,0.24726279807111212,0.0,0.07999994431365222,98.125,100.0,0.07999992044807461,-0.3704580216775612,0.0,0.08,0.07999994431365222,0.07999994431365222,0
38,10,0.07767650485038757,0.24726279807111212,0.0,0.07999994431365222,96.56652360515021,99.57081545064378,0.07999992044807461,-1.1578988137609358,0.0,0.08,0.07999994431365222,0.07999994431365222,0
38,5,0.6544263958930969,0.24726279807111212,0.7,0.6392481759710723,80.078125,100.0,0.6389259656729604,0.9733073645093067,0.7,0.6399999999999999,0.6392481759710723,0.6392481759710723,0
38,0,0.22327227890491486,0.24726279807111212,0.0,0.07999994431365222,93.90862944162437,100.0,0.07999992044807461,-0.10205971817578871,0.0,0.08,0.07999994431365222,0.07999994431365222,0
38,14,0.14564931392669678,0.24726279807111212,0.0,0.07999994431365222,96.09375,100.0,0.07999992044807461,-0.5292499296406863,0.0,0.08,0.07999994431365222,0.07999994431365222,0
38,6,0.12719349563121796,0.24726279807111212,0.0,0.07999994431365222,98.93617021276596,100.0,0.07999992044807461,-0.6647421780245188,0.0,0.08,0.07999994431365222,0.07999994431365222,0
38,1,0.33334818482398987,0.24726279807111212,0.2987358025233678,0.20876768205610938,94.5945945945946,100.0,0.16153012778643017,0.2987358025233678,0.2987358025233678,0.31898864201869426,0.20876768205610938,0.20876768205610938,0
38,17,0.18381763994693756,0.24726279807111212,0.0,0.07999994431365222,95.703125,100.0,0.07999992044807461,-0.2965075379546533,0.0,0.08,0.07999994431365222,0.07999994431365222,0
38,12,0.12316376715898514,0.24726279807111212,0.0,0.07999994431365222,95.3125,100.0,0.07999992044807461,-0.6969367799673756,0.0,0.08,0.07999994431365222,0.07999994431365222,0
38,9,0.06469997763633728,0.24726279807111212,0.0,0.07999994431365222,97.265625,100.0,0.07999992044807461,-1.340690760854094,0.0,0.08,0.07999994431365222,0.07999994431365222,0
38,3,0.203315868973732,0.24726279807111212,0.0,0.07999994431365222,93.6842105263158,100.0,0.07999992044807461,-0.1956909475668765,0.0,0.08,0.07999994431365222,0.07999994431365222,0
38,18,0.17323479056358337,0.24726279807111212,0.0,0.07999998260348459,93.75,99.609375,0.07999997514783513,-0.3558038682820964,0.0,0.08,0.07999998260348459,0.07999998260348459,0
38,4,0.1431494504213333,0.24726279807111212,0.0,0.07999994431365222,95.1048951048951,100.0,0.07999992044807461,-0.5465625090553046,0.0,0.08,0.07999994431365222,0.07999994431365222,0
38,15,0.16133080422878265,0.24726279807111212,0.0,0.07999994431365222,94.53125,100.0,0.07999992044807461,-0.42699476762655836,0.0,0.08,0.07999994431365222,0.07999994431365222,0
39,19,0.06638086587190628,0.23697645648140242,0.0,0.07999996101955656,96.484375,100.0,0.07999994431365222,-1.2725518376368963,0.0,0.08,0.07999996101955656,0.07999996101955656,0
39,18,0.17124564945697784,0.23697645648140242,0.0,0.07999998782243921,96.09375,100.0,0.07999998260348459,-0.3248617080734905,0.0,0.08,0.07999998782243921,0.07999998782243921,0
39,2,0.14668332040309906,0.23697645648140242,0.0,0.08531302538247196,95.90163934426229,100.0,0.08759003626067424,-0.4796847904828673,0.0,0.08,0.08531302538247196,0.08531302538247196,0
39,16,0.02937285788357258,0.23697645648140242,0.0,0.07999996101955656,98.4375,100.0,0.07999994431365222,-2.0878894515147968,0.0,0.08,0.07999996101955656,0.07999996101955656,0
39,12,0.11587407439947128,0.23697645648140242,0.0,0.07999996101955656,98.046875,99.609375,0.07999994431365222,-0.7154567164258627,0.0,0.08,0.07999996101955656,0.07999996101955656,0
39,8,0.07857142388820648,0.23697645648140242,0.0,0.07999996101955656,98.4375,100.0,0.07999994431365222,-1.1039526418186947,0.0,0.08,0.07999996101955656,0.07999996101955656,0
39,17,0.13666419684886932,0.23697645648140242,0.0,0.07999996101955656,94.921875,100.0,0.07999994431365222,-0.5504339664565221,0.0,0.08,0.07999996101955656,0.07999996101955656,0
39,11,0.10508815199136734,0.23697645648140242,0.0,0.07999996101955656,95.3125,100.0,0.07999994431365222,-0.8131612027862405,0.0,0.08,0.07999996101955656,0.07999996101955656,0
39,5,0.6460596323013306,0.23697645648140242,0.7,0.6394737231797506,78.90625,100.0,0.6392481759710723,1.0029309864067384,0.7,0.6399999999999999,0.6394737231797506,0.6394737231797506,0
39,1,0.21313481032848358,0.23697645648140242,0.0,0.17013737743927654,91.89189189189189,100.0,0.20876768205610938,-0.10603591389413929,0.0,0.08,0.17013737743927654,0.17013737743927654,0
39,9,0.09279152750968933,0.23697645648140242,0.0,0.07999996101955656,98.828125,100.0,0.07999994431365222,-0.9376053936522891,0.0,0.08,0.07999996101955656,0.07999996101955656,0
39,0,0.1401108056306839,0.23697645648140242,0.0,0.07999996101955656,94.41624365482234,100.0,0.07999994431365222,-0.5255271889322511,0.0,0.08,0.07999996101955656,0.07999996101955656,0
39,4,0.21591129899024963,0.23697645648140242,0.0,0.07999996101955656,91.60839160839161,100.0,0.07999994431365222,-0.09309312182237796,0.0,0.08,0.07999996101955656,0.07999996101955656,0
39,10,0.08968708664178848,0.23697645648140242,0.0,0.07999996101955656,96.56652360515021,99.57081545064378,0.07999994431365222,-0.9716339300879382,0.0,0.08,0.07999996101955656,0.07999996101955656,0
39,7,0.16972818970680237,0.23697645648140242,0.0,0.07999996101955656,92.63157894736842,98.94736842105263,0.07999994431365222,-0.3337625063468806,0.0,0.08,0.07999996101955656,0.07999996101955656,0
39,13,0.1143478974699974,0.23697645648140242,0.0,0.07999996101955656,96.25,100.0,0.07999994431365222,-0.7287152177007648,0.0,0.08,0.07999996101955656,0.07999996101955656,0
39,15,0.17884956300258636,0.23697645648140242,0.0,0.07999996101955656,91.796875,100.0,0.07999994431365222,-0.28141576041687844,0.0,0.08,0.07999996101955656,0.07999996101955656,0
39,6,0.16996650397777557,0.23697645648140242,0.0,0.07999996101955656,97.87234042553192,100.0,0.07999994431365222,-0.33235939761147515,0.0,0.08,0.07999996101955656,0.07999996101955656,0
39,3,0.15685920417308807,0.23697645648140242,0.0,0.07999996101955656,95.26315789473684,100.0,0.07999994431365222,-0.4126121606202404,0.0,0.08,0.07999996101955656,0.07999996101955656,0
39,14,0.15355601906776428,0.23697645648140242,0.0,0.07999996101955656,96.09375,100.0,0.07999994431365222,-0.43389532801730024,0.0,0.08,0.07999996101955656,0.07999996101955656,0
40,6,0.14734452962875366,0.22761851713495135,0.0,0.07999997271368958,97.87234042553192,100.0,0.07999996101955656,-0.4348974497680981,0.0,0.08,0.07999997271368958,0.07999997271368958,0
40,16,0.03474920988082886,0.22761851713495135,0.0,0.07999997271368958,100.0,100.0,0.07999996101955656,-1.8795139788275959,0.0,0.08,0.07999997271368958,0.07999997271368958,0
40,5,0.7194029092788696,0.22761851713495135,0.7,0.6396316062258254,72.265625,100.0,0.6394737231797506,1.1507504880750359,0.7,0.6399999999999999,0.6396316062258254,0.6396316062258254,0
40,9,0.09024284034967422,0.22761851713495135,0.0,0.07999997271368958,98.046875,100.0,0.07999996101955656,-0.9251667275411972,0.0,0.08,0.07999997271368958,0.07999997271368958,0
40,11,0.17451411485671997,0.22761851713495135,0.0,0.07999997271368958,95.703125,100.0,0.07999996101955656,-0.26566541800956944,0.0,0.08,0.07999997271368958,0.07999997271368958,0
40,14,0.17534515261650085,0.22761851713495135,0.0,0.07999997271368958,94.921875,100.0,0.07999996101955656,-0.2609147119255836,0.0,0.08,0.07999997271368958,0.07999997271368958,0
40,15,0.14897340536117554,0.22761851713495135,0.0,0.07999997271368958,95.3125,100.0,0.07999996101955656,-0.4239032314820011,0.0,0.08,0.07999997271368958,0.07999997271368958,0
40,3,0.15386950969696045,0.22761851713495135,0.0,0.07999997271368958,94.21052631578948,100.0,0.07999996101955656,-0.39156613253536493,0.0,0.08,0.07999997271368958,0.07999997271368958,0
40,19,0.08761538565158844,0.22761851713495135,0.0,0.07999997271368958,98.4375,100.0,0.07999996101955656,-0.9547143691662756,0.0,0.08,0.07999997271368958,0.07999997271368958,0
40,7,0.07969452440738678,0.22761851713495135,0.0,0.07999997271368958,96.84210526315789,98.94736842105263,0.07999996101955656,-1.0494700947408828,0.0,0.08,0.07999997271368958,0.07999997271368958,0
40,4,0.21552635729312897,0.22761851713495135,0.0,0.07999997271368958,93.7062937062937,100.0,0.07999996101955656,-0.05458784502625355,0.0,0.08,0.07999997271368958,0.07999997271368958,0
40,10,0.0903070792555809,0.22761851713495135,0.0,0.07999997271368958,97.42489270386267,100.0,0.07999996101955656,-0.9244551359587485,0.0,0.08,0.07999997271368958,0.07999997271368958,0
40,8,0.05720030888915062,0.22761851713495135,0.0,0.07999997271368958,98.046875,100.0,0.07999996101955656,-1.3811116277584903,0.0,0.08,0.07999997271368958,0.07999997271368958,0
40,12,0.11044563353061676,0.22761851713495135,0.0,0.07999997271368958,94.53125,100.0,0.07999996101955656,-0.7231476149353812,0.0,0.08,0.07999997271368958,0.07999997271368958,0
40,2,0.1705716997385025,0.22761851713495135,0.0,0.08371911776773036,98.36065573770492,100.0,0.08531302538247196,-0.28851530783479706,0.0,0.08,0.08371911776773036,0.08371911776773036,0
40,18,0.19229815900325775,0.22761851713495135,0.0,0.07999999147570744,93.359375,100.0,0.07999998782243921,-0.16862397012837163,0.0,0.08,0.07999999147570744,0.07999999147570744,0
40,17,0.18334415555000305,0.22761851713495135,0.0,0.07999997271368958,95.3125,100.0,0.07999996101955656,-0.21630602848268674,0.0,0.08,0.07999997271368958,0.07999997271368958,0
40,1,0.33161506056785583,0.22761851713495135,0.3763037691478972,0.2334090688029889,89.1891891891892,100.0,0.17013737743927654,0.3763037691478972,0.3763037691478972,0.3810430153183178,0.2334090688029889,0.2334090688029889,0
40,13,0.1263134479522705,0.22761851713495135,0.0,0.07999997271368958,98.125,100.0,0.07999996101955656,-0.5889045219924637,0.0,0.08,0.07999997271368958,0.07999997271368958,0
40,0,0.1799638271331787,0.22761851713495135,0.0,0.07999997271368958,94.41624365482234,100.0,0.07999996101955656,-0.23491517522339245,0.0,0.08,0.07999997271368958,0.07999997271368958,0
41,6,0.08723261207342148,0.219998811174363,0.0,0.07999998089958271,96.80851063829788,100.0,0.07999997271368958,-0.9250438207384768,0.0,0.08,0.07999998089958271,0.07999998089958271,0
41,8,0.061367206275463104,0.219998811174363,0.0,0.07999998089958271,97.265625,100.0,0.07999997271368958,-1.2767464323633244,0.0,0.08,0.07999998089958271,0.07999998089958271,0
41,15,0.20345866680145264,0.219998811174363,0.0,0.07999998089958271,94.140625,100.0,0.07999997271368958,-0.07815926617769112,0.0,0.08,0.07999998089958271,0.07999998089958271,0
41,4,0.16839593648910522,0.219998811174363,0.0,0.07999998089958271,91.60839160839161,100.0,0.07999997271368958,-0.2673041572509132,0.0,0.08,0.07999998089958271,0.07999998089958271,0
41,1,0.1556798666715622,0.219998811174363,0.0,0.1873863481620922,89.1891891891892,100.0,0.2334090688029889,-0.34582036179419284,0.0,0.08,0.1873863481620922,0.1873863481620922,0
41,7,0.05260872468352318,0.219998811174363,0.0,0.07999998089958271,96.84210526315789,100.0,0.07999997271368958,-1.4307400234600847,0.0,0.08,0.07999998089958271,0.07999998089958271,0
41,16,0.039740368723869324,0.219998811174363,0.0,0.07999998089958271,98.4375,100.0,0.07999997271368958,-1.7112544209193894,0.0,0.08,0.07999998089958271,0.07999998089958271,0
41,0,0.18169818818569183,0.219998811174363,0.0,0.07999998089958271,93.4010152284264,100.0,0.07999997271368958,-0.19127512911106923,0.0,0.08,0.07999998089958271,0.07999998089958271,0
41,14,0.12105429917573929,0.219998811174363,0.0,0.07999998089958271,95.3125,100.0,0.07999997271368958,-0.5973829069766011,0.0,0.08,0.07999998089958271,0.07999998089958271,0
41,13,0.1991272270679474,0.219998811174363,0.0,0.07999998089958271,95.0,100.0,0.07999997271368958,-0.09967818538191617,0.0,0.08,0.07999998089958271,0.07999998089958271,0
41,18,0.17892025411128998,0.219998811174363,0.0,0.07999999403299521,97.265625,100.0,0.07999999147570744,-0.20668193333430285,0.0,0.08,0.07999999403299521,0.07999999403299521,0
41,17,0.11858780682086945,0.219998811174363,0.0,0.07999998089958271,95.703125,100.0,0.07999997271368958,-0.6179684317031106,0.0,0.08,0.07999998089958271,0.07999998089958271,0
41,3,0.2205466777086258,0.219998811174363,0.0024872200744442317,0.08059691371744931,94.21052631578948,100.0,0.07999997271368958,0.0024872200744442317,0.0024872200744442317,0.08198977605955539,0.08059691371744931,0.08059691371744931,0
41,11,0.10957035422325134,0.219998811174363,0.0,0.07999998089958271,94.140625,100.0,0.07999997271368958,-0.6970552495131455,0.0,0.08,0.07999998089958271,0.07999998089958271,0
41,10,0.10087253898382187,0.219998811174363,0.0,0.07999998089958271,97.42489270386267,100.0,0.07999997271368958,-0.7797643593028809,0.0,0.08,0.07999998089958271,0.07999998089958271,0
41,5,0.6537595391273499,0.219998811174363,0.7,0.6397421243580778,76.5625,100.0,0.6396316062258254,1.0891174339285552,0.7,0.6399999999999999,0.6397421243580778,0.6397421243580778,0
41,2,0.20899498462677002,0.219998811174363,0.0,0.08260338243741125,94.26229508196721,100.0,0.08371911776773036,-0.05131188551584089,0.0,0.08,0.08260338243741125,0.08260338243741125,0
41,19,0.05916722118854523,0.219998811174363,0.0,0.07999998089958271,99.609375,99.609375,0.07999997271368958,-1.313254326622963,0.0,0.08,0.07999998089958271,0.07999998089958271,0
41,12,0.1238623782992363,0.219998811174363,0.0,0.07999998089958271,96.09375,99.609375,0.07999997271368958,-0.5744510104676491,0.0,0.08,0.07999998089958271,0.07999998089958271,0
41,9,0.09678640216588974,0.219998811174363,0.0,0.07999998089958271,97.65625,100.0,0.07999997271368958,-0.8211155737970308,0.0,0.08,0.07999998089958271,0.07999998089958271,0
42,19,0.10760579258203506,0.21024476393067548,0.0,0.07999998662970789,98.046875,100.0,0.07999998089958271,-0.6697978684747538,0.0,0.08,0.07999998662970789,0.07999998662970789,0
42,5,0.7011423110961914,0.21024476393067548,0.7,0.6398194870506544,75.0,100.0,0.6397421243580778,1.204438450151718,0.7,0.6399999999999999,0.6398194870506544,0.6398194870506544,0
42,11,0.10704058408737183,0.21024476393067548,0.0,0.07999998662970789,97.65625,100.0,0.07999998089958271,-0.6750642955826197,0.0,0.08,0.07999998662970789,0.07999998662970789,0
42,15,0.12040332704782486,0.21024476393067548,0.0,0.07999998662970789,96.09375,100.0,0.07999998089958271,-0.5574251932560539,0.0,0.08,0.07999998662970789,0.07999998662970789,0
42,3,0.14528334140777588,0.21024476393067548,0.0,0.08041783960221452,97.89473684210526,100.0,0.08059691371744931,-0.36958645889304526,0.0,0.08,0.08041783960221452,0.08041783960221452,0
42,14,0.15170319378376007,0.21024476393067548,0.0,0.07999998662970789,96.875,100.0,0.07999998089958271,-0.3263464367518814,0.0,0.08,0.07999998662970789,0.07999998662970789,0
42,12,0.10489155352115631,0.21024476393067548,0.0,0.07999998662970789,94.921875,100.0,0.07999998089958271,-0.6953453539345329,0.0,0.08,0.07999998662970789,0.07999998662970789,0
42,2,0.26309025287628174,0.21024476393067548,0.22422473605848908,0.13563630436022528,95.08196721311475,99.18032786885246,0.08260338243741125,0.22422473605848908,0.22422473605848908,0.2593797888467913,0.13563630436022528,0.13563630436022528,0
42,18,0.16192872822284698,0.21024476393067548,0.0,0.07999999582309664,94.53125,99.609375,0.07999999403299521,-0.26111609115054474,0.0,0.08,0.07999999582309664,0.07999999582309664,0
42,6,0.153726264834404,0.21024476393067548,0.0,0.07999998662970789,93.61702127659575,100.0,0.07999998089958271,-0.31309885733126963,0.0,0.08,0.07999998662970789,0.07999998662970789,0
42,7,0.104386106133461,0.21024476393067548,0.0,0.07999998662970789,97.89473684210526,100.0,0.07999998089958271,-0.7001757627131763,0.0,0.08,0.07999998662970789,0.07999998662970789,0
42,8,0.08084619790315628,0.21024476393067548,0.0,0.07999998662970789,98.828125,100.0,0.07999998089958271,-0.9557237600351808,0.0,0.08,0.07999998662970789,0.07999998662970789,0
42,9,0.11026348918676376,0.21024476393067548,0.0,0.07999998662970789,98.046875,100.0,0.07999998089958271,-0.6453994936558506,0.0,0.08,0.07999998662970789,0.07999998662970789,0
42,1,0.2292405664920807,0.21024476393067548,0.08649956238670203,0.17593033868627303,86.48648648648648,100.0,0.1873863481620922,0.08649956238670203,0.08649956238670203,0.14919964990936163,0.17593033868627303,0.17593033868627303,0
42,13,0.12585163116455078,0.21024476393067548,0.0,0.07999998662970789,99.375,100.0,0.07999998089958271,-0.5131686799543937,0.0,0.08,0.07999998662970789,0.07999998662970789,0
42,10,0.07006964087486267,0.21024476393067548,0.0,0.07999998662970789,96.99570815450643,100.0,0.07999998089958271,-1.098782682240157,0.0,0.08,0.07999998662970789,0.07999998662970789,0
42,0,0.15126021206378937,0.21024476393067548,0.0,0.07999998662970789,95.93908629441624,100.0,0.07999998089958271,-0.3292707635706594,0.0,0.08,0.07999998662970789,0.07999998662970789,0
42,4,0.2028774470090866,0.21024476393067548,0.0,0.07999998662970789,95.8041958041958,100.0,0.07999998089958271,-0.035670305378806506,0.0,0.08,0.07999998662970789,0.07999998662970789,0
42,17,0.148004949092865,0.21024476393067548,0.0,0.07999998662970789,96.484375,100.0,0.07999998089958271,-0.3510266615037661,0.0,0.08,0.07999998662970789,0.07999998662970789,0
42,16,0.04294196143746376,0.21024476393067548,0.0,0.07999998662970789,98.828125,100.0,0.07999998089958271,-1.5884227392486472,0.0,0.08,0.07999998662970789,0.07999998662970789,0
43,16,0.03117315284907818,0.20277703616622428,0.0,0.07999999064079552,99.609375,100.0,0.07999998662970789,-1.87254952115896,0.0,0.08,0.07999999064079552,0.07999999064079552,0
43,14,0.11989478766918182,0.20277703616622428,0.0,0.07999999064079552,96.875,100.0,0.07999998662970789,-0.525492408548581,0.0,0.08,0.07999999064079552,0.07999999064079552,0
43,0,0.18496929109096527,0.20277703616622428,0.0,0.07999999064079552,94.41624365482234,100.0,0.07999998662970789,-0.09191720946656147,0.0,0.08,0.07999999064079552,0.07999999064079552,0
43,18,0.1591942012310028,0.20277703616622428,0.0,0.07999999707616764,96.484375,100.0,0.07999999582309664,-0.2419821695915976,0.0,0.08,0.07999999707616764,0.07999999707616764,0
43,8,0.11746873706579208,0.20277703616622428,0.0,0.07999999064079552,98.4375,100.0,0.07999998662970789,-0.5459347649406512,0.0,0.08,0.07999999064079552,0.07999999064079552,0
43,11,0.07716204226016998,0.20277703616622428,0.0,0.07999999064079552,96.484375,100.0,0.07999998662970789,-0.9661992955806279,0.0,0.08,0.07999999064079552,0.07999999064079552,0
43,5,0.6566755175590515,0.20277703616622428,0.7,0.6398736409354581,75.0,99.609375,0.6398194870506544,1.1750829459911565,0.7,0.6399999999999999,0.6398736409354581,0.6398736409354581,0
43,7,0.09042820334434509,0.20277703616622428,0.0,0.07999999064079552,96.84210526315789,100.0,0.07999998662970789,-0.8075507675026175,0.0,0.08,0.07999999064079552,0.07999999064079552,0
43,12,0.1039159819483757,0.20277703616622428,0.0,0.07999999064079552,95.703125,99.609375,0.07999998662970789,-0.6685242777340212,0.0,0.08,0.07999999064079552,0.07999999064079552,0
43,3,0.12356206774711609,0.20277703616622428,0.0,0.08029248772155016,93.15789473684211,100.0,0.08041783960221452,-0.4953633971237576,0.0,0.08,0.08029248772155016,0.08029248772155016,0
43,2,0.1652526706457138,0.20277703616622428,0.0,0.1189454130521577,95.08196721311475,100.0,0.13563630436022528,-0.20463138036701595,0.0,0.08,0.1189454130521577,0.1189454130521577,0
43,17,0.11704660207033157,0.20277703616622428,0.0,0.07999999064079552,97.265625,100.0,0.07999998662970789,-0.5495348315029273,0.0,0.08,0.07999999064079552,0.07999999064079552,0
43,10,0.10009102523326874,0.20277703616622428,0.0,0.07999999064079552,97.42489270386267,100.0,0.07999998662970789,-0.7060269565250722,0.0,0.08,0.07999999064079552,0.07999999064079552,0
43,13,0.16077835857868195,0.20277703616622428,0.0,0.07999999064079552,96.25,100.0,0.07999998662970789,-0.23208025679515967,0.0,0.08,0.07999999064079552,0.07999999064079552,0
43,9,0.06176548823714256,0.20277703616622428,0.0,0.07999999064079552,98.828125,100.0,0.07999998662970789,-1.1887621531120538,0.0,0.08,0.07999999064079552,0.07999999064079552,0
43,6,0.05917661264538765,0.20277703616622428,0.0,0.07999999064079552,94.68085106382979,100.0,0.07999998662970789,-1.231580504572045,0.0,0.08,0.07999999064079552,0.07999999064079552,0
43,15,0.14868846535682678,0.20277703616622428,0.0,0.07999999064079552,98.046875,100.0,0.07999998662970789,-0.31025373290792246,0.0,0.08,0.07999999064079552,0.07999999064079552,0
43,4,0.18859705328941345,0.20277703616622428,0.0,0.07999999064079552,88.1118881118881,100.0,0.07999998662970789,-0.07249428175432375,0.0,0.08,0.07999999064079552,0.07999999064079552,0
43,19,0.14803346991539001,0.20277703616622428,0.0,0.07999999064079552,98.828125,100.0,0.07999998662970789,-0.3146686169007354,0.0,0.08,0.07999999064079552,0.07999999064079552,0
43,1,0.14025044441223145,0.20277703616622428,0.0,0.1471512370803911,91.89189189189189,100.0,0.17593033868627303,-0.36867729631300944,0.0,0.08,0.1471512370803911,0.1471512370803911,0
44,0,0.2697787582874298,0.19467217532041675,0.32628520340556827,0.15830844226589325,91.87817258883248,99.49238578680203,0.07999999064079552,0.32628520340556827,0.32628520340556827,0.34102816272445463,0.15830844226589325,0.15830844226589325,0
44,2,0.24478153884410858,0.19467217532041675,0.22904913242169253,0.16223358091771659,98.36065573770492,100.0,0.1189454130521577,0.22904913242169253,0.22904913242169253,0.26323930593735406,0.16223358091771659,0.16223358091771659,0
44,9,0.09116928279399872,0.19467217532041675,0.0,0.07999999344855686,99.609375,100.0,0.07999999064079552,-0.7585989044436898,0.0,0.08,0.07999999344855686,0.07999999344855686,0
44,8,0.05543356388807297,0.19467217532041675,0.0,0.07999999344855686,99.21875,99.609375,0.07999999064079552,-1.2561316059533603,0.0,0.08,0.07999999344855686,0.07999999344855686,0
44,12,0.11357886344194412,0.19467217532041675,0.0,0.07999999344855686,96.875,99.609375,0.07999999064079552,-0.5388195272374371,0.0,0.08,0.07999999344855686,0.07999999344855686,0
44,3,0.10066191852092743,0.19467217532041675,0.0,0.0802047414050851,95.26315789473684,100.0,0.08029248772155016,-0.6595493830808653,0.0,0.08,0.0802047414050851,0.0802047414050851,0
44,18,0.1538766324520111,0.19467217532041675,0.0,0.07999999795331734,95.703125,100.0,0.07999999707616764,-0.23516578462264062,0.0,0.08,0.07999999795331734,0.07999999795331734,0
44,19,0.12197431176900864,0.19467217532041675,0.0,0.07999999344855686,98.4375,100.0,0.07999999064079552,-0.4675064977304088,0.0,0.08,0.07999999344855686,0.07999999344855686,0
44,11,0.13972903788089752,0.19467217532041675,0.0,0.07999999344855686,96.484375,100.0,0.07999999064079552,-0.3316118679298623,0.0,0.08,0.07999999344855686,0.07999999344855686,0
44,17,0.21530157327651978,0.19467217532041675,0.10072271515197498,0.10417344508503086,95.703125,100.0,0.07999999064079552,0.10072271515197498,0.10072271515197498,0.16057817212158,0.10417344508503086,0.10417344508503086,0
44,5,0.6844426393508911,0.19467217532041675,0.7,0.6399115486548206,79.296875,100.0,0.6398736409354581,1.2572878134792855,0.7,0.6399999999999999,0.6399115486548206,0.6399115486548206,0
44,7,0.1467098742723465,0.19467217532041675,0.0,0.07999999344855686,97.89473684210526,100.0,0.07999999064079552,-0.2828599826748825,0.0,0.08,0.07999999344855686,0.07999999344855686,0
44,6,0.10753573477268219,0.19467217532041675,0.0,0.07999999344855686,94.68085106382979,100.0,0.07999999064079552,-0.593493741194998,0.0,0.08,0.07999999344855686,0.07999999344855686,0
44,10,0.12162107229232788,0.19467217532041675,0.0,0.07999999344855686,95.70815450643777,100.0,0.07999999064079552,-0.4704067143879509,0.0,0.08,0.07999999344855686,0.07999999344855686,0
44,4,0.215425044298172,0.19467217532041675,0.10129603017019354,0.1043110406894033,95.1048951048951,100.0,0.07999999064079552,0.10129603017019354,0.10129603017019354,0.16103682413615483,0.1043110406894033,0.1043110406894033,0
44,15,0.14690269529819489,0.19467217532041675,0.0,0.07999999344855686,95.703125,100.0,0.07999999064079552,-0.28154654407982505,0.0,0.08,0.07999999344855686,0.07999999344855686,0
44,1,0.3348933756351471,0.19467217532041675,0.5424951863298209,0.25720471067543077,94.5945945945946,100.0,0.1471512370803911,0.5424951863298209,0.5424951863298209,0.5139961490638567,0.25720471067543077,0.25720471067543077,0
44,14,0.1413627564907074,0.19467217532041675,0.0,0.07999999344855686,96.875,100.0,0.07999999064079552,-0.3199876446529109,0.0,0.08,0.07999999344855686,0.07999999344855686,0
44,16,0.0329616405069828,0.19467217532041675,0.0,0.07999999344855686,99.609375,100.0,0.07999999064079552,-1.775972263158123,0.0,0.08,0.07999999344855686,0.07999999344855686,0
44,13,0.11880384385585785,0.19467217532041675,0.0,0.07999999344855686,97.5,100.0,0.07999999064079552,-0.49384319674049443,0.0,0.08,0.07999999344855686,0.07999999344855686,0
45,16,0.03302445262670517,0.18925954750695534,0.0,0.0799999954139898,98.828125,100.0,0.07999999344855686,-1.7458708144968116,0.0,0.08,0.0799999954139898,0.0799999954139898,0
45,8,0.0207460206001997,0.18925954750695534,0.0,0.0799999954139898,98.828125,100.0,0.07999999344855686,-2.2107644610593287,0.0,0.08,0.0799999954139898,0.0799999954139898,0
45,12,0.1313406378030777,0.18925954750695534,0.0,0.0799999954139898,96.484375,99.609375,0.07999999344855686,-0.3653250800495939,0.0,0.08,0.0799999954139898,0.0799999954139898,0
45,9,0.036632899194955826,0.18925954750695534,0.0,0.0799999954139898,97.65625,100.0,0.07999999344855686,-1.6421723983218828,0.0,0.08,0.0799999954139898,0.0799999954139898,0
45,1,0.19447395205497742,0.18925954750695534,0.02717888985368682,0.21056623103768637,97.29729729729729,100.0,0.25720471067543077,0.02717888985368682,0.02717888985368682,0.10174311188294946,0.21056623103768637,0.21056623103768637,0
45,7,0.10742945224046707,0.18925954750695534,0.0,0.0799999954139898,98.94736842105263,100.0,0.07999999344855686,-0.5662849260684779,0.0,0.08,0.0799999954139898,0.0799999954139898,0
45,4,0.1399785429239273,0.18925954750695534,0.0,0.0970177284825823,92.3076923076923,100.0,0.1043110406894033,-0.3016301755871547,0.0,0.08,0.0970177284825823,0.0970177284825823,0
45,0,0.17617884278297424,0.18925954750695534,0.0,0.13481590958612527,94.41624365482234,100.0,0.15830844226589325,-0.07161970501912844,0.0,0.08,0.13481590958612527,0.13481590958612527,0
45,11,0.10386055707931519,0.18925954750695534,0.0,0.0799999954139898,97.65625,100.0,0.07999999344855686,-0.6000700946235943,0.0,0.08,0.0799999954139898,0.0799999954139898,0
45,10,0.10435979813337326,0.18925954750695534,0.0,0.0799999954139898,96.56652360515021,100.0,0.07999999344855686,-0.5952747713011417,0.0,0.08,0.0799999954139898,0.0799999954139898,0
45,15,0.16098399460315704,0.18925954750695534,0.0,0.0799999954139898,94.140625,100.0,0.07999999344855686,-0.1618143833026864,0.0,0.08,0.0799999954139898,0.0799999954139898,0
45,18,0.1369551420211792,0.18925954750695534,0.0,0.07999999856732214,93.75,100.0,0.07999999795331734,-0.3234658783353142,0.0,0.08,0.07999999856732214,0.07999999856732214,0
45,19,0.05325362831354141,0.18925954750695534,0.0,0.0799999954139898,97.65625,100.0,0.07999999344855686,-1.2680532656682255,0.0,0.08,0.0799999954139898,0.0799999954139898,0
45,5,0.6818844079971313,0.18925954750695534,0.7,0.6399380840583744,76.5625,100.0,0.6399115486548206,1.2817407753427863,0.7,0.6399999999999999,0.6399380840583744,0.6399380840583744,0
45,14,0.1190081536769867,0.18925954750695534,0.0,0.0799999954139898,95.3125,100.0,0.07999999344855686,-0.4639272999745157,0.0,0.08,0.0799999954139898,0.0799999954139898,0
45,17,0.13429071009159088,0.18925954750695534,0.0,0.09692141155952161,95.703125,100.0,0.10417344508503086,-0.343112390268872,0.0,0.08,0.09692141155952161,0.09692141155952161,0
45,13,0.1987612247467041,0.18925954750695534,0.04898488590365877,0.0917563680308679,96.25,100.0,0.07999999344855686,0.04898488590365877,0.04898488590365877,0.11918790872292702,0.0917563680308679,0.0917563680308679,0
45,6,0.14818446338176727,0.18925954750695534,0.0,0.0799999954139898,95.74468085106383,100.0,0.07999999344855686,-0.24466145369146583,0.0,0.08,0.0799999954139898,0.0799999954139898,0
45,2,0.11704923957586288,0.18925954750695534,0.0,0.1375635066424016,95.08196721311475,100.0,0.16223358091771659,-0.4805246102859736,0.0,0.08,0.1375635066424016,0.1375635066424016,0
45,3,0.2468927949666977,0.18925954750695534,0.26583486137822393,0.1439436857143333,94.21052631578948,100.0,0.0802047414050851,0.26583486137822393,0.26583486137822393,0.2926678891025792,0.1439436857143333,0.1439436857143333,0
46,12,0.11201641708612442,0.18361516015099325,0.0,0.07999999678979286,95.3125,100.0,0.0799999954139898,-0.4941965699159104,0.0,0.08,0.07999999678979286,0.07999999678979286,0
46,3,0.14852280914783478,0.18361516015099325,0.0,0.12476058000003332,94.21052631578948,100.0,0.1439436857143333,-0.21210349013498725,0.0,0.08,0.12476058000003332,0.12476058000003332,0
46,6,0.14371025562286377,0.18361516015099325,0.0,0.07999999678979286,96.80851063829788,100.0,0.0799999954139898,-0.24504287245778655,0.0,0.08,0.07999999678979286,0.07999999678979286,0
46,1,0.32499927282333374,0.18361516015099325,0.5709808747620913,0.3084317716692824,91.89189189189189,100.0,0.21056623103768637,0.5709808747620913,0.5709808747620913,0.536784699809673,0.3084317716692824,0.3084317716692824,0
46,14,0.09488459676504135,0.18361516015099325,0.0,0.07999999678979286,95.3125,100.0,0.0799999954139898,-0.6601806132025998,0.0,0.08,0.07999999678979286,0.07999999678979286,0
46,4,0.20408746600151062,0.18361516015099325,0.10570660499528182,0.11728199513667524,95.8041958041958,100.0,0.0970177284825823,0.10570660499528182,0.10570660499528182,0.16456528399622547,0.11728199513667524,0.11728199513667524,0
46,13,0.06546886265277863,0.18361516015099325,0.0,0.08822945762160753,96.25,100.0,0.0917563680308679,-1.0312672978576904,0.0,0.08,0.08822945762160753,0.08822945762160753,0
46,17,0.13059256970882416,0.18361516015099325,0.0,0.09184498809166511,96.484375,100.0,0.09692141155952161,-0.3407597025704913,0.0,0.08,0.09184498809166511,0.09184498809166511,0
46,8,0.028068330138921738,0.18361516015099325,0.0,0.07999999678979286,98.046875,100.0,0.0799999954139898,-1.8781998451628996,0.0,0.08,0.07999999678979286,0.07999999678979286,0
46,18,0.15604446828365326,0.18361516015099325,0.0,0.07999999899712548,98.046875,100.0,0.07999999856732214,-0.16270101705351966,0.0,0.08,0.07999999899712548,0.07999999899712548,0
46,15,0.15214435756206512,0.18361516015099325,0.0,0.07999999678979286,95.3125,100.0,0.0799999954139898,-0.18801224419085655,0.0,0.08,0.07999999678979286,0.07999999678979286,0
46,0,0.12381900101900101,0.18361516015099325,0.0,0.11837113671028768,92.89340101522842,100.0,0.13481590958612527,-0.39402119005619834,0.0,0.08,0.11837113671028768,0.11837113671028768,0
46,7,0.10965129733085632,0.18361516015099325,0.0,0.07999999678979286,94.73684210526316,98.94736842105263,0.0799999954139898,-0.5155367033129277,0.0,0.08,0.07999999678979286,0.07999999678979286,0
46,5,0.5408892631530762,0.18361516015099325,0.7,0.6399566588408621,81.25,100.0,0.6399380840583744,1.0803724863340827,0.7,0.6399999999999999,0.6399566588408621,0.6399566588408621,0
46,2,0.14047446846961975,0.18361516015099325,0.0,0.12029445464968111,91.80327868852459,99.18032786885246,0.1375635066424016,-0.26781627649701717,0.0,0.08,0.12029445464968111,0.12029445464968111,0
46,11,0.09257331490516663,0.18361516015099325,0.0,0.07999999678979286,96.09375,100.0,0.0799999954139898,-0.6848410686939554,0.0,0.08,0.07999999678979286,0.07999999678979286,0
46,16,0.04893562197685242,0.18361516015099325,0.0,0.07999999678979286,98.046875,100.0,0.0799999954139898,-1.3223362994549661,0.0,0.08,0.07999999678979286,0.07999999678979286,0
46,9,0.03405052050948143,0.18361516015099325,0.0,0.07999999678979286,98.4375,100.0,0.0799999954139898,-1.6849964880858024,0.0,0.08,0.07999999678979286,0.07999999678979286,0
46,19,0.08854680508375168,0.18361516015099325,0.0,0.07999999678979286,99.21875,100.0,0.0799999954139898,-0.7293107047194123,0.0,0.08,0.07999999678979286,0.07999999678979286,0
46,10,0.11613230407238007,0.18361516015099325,0.0,0.07999999678979286,97.85407725321889,100.0,0.0799999954139898,-0.45811192124031264,0.0,0.08,0.07999999678979286,0.07999999678979286,0
47,1,0.2491852045059204,0.17725120939046296,0.3406284084314665,0.32165305819204965,89.1891891891892,100.0,0.3084317716692824,0.3406284084314665,0.3406284084314665,0.35250272674517324,0.32165305819204965,0.32165305819204965,0
47,17,0.07859214395284653,0.17725120939046296,0.0,0.08829149166416558,96.09375,100.0,0.09184498809166511,-0.8132961729137312,0.0,0.08,0.08829149166416558,0.08829149166416558,0
47,3,0.11403544247150421,0.17725120939046296,0.0,0.11133240600002331,97.36842105263158,100.0,0.12476058000003332,-0.4410586582430972,0.0,0.08,0.11133240600002331,0.11133240600002331,0
47,0,0.12674805521965027,0.17725120939046296,0.0,0.10685979569720136,93.90862944162437,100.0,0.11837113671028768,-0.3353666670678878,0.0,0.08,0.10685979569720136,0.10685979569720136,0
47,13,0.10392598807811737,0.17725120939046296,0.0,0.08576062033512527,96.875,100.0,0.08822945762160753,-0.5338889559600288,0.0,0.08,0.08576062033512527,0.08576062033512527,0
47,9,0.05694582313299179,0.17725120939046296,0.0,0.07999999775285499,99.21875,100.0,0.07999999678979286,-1.1354675247787258,0.0,0.08,0.07999999775285499,0.07999999775285499,0
47,15,0.16357137262821198,0.17725120939046296,0.0,0.07999999775285499,96.875,100.0,0.07999999678979286,-0.08031855882600045,0.0,0.08,0.07999999775285499,0.07999999775285499,0
47,6,0.0443536676466465,0.17725120939046296,0.0,0.07999999775285499,94.68085106382979,100.0,0.07999999678979286,-1.385372416304306,0.0,0.08,0.07999999775285499,0.07999999775285499,0
47,8,0.07842684537172318,0.17725120939046296,0.0,0.07999999775285499,99.21875,100.0,0.07999999678979286,-0.8154016331748541,0.0,0.08,0.07999999775285499,0.07999999775285499,0
47,10,0.07919339090585709,0.17725120939046296,0.0,0.07999999775285499,96.99570815450643,100.0,0.07999999678979286,-0.8056750714302535,0.0,0.08,0.07999999775285499,0.07999999775285499,0
47,18,0.08158724009990692,0.17725120939046296,0.0,0.07999999929798783,95.703125,100.0,0.07999999899712548,-0.7758950438971285,0.0,0.08,0.07999999929798783,0.07999999929798783,0
47,19,0.06427223980426788,0.17725120939046296,0.0,0.07999999775285499,98.828125,100.0,0.07999999678979286,-1.0144400806007303,0.0,0.08,0.07999999775285499,0.07999999775285499,0
47,5,0.5457059741020203,0.17725120939046296,0.7,0.6399696611886034,76.5625,100.0,0.6399566588408621,1.1245122951676736,0.7,0.6399999999999999,0.6399696611886034,0.6399696611886034,0
47,7,0.10572320222854614,0.17725120939046296,0.0,0.07999999775285499,95.78947368421052,100.0,0.07999999678979286,-0.5167435713056209,0.0,0.08,0.07999999775285499,0.07999999775285499,0
47,4,0.20158600807189941,0.17725120939046296,0.12864813410654397,0.13697294878124322,89.5104895104895,100.0,0.11728199513667524,0.12864813410654397,0.12864813410654397,0.18291850728523518,0.13697294878124322,0.13697294878124322,0
47,14,0.09347834438085556,0.17725120939046296,0.0,0.07999999775285499,97.265625,100.0,0.07999999678979286,-0.6398381393380307,0.0,0.08,0.07999999775285499,0.07999999775285499,0
47,16,0.02412007562816143,0.17725120939046296,0.0,0.07999999775285499,98.828125,100.0,0.07999999678979286,-1.994523122941133,0.0,0.08,0.07999999775285499,0.07999999775285499,0
47,11,0.08515425026416779,0.17725120939046296,0.0,0.07999999775285499,94.53125,100.0,0.07999999678979286,-0.7331036065639779,0.0,0.08,0.07999999775285499,0.07999999775285499,0
47,12,0.12058570981025696,0.17725120939046296,0.0,0.07999999775285499,97.265625,100.0,0.07999999678979286,-0.3852071771348294,0.0,0.08,0.07999999775285499,0.07999999775285499,0
47,2,0.23648381233215332,0.17725120939046296,0.2883117561936564,0.17740093974125432,95.08196721311475,100.0,0.12029445464968111,0.2883117561936564,0.2883117561936564,0.31064940495492516,0.17740093974125432,0.17740093974125432,0
48,11,0.10383398085832596,0.16939630507436532,0.0,0.07999999842699848,96.09375,100.0,0.07999999775285499,-0.4894476471303077,0.0,0.08,0.07999999842699848,0.07999999842699848,0
48,17,0.12518909573554993,0.16939630507436532,0.0,0.08580404416491591,96.484375,100.0,0.08829149166416558,-0.30241558918538836,0.0,0.08,0.08580404416491591,0.08580404416491591,0
48,2,0.1559075266122818,0.16939630507436532,0.0,0.14818065781887801,93.44262295081967,100.0,0.17740093974125432,-0.08297791167229164,0.0,0.08,0.14818065781887801,0.14818065781887801,0
48,19,0.0951375737786293,0.16939630507436532,0.0,0.07999999842699848,99.21875,100.0,0.07999999775285499,-0.5769169349747277,0.0,0.08,0.07999999842699848,0.07999999842699848,0
48,18,0.20749975740909576,0.16939630507436532,0.2028891895765069,0.12869340500695314,94.921875,100.0,0.07999999929798783,0.2028891895765069,0.2028891895765069,0.24231135166120554,0.12869340500695314,0.12869340500695314,0
48,0,0.12613201141357422,0.16939630507436532,0.0,0.09880185698804095,94.41624365482234,100.0,0.10685979569720136,-0.294911881773248,0.0,0.08,0.09880185698804095,0.09880185698804095,0
48,9,0.04927162453532219,0.16939630507436532,0.0,0.07999999842699848,97.65625,100.0,0.07999999775285499,-1.2348924781056518,0.0,0.08,0.07999999842699848,0.07999999842699848,0
48,7,0.18461287021636963,0.16939630507436532,0.08602006411422608,0.10064481381441275,98.94736842105263,98.94736842105263,0.07999999775285499,0.08602006411422608,0.08602006411422608,0.14881605129138087,0.10064481381441275,0.10064481381441275,0
48,12,0.09715868532657623,0.16939630507436532,0.0,0.07999999842699848,96.09375,99.609375,0.07999999775285499,-0.5558953532218353,0.0,0.08,0.07999999842699848,0.07999999842699848,0
48,4,0.21265913546085358,0.16939630507436532,0.22744959870615006,0.17446896783634627,96.5034965034965,100.0,0.13697294878124322,0.22744959870615006,0.22744959870615006,0.26195967896492006,0.17446896783634627,0.17446896783634627,0
48,1,0.2241676151752472,0.16939630507436532,0.2801530694998542,0.3163938774143997,91.89189189189189,100.0,0.32165305819204965,0.2801530694998542,0.2801530694998542,0.3041224555998834,0.3163938774143997,0.3163938774143997,0
48,6,0.17974434792995453,0.16939630507436532,0.059294578506305824,0.09423069726851188,97.87234042553192,100.0,0.07999999775285499,0.059294578506305824,0.059294578506305824,0.12743566280504465,0.09423069726851188,0.09423069726851188,0
48,14,0.12312436103820801,0.16939630507436532,0.0,0.07999999842699848,96.09375,100.0,0.07999999775285499,-0.3190460380135148,0.0,0.08,0.07999999842699848,0.07999999842699848,0
48,10,0.09967707097530365,0.16939630507436532,0.0,0.07999999842699848,96.99570815450643,100.0,0.07999999775285499,-0.5303052585188593,0.0,0.08,0.07999999842699848,0.07999999842699848,0
48,5,0.6033181548118591,0.16939630507436532,0.7,0.6399787628320224,76.171875,100.0,0.6399696611886034,1.2702036649063058,0.7,0.6399999999999999,0.6399787628320224,0.6399787628320224,0
48,3,0.12265308946371078,0.16939630507436532,0.0,0.1019326842000163,95.78947368421052,100.0,0.11133240600002331,-0.32288098798766024,0.0,0.08,0.1019326842000163,0.1019326842000163,0
48,15,0.12588906288146973,0.16939630507436532,0.0,0.07999999842699848,95.3125,100.0,0.07999999775285499,-0.29683988393545796,0.0,0.08,0.07999999842699848,0.07999999842699848,0
48,16,0.02384958788752556,0.16939630507436532,0.0,0.07999999842699848,100.0,100.0,0.07999999775285499,-1.960473672043201,0.0,0.08,0.07999999842699848,0.07999999842699848,0
48,13,0.16602912545204163,0.16939630507436532,0.0,0.08403243423458769,97.5,100.0,0.08576062033512527,-0.02007774144663452,0.0,0.08,0.08403243423458769,0.08403243423458769,0
48,8,0.06291641294956207,0.16939630507436532,0.0,0.07999999842699848,98.828125,100.0,0.07999999775285499,-0.9904338033694202,0.0,0.08,0.07999999842699848,0.07999999842699848,0
49,7,0.11756648123264313,0.16501058249777978,0.0,0.09445136967008891,98.94736842105263,100.0,0.10064481381441275,-0.33900561243237815,0.0,0.08,0.09445136967008891,0.09445136967008891,0
49,10,0.08597604185342789,0.16501058249777978,0.0,0.07999999889889893,96.13733905579399,100.0,0.07999999842699848,-0.651940878142468,0.0,0.08,0.07999999889889893,0.07999999889889893,0
49,19,0.05687520653009415,0.16501058249777978,0.0,0.07999999889889893,97.65625,100.0,0.07999999842699848,-1.0651499844098833,0.0,0.08,0.07999999889889893,0.07999999889889893,0
49,4,0.1355046033859253,0.16501058249777978,0.0,0.14612827748544238,94.4055944055944,100.0,0.17446896783634627,-0.19700398192752014,0.0,0.08,0.14612827748544238,0.14612827748544238,0
49,8,0.04398380592465401,0.16501058249777978,0.0,0.07999999889889893,98.828125,100.0,0.07999999842699848,-1.3221879224345807,0.0,0.08,0.07999999889889893,0.07999999889889893,0
49,5,0.5956729054450989,0.16501058249777978,0.7,0.6399851339824156,78.515625,100.0,0.6399787628320224,1.2836820480346913,0.7,0.6399999999999999,0.6399851339824156,0.6399851339824156,0
49,11,0.0893939882516861,0.16501058249777978,0.0,0.07999999889889893,97.265625,100.0,0.07999999842699848,-0.612956122520425,0.0,0.08,0.07999999889889893,0.07999999889889893,0
49,15,0.11710430681705475,0.16501058249777978,0.0,0.07999999889889893,95.703125,100.0,0.07999999842699848,-0.3429445345078284,0.0,0.08,0.07999999889889893,0.07999999889889893,0
49,14,0.13036687672138214,0.16501058249777978,0.0,0.07999999889889893,97.265625,100.0,0.07999999842699848,-0.235656987736705,0.0,0.08,0.07999999889889893,0.07999999889889893,0
49,6,0.1304459124803543,0.16501058249777978,0.0,0.08996148808795831,95.74468085106383,100.0,0.09423069726851188,-0.23505091503932962,0.0,0.08,0.08996148808795831,0.08996148808795831,0
49,9,0.0784490704536438,0.16501058249777978,0.0,0.07999999889889893,98.4375,100.0,0.07999999842699848,-0.7435599111181417,0.0,0.08,0.07999999889889893,0.07999999889889893,0
49,2,0.18316827714443207,0.16501058249777978,0.1043956633525144,0.15278141967781805,95.08196721311475,100.0,0.14818065781887801,0.1043956633525144,0.1043956633525144,0.16351653068201155,0.15278141967781805,0.15278141967781805,0
49,16,0.028930410742759705,0.16501058249777978,0.0,0.07999999889889893,99.21875,100.0,0.07999999842699848,-1.7411160064380304,0.0,0.08,0.07999999889889893,0.07999999889889893,0
49,13,0.12318699061870575,0.16501058249777978,0.0,0.08282270396421137,98.75,100.0,0.08403243423458769,-0.2923061377224653,0.0,0.08,0.08282270396421137,0.08282270396421137,0
49,17,0.17058348655700684,0.16501058249777978,0.033215223932472865,0.09203448465923461,97.265625,100.0,0.08580404416491591,0.033215223932472865,0.033215223932472865,0.1065721791459783,0.09203448465923461,0.09203448465923461,0
49,0,0.12230991572141647,0.16501058249777978,0.0,0.09316129989162866,94.9238578680203,100.0,0.09880185698804095,-0.299451470594913,0.0,0.08,0.09316129989162866,0.09316129989162866,0
49,3,0.1461755782365799,0.16501058249777978,0.0,0.0953528789400114,96.3157894736842,100.0,0.1019326842000163,-0.12120111054849794,0.0,0.08,0.0953528789400114,0.0953528789400114,0
49,18,0.14056195318698883,0.16501058249777978,0.0,0.11408538350486719,96.484375,100.0,0.12869340500695314,-0.16036125811836022,0.0,0.08,0.11408538350486719,0.11408538350486719,0
49,12,0.10621115565299988,0.16501058249777978,0.0,0.07999999889889893,95.703125,99.609375,0.07999999842699848,-0.44058042753953963,0.0,0.08,0.07999999889889893,0.07999999889889893,0
49,1,0.154704749584198,0.16501058249777978,0.0,0.2454757141900798,97.29729729729729,100.0,0.3163938774143997,-0.0644911451475717,0.0,0.08,0.2454757141900798,0.2454757141900798,0
50,17,0.1457577794790268,0.1607843695650079,0.0,0.08842413926146422,95.3125,100.0,0.09203448465923461,-0.09811794210514121,0.0,0.08,0.08842413926146422,0.08842413926146422,0
50,6,0.14829818904399872,0.1607843695650079,0.0,0.08697304166157083,97.87234042553192,100.0,0.08996148808795831,-0.08083910495287393,0.0,0.08,0.08697304166157083,0.08697304166157083,0
50,19,0.05183913931250572,0.1607843695650079,0.0,0.07999999922922925,99.21875,100.0,0.07999999889889893,-1.1319185679750299,0.0,0.08,0.07999999922922925,0.07999999922922925,0
50,10,0.10589946806430817,0.1607843695650079,0.0,0.07999999922922925,96.13733905579399,100.0,0.07999999889889893,-0.4175738859936195,0.0,0.08,0.07999999922922925,0.07999999922922925,0
50,1,0.23827792704105377,0.1607843695650079,0.39337358499619846,0.29024266033214347,97.29729729729729,100.0,0.2454757141900798,0.39337358499619846,0.39337358499619846,0.3946988679969588,0.29024266033214347,0.29024266033214347,0
50,16,0.03436480835080147,0.1607843695650079,0.0,0.07999999922922925,99.21875,100.0,0.07999999889889893,-1.5430308913360509,0.0,0.08,0.07999999922922925,0.07999999922922925,0
50,5,0.5496119260787964,0.1607843695650079,0.7,0.6399895937876909,76.5625,100.0,0.6399851339824156,1.2291482484108742,0.7,0.6399999999999999,0.6399895937876909,0.6399895937876909,0
50,7,0.11507152765989304,0.1607843695650079,0.0,0.09011595876906223,96.84210526315789,100.0,0.09445136967008891,-0.33451020844983254,0.0,0.08,0.09011595876906223,0.09011595876906223,0
50,11,0.19756461679935455,0.1607843695650079,0.20600154509789265,0.1294403700527235,95.3125,100.0,0.07999999889889893,0.20600154509789265,0.20600154509789265,0.2448012360783141,0.1294403700527235,0.1294403700527235,0
50,9,0.057957135140895844,0.1607843695650079,0.0,0.07999999922922925,98.046875,100.0,0.07999999889889893,-1.020360349456363,0.0,0.08,0.07999999922922925,0.07999999922922925,0
50,12,0.09917300194501877,0.1607843695650079,0.0,0.07999999922922925,96.09375,100.0,0.07999999889889893,-0.483198289746871,0.0,0.08,0.07999999922922925,0.07999999922922925,0
50,15,0.12084312736988068,0.1607843695650079,0.0,0.07999999922922925,95.3125,100.0,0.07999999889889893,-0.28557089082823006,0.0,0.08,0.07999999922922925,0.07999999922922925,0
50,3,0.12514106929302216,0.1607843695650079,0.0,0.09074701525800799,98.42105263157895,100.0,0.0953528789400114,-0.2506224748000626,0.0,0.08,0.09074701525800799,0.09074701525800799,0
50,2,0.14908908307552338,0.1607843695650079,0.0,0.13094699377447264,92.62295081967213,100.0,0.15278141967781805,-0.07552014266293043,0.0,0.08,0.13094699377447264,0.13094699377447264,0
50,8,0.09079558402299881,0.1607843695650079,0.0,0.07999999922922925,98.046875,100.0,0.07999999889889893,-0.5714534495634808,0.0,0.08,0.07999999922922925,0.07999999922922925,0
50,13,0.19219014048576355,0.1607843695650079,0.17842103903355813,0.12479694214300191,96.875,100.0,0.08282270396421137,0.17842103903355813,0.17842103903355813,0.2227368312268465,0.12479694214300191,0.12479694214300191,0
50,4,0.19639678299427032,0.1607843695650079,0.20007285681968476,0.174307279876534,93.7062937062937,100.0,0.14612827748544238,0.20007285681968476,0.20007285681968476,0.2400582854557478,0.174307279876534,0.174307279876534,0
50,0,0.09837930649518967,0.1607843695650079,0.0,0.08921290992414005,96.95431472081218,100.0,0.09316129989162866,-0.4912336262737697,0.0,0.08,0.08921290992414005,0.08921290992414005,0
50,14,0.0778597816824913,0.1607843695650079,0.0,0.07999999922922925,96.484375,100.0,0.07999999889889893,-0.7251545433784293,0.0,0.08,0.07999999922922925,0.07999999922922925,0
50,18,0.14845383167266846,0.1607843695650079,0.0,0.10385976845340703,96.484375,100.0,0.11408538350486719,-0.07979013057975358,0.0,0.08,0.10385976845340703,0.10385976845340703,0
51,10,0.13469041883945465,0.15700514244165226,0.0,0.07999999946046046,96.99570815450643,100.0,0.07999999922922925,-0.15329959740411686,0.0,0.08,0.07999999946046046,0.07999999946046046,0
51,12,0.07903078943490982,0.15700514244165226,0.0,0.07999999946046046,96.484375,100.0,0.07999999922922925,-0.6864409801559044,0.0,0.08,0.07999999946046046,0.07999999946046046,0
51,0,0.15321455895900726,0.15700514244165226,0.0,0.08644903694689804,95.43147208121827,100.0,0.08921290992414005,-0.0244392724808547,0.0,0.08,0.08644903694689804,0.08644903694689804,0
51,15,0.14015214145183563,0.15700514244165226,0.0,0.07999999946046046,97.65625,100.0,0.07999999922922925,-0.11354999435098961,0.0,0.08,0.07999999946046046,0.07999999946046046,0
51,13,0.10825325548648834,0.15700514244165226,0.0,0.11135785950010132,98.125,100.0,0.12479694214300191,-0.3718050903249559,0.0,0.08,0.11135785950010132,0.11135785950010132,0
51,9,0.027020316570997238,0.15700514244165226,0.0,0.07999999946046046,98.046875,100.0,0.07999999922922925,-1.7596892041811594,0.0,0.08,0.07999999946046046,0.07999999946046046,0
51,5,0.5735979676246643,0.15700514244165226,0.7,0.6399927156513836,79.296875,100.0,0.6399895937876909,1.29565014061074,0.7,0.6399999999999999,0.6399927156513836,0.6399927156513836,0
51,11,0.09986060857772827,0.15700514244165226,0.0,0.11460825903690644,97.265625,100.0,0.1294403700527235,-0.4525032234067122,0.0,0.08,0.11460825903690644,0.11460825903690644,0
51,18,0.11120130121707916,0.15700514244165226,0.0,0.0967018379173849,94.921875,100.0,0.10385976845340703,-0.34493644964204323,0.0,0.08,0.0967018379173849,0.0967018379173849,0
51,1,0.21398605406284332,0.15700514244165226,0.30963226879020533,0.3014816067421497,94.5945945945946,100.0,0.29024266033214347,0.30963226879020533,0.30963226879020533,0.3277058150321643,0.3014816067421497,0.3014816067421497,0
51,4,0.1736755073070526,0.15700514244165226,0.10091009225750769,0.17023351805537565,97.2027972027972,100.0,0.174307279876534,0.10091009225750769,0.10091009225750769,0.16072807380600618,0.17023351805537565,0.17023351805537565,0
51,16,0.026949729770421982,0.15700514244165226,0.0,0.07999999946046046,98.828125,100.0,0.07999999922922925,-1.762304981615142,0.0,0.08,0.07999999946046046,0.07999999946046046,0
51,6,0.06867092102766037,0.15700514244165226,0.0,0.08488112916309958,96.80851063829788,100.0,0.08697304166157083,-0.8269526423717328,0.0,0.08,0.08488112916309958,0.08488112916309958,0
51,2,0.17141810059547424,0.15700514244165226,0.0878270404229872,0.13674138534364777,93.44262295081967,100.0,0.13094699377447264,0.0878270404229872,0.0878270404229872,0.15026163233838977,0.13674138534364777,0.13674138534364777,0
51,8,0.05547890067100525,0.15700514244165226,0.0,0.07999999946046046,99.21875,100.0,0.07999999922922925,-1.0402756622806284,0.0,0.08,0.07999999946046046,0.07999999946046046,0
51,19,0.07614338397979736,0.15700514244165226,0.0,0.07999999946046046,97.265625,100.0,0.07999999922922925,-0.7236602974324896,0.0,0.08,0.07999999946046046,0.07999999946046046,0
51,3,0.08861640095710754,0.15700514244165226,0.0,0.08752291068060558,96.3157894736842,100.0,0.09074701525800799,-0.5719615572010244,0.0,0.08,0.08752291068060558,0.08752291068060558,0
51,17,0.174457386136055,0.15700514244165226,0.10540194070650194,0.11119336325258541,95.703125,100.0,0.08842413926146422,0.10540194070650194,0.10540194070650194,0.16432155256520156,0.11119336325258541,0.11119336325258541,0
51,14,0.1015506312251091,0.15700514244165226,0.0,0.07999999946046046,97.65625,100.0,0.07999999922922925,-0.4357210205248155,0.0,0.08,0.07999999946046046,0.07999999946046046,0
51,7,0.10060033947229385,0.15700514244165226,0.0,0.08708117113834354,97.89473684210526,100.0,0.09011595876906223,-0.4451228913702364,0.0,0.08,0.08708117113834354,0.08708117113834354,0
52,5,0.6314010620117188,0.15179482253306692,0.7,0.6399949009559684,80.078125,100.0,0.6399927156513836,1.425411450857423,0.7,0.6399999999999999,0.6399949009559684,0.6399949009559684,0
52,1,0.20190663635730743,0.15179482253306692,0.2852756207345137,0.30350327369578806,89.1891891891892,100.0,0.3014816067421497,0.2852756207345137,0.2852756207345137,0.30822049658761097,0.30350327369578806,0.30350327369578806,0
52,14,0.12714673578739166,0.15179482253306692,0.0,0.07999999962232232,95.3125,100.0,0.07999999946046046,-0.17718792505014883,0.0,0.08,0.07999999962232232,0.07999999962232232,0
52,9,0.05932723358273506,0.15179482253306692,0.0,0.07999999962232232,98.4375,100.0,0.07999999946046046,-0.9394612029874905,0.0,0.08,0.07999999962232232,0.07999999962232232,0
52,3,0.14975319802761078,0.15179482253306692,0.0,0.0852660374764239,94.73684210526316,100.0,0.08752291068060558,-0.013541163776871788,0.0,0.08,0.0852660374764239,0.0852660374764239,0
52,17,0.10235351324081421,0.15179482253306692,0.0,0.10183535427680979,96.484375,100.0,0.11119336325258541,-0.39409708812623795,0.0,0.08,0.10183535427680979,0.10183535427680979,0
52,10,0.10824202746152878,0.15179482253306692,0.0,0.07999999962232232,97.85407725321889,100.0,0.07999999946046046,-0.3381600158581912,0.0,0.08,0.07999999962232232,0.07999999962232232,0
52,13,0.1269751638174057,0.15179482253306692,0.0,0.10195050165007091,97.5,100.0,0.11135785950010132,-0.17853823750113562,0.0,0.08,0.10195050165007091,0.10195050165007091,0
52,2,0.1329636424779892,0.15179482253306692,0.0,0.11971896974055343,93.44262295081967,100.0,0.13674138534364777,-0.1324540218658116,0.0,0.08,0.11971896974055343,0.11971896974055343,0
52,15,0.12729953229427338,0.15179482253306692,0.0,0.07999999962232232,94.921875,100.0,0.07999999946046046,-0.17598691302988947,0.0,0.08,0.07999999962232232,0.07999999962232232,0
52,12,0.11287051439285278,0.15179482253306692,0.0,0.07999999962232232,98.4375,100.0,0.07999999946046046,-0.2962884631515667,0.0,0.08,0.07999999962232232,0.07999999962232232,0
52,16,0.044320251792669296,0.15179482253306692,0.0,0.07999999962232232,98.828125,100.0,0.07999999946046046,-1.2310878738020776,0.0,0.08,0.07999999962232232,0.07999999962232232,0
52,4,0.1764734387397766,0.15179482253306692,0.1506406098900908,0.17931720901238474,93.7062937062937,100.0,0.17023351805537565,0.1506406098900908,0.1506406098900908,0.20051248791207266,0.17931720901238474,0.17931720901238474,0
52,18,0.14570936560630798,0.15179482253306692,0.0,0.09169128654216943,97.265625,100.0,0.0967018379173849,-0.040915763262169856,0.0,0.08,0.09169128654216943,0.09169128654216943,0
52,6,0.12078893184661865,0.15179482253306692,0.0,0.08341679041416969,97.87234042553192,100.0,0.08488112916309958,-0.2284850827921992,0.0,0.08,0.08341679041416969,0.08341679041416969,0
52,0,0.13002677261829376,0.15179482253306692,0.0,0.08451432586282862,96.44670050761421,100.0,0.08644903694689804,-0.1547893737208989,0.0,0.08,0.08451432586282862,0.08451432586282862,0
52,8,0.08070705831050873,0.15179482253306692,0.0,0.07999999962232232,97.65625,100.0,0.07999999946046046,-0.6317036641668105,0.0,0.08,0.07999999962232232,0.07999999962232232,0
52,19,0.05852436274290085,0.15179482253306692,0.0,0.07999999962232232,98.4375,100.0,0.07999999946046046,-0.9530865275417633,0.0,0.08,0.07999999962232232,0.07999999962232232,0
52,11,0.094718337059021,0.15179482253306692,0.0,0.10422578132583452,95.703125,100.0,0.11460825903690644,-0.47162210292724005,0.0,0.08,0.10422578132583452,0.10422578132583452,0
52,7,0.048298563808202744,0.15179482253306692,0.0,0.08495681979684047,97.89473684210526,100.0,0.08708117113834354,-1.1451277906558757,0.0,0.08,0.08495681979684047,0.08495681979684047,0
53,15,0.10922659933567047,0.14900354506296146,0.0,0.07999999973562562,97.265625,100.0,0.07999999962232232,-0.3105454562818947,0.0,0.08,0.07999999973562562,0.07999999973562562,0
53,10,0.058954544365406036,0.14900354506296146,0.0,0.07999999973562562,97.85407725321889,100.0,0.07999999962232232,-0.9272032830376903,0.0,0.08,0.07999999973562562,0.07999999973562562,0
53,3,0.1308678835630417,0.14900354506296146,0.0,0.08368622623349672,95.26315789473684,100.0,0.0852660374764239,-0.1297817968501502,0.0,0.08,0.08368622623349672,0.08368622623349672,0
53,4,0.147743821144104,0.14900354506296146,0.0,0.1495220463086693,93.7062937062937,100.0,0.17931720901238474,-0.008490261714979496,0.0,0.08,0.1495220463086693,0.1495220463086693,0
53,7,0.0557653084397316,0.14900354506296146,0.0,0.08346977385778832,97.89473684210526,100.0,0.08495681979684047,-0.9828180223265832,0.0,0.08,0.08346977385778832,0.08346977385778832,0
53,0,0.12423084676265717,0.14900354506296146,0.0,0.08316002810398003,94.41624365482234,100.0,0.08451432586282862,-0.1818285823577687,0.0,0.08,0.08316002810398003,0.08316002810398003,0
53,17,0.1149730235338211,0.14900354506296146,0.0,0.09528474799376685,95.3125,100.0,0.10183535427680979,-0.2592725552881059,0.0,0.08,0.09528474799376685,0.09528474799376685,0
53,2,0.22235693037509918,0.14900354506296146,0.40031376506582356,0.20387858243418505,98.36065573770492,100.0,0.11971896974055343,0.40031376506582356,0.40031376506582356,0.4002510120526589,0.20387858243418505,0.20387858243418505,0
53,5,0.5263626575469971,0.14900354506296146,0.7,0.6399964306691779,84.375,100.0,0.6399949009559684,1.2620202920388988,0.7,0.6399999999999999,0.6399964306691779,0.6399964306691779,0
53,14,0.06996795535087585,0.14900354506296146,0.0,0.07999999973562562,96.09375,100.0,0.07999999962232232,-0.7559326656872182,0.0,0.08,0.07999999973562562,0.07999999973562562,0
53,11,0.0786258801817894,0.14900354506296146,0.0,0.09695804692808416,95.703125,100.0,0.10422578132583452,-0.6392691283203205,0.0,0.08,0.09695804692808416,0.09695804692808416,0
53,1,0.24316555261611938,0.14900354506296146,0.4897723738368074,0.3539976613078854,89.1891891891892,100.0,0.30350327369578806,0.4897723738368074,0.4897723738368074,0.47181789906944593,0.3539976613078854,0.3539976613078854,0
53,18,0.20147255063056946,0.14900354506296146,0.3016830314395467,0.16058782812500982,95.703125,100.0,0.09169128654216943,0.3016830314395467,0.3016830314395467,0.3213464251516374,0.16058782812500982,0.16058782812500982,0
53,16,0.03925463184714317,0.14900354506296146,0.0,0.07999999973562562,99.21875,100.0,0.07999999962232232,-1.33390046428648,0.0,0.08,0.07999999973562562,0.07999999973562562,0
53,13,0.13833801448345184,0.14900354506296146,0.0,0.09536535115504963,97.5,100.0,0.10195050165007091,-0.0742700222276293,0.0,0.08,0.09536535115504963,0.09536535115504963,0
53,6,0.1406562775373459,0.14900354506296146,0.0,0.08239175328991878,97.87234042553192,100.0,0.08341679041416969,-0.05765092777768611,0.0,0.08,0.08239175328991878,0.08239175328991878,0
53,19,0.079352967441082,0.14900354506296146,0.0,0.07999999973562562,98.4375,100.0,0.07999999962232232,-0.6300641959883551,0.0,0.08,0.07999999973562562,0.07999999973562562,0
53,8,0.09415189176797867,0.14900354506296146,0.0,0.07999999973562562,98.828125,100.0,0.07999999962232232,-0.45906071090338174,0.0,0.08,0.07999999973562562,0.07999999973562562,0
53,9,0.04626660794019699,0.14900354506296146,0.0,0.07999999973562562,96.484375,100.0,0.07999999962232232,-1.16954945890552,0.0,0.08,0.07999999973562562,0.07999999973562562,0
53,12,0.09845223277807236,0.14900354506296146,0.0,0.07999999973562562,96.09375,100.0,0.07999999962232232,-0.4143985794337026,0.0,0.08,0.07999999973562562,0.07999999973562562,0
54,13,0.11032892763614655,0.14531317170013988,0.0,0.09075574580853474,95.625,100.0,0.09536535115504963,-0.2754250412809097,0.0,0.08,0.09075574580853474,0.09075574580853474,0
54,7,0.0790882259607315,0.14531317170013988,0.0,0.08242884170045182,95.78947368421052,100.0,0.08346977385778832,-0.608327146959012,0.0,0.08,0.08242884170045182,0.08242884170045182,0
54,15,0.142393097281456,0.14531317170013988,0.0,0.07999999981493794,97.65625,100.0,0.07999999973562562,-0.02029969315644314,0.0,0.08,0.07999999981493794,0.07999999981493794,0
54,9,0.0714263767004013,0.14531317170013988,0.0,0.07999999981493794,98.828125,100.0,0.07999999973562562,-0.7102239243357218,0.0,0.08,0.07999999981493794,0.07999999981493794,0
54,16,0.05999233201146126,0.14531317170013988,0.0,0.07999999981493794,99.609375,100.0,0.07999999973562562,-0.8846743661064655,0.0,0.08,0.07999999981493794,0.07999999981493794,0
54,17,0.11381221562623978,0.14531317170013988,0.0,0.09069932359563679,96.484375,100.0,0.09528474799376685,-0.24434134030795424,0.0,0.08,0.09069932359563679,0.09069932359563679,0
54,19,0.09230749309062958,0.14531317170013988,0.0,0.07999999981493794,96.09375,99.609375,0.07999999973562562,-0.45376585857951024,0.0,0.08,0.07999999981493794,0.07999999981493794,0
54,6,0.16747571527957916,0.14531317170013988,0.14194713001821016,0.11574153850731358,98.93617021276596,100.0,0.08239175328991878,0.14194713001821016,0.14194713001821016,0.19355770401456812,0.11574153850731358,0.11574153850731358,0
54,11,0.1320493519306183,0.14531317170013988,0.0,0.0918706328496589,96.875,100.0,0.09695804692808416,-0.09571548033762291,0.0,0.08,0.0918706328496589,0.0918706328496589,0
54,0,0.11728425323963165,0.14531317170013988,0.0,0.08221201967278602,94.41624365482234,100.0,0.08316002810398003,-0.21429069861095099,0.0,0.08,0.08221201967278602,0.08221201967278602,0
54,5,0.5448711514472961,0.14531317170013988,0.7,0.6399975014684245,78.515625,100.0,0.6399964306691779,1.321658078661533,0.7,0.6399999999999999,0.6399975014684245,0.6399975014684245,0
54,18,0.07759050279855728,0.14531317170013988,0.0,0.13641147968750686,96.875,100.0,0.16058782812500982,-0.6274461250759167,0.0,0.08,0.13641147968750686,0.13641147968750686,0
54,14,0.09703332185745239,0.14531317170013988,0.0,0.07999999981493794,94.921875,100.0,0.07999999973562562,-0.40383674016702426,0.0,0.08,0.07999999981493794,0.07999999981493794,0
54,10,0.06060883030295372,0.14531317170013988,0.0,0.07999999981493794,98.28326180257511,100.0,0.07999999973562562,-0.8744505250178797,0.0,0.08,0.07999999981493794,0.07999999981493794,0
54,3,0.09221949428319931,0.14531317170013988,0.0,0.08258035836344771,95.78947368421052,100.0,0.08368622623349672,-0.4547196356482833,0.0,0.08,0.08258035836344771,0.08258035836344771,0
54,1,0.245081827044487,0.14531317170013988,0.5227008964820998,0.39724657807122377,89.1891891891892,100.0,0.3539976613078854,0.5227008964820998,0.5227008964820998,0.4981607171856799,0.39724657807122377,0.39724657807122377,0
54,4,0.11935213953256607,0.14531317170013988,0.0,0.1286654324160685,98.6013986013986,100.0,0.1495220463086693,-0.19681292409047269,0.0,0.08,0.1286654324160685,0.1286654324160685,0
54,8,0.07667455822229385,0.14531317170013988,0.0,0.07999999981493794,98.046875,100.0,0.07999999973562562,-0.6393212083270208,0.0,0.08,0.07999999981493794,0.07999999981493794,0
54,12,0.09587181359529495,0.14531317170013988,0.0,0.07999999981493794,96.484375,100.0,0.07999999973562562,-0.415879158589792,0.0,0.08,0.07999999981493794,0.07999999981493794,0
54,2,0.20654043555259705,0.14531317170013988,0.3516049684223112,0.2511002001252842,93.44262295081967,99.18032786885246,0.20387858243418505,0.3516049684223112,0.3516049684223112,0.361283974737849,0.2511002001252842,0.2511002001252842,0
55,18,0.10146808624267578,0.14114996700480584,0.0,0.1194880357812548,95.703125,100.0,0.13641147968750686,-0.3300785654464738,0.0,0.08,0.1194880357812548,0.1194880357812548,0
55,12,0.08681899309158325,0.14114996700480584,0.0,0.07999999987045656,97.65625,100.0,0.07999999981493794,-0.48599746445506736,0.0,0.08,0.07999999987045656,0.07999999987045656,0
55,4,0.14324098825454712,0.14114996700480584,0.014705522424263774,0.11759512807307125,92.3076923076923,100.0,0.1286654324160685,0.014705522424263774,0.014705522424263774,0.09176441793941102,0.11759512807307125,0.11759512807307125,0
55,6,0.11156315356492996,0.14114996700480584,0.0,0.1050190769551195,96.80851063829788,100.0,0.11574153850731358,-0.23523207190910325,0.0,0.08,0.1050190769551195,0.1050190769551195,0
55,19,0.05344410985708237,0.14114996700480584,0.0,0.07999999987045656,98.4375,100.0,0.07999999981493794,-0.9711863723954197,0.0,0.08,0.07999999987045656,0.07999999987045656,0
55,2,0.16965751349925995,0.14114996700480584,0.18395884564163784,0.243920263041692,94.26229508196721,100.0,0.2511002001252842,0.18395884564163784,0.18395884564163784,0.22716707651331025,0.243920263041692,0.243920263041692,0
55,8,0.07494595646858215,0.14114996700480584,0.0,0.07999999987045656,98.828125,100.0,0.07999999981493794,-0.6330555849822913,0.0,0.08,0.07999999987045656,0.07999999987045656,0
55,16,0.018604787066578865,0.14114996700480584,0.0,0.07999999987045656,99.609375,100.0,0.07999999981493794,-2.0264035375140854,0.0,0.08,0.07999999987045656,0.07999999987045656,0
55,7,0.0420147180557251,0.14114996700480584,0.0,0.08170018919031627,96.84210526315789,100.0,0.08242884170045182,-1.2118027669791416,0.0,0.08,0.08170018919031627,0.08170018919031627,0
55,17,0.1250908374786377,0.14114996700480584,0.0,0.08748952651694575,93.359375,100.0,0.09069932359563679,-0.12078273863147665,0.0,0.08,0.08748952651694575,0.08748952651694575,0
55,15,0.06917141377925873,0.14114996700480584,0.0,0.07999999987045656,93.75,100.0,0.07999999981493794,-0.7132351656172847,0.0,0.08,0.07999999987045656,0.07999999987045656,0
55,11,0.11414550989866257,0.14114996700480584,0.0,0.08830944299476123,94.921875,100.0,0.0918706328496589,-0.21234886707381262,0.0,0.08,0.08830944299476123,0.08830944299476123,0
55,0,0.12864644825458527,0.14114996700480584,0.0,0.0815484137709502,96.95431472081218,100.0,0.08221201967278602,-0.09275498352236058,0.0,0.08,0.0815484137709502,0.0815484137709502,0
55,10,0.03931336849927902,0.14114996700480584,0.0,0.07999999987045656,97.42489270386267,100.0,0.07999999981493794,-1.2782581110117985,0.0,0.08,0.07999999987045656,0.07999999987045656,0
55,1,0.32531967759132385,0.14114996700480584,0.7,0.47007260464985656,94.5945945945946,100.0,0.39724657807122377,0.8349853611998728,0.7,0.6399999999999999,0.47007260464985656,0.47007260464985656,0
55,14,0.11126023530960083,0.14114996700480584,0.0,0.07999999987045656,97.265625,100.0,0.07999999981493794,-0.23795098230966438,0.0,0.08,0.07999999987045656,0.07999999987045656,0
55,5,0.5561688542366028,0.14114996700480584,0.7,0.6399982510278971,82.421875,100.0,0.6399975014684245,1.3712489690086769,0.7,0.6399999999999999,0.6399982510278971,0.6399982510278971,0
55,13,0.06354149430990219,0.14114996700480584,0.0,0.08752902206597432,94.375,100.0,0.09075574580853474,-0.7981296882188623,0.0,0.08,0.08752902206597432,0.08752902206597432,0
55,3,0.1399591863155365,0.14114996700480584,0.0,0.0818062508544134,98.42105263157895,100.0,0.08258035836344771,-0.008472066547264808,0.0,0.08,0.0818062508544134,0.0818062508544134,0
55,9,0.0713091641664505,0.14114996700480584,0.0,0.07999999987045656,98.046875,100.0,0.07999999981493794,-0.6827980027071373,0.0,0.08,0.07999999987045656,0.07999999987045656,0
56,4,0.15697574615478516,0.1376713863819391,0.1312217140401014,0.1378098010207742,94.4055944055944,100.0,0.11759512807307125,0.1312217140401014,0.1312217140401014,0.18497737123208113,0.1378098010207742,0.1378098010207742,0
56,10,0.08990689367055893,0.1376713863819391,0.0,0.07999999990931958,98.71244635193133,100.0,0.07999999987045656,-0.42609492868290966,0.0,0.08,0.07999999990931958,0.07999999990931958,0
56,13,0.06205059215426445,0.1376713863819391,0.0,0.08527031544618202,96.25,100.0,0.08752902206597432,-0.7969194440450265,0.0,0.08,0.08527031544618202,0.08527031544618202,0
56,16,0.013041123747825623,0.1376713863819391,0.0,0.07999999990931958,99.21875,100.0,0.07999999987045656,-2.356761163417264,0.0,0.08,0.07999999990931958,0.07999999990931958,0
56,7,0.05648528039455414,0.1376713863819391,0.0,0.08119013243322139,95.78947368421052,100.0,0.08170018919031627,-0.890889402730841,0.0,0.08,0.08119013243322139,0.08119013243322139,0
56,18,0.11736389994621277,0.1376713863819391,0.0,0.10764162504687835,95.703125,100.0,0.1194880357812548,-0.15959021087482292,0.0,0.08,0.10764162504687835,0.10764162504687835,0
56,0,0.13799268007278442,0.1376713863819391,0.0023310532791181115,0.08164334242665348,94.9238578680203,100.0,0.0815484137709502,0.0023310532791181115,0.0023310532791181115,0.08186484262329449,0.08164334242665348,0.08164334242665348,0
56,8,0.038145486265420914,0.1376713863819391,0.0,0.07999999990931958,98.828125,100.0,0.07999999987045656,-1.283461962557446,0.0,0.08,0.07999999990931958,0.07999999990931958,0
56,1,0.09018440544605255,0.1376713863819391,0.0,0.3530508232548996,94.5945945945946,100.0,0.47007260464985656,-0.4230130256071995,0.0,0.08,0.3530508232548996,0.3530508232548996,0
56,15,0.08628229796886444,0.1376713863819391,0.0,0.07999999990931958,96.09375,100.0,0.07999999987045656,-0.4672450890698087,0.0,0.08,0.07999999990931958,0.07999999990931958,0
56,12,0.09072762727737427,0.1376713863819391,0.0,0.07999999990931958,97.65625,100.0,0.07999999987045656,-0.4170076383957188,0.0,0.08,0.07999999990931958,0.07999999990931958,0
56,9,0.05919066071510315,0.1376713863819391,0.0,0.07999999990931958,99.21875,100.0,0.07999999987045656,-0.8441057197884716,0.0,0.08,0.07999999990931958,0.07999999990931958,0
56,5,0.45763975381851196,0.1376713863819391,0.7,0.6399987757195279,82.8125,100.0,0.6399982510278971,1.2012126727588168,0.7,0.6399999999999999,0.6399987757195279,0.6399987757195279,0
56,17,0.09494281560182571,0.1376713863819391,0.0,0.08524266856186202,98.828125,100.0,0.08748952651694575,-0.3715947853335891,0.0,0.08,0.08524266856186202,0.08524266856186202,0
56,6,0.0792653039097786,0.1376713863819391,0.0,0.09751335386858365,96.80851063829788,100.0,0.1050190769551195,-0.5520690304435876,0.0,0.08,0.09751335386858365,0.09751335386858365,0
56,2,0.20932818949222565,0.1376713863819391,0.4190336927926545,0.2953122703994215,94.26229508196721,100.0,0.243920263041692,0.4190336927926545,0.4190336927926545,0.41522695423412365,0.2953122703994215,0.2953122703994215,0
56,11,0.06210042163729668,0.1376713863819391,0.0,0.08581661009633286,96.09375,100.0,0.08830944299476123,-0.7961167203916482,0.0,0.08,0.08581661009633286,0.08581661009633286,0
56,19,0.06105415150523186,0.1376713863819391,0.0,0.07999999990931958,98.828125,100.0,0.07999999987045656,-0.813108296230618,0.0,0.08,0.07999999990931958,0.07999999990931958,0
56,3,0.14464078843593597,0.1376713863819391,0.04938375680055465,0.09311647723022248,97.36842105263158,100.0,0.0818062508544134,0.04938375680055465,0.04938375680055465,0.11950700544044372,0.09311647723022248,0.09311647723022248,0
56,14,0.07645003497600555,0.1376713863819391,0.0,0.07999999990931958,96.09375,100.0,0.07999999987045656,-0.5882321393069782,0.0,0.08,0.07999999990931958,0.07999999990931958,0
57,6,0.0821583941578865,0.13271370732571636,0.0,0.09225934770800856,96.80851063829788,100.0,0.09751335386858365,-0.479545165108501,0.0,0.08,0.09225934770800856,0.09225934770800856,0
57,19,0.04843725636601448,0.13271370732571636,0.0,0.07999999993652371,99.21875,100.0,0.07999999990931958,-1.0079248232600422,0.0,0.08,0.07999999993652371,0.07999999993652371,0
57,17,0.11224315315485,0.13271370732571636,0.0,0.08366986799330342,96.875,100.0,0.08524266856186202,-0.16752668948968166,0.0,0.08,0.08366986799330342,0.08366986799330342,0
57,18,0.07216400653123856,0.13271370732571636,0.0,0.09934913753281485,96.875,100.0,0.10764162504687835,-0.609252771281386,0.0,0.08,0.09934913753281485,0.09934913753281485,0
57,2,0.1017683744430542,0.13271370732571636,0.0,0.23071858927959502,94.26229508196721,100.0,0.2953122703994215,-0.2654948164620524,0.0,0.08,0.23071858927959502,0.23071858927959502,0
57,13,0.17701122164726257,0.13271370732571636,0.2880188792441961,0.15281375183093446,99.375,100.0,0.08527031544618202,0.2880188792441961,0.2880188792441961,0.3104151033953569,0.15281375183093446,0.15281375183093446,0
57,8,0.07963233441114426,0.13271370732571636,0.0,0.07999999993652371,98.4375,100.0,0.07999999990931958,-0.5107739598093542,0.0,0.08,0.07999999993652371,0.07999999993652371,0
57,9,0.034716978669166565,0.13271370732571636,0.0,0.07999999993652371,98.4375,100.0,0.07999999990931958,-1.3409651527987818,0.0,0.08,0.07999999993652371,0.07999999993652371,0
57,15,0.11839320510625839,0.13271370732571636,0.0,0.07999999993652371,97.265625,100.0,0.07999999990931958,-0.11418289098853203,0.0,0.08,0.07999999993652371,0.07999999993652371,0
57,1,0.14404359459877014,0.13271370732571636,0.08192175650141256,0.2907967978387687,97.29729729729729,100.0,0.3530508232548996,0.08192175650141256,0.08192175650141256,0.14553740520113007,0.2907967978387687,0.2907967978387687,0
57,4,0.18683190643787384,0.13271370732571636,0.3420150631244934,0.20255047586442035,93.00699300699301,100.0,0.1378098010207742,0.3420150631244934,0.3420150631244934,0.35361205049959477,0.20255047586442035,0.20255047586442035,0
57,12,0.11680883169174194,0.13271370732571636,0.0,0.07999999993652371,98.4375,99.609375,0.07999999990931958,-0.127655540005992,0.0,0.08,0.07999999993652371,0.07999999993652371,0
57,3,0.14699380099773407,0.13271370732571636,0.10219617688552766,0.11370861651368236,96.3157894736842,100.0,0.09311647723022248,0.10219617688552766,0.10219617688552766,0.16175694150842213,0.11370861651368236,0.11370861651368236,0
57,7,0.0651199072599411,0.13271370732571636,0.0,0.08083309270325498,95.78947368421052,100.0,0.08119013243322139,-0.7119638558354837,0.0,0.08,0.08083309270325498,0.08083309270325498,0
57,11,0.06484618037939072,0.13271370732571636,0.0,0.084071627067433,98.4375,100.0,0.08581661009633286,-0.7161761430272519,0.0,0.08,0.084071627067433,0.084071627067433,0
57,0,0.11376716941595078,0.13271370732571636,0.0,0.08115033969865743,95.93908629441624,100.0,0.08164334242665348,-0.1540402326906222,0.0,0.08,0.08115033969865743,0.08115033969865743,0
57,16,0.028404712677001953,0.13271370732571636,0.0,0.07999999993652371,98.046875,100.0,0.07999999990931958,-1.5416388841646596,0.0,0.08,0.07999999993652371,0.07999999993652371,0
57,14,0.14622162282466888,0.13271370732571636,0.09692919675592657,0.10326300715794608,95.703125,100.0,0.07999999990931958,0.09692919675592657,0.09692919675592657,0.15754335740474126,0.10326300715794608,0.10326300715794608,0
57,5,0.5717300176620483,0.13271370732571636,0.7,0.6399991430036694,79.6875,100.0,0.6399987757195279,1.460472593399897,0.7,0.6399999999999999,0.6399991430036694,0.6399991430036694,0
57,10,0.07231590896844864,0.13271370732571636,0.0,0.07999999993652371,96.56652360515021,100.0,0.07999999990931958,-0.6071500226518951,0.0,0.08,0.07999999993652371,0.07999999993652371,0
58,5,0.6123552918434143,0.13014291297303993,0.7,0.6399994001025685,74.609375,100.0,0.6399991430036694,1.5486794185863872,0.7,0.6399999999999999,0.6399994001025685,0.6399994001025685,0
58,10,0.10108250379562378,0.13014291297303993,0.0,0.07999999995556659,97.42489270386267,100.0,0.07999999993652371,-0.2526961024568519,0.0,0.08,0.07999999995556659,0.07999999995556659,0
58,11,0.08631791174411774,0.13014291297303993,0.0,0.0828501389472031,96.09375,100.0,0.084071627067433,-0.41059600955492365,0.0,0.08,0.0828501389472031,0.0828501389472031,0
58,18,0.08814732730388641,0.13014291297303993,0.0,0.0935443962729704,95.3125,100.0,0.09934913753281485,-0.38962355206918714,0.0,0.08,0.0935443962729704,0.0935443962729704,0
58,8,0.06473719328641891,0.13014291297303993,0.0,0.07999999995556659,98.046875,100.0,0.07999999993652371,-0.6982972056291171,0.0,0.08,0.07999999995556659,0.07999999995556659,0
58,13,0.14069727063179016,0.13014291297303993,0.07797738247735116,0.1496841980762184,95.625,100.0,0.15281375183093446,0.07797738247735116,0.07797738247735116,0.14238190598188094,0.1496841980762184,0.1496841980762184,0
58,17,0.10194914042949677,0.13014291297303993,0.0,0.0825689075953124,96.484375,100.0,0.08366986799330342,-0.24415909025642468,0.0,0.08,0.0825689075953124,0.0825689075953124,0
58,12,0.10367845743894577,0.13014291297303993,0.0,0.07999999995556659,98.4375,100.0,0.07999999993652371,-0.22733880318593677,0.0,0.08,0.07999999995556659,0.07999999995556659,0
58,14,0.08197867125272751,0.13014291297303993,0.0,0.09628410501056225,94.53125,100.0,0.10326300715794608,-0.4621740252951501,0.0,0.08,0.09628410501056225,0.09628410501056225,0
58,0,0.11492069065570831,0.13014291297303993,0.0,0.0808052377890602,94.9238578680203,100.0,0.08115033969865743,-0.1243909230425237,0.0,0.08,0.0808052377890602,0.0808052377890602,0
58,4,0.1605268120765686,0.13014291297303993,0.20982779031496973,0.21614400278068696,94.4055944055944,100.0,0.20255047586442035,0.20982779031496973,0.20982779031496973,0.2478622322519758,0.21614400278068696,0.21614400278068696,0
58,9,0.052004311233758926,0.13014291297303993,0.0,0.07999999995556659,100.0,100.0,0.07999999993652371,-0.9173064382567113,0.0,0.08,0.07999999995556659,0.07999999995556659,0
58,19,0.1227596253156662,0.13014291297303993,0.0,0.07999999995556659,99.21875,100.0,0.07999999993652371,-0.058404994997348136,0.0,0.08,0.07999999995556659,0.07999999995556659,0
58,7,0.05635916069149971,0.13014291297303993,0.0,0.08058316489227849,97.89473684210526,100.0,0.08083309270325498,-0.8368882815996909,0.0,0.08,0.08058316489227849,0.08058316489227849,0
58,15,0.0921480655670166,0.13014291297303993,0.0,0.07999999995556659,98.046875,100.0,0.07999999993652371,-0.3452364538372246,0.0,0.08,0.07999999995556659,0.07999999995556659,0
58,3,0.22720423340797424,0.13014291297303993,0.5572161096096203,0.2373278978658865,94.21052631578948,100.0,0.11370861651368236,0.5572161096096203,0.5572161096096203,0.5257728876876963,0.2373278978658865,0.2373278978658865,0
58,6,0.15710648894309998,0.13014291297303993,0.18829065856412489,0.13377130145099597,94.68085106382979,100.0,0.09225934770800856,0.18829065856412489,0.18829065856412489,0.23063252685129992,0.13377130145099597,0.13377130145099597,0
58,16,0.021366354078054428,0.13014291297303993,0.0,0.07999999995556659,99.21875,100.0,0.07999999993652371,-1.8068153405899656,0.0,0.08,0.07999999995556659,0.07999999995556659,0
58,2,0.09724678844213486,0.13014291297303993,0.0,0.1855030124957165,95.08196721311475,100.0,0.23071858927959502,-0.2913811929815279,0.0,0.08,0.1855030124957165,0.1855030124957165,0
58,1,0.30070456862449646,0.13014291297303993,0.7,0.39555775848713803,97.29729729729729,100.0,0.2907967978387687,0.8374950623969106,0.7,0.6399999999999999,0.39555775848713803,0.39555775848713803,0
59,12,0.08313394337892532,0.12728020388699196,0.0,0.0799999999688966,98.046875,100.0,0.07999999995556659,-0.42593786147535534,0.0,0.08,0.0799999999688966,0.0799999999688966,0
59,7,0.07348374277353287,0.12728020388699196,0.0,0.08040821542459493,97.89473684210526,100.0,0.08058316489227849,-0.5493267333894944,0.0,0.08,0.08040821542459493,0.08040821542459493,0
59,4,0.0889570489525795,0.12728020388699196,0.0,0.17530080194648084,95.8041958041958,100.0,0.21614400278068696,-0.3582372948521904,0.0,0.08,0.17530080194648084,0.17530080194648084,0
59,3,0.11476291716098785,0.12728020388699196,0.0,0.19012952850612055,97.89473684210526,100.0,0.2373278978658865,-0.10352256687947292,0.0,0.08,0.19012952850612055,0.19012952850612055,0
59,14,0.08335185050964355,0.12728020388699196,0.0,0.09139887350739356,96.484375,100.0,0.09628410501056225,-0.42332013387367423,0.0,0.08,0.09139887350739356,0.09139887350739356,0
59,19,0.06345897167921066,0.12728020388699196,0.0,0.0799999999688966,98.828125,100.0,0.07999999995556659,-0.695997325102438,0.0,0.08,0.0799999999688966,0.0799999999688966,0
59,6,0.12122665345668793,0.12728020388699196,0.0,0.11763991101569718,95.74468085106383,100.0,0.13377130145099597,-0.04872901951576931,0.0,0.08,0.11763991101569718,0.11763991101569718,0
59,2,0.19984981417655945,0.12728020388699196,0.45117514090716476,0.2621341425647211,98.36065573770492,100.0,0.1855030124957165,0.45117514090716476,0.45117514090716476,0.44094011272573186,0.2621341425647211,0.2621341425647211,0
59,1,0.334557443857193,0.12728020388699196,0.7,0.4688904309409966,100.0,100.0,0.39555775848713803,0.966417560756551,0.7,0.6399999999999999,0.4688904309409966,0.4688904309409966,0
59,0,0.0806688591837883,0.12728020388699196,0.0,0.08056366645234214,95.93908629441624,100.0,0.0808052377890602,-0.4560383234256542,0.0,0.08,0.08056366645234214,0.08056366645234214,0
59,15,0.144951730966568,0.12728020388699196,0.13000980163043407,0.11120235236020079,97.65625,100.0,0.07999999995556659,0.13000980163043407,0.13000980163043407,0.18400784130434727,0.11120235236020079,0.11120235236020079,0
59,10,0.0530937984585762,0.12728020388699196,0.0,0.0799999999688966,100.0,100.0,0.07999999995556659,-0.8743307445567441,0.0,0.08,0.0799999999688966,0.0799999999688966,0
59,17,0.12280409038066864,0.12728020388699196,0.0,0.08179823531671868,96.484375,100.0,0.0825689075953124,-0.035800658595103486,0.0,0.08,0.08179823531671868,0.08179823531671868,0
59,11,0.10355672240257263,0.12728020388699196,0.0,0.08199509726304216,98.4375,100.0,0.0828501389472031,-0.20627146278542235,0.0,0.08,0.08199509726304216,0.08199509726304216,0
59,13,0.12619011104106903,0.12728020388699196,0.0,0.12877893865335288,95.0,100.0,0.1496841980762184,-0.008601397611389165,0.0,0.08,0.12877893865335288,0.12877893865335288,0
59,9,0.03900056704878807,0.12728020388699196,0.0,0.0799999999688966,98.828125,100.0,0.07999999995556659,-1.182814622329789,0.0,0.08,0.0799999999688966,0.0799999999688966,0
59,16,0.028263336047530174,0.12728020388699196,0.0,0.0799999999688966,98.828125,100.0,0.07999999995556659,-1.5048252919772966,0.0,0.08,0.0799999999688966,0.0799999999688966,0
59,5,0.45824986696243286,0.12728020388699196,0.7,0.6399995800717979,82.421875,100.0,0.6399994001025685,1.281023553752615,0.7,0.6399999999999999,0.6399995800717979,0.6399995800717979,0
59,8,0.03878290578722954,0.12728020388699196,0.0,0.0799999999688966,98.4375,100.0,0.07999999995556659,-1.1884112295726525,0.0,0.08,0.0799999999688966,0.0799999999688966,0
59,18,0.1372673064470291,0.12728020388699196,0.07553917514995309,0.10761047942706803,96.484375,100.0,0.0935443962729704,0.07553917514995309,0.07553917514995309,0.14043134011996247,0.10761047942706803,0.10761047942706803,0
60,8,0.03637419641017914,0.12417787206605038,0.0,0.07999999997822763,98.828125,99.609375,0.0799999999688966,-1.2278551620852056,0.0,0.08,0.07999999997822763,0.07999999997822763,0
60,14,0.09420870244503021,0.12417787206605038,0.0,0.08797921145517548,98.046875,100.0,0.09139887350739356,-0.27620240433034127,0.0,0.08,0.08797921145517548,0.08797921145517548,0
60,13,0.09765397012233734,0.12417787206605038,0.0,0.11414525705734702,96.875,100.0,0.12877893865335288,-0.24028465488320433,0.0,0.08,0.11414525705734702,0.11414525705734702,0
60,4,0.13497333228588104,0.12417787206605038,0.08336222395413048,0.1667174951115279,90.9090909090909,100.0,0.17530080194648084,0.08336222395413048,0.08336222395413048,0.1466897791633044,0.1667174951115279,0.1667174951115279,0
60,10,0.05035834014415741,0.12417787206605038,0.0,0.07999999997822763,95.70815450643777,100.0,0.0799999999688966,-0.902550623033046,0.0,0.08,0.07999999997822763,0.07999999997822763,0
60,11,0.06969654560089111,0.12417787206605038,0.0,0.08139656808412951,97.265625,100.0,0.08199509726304216,-0.5775641713819866,0.0,0.08,0.08139656808412951,0.08139656808412951,0
60,16,0.020322665572166443,0.12417787206605038,0.0,0.07999999997822763,99.21875,100.0,0.0799999999688966,-1.8099777845356908,0.0,0.08,0.07999999997822763,0.07999999997822763,0
60,6,0.11717091500759125,0.12417787206605038,0.0,0.10634793771098802,96.80851063829788,100.0,0.11763991101569718,-0.058081304210640894,0.0,0.08,0.10634793771098802,0.10634793771098802,0
60,15,0.1481238603591919,0.12417787206605038,0.176333815156678,0.14416176228974326,97.65625,100.0,0.11120235236020079,0.176333815156678,0.176333815156678,0.2210670521253424,0.14416176228974326,0.14416176228974326,0
60,1,0.30105826258659363,0.12417787206605038,0.7,0.5202233016586976,94.5945945945946,100.0,0.4688904309409966,0.8855887722080887,0.7,0.6399999999999999,0.5202233016586976,0.5202233016586976,0
60,12,0.061871860176324844,0.12417787206605038,0.0,0.07999999997822763,96.875,100.0,0.0799999999688966,-0.6966494338359791,0.0,0.08,0.07999999997822763,0.07999999997822763,0
60,2,0.15905135869979858,0.12417787206605038,0.2475121531902594,0.26689681656096703,94.26229508196721,100.0,0.2621341425647211,0.2475121531902594,0.2475121531902594,0.2780097225522075,0.26689681656096703,0.26689681656096703,0
60,18,0.10005194693803787,0.12417787206605038,0.0,0.0993273355989476,95.3125,100.0,0.10761047942706803,-0.2160254499975442,0.0,0.08,0.0993273355989476,0.0993273355989476,0
60,19,0.053710345178842545,0.12417787206605038,0.0,0.07999999997822763,98.046875,100.0,0.0799999999688966,-0.8381092536413821,0.0,0.08,0.07999999997822763,0.07999999997822763,0
60,9,0.04232792183756828,0.12417787206605038,0.0,0.07999999997822763,98.046875,100.0,0.0799999999688966,-1.076267875175104,0.0,0.08,0.07999999997822763,0.07999999997822763,0
60,0,0.10056956857442856,0.12417787206605038,0.0,0.0803945665166395,93.4010152284264,100.0,0.08056366645234214,-0.21086525835957123,0.0,0.08,0.0803945665166395,0.0803945665166395,0
60,7,0.08771474659442902,0.12417787206605038,0.0,0.08028575079721645,95.78947368421052,100.0,0.08040821542459493,-0.347624923018763,0.0,0.08,0.08028575079721645,0.08028575079721645,0
60,17,0.11390983313322067,0.12417787206605038,0.0,0.08125876472170307,97.265625,100.0,0.08179823531671868,-0.08630778463727955,0.0,0.08,0.08125876472170307,0.08125876472170307,0
60,5,0.5382359623908997,0.12417787206605038,0.7,0.6399997060502585,84.375,100.0,0.6399995800717979,1.466582003955792,0.7,0.6399999999999999,0.6399997060502585,0.6399997060502585,0
60,3,0.16816313564777374,0.12417787206605038,0.30321954279549035,0.22986336022520204,96.84210526315789,99.47368421052632,0.19012952850612055,0.30321954279549035,0.30321954279549035,0.3225756342363923,0.22986336022520204,0.22986336022520204,0
61,2,0.1563871055841446,0.1216453807124641,0.25122426477591786,0.2711215951388972,96.72131147540983,100.0,0.26689681656096703,0.25122426477591786,0.25122426477591786,0.2809794118207343,0.2711215951388972,0.2711215951388972,0
61,5,0.4725569188594818,0.1216453807124641,0.7,0.6399997942351808,80.078125,100.0,0.6399997060502585,1.3570480452686005,0.7,0.6399999999999999,0.6399997942351808,0.6399997942351808,0
61,16,0.027390968054533005,0.1216453807124641,0.0,0.07999999998475933,99.21875,100.0,0.07999999997822763,-1.4908964876755813,0.0,0.08,0.07999999998475933,0.07999999998475933,0
61,13,0.08551619201898575,0.1216453807124641,0.0,0.1039016799401429,97.5,100.0,0.11414525705734702,-0.3524043234777831,0.0,0.08,0.1039016799401429,0.1039016799401429,0
61,14,0.11110076308250427,0.1216453807124641,0.0,0.08558544801862283,96.484375,100.0,0.08797921145517548,-0.0906725237064746,0.0,0.08,0.08558544801862283,0.08558544801862283,0
61,15,0.12095022201538086,0.1216453807124641,0.0,0.12491323360282028,96.09375,100.0,0.14416176228974326,-0.005731023436872864,0.0,0.08,0.12491323360282028,0.12491323360282028,0
61,17,0.08655396103858948,0.1216453807124641,0.0,0.08088113530519214,95.3125,100.0,0.08125876472170307,-0.3403420167570254,0.0,0.08,0.08088113530519214,0.08088113530519214,0
61,10,0.059913668781518936,0.1216453807124641,0.0,0.07999999998475933,98.71244635193133,100.0,0.07999999997822763,-0.7082053394226007,0.0,0.08,0.07999999998475933,0.07999999998475933,0
61,3,0.09941788017749786,0.1216453807124641,0.0,0.18490435215764142,97.89473684210526,100.0,0.22986336022520204,-0.20177809963349128,0.0,0.08,0.18490435215764142,0.18490435215764142,0
61,19,0.03824911266565323,0.1216453807124641,0.0,0.07999999998475933,99.21875,100.0,0.07999999997822763,-1.1569895556024072,0.0,0.08,0.07999999998475933,0.07999999998475933,0
61,4,0.10919737815856934,0.1216453807124641,0.0,0.1407022465780695,95.8041958041958,100.0,0.1667174951115279,-0.10795303370328506,0.0,0.08,0.1407022465780695,0.1407022465780695,0
61,18,0.1422753632068634,0.1216453807124641,0.15665424885684417,0.1311261546449059,96.484375,100.0,0.0993273355989476,0.15665424885684417,0.15665424885684417,0.20532339908547537,0.1311261546449059,0.1311261546449059,0
61,12,0.07934921979904175,0.1216453807124641,0.0,0.07999999998475933,96.875,100.0,0.07999999997822763,-0.42725143821720607,0.0,0.08,0.07999999998475933,0.07999999998475933,0
61,1,0.20194032788276672,0.1216453807124641,0.5068621179924931,0.5098032194792866,94.5945945945946,100.0,0.5202233016586976,0.5068621179924931,0.5068621179924931,0.48548969439399453,0.5098032194792866,0.5098032194792866,0
61,9,0.08851207792758942,0.1216453807124641,0.0,0.07999999998475933,98.046875,100.0,0.07999999997822763,-0.3179710493270459,0.0,0.08,0.07999999998475933,0.07999999998475933,0
61,7,0.18593336641788483,0.1216453807124641,0.4242782394794482,0.18202680303311908,97.89473684210526,100.0,0.08028575079721645,0.4242782394794482,0.4242782394794482,0.4194225915835586,0.18202680303311908,0.18202680303311908,0
61,11,0.08259660750627518,0.1216453807124641,0.0,0.08097759765889065,97.265625,100.0,0.08139656808412951,-0.38714144936501044,0.0,0.08,0.08097759765889065,0.08097759765889065,0
61,6,0.08726488053798676,0.1216453807124641,0.0,0.09844355639769162,100.0,100.0,0.10634793771098802,-0.3321619670535167,0.0,0.08,0.09844355639769162,0.09844355639769162,0
61,8,0.04743752256035805,0.1216453807124641,0.0,0.07999999998475933,98.828125,100.0,0.07999999997822763,-0.9416964372262587,0.0,0.08,0.07999999998475933,0.07999999998475933,0
61,0,0.11867336928844452,0.1216453807124641,0.0,0.08027619656164764,94.9238578680203,100.0,0.0803945665166395,-0.024735171144711382,0.0,0.08,0.08027619656164764,0.08027619656164764,0
62,8,0.022021323442459106,0.11887734054647205,0.0,0.07999999998933152,99.609375,100.0,0.07999999998475933,-1.6860806085005786,0.0,0.08,0.07999999998933152,0.07999999998933152,0
62,6,0.05866726487874985,0.11887734054647205,0.0,0.09291048947838412,95.74468085106383,100.0,0.09844355639769162,-0.7062102203639401,0.0,0.08,0.09291048947838412,0.09291048947838412,0
62,3,0.08799359947443008,0.11887734054647205,0.0,0.15343304651034897,97.89473684210526,99.47368421052632,0.18490435215764142,-0.3008281016991345,0.0,0.08,0.15343304651034897,0.15343304651034897,0
62,1,0.19500425457954407,0.11887734054647205,0.49492913403163674,0.49964524580309344,97.29729729729729,100.0,0.5098032194792866,0.49492913403163674,0.49492913403163674,0.4759433072253094,0.49964524580309344,0.49964524580309344,0
62,9,0.047102250158786774,0.11887734054647205,0.0,0.07999999998933152,98.828125,100.0,0.07999999998475933,-0.925771307674467,0.0,0.08,0.07999999998933152,0.07999999998933152,0
62,12,0.06353852897882462,0.11887734054647205,0.0,0.07999999998933152,97.265625,100.0,0.07999999998475933,-0.6264456590779014,0.0,0.08,0.07999999998933152,0.07999999998933152,0
62,14,0.14026321470737457,0.11887734054647205,0.16542853983948544,0.1236126631745125,96.875,100.0,0.08558544801862283,0.16542853983948544,0.16542853983948544,0.21234283187158837,0.1236126631745125,0.1236126631745125,0
62,4,0.1884804219007492,0.11887734054647205,0.46090189802272413,0.23310802813010245,97.2027972027972,100.0,0.1407022465780695,0.46090189802272413,0.46090189802272413,0.44872151841817937,0.23310802813010245,0.23310802813010245,0
62,5,0.4635692536830902,0.11887734054647205,0.7,0.6399998559646265,86.71875,100.0,0.6399997942351808,1.360863516119243,0.7,0.6399999999999999,0.6399998559646265,0.6399998559646265,0
62,15,0.06992216408252716,0.11887734054647205,0.0,0.1114392635219742,98.046875,100.0,0.12491323360282028,-0.5307094692101306,0.0,0.08,0.1114392635219742,0.1114392635219742,0
62,10,0.057465288788080215,0.11887734054647205,0.0,0.07999999998933152,97.85407725321889,100.0,0.07999999998475933,-0.7269110276451167,0.0,0.08,0.07999999998933152,0.07999999998933152,0
62,0,0.1640850007534027,0.11887734054647205,0.3222923578437633,0.15754350347565654,93.90862944162437,100.0,0.08027619656164764,0.3222923578437633,0.3222923578437633,0.33783388627501065,0.15754350347565654,0.15754350347565654,0
62,17,0.07585371285676956,0.11887734054647205,0.0,0.0806167947136345,97.65625,100.0,0.08088113530519214,-0.4492855075120667,0.0,0.08,0.0806167947136345,0.0806167947136345,0
62,11,0.052746519446372986,0.11887734054647205,0.0,0.08068431836122344,96.484375,100.0,0.08097759765889065,-0.8125943162257253,0.0,0.08,0.08068431836122344,0.08068431836122344,0
62,19,0.1256445199251175,0.11887734054647205,0.05536443488918869,0.09328746436273681,97.265625,100.0,0.07999999998475933,0.05536443488918869,0.05536443488918869,0.12429154791135096,0.09328746436273681,0.09328746436273681,0
62,16,0.028138678520917892,0.11887734054647205,0.0,0.07999999998933152,98.4375,100.0,0.07999999998475933,-1.4409468488425792,0.0,0.08,0.07999999998933152,0.07999999998933152,0
62,13,0.1576002687215805,0.11887734054647205,0.28196965202850177,0.16440389244494047,98.75,100.0,0.1039016799401429,0.28196965202850177,0.28196965202850177,0.30557572162280144,0.16440389244494047,0.16440389244494047,0
62,2,0.10178036242723465,0.11887734054647205,0.0,0.21378511659722804,95.08196721311475,100.0,0.2711215951388972,-0.15527501363800805,0.0,0.08,0.21378511659722804,0.21378511659722804,0
62,7,0.1060236468911171,0.11887734054647205,0.0,0.15141876212318334,97.89473684210526,100.0,0.18202680303311908,-0.11443004650206128,0.0,0.08,0.15141876212318334,0.15141876212318334,0
62,18,0.08893749117851257,0.11887734054647205,0.0,0.11578830825143413,96.875,100.0,0.1311261546449059,-0.29015840483056965,0.0,0.08,0.11578830825143413,0.11578830825143413,0
63,2,0.10487132519483566,0.11583616102447197,0.0,0.1736495816180596,95.08196721311475,100.0,0.21378511659722804,-0.09944265441979393,0.0,0.08,0.1736495816180596,0.1736495816180596,0
63,6,0.06563173979520798,0.11583616102447197,0.0,0.08903734263486887,97.87234042553192,100.0,0.09291048947838412,-0.5681173044447679,0.0,0.08,0.08903734263486887,0.08903734263486887,0
63,17,0.10195697844028473,0.11583616102447197,0.0,0.08043175629954415,95.3125,100.0,0.0806167947136345,-0.12762583169622055,0.0,0.08,0.08043175629954415,0.08043175629954415,0
63,0,0.1131797656416893,0.11583616102447197,0.0,0.13428045243295958,94.41624365482234,100.0,0.15754350347565654,-0.02319938469135486,0.0,0.08,0.13428045243295958,0.13428045243295958,0
63,11,0.056331783533096313,0.11583616102447197,0.0,0.08047902285285641,97.265625,100.0,0.08068431836122344,-0.7209177819402877,0.0,0.08,0.08047902285285641,0.08047902285285641,0
63,14,0.0867554098367691,0.11583616102447197,0.0,0.11052886422215874,97.265625,100.0,0.1236126631745125,-0.28908398070972424,0.0,0.08,0.11052886422215874,0.11052886422215874,0
63,3,0.13414019346237183,0.11583616102447197,0.1467086733719825,0.16661321416652008,97.36842105263158,100.0,0.15343304651034897,0.1467086733719825,0.1467086733719825,0.19736693869758604,0.16661321416652008,0.16661321416652008,0
63,9,0.03671540319919586,0.11583616102447197,0.0,0.07999999999253206,99.21875,100.0,0.07999999998933152,-1.148980229015563,0.0,0.08,0.07999999999253206,0.07999999999253206,0
63,10,0.09895145148038864,0.11583616102447197,0.0,0.07999999999253206,97.42489270386267,100.0,0.07999999998933152,-0.15754743226245188,0.0,0.08,0.07999999999253206,0.07999999999253206,0
63,4,0.17135828733444214,0.11583616102447197,0.391579796370184,0.28115477081991586,95.8041958041958,100.0,0.23310802813010245,0.391579796370184,0.391579796370184,0.3932638370961472,0.28115477081991586,0.28115477081991586,0
63,18,0.06791463494300842,0.11583616102447197,0.0,0.10505181577600389,97.265625,100.0,0.11578830825143413,-0.5339251787901704,0.0,0.08,0.10505181577600389,0.10505181577600389,0
63,16,0.020832952111959457,0.11583616102447197,0.0,0.07999999999253206,99.21875,100.0,0.07999999998933152,-1.7156404248001136,0.0,0.08,0.07999999999253206,0.07999999999253206,0
63,15,0.12438230961561203,0.11583616102447197,0.07118317083823401,0.11909144546655809,97.65625,100.0,0.1114392635219742,0.07118317083823401,0.07118317083823401,0.1369465366705872,0.11909144546655809,0.11909144546655809,0
63,5,0.48020607233047485,0.11583616102447197,0.7,0.6399998991752385,80.859375,100.0,0.6399998559646265,1.4220384758614975,0.7,0.6399999999999999,0.6399998991752385,0.6399998991752385,0
63,7,0.09443311393260956,0.11583616102447197,0.0,0.12999313348622832,96.84210526315789,100.0,0.15141876212318334,-0.2042849733687675,0.0,0.08,0.12999313348622832,0.12999313348622832,0
63,8,0.04401291534304619,0.11583616102447197,0.0,0.07999999999253206,100.0,100.0,0.07999999998933152,-0.9676935255132683,0.0,0.08,0.07999999999253206,0.07999999999253206,0
63,19,0.05607648193836212,0.11583616102447197,0.0,0.08930122505391577,98.828125,100.0,0.09328746436273681,-0.7254601879140591,0.0,0.08,0.08930122505391577,0.08930122505391577,0
63,12,0.08748722076416016,0.11583616102447197,0.0,0.07999999999253206,96.09375,100.0,0.07999999998933152,-0.28068402549939575,0.0,0.08,0.07999999999253206,0.07999999999253206,0
63,13,0.09220805764198303,0.11583616102447197,0.0,0.13908272471145833,96.875,100.0,0.16440389244494047,-0.22812924581520239,0.0,0.08,0.13908272471145833,0.13908272471145833,0
63,1,0.18030409514904022,0.11583616102447197,0.44246802429657767,0.4799439978933441,94.5945945945946,100.0,0.49964524580309344,0.44246802429657767,0.44246802429657767,0.43397441943726217,0.4799439978933441,0.4799439978933441,0
64,4,0.13023741543293,0.1135846035007544,0.13681108161329214,0.2536429991611312,94.4055944055944,100.0,0.28115477081991586,0.13681108161329214,0.13681108161329214,0.1894488652906337,0.2536429991611312,0.2536429991611312,0
64,3,0.15442852675914764,0.1135846035007544,0.30718339150451435,0.2143532638776475,96.84210526315789,100.0,0.16661321416652008,0.30718339150451435,0.30718339150451435,0.3257467132036115,0.2143532638776475,0.2143532638776475,0
64,7,0.06084604188799858,0.1135846035007544,0.0,0.11499519344035983,100.0,100.0,0.12999313348622832,-0.624201117944611,0.0,0.08,0.11499519344035983,0.11499519344035983,0
64,14,0.0764261782169342,0.1135846035007544,0.0,0.1013702049555111,96.484375,100.0,0.11052886422215874,-0.3962226374318184,0.0,0.08,0.1013702049555111,0.1013702049555111,0
64,6,0.06819185614585876,0.1135846035007544,0.0,0.0863261398444082,96.80851063829788,100.0,0.08903734263486887,-0.5102227595646637,0.0,0.08,0.0863261398444082,0.0863261398444082,0
64,12,0.10841900110244751,0.1135846035007544,0.0,0.07999999999477245,95.703125,100.0,0.07999999999253206,-0.04654459977571247,0.0,0.08,0.07999999999477245,0.07999999999477245,0
64,9,0.05613056942820549,0.1135846035007544,0.0,0.07999999999477245,99.21875,100.0,0.07999999999253206,-0.7048673007089648,0.0,0.08,0.07999999999477245,0.07999999999477245,0
64,19,0.0791606679558754,0.1135846035007544,0.0,0.08651085753774104,98.4375,100.0,0.08930122505391577,-0.3610683675059346,0.0,0.08,0.08651085753774104,0.08651085753774104,0
64,10,0.039162129163742065,0.1135846035007544,0.0,0.07999999999477245,97.42489270386267,100.0,0.07999999999253206,-1.064837610162958,0.0,0.08,0.07999999999477245,0.07999999999477245,0
64,17,0.17108683288097382,0.1135846035007544,0.40962322811602714,0.17861180415752742,95.703125,100.0,0.08043175629954415,0.40962322811602714,0.40962322811602714,0.40769858249282176,0.17861180415752742,0.17861180415752742,0
64,18,0.0931672677397728,0.1135846035007544,0.0,0.09753627104320273,96.09375,100.0,0.10505181577600389,-0.19815148974824834,0.0,0.08,0.09753627104320273,0.09753627104320273,0
64,13,0.07255377620458603,0.1135846035007544,0.0,0.12135790729802082,94.375,100.0,0.13908272471145833,-0.44821988708938515,0.0,0.08,0.12135790729802082,0.12135790729802082,0
64,8,0.07083803415298462,0.1135846035007544,0.0,0.07999999999477245,98.828125,100.0,0.07999999999253206,-0.4721518494038477,0.0,0.08,0.07999999999477245,0.07999999999477245,0
64,0,0.10905439406633377,0.1135846035007544,0.0,0.1179963167030717,93.90862944162437,100.0,0.13428045243295958,-0.04070117499312652,0.0,0.08,0.1179963167030717,0.1179963167030717,0
64,5,0.4951907694339752,0.1135846035007544,0.7,0.6399999294226669,83.984375,100.0,0.6399998991752385,1.4723950487361097,0.7,0.6399999999999999,0.6399999294226669,0.6399999294226669,0
64,11,0.06335479766130447,0.1135846035007544,0.0,0.08033531599699947,98.046875,100.0,0.08047902285285641,-0.5837972582199138,0.0,0.08,0.08033531599699947,0.08033531599699947,0
64,1,0.056206587702035904,0.1135846035007544,0.0,0.35996079852534085,94.5945945945946,100.0,0.4799439978933441,-0.7035139057354433,0.0,0.08,0.35996079852534085,0.35996079852534085,0
64,15,0.09927242994308472,0.1135846035007544,0.0,0.10736401182659067,96.875,100.0,0.11909144546655809,-0.13468006342192387,0.0,0.08,0.10736401182659067,0.10736401182659067,0
64,2,0.20025186240673065,0.1135846035007544,0.5670278836724767,0.28164139921403614,95.08196721311475,100.0,0.1736495816180596,0.5670278836724767,0.5670278836724767,0.5336223069379814,0.28164139921403614,0.28164139921403614,0
64,16,0.014409366995096207,0.1135846035007544,0.0,0.07999999999477245,99.609375,100.0,0.07999999999253206,-2.0646688777068696,0.0,0.08,0.07999999999477245,0.07999999999477245,0
65,15,0.1336672306060791,0.11000548545931944,0.19482310917469992,0.14591235448054143,96.484375,100.0,0.10736401182659067,0.19482310917469992,0.19482310917469992,0.23585848733975995,0.14591235448054143,0.14591235448054143,0
65,11,0.09904594719409943,0.11000548545931944,0.0,0.08023472119789962,98.4375,100.0,0.08033531599699947,-0.10494636676322774,0.0,0.08,0.08023472119789962,0.08023472119789962,0
65,14,0.09152770042419434,0.11000548545931944,0.0,0.09495914346885778,97.65625,100.0,0.1013702049555111,-0.1838885506667165,0.0,0.08,0.09495914346885778,0.09495914346885778,0
65,3,0.12126784026622772,0.11000548545931944,0.09747141440691583,0.19744042417201305,96.84210526315789,100.0,0.2143532638776475,0.09747141440691583,0.09747141440691583,0.15797713152553267,0.19744042417201305,0.19744042417201305,0
65,7,0.12795785069465637,0.11000548545931944,0.1511706731284109,0.1407775969590705,98.94736842105263,100.0,0.11499519344035983,0.1511706731284109,0.1511706731284109,0.20093653850272875,0.1407775969590705,0.1407775969590705,0
65,5,0.5200216770172119,0.11000548545931944,0.7,0.6399999505958668,86.71875,100.0,0.6399999294226669,1.5533401932425344,0.7,0.6399999999999999,0.6399999505958668,0.6399999505958668,0
65,9,0.054716769605875015,0.11000548545931944,0.0,0.0799999999963407,97.65625,100.0,0.07999999999477245,-0.6983599039149884,0.0,0.08,0.0799999999963407,0.0799999999963407,0
65,19,0.043550070375204086,0.11000548545931944,0.0,0.08455760027641873,96.09375,100.0,0.08651085753774104,-0.9266187743843184,0.0,0.08,0.08455760027641873,0.08455760027641873,0
65,1,0.13612058758735657,0.11000548545931944,0.21301091650847953,0.3270951789297737,94.5945945945946,100.0,0.35996079852534085,0.21301091650847953,0.21301091650847953,0.25040873320678364,0.3270951789297737,0.3270951789297737,0
65,8,0.03187046945095062,0.11000548545931944,0.0,0.0799999999963407,98.828125,100.0,0.07999999999477245,-1.2388501509912333,0.0,0.08,0.0799999999963407,0.0799999999963407,0
65,17,0.1022360697388649,0.11000548545931944,0.0,0.1490282629102692,97.265625,100.0,0.17861180415752742,-0.07324567708371876,0.0,0.08,0.1490282629102692,0.1490282629102692,0
65,16,0.01796014979481697,0.11000548545931944,0.0,0.0799999999963407,99.609375,100.0,0.07999999999477245,-1.8123743631696094,0.0,0.08,0.0799999999963407,0.0799999999963407,0
65,13,0.07654348015785217,0.11000548545931944,0.0,0.10895053510861458,98.75,100.0,0.12135790729802082,-0.3626712451718852,0.0,0.08,0.10895053510861458,0.10895053510861458,0
65,4,0.10138539969921112,0.11000548545931944,0.0,0.2015500994127918,97.2027972027972,100.0,0.2536429991611312,-0.0816011310294147,0.0,0.08,0.2015500994127918,0.2015500994127918,0
65,6,0.06655820459127426,0.11000548545931944,0.0,0.08442829789108575,96.80851063829788,100.0,0.0863261398444082,-0.50245335116179,0.0,0.08,0.08442829789108575,0.08442829789108575,0
65,0,0.18189525604248047,0.11000548545931944,0.5029007368647296,0.22729359853968528,96.95431472081218,100.0,0.1179963167030717,0.5029007368647296,0.5029007368647296,0.4823205894917837,0.22729359853968528,0.22729359853968528,0
65,2,0.16346338391304016,0.11000548545931944,0.39605875156437376,0.31620307982527496,98.36065573770492,100.0,0.28164139921403614,0.39605875156437376,0.39605875156437376,0.396847001251499,0.31620307982527496,0.31620307982527496,0
65,18,0.06973705440759659,0.11000548545931944,0.0,0.09227538973024191,97.265625,100.0,0.09753627104320273,-0.4557983762852317,0.0,0.08,0.09227538973024191,0.09227538973024191,0
65,12,0.10769641399383545,0.11000548545931944,0.0,0.0799999999963407,97.265625,100.0,0.07999999999477245,-0.021213943054365546,0.0,0.08,0.0799999999963407,0.0799999999963407,0
65,10,0.06784389168024063,0.11000548545931944,0.0,0.0799999999963407,97.85407725321889,100.0,0.07999999999477245,-0.4833208204605217,0.0,0.08,0.0799999999963407,0.0799999999963407,0
66,17,0.09024722129106522,0.10902650425805303,0.0,0.12831978403718844,96.09375,100.0,0.1490282629102692,-0.18903818419546206,0.0,0.08,0.12831978403718844,0.12831978403718844,0
66,6,0.06448673456907272,0.10902650425805303,0.0,0.08309980852376002,96.80851063829788,100.0,0.08442829789108575,-0.525131410597996,0.0,0.08,0.08309980852376002,0.08309980852376002,0
66,13,0.07086341083049774,0.10902650425805303,0.0,0.10026537457603019,98.75,100.0,0.10895053510861458,-0.43083672854728294,0.0,0.08,0.10026537457603019,0.10026537457603019,0
66,19,0.04893374443054199,0.10902650425805303,0.0,0.08319032019349311,99.609375,100.0,0.08455760027641873,-0.8011236697184568,0.0,0.08,0.08319032019349311,0.08319032019349311,0
66,10,0.10468681156635284,0.10902650425805303,0.0,0.07999999999743848,96.99570815450643,100.0,0.0799999999963407,-0.040617861284347426,0.0,0.08,0.07999999999743848,0.07999999999743848,0
66,4,0.17846037447452545,0.10902650425805303,0.4927755381488515,0.2833511987446786,93.7062937062937,100.0,0.2015500994127918,0.4927755381488515,0.4927755381488515,0.47422043051908125,0.2833511987446786,0.2833511987446786,0
66,14,0.0949084609746933,0.10902650425805303,0.0,0.09047140042820045,96.484375,100.0,0.09495914346885778,-0.13867813897547865,0.0,0.08,0.09047140042820045,0.09047140042820045,0
66,11,0.05636658892035484,0.10902650425805303,0.0,0.08016430483852974,96.875,100.0,0.08023472119789962,-0.6597143373728956,0.0,0.08,0.08016430483852974,0.08016430483852974,0
66,2,0.239139586687088,0.10902650425805303,0.7,0.4133421558776924,96.72131147540983,100.0,0.31620307982527496,0.7854563652536816,0.7,0.6399999999999999,0.4133421558776924,0.4133421558776924,0
66,15,0.09109798818826675,0.10902650425805303,0.0,0.126138648136379,98.4375,100.0,0.14591235448054143,-0.179655272482156,0.0,0.08,0.126138648136379,0.126138648136379,0
66,7,0.11863993853330612,0.10902650425805303,0.08450216130148126,0.14282483658370485,96.84210526315789,100.0,0.1407775969590705,0.08450216130148126,0.08450216130148126,0.14760172904118501,0.14282483658370485,0.14282483658370485,0
66,5,0.514021635055542,0.10902650425805303,0.7,0.6399999654171067,85.9375,100.0,0.6399999505958668,1.5506742728489995,0.7,0.6399999999999999,0.6399999654171067,0.6399999654171067,0
66,16,0.014783594757318497,0.10902650425805303,0.0,0.07999999999743848,99.609375,100.0,0.0799999999963407,-1.998072322669305,0.0,0.08,0.07999999999743848,0.07999999999743848,0
66,1,0.16669517755508423,0.10902650425805303,0.4245758177217959,0.3548648215040726,97.29729729729729,100.0,0.3270951789297737,0.4245758177217959,0.4245758177217959,0.41966065417743675,0.3548648215040726,0.3548648215040726,0
66,18,0.08720289170742035,0.10902650425805303,0.0,0.08859277281116934,94.921875,100.0,0.09227538973024191,-0.22335349589999515,0.0,0.08,0.08859277281116934,0.08859277281116934,0
66,0,0.13124434649944305,0.10902650425805303,0.18546979972528455,0.227618270911848,94.9238578680203,100.0,0.22729359853968528,0.18546979972528455,0.18546979972528455,0.22837583978022763,0.227618270911848,0.227618270911848,0
66,12,0.07203356176614761,0.10902650425805303,0.0,0.07999999999743848,97.265625,100.0,0.0799999999963407,-0.41445881784882826,0.0,0.08,0.07999999999743848,0.07999999999743848,0
66,3,0.17786353826522827,0.10902650425805303,0.48942557081512034,0.279670433916038,97.36842105263158,100.0,0.19744042417201305,0.48942557081512034,0.48942557081512034,0.4715404566520963,0.279670433916038,0.279670433916038,0
66,9,0.07757169753313065,0.10902650425805303,0.0,0.07999999999743848,97.65625,100.0,0.0799999999963407,-0.34038833565899546,0.0,0.08,0.07999999999743848,0.07999999999743848,0
66,8,0.06761075556278229,0.10902650425805303,0.0,0.07999999999743848,99.21875,100.0,0.0799999999963407,-0.4778238784658462,0.0,0.08,0.07999999999743848,0.07999999999743848,0
67,12,0.10743565857410431,0.10719111430621432,0.0022787870091338946,0.08054690888039907,98.046875,100.0,0.07999999999743848,0.0022787870091338946,0.0022787870091338946,0.08182302960730711,0.08054690888039907,0.08054690888039907,0
67,0,0.08829876780509949,0.10719111430621432,0.0,0.18333278963829358,94.41624365482234,100.0,0.227618270911848,-0.19388718343569716,0.0,0.08,0.18333278963829358,0.18333278963829358,0
67,6,0.09050754457712173,0.10719111430621432,0.0,0.082169865966632,97.87234042553192,100.0,0.08309980852376002,-0.16918012634571739,0.0,0.08,0.082169865966632,0.082169865966632,0
67,13,0.07576828449964523,0.10719111430621432,0.0,0.09418576220322111,98.125,100.0,0.10026537457603019,-0.34693352278123524,0.0,0.08,0.09418576220322111,0.09418576220322111,0
67,3,0.1375136524438858,0.10719111430621432,0.24910982584072106,0.2795556619429997,96.3157894736842,100.0,0.279670433916038,0.24910982584072106,0.24910982584072106,0.2792878606725769,0.2795556619429997,0.2795556619429997,0
67,17,0.1004611924290657,0.10719111430621432,0.0,0.11382384882603191,96.09375,100.0,0.12831978403718844,-0.0648418420755097,0.0,0.08,0.11382384882603191,0.11382384882603191,0
67,8,0.030047673732042313,0.10719111430621432,0.0,0.07999999999820694,99.21875,100.0,0.07999999999743848,-1.271827872012084,0.0,0.08,0.07999999999820694,0.07999999999820694,0
67,4,0.1676780879497528,0.10719111430621432,0.44743260817636216,0.3297296650836019,91.60839160839161,100.0,0.2833511987446786,0.44743260817636216,0.44743260817636216,0.43794608654108974,0.3297296650836019,0.3297296650836019,0
67,15,0.09508152306079865,0.10719111430621432,0.0,0.1122970536954653,96.484375,100.0,0.126138648136379,-0.11987868329189574,0.0,0.08,0.1122970536954653,0.1122970536954653,0
67,5,0.5485082864761353,0.10719111430621432,0.7,0.6399999757919747,79.6875,100.0,0.6399999654171067,1.632588955797046,0.7,0.6399999999999999,0.6399999757919747,0.6399999757919747,0
67,7,0.09250578284263611,0.10719111430621432,0.0,0.1239773856085934,95.78947368421052,100.0,0.14282483658370485,-0.14734218167467528,0.0,0.08,0.1239773856085934,0.1239773856085934,0
67,14,0.11141729354858398,0.10719111430621432,0.03866919395729599,0.09661058684949135,96.875,100.0,0.09047140042820045,0.03866919395729599,0.03866919395729599,0.1109353551658368,0.09661058684949135,0.09661058684949135,0
67,16,0.03484214097261429,0.10719111430621432,0.0,0.07999999999820694,98.828125,100.0,0.07999999999743848,-1.1237855608854324,0.0,0.08,0.07999999999820694,0.07999999999820694,0
67,2,0.09096506237983704,0.10719111430621432,0.0,0.3133395091143847,95.90163934426229,100.0,0.4133421558776924,-0.16413783672065765,0.0,0.08,0.3133395091143847,0.3133395091143847,0
67,18,0.13884621858596802,0.10719111430621432,0.2587536020396235,0.14811580545732816,96.875,100.0,0.08859277281116934,0.2587536020396235,0.2587536020396235,0.2870028816316988,0.14811580545732816,0.14811580545732816,0
67,10,0.07567229121923447,0.10719111430621432,0.0,0.07999999999820694,98.28326180257511,100.0,0.07999999999743848,-0.34820125806465,0.0,0.08,0.07999999999820694,0.07999999999820694,0
67,1,0.34962865710258484,0.10719111430621432,0.7,0.4404053750528508,86.48648648648648,100.0,0.3548648215040726,1.1822581905829728,0.7,0.6399999999999999,0.4404053750528508,0.4404053750528508,0
67,11,0.07589498162269592,0.10719111430621432,0.0,0.08011501338697082,96.484375,100.0,0.08016430483852974,-0.3452627538593345,0.0,0.08,0.08011501338697082,0.08011501338697082,0
67,9,0.05011948198080063,0.10719111430621432,0.0,0.07999999999820694,98.828125,100.0,0.07999999999743848,-0.7602034556389189,0.0,0.08,0.07999999999820694,0.07999999999820694,0
67,19,0.04534316807985306,0.10719111430621432,0.0,0.08223322413544518,97.265625,99.609375,0.08319032019349311,-0.8603537125404391,0.0,0.08,0.08223322413544518,0.08223322413544518,0
68,0,0.1493736058473587,0.10564554513671655,0.34636098476008476,0.23545958908922587,94.41624365482234,100.0,0.18333278963829358,0.34636098476008476,0.34636098476008476,0.35708878780806785,0.23545958908922587,0.23545958908922587,0
68,15,0.09694576263427734,0.10564554513671655,0.0,0.10260793758682571,97.265625,100.0,0.1122970536954653,-0.08593789441691667,0.0,0.08,0.10260793758682571,0.10260793758682571,0
68,7,0.10629468411207199,0.10564554513671655,0.006125698233556672,0.11225433750206897,95.78947368421052,100.0,0.1239773856085934,0.006125698233556672,0.006125698233556672,0.08490055858684534,0.11225433750206897,0.11225433750206897,0
68,16,0.027730006724596024,0.10564554513671655,0.0,0.07999999999874485,99.609375,100.0,0.07999999999820694,-1.337574208838592,0.0,0.08,0.07999999999874485,0.07999999999874485,0
68,14,0.06665123999118805,0.10564554513671655,0.0,0.09162741079464395,97.265625,100.0,0.09661058684949135,-0.4606158705836122,0.0,0.08,0.09162741079464395,0.09162741079464395,0
68,5,0.5517768859863281,0.10564554513671655,0.7,0.6399999830543822,78.90625,100.0,0.6399999757919747,1.6530541190500583,0.7,0.6399999999999999,0.6399999830543822,0.6399999830543822,0
68,17,0.10373713076114655,0.10564554513671655,0.0,0.10367669417822234,96.09375,100.0,0.11382384882603191,-0.018229464630744822,0.0,0.08,0.10367669417822234,0.10367669417822234,0
68,13,0.15323498845100403,0.10564554513671655,0.3718830090460571,0.17918195571330847,98.125,100.0,0.09418576220322111,0.3718830090460571,0.3718830090460571,0.3775064072368457,0.17918195571330847,0.17918195571330847,0
68,6,0.0593896359205246,0.10564554513671655,0.0,0.0815189061766424,96.80851063829788,100.0,0.082169865966632,-0.5759697715165512,0.0,0.08,0.0815189061766424,0.0815189061766424,0
68,8,0.039194684475660324,0.10564554513671655,0.0,0.07999999999874485,98.828125,100.0,0.07999999999820694,-0.9915482789611355,0.0,0.08,0.07999999999874485,0.07999999999874485,0
68,10,0.052173059433698654,0.10564554513671655,0.0,0.07999999999874485,97.42489270386267,100.0,0.07999999999820694,-0.7055232210601483,0.0,0.08,0.07999999999874485,0.07999999999874485,0
68,2,0.16981396079063416,0.10564554513671655,0.4746138768226085,0.3572449868174953,90.98360655737704,100.0,0.3133395091143847,0.4746138768226085,0.4746138768226085,0.45969110145808684,0.3572449868174953,0.3572449868174953,0
68,1,0.196365624666214,0.10564554513671655,0.619888732780039,0.4810570584042049,94.5945945945946,100.0,0.4404053750528508,0.619888732780039,0.619888732780039,0.5759109862240311,0.4810570584042049,0.4810570584042049,0
68,4,0.157535120844841,0.10564554513671655,0.3995588147872621,0.35070488110746423,93.7062937062937,100.0,0.3297296650836019,0.3995588147872621,0.3995588147872621,0.3996470518298097,0.35070488110746423,0.35070488110746423,0
68,19,0.03541193902492523,0.10564554513671655,0.0,0.08156325689481161,98.046875,100.0,0.08223322413544518,-1.0930403653270606,0.0,0.08,0.08156325689481161,0.08156325689481161,0
68,18,0.06364837288856506,0.10564554513671655,0.0,0.1276810638201297,96.484375,100.0,0.14811580545732816,-0.5067157532151672,0.0,0.08,0.1276810638201297,0.1276810638201297,0
68,3,0.0923495963215828,0.10564554513671655,0.0,0.21968896336009977,97.36842105263158,100.0,0.2795556619429997,-0.13450822784845484,0.0,0.08,0.21968896336009977,0.21968896336009977,0
68,12,0.06802792102098465,0.10564554513671655,0.0,0.08038283621627934,99.21875,100.0,0.08054690888039907,-0.44017130043903574,0.0,0.08,0.08038283621627934,0.08038283621627934,0
68,11,0.09739713370800018,0.10564554513671655,0.0,0.08008050937087957,95.703125,100.0,0.08011501338697082,-0.08129278675030802,0.0,0.08,0.08008050937087957,0.08008050937087957,0
68,9,0.01447224523872137,0.10564554513671655,0.0,0.07999999999874485,97.65625,100.0,0.07999999999820694,-1.9878562869238878,0.0,0.08,0.07999999999874485,0.07999999999874485,0
69,18,0.11151915788650513,0.10454575857083791,0.06457153314600146,0.12887391262913112,96.09375,100.0,0.1276810638201297,0.06457153314600146,0.06457153314600146,0.13165722651680117,0.12887391262913112,0.12887391262913112,0
69,15,0.14159509539604187,0.10454575857083791,0.3033466619745812,0.1686287551846775,98.046875,100.0,0.10260793758682571,0.3033466619745812,0.3033466619745812,0.322677329579665,0.1686287551846775,0.1686287551846775,0
69,5,0.45807331800460815,0.10454575857083791,0.7,0.6399999881380675,78.90625,100.0,0.6399999830543822,1.47740432383686,0.7,0.6399999999999999,0.6399999881380675,0.6399999881380675,0
69,7,0.058024439960718155,0.10454575857083791,0.0,0.10257803625144826,98.94736842105263,100.0,0.11225433750206897,-0.588760479509868,0.0,0.08,0.10257803625144826,0.10257803625144826,0
69,14,0.12225240468978882,0.10454575857083791,0.15646292794815186,0.1256902902638072,96.484375,100.0,0.09162741079464395,0.15646292794815186,0.15646292794815186,0.2051703423585215,0.1256902902638072,0.1256902902638072,0
69,4,0.13447321951389313,0.10454575857083791,0.2517401898844884,0.3299110623475021,95.8041958041958,100.0,0.35070488110746423,0.2517401898844884,0.2517401898844884,0.2813921519075907,0.3299110623475021,0.3299110623475021,0
69,16,0.03306781128048897,0.10454575857083791,0.0,0.07999999999912139,99.609375,100.0,0.07999999999874485,-1.1510643095056428,0.0,0.08,0.07999999999912139,0.07999999999912139,0
69,19,0.044829364866018295,0.10454575857083791,0.0,0.08109427982636813,98.046875,100.0,0.08156325689481161,-0.846761338751005,0.0,0.08,0.08109427982636813,0.08109427982636813,0
69,6,0.11374369263648987,0.10454575857083791,0.08432274258563488,0.10130069254420204,95.74468085106383,100.0,0.0815189061766424,0.08432274258563488,0.08432274258563488,0.1474581940685079,0.10130069254420204,0.10130069254420204,0
69,11,0.08340759575366974,0.10454575857083791,0.0,0.0800563565596157,97.265625,100.0,0.08008050937087957,-0.22588545098171442,0.0,0.08,0.0800563565596157,0.0800563565596157,0
69,8,0.05926663056015968,0.10454575857083791,0.0,0.07999999999912139,98.046875,100.0,0.07999999999874485,-0.5675783583561186,0.0,0.08,0.07999999999912139,0.07999999999912139,0
69,17,0.10249116271734238,0.10454575857083791,0.0,0.09657368592475563,94.140625,100.0,0.10367669417822234,-0.019848277236341007,0.0,0.08,0.09657368592475563,0.09657368592475563,0
69,1,0.05282766371965408,0.10454575857083791,0.0,0.3607399408829434,97.29729729729729,100.0,0.4810570584042049,-0.6825897753896952,0.0,0.08,0.3607399408829434,0.3607399408829434,0
69,3,0.10863728821277618,0.10454575857083791,0.03838984205019376,0.18699583644411635,97.89473684210526,100.0,0.21968896336009977,0.03838984205019376,0.03838984205019376,0.11071187364015501,0.18699583644411635,0.18699583644411635,0
69,12,0.0878504291176796,0.10454575857083791,0.0,0.08026798535139554,96.09375,100.0,0.08038283621627934,-0.17398913916106692,0.0,0.08,0.08026798535139554,0.08026798535139554,0
69,0,0.1202915757894516,0.10454575857083791,0.14029372469666498,0.2224922062896577,93.90862944162437,100.0,0.23545958908922587,0.14029372469666498,0.14029372469666498,0.192234979757332,0.2224922062896577,0.2224922062896577,0
69,10,0.03210115805268288,0.10454575857083791,0.0,0.07999999999912139,97.85407725321889,100.0,0.07999999999874485,-1.1807325348674806,0.0,0.08,0.07999999999912139,0.07999999999912139,0
69,9,0.05100133642554283,0.10454575857083791,0.0,0.07999999999912139,99.21875,100.0,0.07999999999874485,-0.7177729193987936,0.0,0.08,0.07999999999912139,0.07999999999912139,0
69,13,0.08487508445978165,0.10454575857083791,0.0,0.1494273689993159,97.5,100.0,0.17918195571330847,-0.20844425346902348,0.0,0.08,0.1494273689993159,0.1494273689993159,0
69,2,0.14485181868076324,0.10454575857083791,0.32608639651165183,0.3523322259350431,95.90163934426229,100.0,0.3572449868174953,0.32608639651165183,0.32608639651165183,0.3408691172093215,0.3523322259350431,0.3523322259350431,0
70,18,0.07452304661273956,0.10360826230550521,0.0,0.11421173884039176,96.875,100.0,0.12887391262913112,-0.3295086129066467,0.0,0.08,0.11421173884039176,0.11421173884039176,0
70,8,0.030799487605690956,0.10360826230550521,0.0,0.07999999999938497,98.4375,100.0,0.07999999999912139,-1.2131187968034431,0.0,0.08,0.07999999999938497,0.07999999999938497,0
70,19,0.05151233822107315,0.10360826230550521,0.0,0.08076599587845769,98.828125,100.0,0.08109427982636813,-0.6987956249342735,0.0,0.08,0.08076599587845769,0.08076599587845769,0
70,16,0.008304879069328308,0.10360826230550521,0.0,0.07999999999938497,99.21875,100.0,0.07999999999912139,-2.523772789265071,0.0,0.08,0.07999999999938497,0.07999999999938497,0
70,7,0.05154307559132576,0.10360826230550521,0.0,0.09580462537601378,97.89473684210526,100.0,0.10257803625144826,-0.6981991038188508,0.0,0.08,0.09580462537601378,0.09580462537601378,0
70,2,0.10748152434825897,0.10360826230550521,0.03670188416199399,0.2794410103534087,91.80327868852459,100.0,0.3523322259350431,0.03670188416199399,0.03670188416199399,0.1093615073295952,0.2794410103534087,0.2794410103534087,0
70,1,0.17440567910671234,0.10360826230550521,0.5207669568211541,0.40150202825513737,94.5945945945946,100.0,0.3607399408829434,0.5207669568211541,0.5207669568211541,0.49661356545692337,0.40150202825513737,0.40150202825513737,0
70,11,0.12131696939468384,0.10360826230550521,0.15778960952924093,0.1179089558787488,98.4375,100.0,0.0800563565596157,0.15778960952924093,0.15778960952924093,0.20623168762339272,0.1179089558787488,0.1179089558787488,0
70,9,0.0788605585694313,0.10360826230550521,0.0,0.07999999999938497,98.828125,100.0,0.07999999999912139,-0.2729358368645344,0.0,0.08,0.07999999999938497,0.07999999999938497,0
70,15,0.09089992195367813,0.10360826230550521,0.0,0.14204012862927423,97.265625,100.0,0.1686287551846775,-0.13085792254764383,0.0,0.08,0.14204012862927423,0.14204012862927423,0
70,4,0.11712630838155746,0.10360826230550521,0.12263582154143121,0.28437034081319496,95.1048951048951,100.0,0.3299110623475021,0.12263582154143121,0.12263582154143121,0.17810865723314498,0.28437034081319496,0.28437034081319496,0
70,14,0.116267628967762,0.10360826230550521,0.11527759086678925,0.13964982499269446,98.828125,100.0,0.1256902902638072,0.11527759086678925,0.11527759086678925,0.17222207269343143,0.13964982499269446,0.13964982499269446,0
70,3,0.09464115649461746,0.10360826230550521,0.0,0.15489708551088144,96.84210526315789,100.0,0.18699583644411635,-0.0905246299539857,0.0,0.08,0.15489708551088144,0.15489708551088144,0
70,0,0.0972282886505127,0.10360826230550521,0.0,0.1797445444027604,95.93908629441624,100.0,0.2224922062896577,-0.06355536767279818,0.0,0.08,0.1797445444027604,0.1797445444027604,0
70,10,0.02973894588649273,0.10360826230550521,0.0,0.07999999999938497,97.85407725321889,100.0,0.07999999999912139,-1.2481593427840623,0.0,0.08,0.07999999999938497,0.07999999999938497,0
70,13,0.09849002212285995,0.10360826230550521,0.0,0.12859915829952112,96.875,100.0,0.1494273689993159,-0.05066182881132225,0.0,0.08,0.12859915829952112,0.12859915829952112,0
70,5,0.5102205276489258,0.10360826230550521,0.7,0.6399999916966471,82.03125,100.0,0.6399999881380675,1.5942258838650658,0.7,0.6399999999999999,0.6399999916966471,0.6399999916966471,0
70,17,0.09426029026508331,0.10360826230550521,0.0,0.09160158014732894,93.75,100.0,0.09657368592475563,-0.0945570681574429,0.0,0.08,0.09160158014732894,0.09160158014732894,0
70,6,0.1405426412820816,0.10360826230550521,0.3048938354040048,0.16808500527790254,95.74468085106383,100.0,0.10130069254420204,0.3048938354040048,0.3048938354040048,0.3239150683232038,0.16808500527790254,0.16808500527790254,0
70,12,0.08093294501304626,0.10360826230550521,0.0,0.08018758974597687,98.4375,100.0,0.08026798535139554,-0.24699607910821644,0.0,0.08,0.08018758974597687,0.08018758974597687,0
71,6,0.07009290903806686,0.10269250841293974,0.0,0.14165950369453179,95.74468085106383,100.0,0.16808500527790254,-0.3819174886892251,0.0,0.08,0.14165950369453179,0.14165950369453179,0
71,10,0.0755152553319931,0.10269250841293974,0.0,0.07999999999956947,98.28326180257511,100.0,0.07999999999938497,-0.3074044396868251,0.0,0.08,0.07999999999956947,0.07999999999956947,0
71,3,0.11097468435764313,0.10269250841293974,0.0775629312293357,0.15104306335265757,97.89473684210526,100.0,0.15489708551088144,0.0775629312293357,0.0775629312293357,0.14205034498346858,0.15104306335265757,0.15104306335265757,0
71,14,0.0914197489619255,0.10269250841293974,0.0,0.12175487749488612,98.4375,100.0,0.13964982499269446,-0.11627762903291751,0.0,0.08,0.12175487749488612,0.12175487749488612,0
71,0,0.11471857875585556,0.10269250841293974,0.11074280980369383,0.17639945543481877,94.41624365482234,100.0,0.1797445444027604,0.11074280980369383,0.11074280980369383,0.16859424784295507,0.17639945543481877,0.17639945543481877,0
71,13,0.067706398665905,0.10269250841293974,0.0,0.11401941080966477,98.125,100.0,0.12859915829952112,-0.416558427177452,0.0,0.08,0.11401941080966477,0.11401941080966477,0
71,8,0.06930238753557205,0.10269250841293974,0.0,0.07999999999956947,97.65625,100.0,0.07999999999938497,-0.39325976326160433,0.0,0.08,0.07999999999956947,0.07999999999956947,0
71,5,0.3858017325401306,0.10269250841293974,0.7,0.639999994187653,86.71875,100.0,0.6399999916966471,1.323584351822435,0.7,0.6399999999999999,0.639999994187653,0.639999994187653,0
71,7,0.039439015090465546,0.10269250841293974,0.0,0.09106323776320965,97.89473684210526,100.0,0.09580462537601378,-0.9569834547045822,0.0,0.08,0.09106323776320965,0.09106323776320965,0
71,11,0.09759177267551422,0.10269250841293974,0.0,0.10653626911512415,98.4375,100.0,0.1179089558787488,-0.05094596935579714,0.0,0.08,0.10653626911512415,0.10653626911512415,0
71,17,0.09668534994125366,0.10269250841293974,0.0,0.08812110610313026,96.484375,100.0,0.09160158014732894,-0.060277271012135945,0.0,0.08,0.08812110610313026,0.08812110610313026,0
71,4,0.14457635581493378,0.10269250841293974,0.3420685857708609,0.3051556991542431,93.7062937062937,100.0,0.28437034081319496,0.3420685857708609,0.3420685857708609,0.35365486861668877,0.3051556991542431,0.3051556991542431,0
71,9,0.018350837752223015,0.10269250841293974,0.0,0.07999999999956947,99.21875,100.0,0.07999999999938497,-1.722063492867255,0.0,0.08,0.07999999999956947,0.07999999999956947,0
71,12,0.10994183272123337,0.10269250841293974,0.06821225811378885,0.09650225476949313,97.265625,100.0,0.08018758974597687,0.06821225811378885,0.06821225811378885,0.1345698064910311,0.09650225476949313,0.09650225476949313,0
71,1,0.18328045308589935,0.10269250841293974,0.5792782994682445,0.44407821165097483,100.0,100.0,0.40150202825513737,0.5792782994682445,0.5792782994682445,0.5434226395745956,0.44407821165097483,0.44407821165097483,0
71,19,0.11439070105552673,0.10269250841293974,0.1078806132500444,0.10642754429493104,98.4375,100.0,0.08076599587845769,0.1078806132500444,0.1078806132500444,0.16630449060003555,0.10642754429493104,0.10642754429493104,0
71,2,0.13048624992370605,0.10269250841293974,0.23952866794671518,0.27709558755459773,94.26229508196721,100.0,0.2794410103534087,0.23952866794671518,0.23952866794671518,0.27162293435737217,0.27709558755459773,0.27709558755459773,0
71,15,0.12382114678621292,0.10269250841293974,0.18709897519826701,0.16833184408807603,94.140625,100.0,0.14204012862927423,0.18709897519826701,0.18709897519826701,0.2296791801586136,0.16833184408807603,0.16833184408807603,0
71,18,0.08228341490030289,0.10269250841293974,0.0,0.10394821718827424,96.484375,100.0,0.11421173884039176,-0.2215695764705433,0.0,0.08,0.10394821718827424,0.10394821718827424,0
71,16,0.026134349405765533,0.10269250841293974,0.0,0.07999999999956947,98.828125,100.0,0.07999999999938497,-1.3684883644387147,0.0,0.08,0.07999999999956947,0.07999999999956947,0
72,4,0.12976539134979248,0.10213711370248416,0.23941195471357984,0.29506785853922934,96.5034965034965,100.0,0.3051556991542431,0.23941195471357984,0.23941195471357984,0.2715295637708639,0.29506785853922934,0.29506785853922934,0
72,12,0.06364379823207855,0.10213711370248416,0.0,0.09155157833864519,98.4375,100.0,0.09650225476949313,-0.4730142185724486,0.0,0.08,0.09155157833864519,0.09155157833864519,0
72,1,0.08115492016077042,0.10213711370248416,0.0,0.3348547481556824,97.29729729729729,100.0,0.44407821165097483,-0.22995621468847216,0.0,0.08,0.3348547481556824,0.3348547481556824,0
72,16,0.028811046853661537,0.10213711370248416,0.0,0.07999999999969862,99.21875,100.0,0.07999999999956947,-1.265557028485234,0.0,0.08,0.07999999999969862,0.07999999999969862,0
72,13,0.07884424179792404,0.10213711370248416,0.0,0.10381358756676534,96.25,100.0,0.11401941080966477,-0.2588418501977166,0.0,0.08,0.10381358756676534,0.10381358756676534,0
72,14,0.0717986673116684,0.10213711370248416,0.0,0.10922841424642027,94.921875,100.0,0.12175487749488612,-0.3524502064377512,0.0,0.08,0.10922841424642027,0.10922841424642027,0
72,19,0.07969097793102264,0.10213711370248416,0.0,0.09849928100645172,98.828125,100.0,0.10642754429493104,-0.24815975596953108,0.0,0.08,0.09849928100645172,0.09849928100645172,0
72,9,0.026034507900476456,0.10213711370248416,0.0,0.07999999999969862,99.21875,100.0,0.07999999999956947,-1.3668929913979215,0.0,0.08,0.07999999999969862,0.07999999999969862,0
72,3,0.1278001368045807,0.10213711370248416,0.22415143016922695,0.18352648758747478,98.42105263157895,99.47368421052632,0.15104306335265757,0.22415143016922695,0.22415143016922695,0.2593211441353816,0.18352648758747478,0.18352648758747478,0
72,5,0.4663185179233551,0.10213711370248416,0.7,0.639999995931357,82.03125,100.0,0.639999994187653,1.5185526764581239,0.7,0.6399999999999999,0.639999995931357,0.639999995931357,0
72,7,0.07139770686626434,0.10213711370248416,0.0,0.08774426643424676,97.89473684210526,98.94736842105263,0.09106323776320965,-0.3580503683078769,0.0,0.08,0.08774426643424676,0.08774426643424676,0
72,8,0.06343825906515121,0.10213711370248416,0.0,0.07999999999969862,100.0,100.0,0.07999999999956947,-0.4762489681220638,0.0,0.08,0.07999999999969862,0.07999999999969862,0
72,10,0.0655307024717331,0.10213711370248416,0.0,0.07999999999969862,97.85407725321889,100.0,0.07999999999956947,-0.44379733503559504,0.0,0.08,0.07999999999969862,0.07999999999969862,0
72,11,0.10154440253973007,0.10213711370248416,0.0,0.09857538838058691,97.65625,100.0,0.10653626911512415,-0.005819995731882591,0.0,0.08,0.09857538838058691,0.09857538838058691,0
72,15,0.07973644882440567,0.10213711370248416,0.0,0.14183229086165322,97.65625,100.0,0.16833184408807603,-0.24758932853634577,0.0,0.08,0.14183229086165322,0.14183229086165322,0
72,18,0.1054910272359848,0.10213711370248416,0.032309733718895915,0.10451808812432697,96.484375,100.0,0.10394821718827424,0.032309733718895915,0.032309733718895915,0.10584778697511674,0.10451808812432697,0.10451808812432697,0
72,17,0.08530528843402863,0.10213711370248416,0.0,0.08568477427219118,97.65625,100.0,0.08812110610313026,-0.1800796926230708,0.0,0.08,0.08568477427219118,0.08568477427219118,0
72,2,0.19529783725738525,0.10213711370248416,0.6482095545950523,0.37353720439103094,95.08196721311475,100.0,0.27709558755459773,0.6482095545950523,0.6482095545950523,0.5985676436760418,0.37353720439103094,0.37353720439103094,0
72,6,0.06850854307413101,0.10213711370248416,0.0,0.12316165258617223,96.80851063829788,100.0,0.14165950369453179,-0.39935766060959427,0.0,0.08,0.12316165258617223,0.12316165258617223,0
72,0,0.11996240168809891,0.10213711370248416,0.16086219730172838,0.18608654615678794,93.90862944162437,100.0,0.17639945543481877,0.16086219730172838,0.16086219730172838,0.20868975784138272,0.18608654615678794,0.18608654615678794,0
73,14,0.08450434356927872,0.09989477367000715,0.0,0.10045988997249419,97.265625,100.0,0.10922841424642027,-0.1673144142099211,0.0,0.08,0.10045988997249419,0.10045988997249419,0
73,5,0.5495681762695312,0.09989477367000715,0.7,0.6399999971519499,83.59375,100.0,0.639999995931357,1.7050153852122714,0.7,0.6399999999999999,0.6399999971519499,0.6399999971519499,0
73,15,0.1081240177154541,0.09989477367000715,0.07916150420881247,0.14228136461327223,96.484375,100.0,0.14183229086165322,0.07916150420881247,0.07916150420881247,0.14332920336705,0.14228136461327223,0.14228136461327223,0
73,16,0.032320648431777954,0.09989477367000715,0.0,0.07999999999978903,99.21875,100.0,0.07999999999969862,-1.1284108630600462,0.0,0.08,0.07999999999978903,0.07999999999978903,0
73,18,0.08571929484605789,0.09989477367000715,0.0,0.09716266168702889,96.875,100.0,0.10451808812432697,-0.1530394077919784,0.0,0.08,0.09716266168702889,0.09716266168702889,0
73,8,0.054570458829402924,0.09989477367000715,0.0,0.07999999999978903,98.4375,100.0,0.07999999999969862,-0.6046245962749336,0.0,0.08,0.07999999999978903,0.07999999999978903,0
73,17,0.09517817944288254,0.09989477367000715,0.0,0.08397934199053382,97.265625,100.0,0.08568477427219118,-0.04836665571718118,0.0,0.08,0.08397934199053382,0.08397934199053382,0
73,11,0.06266341358423233,0.09989477367000715,0.0,0.09300277186641084,96.875,100.0,0.09857538838058691,-0.46633954726853394,0.0,0.08,0.09300277186641084,0.09300277186641084,0
73,7,0.1285354048013687,0.09989477367000715,0.2520869991554243,0.14592186630127457,97.89473684210526,100.0,0.08774426643424676,0.2520869991554243,0.2520869991554243,0.2816695993243395,0.14592186630127457,0.14592186630127457,0
73,6,0.0828913226723671,0.09989477367000715,0.0,0.11021315681032057,97.87234042553192,100.0,0.12316165258617223,-0.18658696370035108,0.0,0.08,0.11021315681032057,0.11021315681032057,0
73,3,0.08409204334020615,0.09989477367000715,0.0,0.15246854131123233,96.84210526315789,100.0,0.18352648758747478,-0.17220539686537215,0.0,0.08,0.15246854131123233,0.15246854131123233,0
73,10,0.07344523072242737,0.09989477367000715,0.0,0.07999999999978903,98.28326180257511,100.0,0.07999999999969862,-0.30757736441009664,0.0,0.08,0.07999999999978903,0.07999999999978903,0
73,2,0.11387693881988525,0.09989477367000715,0.13100100033416875,0.3169162831539221,94.26229508196721,100.0,0.37353720439103094,0.13100100033416875,0.13100100033416875,0.18480080026733503,0.3169162831539221,0.3169162831539221,0
73,12,0.07465480268001556,0.09989477367000715,0.0,0.08808610483705162,96.875,100.0,0.09155157833864519,-0.29124247694215216,0.0,0.08,0.08808610483705162,0.08808610483705162,0
73,4,0.12057525664567947,0.09989477367000715,0.18815670862759784,0.27570511104808404,92.3076923076923,100.0,0.29506785853922934,0.18815670862759784,0.18815670862759784,0.2305253669020783,0.27570511104808404,0.27570511104808404,0
73,1,0.19702328741550446,0.09989477367000715,0.6792045139623306,0.42140740705993696,91.89189189189189,100.0,0.3348547481556824,0.6792045139623306,0.6792045139623306,0.6233636111698645,0.42140740705993696,0.42140740705993696,0
73,0,0.08018256723880768,0.09989477367000715,0.0,0.15426058230975154,96.95431472081218,100.0,0.18608654615678794,-0.2198112189150267,0.0,0.08,0.15426058230975154,0.15426058230975154,0
73,19,0.05894765630364418,0.09989477367000715,0.0,0.09294949670451619,99.21875,100.0,0.09849928100645172,-0.5274674303004624,0.0,0.08,0.09294949670451619,0.09294949670451619,0
73,9,0.035066068172454834,0.09989477367000715,0.0,0.07999999999978903,99.21875,100.0,0.07999999999969862,-1.0468832394354384,0.0,0.08,0.07999999999978903,0.07999999999978903,0
73,13,0.04130985587835312,0.09989477367000715,0.0,0.09666951129673573,97.5,100.0,0.10381358756676534,-0.8830161140837582,0.0,0.08,0.09666951129673573,0.09666951129673573,0
74,8,0.02906077168881893,0.0982544646036351,0.0,0.07999999999985233,99.609375,100.0,0.07999999999978903,-1.218171235838019,0.0,0.08,0.07999999999985233,0.07999999999985233,0
74,19,0.09030686318874359,0.0982544646036351,0.0,0.08906464769316133,99.609375,100.0,0.09294949670451619,-0.08434722017853001,0.0,0.08,0.08906464769316133,0.08906464769316133,0
74,13,0.06734307110309601,0.0982544646036351,0.0,0.091668657907715,96.875,100.0,0.09666951129673573,-0.3777606256389041,0.0,0.08,0.091668657907715,0.091668657907715,0
74,15,0.07314751297235489,0.0982544646036351,0.0,0.12359695522929057,96.875,100.0,0.14228136461327223,-0.29508252816453817,0.0,0.08,0.12359695522929057,0.12359695522929057,0
74,1,0.14171379804611206,0.0982544646036351,0.3662487948296636,0.4068848957010751,91.89189189189189,100.0,0.42140740705993696,0.3662487948296636,0.3662487948296636,0.3729990358637309,0.4068848957010751,0.4068848957010751,0
74,4,0.15840665996074677,0.0982544646036351,0.47760479407998124,0.3316187283128543,95.1048951048951,100.0,0.27570511104808404,0.47760479407998124,0.47760479407998124,0.46208383526398505,0.3316187283128543,0.3316187283128543,0
74,11,0.0604216605424881,0.0982544646036351,0.0,0.08910194030648758,96.484375,100.0,0.09300277186641084,-0.48621296834258604,0.0,0.08,0.08910194030648758,0.08910194030648758,0
74,12,0.10788947343826294,0.0982544646036351,0.09354660894435962,0.10811145953258244,98.4375,100.0,0.08808610483705162,0.09354660894435962,0.09354660894435962,0.1548372871554877,0.10811145953258244,0.10811145953258244,0
74,10,0.038427986204624176,0.0982544646036351,0.0,0.07999999999985233,98.71244635193133,100.0,0.07999999999978903,-0.9387745309702689,0.0,0.08,0.07999999999985233,0.07999999999985233,0
74,18,0.08657287806272507,0.0982544646036351,0.0,0.09201386318092022,96.09375,100.0,0.09716266168702889,-0.12657409706961228,0.0,0.08,0.09201386318092022,0.09201386318092022,0
74,5,0.41824349761009216,0.0982544646036351,0.7,0.6399999980063649,85.15625,100.0,0.6399999971519499,1.448503024245262,0.7,0.6399999999999999,0.6399999980063649,0.6399999980063649,0
74,3,0.10828708112239838,0.0982544646036351,0.09722515860500919,0.15406201698306482,95.78947368421052,100.0,0.15246854131123233,0.09722515860500919,0.09722515860500919,0.15778012688400736,0.15406201698306482,0.15406201698306482,0
74,7,0.03411892428994179,0.0982544646036351,0.0,0.1261453064108922,97.89473684210526,98.94736842105263,0.14592186630127457,-1.0577083047913909,0.0,0.08,0.1261453064108922,0.1261453064108922,0
74,17,0.07471025735139847,0.0982544646036351,0.0,0.08278553939337367,94.921875,100.0,0.08397934199053382,-0.27394326224828824,0.0,0.08,0.08278553939337367,0.08278553939337367,0
74,16,0.013310765847563744,0.0982544646036351,0.0,0.07999999999985233,98.828125,100.0,0.07999999999978903,-1.9989868714678818,0.0,0.08,0.07999999999985233,0.07999999999985233,0
74,14,0.06716402620077133,0.0982544646036351,0.0,0.09432192298074593,97.65625,100.0,0.10045988997249419,-0.38042286406408393,0.0,0.08,0.09432192298074593,0.09432192298074593,0
74,2,0.1385037750005722,0.0982544646036351,0.3433368610261021,0.32824224485401,98.36065573770492,100.0,0.3169162831539221,0.3433368610261021,0.3433368610261021,0.35466948882088173,0.32824224485401,0.32824224485401,0
74,6,0.049608584493398666,0.0982544646036351,0.0,0.10114920976722439,98.93617021276596,100.0,0.11021315681032057,-0.6833966979549583,0.0,0.08,0.10114920976722439,0.10114920976722439,0
74,9,0.038053348660469055,0.0982544646036351,0.0,0.07999999999985233,98.828125,100.0,0.07999999999978903,-0.9485714426821719,0.0,0.08,0.07999999999985233,0.07999999999985233,0
74,0,0.1367272287607193,0.0982544646036351,0.3304271905339327,0.21128493334496992,96.44670050761421,100.0,0.15426058230975154,0.3304271905339327,0.3304271905339327,0.3443417524271462,0.21128493334496992,0.21128493334496992,0
75,3,0.16899020969867706,0.09582190665945925,0.5673494076802842,0.2680072697314136,97.36842105263158,100.0,0.15406201698306482,0.5673494076802842,0.5673494076802842,0.5338795261442274,0.2680072697314136,0.2680072697314136,0
75,12,0.1087556704878807,0.09582190665945925,0.12661246901324094,0.13006501423598554,97.65625,100.0,0.10811145953258244,0.12661246901324094,0.12661246901324094,0.18128997521059276,0.13006501423598554,0.13006501423598554,0
75,8,0.048249855637550354,0.09582190665945925,0.0,0.07999999999989663,98.828125,100.0,0.07999999999985233,-0.6860983908955669,0.0,0.08,0.07999999999989663,0.07999999999989663,0
75,5,0.3843534588813782,0.09582190665945925,0.7,0.6399999986044553,88.671875,100.0,0.6399999980063649,1.3890711871107644,0.7,0.6399999999999999,0.6399999986044553,0.6399999986044553,0
75,7,0.12838555872440338,0.09582190665945925,0.2925465578644564,0.18251288837509405,98.94736842105263,100.0,0.1261453064108922,0.2925465578644564,0.2925465578644564,0.3140372462915651,0.18251288837509405,0.18251288837509405,0
75,10,0.12795890867710114,0.09582190665945925,0.2892178306069885,0.14941227934557388,97.85407725321889,100.0,0.07999999999985233,0.2892178306069885,0.2892178306069885,0.31137426448559086,0.14941227934557388,0.14941227934557388,0
75,19,0.055756524205207825,0.09582190665945925,0.0,0.08634525338521293,99.609375,100.0,0.08906464769316133,-0.541496825015919,0.0,0.08,0.08634525338521293,0.08634525338521293,0
75,18,0.09509505331516266,0.09582190665945925,0.0,0.08840970422664415,97.65625,100.0,0.09201386318092022,-0.0076143762197126465,0.0,0.08,0.08840970422664415,0.08840970422664415,0
75,17,0.11427215486764908,0.09582190665945925,0.1760915802133562,0.12421185682656705,97.265625,100.0,0.08278553939337367,0.1760915802133562,0.1760915802133562,0.22087326417068498,0.12421185682656705,0.12421185682656705,0
75,16,0.011693142354488373,0.09582190665945925,0.0,0.07999999999989663,99.609375,100.0,0.07999999999985233,-2.1034880323428062,0.0,0.08,0.07999999999989663,0.07999999999989663,0
75,6,0.03477853536605835,0.09582190665945925,0.0,0.09480444683705708,98.93617021276596,100.0,0.10114920976722439,-1.0134907497738193,0.0,0.08,0.09480444683705708,0.09480444683705708,0
75,0,0.14325577020645142,0.09582190665945925,0.4021402712994243,0.26841311845334076,97.96954314720813,100.0,0.21128493334496992,0.4021402712994243,0.4021402712994243,0.40171221703953947,0.26841311845334076,0.26841311845334076,0
75,1,0.09081528335809708,0.09582190665945925,0.0,0.3088194269907526,100.0,100.0,0.4068848957010751,-0.053663733484102596,0.0,0.08,0.3088194269907526,0.3088194269907526,0
75,15,0.09516565501689911,0.09582190665945925,0.0,0.1105178686605034,94.921875,100.0,0.12359695522929057,-0.0068722188066091,0.0,0.08,0.1105178686605034,0.1105178686605034,0
75,2,0.121425561606884,0.09582190665945925,0.2368100617472912,0.3106039862171569,95.90163934426229,100.0,0.32824224485401,0.2368100617472912,0.2368100617472912,0.26944804939783296,0.3106039862171569,0.3106039862171569,0
75,11,0.11889736354351044,0.09582190665945925,0.21576927986440644,0.13815598538199886,97.265625,100.0,0.08910194030648758,0.21576927986440644,0.21576927986440644,0.2526154238915252,0.13815598538199886,0.13815598538199886,0
75,13,0.08946844935417175,0.09582190665945925,0.0,0.0881680605354005,98.125,100.0,0.091668657907715,-0.06860528024329055,0.0,0.08,0.0881680605354005,0.0881680605354005,0
75,9,0.057682547718286514,0.09582190665945925,0.0,0.07999999999989663,99.21875,100.0,0.07999999999985233,-0.5075365987256161,0.0,0.08,0.07999999999989663,0.07999999999989663,0
75,4,0.07289756089448929,0.09582190665945925,0.0,0.256133109818998,94.4055944055944,100.0,0.3316187283128543,-0.2734361165664958,0.0,0.08,0.256133109818998,0.256133109818998,0
75,14,0.062204696238040924,0.09582190665945925,0.0,0.09002534608652216,97.265625,100.0,0.09432192298074593,-0.4320607740888564,0.0,0.08,0.09002534608652216,0.09002534608652216,0
76,18,0.13443362712860107,0.09575275141011641,0.3393012055924092,0.16731908230082915,96.09375,100.0,0.08840970422664415,0.3393012055924092,0.3393012055924092,0.3514409644739274,0.16731908230082915,0.16731908230082915,0
76,1,0.09162050485610962,0.09575275141011641,0.0,0.2401735988935268,97.29729729729729,100.0,0.3088194269907526,-0.04411425952150063,0.0,0.08,0.2401735988935268,0.2401735988935268,0
76,19,0.028630029410123825,0.09575275141011641,0.0,0.08444167736964905,99.609375,100.0,0.08634525338521293,-1.2073129717957163,0.0,0.08,0.08444167736964905,0.08444167736964905,0
76,13,0.06419168412685394,0.09575275141011641,0.0,0.08571764237478034,97.5,100.0,0.0881680605354005,-0.3998956400821054,0.0,0.08,0.08571764237478034,0.08571764237478034,0
76,4,0.1422831416130066,0.09575275141011641,0.3960496301778927,0.29834508811599286,97.2027972027972,100.0,0.256133109818998,0.3960496301778927,0.3960496301778927,0.3968397041423142,0.29834508811599286,0.29834508811599286,0
76,9,0.03234535828232765,0.09575275141011641,0.0,0.07999999999992763,98.828125,100.0,0.07999999999989663,-1.0852986319393996,0.0,0.08,0.07999999999992763,0.07999999999992763,0
76,5,0.4235239624977112,0.09575275141011641,0.7,0.6399999990231187,89.0625,100.0,0.6399999986044553,1.4868406507144898,0.7,0.6399999999999999,0.6399999990231187,0.6399999990231187,0
76,14,0.08549810200929642,0.09575275141011641,0.0,0.0870177422605655,97.265625,100.0,0.09002534608652216,-0.1132751735009413,0.0,0.08,0.0870177422605655,0.0870177422605655,0
76,10,0.04707084596157074,0.09575275141011641,0.0,0.12858859554190172,98.28326180257511,100.0,0.14941227934557388,-0.7101154273250537,0.0,0.08,0.12858859554190172,0.12858859554190172,0
76,11,0.0833454355597496,0.09575275141011641,0.0,0.1207091897673992,97.265625,100.0,0.13815598538199886,-0.13877550208791378,0.0,0.08,0.1207091897673992,0.1207091897673992,0
76,16,0.03447388857603073,0.09575275141011641,0.0,0.07999999999992763,100.0,100.0,0.07999999999989663,-1.0215669927517508,0.0,0.08,0.07999999999992763,0.07999999999992763,0
76,2,0.14168758690357208,0.09575275141011641,0.39185514475491634,0.33546802509318974,95.90163934426229,100.0,0.3106039862171569,0.39185514475491634,0.39185514475491634,0.3934841158039331,0.33546802509318974,0.33546802509318974,0
76,12,0.06343848258256912,0.09575275141011641,0.0,0.11504550996518986,96.875,99.609375,0.13006501423598554,-0.4116986517017565,0.0,0.08,0.11504550996518986,0.11504550996518986,0
76,15,0.10052723437547684,0.09575275141011641,0.04865931163730036,0.11304074285530447,97.65625,100.0,0.1105178686605034,0.04865931163730036,0.04865931163730036,0.1189274493098403,0.11304074285530447,0.11304074285530447,0
76,8,0.07868461310863495,0.09575275141011641,0.0,0.07999999999992763,99.21875,100.0,0.07999999999989663,-0.1963217172715228,0.0,0.08,0.07999999999992763,0.07999999999992763,0
76,0,0.09703607857227325,0.09575275141011641,0.013313489010610866,0.21508442027988514,96.95431472081218,100.0,0.26841311845334076,0.013313489010610866,0.013313489010610866,0.09065079120848869,0.21508442027988514,0.21508442027988514,0
76,6,0.0425579808652401,0.09575275141011641,0.0,0.09036311278593995,98.93617021276596,100.0,0.09480444683705708,-0.8109018306318564,0.0,0.08,0.09036311278593995,0.09036311278593995,0
76,7,0.07169268280267715,0.09575275141011641,0.0,0.15175902186256582,97.89473684210526,98.94736842105263,0.18251288837509405,-0.2893806385164462,0.0,0.08,0.15175902186256582,0.15175902186256582,0
76,17,0.10034052282571793,0.09575275141011641,0.04680026180726363,0.1221803626123402,97.65625,100.0,0.12421185682656705,0.04680026180726363,0.04680026180726363,0.1174402094458109,0.1221803626123402,0.1221803626123402,0
76,3,0.09987787157297134,0.09575275141011641,0.04217878802745526,0.22172799793857878,97.36842105263158,100.0,0.2680072697314136,0.04217878802745526,0.04217878802745526,0.11374303042196421,0.22172799793857878,0.22172799793857878,0
77,11,0.06141277775168419,0.09461965314755708,0.0,0.10849643283717944,99.21875,100.0,0.1207091897673992,-0.43224722710185043,0.0,0.08,0.10849643283717944,0.10849643283717944,0
77,17,0.1046060100197792,0.09461965314755708,0.10033579260382643,0.13360684405355647,96.875,100.0,0.1221803626123402,0.10033579260382643,0.10033579260382643,0.16026863408306113,0.13360684405355647,0.13360684405355647,0
77,18,0.11595848947763443,0.09461965314755708,0.20336705382877443,0.18993145052948623,97.65625,100.0,0.16731908230082915,0.20336705382877443,0.20336705382877443,0.24269364306301955,0.18993145052948623,0.18993145052948623,0
77,9,0.032999902963638306,0.09461965314755708,0.0,0.07999999999994933,99.21875,100.0,0.07999999999992763,-1.0533603861437584,0.0,0.08,0.07999999999994933,0.07999999999994933,0
77,3,0.08610498160123825,0.09461965314755708,0.0,0.17920959855700513,96.3157894736842,100.0,0.22172799793857878,-0.09429792592532639,0.0,0.08,0.17920959855700513,0.17920959855700513,0
77,7,0.052227120846509933,0.09461965314755708,0.0,0.13023131530379606,96.84210526315789,100.0,0.15175902186256582,-0.5942632022574478,0.0,0.08,0.13023131530379606,0.13023131530379606,0
77,1,0.22675248980522156,0.09461965314755708,0.7,0.36012151922546876,97.29729729729729,100.0,0.2401735988935268,0.8739938032925453,0.7,0.6399999999999999,0.36012151922546876,0.36012151922546876,0
77,2,0.07450839132070541,0.09461965314755708,0.0,0.2588276175652328,95.90163934426229,100.0,0.33546802509318974,-0.23895342170829054,0.0,0.08,0.2588276175652328,0.2588276175652328,0
77,12,0.09800807386636734,0.09461965314755708,0.03518465355965329,0.11297617382994968,98.4375,100.0,0.11504550996518986,0.03518465355965329,0.03518465355965329,0.10814772284772264,0.11297617382994968,0.11297617382994968,0
77,4,0.1278829425573349,0.09461965314755708,0.3012501022834981,0.30514158622923454,95.1048951048951,100.0,0.29834508811599286,0.3012501022834981,0.3012501022834981,0.32100008182679846,0.30514158622923454,0.30514158622923454,0
77,0,0.09760098159313202,0.09461965314755708,0.031022342991878865,0.18200445651397051,97.46192893401015,100.0,0.21508442027988514,0.031022342991878865,0.031022342991878865,0.1048178743935031,0.18200445651397051,0.18200445651397051,0
77,19,0.01972774602472782,0.09461965314755708,0.0,0.08310917415875434,98.4375,100.0,0.08444167736964905,-1.5678387307499233,0.0,0.08,0.08310917415875434,0.08310917415875434,0
77,14,0.07925720512866974,0.09461965314755708,0.0,0.08491241958239584,96.09375,100.0,0.0870177422605655,-0.177166858894937,0.0,0.08,0.08491241958239584,0.08491241958239584,0
77,6,0.14487989246845245,0.09461965314755708,0.42603983024519276,0.18950373820900424,98.93617021276596,100.0,0.09036311278593995,0.42603983024519276,0.42603983024519276,0.42083186419615426,0.18950373820900424,0.18950373820900424,0
77,15,0.11072118580341339,0.09461965314755708,0.15714998191737453,0.140844515658883,96.875,100.0,0.11304074285530447,0.15714998191737453,0.15714998191737453,0.20571998553389964,0.140844515658883,0.140844515658883,0
77,8,0.03335271775722504,0.09461965314755708,0.0,0.07999999999994933,99.21875,100.0,0.07999999999992763,-1.0427257493035498,0.0,0.08,0.07999999999994933,0.07999999999994933,0
77,5,0.38665902614593506,0.09461965314755708,0.7,0.639999999316183,83.59375,100.0,0.6399999990231187,1.4076779509909858,0.7,0.6399999999999999,0.639999999316183,0.639999999316183,0
77,16,0.02456865832209587,0.09461965314755708,0.0,0.07999999999994933,99.21875,100.0,0.07999999999992763,-1.3483933244219017,0.0,0.08,0.07999999999994933,0.07999999999994933,0
77,13,0.053154993802309036,0.09461965314755708,0.0,0.08400234966234624,98.75,100.0,0.08571764237478034,-0.5766530648682076,0.0,0.08,0.08400234966234624,0.08400234966234624,0
77,10,0.037812598049640656,0.09461965314755708,0.0,0.11401201687933119,96.99570815450643,100.0,0.12858859554190172,-0.9172227168431192,0.0,0.08,0.11401201687933119,0.11401201687933119,0
78,7,0.1314132809638977,0.09342579716929676,0.3411796347322019,0.1970450330483857,100.0,100.0,0.13023131530379606,0.3411796347322019,0.3411796347322019,0.35294370778576156,0.1970450330483857,0.1970450330483857,0
78,9,0.031363651156425476,0.09342579716929676,0.0,0.07999999999996453,99.609375,100.0,0.07999999999994933,-1.0915176803638127,0.0,0.08,0.07999999999996453,0.07999999999996453,0
78,18,0.09421133249998093,0.09342579716929676,0.008372967947236987,0.15896152767797725,96.484375,100.0,0.18993145052948623,0.008372967947236987,0.008372967947236987,0.0866983743577896,0.15896152767797725,0.15896152767797725,0
78,8,0.0751258060336113,0.09342579716929676,0.0,0.07999999999996453,98.828125,100.0,0.07999999999994933,-0.21800335995059444,0.0,0.08,0.07999999999996453,0.07999999999996453,0
78,5,0.44327372312545776,0.09342579716929676,0.7,0.639999999521328,85.9375,100.0,0.639999999316183,1.557019871859953,0.7,0.6399999999999999,0.639999999521328,0.639999999521328,0
78,10,0.10848547518253326,0.09342579716929676,0.14944877182083333,0.1396761170525318,96.99570815450643,100.0,0.11401201687933119,0.14944877182083333,0.14944877182083333,0.19955901745666665,0.1396761170525318,0.1396761170525318,0
78,2,0.08574997633695602,0.09342579716929676,0.0,0.20517933229566296,95.90163934426229,100.0,0.2588276175652328,-0.08573168838096801,0.0,0.08,0.20517933229566296,0.20517933229566296,0
78,3,0.07569428533315659,0.09342579716929676,0.0,0.14944671898990358,98.42105263157895,100.0,0.17920959855700513,-0.21046481636251252,0.0,0.08,0.14944671898990358,0.14944671898990358,0
78,13,0.06388667225837708,0.09342579716929676,0.0,0.08280164476364237,96.875,100.0,0.08400234966234624,-0.3800566907910864,0.0,0.08,0.08280164476364237,0.08280164476364237,0
78,4,0.08901920169591904,0.09342579716929676,0.0,0.23759911036046416,94.4055944055944,100.0,0.30514158622923454,-0.0483154069019714,0.0,0.08,0.23759911036046416,0.23759911036046416,0
78,0,0.10328017175197601,0.09342579716929676,0.10027789124399736,0.1754698134583387,94.9238578680203,100.0,0.18200445651397051,0.10027789124399736,0.10027789124399736,0.1602223129951979,0.1754698134583387,0.1754698134583387,0
78,15,0.11392588168382645,0.09342579716929676,0.19838054896535318,0.1702024927129029,97.265625,100.0,0.140844515658883,0.19838054896535318,0.19838054896535318,0.23870443917228257,0.1702024927129029,0.1702024927129029,0
78,11,0.07662136107683182,0.09342579716929676,0.0,0.09994750298602562,97.265625,100.0,0.10849643283717944,-0.1982915814756606,0.0,0.08,0.09994750298602562,0.09994750298602562,0
78,17,0.07053036242723465,0.09342579716929676,0.0,0.11752479083748951,95.703125,100.0,0.13360684405355647,-0.28112418347624013,0.0,0.08,0.11752479083748951,0.11752479083748951,0
78,16,0.012960382737219334,0.09342579716929676,0.0,0.07999999999996453,98.828125,100.0,0.07999999999994933,-1.9752696208284488,0.0,0.08,0.07999999999996453,0.07999999999996453,0
78,19,0.043340228497982025,0.09342579716929676,0.0,0.08217642191112803,99.609375,100.0,0.08310917415875434,-0.7680861160451659,0.0,0.08,0.08217642191112803,0.08217642191112803,0
78,1,0.11233434081077576,0.09342579716929676,0.184312084214709,0.3203199636693583,86.48648648648648,100.0,0.36012151922546876,0.184312084214709,0.184312084214709,0.2274496673717672,0.3203199636693583,0.3203199636693583,0
78,6,0.0747089684009552,0.09342579716929676,0.0,0.15665261674630296,94.68085106382979,100.0,0.18950373820900424,-0.22356733739114562,0.0,0.08,0.15665261674630296,0.15665261674630296,0
78,14,0.10771434009075165,0.09342579716929676,0.14231520152074736,0.11759434207265645,96.875,100.0,0.08491241958239584,0.14231520152074736,0.14231520152074736,0.1938521612165979,0.11759434207265645,0.11759434207265645,0
78,12,0.060029737651348114,0.09342579716929676,0.0,0.10308332168096476,98.828125,100.0,0.11297617382994968,-0.4423273815453089,0.0,0.08,0.10308332168096476,0.10308332168096476,0
79,13,0.04116474837064743,0.09220178432305648,0.0,0.08196115133454965,98.125,100.0,0.08280164476364237,-0.8063970806211078,0.0,0.08,0.08196115133454965,0.08196115133454965,0
79,1,0.10213806480169296,0.09220178432305648,0.10234598084161409,0.2727870099705382,100.0,100.0,0.3203199636693583,0.10234598084161409,0.10234598084161409,0.16187678467329128,0.2727870099705382,0.2727870099705382,0
79,12,0.05952771008014679,0.09220178432305648,0.0,0.09615832517667533,96.484375,100.0,0.10308332168096476,-0.43753750381628476,0.0,0.08,0.09615832517667533,0.09615832517667533,0
79,11,0.028629815205931664,0.09220178432305648,0.0,0.09396325209021791,95.703125,100.0,0.09994750298602562,-1.1695305777628868,0.0,0.08,0.09396325209021791,0.09396325209021791,0
79,17,0.08114703744649887,0.09220178432305648,0.0,0.10626735358624265,96.484375,100.0,0.11752479083748951,-0.12771668217920723,0.0,0.08,0.10626735358624265,0.10626735358624265,0
79,5,0.34959131479263306,0.09220178432305648,0.7,0.6399999996649296,82.8125,100.0,0.639999999521328,1.3327852372294116,0.7,0.6399999999999999,0.6399999996649296,0.6399999996649296,0
79,16,0.016735384240746498,0.09220178432305648,0.0,0.07999999999997517,99.609375,100.0,0.07999999999996453,-1.7064536993343165,0.0,0.08,0.07999999999997517,0.07999999999997517,0
79,6,0.15086032450199127,0.09220178432305648,0.492374880146079,0.251826802957471,98.93617021276596,100.0,0.15665261674630296,0.492374880146079,0.492374880146079,0.4738999041168632,0.251826802957471,0.251826802957471,0
79,15,0.11928094923496246,0.09220178432305648,0.25750212072239165,0.204942253872406,96.875,100.0,0.1702024927129029,0.25750212072239165,0.25750212072239165,0.28600169657791336,0.204942253872406,0.204942253872406,0
79,7,0.07895307242870331,0.09220178432305648,0.0,0.16193152313386996,96.84210526315789,100.0,0.1970450330483857,-0.15512580884271543,0.0,0.08,0.16193152313386996,0.16193152313386996,0
79,4,0.17083732783794403,0.09220178432305648,0.6167322714946183,0.33833512241103325,96.5034965034965,100.0,0.23759911036046416,0.6167322714946183,0.6167322714946183,0.5733858171956946,0.33833512241103325,0.33833512241103325,0
79,10,0.09272926300764084,0.09220178432305648,0.005704613320611733,0.12314238913371908,96.56652360515021,100.0,0.1396761170525318,0.005704613320611733,0.005704613320611733,0.08456369065648939,0.12314238913371908,0.12314238913371908,0
79,2,0.05769718065857887,0.09220178432305648,0.0,0.16762553260696406,97.54098360655738,100.0,0.20517933229566296,-0.46877110800844557,0.0,0.08,0.16762553260696406,0.16762553260696406,0
79,0,0.07685866206884384,0.09220178432305648,0.0,0.1468288694208371,95.43147208121827,100.0,0.1754698134583387,-0.18201128386264787,0.0,0.08,0.1468288694208371,0.1468288694208371,0
79,8,0.030940568074584007,0.09220178432305648,0.0,0.07999999999997517,98.828125,99.609375,0.07999999999996453,-1.0919110628780342,0.0,0.08,0.07999999999997517,0.07999999999997517,0
79,3,0.09339234232902527,0.09220178432305648,0.012829869459125091,0.13169187196312251,97.36842105263158,100.0,0.14944671898990358,0.012829869459125091,0.012829869459125091,0.09026389556730008,0.13169187196312251,0.13169187196312251,0
79,18,0.08417019248008728,0.09220178432305648,0.0,0.13527306937458405,96.484375,100.0,0.15896152767797725,-0.09113862274837159,0.0,0.08,0.13527306937458405,0.13527306937458405,0
79,14,0.07111713290214539,0.09220178432305648,0.0,0.10631603945085952,96.875,100.0,0.11759434207265645,-0.2596511740959685,0.0,0.08,0.10631603945085952,0.10631603945085952,0
79,9,0.04617123305797577,0.09220178432305648,0.0,0.07999999999997517,99.609375,100.0,0.07999999999996453,-0.6916224319216484,0.0,0.08,0.07999999999997517,0.07999999999997517,0
79,19,0.04801443964242935,0.09220178432305648,0.0,0.08152349533778962,99.609375,100.0,0.08217642191112803,-0.652477591754238,0.0,0.08,0.08152349533778962,0.08152349533778962,0
80,17,0.11021257191896439,0.09077219261562819,0.19405796355198285,0.1449610587628457,97.265625,100.0,0.10626735358624265,0.19405796355198285,0.19405796355198285,0.23524637084158628,0.1449610587628457,0.1449610587628457,0
80,8,0.04939119145274162,0.09077219261562819,0.0,0.07999999999998261,98.828125,100.0,0.07999999999997517,-0.6085808000562356,0.0,0.08,0.07999999999998261,0.07999999999998261,0
80,12,0.07295004278421402,0.09077219261562819,0.0,0.09131082762367274,97.265625,100.0,0.09615832517667533,-0.21857810160730717,0.0,0.08,0.09131082762367274,0.09131082762367274,0
80,1,0.12734250724315643,0.09077219261562819,0.33852734214098246,0.29619746909321254,94.5945945945946,100.0,0.2727870099705382,0.33852734214098246,0.33852734214098246,0.350821873712786,0.29619746909321254,0.29619746909321254,0
80,5,0.39032572507858276,0.09077219261562819,0.7,0.6399999997654506,83.984375,100.0,0.6399999996649296,1.4586285085304578,0.7,0.6399999999999999,0.6399999997654506,0.6399999997654506,0
80,10,0.0565204881131649,0.09077219261562819,0.0,0.11019967239360334,97.42489270386267,100.0,0.12314238913371908,-0.47374972932281706,0.0,0.08,0.11019967239360334,0.11019967239360334,0
80,15,0.12456125766038895,0.09077219261562819,0.3164446044376243,0.24340628277571402,96.875,100.0,0.204942253872406,0.3164446044376243,0.3164446044376243,0.33315568355009945,0.24340628277571402,0.24340628277571402,0
80,6,0.09812601655721664,0.09077219261562819,0.07789953763458647,0.21897465110253045,100.0,100.0,0.251826802957471,0.07789953763458647,0.07789953763458647,0.14231963010766918,0.21897465110253045,0.21897465110253045,0
80,0,0.09742362797260284,0.09077219261562819,0.07071577071837289,0.14375199356699547,97.96954314720813,100.0,0.1468288694208371,0.07071577071837289,0.07071577071837289,0.13657261657469832,0.14375199356699547,0.14375199356699547,0
80,16,0.016808943822979927,0.09077219261562819,0.0,0.07999999999998261,99.609375,100.0,0.07999999999997517,-1.686441390055829,0.0,0.08,0.07999999999998261,0.07999999999998261,0
80,4,0.06671047955751419,0.09077219261562819,0.0,0.2608345856877233,95.8041958041958,100.0,0.33833512241103325,-0.3079908948557345,0.0,0.08,0.2608345856877233,0.2608345856877233,0
80,13,0.07044360041618347,0.09077219261562819,0.0,0.08137280593418475,96.875,100.0,0.08196115133454965,-0.25354056262984015,0.0,0.08,0.08137280593418475,0.08137280593418475,0
80,7,0.031965505331754684,0.09077219261562819,0.0,0.13735206619370896,96.84210526315789,100.0,0.16193152313386996,-1.043695424303624,0.0,0.08,0.13735206619370896,0.13735206619370896,0
80,18,0.0927075520157814,0.09077219261562819,0.02109694424515251,0.12375441518104544,97.265625,100.0,0.13527306937458405,0.02109694424515251,0.02109694424515251,0.09687755539612201,0.12375441518104544,0.12375441518104544,0
80,14,0.07842501252889633,0.09077219261562819,0.0,0.09842122761560165,99.21875,100.0,0.10631603945085952,-0.14621005879938967,0.0,0.08,0.09842122761560165,0.09842122761560165,0
80,2,0.11514987796545029,0.09077219261562819,0.23788155317894427,0.19842944558782144,92.62295081967213,100.0,0.16762553260696406,0.23788155317894427,0.23788155317894427,0.2703052425431554,0.19842944558782144,0.19842944558782144,0
80,19,0.08047067373991013,0.09077219261562819,0.0,0.08106644673645272,96.484375,100.0,0.08152349533778962,-0.12046015919091492,0.0,0.08,0.08106644673645272,0.08106644673645272,0
80,11,0.02964971587061882,0.09077219261562819,0.0,0.08977427646315253,98.828125,100.0,0.09396325209021791,-1.1189002202521907,0.0,0.08,0.08977427646315253,0.08977427646315253,0
80,3,0.08686628192663193,0.09077219261562819,0.0,0.11618431037418575,97.89473684210526,100.0,0.13169187196312251,-0.04398303809769559,0.0,0.08,0.11618431037418575,0.11618431037418575,0
80,9,0.041289836168289185,0.09077219261562819,0.0,0.07999999999998261,98.828125,100.0,0.07999999999997517,-0.787736485892653,0.0,0.08,0.07999999999998261,0.07999999999998261,0
81,11,0.08518970012664795,0.0896397576675057,0.0,0.08684199352420677,97.65625,100.0,0.08977427646315253,-0.05091840370965503,0.0,0.08,0.08684199352420677,0.08684199352420677,0
81,2,0.13554467260837555,0.0896397576675057,0.41350228981813486,0.26214116146782734,96.72131147540983,100.0,0.19842944558782144,0.41350228981813486,0.41350228981813486,0.4108018318545079,0.26214116146782734,0.26214116146782734,0
81,17,0.06119294837117195,0.0896397576675057,0.0,0.12547274113399198,96.484375,100.0,0.1449610587628457,-0.38176693348597435,0.0,0.08,0.12547274113399198,0.12547274113399198,0
81,6,0.09261217713356018,0.0896397576675057,0.03262168641598832,0.18511146051160848,93.61702127659575,100.0,0.21897465110253045,0.03262168641598832,0.03262168641598832,0.10609734913279066,0.18511146051160848,0.18511146051160848,0
81,3,0.14635540544986725,0.0896397576675057,0.4902389587789952,0.22298636736888888,93.6842105263158,100.0,0.11618431037418575,0.4902389587789952,0.4902389587789952,0.4721911670231962,0.22298636736888888,0.22298636736888888,0
81,12,0.07291684299707413,0.0896397576675057,0.0,0.0879175793365709,96.875,100.0,0.09131082762367274,-0.20647926513505624,0.0,0.08,0.0879175793365709,0.0879175793365709,0
81,0,0.10458240658044815,0.0896397576675057,0.15417637888497476,0.16162872642929077,99.49238578680203,100.0,0.14375199356699547,0.15417637888497476,0.15417637888497476,0.20334110310797981,0.16162872642929077,0.16162872642929077,0
81,19,0.03227373957633972,0.0896397576675057,0.0,0.0807465127155169,100.0,100.0,0.08106644673645272,-1.0215448639011675,0.0,0.08,0.0807465127155169,0.0807465127155169,0
81,15,0.04713916406035423,0.0896397576675057,0.0,0.1943843979429998,97.65625,100.0,0.24340628277571402,-0.6426946807291181,0.0,0.08,0.1943843979429998,0.1943843979429998,0
81,9,0.04472510889172554,0.0896397576675057,0.0,0.07999999999998783,97.65625,100.0,0.07999999999998261,-0.6952637694151902,0.0,0.08,0.07999999999998783,0.07999999999998783,0
81,18,0.1108269914984703,0.0896397576675057,0.21217138336889593,0.16154922263526683,97.265625,100.0,0.12375441518104544,0.21217138336889593,0.21217138336889593,0.24973710669511678,0.16154922263526683,0.16154922263526683,0
81,13,0.08114747703075409,0.0896397576675057,0.0,0.08096096415392932,95.0,100.0,0.08137280593418475,-0.09953073057418224,0.0,0.08,0.08096096415392932,0.08096096415392932,0
81,14,0.11728689074516296,0.0896397576675057,0.26882401923190924,0.1574126239465794,98.4375,100.0,0.09842122761560165,0.26882401923190924,0.26882401923190924,0.29505921538552743,0.1574126239465794,0.1574126239465794,0
81,5,0.5161883234977722,0.0896397576675057,0.7,0.6399999998358153,88.28125,100.0,0.6399999997654506,1.750672629198798,0.7,0.6399999999999999,0.6399999998358153,0.6399999998358153,0
81,4,0.09245101362466812,0.0896397576675057,0.03087997287958703,0.21399540347250717,96.5034965034965,100.0,0.2608345856877233,0.03087997287958703,0.03087997287958703,0.10470397830366962,0.21399540347250717,0.21399540347250717,0
81,7,0.024182673543691635,0.0896397576675057,0.0,0.12014644633559626,96.84210526315789,98.94736842105263,0.13735206619370896,-1.3101622361054293,0.0,0.08,0.12014644633559626,0.12014644633559626,0
81,16,0.011009536683559418,0.0896397576675057,0.0,0.07999999999998783,99.21875,100.0,0.07999999999998261,-2.0970362803582656,0.0,0.08,0.07999999999998783,0.07999999999998783,0
81,1,0.0971488356590271,0.0896397576675057,0.08044523661490668,0.25064508515282635,94.5945945945946,100.0,0.29619746909321254,0.08044523661490668,0.08044523661490668,0.14435618929192534,0.25064508515282635,0.25064508515282635,0
81,8,0.03522474318742752,0.0896397576675057,0.0,0.07999999999998783,99.21875,100.0,0.07999999999998261,-0.9340500060740818,0.0,0.08,0.07999999999998783,0.07999999999998783,0
81,10,0.031473834067583084,0.0896397576675057,0.0,0.10113977067552232,96.56652360515021,100.0,0.11019967239360334,-1.0466422032481921,0.0,0.08,0.10113977067552232,0.10113977067552232,0
82,8,0.03569254279136658,0.08899264075862524,0.0,0.07999999999999148,99.21875,100.0,0.07999999999998783,-0.9136117288361559,0.0,0.08,0.07999999999999148,0.07999999999999148,0
82,13,0.07513292133808136,0.08899264075862524,0.0,0.08067267490775051,95.0,100.0,0.08096096415392932,-0.1692948280783654,0.0,0.08,0.08067267490775051,0.08067267490775051,0
82,5,0.40460190176963806,0.08899264075862524,0.7,0.6399999998850707,87.890625,100.0,0.6399999998358153,1.5143498592313012,0.7,0.6399999999999999,0.6399999998850707,0.6399999998850707,0
82,14,0.09067026525735855,0.08899264075862524,0.018675786891703093,0.13867102561661432,98.4375,100.0,0.1574126239465794,0.018675786891703093,0.018675786891703093,0.09494062951336248,0.13867102561661432,0.13867102561661432,0
82,18,0.08369947224855423,0.08899264075862524,0.0,0.1370844558446868,98.046875,100.0,0.16154922263526683,-0.061320998900324004,0.0,0.08,0.1370844558446868,0.1370844558446868,0
82,9,0.061567775905132294,0.08899264075862524,0.0,0.07999999999999148,99.21875,100.0,0.07999999999998783,-0.3684150129120576,0.0,0.08,0.07999999999999148,0.07999999999999148,0
82,4,0.06736396253108978,0.08899264075862524,0.0,0.173796782430755,96.5034965034965,100.0,0.21399540347250717,-0.27844344775146257,0.0,0.08,0.173796782430755,0.173796782430755,0
82,17,0.05776359140872955,0.08899264075862524,0.0,0.11183091879379439,98.046875,100.0,0.12547274113399198,-0.4321949466768114,0.0,0.08,0.11183091879379439,0.11183091879379439,0
82,15,0.0554678738117218,0.08899264075862524,0.0,0.16006907856009986,97.65625,100.0,0.1943843979429998,-0.47274960737760685,0.0,0.08,0.16006907856009986,0.16006907856009986,0
82,16,0.022175796329975128,0.08899264075862524,0.0,0.07999999999999148,100.0,100.0,0.07999999999998783,-1.3895519009238515,0.0,0.08,0.07999999999999148,0.07999999999999148,0
82,19,0.045059315860271454,0.08899264075862524,0.0,0.08052255890086182,99.21875,100.0,0.0807465127155169,-0.6805738166195523,0.0,0.08,0.08052255890086182,0.08052255890086182,0
82,11,0.08236762136220932,0.08899264075862524,0.0,0.08478939546694474,98.4375,100.0,0.08684199352420677,-0.0773612541107981,0.0,0.08,0.08478939546694474,0.08478939546694474,0
82,12,0.10219322144985199,0.08899264075862524,0.13831165652458077,0.11873710310149901,98.4375,100.0,0.0879175793365709,0.13831165652458077,0.13831165652458077,0.19064932521966463,0.11873710310149901,0.11873710310149901,0
82,6,0.02218516543507576,0.08899264075862524,0.0,0.15357802235812593,100.0,100.0,0.18511146051160848,-1.3891294979531708,0.0,0.08,0.15357802235812593,0.15357802235812593,0
82,2,0.17286020517349243,0.08899264075862524,0.6639294725316791,0.3668418864350821,95.90163934426229,100.0,0.26214116146782734,0.6639294725316791,0.6639294725316791,0.6111435780253432,0.3668418864350821,0.3668418864350821,0
82,0,0.09862688928842545,0.08899264075862524,0.10279024608113771,0.16180976755997659,94.9238578680203,100.0,0.16162872642929077,0.10279024608113771,0.10279024608113771,0.1622321968649102,0.16180976755997659,0.16180976755997659,0
82,1,0.24558119475841522,0.08899264075862524,0.7,0.3674515596069784,94.5945945945946,100.0,0.25064508515282635,1.0150738749111747,0.7,0.6399999999999999,0.3674515596069784,0.3674515596069784,0
82,3,0.10485612601041794,0.08899264075862524,0.16403548685582767,0.21945897400362085,97.89473684210526,100.0,0.22298636736888888,0.16403548685582767,0.16403548685582767,0.21122838948466216,0.21945897400362085,0.21945897400362085,0
82,7,0.01701401360332966,0.08899264075862524,0.0,0.10810251243491739,98.94736842105263,100.0,0.12014644633559626,-1.6545158687353776,0.0,0.08,0.10810251243491739,0.10810251243491739,0
82,10,0.04268480837345123,0.08899264075862524,0.0,0.09479783947286563,97.85407725321889,100.0,0.10113977067552232,-0.7347104751674719,0.0,0.08,0.09479783947286563,0.09479783947286563,0
83,18,0.06714160740375519,0.08721822087622128,0.0,0.11995911909128074,97.65625,100.0,0.1370844558446868,-0.26160929746541567,0.0,0.08,0.11995911909128074,0.11995911909128074,0
83,14,0.12174351513385773,0.08721822087622128,0.3335032001520619,0.2011104859681249,97.265625,100.0,0.13867102561661432,0.3335032001520619,0.3335032001520619,0.34680256012164956,0.2011104859681249,0.2011104859681249,0
83,4,0.1675957590341568,0.08721822087622128,0.6531415645587143,0.30241172319561993,93.00699300699301,100.0,0.173796782430755,0.6531415645587143,0.6531415645587143,0.6025132516469714,0.30241172319561993,0.30241172319561993,0
83,6,0.049216240644454956,0.08721822087622128,0.0,0.13150461565068813,95.74468085106383,100.0,0.15357802235812593,-0.5721895121308251,0.0,0.08,0.13150461565068813,0.13150461565068813,0
83,3,0.09148020297288895,0.08721822087622128,0.047709318488946995,0.18907151823988189,96.84210526315789,100.0,0.21945897400362085,0.047709318488946995,0.047709318488946995,0.1181674547911576,0.18907151823988189,0.18907151823988189,0
83,0,0.10747063159942627,0.08721822087622128,0.20880433012370256,0.1873798765216722,97.46192893401015,100.0,0.16180976755997659,0.20880433012370256,0.20880433012370256,0.24704346409896205,0.1873798765216722,0.1873798765216722,0
83,2,0.1195080354809761,0.08721822087622128,0.3149703165615449,0.35638219647932823,96.72131147540983,100.0,0.3668418864350821,0.3149703165615449,0.3149703165615449,0.33197625324923596,0.35638219647932823,0.35638219647932823,0
83,17,0.051758233457803726,0.08721822087622128,0.0,0.10228164315565608,96.484375,100.0,0.11183091879379439,-0.5218296654141898,0.0,0.08,0.10228164315565608,0.10228164315565608,0
83,15,0.07651858031749725,0.08721822087622128,0.0,0.13604835499206988,96.875,100.0,0.16006907856009986,-0.13087965674793572,0.0,0.08,0.13604835499206988,0.13604835499206988,0
83,11,0.09117438644170761,0.08721822087622128,0.04436073815011817,0.09399915398288967,98.828125,100.0,0.08478939546694474,0.04436073815011817,0.04436073815011817,0.11548859052009454,0.09399915398288967,0.09399915398288967,0
83,9,0.03411383554339409,0.08721822087622128,0.0,0.07999999999999403,98.4375,100.0,0.07999999999999148,-0.9387100491962904,0.0,0.08,0.07999999999999403,0.07999999999999403,0
83,10,0.1140277087688446,0.08721822087622128,0.2680281871898089,0.15468525255656007,99.14163090128756,100.0,0.09479783947286563,0.2680281871898089,0.2680281871898089,0.2944225497518472,0.15468525255656007,0.15468525255656007,0
83,1,0.12812571227550507,0.08721822087622128,0.3845986084046675,0.3735197577420051,91.89189189189189,100.0,0.3674515596069784,0.3845986084046675,0.3845986084046675,0.387678886723734,0.3735197577420051,0.3735197577420051,0
83,12,0.0818915069103241,0.08721822087622128,0.0,0.10711597217104932,98.828125,100.0,0.11873710310149901,-0.0630179718784847,0.0,0.08,0.10711597217104932,0.10711597217104932,0
83,5,0.3719949424266815,0.08721822087622128,0.7,0.6399999999195495,83.203125,100.0,0.6399999998850707,1.45046690669126,0.7,0.6399999999999999,0.6399999999195495,0.6399999999195495,0
83,19,0.07498592883348465,0.08721822087622128,0.0,0.08036579123060328,98.4375,100.0,0.08052255890086182,-0.15111276500523302,0.0,0.08,0.08036579123060328,0.08036579123060328,0
83,7,0.06114679574966431,0.08721822087622128,0.0,0.09967175870444217,98.94736842105263,100.0,0.10810251243491739,-0.3551357542851923,0.0,0.08,0.09967175870444217,0.09967175870444217,0
83,13,0.05724404379725456,0.08721822087622128,0.0,0.08047087243542536,98.125,100.0,0.08067267490775051,-0.4210896055076334,0.0,0.08,0.08047087243542536,0.08047087243542536,0
83,8,0.06049752235412598,0.08721822087622128,0.0,0.07999999999999403,98.828125,100.0,0.07999999999999148,-0.36581080207449646,0.0,0.08,0.07999999999999403,0.07999999999999403,0
83,16,0.017246752977371216,0.08721822087622128,0.0,0.07999999999999403,99.21875,100.0,0.07999999999999148,-1.6207889063618264,0.0,0.08,0.07999999999999403,0.07999999999999403,0
84,19,0.04017626866698265,0.08641690314999022,0.0,0.08025605386142229,98.046875,100.0,0.08036579123060328,-0.765906672156842,0.0,0.08,0.08025605386142229,0.08025605386142229,0
84,18,0.1108805239200592,0.08641690314999022,0.2492699400228503,0.16779616896938057,98.4375,100.0,0.11995911909128074,0.2492699400228503,0.2492699400228503,0.27941595201828023,0.16779616896938057,0.16779616896938057,0
84,3,0.11039159446954727,0.08641690314999022,0.2448506737763248,0.21511422447423525,96.3157894736842,100.0,0.18907151823988189,0.2448506737763248,0.2448506737763248,0.27588053902105986,0.21511422447423525,0.21511422447423525,0
84,11,0.04824334383010864,0.08641690314999022,0.0,0.08979940778802276,98.046875,100.0,0.09399915398288967,-0.5829253368598489,0.0,0.08,0.08979940778802276,0.08979940778802276,0
84,4,0.15308037400245667,0.08641690314999022,0.5717797583591966,0.3729153482431411,97.2027972027972,100.0,0.30241172319561993,0.5717797583591966,0.5717797583591966,0.5374238066873572,0.3729153482431411,0.3729153482431411,0
84,13,0.059146784245967865,0.08641690314999022,0.0,0.08032961070479774,97.5,100.0,0.08047087243542536,-0.3791610187728717,0.0,0.08,0.08032961070479774,0.08032961070479774,0
84,5,0.4401584565639496,0.08641690314999022,0.7,0.6399999999436846,85.9375,100.0,0.6399999999195495,1.6279514026516064,0.7,0.6399999999999999,0.6399999999436846,0.6399999999436846,0
84,0,0.07483432441949844,0.08641690314999022,0.0,0.15516591356517054,95.43147208121827,100.0,0.1873798765216722,-0.14390661473536864,0.0,0.08,0.15516591356517054,0.15516591356517054,0
84,15,0.09594408422708511,0.08641690314999022,0.10458225933047038,0.14433359073376179,96.484375,100.0,0.13604835499206988,0.10458225933047038,0.10458225933047038,0.1636658074643763,0.14433359073376179,0.14433359073376179,0
84,7,0.07388108223676682,0.08641690314999022,0.0,0.0937702310931095,95.78947368421052,100.0,0.09967175870444217,-0.15672647155149125,0.0,0.08,0.0937702310931095,0.0937702310931095,0
84,9,0.04536147788167,0.08641690314999022,0.0,0.07999999999999582,98.4375,100.0,0.07999999999999403,-0.6445199501978452,0.0,0.08,0.07999999999999582,0.07999999999999582,0
84,1,0.21124610304832458,0.08641690314999022,0.7,0.4534638304194035,97.29729729729729,100.0,0.3735197577420051,0.8938404555932623,0.7,0.6399999999999999,0.4534638304194035,0.4534638304194035,0
84,10,0.072235606610775,0.08641690314999022,0.0,0.13227967678959204,99.14163090128756,100.0,0.15468525255656007,-0.1792501815811798,0.0,0.08,0.13227967678959204,0.13227967678959204,0
84,8,0.05466314032673836,0.08641690314999022,0.0,0.07999999999999582,98.828125,99.609375,0.07999999999999403,-0.4579935969076129,0.0,0.08,0.07999999999999582,0.07999999999999582,0
84,16,0.015484005212783813,0.08641690314999022,0.0,0.07999999999999582,100.0,100.0,0.07999999999999403,-1.719375195504479,0.0,0.08,0.07999999999999582,0.07999999999999582,0
84,14,0.14533965289592743,0.08641690314999022,0.5198900950652616,0.2895509629933502,95.703125,100.0,0.2011104859681249,0.5198900950652616,0.5198900950652616,0.4959120760522093,0.2895509629933502,0.2895509629933502,0
84,12,0.13299407064914703,0.08641690314999022,0.4311212101304255,0.20245027095103663,96.484375,100.0,0.10711597217104932,0.4311212101304255,0.4311212101304255,0.4248969681043404,0.20245027095103663,0.20245027095103663,0
84,6,0.02371612936258316,0.08641690314999022,0.0,0.1160532309554817,98.93617021276596,100.0,0.13150461565068813,-1.2930276085650017,0.0,0.08,0.1160532309554817,0.1160532309554817,0
84,2,0.07149588316679001,0.08641690314999022,0.0,0.27346753753552977,94.26229508196721,100.0,0.35638219647932823,-0.18954340087988783,0.0,0.08,0.27346753753552977,0.27346753753552977,0
84,17,0.1072683185338974,0.08641690314999022,0.21615002792462368,0.14747315691086893,97.65625,100.0,0.10228164315565608,0.21615002792462368,0.21615002792462368,0.25292002233969896,0.14747315691086893,0.14747315691086893,0
85,0,0.11740394681692123,0.08521098316780445,0.3204901572446517,0.20953377723433578,96.95431472081218,100.0,0.15516591356517054,0.3204901572446517,0.3204901572446517,0.33639212579572136,0.20953377723433578,0.20953377723433578,0
85,6,0.08328516781330109,0.08521098316780445,0.0,0.10523726166883718,98.93617021276596,100.0,0.1160532309554817,-0.022859857378328838,0.0,0.08,0.10523726166883718,0.10523726166883718,0
85,1,0.07227413356304169,0.08521098316780445,0.0,0.34142468129358244,100.0,100.0,0.4534638304194035,-0.16466401516932044,0.0,0.08,0.34142468129358244,0.34142468129358244,0
85,18,0.11635281890630722,0.08521098316780445,0.31149674991254017,0.21621653825757603,98.046875,100.0,0.16779616896938057,0.31149674991254017,0.31149674991254017,0.32919739993003216,0.21621653825757603,0.21621653825757603,0
85,9,0.0347728468477726,0.08521098316780445,0.0,0.07999999999999707,98.4375,100.0,0.07999999999999582,-0.8962933465005827,0.0,0.08,0.07999999999999707,0.07999999999999707,0
85,14,0.055718716233968735,0.08521098316780445,0.0,0.22668567409534512,97.65625,100.0,0.2895509629933502,-0.424814164775324,0.0,0.08,0.22668567409534512,0.22668567409534512,0
85,10,0.05323832482099533,0.08521098316780445,0.0,0.11659577375271443,100.0,100.0,0.13227967678959204,-0.47035173710606115,0.0,0.08,0.11659577375271443,0.11659577375271443,0
85,16,0.014770799316465855,0.08521098316780445,0.0,0.07999999999999707,99.609375,100.0,0.07999999999999582,-1.7524775636457581,0.0,0.08,0.07999999999999707,0.07999999999999707,0
85,19,0.03633125498890877,0.08521098316780445,0.0,0.08017923770299559,100.0,100.0,0.08025605386142229,-0.8524517882731645,0.0,0.08,0.08017923770299559,0.08017923770299559,0
85,7,0.09263637661933899,0.08521098316780445,0.08355155522014149,0.1096915350180106,96.84210526315789,100.0,0.0937702310931095,0.08355155522014149,0.08355155522014149,0.1468412441761132,0.1096915350180106,0.1096915350180106,0
85,12,0.07067667692899704,0.08521098316780445,0.0,0.16571518966572563,98.828125,100.0,0.20245027095103663,-0.18701468118620349,0.0,0.08,0.16571518966572563,0.16571518966572563,0
85,4,0.1283244490623474,0.08521098316780445,0.4094314397621325,0.38330428931311056,93.00699300699301,100.0,0.3729153482431411,0.4094314397621325,0.4094314397621325,0.407545151809706,0.38330428931311056,0.38330428931311056,0
85,2,0.1826835572719574,0.08521098316780445,0.7,0.38342727627487083,98.36065573770492,100.0,0.27346753753552977,0.7626250622588282,0.7,0.6399999999999999,0.38342727627487083,0.38342727627487083,0
85,15,0.10476287454366684,0.08521098316780445,0.20656910073849202,0.17461009769087132,95.3125,100.0,0.14433359073376179,0.20656910073849202,0.20656910073849202,0.24525528059079366,0.17461009769087132,0.17461009769087132,0
85,5,0.32368943095207214,0.08521098316780445,0.7,0.6399999999605792,88.671875,100.0,0.6399999999436846,1.3346540872394568,0.7,0.6399999999999999,0.6399999999605792,0.6399999999605792,0
85,11,0.026745757088065147,0.08521098316780445,0.0,0.08685958545161593,98.4375,100.0,0.08979940778802276,-1.158754232180738,0.0,0.08,0.08685958545161593,0.08685958545161593,0
85,3,0.09955433011054993,0.08521098316780445,0.1555731735501574,0.21191751878400245,95.78947368421052,100.0,0.21511422447423525,0.1555731735501574,0.1555731735501574,0.20445853884012594,0.21191751878400245,0.21191751878400245,0
85,8,0.08637075871229172,0.08521098316780445,0.013518840172916047,0.08324452164149693,100.0,100.0,0.07999999999999582,0.013518840172916047,0.013518840172916047,0.09081507213833284,0.08324452164149693,0.08324452164149693,0
85,13,0.06651509553194046,0.08521098316780445,0.0,0.08023072749335841,94.375,100.0,0.08032961070479774,-0.24770138057982632,0.0,0.08,0.08023072749335841,0.08023072749335841,0
85,17,0.09224528819322586,0.08521098316780445,0.07932086022357387,0.14626821629126596,97.265625,100.0,0.14747315691086893,0.07932086022357387,0.07932086022357387,0.1434566881788591,0.14626821629126596,0.14626821629126596,0
86,5,0.36842069029808044,0.08517268117730366,0.7,0.6399999999724054,86.328125,100.0,0.6399999999605792,1.464544636168952,0.7,0.6399999999999999,0.6399999999724054,0.6399999999724054,0
86,1,0.12332350760698318,0.08517268117730366,0.3701302704647239,0.35182854181704143,97.29729729729729,100.0,0.34142468129358244,0.3701302704647239,0.3701302704647239,0.37610421637177915,0.35182854181704143,0.35182854181704143,0
86,13,0.07243306189775467,0.08517268117730366,0.0,0.08016150924535088,98.75,100.0,0.08023072749335841,-0.16201786710696123,0.0,0.08,0.08016150924535088,0.08016150924535088,0
86,17,0.10752648860216141,0.08517268117730366,0.23305645944886136,0.1823213016716129,97.65625,100.0,0.14626821629126596,0.23305645944886136,0.23305645944886136,0.2664451675590891,0.1823213016716129,0.1823213016716129,0
86,2,0.16062894463539124,0.08517268117730366,0.6344162192767462,0.4446589860188287,96.72131147540983,100.0,0.38342727627487083,0.6344162192767462,0.6344162192767462,0.5875329754213969,0.4446589860188287,0.4446589860188287,0
86,19,0.06527968496084213,0.08517268117730366,0.0,0.08012546639209692,100.0,100.0,0.08017923770299559,-0.2659998185041023,0.0,0.08,0.08012546639209692,0.08012546639209692,0
86,14,0.0893445760011673,0.08517268117730366,0.04781979024192713,0.1941567215248041,97.265625,100.0,0.22668567409534512,0.04781979024192713,0.04781979024192713,0.11825583219354172,0.1941567215248041,0.1941567215248041,0
86,9,0.04327484592795372,0.08517268117730366,0.0,0.07999999999999795,99.21875,100.0,0.07999999999999707,-0.6771090845322612,0.0,0.08,0.07999999999999795,0.07999999999999795,0
86,16,0.012078522704541683,0.08517268117730366,0.0,0.07999999999999795,99.609375,100.0,0.07999999999999707,-1.953251136094424,0.0,0.08,0.07999999999999795,0.07999999999999795,0
86,10,0.050856396555900574,0.08517268117730366,0.0,0.10561704162690011,97.85407725321889,100.0,0.11659577375271443,-0.5156747525093224,0.0,0.08,0.10561704162690011,0.10561704162690011,0
86,18,0.10461989045143127,0.08517268117730366,0.20565293004897128,0.2247082799920563,95.703125,100.0,0.21621653825757603,0.20565293004897128,0.20565293004897128,0.24452234403917705,0.2247082799920563,0.2247082799920563,0
86,0,0.10922253131866455,0.08517268117730366,0.24870660797292046,0.23036322997753594,96.44670050761421,100.0,0.20953377723433578,0.24870660797292046,0.24870660797292046,0.2789652863783364,0.23036322997753594,0.23036322997753594,0
86,11,0.04959167540073395,0.08517268117730366,0.0,0.08480170981613114,96.875,100.0,0.08685958545161593,-0.540857669738646,0.0,0.08,0.08480170981613114,0.08480170981613114,0
86,3,0.12326795607805252,0.08517268117730366,0.3696797153276182,0.2610653948274301,96.84210526315789,100.0,0.21191751878400245,0.3696797153276182,0.3696797153276182,0.37574377226209454,0.2610653948274301,0.2610653948274301,0
86,4,0.08825725317001343,0.08517268117730366,0.03557513826872993,0.30085103570367255,98.6013986013986,100.0,0.38330428931311056,0.03557513826872993,0.03557513826872993,0.10846011061498395,0.30085103570367255,0.30085103570367255,0
86,6,0.04333140328526497,0.08517268117730366,0.0,0.09766608316818601,95.74468085106383,100.0,0.10523726166883718,-0.6758030043635879,0.0,0.08,0.09766608316818601,0.09766608316818601,0
86,7,0.08333812654018402,0.08517268117730366,0.0,0.1007840745126074,98.94736842105263,100.0,0.1096915350180106,-0.021774590352507527,0.0,0.08,0.1007840745126074,0.1007840745126074,0
86,12,0.08639251440763474,0.08517268117730366,0.01422029263907196,0.1434135029993852,95.3125,100.0,0.16571518966572563,0.01422029263907196,0.01422029263907196,0.09137623411125757,0.1434135029993852,0.1434135029993852,0
86,15,0.10775451362133026,0.08517268117730366,0.23517485429934495,0.20266903341545273,98.046875,100.0,0.17461009769087132,0.23517485429934495,0.23517485429934495,0.268139883439476,0.20266903341545273,0.20266903341545273,0
86,8,0.042257294058799744,0.08517268117730366,0.0,0.08227116514904784,98.046875,100.0,0.08324452164149693,-0.7009036403748105,0.0,0.08,0.08227116514904784,0.08227116514904784,0
87,10,0.06652623414993286,0.0853879014384557,0.0,0.09793192913883006,99.14163090128756,100.0,0.10561704162690011,-0.24960801985255646,0.0,0.08,0.09793192913883006,0.09793192913883006,0
87,3,0.0951680913567543,0.0853879014384557,0.1084402773347524,0.2327714429395416,96.84210526315789,100.0,0.2610653948274301,0.1084402773347524,0.1084402773347524,0.16675222186780192,0.2327714429395416,0.2327714429395416,0
87,17,0.12130099534988403,0.0853879014384557,0.35107056551115634,0.23588184689280656,98.046875,100.0,0.1823213016716129,0.35107056551115634,0.35107056551115634,0.3608564524089251,0.23588184689280656,0.23588184689280656,0
87,9,0.016660265624523163,0.0853879014384557,0.0,0.07999999999999856,98.828125,100.0,0.07999999999999795,-1.6341773578412824,0.0,0.08,0.07999999999999856,0.07999999999999856,0
87,12,0.06184113025665283,0.0853879014384557,0.0,0.12438945209956964,98.4375,100.0,0.1434135029993852,-0.32263569560259014,0.0,0.08,0.12438945209956964,0.12438945209956964,0
87,18,0.06878842413425446,0.0853879014384557,0.0,0.1812957959944394,98.828125,100.0,0.2247082799920563,-0.21616891623841783,0.0,0.08,0.1812957959944394,0.1812957959944394,0
87,4,0.1135651245713234,0.0853879014384557,0.2851720066623333,0.30303700659153077,97.2027972027972,100.0,0.30085103570367255,0.2851720066623333,0.2851720066623333,0.3081376053298666,0.30303700659153077,0.30303700659153077,0
87,6,0.07932168245315552,0.0853879014384557,0.0,0.0923662582177302,95.74468085106383,100.0,0.09766608316818601,-0.07369289807899629,0.0,0.08,0.0923662582177302,0.0923662582177302,0
87,19,0.09915149211883545,0.0853879014384557,0.1494444662819333,0.11595449838213184,98.828125,100.0,0.08012546639209692,0.1494444662819333,0.1494444662819333,0.19955557302554666,0.11595449838213184,0.11595449838213184,0
87,0,0.09237482398748398,0.0853879014384557,0.07865004357610293,0.20413027144253984,96.95431472081218,100.0,0.23036322997753594,0.07865004357610293,0.07865004357610293,0.14292003486088234,0.20413027144253984,0.20413027144253984,0
87,5,0.37306666374206543,0.0853879014384557,0.7,0.6399999999806837,92.578125,100.0,0.6399999999724054,1.4745526151165167,0.7,0.6399999999999999,0.6399999999806837,0.6399999999806837,0
87,8,0.07090166956186295,0.0853879014384557,0.0,0.08158981560433348,98.4375,100.0,0.08227116514904784,-0.18591041610874554,0.0,0.08,0.08158981560433348,0.08158981560433348,0
87,15,0.06945699453353882,0.0853879014384557,0.0,0.1658683233908169,96.09375,100.0,0.20266903341545273,-0.2064966172031648,0.0,0.08,0.1658683233908169,0.1658683233908169,0
87,14,0.09112769365310669,0.0853879014384557,0.06505732107512432,0.1755234621253927,98.046875,100.0,0.1941567215248041,0.06505732107512432,0.06505732107512432,0.13204585686009945,0.1755234621253927,0.1755234621253927,0
87,16,0.011069923639297485,0.0853879014384557,0.0,0.07999999999999856,99.609375,100.0,0.07999999999999795,-2.042971786472982,0.0,0.08,0.07999999999999856,0.07999999999999856,0
87,1,0.18237274885177612,0.0853879014384557,0.7,0.43827997927192897,94.5945945945946,100.0,0.35182854181704143,0.7588481795541455,0.7,0.6399999999999999,0.43827997927192897,0.43827997927192897,0
87,13,0.05238303542137146,0.0853879014384557,0.0,0.08011305647174562,99.375,100.0,0.08016150924535088,-0.4886215602230507,0.0,0.08,0.08011305647174562,0.08011305647174562,0
87,7,0.09039977937936783,0.0853879014384557,0.05703739898901446,0.10823782791618863,100.0,100.0,0.1007840745126074,0.05703739898901446,0.05703739898901446,0.12562991919121158,0.10823782791618863,0.10823782791618863,0
87,11,0.06494762748479843,0.0853879014384557,0.0,0.08336119687129179,98.046875,100.0,0.08480170981613114,-0.2736231704451068,0.0,0.08,0.08336119687129179,0.08336119687129179,0
87,2,0.06742700189352036,0.0853879014384557,0.0,0.3352612902131801,96.72131147540983,100.0,0.4446589860188287,-0.23615883096717416,0.0,0.08,0.3352612902131801,0.3352612902131801,0
88,16,0.024398449808359146,0.08436027889536106,0.0,0.07999999999999899,99.21875,100.0,0.07999999999999856,-1.2405767724599308,0.0,0.08,0.07999999999999899,0.07999999999999899,0
88,6,0.05296435207128525,0.08436027889536106,0.0,0.08865638075241114,98.93617021276596,100.0,0.0923662582177302,-0.4654775065272707,0.0,0.08,0.08865638075241114,0.08865638075241114,0
88,3,0.09922044724225998,0.08436027889536106,0.16224743507161382,0.22587939447486644,95.78947368421052,100.0,0.2327714429395416,0.16224743507161382,0.16224743507161382,0.20979794805729107,0.22587939447486644,0.22587939447486644,0
88,17,0.055628374218940735,0.08436027889536106,0.0,0.18911729282496456,96.484375,100.0,0.23588184689280656,-0.4164032016317369,0.0,0.08,0.18911729282496456,0.18911729282496456,0
88,7,0.08843382447957993,0.08436027889536106,0.047157859239320817,0.11108436575876904,96.84210526315789,100.0,0.10823782791618863,0.047157859239320817,0.047157859239320817,0.11772628739145666,0.11108436575876904,0.11108436575876904,0
88,5,0.33881324529647827,0.08436027889536106,0.7,0.6399999999864785,90.625,100.0,0.6399999999806837,1.390352306105733,0.7,0.6399999999999999,0.6399999999864785,0.6399999999864785,0
88,1,0.08831454813480377,0.08436027889536106,0.045808185150428435,0.34178994992645306,100.0,100.0,0.43827997927192897,0.045808185150428435,0.045808185150428435,0.11664654812034275,0.34178994992645306,0.34178994992645306,0
88,19,0.026839355006814003,0.08436027889536106,0.0,0.10516814886749229,98.828125,100.0,0.11595449838213184,-1.1452271267993803,0.0,0.08,0.10516814886749229,0.10516814886749229,0
88,11,0.058688756078481674,0.08436027889536106,0.0,0.08235283780990424,97.265625,100.0,0.08336119687129179,-0.3628484502004915,0.0,0.08,0.08235283780990424,0.08235283780990424,0
88,13,0.07981450855731964,0.08436027889536106,0.0,0.08007913953022193,96.875,100.0,0.08011305647174562,-0.05539135544275369,0.0,0.08,0.08007913953022193,0.08007913953022193,0
88,8,0.029950454831123352,0.08436027889536106,0.0,0.08111287092303343,98.4375,100.0,0.08158981560433348,-1.0355519354796774,0.0,0.08,0.08111287092303343,0.08111287092303343,0
88,0,0.11590562760829926,0.08436027889536106,0.31767961100849007,0.2431342966518155,97.96954314720813,100.0,0.20413027144253984,0.31767961100849007,0.31767961100849007,0.33414368880679207,0.2431342966518155,0.2431342966518155,0
88,4,0.08323956280946732,0.08436027889536106,0.0,0.2361259046140715,96.5034965034965,100.0,0.30303700659153077,-0.01337391068054546,0.0,0.08,0.2361259046140715,0.2361259046140715,0
88,10,0.04804079234600067,0.08436027889536106,0.0,0.09255235039718104,97.42489270386267,100.0,0.09793192913883006,-0.5630460814625663,0.0,0.08,0.09255235039718104,0.09255235039718104,0
88,2,0.054290805011987686,0.08436027889536106,0.0,0.25868290314922604,97.54098360655738,100.0,0.3352612902131801,-0.44074172016031427,0.0,0.08,0.25868290314922604,0.25868290314922604,0
88,14,0.06003747135400772,0.08436027889536106,0.0,0.14686642348777487,97.65625,100.0,0.1755234621253927,-0.34012772374007516,0.0,0.08,0.14686642348777487,0.14686642348777487,0
88,18,0.06454640626907349,0.08436027889536106,0.0,0.15090705719610756,98.046875,100.0,0.1812957959944394,-0.2677121830891601,0.0,0.08,0.15090705719610756,0.15090705719610756,0
88,9,0.03372940793633461,0.08436027889536106,0.0,0.07999999999999899,98.828125,100.0,0.07999999999999856,-0.916726387790811,0.0,0.08,0.07999999999999899,0.07999999999999899,0
88,12,0.06707268953323364,0.08436027889536106,0.0,0.11107261646969874,98.046875,100.0,0.12438945209956964,-0.22931968136778716,0.0,0.08,0.11107261646969874,0.11107261646969874,0
88,15,0.13171836733818054,0.08436027889536106,0.44556935824990984,0.24704447235355018,97.65625,100.0,0.1658683233908169,0.44556935824990984,0.44556935824990984,0.4364554865999279,0.24704447235355018,0.24704447235355018,0
89,2,0.17588400840759277,0.08215344488697901,0.7,0.37307803220445823,98.36065573770492,100.0,0.25868290314922604,0.7612358920551492,0.7,0.6399999999999999,0.37307803220445823,0.37307803220445823,0
89,9,0.025884287431836128,0.08215344488697901,0.0,0.0799999999999993,99.609375,100.0,0.07999999999999899,-1.154952391353249,0.0,0.08,0.0799999999999993,0.0799999999999993,0
89,4,0.08404618501663208,0.08215344488697901,0.02277768891996655,0.19475477857064202,95.1048951048951,100.0,0.2361259046140715,0.02277768891996655,0.02277768891996655,0.09822215113597324,0.19475477857064202,0.19475477857064202,0
89,1,0.12309388816356659,0.08215344488697901,0.4043585643992866,0.3602990204043459,91.89189189189189,100.0,0.34178994992645306,0.4043585643992866,0.4043585643992866,0.4034868515194293,0.3602990204043459,0.3602990204043459,0
89,10,0.03971846029162407,0.08215344488697901,0.0,0.08878664527802674,98.71244635193133,100.0,0.09255235039718104,-0.7267725732956956,0.0,0.08,0.08878664527802674,0.08878664527802674,0
89,11,0.04647437483072281,0.08215344488697901,0.0,0.08164698646693297,98.046875,100.0,0.08235283780990424,-0.5696876024789329,0.0,0.08,0.08164698646693297,0.08164698646693297,0
89,18,0.08531012386083603,0.08215344488697901,0.037704350594514796,0.13868398417995884,96.875,100.0,0.15090705719610756,0.037704350594514796,0.037704350594514796,0.11016348047561184,0.13868398417995884,0.13868398417995884,0
89,3,0.06136547029018402,0.08215344488697901,0.0,0.18211557613240648,95.78947368421052,100.0,0.22587939447486644,-0.29174143263952224,0.0,0.08,0.18211557613240648,0.18211557613240648,0
89,16,0.019646815955638885,0.08215344488697901,0.0,0.0799999999999993,100.0,100.0,0.07999999999999899,-1.4306731031426434,0.0,0.08,0.0799999999999993,0.0799999999999993,0
89,7,0.04800547659397125,0.08215344488697901,0.0,0.10175905603113833,96.84210526315789,100.0,0.11108436575876904,-0.5372735910188338,0.0,0.08,0.10175905603113833,0.10175905603113833,0
89,19,0.05881180614233017,0.08215344488697901,0.0,0.09761770420724461,98.4375,100.0,0.10516814886749229,-0.3342461099181801,0.0,0.08,0.09761770420724461,0.09761770420724461,0
89,13,0.09336861968040466,0.08215344488697901,0.12796651872255163,0.11076736216456774,99.375,100.0,0.08007913953022193,0.12796651872255163,0.12796651872255163,0.18237321497804132,0.11076736216456774,0.11076736216456774,0
89,15,0.08634010702371597,0.08215344488697901,0.049705446073224455,0.20886043770505897,97.265625,100.0,0.24704447235355018,0.049705446073224455,0.049705446073224455,0.11976435685857957,0.20886043770505897,0.20886043770505897,0
89,0,0.09444627165794373,0.08215344488697901,0.1394423253721711,0.2276601657455919,98.4771573604061,100.0,0.2431342966518155,0.1394423253721711,0.1394423253721711,0.1915538602977369,0.2276601657455919,0.2276601657455919,0
89,6,0.06803333759307861,0.08215344488697901,0.0,0.08605946652668779,95.74468085106383,100.0,0.08865638075241114,-0.1885909086885243,0.0,0.08,0.08605946652668779,0.08605946652668779,0
89,17,0.10107830166816711,0.08215344488697901,0.2073066800181943,0.2061357081818418,98.046875,100.0,0.18911729282496456,0.2073066800181943,0.2073066800181943,0.24584534401455543,0.2061357081818418,0.2061357081818418,0
89,8,0.029661478474736214,0.08215344488697901,0.0,0.08077900964612339,98.4375,100.0,0.08111287092303343,-1.0187393794018518,0.0,0.08,0.08077900964612339,0.08077900964612339,0
89,5,0.3445119857788086,0.08215344488697901,0.7,0.6399999999905349,83.59375,100.0,0.6399999999864785,1.4335400112502399,0.7,0.6399999999999999,0.6399999999905349,0.6399999999905349,0
89,14,0.06067736819386482,0.08215344488697901,0.0,0.1268064964414424,98.046875,100.0,0.14686642348777487,-0.30301795297728734,0.0,0.08,0.1268064964414424,0.1268064964414424,0
89,12,0.035145264118909836,0.08215344488697901,0.0,0.10175083152878911,98.4375,100.0,0.11107261646969874,-0.8490987391821399,0.0,0.08,0.10175083152878911,0.10175083152878911,0
90,14,0.07360506802797318,0.08040804079244424,0.0,0.11276454750900969,97.65625,100.0,0.1268064964414424,-0.0884002871061274,0.0,0.08,0.11276454750900969,0.11276454750900969,0
90,0,0.07901176810264587,0.08040804079244424,0.0,0.1833621160219143,94.9238578680203,100.0,0.2276601657455919,-0.017517374145068234,0.0,0.08,0.1833621160219143,0.1833621160219143,0
90,13,0.0707506462931633,0.08040804079244424,0.0,0.1015371535151974,96.875,100.0,0.11076736216456774,-0.12795249269742437,0.0,0.08,0.1015371535151974,0.1015371535151974,0
90,9,0.019594475626945496,0.08040804079244424,0.0,0.0799999999999995,99.609375,100.0,0.0799999999999993,-1.4118661243188255,0.0,0.08,0.0799999999999995,0.0799999999999995,0
90,3,0.10181006044149399,0.08040804079244424,0.23599471760436116,0.20811963551773122,95.78947368421052,100.0,0.18211557613240648,0.23599471760436116,0.23599471760436116,0.2687957740834889,0.20811963551773122,0.20811963551773122,0
90,8,0.0696859285235405,0.08040804079244424,0.0,0.08054530675228637,98.828125,100.0,0.08077900964612339,-0.14311575083988998,0.0,0.08,0.08054530675228637,0.08054530675228637,0
90,12,0.11399298161268234,0.08040804079244424,0.3490226640167644,0.17899102143417583,97.65625,100.0,0.10175083152878911,0.3490226640167644,0.3490226640167644,0.35921813121341156,0.17899102143417583,0.17899102143417583,0
90,2,0.11178459972143173,0.08040804079244424,0.32945958681773907,0.3642249233793782,97.54098360655738,100.0,0.37307803220445823,0.32945958681773907,0.32945958681773907,0.34356766945419126,0.3642249233793782,0.3642249233793782,0
90,15,0.10121197998523712,0.08040804079244424,0.23010292254417508,0.22542700780414326,96.09375,100.0,0.20886043770505897,0.23010292254417508,0.23010292254417508,0.2640823380353401,0.22542700780414326,0.22542700780414326,0
90,10,0.04904215782880783,0.08040804079244424,0.0,0.08615065169461872,99.14163090128756,100.0,0.08878664527802674,-0.4944338094370069,0.0,0.08,0.08615065169461872,0.08615065169461872,0
90,19,0.028226416558027267,0.08040804079244424,0.0,0.09233239294507123,98.4375,100.0,0.09761770420724461,-1.0468556542906666,0.0,0.08,0.09233239294507123,0.09233239294507123,0
90,18,0.10966198891401291,0.08040804079244424,0.3102885926911169,0.19554805117183924,97.265625,100.0,0.13868398417995884,0.3102885926911169,0.3102885926911169,0.32823087415289354,0.19554805117183924,0.19554805117183924,0
90,6,0.09056991338729858,0.08040804079244424,0.11900788108539191,0.11280351802917551,100.0,100.0,0.08605946652668779,0.11900788108539191,0.11900788108539191,0.17520630486831354,0.11280351802917551,0.11280351802917551,0
90,1,0.12836632132530212,0.08040804079244424,0.4677738343720815,0.38847503453234167,94.5945945945946,100.0,0.3602990204043459,0.4677738343720815,0.4677738343720815,0.4542190674976652,0.38847503453234167,0.38847503453234167,0
90,5,0.34649747610092163,0.08040804079244424,0.7,0.6399999999933744,87.890625,100.0,0.6399999999905349,1.4607612580774403,0.7,0.6399999999999999,0.6399999999933744,0.6399999999933744,0
90,11,0.06595297902822495,0.08040804079244424,0.0,0.08115289052685307,98.4375,100.0,0.08164698646693297,-0.19817210462814702,0.0,0.08,0.08115289052685307,0.08115289052685307,0
90,17,0.06215686351060867,0.08040804079244424,0.0,0.16829499572728923,97.265625,100.0,0.2061357081818418,-0.25745289806015137,0.0,0.08,0.16829499572728923,0.16829499572728923,0
90,7,0.07357627153396606,0.08040804079244424,0.0,0.09523133922179683,95.78947368421052,100.0,0.10175905603113833,-0.08879159337562059,0.0,0.08,0.09523133922179683,0.09523133922179683,0
90,16,0.014229986816644669,0.08040804079244424,0.0,0.0799999999999995,99.609375,100.0,0.0799999999999993,-1.7317621170117996,0.0,0.08,0.0799999999999995,0.0799999999999995,0
90,4,0.08574921637773514,0.08040804079244424,0.06431275876515584,0.1757634071030868,97.2027972027972,100.0,0.19475477857064202,0.06431275876515584,0.06431275876515584,0.13145020701212468,0.1757634071030868,0.1757634071030868,0
91,0,0.06749797612428665,0.07999807851973077,0.0,0.15235348121533998,95.43147208121827,100.0,0.1833621160219143,-0.1699049786474095,0.0,0.08,0.15235348121533998,0.15235348121533998,0
91,6,0.09476802498102188,0.07999807851973077,0.16942942777219885,0.14362552528575057,100.0,100.0,0.11280351802917551,0.16942942777219885,0.16942942777219885,0.21554354221775907,0.14362552528575057,0.14362552528575057,0
91,9,0.05144275724887848,0.07999807851973077,0.0,0.07999999999999965,98.4375,100.0,0.0799999999999995,-0.44153286674014286,0.0,0.08,0.07999999999999965,0.07999999999999965,0
91,3,0.0992916002869606,0.07999807851973077,0.2160583380464607,0.2215377459935624,96.84210526315789,100.0,0.20811963551773122,0.2160583380464607,0.2160583380464607,0.2528466704371686,0.2215377459935624,0.2215377459935624,0
91,10,0.0437014065682888,0.07999807851973077,0.0,0.0843054561862331,100.0,100.0,0.08615065169461872,-0.6046222235585808,0.0,0.08,0.0843054561862331,0.0843054561862331,0
91,5,0.3515681028366089,0.07999807851973077,0.7,0.6399999999953621,88.671875,100.0,0.6399999999933744,1.4804007292222416,0.7,0.6399999999999999,0.6399999999953621,0.6399999999953621,0
91,17,0.08279641717672348,0.07999807851973077,0.03438216953559073,0.15005821769764421,98.4375,100.0,0.16829499572728923,0.03438216953559073,0.03438216953559073,0.10750573562847258,0.15005821769764421,0.15005821769764421,0
91,16,0.01561999786645174,0.07999807851973077,0.0,0.07999999999999965,99.609375,100.0,0.0799999999999995,-1.633450092859581,0.0,0.08,0.07999999999999965,0.07999999999999965,0
91,19,0.05715513601899147,0.07999807851973077,0.0,0.08863267506154987,98.046875,100.0,0.09233239294507123,-0.3362333106211256,0.0,0.08,0.08863267506154987,0.08863267506154987,0
91,13,0.07762934267520905,0.07999807851973077,0.0,0.09507600746063818,99.375,100.0,0.1015371535151974,-0.0300571290928737,0.0,0.08,0.09507600746063818,0.09507600746063818,0
91,11,0.05307994782924652,0.07999807851973077,0.0,0.08080702336879714,98.4375,100.0,0.08115289052685307,-0.41020332589675645,0.0,0.08,0.08080702336879714,0.08080702336879714,0
91,4,0.05816388875246048,0.07999807851973077,0.0,0.14703438497216076,97.9020979020979,100.0,0.1757634071030868,-0.3187378749605203,0.0,0.08,0.14703438497216076,0.14703438497216076,0
91,12,0.059574972838163376,0.07999807851973077,0.0,0.14929371500392308,99.21875,100.0,0.17899102143417583,-0.29476700597141176,0.0,0.08,0.14929371500392308,0.14929371500392308,0
91,2,0.13713382184505463,0.07999807851973077,0.5389545828928256,0.40830654625984286,98.36065573770492,100.0,0.3642249233793782,0.5389545828928256,0.5389545828928256,0.5111636663142605,0.40830654625984286,0.40830654625984286,0
91,18,0.09332558512687683,0.07999807851973077,0.15409166082401624,0.19786563441805136,96.09375,100.0,0.19554805117183924,0.15409166082401624,0.15409166082401624,0.203273328659213,0.19786563441805136,0.19786563441805136,0
91,15,0.1218995600938797,0.07999807851973077,0.4211947688845397,0.28288564999518984,96.875,100.0,0.22542700780414326,0.4211947688845397,0.4211947688845397,0.4169558151076318,0.28288564999518984,0.28288564999518984,0
91,1,0.09089134633541107,0.07999807851973077,0.12766216595758748,0.32657144400246013,100.0,100.0,0.38847503453234167,0.12766216595758748,0.12766216595758748,0.18212973276606997,0.32657144400246013,0.32657144400246013,0
91,7,0.04532530903816223,0.07999807851973077,0.0,0.09066193745525777,98.94736842105263,100.0,0.09523133922179683,-0.5681369453684847,0.0,0.08,0.09066193745525777,0.09066193745525777,0
91,8,0.013249477371573448,0.07999807851973077,0.0,0.08038171472660045,99.21875,100.0,0.08054530675228637,-1.79804387813912,0.0,0.08,0.08038171472660045,0.08038171472660045,0
91,14,0.052857473492622375,0.07999807851973077,0.0,0.10293518325630677,98.4375,100.0,0.11276454750900969,-0.41440343986785255,0.0,0.08,0.10293518325630677,0.10293518325630677,0
92,12,0.0679268091917038,0.0783519181158802,0.0,0.12850560050274615,98.046875,100.0,0.14929371500392308,-0.14277964019624284,0.0,0.08,0.12850560050274615,0.12850560050274615,0
92,11,0.06096548214554787,0.0783519181158802,0.0,0.08056491635815799,99.21875,100.0,0.08080702336879714,-0.25090257593729187,0.0,0.08,0.08056491635815799,0.08056491635815799,0
92,1,0.1530836522579193,0.0783519181158802,0.6697740065798634,0.41334577238088926,91.89189189189189,100.0,0.32657144400246013,0.6697740065798634,0.6697740065798634,0.6158192052638907,0.41334577238088926,0.41334577238088926,0
92,9,0.035586483776569366,0.0783519181158802,0.0,0.07999999999999975,99.21875,100.0,0.07999999999999965,-0.7892443999351295,0.0,0.08,0.07999999999999975,0.07999999999999975,0
92,0,0.08558855205774307,0.0783519181158802,0.08834107589032786,0.15184929506441666,96.95431472081218,100.0,0.15235348121533998,0.08834107589032786,0.08834107589032786,0.1506728607122623,0.15184929506441666,0.15184929506441666,0
92,8,0.09126155078411102,0.0783519181158802,0.15251910045360567,0.11687178441748568,98.4375,100.0,0.08038171472660045,0.15251910045360567,0.15251910045360567,0.20201528036288455,0.11687178441748568,0.11687178441748568,0
92,14,0.05803421512246132,0.0783519181158802,0.0,0.09605462827941474,95.703125,100.0,0.10293518325630677,-0.3001776526774864,0.0,0.08,0.09605462827941474,0.09605462827941474,0
92,16,0.015774503350257874,0.0783519181158802,0.0,0.07999999999999975,99.609375,100.0,0.07999999999999965,-1.602815018986107,0.0,0.08,0.07999999999999975,0.07999999999999975,0
92,15,0.06454888731241226,0.0783519181158802,0.0,0.22201995499663288,94.53125,100.0,0.28288564999518984,-0.19378754305101034,0.0,0.08,0.22201995499663288,0.22201995499663288,0
92,18,0.05678386986255646,0.0783519181158802,0.0,0.16250594409263594,97.265625,100.0,0.19786563441805136,-0.3219580972984567,0.0,0.08,0.16250594409263594,0.16250594409263594,0
92,6,0.023419570177793503,0.0783519181158802,0.0,0.1245378677000254,97.87234042553192,100.0,0.14362552528575057,-1.2076381452983909,0.0,0.08,0.1245378677000254,0.1245378677000254,0
92,19,0.07027074694633484,0.0783519181158802,0.0,0.0860428725430849,99.21875,100.0,0.08863267506154987,-0.10885484039242198,0.0,0.08,0.0860428725430849,0.0860428725430849,0
92,13,0.061209164559841156,0.0783519181158802,0.0,0.09055320522244673,97.5,100.0,0.09507600746063818,-0.24691348811730418,0.0,0.08,0.09055320522244673,0.09055320522244673,0
92,7,0.03671889007091522,0.0783519181158802,0.0,0.08746335621868043,98.94736842105263,100.0,0.09066193745525777,-0.7579189667006807,0.0,0.08,0.08746335621868043,0.08746335621868043,0
92,3,0.06916150450706482,0.0783519181158802,0.0,0.17907642219549366,97.36842105263158,100.0,0.2215377459935624,-0.12476601833484151,0.0,0.08,0.17907642219549366,0.17907642219549366,0
92,5,0.40767937898635864,0.0783519181158802,0.7,0.6399999999967534,85.15625,100.0,0.6399999999953621,1.649270476676117,0.7,0.6399999999999999,0.6399999999967534,0.6399999999967534,0
92,17,0.06058722734451294,0.0783519181158802,0.0,0.12904075238835094,99.21875,100.0,0.15005821769764421,-0.2571263114896292,0.0,0.08,0.12904075238835094,0.12904075238835094,0
92,4,0.14898930490016937,0.0783519181158802,0.642664013786072,0.2811634327891698,96.5034965034965,100.0,0.14703438497216076,0.642664013786072,0.642664013786072,0.5941312110288576,0.2811634327891698,0.2811634327891698,0
92,2,0.12005680799484253,0.0783519181158802,0.4267545365060047,0.41223567114333115,97.54098360655738,100.0,0.40830654625984286,0.4267545365060047,0.4267545365060047,0.4214036292048038,0.41223567114333115,0.41223567114333115,0
92,10,0.04899534583091736,0.0783519181158802,0.0,0.08301381933036317,98.71244635193133,100.0,0.0843054561862331,-0.4694850628506058,0.0,0.08,0.08301381933036317,0.08301381933036317,0
93,11,0.07198252528905869,0.07680462889790485,0.0,0.08039544145071059,97.265625,100.0,0.08056491635815799,-0.06484151648338661,0.0,0.08,0.08039544145071059,0.08039544145071059,0
93,1,0.08845731616020203,0.07680462889790485,0.14125520479661377,0.3472432898178097,94.5945945945946,100.0,0.41334577238088926,0.14125520479661377,0.14125520479661377,0.19300416383729102,0.3472432898178097,0.3472432898178097,0
93,14,0.05385209247469902,0.07680462889790485,0.0,0.09123823979559031,96.875,100.0,0.09605462827941474,-0.3550235946358182,0.0,0.08,0.09123823979559031,0.09123823979559031,0
93,10,0.0260065495967865,0.07680462889790485,0.0,0.08210967353125422,98.71244635193133,100.0,0.08301381933036317,-1.0829162422606922,0.0,0.08,0.08210967353125422,0.08210967353125422,0
93,15,0.13706819713115692,0.07680462889790485,0.5792136235610926,0.3184252381523052,95.3125,100.0,0.22201995499663288,0.5792136235610926,0.5792136235610926,0.5433708988488741,0.3184252381523052,0.3184252381523052,0
93,5,0.3379291296005249,0.07680462889790485,0.7,0.6399999999977273,91.40625,100.0,0.6399999999967534,1.4815711867059498,0.7,0.6399999999999999,0.6399999999977273,0.6399999999977273,0
93,9,0.015071525238454342,0.07680462889790485,0.0,0.07999999999999982,99.609375,100.0,0.07999999999999975,-1.6284571593771968,0.0,0.08,0.07999999999999982,0.07999999999999982,0
93,12,0.06955881416797638,0.07680462889790485,0.0,0.11395392035192231,98.4375,100.0,0.12850560050274615,-0.09909225515586732,0.0,0.08,0.11395392035192231,0.11395392035192231,0
93,18,0.05302826315164566,0.07680462889790485,0.0,0.13775416086484515,96.484375,100.0,0.16250594409263594,-0.37043981363930484,0.0,0.08,0.13775416086484515,0.13775416086484515,0
93,3,0.13874584436416626,0.07680462889790485,0.5913788330777652,0.2912844154755092,97.36842105263158,100.0,0.17907642219549366,0.5913788330777652,0.5913788330777652,0.5531030664622122,0.2912844154755092,0.2912844154755092,0
93,6,0.04901290312409401,0.07680462889790485,0.0,0.11117650739001778,100.0,100.0,0.1245378677000254,-0.44918124410930665,0.0,0.08,0.11117650739001778,0.11117650739001778,0
93,4,0.12839168310165405,0.07680462889790485,0.5138206530470852,0.34413135968371933,97.9020979020979,100.0,0.2811634327891698,0.5138206530470852,0.5138206530470852,0.49105652243766823,0.34413135968371933,0.34413135968371933,0
93,0,0.08332110196352005,0.07680462889790485,0.08143692135532105,0.1498393676703687,97.96954314720813,100.0,0.15184929506441666,0.08143692135532105,0.08143692135532105,0.14514953708425685,0.1498393676703687,0.1498393676703687,0
93,2,0.07015026360750198,0.07680462889790485,0.0,0.3125649698003318,98.36065573770492,100.0,0.41223567114333115,-0.0906253337843161,0.0,0.08,0.3125649698003318,0.3125649698003318,0
93,19,0.026683542877435684,0.07680462889790485,0.0,0.08423001078015943,99.21875,100.0,0.0860428725430849,-1.0572176621436957,0.0,0.08,0.08423001078015943,0.08423001078015943,0
93,7,0.030695343390107155,0.07680462889790485,0.0,0.0852243493530763,98.94736842105263,100.0,0.08746335621868043,-0.9171537528792804,0.0,0.08,0.0852243493530763,0.0852243493530763,0
93,16,0.01688573695719242,0.07680462889790485,0.0,0.07999999999999982,99.609375,100.0,0.07999999999999975,-1.5147951498720253,0.0,0.08,0.07999999999999982,0.07999999999999982,0
93,13,0.04300539940595627,0.07680462889790485,0.0,0.08738724365571271,98.125,100.0,0.09055320522244673,-0.5799391327260429,0.0,0.08,0.08738724365571271,0.08738724365571271,0
93,17,0.12703175842761993,0.07680462889790485,0.5031721596309425,0.23508984498327187,97.265625,100.0,0.12904075238835094,0.5031721596309425,0.5031721596309425,0.48253772770475406,0.23508984498327187,0.23508984498327187,0
93,8,0.04567559063434601,0.07680462889790485,0.0,0.10581024909223996,98.828125,100.0,0.11687178441748568,-0.5197007882910891,0.0,0.08,0.10581024909223996,0.10581024909223996,0
94,11,0.12760134041309357,0.07529471134024814,0.5275009234039276,0.20687703063244003,97.265625,100.0,0.08039544145071059,0.5275009234039276,0.5275009234039276,0.5020007387231421,0.20687703063244003,0.20687703063244003,0
94,16,0.0218320582062006,0.07529471134024814,0.0,0.07999999999999988,100.0,100.0,0.07999999999999982,-1.2380301230854114,0.0,0.08,0.07999999999999988,0.07999999999999988,0
94,6,0.0351935550570488,0.07529471134024814,0.0,0.10182355517301245,100.0,100.0,0.11117650739001778,-0.7605467756126646,0.0,0.08,0.10182355517301245,0.10182355517301245,0
94,0,0.10535312443971634,0.07529471134024814,0.3359078618135066,0.20950544420449968,97.96954314720813,100.0,0.1498393676703687,0.3359078618135066,0.3359078618135066,0.3487262894508053,0.20950544420449968,0.20950544420449968,0
94,8,0.018043899908661842,0.07529471134024814,0.0,0.09806717436456797,98.828125,100.0,0.10581024909223996,-1.4286018039613395,0.0,0.08,0.09806717436456797,0.09806717436456797,0
94,17,0.13115905225276947,0.07529471134024814,0.5550007716819971,0.3217630766919696,96.09375,100.0,0.23508984498327187,0.5550007716819971,0.5550007716819971,0.5240006173455977,0.3217630766919696,0.3217630766919696,0
94,14,0.0755171924829483,0.07529471134024814,0.0029504471324835984,0.08857487516870927,98.046875,100.0,0.09123823979559031,0.0029504471324835984,0.0029504471324835984,0.08236035770598688,0.08857487516870927,0.08857487516870927,0
94,2,0.13165143132209778,0.07529471134024814,0.5587478033928628,0.3768949516745193,95.90163934426229,100.0,0.3125649698003318,0.5587478033928628,0.5587478033928628,0.5269982427142902,0.3768949516745193,0.3768949516745193,0
94,9,0.04970773681998253,0.07529471134024814,0.0,0.07999999999999988,99.609375,100.0,0.07999999999999982,-0.41524923804018493,0.0,0.08,0.07999999999999988,0.07999999999999988,0
94,10,0.049524981528520584,0.07529471134024814,0.0,0.08147677147187796,99.14163090128756,100.0,0.08210967353125422,-0.41893260909548186,0.0,0.08,0.08147677147187796,0.08147677147187796,0
94,5,0.47421854734420776,0.07529471134024814,0.7,0.6399999999984091,86.71875,100.0,0.6399999999977273,1.840258276243084,0.7,0.6399999999999999,0.6399999999984091,0.6399999999984091,0
94,18,0.08131688088178635,0.07529471134024814,0.07694372427275717,0.13889440643085332,96.875,100.0,0.13775416086484515,0.07694372427275717,0.07694372427275717,0.14155497941820575,0.13889440643085332,0.13889440643085332,0
94,15,0.13174182176589966,0.07529471134024814,0.5594341568922562,0.3811618643607551,94.53125,100.0,0.3184252381523052,0.5594341568922562,0.5594341568922562,0.5275473255138049,0.3811618643607551,0.3811618643607551,0
94,19,0.024849610403180122,0.07529471134024814,0.0,0.0829610075461116,99.21875,100.0,0.08423001078015943,-1.10856755372546,0.0,0.08,0.0829610075461116,0.0829610075461116,0
94,1,0.05001870170235634,0.07529471134024814,0.0,0.2670703028724668,94.5945945945946,100.0,0.3472432898178097,-0.4090128611582973,0.0,0.08,0.2670703028724668,0.2670703028724668,0
94,3,0.13074305653572083,0.07529471134024814,0.5518240425060128,0.3603368610342995,98.94736842105263,100.0,0.2912844154755092,0.5518240425060128,0.5518240425060128,0.5214592340048102,0.3603368610342995,0.3603368610342995,0
94,12,0.06477613002061844,0.07529471134024814,0.0,0.1037677442463456,99.21875,100.0,0.11395392035192231,-0.15047270463138782,0.0,0.08,0.1037677442463456,0.1037677442463456,0
94,13,0.07208829373121262,0.07529471134024814,0.0,0.08517107055899889,98.75,100.0,0.08738724365571271,-0.04351822236218773,0.0,0.08,0.08517107055899889,0.08517107055899889,0
94,4,0.0936017856001854,0.07529471134024814,0.21763953643672995,0.3171254405234187,95.1048951048951,100.0,0.34413135968371933,0.21763953643672995,0.21763953643672995,0.25411162914938396,0.3171254405234187,0.3171254405234187,0
94,7,0.02602093666791916,0.07529471134024814,0.0,0.0836570445471534,98.94736842105263,100.0,0.0852243493530763,-1.0625081758847517,0.0,0.08,0.0836570445471534,0.0836570445471534,0
95,18,0.09770473837852478,0.07514551451693137,0.2625235990642923,0.18423174827702749,98.828125,100.0,0.13889440643085332,0.2625235990642923,0.2625235990642923,0.2900188792514338,0.18423174827702749,0.18423174827702749,0
95,14,0.05872749909758568,0.07514551451693137,0.0,0.08600241261809649,98.4375,100.0,0.08857487516870927,-0.24651830456836957,0.0,0.08,0.08600241261809649,0.08600241261809649,0
95,19,0.019022732973098755,0.07514551451693137,0.0,0.08207270528227811,98.4375,100.0,0.0829610075461116,-1.3737912985070346,0.0,0.08,0.08207270528227811,0.08207270528227811,0
95,10,0.09284614026546478,0.07514551451693137,0.21151726464417206,0.13179788354491587,97.42489270386267,100.0,0.08147677147187796,0.21151726464417206,0.21151726464417206,0.24921381171533769,0.13179788354491587,0.13179788354491587,0
95,13,0.06241999939084053,0.07514551451693137,0.0,0.08361974939129922,96.875,100.0,0.08517107055899889,-0.1855406731373495,0.0,0.08,0.08361974939129922,0.08361974939129922,0
95,16,0.03877090662717819,0.07514551451693137,0.0,0.0799999999999999,99.21875,100.0,0.07999999999999988,-0.661756166330396,0.0,0.08,0.0799999999999999,0.0799999999999999,0
95,12,0.06494321674108505,0.07514551451693137,0.0,0.0966374209724419,98.046875,100.0,0.1037677442463456,-0.14591310694928172,0.0,0.08,0.0966374209724419,0.0966374209724419,0
95,2,0.12722082436084747,0.07514551451693137,0.5264978692125891,0.4141859547831849,94.26229508196721,100.0,0.3768949516745193,0.5264978692125891,0.5264978692125891,0.5011982953700713,0.4141859547831849,0.4141859547831849,0
95,5,0.2789674699306488,0.07514551451693137,0.7,0.6399999999988862,90.234375,100.0,0.6399999999984091,1.3116686552134458,0.7,0.6399999999999999,0.6399999999988862,0.6399999999988862,0
95,11,0.06180616468191147,0.07514551451693137,0.0,0.16881392144270801,96.09375,100.0,0.20687703063244003,-0.19542328700662426,0.0,0.08,0.16881392144270801,0.16881392144270801,0
95,8,0.04913532733917236,0.07514551451693137,0.0,0.09264702205519756,97.65625,100.0,0.09806717436456797,-0.42484808307757504,0.0,0.08,0.09264702205519756,0.09264702205519756,0
95,1,0.143771231174469,0.07514551451693137,0.6487968730273003,0.3666604615372788,97.29729729729729,100.0,0.2670703028724668,0.6487968730273003,0.6487968730273003,0.5990374984218402,0.3666604615372788,0.3666604615372788,0
95,0,0.08401291817426682,0.07514551451693137,0.11154413341139013,0.1974244029618834,97.46192893401015,100.0,0.20950544420449968,0.11154413341139013,0.11154413341139013,0.16923530672911213,0.1974244029618834,0.1974244029618834,0
95,15,0.11610043793916702,0.07514551451693137,0.4350291864889047,0.39522030980986567,97.265625,100.0,0.3811618643607551,0.4350291864889047,0.4350291864889047,0.4280233491911238,0.39522030980986567,0.39522030980986567,0
95,17,0.09072002023458481,0.07514551451693137,0.1883516128270374,0.2944385407628677,97.65625,100.0,0.3217630766919696,0.1883516128270374,0.1883516128270374,0.23068129026162992,0.2944385407628677,0.2944385407628677,0
95,7,0.12035007774829865,0.07514551451693137,0.4709783329120774,0.19559473108190595,98.94736842105263,100.0,0.0836570445471534,0.4709783329120774,0.4709783329120774,0.45678266632966197,0.19559473108190595,0.19559473108190595,0
95,9,0.015680985525250435,0.07514551451693137,0.0,0.0799999999999999,99.21875,100.0,0.07999999999999988,-1.5669770573883746,0.0,0.08,0.0799999999999999,0.0799999999999999,0
95,3,0.1241866797208786,0.07514551451693137,0.5023594352216073,0.3968020671771954,96.3157894736842,100.0,0.3603368610342995,0.5023594352216073,0.5023594352216073,0.4818875481772859,0.3968020671771954,0.3968020671771954,0
95,4,0.07774662226438522,0.07514551451693137,0.03402867476771259,0.2541546903106441,97.2027972027972,100.0,0.3171254405234187,0.03402867476771259,0.03402867476771259,0.10722293981417008,0.2541546903106441,0.2541546903106441,0
95,6,0.04765819013118744,0.07514551451693137,0.0,0.09527648862110871,96.80851063829788,100.0,0.10182355517301245,-0.45537185423586557,0.0,0.08,0.09527648862110871,0.09527648862110871,0
96,11,0.039076708257198334,0.07571894008717084,0.0,0.1421697450098956,96.875,100.0,0.16881392144270801,-0.6615016118646868,0.0,0.08,0.1421697450098956,0.1421697450098956,0
96,14,0.07203582674264908,0.07571894008717084,0.0,0.08420168883266754,98.828125,100.0,0.08600241261809649,-0.04986473279315066,0.0,0.08,0.08420168883266754,0.08420168883266754,0
96,1,0.0681384801864624,0.07571894008717084,0.0,0.2806623230760952,94.5945945945946,100.0,0.3666604615372788,-0.10548620605273908,0.0,0.08,0.2806623230760952,0.2806623230760952,0
96,18,0.06536907702684402,0.07571894008717084,0.0,0.15296222379391922,98.046875,100.0,0.18423174827702749,-0.14697898923185895,0.0,0.08,0.15296222379391922,0.15296222379391922,0
96,2,0.08389954268932343,0.07571894008717084,0.10259182146660639,0.3385522055002149,97.54098360655738,100.0,0.4141859547831849,0.10259182146660639,0.10259182146660639,0.16207345717328514,0.3385522055002149,0.3385522055002149,0
96,3,0.08121582865715027,0.07571894008717084,0.07008182498224079,0.31858108501977456,97.36842105263158,100.0,0.3968020671771954,0.07008182498224079,0.07008182498224079,0.13606545998579264,0.31858108501977456,0.31858108501977456,0
96,6,0.04585938900709152,0.07571894008717084,0.0,0.09069354203477609,95.74468085106383,100.0,0.09527648862110871,-0.5014482881222104,0.0,0.08,0.09069354203477609,0.09069354203477609,0
96,8,0.06310031563043594,0.07571894008717084,0.0,0.0888529154386383,98.828125,100.0,0.09264702205519756,-0.18230253043865874,0.0,0.08,0.0888529154386383,0.0888529154386383,0
96,17,0.10725617408752441,0.07571894008717084,0.3481917561173157,0.31367300000216314,97.65625,100.0,0.2944385407628677,0.3481917561173157,0.3481917561173157,0.35855340489385257,0.31367300000216314,0.31367300000216314,0
96,4,0.09487493336200714,0.07571894008717084,0.22553117822247737,0.25603576599084543,97.2027972027972,100.0,0.2541546903106441,0.22553117822247737,0.22553117822247737,0.26042494257798193,0.25603576599084543,0.25603576599084543,0
96,9,0.03082432970404625,0.07571894008717084,0.0,0.07999999999999993,99.609375,100.0,0.0799999999999999,-0.898723832490576,0.0,0.08,0.07999999999999993,0.07999999999999993,0
96,0,0.09431160986423492,0.07571894008717084,0.2195759438441817,0.21489530859592199,97.46192893401015,100.0,0.1974244029618834,0.2195759438441817,0.2195759438441817,0.25566075507534536,0.21489530859592199,0.21489530859592199,0
96,16,0.031210264191031456,0.07571894008717084,0.0,0.07999999999999993,98.4375,100.0,0.0799999999999999,-0.8862811189158843,0.0,0.08,0.07999999999999993,0.07999999999999993,0
96,15,0.12527120113372803,0.07571894008717084,0.5034526154776586,0.421482844581544,96.09375,100.0,0.39522030980986567,0.5034526154776586,0.5034526154776586,0.4827620923821269,0.421482844581544,0.421482844581544,0
96,10,0.04817982017993927,0.07571894008717084,0.0,0.11625851848144111,98.71244635193133,100.0,0.13179788354491587,-0.4520879880380387,0.0,0.08,0.11625851848144111,0.11625851848144111,0
96,12,0.03410320356488228,0.07571894008717084,0.0,0.09164619468070934,97.265625,100.0,0.0966374209724419,-0.7976368412296694,0.0,0.08,0.09164619468070934,0.09164619468070934,0
96,7,0.09420076012611389,0.07571894008717084,0.21839989646710534,0.21333228690943945,98.94736842105263,100.0,0.19559473108190595,0.21839989646710534,0.21839989646710534,0.2547199171736843,0.21333228690943945,0.21333228690943945,0
96,13,0.046034328639507294,0.07571894008717084,0.0,0.08253382457390945,97.5,100.0,0.08361974939129922,-0.49764085035264083,0.0,0.08,0.08253382457390945,0.08253382457390945,0
96,5,0.293342262506485,0.07571894008717084,0.7,0.6399999999992203,87.890625,100.0,0.6399999999988862,1.3543116322754853,0.7,0.6399999999999999,0.6399999999992203,0.6399999999992203,0
96,19,0.044058311730623245,0.07571894008717084,0.0,0.08145089369759467,99.21875,100.0,0.08207270528227811,-0.5415142104136969,0.0,0.08,0.08145089369759467,0.08145089369759467,0
97,18,0.06973712891340256,0.07482242393911909,0.0,0.13107355665574344,98.046875,100.0,0.15296222379391922,-0.07038474362436678,0.0,0.08,0.13107355665574344,0.13107355665574344,0
97,1,0.07092012465000153,0.07482242393911909,0.0,0.22046362615326662,100.0,100.0,0.2806623230760952,-0.05356337916352005,0.0,0.08,0.22046362615326662,0.22046362615326662,0
97,5,0.3363393247127533,0.07482242393911909,0.7,0.6399999999994541,87.5,100.0,0.6399999999992203,1.5030028160867404,0.7,0.6399999999999999,0.6399999999994541,0.6399999999994541,0
97,0,0.16052713990211487,0.07482242393911909,0.7,0.34242671601714536,97.46192893401015,100.0,0.21489530859592199,0.7633453275471448,0.7,0.6399999999999999,0.34242671601714536,0.34242671601714536,0
97,9,0.025547021999955177,0.07482242393911909,0.0,0.07999999999999995,100.0,100.0,0.07999999999999993,-1.0745966134691147,0.0,0.08,0.07999999999999995,0.07999999999999995,0
97,4,0.06492798775434494,0.07482242393911909,0.0,0.20322503619359178,97.9020979020979,100.0,0.25603576599084543,-0.14183882992935495,0.0,0.08,0.20322503619359178,0.20322503619359178,0
97,7,0.049278926104307175,0.07482242393911909,0.0,0.1733326008366076,98.94736842105263,100.0,0.21333228690943945,-0.4176210287861526,0.0,0.08,0.1733326008366076,0.1733326008366076,0
97,2,0.12272029370069504,0.07482242393911909,0.49479005337488363,0.3797361566601225,99.18032786885246,100.0,0.3385522055002149,0.49479005337488363,0.49479005337488363,0.4758320426999069,0.3797361566601225,0.3797361566601225,0
97,13,0.08825653046369553,0.07482242393911909,0.16513004698433853,0.12140488847797787,96.875,100.0,0.08253382457390945,0.16513004698433853,0.16513004698433853,0.21210403758747082,0.12140488847797787,0.12140488847797787,0
97,11,0.05357086658477783,0.07482242393911909,0.0,0.12351882150692692,97.265625,100.0,0.1421697450098956,-0.33411218587470776,0.0,0.08,0.12351882150692692,0.12351882150692692,0
97,10,0.08108662068843842,0.07482242393911909,0.08040033883525882,0.12467704425747089,98.28326180257511,100.0,0.11625851848144111,0.08040033883525882,0.08040033883525882,0.14432027106820705,0.12467704425747089,0.12467704425747089,0
97,3,0.08756741881370544,0.07482242393911909,0.15729135262014246,0.28475668414267635,98.42105263157895,100.0,0.31858108501977456,0.15729135262014246,0.15729135262014246,0.20583308209611395,0.28475668414267635,0.28475668414267635,0
97,16,0.014289939776062965,0.07482242393911909,0.0,0.07999999999999995,99.609375,100.0,0.07999999999999993,-1.655561281671514,0.0,0.08,0.07999999999999995,0.07999999999999995,0
97,17,0.08000943064689636,0.07482242393911909,0.06702687681177216,0.2596575504363395,97.265625,100.0,0.31367300000216314,0.06702687681177216,0.06702687681177216,0.13362150144941773,0.2596575504363395,0.2596575504363395,0
97,14,0.057321883738040924,0.07482242393911909,0.0,0.08294118218286728,98.046875,100.0,0.08420168883266754,-0.26643511857375635,0.0,0.08,0.08294118218286728,0.08294118218286728,0
97,8,0.05062764137983322,0.07482242393911909,0.0,0.0861970408070468,99.609375,100.0,0.0888529154386383,-0.39061986199564136,0.0,0.08,0.0861970408070468,0.0861970408070468,0
97,19,0.0589001402258873,0.07482242393911909,0.0,0.08101562558831626,99.609375,100.0,0.08145089369759467,-0.23927411780721672,0.0,0.08,0.08101562558831626,0.08101562558831626,0
97,12,0.0669902041554451,0.07482242393911909,0.0,0.08815233627649655,96.875,100.0,0.09164619468070934,-0.11057120764377605,0.0,0.08,0.08815233627649655,0.08815233627649655,0
97,15,0.07751168310642242,0.07482242393911909,0.03531104478488093,0.3275126419554522,96.09375,100.0,0.421482844581544,0.03531104478488093,0.03531104478488093,0.10824883582790475,0.3275126419554522,0.3275126419554522,0
97,6,0.06035580486059189,0.07482242393911909,0.0,0.08748547942434326,97.87234042553192,100.0,0.09069354203477609,-0.21486046379576682,0.0,0.08,0.08748547942434326,0.08748547942434326,0
98,6,0.074873186647892,0.07417654819864956,0.009347798293511424,0.08748330718748301,98.93617021276596,100.0,0.08748547942434326,0.009347798293511424,0.009347798293511424,0.08747823863480914,0.08748330718748301,0.08748330718748301,0
98,4,0.1595691293478012,0.07417654819864956,0.7,0.3342575253355142,97.2027972027972,100.0,0.20322503619359178,0.7660291308204342,0.7,0.6399999999999999,0.3342575253355142,0.3342575253355142,0
98,16,0.01121724583208561,0.07417654819864956,0.0,0.07999999999999996,99.609375,100.0,0.07999999999999995,-1.8889948810809665,0.0,0.08,0.07999999999999996,0.07999999999999996,0
98,10,0.037388142198324203,0.07417654819864956,0.0,0.11127393098022961,98.71244635193133,100.0,0.12467704425747089,-0.6850943049237974,0.0,0.08,0.11127393098022961,0.11127393098022961,0
98,7,0.06135711073875427,0.07417654819864956,0.0,0.1453328205856253,94.73684210526316,100.0,0.1733326008366076,-0.18973694113291945,0.0,0.08,0.1453328205856253,0.1453328205856253,0
98,14,0.07740656286478043,0.07417654819864956,0.04262352470782657,0.09228847345788546,96.484375,100.0,0.08294118218286728,0.04262352470782657,0.04262352470782657,0.11409881976626127,0.09228847345788546,0.09228847345788546,0
98,1,0.20709213614463806,0.07417654819864956,0.7,0.3463245383072866,100.0,100.0,0.22046362615326662,1.0267156716565962,0.7,0.6399999999999999,0.3463245383072866,0.3463245383072866,0
98,0,0.11040688306093216,0.07417654819864956,0.3977243960241114,0.35915255625778847,98.4771573604061,100.0,0.34242671601714536,0.3977243960241114,0.3977243960241114,0.39817951681928915,0.35915255625778847,0.35915255625778847,0
98,5,0.3278047442436218,0.07417654819864956,0.7,0.6399999999996179,87.5,100.0,0.6399999999994541,1.4859699966774433,0.7,0.6399999999999999,0.6399999999996179,0.6399999999996179,0
98,3,0.06635945290327072,0.07417654819864956,0.0,0.22332967889987343,96.3157894736842,100.0,0.28475668414267635,-0.11136180140827673,0.0,0.08,0.22332967889987343,0.22332967889987343,0
98,19,0.09274756908416748,0.07417654819864956,0.22343342661259347,0.13433496029884381,98.046875,100.0,0.08101562558831626,0.22343342661259347,0.22343342661259347,0.2587467412900748,0.13433496029884381,0.13433496029884381,0
98,18,0.06535663455724716,0.07417654819864956,0.0,0.1157514896590204,98.046875,100.0,0.13107355665574344,-0.1265890616453919,0.0,0.08,0.1157514896590204,0.1157514896590204,0
98,12,0.0710935890674591,0.07417654819864956,0.0,0.08570663539354759,97.65625,100.0,0.08815233627649655,-0.042450867439988625,0.0,0.08,0.08570663539354759,0.08570663539354759,0
98,15,0.11175450682640076,0.07417654819864956,0.4098564786891554,0.3516244042542138,96.875,100.0,0.3275126419554522,0.4098564786891554,0.4098564786891554,0.40788518295132437,0.3516244042542138,0.3516244042542138,0
98,9,0.033191949129104614,0.07417654819864956,0.0,0.07999999999999996,99.21875,100.0,0.07999999999999995,-0.8041405213338579,0.0,0.08,0.07999999999999996,0.07999999999999996,0
98,11,0.047163378447294235,0.07417654819864956,0.0,0.11046317505484884,96.875,100.0,0.12351882150692692,-0.45283024990036647,0.0,0.08,0.11046317505484884,0.11046317505484884,0
98,17,0.07246635854244232,0.07417654819864956,0.0,0.2057602853054376,98.046875,100.0,0.2596575504363395,-0.023325600955091532,0.0,0.08,0.2057602853054376,0.2057602853054376,0
98,13,0.08063320070505142,0.07417654819864956,0.08346243511707643,0.12901440636268285,96.875,100.0,0.12140488847797787,0.08346243511707643,0.08346243511707643,0.14676994809366115,0.12901440636268285,0.12901440636268285,0
98,2,0.1223217323422432,0.07417654819864956,0.5002066326356082,0.4098649014946317,98.36065573770492,100.0,0.3797361566601225,0.5002066326356082,0.5002066326356082,0.48016530610848657,0.4098649014946317,0.4098649014946317,0
98,8,0.02723725698888302,0.07417654819864956,0.0,0.08433792856493276,99.21875,100.0,0.0861970408070468,-1.0018620275726389,0.0,0.08,0.08433792856493276,0.08433792856493276,0
99,5,0.38947898149490356,0.07412587063830132,0.7,0.6399999999997324,84.375,100.0,0.6399999999996179,1.6590451890476388,0.7,0.6399999999999999,0.6399999999997324,0.6399999999997324,0
99,13,0.06318572908639908,0.07412587063830132,0.0,0.114310084453878,96.875,100.0,0.12901440636268285,-0.1596861093730656,0.0,0.08,0.114310084453878,0.114310084453878,0
99,10,0.06269744038581848,0.07412587063830132,0.0,0.10189175168616071,98.28326180257511,100.0,0.11127393098022961,-0.1674439545875469,0.0,0.08,0.10189175168616071,0.10189175168616071,0
99,9,0.023190489038825035,0.07412587063830132,0.0,0.07999999999999996,98.4375,100.0,0.07999999999999996,-1.1620220670908195,0.0,0.08,0.07999999999999996,0.07999999999999996,0
99,7,0.020467691123485565,0.07412587063830132,0.0,0.1257329744099377,98.94736842105263,100.0,0.1453328205856253,-1.2869166489960886,0.0,0.08,0.1257329744099377,0.1257329744099377,0
99,0,0.04705008864402771,0.07412587063830132,0.0,0.27540678938045193,98.4771573604061,100.0,0.35915255625778847,-0.4545517750886883,0.0,0.08,0.27540678938045193,0.27540678938045193,0
99,18,0.07973461598157883,0.07412587063830132,0.07293920772392218,0.1225314526150556,98.046875,100.0,0.1157514896590204,0.07293920772392218,0.07293920772392218,0.13835136617913774,0.1225314526150556,0.1225314526150556,0
99,2,0.03705187886953354,0.07412587063830132,0.0,0.3109054310462422,94.26229508196721,100.0,0.4098649014946317,-0.6934454056201662,0.0,0.08,0.3109054310462422,0.3109054310462422,0
99,15,0.042311619967222214,0.07412587063830132,0.0,0.27013708297794964,95.703125,100.0,0.3516244042542138,-0.560702749309997,0.0,0.08,0.27013708297794964,0.27013708297794964,0
99,19,0.04015262797474861,0.07412587063830132,0.0,0.11803447220919067,98.4375,100.0,0.13433496029884381,-0.6130765964796214,0.0,0.08,0.11803447220919067,0.11803447220919067,0
99,8,0.04813612997531891,0.07412587063830132,0.0,0.08303654999545293,99.609375,100.0,0.08433792856493276,-0.43173149186936444,0.0,0.08,0.08303654999545293,0.08303654999545293,0
99,4,0.0946795865893364,0.07412587063830132,0.24473378615999009,0.31671637641325756,97.2027972027972,100.0,0.3342575253355142,0.24473378615999009,0.24473378615999009,0.27578702892799206,0.31671637641325756,0.31671637641325756,0
99,1,0.19382067024707794,0.07412587063830132,0.7,0.43442717681510057,94.5945945945946,100.0,0.3463245383072866,0.9611686652883139,0.7,0.6399999999999999,0.43442717681510057,0.43442717681510057,0
99,17,0.048516564071178436,0.07412587063830132,0.0,0.1680321997138063,98.046875,100.0,0.2057602853054376,-0.42385926470434737,0.0,0.08,0.1680321997138063,0.1680321997138063,0
99,12,0.07744305580854416,0.07412587063830132,0.04377829395793941,0.09450143532538877,95.703125,100.0,0.08570663539354759,0.04377829395793941,0.04377829395793941,0.11502263516635153,0.09450143532538877,0.09450143532538877,0
99,11,0.04616802558302879,0.07412587063830132,0.0,0.10132422253839418,99.21875,100.0,0.11046317505484884,-0.4734770495589414,0.0,0.08,0.10132422253839418,0.10132422253839418,0
99,6,0.04900117591023445,0.07412587063830132,0.0,0.0852383150312381,97.87234042553192,100.0,0.08748330718748301,-0.41392023762913693,0.0,0.08,0.0852383150312381,0.0852383150312381,0
99,14,0.0665462464094162,0.07412587063830132,0.0,0.08860193142051981,96.484375,100.0,0.09228847345788546,-0.10786744673795845,0.0,0.08,0.08860193142051981,0.08860193142051981,0
99,3,0.11875207722187042,0.07412587063830132,0.47127328166893195,0.29343636283045504,98.42105263157895,100.0,0.22332967889987343,0.47127328166893195,0.47127328166893195,0.4570186253351456,0.29343636283045504,0.29343636283045504,0
99,16,0.021742433309555054,0.07412587063830132,0.0,0.07999999999999996,99.21875,100.0,0.07999999999999996,-1.2264984745745198,0.0,0.08,0.07999999999999996,0.07999999999999996,0
100,2,0.15109294652938843,0.07158917057354183,0.7,0.4096338017323695,97.54098360655738,100.0,0.3109054310462422,0.7469513003217121,0.7,0.6399999999999999,0.4096338017323695,0.4096338017323695,0
100,8,0.030217763036489487,0.07158917057354183,0.0,0.08212558499681705,98.828125,100.0,0.08303654999545293,-0.8625136908222725,0.0,0.08,0.08212558499681705,0.08212558499681705,0
100,1,0.0911392942070961,0.07158917057354183,0.24144519823548882,0.3860458713470877,97.29729729729729,100.0,0.43442717681510057,0.24144519823548882,0.24144519823548882,0.2731561585883911,0.3860458713470877,0.3860458713470877,0
100,11,0.05535486713051796,0.07158917057354183,0.0,0.09492695577687593,97.65625,100.0,0.10132422253839418,-0.2571791835950589,0.0,0.08,0.09492695577687593,0.09492695577687593,0
100,0,0.08105386793613434,0.07158917057354183,0.12417014001676928,0.24658558617034096,97.96954314720813,100.0,0.27540678938045193,0.12417014001676928,0.12417014001676928,0.17933611201341543,0.24658558617034096,0.24658558617034096,0
100,7,0.13010936975479126,0.07158917057354183,0.5974315261803543,0.2553966483702414,97.89473684210526,100.0,0.1257329744099377,0.5974315261803543,0.5974315261803543,0.5579452209442834,0.2553966483702414,0.2553966483702414,0
100,5,0.33357957005500793,0.07158917057354183,0.7,0.6399999999998126,87.890625,100.0,0.6399999999997324,1.538937504504484,0.7,0.6399999999999999,0.6399999999998126,0.6399999999998126,0
100,3,0.08981574326753616,0.07158917057354183,0.22681643282425246,0.2838413978591391,96.3157894736842,100.0,0.29343636283045504,0.22681643282425246,0.22681643282425246,0.26145314625940197,0.2838413978591391,0.2838413978591391,0
100,4,0.11604182422161102,0.07158917057354183,0.483006812692559,0.36162309853549446,94.4055944055944,100.0,0.31671637641325756,0.483006812692559,0.483006812692559,0.4664054501540473,0.36162309853549446,0.36162309853549446,0
100,13,0.07925841212272644,0.07158917057354183,0.10176972671244246,0.12844179352870078,96.875,100.0,0.114310084453878,0.10176972671244246,0.10176972671244246,0.161415781369954,0.12844179352870078,0.12844179352870078,0
100,12,0.08232135325670242,0.07158917057354183,0.13968669860387703,0.12367581239270262,98.046875,100.0,0.09450143532538877,0.13968669860387703,0.13968669860387703,0.19174935888310163,0.12367581239270262,0.12367581239270262,0
100,19,0.020406831055879593,0.07158917057354183,0.0,0.10662413054643347,97.65625,100.0,0.11803447220919067,-1.2550737627296025,0.0,0.08,0.10662413054643347,0.10662413054643347,0
100,17,0.08590497076511383,0.07158917057354183,0.18229785736473383,0.18537402556720053,96.484375,100.0,0.1680321997138063,0.18229785736473383,0.18229785736473383,0.22583828589178706,0.18537402556720053,0.18537402556720053,0
100,9,0.0680452361702919,0.07158917057354183,0.0,0.07999999999999996,99.21875,100.0,0.07999999999999996,-0.05077108447737894,0.0,0.08,0.07999999999999996,0.07999999999999996,0
100,14,0.10019811987876892,0.07158917057354183,0.336205571351687,0.16671068911876874,97.65625,100.0,0.08860193142051981,0.336205571351687,0.336205571351687,0.3489644570813496,0.16671068911876874,0.16671068911876874,0
100,18,0.06352325528860092,0.07158917057354183,0.0,0.10977201683053892,98.046875,100.0,0.1225314526150556,-0.11953773194574283,0.0,0.08,0.10977201683053892,0.10977201683053892,0
100,16,0.018709154799580574,0.07158917057354183,0.0,0.07999999999999996,99.609375,100.0,0.07999999999999996,-1.3419304532035012,0.0,0.08,0.07999999999999996,0.07999999999999996,0
100,6,0.05204210802912712,0.07158917057354183,0.0,0.08366682052186666,98.93617021276596,100.0,0.0852383150312381,-0.3188906004026233,0.0,0.08,0.08366682052186666,0.08366682052186666,0
100,15,0.10858455300331116,0.07158917057354183,0.41658529869830885,0.3130764297721589,97.65625,100.0,0.27013708297794964,0.41658529869830885,0.41658529869830885,0.4132682389586471,0.3130764297721589,0.3130764297721589,0
100,10,0.02415010705590248,0.07158917057354183,0.0,0.0953242261803125,98.71244635193133,100.0,0.10189175168616071,-1.0866547261182287,0.0,0.08,0.0953242261803125,0.0953242261803125,0
101,9,0.06046236306428909,0.07259901457582948,0.0,0.07999999999999996,98.046875,100.0,0.07999999999999996,-0.18293024741117148,0.0,0.08,0.07999999999999996,0.07999999999999996,0
101,1,0.13308465480804443,0.07259901457582948,0.606034017050477,0.4396802740350758,97.29729729729729,100.0,0.3860458713470877,0.606034017050477,0.606034017050477,0.5648272136403816,0.4396802740350758,0.4396802740350758,0
101,13,0.13760563731193542,0.07259901457582948,0.6394404800223653,0.26737497067545823,98.75,100.0,0.12844179352870078,0.6394404800223653,0.6394404800223653,0.5915523840178922,0.26737497067545823,0.26737497067545823,0
101,8,0.036491457372903824,0.07259901457582948,0.0,0.08148790949777193,99.21875,100.0,0.08212558499681705,-0.6878730234913928,0.0,0.08,0.08148790949777193,0.08148790949777193,0
101,3,0.13340309262275696,0.07259901457582948,0.608423905106859,0.3687107157270435,96.84210526315789,100.0,0.2838413978591391,0.608423905106859,0.608423905106859,0.5667391240854872,0.3687107157270435,0.3687107157270435,0
101,2,0.13579092919826508,0.07259901457582948,0.6261650050904898,0.4610232624343762,98.36065573770492,100.0,0.4096338017323695,0.6261650050904898,0.6261650050904898,0.5809320040723918,0.4610232624343762,0.4610232624343762,0
101,5,0.37933263182640076,0.07259901457582948,0.7,0.6399999999998688,85.15625,100.0,0.6399999999998126,1.6534620169173988,0.7,0.6399999999999999,0.6399999999998688,0.6399999999998688,0
101,16,0.02145202085375786,0.07259901457582948,0.0,0.07999999999999996,98.4375,100.0,0.07999999999999996,-1.2191321667566868,0.0,0.08,0.07999999999999996,0.07999999999999996,0
101,4,0.07657591253519058,0.07259901457582948,0.05333121397270157,0.2899356603282945,95.1048951048951,100.0,0.36162309853549446,0.05333121397270157,0.05333121397270157,0.12266497117816126,0.2899356603282945,0.2899356603282945,0
101,19,0.028281541541218758,0.07259901457582948,0.0,0.09863689138250342,98.046875,100.0,0.10662413054643347,-0.9427417830715588,0.0,0.08,0.09863689138250342,0.09863689138250342,0
101,14,0.12684138119220734,0.07259901457582948,0.5579859315515528,0.2746141059555108,96.484375,100.0,0.16671068911876874,0.5579859315515528,0.5579859315515528,0.5263887452412422,0.2746141059555108,0.2746141059555108,0
101,0,0.0556454099714756,0.07259901457582948,0.0,0.19660991031923866,95.93908629441624,100.0,0.24658558617034096,-0.2659517124135983,0.0,0.08,0.19660991031923866,0.19660991031923866,0
101,18,0.06580903381109238,0.07259901457582948,0.0,0.10084041178137723,98.046875,100.0,0.10977201683053892,-0.09819421332156382,0.0,0.08,0.10084041178137723,0.10084041178137723,0
101,15,0.15073533356189728,0.07259901457582948,0.7,0.41115350084051117,96.875,100.0,0.3130764297721589,0.7305741212649287,0.7,0.6399999999999999,0.41115350084051117,0.41115350084051117,0
101,12,0.08261364698410034,0.07259901457582948,0.12922351950468522,0.14158671335601627,98.4375,100.0,0.12367581239270262,0.12922351950468522,0.12922351950468522,0.1833788156037482,0.14158671335601627,0.14158671335601627,0
101,10,0.05305154249072075,0.07259901457582948,0.0,0.09072695832621874,98.71244635193133,100.0,0.0953242261803125,-0.31368735684449545,0.0,0.08,0.09072695832621874,0.09072695832621874,0
101,11,0.061435289680957794,0.07259901457582948,0.0,0.09044886904381313,97.65625,100.0,0.09492695577687593,-0.16696690282148982,0.0,0.08,0.09044886904381313,0.09044886904381313,0
101,17,0.038061320781707764,0.07259901457582948,0.0,0.15376181789704035,98.4375,100.0,0.18537402556720053,-0.6457526595263379,0.0,0.08,0.15376181789704035,0.15376181789704035,0
101,6,0.047765590250492096,0.07259901457582948,0.0,0.08256677436530666,96.80851063829788,100.0,0.08366682052186666,-0.4186457657595799,0.0,0.08,0.08256677436530666,0.08256677436530666,0
101,7,0.018803618848323822,0.07259901457582948,0.0,0.20277765385916896,97.89473684210526,100.0,0.2553966483702414,-1.3509016110896472,0.0,0.08,0.20277765385916896,0.20277765385916896,0
102,1,0.12790697813034058,0.07170132929284904,0.5787939179956666,0.4706867321435131,97.29729729729729,100.0,0.4396802740350758,0.5787939179956666,0.5787939179956666,0.5430351343965333,0.4706867321435131,0.4706867321435131,0
102,12,0.05443856120109558,0.07170132929284904,0.0,0.1231106993492114,98.828125,100.0,0.14158671335601627,-0.2754364944991703,0.0,0.08,0.1231106993492114,0.1231106993492114,0
102,8,0.0395398810505867,0.07170132929284904,0.0,0.08104153664844035,99.21875,100.0,0.08148790949777193,-0.5951993642343744,0.0,0.08,0.08104153664844035,0.08104153664844035,0
102,17,0.07437928020954132,0.07170132929284904,0.03666811914144096,0.14043362112187407,98.828125,100.0,0.15376181789704035,0.03666811914144096,0.03666811914144096,0.10933449531315277,0.14043362112187407,0.14043362112187407,0
102,2,0.032638996839523315,0.07170132929284904,0.0,0.3467162837040633,98.36065573770492,100.0,0.4610232624343762,-0.7870013246280642,0.0,0.08,0.3467162837040633,0.3467162837040633,0
102,5,0.3424450755119324,0.07170132929284904,0.7,0.6399999999999081,91.796875,100.0,0.6399999999998688,1.5636018840252806,0.7,0.6399999999999999,0.6399999999999081,0.6399999999999081,0
102,19,0.051625706255435944,0.07170132929284904,0.0,0.09304582396775238,99.609375,100.0,0.09863689138250342,-0.3284895011680981,0.0,0.08,0.09304582396775238,0.09304582396775238,0
102,16,0.018212709575891495,0.07170132929284904,0.0,0.07999999999999996,98.4375,100.0,0.07999999999999996,-1.3703891987727321,0.0,0.08,0.07999999999999996,0.07999999999999996,0
102,9,0.014007815159857273,0.07170132929284904,0.0,0.07999999999999996,100.0,100.0,0.07999999999999996,-1.6328933130940655,0.0,0.08,0.07999999999999996,0.07999999999999996,0
102,11,0.048599012196063995,0.07170132929284904,0.0,0.08731420833066919,98.046875,100.0,0.09044886904381313,-0.3889060152688572,0.0,0.08,0.08731420833066919,0.08731420833066919,0
102,15,0.09404056519269943,0.07170132929284904,0.27121691357132566,0.37689950984547593,98.828125,100.0,0.41115350084051117,0.27121691357132566,0.27121691357132566,0.2969735308570605,0.37689950984547593,0.37689950984547593,0
102,4,0.06337767094373703,0.07170132929284904,0.0,0.22695496222980613,97.2027972027972,100.0,0.2899356603282945,-0.1233976626739933,0.0,0.08,0.22695496222980613,0.22695496222980613,0
102,18,0.08197938650846481,0.07170132929284904,0.13395852705039693,0.12673833473905932,96.875,100.0,0.10084041178137723,0.13395852705039693,0.13395852705039693,0.18716682164031756,0.12673833473905932,0.12673833473905932,0
102,13,0.06116224080324173,0.07170132929284904,0.0,0.21116247947282074,96.875,100.0,0.26737497067545823,-0.15897924428240043,0.0,0.08,0.21116247947282074,0.21116247947282074,0
102,10,0.06897563487291336,0.07170132929284904,0.0,0.08750887082835312,98.71244635193133,100.0,0.09072695832621874,-0.03875595711900582,0.0,0.08,0.08750887082835312,0.08750887082835312,0
102,6,0.11756643652915955,0.07170132929284904,0.49449424957347105,0.2004753619533477,96.80851063829788,100.0,0.08256677436530666,0.49449424957347105,0.49449424957347105,0.4755953996587769,0.2004753619533477,0.2004753619533477,0
102,7,0.006166147533804178,0.07170132929284904,0.0,0.16594435770141824,98.94736842105263,100.0,0.20277765385916896,-2.4534335486284315,0.0,0.08,0.16594435770141824,0.16594435770141824,0
102,14,0.0802365392446518,0.07170132929284904,0.11246971075298874,0.24322260474957483,97.265625,100.0,0.2746141059555108,0.11246971075298874,0.11246971075298874,0.169975768602391,0.24322260474957483,0.24322260474957483,0
102,0,0.08884558081626892,0.07170132929284904,0.21439050179101793,0.21308065765331136,95.93908629441624,100.0,0.19660991031923866,0.21439050179101793,0.21439050179101793,0.25151240143281434,0.21308065765331136,0.21308065765331136,0
102,3,0.0963638424873352,0.07170132929284904,0.2956217305479728,0.3530467163404439,99.47368421052632,100.0,0.3687107157270435,0.2956217305479728,0.2956217305479728,0.31649738443837827,0.3530467163404439,0.3530467163404439,0
103,3,0.062234584242105484,0.07114886165439666,0.0,0.2711327014383107,95.78947368421052,100.0,0.3530467163404439,-0.1338634430612341,0.0,0.08,0.2711327014383107,0.2711327014383107,0
103,1,0.17845046520233154,0.07114886165439666,0.7,0.5214807125004591,91.89189189189189,100.0,0.4706867321435131,0.9195366471536986,0.7,0.6399999999999999,0.5214807125004591,0.5214807125004591,0
103,15,0.03684883192181587,0.07114886165439666,0.0,0.28782965689183315,97.65625,100.0,0.37689950984547593,-0.6579502743976648,0.0,0.08,0.28782965689183315,0.28782965689183315,0
103,10,0.04457596689462662,0.07114886165439666,0.0,0.08525620957984718,96.56652360515021,100.0,0.08750887082835312,-0.46757938646214736,0.0,0.08,0.08525620957984718,0.08525620957984718,0
103,16,0.017743201926350594,0.07114886165439666,0.0,0.07999999999999996,98.4375,100.0,0.07999999999999996,-1.3887714496295656,0.0,0.08,0.07999999999999996,0.07999999999999996,0
103,9,0.037172816693782806,0.07114886165439666,0.0,0.07999999999999996,98.828125,100.0,0.07999999999999996,-0.649196436584286,0.0,0.08,0.07999999999999996,0.07999999999999996,0
103,11,0.02223741076886654,0.07114886165439666,0.0,0.08511994583146842,97.65625,100.0,0.08731420833066919,-1.162997975688654,0.0,0.08,0.08511994583146842,0.08511994583146842,0
103,5,0.3996664881706238,0.07114886165439666,0.7,0.6399999999999356,87.5,100.0,0.6399999999999081,1.7258559790450987,0.7,0.6399999999999999,0.6399999999999356,0.6399999999999356,0
103,6,0.04080946743488312,0.07114886165439666,0.0,0.16433275336734338,96.80851063829788,100.0,0.2004753619533477,-0.555860121217164,0.0,0.08,0.16433275336734338,0.16433275336734338,0
103,19,0.01652955450117588,0.07114886165439666,0.0,0.08913207677742666,99.21875,100.0,0.09304582396775238,-1.4596239002032831,0.0,0.08,0.08913207677742666,0.08913207677742666,0
103,17,0.050829965621232986,0.07114886165439666,0.0,0.12230353478531183,96.875,100.0,0.14043362112187407,-0.33628821387783947,0.0,0.08,0.12230353478531183,0.12230353478531183,0
103,4,0.08017005026340485,0.07114886165439666,0.11937566602700235,0.21151863340734484,98.6013986013986,100.0,0.22695496222980613,0.11937566602700235,0.11937566602700235,0.17550053282160188,0.21151863340734484,0.21151863340734484,0
103,7,0.036056291311979294,0.07114886165439666,0.0,0.14016105039099278,96.84210526315789,100.0,0.16594435770141824,-0.6796928235915836,0.0,0.08,0.14016105039099278,0.14016105039099278,0
103,14,0.09669771045446396,0.07114886165439666,0.30681536308181395,0.26789151046433773,98.828125,100.0,0.24322260474957483,0.30681536308181395,0.30681536308181395,0.32545229046545116,0.26789151046433773,0.26789151046433773,0
103,8,0.04006655514240265,0.07114886165439666,0.0,0.08072907565390824,98.046875,100.0,0.08104153664844035,-0.5742322661764576,0.0,0.08,0.08072907565390824,0.08072907565390824,0
103,0,0.07038675248622894,0.07114886165439666,0.0,0.17315646035731794,97.96954314720813,100.0,0.21308065765331136,-0.010769253105248833,0.0,0.08,0.17315646035731794,0.17315646035731794,0
103,12,0.05739661678671837,0.07114886165439666,0.0,0.11017748954444798,98.828125,100.0,0.1231106993492114,-0.21478893090600779,0.0,0.08,0.11017748954444798,0.11017748954444798,0
103,18,0.06939585506916046,0.07114886165439666,0.0,0.11271683431734153,96.484375,100.0,0.12673833473905932,-0.024947181121067644,0.0,0.08,0.11271683431734153,0.11271683431734153,0
103,2,0.12828151881694794,0.07114886165439666,0.5894528268433457,0.40817007703524727,99.18032786885246,100.0,0.3467162837040633,0.5894528268433457,0.5894528268433457,0.5515622614746766,0.40817007703524727,0.40817007703524727,0
103,13,0.07438100129365921,0.07114886165439666,0.044426218993343654,0.18247602818937697,98.125,100.0,0.21116247947282074,0.044426218993343654,0.044426218993343654,0.11554097519467493,0.18247602818937697,0.18247602818937697,0
104,11,0.05455663427710533,0.06944530460935455,0.0,0.0835839620820279,98.046875,100.0,0.08511994583146842,-0.2413000962377175,0.0,0.08,0.0835839620820279,0.0835839620820279,0
104,3,0.10654307156801224,0.06944530460935455,0.42800982242159885,0.3165152483880012,97.89473684210526,100.0,0.2711327014383107,0.42800982242159885,0.42800982242159885,0.42240785793727914,0.3165152483880012,0.3165152483880012,0
104,8,0.0677545964717865,0.06944530460935455,0.0,0.08051035295773576,98.4375,100.0,0.08072907565390824,-0.024647153044447274,0.0,0.08,0.08051035295773576,0.08051035295773576,0
104,10,0.05000460892915726,0.06944530460935455,0.0,0.08367934670589303,99.14163090128756,100.0,0.08525620957984718,-0.32842422295173046,0.0,0.08,0.08367934670589303,0.08367934670589303,0
104,12,0.05689756199717522,0.06944530460935455,0.0,0.10112424268111359,97.65625,100.0,0.11017748954444798,-0.19928693387744403,0.0,0.08,0.10112424268111359,0.10112424268111359,0
104,14,0.05916301906108856,0.06944530460935455,0.0,0.2115240573250364,96.875,100.0,0.26789151046433773,-0.16024276499669354,0.0,0.08,0.2115240573250364,0.2115240573250364,0
104,16,0.03049297071993351,0.06944530460935455,0.0,0.07999999999999996,98.828125,100.0,0.07999999999999996,-0.8230430858994155,0.0,0.08,0.07999999999999996,0.07999999999999996,0
104,5,0.4156985878944397,0.06944530460935455,0.7,0.6399999999999548,86.328125,100.0,0.6399999999999356,1.7894208706780979,0.7,0.6399999999999999,0.6399999999999548,0.6399999999999548,0
104,15,0.07715979963541031,0.06944530460935455,0.10533911819722963,0.25076214819161835,98.046875,100.0,0.28782965689183315,0.10533911819722963,0.10533911819722963,0.16427129455778372,0.25076214819161835,0.25076214819161835,0
104,13,0.04099317640066147,0.06944530460935455,0.0,0.15173321973256387,99.375,100.0,0.18247602818937697,-0.5271337351521108,0.0,0.08,0.15173321973256387,0.15173321973256387,0
104,4,0.18729494512081146,0.06944530460935455,0.7,0.3400630433851414,93.7062937062937,100.0,0.21151863340734484,0.9921450716381709,0.7,0.6399999999999999,0.3400630433851414,0.3400630433851414,0
104,6,0.03432053327560425,0.06944530460935455,0.0,0.13903292735714035,100.0,100.0,0.16433275336734338,-0.7047954984931616,0.0,0.08,0.13903292735714035,0.13903292735714035,0
104,17,0.05755072832107544,0.06944530460935455,0.0,0.10961247434971827,96.484375,100.0,0.12230353478531183,-0.187872638400091,0.0,0.08,0.10961247434971827,0.10961247434971827,0
104,1,0.2811834216117859,0.06944530460935455,0.7,0.5570364987503214,100.0,100.0,0.5214807125004591,1.3984676352047765,0.7,0.6399999999999999,0.5570364987503214,0.5570364987503214,0
104,9,0.03835756331682205,0.06944530460935455,0.0,0.07999999999999996,99.21875,100.0,0.07999999999999996,-0.5935876154532548,0.0,0.08,0.07999999999999996,0.07999999999999996,0
104,18,0.09819336235523224,0.06944530460935455,0.3463991190954834,0.1860375726050551,97.65625,100.0,0.11271683431734153,0.3463991190954834,0.3463991190954834,0.35711929527638675,0.1860375726050551,0.1860375726050551,0
104,7,0.10341962426900864,0.06944530460935455,0.39825522789924933,0.21769398996951478,97.89473684210526,100.0,0.14016105039099278,0.39825522789924933,0.39825522789924933,0.3986041823193995,0.21769398996951478,0.21769398996951478,0
104,0,0.0723523274064064,0.06944530460935455,0.041008156789541006,0.15505147987961237,97.46192893401015,100.0,0.17315646035731794,0.041008156789541006,0.041008156789541006,0.1128065254316328,0.15505147987961237,0.15505147987961237,0
104,2,0.12330565601587296,0.06944530460935455,0.5741267595070986,0.4475094762063767,95.90163934426229,100.0,0.40817007703524727,0.5741267595070986,0.5741267595070986,0.5393014076056789,0.4475094762063767,0.4475094762063767,0
104,19,0.05667921528220177,0.06944530460935455,0.0,0.08639245374419866,99.609375,100.0,0.08913207677742666,-0.20313185624180755,0.0,0.08,0.08639245374419866,0.08639245374419866,0
105,1,0.18170630931854248,0.06884665492506285,0.7,0.5819255491252249,97.29729729729729,100.0,0.5570364987503214,0.9705099693772989,0.7,0.6399999999999999,0.5819255491252249,0.5819255491252249,0
105,0,0.0816575288772583,0.06884665492506285,0.17065236250181795,0.17349260291616497,95.93908629441624,100.0,0.15505147987961237,0.17065236250181795,0.17065236250181795,0.2165218900014544,0.17349260291616497,0.17349260291616497,0
105,5,0.2977210283279419,0.06884665492506285,0.7,0.6399999999999684,90.234375,100.0,0.6399999999999548,1.464275150806222,0.7,0.6399999999999999,0.6399999999999684,0.6399999999999684,0
105,12,0.03713354095816612,0.06884665492506285,0.0,0.09478696987677951,97.65625,100.0,0.10112424268111359,-0.6173608848375571,0.0,0.08,0.09478696987677951,0.09478696987677951,0
105,17,0.07276386022567749,0.06884665492506285,0.055337759623812606,0.1140097943545178,94.921875,100.0,0.10961247434971827,0.055337759623812606,0.055337759623812606,0.12427020769905009,0.1140097943545178,0.1140097943545178,0
105,9,0.053364258259534836,0.06884665492506285,0.0,0.07999999999999996,98.4375,100.0,0.07999999999999996,-0.254740395998606,0.0,0.08,0.07999999999999996,0.07999999999999996,0
105,7,0.03387041389942169,0.06884665492506285,0.0,0.17638579297866033,96.84210526315789,100.0,0.21769398996951478,-0.7093396020435667,0.0,0.08,0.17638579297866033,0.17638579297866033,0
105,11,0.04529695212841034,0.06884665492506285,0.0,0.08250877345741953,98.828125,100.0,0.0835839620820279,-0.41864181522100563,0.0,0.08,0.08250877345741953,0.08250877345741953,0
105,10,0.02686482109129429,0.06884665492506285,0.0,0.08257554269412512,98.71244635193133,100.0,0.08367934670589303,-0.9410637474318402,0.0,0.08,0.08257554269412512,0.08257554269412512,0
105,18,0.08318988233804703,0.06884665492506285,0.18924406984725423,0.1996448775868796,96.09375,100.0,0.1860375726050551,0.18924406984725423,0.18924406984725423,0.2313952558778034,0.1996448775868796,0.1996448775868796,0
105,6,0.09460560977458954,0.06884665492506285,0.3178350956661413,0.19760347210987217,100.0,100.0,0.13903292735714035,0.3178350956661413,0.3178350956661413,0.33426807653291307,0.19760347210987217,0.19760347210987217,0
105,14,0.07298897206783295,0.06884665492506285,0.058426714901296736,0.1860892517038367,98.046875,100.0,0.2115240573250364,0.058426714901296736,0.058426714901296736,0.1267413719210374,0.1860892517038367,0.1860892517038367,0
105,15,0.07049264758825302,0.06884665492506285,0.023626772431824185,0.20520392911777066,97.265625,100.0,0.25076214819161835,0.023626772431824185,0.023626772431824185,0.09890141794545936,0.20520392911777066,0.20520392911777066,0
105,2,0.09249648451805115,0.06884665492506285,0.2952889624198188,0.4081259843252202,97.54098360655738,100.0,0.4475094762063767,0.2952889624198188,0.2952889624198188,0.31623116993585504,0.4081259843252202,0.4081259843252202,0
105,3,0.1259506493806839,0.06884665492506285,0.6040084537641317,0.39052270277499246,98.42105263157895,100.0,0.3165152483880012,0.6040084537641317,0.6040084537641317,0.5632067630113053,0.39052270277499246,0.39052270277499246,0
105,4,0.1091100350022316,0.06884665492506285,0.4604751758369024,0.37255817257045554,91.60839160839161,100.0,0.3400630433851414,0.4604751758369024,0.4604751758369024,0.448380140669522,0.37255817257045554,0.37255817257045554,0
105,8,0.024724602699279785,0.06884665492506285,0.0,0.08035724707041503,100.0,100.0,0.08051035295773576,-1.024082571228719,0.0,0.08,0.08035724707041503,0.08035724707041503,0
105,16,0.028368638828396797,0.06884665492506285,0.0,0.07999999999999996,99.609375,100.0,0.07999999999999996,-0.8865971633666034,0.0,0.08,0.07999999999999996,0.07999999999999996,0
105,19,0.04469478502869606,0.06884665492506285,0.0,0.08447471762093905,99.21875,100.0,0.08639245374419866,-0.43202473174975675,0.0,0.08,0.08447471762093905,0.08447471762093905,0
105,13,0.05216912180185318,0.06884665492506285,0.0,0.1302132538127947,96.875,100.0,0.15173321973256387,-0.2773908090950803,0.0,0.08,0.1302132538127947,0.1302132538127947,0
106,19,0.04329069331288338,0.0691248148232531,0.0,0.08313230233465733,98.046875,100.0,0.08447471762093905,-0.4679760177710327,0.0,0.08,0.08313230233465733,0.08313230233465733,0
106,12,0.06341905891895294,0.0691248148232531,0.0,0.09035087891374566,98.4375,100.0,0.09478696987677951,-0.08614933782401075,0.0,0.08,0.09035087891374566,0.09035087891374566,0
106,13,0.1065649539232254,0.0691248148232531,0.4328408634339087,0.21903108489309436,99.375,100.0,0.1302132538127947,0.4328408634339087,0.4328408634339087,0.426272690747127,0.21903108489309436,0.21903108489309436,0
106,4,0.12418870627880096,0.0691248148232531,0.5858883885179721,0.4254039340436322,95.1048951048951,100.0,0.37255817257045554,0.5858883885179721,0.5858883885179721,0.5487107108143777,0.4254039340436322,0.4254039340436322,0
106,0,0.06534316390752792,0.0691248148232531,0.0,0.14544482204131548,98.4771573604061,100.0,0.17349260291616497,-0.05626094538301176,0.0,0.08,0.14544482204131548,0.14544482204131548,0
106,6,0.04921424761414528,0.0691248148232531,0.0,0.1623224304769105,97.87234042553192,100.0,0.19760347210987217,-0.3397305552138412,0.0,0.08,0.1623224304769105,0.1623224304769105,0
106,15,0.07974264770746231,0.0691248148232531,0.1428907454256763,0.20193652928460176,97.265625,100.0,0.20520392911777066,0.1428907454256763,0.1428907454256763,0.19431259634054104,0.20193652928460176,0.20193652928460176,0
106,17,0.09007012099027634,0.0691248148232531,0.264674674474173,0.167328777921964,96.875,100.0,0.1140097943545178,0.264674674474173,0.264674674474173,0.2917397395793384,0.167328777921964,0.167328777921964,0
106,14,0.09725355356931686,0.0691248148232531,0.341407699576694,0.23620032409109226,100.0,100.0,0.1860892517038367,0.341407699576694,0.341407699576694,0.3531261596613552,0.23620032409109226,0.23620032409109226,0
106,1,0.08338543772697449,0.0691248148232531,0.18755988081699548,0.4763622557837363,97.29729729729729,100.0,0.5819255491252249,0.18755988081699548,0.18755988081699548,0.23004790465359642,0.4763622557837363,0.4763622557837363,0
106,9,0.04358915239572525,0.0691248148232531,0.0,0.07999999999999996,97.65625,100.0,0.07999999999999996,-0.46110537508556704,0.0,0.08,0.07999999999999996,0.07999999999999996,0
106,7,0.046515461057424545,0.0691248148232531,0.0,0.14747005508506222,98.94736842105263,100.0,0.17638579297866033,-0.39612895746713633,0.0,0.08,0.14747005508506222,0.14747005508506222,0
106,3,0.05524209141731262,0.0691248148232531,0.0,0.29736589194249474,97.36842105263158,100.0,0.39052270277499246,-0.22418855623142614,0.0,0.08,0.29736589194249474,0.29736589194249474,0
106,10,0.031404461711645126,0.0691248148232531,0.0,0.08180287988588758,98.28326180257511,100.0,0.08257554269412512,-0.7889636316632159,0.0,0.08,0.08180287988588758,0.08180287988588758,0
106,2,0.14621418714523315,0.0691248148232531,0.7,0.4776881890276541,95.90163934426229,100.0,0.4081259843252202,0.7491587246607633,0.7,0.6399999999999999,0.4776881890276541,0.4776881890276541,0
106,18,0.04242262989282608,0.0691248148232531,0.0,0.1637514143108157,97.65625,100.0,0.1996448775868796,-0.48823174616819875,0.0,0.08,0.1637514143108157,0.1637514143108157,0
106,8,0.021030724048614502,0.0691248148232531,0.0,0.08025007294929051,99.21875,99.609375,0.08035724707041503,-1.1899290316994688,0.0,0.08,0.08025007294929051,0.08025007294929051,0
106,11,0.02603939175605774,0.0691248148232531,0.0,0.08175614142019366,97.65625,100.0,0.08250877345741953,-0.9763030825980609,0.0,0.08,0.08175614142019366,0.08175614142019366,0
106,5,0.31617265939712524,0.0691248148232531,0.7,0.6399999999999778,86.328125,100.0,0.6399999999999684,1.5203745608586943,0.7,0.6399999999999999,0.6399999999999778,0.6399999999999778,0
106,16,0.028089778497815132,0.0691248148232531,0.0,0.07999999999999996,99.21875,100.0,0.07999999999999996,-0.9005078139966585,0.0,0.08,0.07999999999999996,0.07999999999999996,0
107,6,0.025012502446770668,0.06814539085774106,0.0,0.13762570133383734,96.80851063829788,100.0,0.1623224304769105,-1.0022674727538086,0.0,0.08,0.13762570133383734,0.13762570133383734,0
107,17,0.05824245512485504,0.06814539085774106,0.0,0.14113014454537479,98.828125,100.0,0.167328777921964,-0.15702894028644465,0.0,0.08,0.14113014454537479,0.14113014454537479,0
107,4,0.10973794013261795,0.06814539085774106,0.4764515818617036,0.43613113347735144,97.9020979020979,100.0,0.4254039340436322,0.4764515818617036,0.4764515818617036,0.4611612654893629,0.43613113347735144,0.43613113347735144,0
107,5,0.3656448721885681,0.06814539085774106,0.7,0.6399999999999844,89.453125,100.0,0.6399999999999778,1.6800189248575041,0.7,0.6399999999999999,0.6399999999999844,0.6399999999999844,0
107,18,0.04873519763350487,0.06814539085774106,0.0,0.13862599001757098,98.046875,100.0,0.1637514143108157,-0.33524195204572615,0.0,0.08,0.13862599001757098,0.13862599001757098,0
107,8,0.06761780381202698,0.06814539085774106,0.0,0.08017505106450336,98.046875,100.0,0.08025007294929051,-0.007772204021991925,0.0,0.08,0.08017505106450336,0.08017505106450336,0
107,10,0.05505334585905075,0.06814539085774106,0.0,0.0812620159201213,97.42489270386267,100.0,0.08180287988588758,-0.21334084877412066,0.0,0.08,0.0812620159201213,0.0812620159201213,0
107,12,0.06576229631900787,0.06814539085774106,0.0,0.08724561523962196,98.046875,100.0,0.09035087891374566,-0.0355968483915591,0.0,0.08,0.08724561523962196,0.08724561523962196,0
107,2,0.08349143713712692,0.06814539085774106,0.2031005268295124,0.4071258587584408,98.36065573770492,100.0,0.4776881890276541,0.2031005268295124,0.2031005268295124,0.24248042146360993,0.4071258587584408,0.4071258587584408,0
107,16,0.007327138911932707,0.06814539085774106,0.0,0.07999999999999996,99.21875,100.0,0.07999999999999996,-2.2300571915893,0.0,0.08,0.07999999999999996,0.07999999999999996,0
107,19,0.0689161866903305,0.06814539085774106,0.01124755543954129,0.08489202493975004,98.4375,100.0,0.08313230233465733,0.01124755543954129,0.01124755543954129,0.08899804435163303,0.08489202493975004,0.08489202493975004,0
107,11,0.06060689315199852,0.06814539085774106,0.0,0.08122929899413556,98.046875,100.0,0.08175614142019366,-0.11723487029860664,0.0,0.08,0.08122929899413556,0.08122929899413556,0
107,15,0.07645706087350845,0.06814539085774106,0.11508574798272314,0.1929761500150748,97.265625,100.0,0.20193652928460176,0.11508574798272314,0.11508574798272314,0.17206859838617852,0.1929761500150748,0.1929761500150748,0
107,9,0.01823364943265915,0.06814539085774106,0.0,0.07999999999999996,99.609375,100.0,0.07999999999999996,-1.3183743648963073,0.0,0.08,0.07999999999999996,0.07999999999999996,0
107,7,0.09717780351638794,0.06814539085774106,0.3548987591222352,0.21240474074888,97.89473684210526,100.0,0.14747005508506222,0.3548987591222352,0.3548987591222352,0.36391900729778814,0.21240474074888,0.21240474074888,0
107,3,0.0728248581290245,0.06814539085774106,0.06641382176564598,0.24809544158350136,95.78947368421052,100.0,0.29736589194249474,0.06641382176564598,0.06641382176564598,0.1331310574125168,0.24809544158350136,0.24809544158350136,0
107,0,0.05944692716002464,0.06814539085774106,0.0,0.12581137542892082,96.95431472081218,100.0,0.14544482204131548,-0.1365595680718263,0.0,0.08,0.12581137542892082,0.12581137542892082,0
107,14,0.08207353204488754,0.06814539085774106,0.18597202925121226,0.23397351388405552,98.828125,100.0,0.23620032409109226,0.18597202925121226,0.18597202925121226,0.2287776234009698,0.23397351388405552,0.23397351388405552,0
107,1,0.08494129031896591,0.06814539085774106,0.22031676315870774,0.4103296022067052,97.29729729729729,100.0,0.4763622557837363,0.22031676315870774,0.22031676315870774,0.2562534105269662,0.4103296022067052,0.4103296022067052,0
107,13,0.0663912370800972,0.06814539085774106,0.0,0.17732175942516604,100.0,100.0,0.21903108489309436,-0.026078443575200345,0.0,0.08,0.17732175942516604,0.17732175942516604,0
108,6,0.04837967827916145,0.06803130381657316,0.0,0.12033799093368613,98.93617021276596,100.0,0.13762570133383734,-0.34088803449684824,0.0,0.08,0.12033799093368613,0.12033799093368613,0
108,4,0.0781194418668747,0.06803130381657316,0.138270992948489,0.36247683174178336,95.8041958041958,100.0,0.43613113347735144,0.138270992948489,0.138270992948489,0.1906167943587912,0.36247683174178336,0.36247683174178336,0
108,8,0.04864400625228882,0.06803130381657316,0.0,0.08012253574515235,98.046875,100.0,0.08017505106450336,-0.3354392912568609,0.0,0.08,0.08012253574515235,0.08012253574515235,0
108,9,0.026343949139118195,0.06803130381657316,0.0,0.07999999999999996,98.828125,100.0,0.07999999999999996,-0.9487291024602315,0.0,0.08,0.07999999999999996,0.07999999999999996,0
108,5,0.23063403367996216,0.06803130381657316,0.7,0.639999999999989,91.015625,100.0,0.6399999999999844,1.2208641313320954,0.7,0.6399999999999999,0.639999999999989,0.639999999999989,0
108,16,0.03401261940598488,0.06803130381657316,0.0,0.07999999999999996,99.21875,100.0,0.07999999999999996,-0.6932361877205758,0.0,0.08,0.07999999999999996,0.07999999999999996,0
108,12,0.032413020730018616,0.06803130381657316,0.0,0.08507193066773537,98.828125,100.0,0.08724561523962196,-0.741407571512675,0.0,0.08,0.08507193066773537,0.08507193066773537,0
108,2,0.07958114892244339,0.06803130381657316,0.15680927139665368,0.34662232626610545,95.90163934426229,100.0,0.4071258587584408,0.15680927139665368,0.15680927139665368,0.20544741711732295,0.34662232626610545,0.34662232626610545,0
108,15,0.09699037671089172,0.06803130381657316,0.3546437710364605,0.24419781005930286,98.4375,100.0,0.1929761500150748,0.3546437710364605,0.3546437710364605,0.3637150168291684,0.24419781005930286,0.24419781005930286,0
108,14,0.07992963492870331,0.06803130381657316,0.16117871286754895,0.22646435080705057,97.265625,100.0,0.23397351388405552,0.16117871286754895,0.16117871286754895,0.2089429702940392,0.22646435080705057,0.22646435080705057,0
108,13,0.0806194394826889,0.06803130381657316,0.1697718326382317,0.18887047143079183,98.75,100.0,0.17732175942516604,0.1697718326382317,0.1697718326382317,0.2158174661105854,0.18887047143079183,0.18887047143079183,0
108,7,0.03693430498242378,0.06803130381657316,0.0,0.17268331852421598,97.89473684210526,100.0,0.21240474074888,-0.6108270322439575,0.0,0.08,0.17268331852421598,0.17268331852421598,0
108,1,0.14321036636829376,0.06803130381657316,0.7,0.4792307215446936,100.0,100.0,0.4103296022067052,0.7443466160915302,0.7,0.6399999999999999,0.4792307215446936,0.4792307215446936,0
108,17,0.09211781620979309,0.06803130381657316,0.30310038081651447,0.19553519257772584,97.65625,100.0,0.14113014454537479,0.30310038081651447,0.30310038081651447,0.3224803046532116,0.19553519257772584,0.19553519257772584,0
108,19,0.01530543528497219,0.06803130381657316,0.0,0.08342441745782503,98.046875,100.0,0.08489202493975004,-1.4917594304230757,0.0,0.08,0.08342441745782503,0.08342441745782503,0
108,18,0.07602154463529587,0.06803130381657316,0.11104881721559468,0.1476899091440424,98.828125,100.0,0.13862599001757098,0.11104881721559468,0.11104881721559468,0.16883905377247577,0.1476899091440424,0.1476899091440424,0
108,3,0.1585550457239151,0.06803130381657316,0.7,0.36566680910845095,97.36842105263158,100.0,0.24809544158350136,0.8461337912463559,0.7,0.6399999999999999,0.36566680910845095,0.36566680910845095,0
108,10,0.028553582727909088,0.06803130381657316,0.0,0.08088341114408491,99.14163090128756,100.0,0.0812620159201213,-0.8681853284407504,0.0,0.08,0.08088341114408491,0.08088341114408491,0
108,0,0.10110744833946228,0.06803130381657316,0.3962157987267852,0.20715975449467303,96.44670050761421,100.0,0.12581137542892082,0.3962157987267852,0.3962157987267852,0.3969726389814282,0.20715975449467303,0.20715975449467303,0
108,11,0.08031478524208069,0.06803130381657316,0.16598575708858118,0.12069709099715437,98.046875,100.0,0.08122929899413556,0.16598575708858118,0.16598575708858118,0.21278860567086494,0.12069709099715437,0.12069709099715437,0
109,8,0.011970099993050098,0.06911320297438174,0.0,0.08008577502160664,98.828125,100.0,0.08012253574515235,-1.753333219165276,0.0,0.08,0.08008577502160664,0.08008577502160664,0
109,6,0.027087129652500153,0.06911320297438174,0.0,0.10823659365358029,95.74468085106383,100.0,0.12033799093368613,-0.936686864070933,0.0,0.08,0.10823659365358029,0.10823659365358029,0
109,4,0.09228967130184174,0.06911320297438174,0.28918641229317615,0.34713852116961064,93.7062937062937,100.0,0.36247683174178336,0.28918641229317615,0.28918641229317615,0.31134912983454094,0.34713852116961064,0.34713852116961064,0
109,14,0.07496552914381027,0.06911320297438174,0.08128260210828309,0.20203287007092333,98.4375,100.0,0.22646435080705057,0.08128260210828309,0.08128260210828309,0.14502608168662648,0.20203287007092333,0.20203287007092333,0
109,5,0.3685125708580017,0.06911320297438174,0.7,0.6399999999999922,87.5,100.0,0.639999999999989,1.67372892402079,0.7,0.6399999999999999,0.6399999999999922,0.6399999999999922,0
109,15,0.049071889370679855,0.06911320297438174,0.0,0.194938467041512,96.875,100.0,0.24419781005930286,-0.34245937102970414,0.0,0.08,0.194938467041512,0.194938467041512,0
109,12,0.05485080927610397,0.06911320297438174,0.0,0.08355035146741475,98.828125,100.0,0.08507193066773537,-0.23112880447788525,0.0,0.08,0.08355035146741475,0.08355035146741475,0
109,18,0.07865050435066223,0.06911320297438174,0.12926824147121974,0.1584073143539224,97.265625,100.0,0.1476899091440424,0.12926824147121974,0.12926824147121974,0.18341459317697578,0.1584073143539224,0.1584073143539224,0
109,11,0.05363523215055466,0.06911320297438174,0.0,0.10848796369800806,97.265625,100.0,0.12069709099715437,-0.25353957292775564,0.0,0.08,0.10848796369800806,0.10848796369800806,0
109,2,0.09288984537124634,0.06911320297438174,0.2956685126556306,0.33759607142362513,97.54098360655738,100.0,0.34662232626610545,0.2956685126556306,0.2956685126556306,0.3165348101245045,0.33759607142362513,0.33759607142362513,0
109,3,0.18432652950286865,0.06911320297438174,0.7,0.4479667663759156,98.42105263157895,100.0,0.36566680910845095,0.9809629281987847,0.7,0.6399999999999999,0.4479667663759156,0.4479667663759156,0
109,10,0.023952050134539604,0.06911320297438174,0.0,0.08061838780085943,99.57081545064378,100.0,0.08088341114408491,-1.0596915894519054,0.0,0.08,0.08061838780085943,0.08061838780085943,0
109,0,0.03480110317468643,0.06911320297438174,0.0,0.1690118281462711,100.0,100.0,0.20715975449467303,-0.6860965537059209,0.0,0.08,0.1690118281462711,0.1690118281462711,0
109,9,0.03294609487056732,0.06911320297438174,0.0,0.07999999999999996,98.828125,100.0,0.07999999999999996,-0.7408728871286765,0.0,0.08,0.07999999999999996,0.07999999999999996,0
109,1,0.05478402599692345,0.06911320297438174,0.0,0.3594615050812855,97.29729729729729,100.0,0.4792307215446936,-0.23234709016402597,0.0,0.08,0.3594615050812855,0.3594615050812855,0
109,17,0.04119226709008217,0.06911320297438174,0.0,0.16087463480440806,98.046875,100.0,0.19553519257772584,-0.5174951382382771,0.0,0.08,0.16087463480440806,0.16087463480440806,0
109,16,0.013055356219410896,0.06911320297438174,0.0,0.07999999999999996,100.0,100.0,0.07999999999999996,-1.6665466739532582,0.0,0.08,0.07999999999999996,0.07999999999999996,0
109,13,0.04279661551117897,0.06911320297438174,0.0,0.15620933000155426,98.125,100.0,0.18887047143079183,-0.47928667147038745,0.0,0.08,0.15620933000155426,0.15620933000155426,0
109,7,0.0902659073472023,0.06911320297438174,0.2670140234067079,0.20896168858456107,94.73684210526316,100.0,0.17268331852421598,0.2670140234067079,0.2670140234067079,0.29361121872536633,0.20896168858456107,0.20896168858456107,0
109,19,0.05234827101230621,0.06911320297438174,0.0,0.08239709222047752,99.21875,100.0,0.08342441745782503,-0.27782682741682124,0.0,0.08,0.08239709222047752,0.08239709222047752,0
110,8,0.06700052320957184,0.06750105783508661,0.0,0.08006004251512465,99.609375,100.0,0.08008577502160664,-0.007442839821296697,0.0,0.08,0.08006004251512465,0.08006004251512465,0
110,10,0.06298723071813583,0.06750105783508661,0.0,0.0804328714606016,99.57081545064378,100.0,0.08061838780085943,-0.06921123993606158,0.0,0.08,0.0804328714606016,0.0804328714606016,0
110,16,0.010866361670196056,0.06750105783508661,0.0,0.07999999999999996,97.65625,100.0,0.07999999999999996,-1.8264705651108188,0.0,0.08,0.07999999999999996,0.07999999999999996,0
110,3,0.07353756576776505,0.06750105783508661,0.08565309298589839,0.3581334787797565,97.89473684210526,100.0,0.4479667663759156,0.08565309298589839,0.08565309298589839,0.1485224743887187,0.3581334787797565,0.3581334787797565,0
110,14,0.06469490379095078,0.06750105783508661,0.0,0.16542300904964632,98.828125,100.0,0.20203287007092333,-0.042460831311165195,0.0,0.08,0.16542300904964632,0.16542300904964632,0
110,2,0.071104496717453,0.06750105783508661,0.05200730288618376,0.2727990026892217,93.44262295081967,100.0,0.33759607142362513,0.05200730288618376,0.05200730288618376,0.12160584230894701,0.2727990026892217,0.2727990026892217,0
110,12,0.05562438443303108,0.06750105783508661,0.0,0.08248524602719032,98.4375,100.0,0.08355035146741475,-0.1935215637024628,0.0,0.08,0.08248524602719032,0.08248524602719032,0
110,5,0.3956944942474365,0.06750105783508661,0.7,0.6399999999999945,85.546875,100.0,0.6399999999999922,1.7684990420777464,0.7,0.6399999999999999,0.6399999999999945,0.6399999999999945,0
110,6,0.023332975804805756,0.06750105783508661,0.0,0.09976561555750621,96.80851063829788,100.0,0.10823659365358029,-1.0622753583418354,0.0,0.08,0.09976561555750621,0.09976561555750621,0
110,11,0.06571779400110245,0.06750105783508661,0.0,0.09994157458860564,96.875,100.0,0.10848796369800806,-0.026773539390544172,0.0,0.08,0.09994157458860564,0.09994157458860564,0
110,17,0.10700010508298874,0.06750105783508661,0.4606864924708649,0.2471770025560932,97.65625,100.0,0.16087463480440806,0.4606864924708649,0.4606864924708649,0.44854919397669196,0.2471770025560932,0.2471770025560932,0
110,18,0.05682386830449104,0.06750105783508661,0.0,0.1348851200477457,97.65625,100.0,0.1584073143539224,-0.17218678746085364,0.0,0.08,0.1348851200477457,0.1348851200477457,0
110,15,0.05168721452355385,0.06750105783508661,0.0,0.16045692692905839,97.265625,100.0,0.194938467041512,-0.266932774415836,0.0,0.08,0.16045692692905839,0.16045692692905839,0
110,0,0.10082027316093445,0.06750105783508661,0.40119613969712375,0.2385953532296995,97.46192893401015,100.0,0.1690118281462711,0.40119613969712375,0.40119613969712375,0.40095691175769904,0.2385953532296995,0.2385953532296995,0
110,9,0.02132692188024521,0.06750105783508661,0.0,0.07999999999999996,99.609375,100.0,0.07999999999999996,-1.1521727359838017,0.0,0.08,0.07999999999999996,0.07999999999999996,0
110,4,0.105257049202919,0.06750105783508661,0.4442621235925128,0.3736198744809305,96.5034965034965,100.0,0.34713852116961064,0.4442621235925128,0.4442621235925128,0.4354096988740103,0.3736198744809305,0.3736198744809305,0
110,13,0.07728905975818634,0.06750105783508661,0.13540912778080544,0.16584472166848127,95.625,100.0,0.15620933000155426,0.13540912778080544,0.13540912778080544,0.18832730222464436,0.16584472166848127,0.16584472166848127,0
110,7,0.08276925981044769,0.06750105783508661,0.2039134374152331,0.21921240698884867,96.84210526315789,100.0,0.20896168858456107,0.2039134374152331,0.2039134374152331,0.24313074993218647,0.21921240698884867,0.21921240698884867,0
110,1,0.11722884327173233,0.06750105783508661,0.5519846176364868,0.40809936178965667,97.29729729729729,100.0,0.3594615050812855,0.5519846176364868,0.5519846176364868,0.5215876941091894,0.40809936178965667,0.40809936178965667,0
110,19,0.04207991063594818,0.06750105783508661,0.0,0.08167796455433426,97.265625,100.0,0.08239709222047752,-0.47257273513258513,0.0,0.08,0.08167796455433426,0.08167796455433426,0
111,16,0.031118277460336685,0.06738686791211167,0.0,0.07999999999999996,99.609375,100.0,0.07999999999999996,-0.7726546416313368,0.0,0.08,0.07999999999999996,0.07999999999999996,0
111,5,0.303535133600235,0.06738686791211167,0.7,0.639999999999996,91.796875,100.0,0.6399999999999945,1.5050470889628809,0.7,0.6399999999999999,0.639999999999996,0.639999999999996,0
111,13,0.04351219907402992,0.06738686791211167,0.0,0.14009130516793689,98.75,100.0,0.16584472166848127,-0.4374087421493303,0.0,0.08,0.14009130516793689,0.14009130516793689,0
111,9,0.038103386759757996,0.06738686791211167,0.0,0.07999999999999996,100.0,100.0,0.07999999999999996,-0.5701468772743603,0.0,0.08,0.07999999999999996,0.07999999999999996,0
111,10,0.06987769156694412,0.06738686791211167,0.03629628434969857,0.08901411826634877,97.85407725321889,100.0,0.0804328714606016,0.03629628434969857,0.03629628434969857,0.10903702747975885,0.08901411826634877,0.08901411826634877,0
111,7,0.029871514067053795,0.06738686791211167,0.0,0.17744868489219406,98.94736842105263,100.0,0.21921240698884867,-0.8135446549698518,0.0,0.08,0.17744868489219406,0.17744868489219406,0
111,14,0.0697408989071846,0.06738686791211167,0.0343367647259835,0.14803692986898845,98.828125,100.0,0.16542300904964632,0.0343367647259835,0.0343367647259835,0.10746941178078681,0.14803692986898845,0.14803692986898845,0
111,6,0.03152306377887726,0.06738686791211167,0.0,0.09383593089025435,96.80851063829788,100.0,0.09976561555750621,-0.7597305306320075,0.0,0.08,0.09383593089025435,0.09383593089025435,0
111,0,0.10224200040102005,0.06738686791211167,0.4168923447501784,0.29107091000083246,94.9238578680203,100.0,0.2385953532296995,0.4168923447501784,0.4168923447501784,0.41351387580014276,0.29107091000083246,0.29107091000083246,0
111,11,0.03472989425063133,0.06738686791211167,0.0,0.09395910221202394,99.21875,100.0,0.09994157458860564,-0.6628491994445497,0.0,0.08,0.09395910221202394,0.09395910221202394,0
111,17,0.07693503051996231,0.06738686791211167,0.13251112695460315,0.22882657225837,97.65625,100.0,0.2471770025560932,0.13251112695460315,0.13251112695460315,0.18600890156368255,0.22882657225837,0.22882657225837,0
111,3,0.17016145586967468,0.06738686791211167,0.7,0.4426934351458295,96.3157894736842,100.0,0.3581334787797565,0.9262974762772832,0.7,0.6399999999999999,0.4426934351458295,0.4426934351458295,0
111,2,0.10376828908920288,0.06738686791211167,0.4317102110891819,0.31856975254385883,94.26229508196721,100.0,0.2727990026892217,0.4317102110891819,0.4317102110891819,0.42536816887134554,0.31856975254385883,0.31856975254385883,0
111,12,0.06547464430332184,0.06738686791211167,0.0,0.08173967221903322,98.046875,100.0,0.08248524602719032,-0.028787198679718788,0.0,0.08,0.08173967221903322,0.08173967221903322,0
111,15,0.056384723633527756,0.06738686791211167,0.0,0.13631984885034087,97.65625,100.0,0.16045692692905839,-0.178251867625574,0.0,0.08,0.13631984885034087,0.13631984885034087,0
111,4,0.09140733629465103,0.06738686791211167,0.3048755412127156,0.3587040420277031,98.6013986013986,100.0,0.3736198744809305,0.3048755412127156,0.3048755412127156,0.3239004329701725,0.3587040420277031,0.3587040420277031,0
111,18,0.05947765335440636,0.06738686791211167,0.0,0.11841958403342198,97.265625,100.0,0.1348851200477457,-0.12484947297158752,0.0,0.08,0.11841958403342198,0.11841958403342198,0
111,1,0.037779487669467926,0.06738686791211167,0.0,0.3096695532527597,97.29729729729729,100.0,0.40809936178965667,-0.578683743450049,0.0,0.08,0.3096695532527597,0.3096695532527597,0
111,8,0.054821379482746124,0.06738686791211167,0.0,0.08004202976058725,98.4375,100.0,0.08006004251512465,-0.2063698724049468,0.0,0.08,0.08004202976058725,0.08004202976058725,0
111,19,0.03841523081064224,0.06738686791211167,0.0,0.08117457518803398,97.65625,100.0,0.08167796455433426,-0.561996032270745,0.0,0.08,0.08117457518803398,0.08117457518803398,0
112,6,0.03802827000617981,0.0664412999702972,0.0,0.08968515162317806,96.80851063829788,100.0,0.09383593089025435,-0.5579889075137212,0.0,0.08,0.08968515162317806,0.08968515162317806,0
112,3,0.14474578201770782,0.0664412999702972,0.7,0.5018854046020806,98.42105263157895,100.0,0.4426934351458295,0.7786600441995418,0.7,0.6399999999999999,0.5018854046020806,0.5018854046020806,0
112,4,0.054719869047403336,0.0664412999702972,0.0,0.27509282941939217,97.2027972027972,100.0,0.3587040420277031,-0.1940919382207603,0.0,0.08,0.27509282941939217,0.27509282941939217,0
112,1,0.09190964698791504,0.0664412999702972,0.3244871041783229,0.3186455922797293,100.0,100.0,0.3096695532527597,0.3244871041783229,0.3244871041783229,0.3395896833426583,0.3186455922797293,0.3186455922797293,0
112,7,0.12548212707042694,0.0664412999702972,0.6358444131996039,0.3008167385924408,98.94736842105263,100.0,0.17744868489219406,0.6358444131996039,0.6358444131996039,0.5886755305596831,0.3008167385924408,0.3008167385924408,0
112,0,0.07216286659240723,0.0664412999702972,0.08260673790369108,0.24757525409746856,98.4771573604061,100.0,0.29107091000083246,0.08260673790369108,0.08260673790369108,0.14608539032295287,0.24757525409746856,0.24757525409746856,0
112,8,0.03143167123198509,0.0664412999702972,0.0,0.08002942083241107,98.4375,100.0,0.08004202976058725,-0.7485026604491677,0.0,0.08,0.08002942083241107,0.08002942083241107,0
112,15,0.10305478423833847,0.0664412999702972,0.43894182853179786,0.2247699330428701,96.09375,100.0,0.13631984885034087,0.43894182853179786,0.43894182853179786,0.4311534628254383,0.2247699330428701,0.2247699330428701,0
112,2,0.06049352139234543,0.0664412999702972,0.0,0.24699882678070115,96.72131147540983,100.0,0.31856975254385883,-0.09378256095584023,0.0,0.08,0.24699882678070115,0.24699882678070115,0
112,9,0.01789846085011959,0.0664412999702972,0.0,0.07999999999999996,100.0,100.0,0.07999999999999996,-1.3116037193116281,0.0,0.08,0.07999999999999996,0.07999999999999996,0
112,14,0.08006351441144943,0.0664412999702972,0.18650137358041366,0.1723861805675912,97.265625,100.0,0.14803692986898845,0.18650137358041366,0.18650137358041366,0.22920109886433093,0.1723861805675912,0.1723861805675912,0
112,11,0.05045264586806297,0.0664412999702972,0.0,0.08977137154841675,97.265625,100.0,0.09395910221202394,-0.27528361215846037,0.0,0.08,0.08977137154841675,0.08977137154841675,0
112,10,0.03823556378483772,0.0664412999702972,0.0,0.08630988278644414,99.14163090128756,100.0,0.08901411826634877,-0.5525526679621957,0.0,0.08,0.08630988278644414,0.08630988278644414,0
112,19,0.04095485433936119,0.0664412999702972,0.0,0.08082220263162378,99.609375,100.0,0.08117457518803398,-0.4838484106111765,0.0,0.08,0.08082220263162378,0.08082220263162378,0
112,18,0.11642123758792877,0.0664412999702972,0.5608960569126495,0.24150876248243125,97.265625,100.0,0.11841958403342198,0.5608960569126495,0.5608960569126495,0.5287168455301197,0.24150876248243125,0.24150876248243125,0
112,17,0.07954467087984085,0.0664412999702972,0.1799998862883529,0.22737857329006367,97.265625,100.0,0.22882657225837,0.1799998862883529,0.1799998862883529,0.22399990903068234,0.22737857329006367,0.22737857329006367,0
112,16,0.02352999523282051,0.0664412999702972,0.0,0.07999999999999996,100.0,100.0,0.07999999999999996,-1.0380425760130332,0.0,0.08,0.07999999999999996,0.07999999999999996,0
112,12,0.06922430545091629,0.0664412999702972,0.04103317911126782,0.09106573354002753,97.265625,100.0,0.08173967221903322,0.04103317911126782,0.04103317911126782,0.11282654328901426,0.09106573354002753,0.09106573354002753,0
112,5,0.2809161841869354,0.0664412999702972,0.7,0.6399999999999971,89.84375,100.0,0.639999999999996,1.4417373823817328,0.7,0.6399999999999999,0.6399999999999971,0.6399999999999971,0
112,13,0.06735163927078247,0.0664412999702972,0.01360838947408471,0.12532992709133614,97.5,100.0,0.14009130516793689,0.01360838947408471,0.01360838947408471,0.09088671157926777,0.12532992709133614,0.12532992709133614,0
113,2,0.11320669203996658,0.06662596720935242,0.5301208196307781,0.32412817545787753,95.90163934426229,100.0,0.24699882678070115,0.5301208196307781,0.5301208196307781,0.5040966557046225,0.32412817545787753,0.32412817545787753,0
113,9,0.015552503988146782,0.06662596720935242,0.0,0.07999999999999996,99.21875,100.0,0.07999999999999996,-1.4548722528644866,0.0,0.08,0.07999999999999996,0.07999999999999996,0
113,16,0.01684783399105072,0.06662596720935242,0.0,0.07999999999999996,100.0,100.0,0.07999999999999996,-1.3748718541274871,0.0,0.08,0.07999999999999996,0.07999999999999996,0
113,10,0.041087910532951355,0.06662596720935242,0.0,0.0844169179505109,98.28326180257511,100.0,0.08630988278644414,-0.48338037568969744,0.0,0.08,0.0844169179505109,0.0844169179505109,0
113,13,0.032738570123910904,0.06662596720935242,0.0,0.11173094896393529,98.75,100.0,0.12532992709133614,-0.710540346920535,0.0,0.08,0.11173094896393529,0.11173094896393529,0
113,19,0.06321828067302704,0.06662596720935242,0.0,0.08057554184213664,98.828125,100.0,0.08082220263162378,-0.052500881020464324,0.0,0.08,0.08057554184213664,0.08057554184213664,0
113,18,0.08159501105546951,0.06662596720935242,0.2026736939455929,0.24169782028464415,96.875,100.0,0.24150876248243125,0.2026736939455929,0.2026736939455929,0.24213895515647432,0.24169782028464415,0.24169782028464415,0
113,11,0.06398741900920868,0.06662596720935242,0.0,0.08683996008389172,98.4375,100.0,0.08977137154841675,-0.04040790735051532,0.0,0.08,0.08683996008389172,0.08683996008389172,0
113,5,0.3678685128688812,0.06662596720935242,0.7,0.6399999999999979,91.796875,100.0,0.6399999999999971,1.7086310498324586,0.7,0.6399999999999999,0.6399999999999979,0.6399999999999979,0
113,3,0.10337396711111069,0.06662596720935242,0.43925870867425987,0.4807418733032788,96.84210526315789,100.0,0.5018854046020806,0.43925870867425987,0.43925870867425987,0.43140696693940794,0.4807418733032788,0.4807418733032788,0
113,15,0.07843900471925735,0.06662596720935242,0.1632268906156936,0.22051340687777551,96.875,100.0,0.2247699330428701,0.1632268906156936,0.1632268906156936,0.21058151249255486,0.22051340687777551,0.22051340687777551,0
113,17,0.07022634148597717,0.06662596720935242,0.05262906820265973,0.19579597767168289,97.65625,100.0,0.22737857329006367,0.05262906820265973,0.05262906820265973,0.12210325456212778,0.19579597767168289,0.19579597767168289,0
113,12,0.04673263430595398,0.06662596720935242,0.0,0.08774601347801927,99.21875,100.0,0.09106573354002753,-0.35465160767193815,0.0,0.08,0.08774601347801927,0.08774601347801927,0
113,0,0.07657619565725327,0.06662596720935242,0.1391918476985577,0.23070872131588183,95.93908629441624,100.0,0.24757525409746856,0.1391918476985577,0.1391918476985577,0.19135347815884618,0.23070872131588183,0.23070872131588183,0
113,4,0.041014302521944046,0.06662596720935242,0.0,0.2165649805935745,97.9020979020979,100.0,0.27509282941939217,-0.4851734579967227,0.0,0.08,0.2165649805935745,0.2165649805935745,0
113,7,0.020923135802149773,0.06662596720935242,0.0,0.23457171701470853,94.73684210526316,100.0,0.3008167385924408,-1.1582385488422449,0.0,0.08,0.23457171701470853,0.23457171701470853,0
113,8,0.025415770709514618,0.06662596720935242,0.0,0.08002059458268775,98.828125,100.0,0.08002942083241107,-0.9637242808044899,0.0,0.08,0.08002059458268775,0.08002059458268775,0
113,1,0.04778676852583885,0.06662596720935242,0.0,0.24705191459581047,97.29729729729729,100.0,0.3186455922797293,-0.33234554832703755,0.0,0.08,0.24705191459581047,0.24705191459581047,0
113,6,0.07489879429340363,0.06662596720935242,0.11704337666994402,0.11487001653701119,98.93617021276596,100.0,0.08968515162317806,0.11704337666994402,0.11704337666994402,0.1736347013359552,0.11487001653701119,0.11487001653701119,0
113,14,0.07490990310907364,0.06662596720935242,0.11719168333571074,0.17279633039788442,96.875,100.0,0.1723861805675912,0.11719168333571074,0.11719168333571074,0.17375334666856862,0.17279633039788442,0.17279633039788442,0
114,4,0.04958401992917061,0.06632365547252896,0.0,0.17559548641550216,94.4055944055944,100.0,0.2165649805935745,-0.2908779741383966,0.0,0.08,0.17559548641550216,0.17559548641550216,0
114,17,0.08828268945217133,0.06632365547252896,0.2859973804302834,0.229696555673446,98.828125,100.0,0.19579597767168289,0.2859973804302834,0.2859973804302834,0.3087979043442267,0.229696555673446,0.229696555673446,0
114,19,0.024652861058712006,0.06632365547252896,0.0,0.08040287928949565,98.4375,100.0,0.08057554184213664,-0.9896534121127055,0.0,0.08,0.08040287928949565,0.08040287928949565,0
114,13,0.04932758957147598,0.06632365547252896,0.0,0.1022116642747547,98.75,100.0,0.11173094896393529,-0.29606302535016193,0.0,0.08,0.1022116642747547,0.1022116642747547,0
114,5,0.2798954248428345,0.06632365547252896,0.7,0.6399999999999985,91.40625,100.0,0.6399999999999979,1.439869307641664,0.7,0.6399999999999999,0.6399999999999985,0.6399999999999985,0
114,12,0.06476745009422302,0.06632365547252896,0.0,0.08542220943461348,99.21875,100.0,0.08774601347801927,-0.023743460594630658,0.0,0.08,0.08542220943461348,0.08542220943461348,0
114,7,0.04174868389964104,0.06632365547252896,0.0,0.18820020191029596,97.89473684210526,100.0,0.23457171701470853,-0.46287861182243434,0.0,0.08,0.18820020191029596,0.18820020191029596,0
114,0,0.10613102465867996,0.06632365547252896,0.4701277279118473,0.29832675961996064,95.93908629441624,100.0,0.23070872131588183,0.4701277279118473,0.4701277279118473,0.4561021823294779,0.29832675961996064,0.29832675961996064,0
114,14,0.04645943269133568,0.06632365547252896,0.0,0.1449574312785191,98.4375,100.0,0.17279633039788442,-0.35596704696993275,0.0,0.08,0.1449574312785191,0.1449574312785191,0
114,1,0.26186737418174744,0.06632365547252896,0.7,0.36493634021706733,97.29729729729729,100.0,0.24705191459581047,1.373291429580958,0.7,0.6399999999999999,0.36493634021706733,0.36493634021706733,0
114,16,0.02569536305963993,0.06632365547252896,0.0,0.07999999999999996,98.828125,100.0,0.07999999999999996,-0.9482358396862602,0.0,0.08,0.07999999999999996,0.07999999999999996,0
114,9,0.029536699876189232,0.06632365547252896,0.0,0.07999999999999996,99.21875,100.0,0.07999999999999996,-0.8089128864877141,0.0,0.08,0.07999999999999996,0.07999999999999996,0
114,8,0.0656004250049591,0.06632365547252896,0.0,0.08001441620788141,98.4375,100.0,0.08002059458268775,-0.010964451687801885,0.0,0.08,0.08001441620788141,0.08001441620788141,0
114,2,0.19925622642040253,0.06632365547252896,0.7,0.41888972282051423,99.18032786885246,100.0,0.32412817545787753,1.100044837866534,0.7,0.6399999999999999,0.41888972282051423,0.41888972282051423,0
114,18,0.03991406410932541,0.06632365547252896,0.0,0.1931884741992509,98.046875,100.0,0.24169782028464415,-0.5078177825198521,0.0,0.08,0.1931884741992509,0.1931884741992509,0
114,10,0.018437733873724937,0.06632365547252896,0.0,0.08309184256535762,98.71244635193133,100.0,0.0844169179505109,-1.280146917726966,0.0,0.08,0.08309184256535762,0.08309184256535762,0
114,15,0.11953849345445633,0.06632365547252896,0.5890917453255834,0.31974140369258286,97.65625,100.0,0.22051340687777551,0.5890917453255834,0.5890917453255834,0.5512733962604667,0.31974140369258286,0.31974140369258286,0
114,11,0.07124145328998566,0.06632365547252896,0.07152821970765053,0.10195474478856033,98.046875,100.0,0.08683996008389172,0.07152821970765053,0.07152821970765053,0.13722257576612043,0.10195474478856033,0.10195474478856033,0
114,6,0.019682353362441063,0.06632365547252896,0.0,0.10440901157590782,98.93617021276596,100.0,0.11487001653701119,-1.21482380482015,0.0,0.08,0.10440901157590782,0.10440901157590782,0
114,3,0.05685818940401077,0.06632365547252896,0.0,0.36051931131229514,97.36842105263158,100.0,0.4807418733032788,-0.1539863402499423,0.0,0.08,0.36051931131229514,0.36051931131229514,0
115,8,0.0633763000369072,0.06501340039193512,0.0,0.08001009134551698,98.4375,100.0,0.08001441620788141,-0.025503429446463843,0.0,0.08,0.08001009134551698,0.08001009134551698,0
115,18,0.09914101660251617,0.06501340039193512,0.42194978527968735,0.26049988040660055,96.484375,100.0,0.1931884741992509,0.42194978527968735,0.42194978527968735,0.41755982822374993,0.26049988040660055,0.26049988040660055,0
115,14,0.08607582002878189,0.06501340039193512,0.28063508992792063,0.19282262347766432,98.046875,100.0,0.1449574312785191,0.28063508992792063,0.28063508992792063,0.30450807194233653,0.19282262347766432,0.19282262347766432,0
115,17,0.05844362452626228,0.06501340039193512,0.0,0.18478758897141218,97.265625,100.0,0.229696555673446,-0.1065307849481624,0.0,0.08,0.18478758897141218,0.18478758897141218,0
115,0,0.04155613109469414,0.06501340039193512,0.0,0.23282873173397242,96.95431472081218,100.0,0.29832675961996064,-0.4475482518448945,0.0,0.08,0.23282873173397242,0.23282873173397242,0
115,2,0.109800323843956,0.06501340039193512,0.5240700072060289,0.44299960770380686,96.72131147540983,100.0,0.41888972282051423,0.5240700072060289,0.5240700072060289,0.49925600576482315,0.44299960770380686,0.44299960770380686,0
115,13,0.08042670786380768,0.06501340039193512,0.212752870382539,0.14660885388413766,99.375,100.0,0.1022116642747547,0.212752870382539,0.212752870382539,0.25020229630603125,0.14660885388413766,0.14660885388413766,0
115,10,0.05851134657859802,0.06501340039193512,0.0,0.08216428979575033,99.14163090128756,100.0,0.08309184256535762,-0.10537269739217427,0.0,0.08,0.08216428979575033,0.08216428979575033,0
115,5,0.33962786197662354,0.06501340039193512,0.7,0.6399999999999989,92.578125,100.0,0.6399999999999985,1.65325696168968,0.7,0.6399999999999999,0.6399999999999989,0.6399999999999989,0
115,9,0.024453071877360344,0.06501340039193512,0.0,0.07999999999999996,98.4375,100.0,0.07999999999999996,-0.9778373062066894,0.0,0.08,0.07999999999999996,0.07999999999999996,0
115,7,0.014860858209431171,0.06501340039193512,0.0,0.15574014133720715,96.84210526315789,100.0,0.18820020191029596,-1.4758620988175875,0.0,0.08,0.15574014133720715,0.15574014133720715,0
115,4,0.06863131374120712,0.06501340039193512,0.05415548248059587,0.15991415628619451,96.5034965034965,100.0,0.17559548641550216,0.05415548248059587,0.05415548248059587,0.1233243859844767,0.15991415628619451,0.15991415628619451,0
115,19,0.025551142171025276,0.06501340039193512,0.0,0.08028201550264695,99.609375,100.0,0.08040287928949565,-0.9339111519486203,0.0,0.08,0.08028201550264695,0.08028201550264695,0
115,6,0.09814786165952682,0.06501340039193512,0.41188167358012656,0.19593790976236586,98.93617021276596,100.0,0.10440901157590782,0.41188167358012656,0.41188167358012656,0.4095053388641013,0.19593790976236586,0.19593790976236586,0
115,1,0.11024729162454605,0.06501340039193512,0.5281324766286626,0.4062072325428261,97.29729729729729,100.0,0.36493634021706733,0.5281324766286626,0.5281324766286626,0.5025059813029301,0.4062072325428261,0.4062072325428261,0
115,15,0.11620647460222244,0.06501340039193512,0.5807750860496449,0.38720500323672274,97.65625,100.0,0.31974140369258286,0.5807750860496449,0.5807750860496449,0.5446200688397159,0.38720500323672274,0.38720500323672274,0
115,12,0.047640278935432434,0.06501340039193512,0.0,0.08379554660422944,98.046875,100.0,0.08542220943461348,-0.31091475289376724,0.0,0.08,0.08379554660422944,0.08379554660422944,0
115,16,0.006317202467471361,0.06501340039193512,0.0,0.07999999999999996,99.609375,100.0,0.07999999999999996,-2.331315516750618,0.0,0.08,0.07999999999999996,0.07999999999999996,0
115,3,0.06968585401773453,0.06501340039193512,0.06940392306220872,0.29302045945353666,97.36842105263158,100.0,0.36051931131229514,0.06940392306220872,0.06940392306220872,0.135523138449767,0.29302045945353666,0.29302045945353666,0
115,11,0.049546487629413605,0.06501340039193512,0.0,0.09536832135199222,98.4375,100.0,0.10195474478856033,-0.27168198762397255,0.0,0.08,0.09536832135199222,0.09536832135199222,0
116,7,0.02203456312417984,0.06511244104164733,0.0,0.133018098936045,98.94736842105263,100.0,0.15574014133720715,-1.0835030656869589,0.0,0.08,0.133018098936045,0.133018098936045,0
116,0,0.0722019225358963,0.06511244104164733,0.10335102079874876,0.2117843572054804,96.95431472081218,100.0,0.23282873173397242,0.10335102079874876,0.10335102079874876,0.16268081663899903,0.2117843572054804,0.2117843572054804,0
116,13,0.09188462793827057,0.06511244104164733,0.3444180635935958,0.20928653298135935,98.75,100.0,0.14660885388413766,0.3444180635935958,0.3444180635935958,0.3555344508748767,0.20928653298135935,0.20928653298135935,0
116,3,0.1017095148563385,0.06511244104164733,0.44600516390656153,0.3361555609550504,96.3157894736842,100.0,0.29302045945353666,0.44600516390656153,0.44600516390656153,0.43680413112524924,0.3361555609550504,0.3361555609550504,0
116,12,0.08652985841035843,0.06511244104164733,0.28437386271040893,0.15090660967345876,98.4375,100.0,0.08379554660422944,0.28437386271040893,0.28437386271040893,0.30749909016832716,0.15090660967345876,0.15090660967345876,0
116,4,0.16399329900741577,0.06511244104164733,0.7,0.3039399094003361,97.9020979020979,100.0,0.15991415628619451,0.9237098370896637,0.7,0.6399999999999999,0.3039399094003361,0.3039399094003361,0
116,15,0.07366327941417694,0.06511244104164733,0.1233887755753309,0.3246568084037853,96.484375,100.0,0.38720500323672274,0.1233887755753309,0.1233887755753309,0.1787110204602647,0.3246568084037853,0.3246568084037853,0
116,11,0.03734184801578522,0.06511244104164733,0.0,0.09075782494639456,98.4375,100.0,0.09536832135199222,-0.5560008948969999,0.0,0.08,0.09075782494639456,0.09075782494639456,0
116,18,0.08798094838857651,0.06511244104164733,0.3010046179492869,0.2785910245924492,98.046875,100.0,0.26049988040660055,0.3010046179492869,0.3010046179492869,0.3208036943594295,0.2785910245924492,0.2785910245924492,0
116,17,0.06216457486152649,0.06511244104164733,0.0,0.15335131227998852,97.265625,100.0,0.18478758897141218,-0.04633032879407916,0.0,0.08,0.15335131227998852,0.15335131227998852,0
116,16,0.01609693095088005,0.06511244104164733,0.0,0.07999999999999996,100.0,100.0,0.07999999999999996,-1.3974865402803516,0.0,0.08,0.07999999999999996,0.07999999999999996,0
116,9,0.02700594998896122,0.06511244104164733,0.0,0.07999999999999996,98.828125,100.0,0.07999999999999996,-0.8800582091903102,0.0,0.08,0.07999999999999996,0.07999999999999996,0
116,10,0.027170324698090553,0.06511244104164733,0.0,0.08151500285702523,98.71244635193133,100.0,0.08216428979575033,-0.8739900491409717,0.0,0.08,0.08151500285702523,0.08151500285702523,0
116,8,0.016621818765997887,0.06511244104164733,0.0,0.08000706394186188,99.21875,100.0,0.08001009134551698,-1.3653989737377465,0.0,0.08,0.08000706394186188,0.08000706394186188,0
116,6,0.05737236142158508,0.06511244104164733,0.0,0.16115653683365608,92.55319148936171,100.0,0.19593790976236586,-0.12655293783863256,0.0,0.08,0.16115653683365608,0.16115653683365608,0
116,2,0.06074043735861778,0.06511244104164733,0.0,0.3340997253926648,96.72131147540983,100.0,0.44299960770380686,-0.06950596643626022,0.0,0.08,0.3340997253926648,0.3340997253926648,0
116,19,0.03636668995022774,0.06511244104164733,0.0,0.08019741085185286,99.21875,100.0,0.08028201550264695,-0.5824622717748162,0.0,0.08,0.08019741085185286,0.08019741085185286,0
116,14,0.08807460963726044,0.06511244104164733,0.30206861442778826,0.23147230389703422,95.703125,100.0,0.19282262347766432,0.30206861442778826,0.30206861442778826,0.32165489154223065,0.23147230389703422,0.23147230389703422,0
116,1,0.15986809134483337,0.06511244104164733,0.7,0.47634506277997823,97.29729729729729,100.0,0.4062072325428261,0.8982333174950636,0.7,0.6399999999999999,0.47634506277997823,0.47634506277997823,0
116,5,0.26839643716812134,0.06511244104164733,0.7,0.6399999999999991,90.625,100.0,0.6399999999999989,1.4163493767644073,0.7,0.6399999999999999,0.6399999999999991,0.6399999999999991,0
117,13,0.044296279549598694,0.06531952180735373,0.0,0.17050057308695152,96.875,100.0,0.20928653298135935,-0.3883901842019659,0.0,0.08,0.17050057308695152,0.17050057308695152,0
117,18,0.09884872287511826,0.06531952180735373,0.4142996304712073,0.3184456285278042,98.4375,100.0,0.2785910245924492,0.4142996304712073,0.4142996304712073,0.4114397043769659,0.3184456285278042,0.3184456285278042,0
117,4,0.08829130977392197,0.06531952180735373,0.30135069857187347,0.3090821042374849,98.6013986013986,100.0,0.3039399094003361,0.30135069857187347,0.30135069857187347,0.3210805588574988,0.3090821042374849,0.3090821042374849,0
117,5,0.2473873347043991,0.06531952180735373,0.7,0.6399999999999993,91.40625,100.0,0.6399999999999991,1.3316642050747796,0.7,0.6399999999999999,0.6399999999999993,0.6399999999999993,0
117,17,0.11590401828289032,0.06531952180735373,0.5734714058810743,0.26897905600744976,97.265625,100.0,0.15335131227998852,0.5734714058810743,0.5734714058810743,0.5387771247048594,0.26897905600744976,0.26897905600744976,0
117,6,0.05251633748412132,0.06531952180735373,0.0,0.13680957578355923,98.93617021276596,100.0,0.16115653683365608,-0.21816659862119692,0.0,0.08,0.13680957578355923,0.13680957578355923,0
117,9,0.03861048072576523,0.06531952180735373,0.0,0.07999999999999996,99.609375,100.0,0.07999999999999996,-0.5257670803944064,0.0,0.08,0.07999999999999996,0.07999999999999996,0
117,11,0.03768544644117355,0.06531952180735373,0.0,0.08753047746247619,97.65625,100.0,0.09075782494639456,-0.5500168511656929,0.0,0.08,0.08753047746247619,0.08753047746247619,0
117,16,0.014717169106006622,0.06531952180735373,0.0,0.07999999999999996,99.21875,100.0,0.07999999999999996,-1.4902756422839654,0.0,0.08,0.07999999999999996,0.07999999999999996,0
117,0,0.057522810995578766,0.06531952180735373,0.0,0.17224905004383625,98.4771573604061,100.0,0.2117843572054804,-0.1271093444556409,0.0,0.08,0.17224905004383625,0.17224905004383625,0
117,14,0.055247560143470764,0.06531952180735373,0.0,0.18603061272792393,96.875,100.0,0.23147230389703422,-0.1674667402727639,0.0,0.08,0.18603061272792393,0.18603061272792393,0
117,8,0.032252393662929535,0.06531952180735373,0.0,0.08000494475930331,98.828125,100.0,0.08000706394186188,-0.7056985277515538,0.0,0.08,0.08000494475930331,0.08000494475930331,0
117,2,0.1646517962217331,0.06531952180735373,0.7,0.4258698077748653,97.54098360655738,100.0,0.3340997253926648,0.9245418784306149,0.7,0.6399999999999999,0.4258698077748653,0.4258698077748653,0
117,3,0.12495578080415726,0.06531952180735373,0.6486689007785013,0.41498942885537554,96.84210526315789,100.0,0.3361555609550504,0.6486689007785013,0.6486689007785013,0.598935120622801,0.41498942885537554,0.41498942885537554,0
117,15,0.04063982889056206,0.06531952180735373,0.0,0.2512597658826497,98.4375,100.0,0.3246568084037853,-0.47454226144447903,0.0,0.08,0.2512597658826497,0.2512597658826497,0
117,7,0.025245781987905502,0.06531952180735373,0.0,0.11711266925523148,98.94736842105263,100.0,0.133018098936045,-0.950631612511091,0.0,0.08,0.11711266925523148,0.11711266925523148,0
117,1,0.12569977343082428,0.06531952180735373,0.6546052922897688,0.5145468140955293,100.0,100.0,0.47634506277997823,0.6546052922897688,0.6546052922897688,0.603684233831815,0.5145468140955293,0.5145468140955293,0
117,10,0.0353795625269413,0.06531952180735373,0.0,0.08106050199991766,98.28326180257511,100.0,0.08151500285702523,-0.613156494077476,0.0,0.08,0.08106050199991766,0.08106050199991766,0
117,19,0.02886674366891384,0.06531952180735373,0.0,0.080138187596297,98.828125,100.0,0.08019741085185286,-0.8166005595694141,0.0,0.08,0.080138187596297,0.080138187596297,0
117,12,0.10794490575790405,0.06531952180735373,0.5023299573314647,0.25019381653097267,99.21875,100.0,0.15090660967345876,0.5023299573314647,0.5023299573314647,0.4818639658651718,0.25019381653097267,0.25019381653097267,0
118,18,0.052160706371068954,0.06417576450799796,0.0,0.24691193996946292,98.046875,100.0,0.3184456285278042,-0.20729614373952707,0.0,0.08,0.24691193996946292,0.24691193996946292,0
118,6,0.03158756345510483,0.06417576450799796,0.0,0.11976670304849146,96.80851063829788,100.0,0.13680957578355923,-0.7088619972114103,0.0,0.08,0.11976670304849146,0.11976670304849146,0
118,1,0.1123495101928711,0.06417576450799796,0.559988932604237,0.5185801136918874,100.0,100.0,0.5145468140955293,0.559988932604237,0.559988932604237,0.5279911460833896,0.5185801136918874,0.5185801136918874,0
118,0,0.050141237676143646,0.06417576450799796,0.0,0.14457433503068537,95.43147208121827,100.0,0.17224905004383625,-0.24678181910288194,0.0,0.08,0.14457433503068537,0.14457433503068537,0
118,3,0.0711977407336235,0.06417576450799796,0.10383543172750524,0.33941310381336415,98.42105263157895,100.0,0.41498942885537554,0.10383543172750524,0.10383543172750524,0.1630683453820042,0.33941310381336415,0.33941310381336415,0
118,19,0.03566183149814606,0.06417576450799796,0.0,0.0800967313174079,100.0,100.0,0.080138187596297,-0.5875445438282962,0.0,0.08,0.0800967313174079,0.0800967313174079,0
118,16,0.006798220798373222,0.06417576450799796,0.0,0.07999999999999996,99.609375,100.0,0.07999999999999996,-2.244963393751121,0.0,0.08,0.07999999999999996,0.07999999999999996,0
118,17,0.034007273614406586,0.06417576450799796,0.0,0.2122853392052148,98.046875,100.0,0.26897905600744976,-0.6350510697449079,0.0,0.08,0.2122853392052148,0.2122853392052148,0
118,4,0.06686391681432724,0.06417576450799796,0.0410338157881932,0.2502055887554058,97.9020979020979,100.0,0.3090821042374849,0.0410338157881932,0.0410338157881932,0.11282705263055456,0.2502055887554058,0.2502055887554058,0
118,14,0.07871159166097641,0.06417576450799796,0.2041647654638177,0.20322097262086297,96.875,100.0,0.18603061272792393,0.2041647654638177,0.2041647654638177,0.24333181237105417,0.20322097262086297,0.20322097262086297,0
118,15,0.0685199499130249,0.06417576450799796,0.0654992930437177,0.215601666448347,98.046875,100.0,0.2512597658826497,0.0654992930437177,0.0654992930437177,0.13239943443497415,0.215601666448347,0.215601666448347,0
118,5,0.3249354660511017,0.06417576450799796,0.7,0.6399999999999995,89.453125,100.0,0.6399999999999993,1.6220008320201011,0.7,0.6399999999999999,0.6399999999999995,0.6399999999999995,0
118,2,0.08995639532804489,0.06417576450799796,0.33769937236236,0.4031567148093721,96.72131147540983,100.0,0.4258698077748653,0.33769937236236,0.33769937236236,0.350159497889888,0.4031567148093721,0.4031567148093721,0
118,11,0.03275976702570915,0.06417576450799796,0.0,0.08527133422373333,97.65625,100.0,0.08753047746247619,-0.6724243427068582,0.0,0.08,0.08527133422373333,0.08527133422373333,0
118,13,0.037750035524368286,0.06417576450799796,0.0,0.14335040116086606,99.375,100.0,0.17050057308695152,-0.5306391137336923,0.0,0.08,0.14335040116086606,0.14335040116086606,0
118,7,0.05339755490422249,0.06417576450799796,0.0,0.10597886847866203,97.89473684210526,100.0,0.11711266925523148,-0.18386065148966238,0.0,0.08,0.10597886847866203,0.10597886847866203,0
118,12,0.03183489292860031,0.06417576450799796,0.0,0.19913567157168086,97.65625,100.0,0.25019381653097267,-0.7010625311108866,0.0,0.08,0.19913567157168086,0.19913567157168086,0
118,9,0.022428739815950394,0.06417576450799796,0.0,0.07999999999999996,99.21875,100.0,0.07999999999999996,-1.0512821855327583,0.0,0.08,0.07999999999999996,0.07999999999999996,0
118,8,0.07321443408727646,0.06417576450799796,0.13176692972666873,0.11162752446591281,99.21875,100.0,0.08000494475930331,0.13176692972666873,0.13176692972666873,0.185413543781335,0.11162752446591281,0.11162752446591281,0
118,10,0.03574582189321518,0.06417576450799796,0.0,0.08074235139994235,97.85407725321889,100.0,0.08106050199991766,-0.5851921234282773,0.0,0.08,0.08074235139994235,0.08074235139994235,0
119,18,0.07860364019870758,0.06287328525955879,0.22329662365968442,0.2504295476569483,98.046875,100.0,0.24691193996946292,0.22329662365968442,0.22329662365968442,0.25863729892774756,0.2504295476569483,0.2504295476569483,0
119,2,0.051815215498209,0.06287328525955879,0.0,0.3062097003665605,95.08196721311475,100.0,0.4031567148093721,-0.19343748027052257,0.0,0.08,0.3062097003665605,0.3062097003665605,0
119,9,0.040391433984041214,0.06287328525955879,0.0,0.07999999999999996,99.21875,100.0,0.07999999999999996,-0.4425035349195124,0.0,0.08,0.07999999999999996,0.07999999999999996,0
119,12,0.02210131846368313,0.06287328525955879,0.0,0.1633949701001766,99.21875,100.0,0.19913567157168086,-1.0454837966883244,0.0,0.08,0.1633949701001766,0.1633949701001766,0
119,15,0.039263252168893814,0.06287328525955879,0.0,0.17492116651384287,96.09375,100.0,0.215601666448347,-0.4708322380743738,0.0,0.08,0.17492116651384287,0.17492116651384287,0
119,6,0.06048734486103058,0.06287328525955879,0.0,0.107836692133944,95.74468085106383,100.0,0.11976670304849146,-0.03868718225471732,0.0,0.08,0.107836692133944,0.107836692133944,0
119,0,0.14318110048770905,0.06287328525955879,0.7,0.29320203452147975,98.4771573604061,100.0,0.14457433503068537,0.8229888209393403,0.7,0.6399999999999999,0.29320203452147975,0.29320203452147975,0
119,19,0.018988577648997307,0.06287328525955879,0.0,0.08006771192218552,99.609375,100.0,0.0800967313174079,-1.1972833662331261,0.0,0.08,0.08006771192218552,0.08006771192218552,0
119,7,0.07567179948091507,0.06287328525955879,0.185284178327506,0.14265341073366483,98.94736842105263,100.0,0.10597886847866203,0.185284178327506,0.185284178327506,0.22822734266200478,0.14265341073366483,0.14265341073366483,0
119,8,0.016272537410259247,0.06287328525955879,0.0,0.10213926712613897,99.21875,100.0,0.11162752446591281,-1.3516420349038123,0.0,0.08,0.10213926712613897,0.10213926712613897,0
119,5,0.4058575928211212,0.06287328525955879,0.7,0.6399999999999996,85.15625,100.0,0.6399999999999995,1.8648808512289254,0.7,0.6399999999999999,0.6399999999999996,0.6399999999999996,0
119,4,0.05439542233943939,0.06287328525955879,0.0,0.19914391212878402,96.5034965034965,100.0,0.2502055887554058,-0.14484132889613047,0.0,0.08,0.19914391212878402,0.19914391212878402,0
119,1,0.09341910481452942,0.06287328525955879,0.39597446481326726,0.48203995113950526,94.5945945945946,100.0,0.5185801136918874,0.39597446481326726,0.39597446481326726,0.39677957185061385,0.48203995113950526,0.48203995113950526,0
119,13,0.03896579518914223,0.06287328525955879,0.0,0.12434528081260623,98.125,100.0,0.14335040116086606,-0.478437043381831,0.0,0.08,0.12434528081260623,0.12434528081260623,0
119,16,0.023274319246411324,0.06287328525955879,0.0,0.07999999999999996,99.609375,100.0,0.07999999999999996,-0.9937705107653616,0.0,0.08,0.07999999999999996,0.07999999999999996,0
119,14,0.07369562238454819,0.06287328525955879,0.15882202047282654,0.20437196574808245,98.4375,100.0,0.20322097262086297,0.15882202047282654,0.15882202047282654,0.20705761637826126,0.20437196574808245,0.20437196574808245,0
119,17,0.040994610637426376,0.06287328525955879,0.0,0.17259973744365034,97.265625,100.0,0.2122853392052148,-0.4276806607531793,0.0,0.08,0.17259973744365034,0.17259973744365034,0
119,11,0.04322047531604767,0.06287328525955879,0.0,0.08368993395661332,98.828125,100.0,0.08527133422373333,-0.37480693489941486,0.0,0.08,0.08368993395661332,0.08368993395661332,0
119,10,0.07437650859355927,0.06287328525955879,0.16801876683772674,0.12084415002101406,98.28326180257511,100.0,0.08074235139994235,0.16801876683772674,0.16801876683772674,0.21441501347018138,0.12084415002101406,0.12084415002101406,0
119,3,0.07183270901441574,0.06287328525955879,0.13321855395134727,0.29356162561767823,98.94736842105263,100.0,0.33941310381336415,0.13321855395134727,0.13321855395134727,0.1865748431610778,0.29356162561767823,0.29356162561767823,0
120,14,0.07764430344104767,0.06189648862548533,0.22667470062619396,0.22146230417394425,98.4375,100.0,0.20437196574808245,0.22667470062619396,0.22667470062619396,0.2613397605009552,0.22146230417394425,0.22146230417394425,0
120,19,0.016224326565861702,0.06189648862548533,0.0,0.08004739834552986,99.609375,100.0,0.08006771192218552,-1.338951240943463,0.0,0.08,0.08004739834552986,0.08004739834552986,0
120,17,0.0620354525744915,0.06189648862548533,0.002242585462221459,0.1453580367214884,97.265625,100.0,0.17259973744365034,0.002242585462221459,0.002242585462221459,0.08179406836977716,0.1453580367214884,0.1453580367214884,0
120,0,0.07792029529809952,0.06189648862548533,0.23022296434906603,0.28449493560881167,95.43147208121827,100.0,0.29320203452147975,0.23022296434906603,0.23022296434906603,0.2641783714792528,0.28449493560881167,0.28449493560881167,0
120,2,0.05456823483109474,0.06189648862548533,0.0,0.2383467902565923,98.36065573770492,100.0,0.3062097003665605,-0.1260114960163834,0.0,0.08,0.2383467902565923,0.2383467902565923,0
120,6,0.04532665014266968,0.06189648862548533,0.0,0.0994856844937608,96.80851063829788,100.0,0.107836692133944,-0.31156822957696884,0.0,0.08,0.0994856844937608,0.0994856844937608,0
120,9,0.03566555678844452,0.06189648862548533,0.0,0.07999999999999996,99.21875,100.0,0.07999999999999996,-0.5512779054631559,0.0,0.08,0.07999999999999996,0.07999999999999996,0
120,5,0.29841089248657227,0.06189648862548533,0.7,0.6399999999999997,91.015625,100.0,0.6399999999999996,1.573007791071018,0.7,0.6399999999999999,0.6399999999999997,0.6399999999999997,0
120,16,0.027897551655769348,0.06189648862548533,0.0,0.07999999999999996,99.21875,100.0,0.07999999999999996,-0.7969243239167784,0.0,0.08,0.07999999999999996,0.07999999999999996,0
120,1,0.29290637373924255,0.06189648862548533,0.7,0.5294279657976536,94.5945945945946,100.0,0.48203995113950526,1.554389435466379,0.7,0.6399999999999999,0.5294279657976536,0.5294279657976536,0
120,18,0.04658901318907738,0.06189648862548533,0.0,0.19930068335986378,98.828125,100.0,0.2504295476569483,-0.28409865357233005,0.0,0.08,0.19930068335986378,0.19930068335986378,0
120,13,0.05493159964680672,0.06189648862548533,0.0,0.11104169656882437,96.25,100.0,0.12434528081260623,-0.11937466254804155,0.0,0.08,0.11104169656882437,0.11104169656882437,0
120,10,0.0421520471572876,0.06189648862548533,0.0,0.10859090501470983,99.57081545064378,100.0,0.12084415002101406,-0.38418012418778996,0.0,0.08,0.10859090501470983,0.10859090501470983,0
120,11,0.037753667682409286,0.06189648862548533,0.0,0.08258295376962932,97.65625,100.0,0.08368993395661332,-0.4943807200739063,0.0,0.08,0.08258295376962932,0.08258295376962932,0
120,4,0.11062393337488174,0.06189648862548533,0.5806729387946827,0.3027622438008727,95.1048951048951,100.0,0.19914391212878402,0.5806729387946827,0.5806729387946827,0.5445383510357462,0.3027622438008727,0.3027622438008727,0
120,7,0.03469064459204674,0.06189648862548533,0.0,0.12385738751356537,98.94736842105263,100.0,0.14265341073366483,-0.5789932825085856,0.0,0.08,0.12385738751356537,0.12385738751356537,0
120,3,0.1608923226594925,0.06189648862548533,0.7,0.39749313793237473,97.89473684210526,100.0,0.29356162561767823,0.9552717869576102,0.7,0.6399999999999999,0.39749313793237473,0.39749313793237473,0
120,12,0.06624455749988556,0.06189648862548533,0.06788984842812262,0.15467004269287304,97.65625,100.0,0.1633949701001766,0.06788984842812262,0.06788984842812262,0.13431187874249811,0.15467004269287304,0.15467004269287304,0
120,15,0.06782881915569305,0.06189648862548533,0.0915237002824479,0.1684105046274775,96.875,100.0,0.17492116651384287,0.0915237002824479,0.0915237002824479,0.15321896022595832,0.1684105046274775,0.1684105046274775,0
120,8,0.03102898597717285,0.06189648862548533,0.0,0.09549748698829727,98.828125,100.0,0.10213926712613897,-0.6905414916578643,0.0,0.08,0.09549748698829727,0.09549748698829727,0
121,4,0.1471652388572693,0.06118183148683187,0.7,0.40393357066061086,95.1048951048951,100.0,0.3027622438008727,0.8777056595302297,0.7,0.6399999999999999,0.40393357066061086,0.40393357066061086,0
121,11,0.035748373717069626,0.06118183148683187,0.0,0.08180806763874052,98.046875,100.0,0.08258295376962932,-0.5373453803536847,0.0,0.08,0.08180806763874052,0.08180806763874052,0
121,8,0.033201172947883606,0.06118183148683187,0.0,0.0908482408918081,99.21875,100.0,0.09549748698829727,-0.6112649315123024,0.0,0.08,0.0908482408918081,0.0908482408918081,0
121,9,0.011073799803853035,0.06118183148683187,0.0,0.07999999999999996,98.4375,100.0,0.07999999999999996,-1.7092675945248303,0.0,0.08,0.07999999999999996,0.07999999999999996,0
121,5,0.3645516037940979,0.06118183148683187,0.7,0.6399999999999997,90.625,100.0,0.6399999999999997,1.7848177052937193,0.7,0.6399999999999999,0.6399999999999997,0.6399999999999997,0
121,18,0.05915093421936035,0.06118183148683187,0.0,0.16351047835190463,99.21875,100.0,0.19930068335986378,-0.03375788432960709,0.0,0.08,0.16351047835190463,0.16351047835190463,0
121,15,0.06552606076002121,0.06118183148683187,0.06859765255974982,0.1583507898535742,96.484375,100.0,0.1684105046274775,0.06859765255974982,0.06859765255974982,0.13487812204779986,0.1583507898535742,0.1583507898535742,0
121,0,0.11595802754163742,0.06118183148683187,0.6393779425696998,0.3765971611428961,97.96954314720813,100.0,0.28449493560881167,0.6393779425696998,0.6393779425696998,0.5915023540557598,0.3765971611428961,0.3765971611428961,0
121,12,0.053566910326480865,0.06118183148683187,0.0,0.13226902988501113,96.875,100.0,0.15467004269287304,-0.13291871829205884,0.0,0.08,0.13226902988501113,0.13226902988501113,0
121,2,0.059957992285490036,0.06118183148683187,0.0,0.1908427531796146,95.90163934426229,100.0,0.2383467902565923,-0.020206082534437356,0.0,0.08,0.1908427531796146,0.1908427531796146,0
121,10,0.009167235344648361,0.06118183148683187,0.0,0.10001363351029688,99.14163090128756,100.0,0.10859090501470983,-1.8982135952413377,0.0,0.08,0.10001363351029688,0.10001363351029688,0
121,3,0.09170176833868027,0.06118183148683187,0.4046913343203779,0.39937111678955295,96.84210526315789,100.0,0.39749313793237473,0.4046913343203779,0.4046913343203779,0.40375306745630235,0.39937111678955295,0.39937111678955295,0
121,1,0.07473486661911011,0.06118183148683187,0.20009643456433437,0.4426227203537978,100.0,100.0,0.5294279657976536,0.20009643456433437,0.20009643456433437,0.24007714765146754,0.4426227203537978,0.4426227203537978,0
121,14,0.06132247671484947,0.06118183148683187,0.002296168500769333,0.1795746933619456,98.046875,100.0,0.22146230417394425,0.002296168500769333,0.002296168500769333,0.08183693480061546,0.1795746933619456,0.1795746933619456,0
121,7,0.08069942146539688,0.06118183148683187,0.2768810924523069,0.1771516334480494,95.78947368421052,100.0,0.12385738751356537,0.2768810924523069,0.2768810924523069,0.30150487396184555,0.1771516334480494,0.1771516334480494,0
121,19,0.042592767626047134,0.06118183148683187,0.0,0.08003317884187089,99.609375,100.0,0.08004739834552986,-0.36216573815308145,0.0,0.08,0.08003317884187089,0.08003317884187089,0
121,17,0.06663059443235397,0.06118183148683187,0.08531356024759353,0.1462258801644643,98.4375,100.0,0.1453580367214884,0.08531356024759353,0.08531356024759353,0.14825084819807482,0.1462258801644643,0.1462258801644643,0
121,13,0.09666434675455093,0.06118183148683187,0.4573943006240008,0.21150381974793725,98.125,100.0,0.11104169656882437,0.4573943006240008,0.4573943006240008,0.4459154404992007,0.21150381974793725,0.21150381974793725,0
121,6,0.07724738121032715,0.06118183148683187,0.2331627067071817,0.14959902875535616,97.87234042553192,100.0,0.0994856844937608,0.2331627067071817,0.2331627067071817,0.26653016536574536,0.14959902875535616,0.14959902875535616,0
121,16,0.0252855084836483,0.06118183148683187,0.0,0.07999999999999996,98.4375,100.0,0.07999999999999996,-0.8836185978563235,0.0,0.08,0.07999999999999996,0.07999999999999996,0
122,18,0.06373589485883713,0.06140607521189222,0.0372391214109399,0.14739472398495881,97.65625,100.0,0.16351047835190463,0.0372391214109399,0.0372391214109399,0.10979129712875192,0.14739472398495881,0.14739472398495881,0
122,7,0.05777626857161522,0.06140607521189222,0.0,0.14800614341363458,98.94736842105263,100.0,0.1771516334480494,-0.060930651824159375,0.0,0.08,0.14800614341363458,0.14800614341363458,0
122,12,0.03316134214401245,0.06140607521189222,0.0,0.1165883209195078,98.828125,100.0,0.13226902988501113,-0.6161238321346022,0.0,0.08,0.1165883209195078,0.1165883209195078,0
122,11,0.052242670208215714,0.06140607521189222,0.0,0.08126564734711836,98.828125,100.0,0.08180806763874052,-0.16160914860542544,0.0,0.08,0.08126564734711836,0.08126564734711836,0
122,4,0.11789260804653168,0.06140607521189222,0.6522652556666121,0.46329716082241446,96.5034965034965,100.0,0.40393357066061086,0.6522652556666121,0.6522652556666121,0.6018122045332897,0.46329716082241446,0.46329716082241446,0
122,2,0.10565318167209625,0.06140607521189222,0.5426530155416267,0.2878266509557206,97.54098360655738,100.0,0.1908427531796146,0.5426530155416267,0.5426530155416267,0.5141224124333014,0.2878266509557206,0.2878266509557206,0
122,5,0.34142792224884033,0.06140607521189222,0.7,0.6399999999999997,89.84375,100.0,0.6399999999999997,1.7156276858661688,0.7,0.6399999999999999,0.6399999999999997,0.6399999999999997,0
122,0,0.13167396187782288,0.06140607521189222,0.7,0.45561801280002723,96.44670050761421,100.0,0.3765971611428961,0.7628200193824893,0.7,0.6399999999999999,0.45561801280002723,0.45561801280002723,0
122,14,0.05323195084929466,0.06140607521189222,0.0,0.1497022853533619,98.046875,100.0,0.1795746933619456,-0.14284995412506918,0.0,0.08,0.1497022853533619,0.1497022853533619,0
122,16,0.0115269236266613,0.06140607521189222,0.0,0.07999999999999996,99.609375,100.0,0.07999999999999996,-1.6728225864012072,0.0,0.08,0.07999999999999996,0.07999999999999996,0
122,8,0.06262233853340149,0.06140607521189222,0.01961328179292106,0.09230095625456672,100.0,100.0,0.0908482408918081,0.01961328179292106,0.01961328179292106,0.09569062543433685,0.09230095625456672,0.09230095625456672,0
122,3,0.06089528650045395,0.06140607521189222,0.0,0.30355978175268705,96.84210526315789,100.0,0.39937111678955295,-0.008352999356254227,0.0,0.08,0.30355978175268705,0.30355978175268705,0
122,15,0.0986136645078659,0.06140607521189222,0.4737010007570357,0.2485337930791905,98.046875,100.0,0.1583507898535742,0.4737010007570357,0.4737010007570357,0.4589608006056286,0.2485337930791905,0.2485337930791905,0
122,17,0.07521235942840576,0.06140607521189222,0.2028067665813457,0.17503174009464798,97.65625,100.0,0.1462258801644643,0.2028067665813457,0.2028067665813457,0.2422454132650766,0.17503174009464798,0.17503174009464798,0
122,6,0.033804796636104584,0.06140607521189222,0.0,0.12871932012874931,96.80851063829788,100.0,0.14959902875535616,-0.5969059373806709,0.0,0.08,0.12871932012874931,0.12871932012874931,0
122,19,0.03412472456693649,0.06140607521189222,0.0,0.08002322518930963,98.4375,100.0,0.08003317884187089,-0.587486462711194,0.0,0.08,0.08002322518930963,0.08002322518930963,0
122,13,0.06551304459571838,0.06140607521189222,0.0647404916593086,0.1875903918217901,100.0,100.0,0.21150381974793725,0.0647404916593086,0.0647404916593086,0.13179239332744688,0.1875903918217901,0.1875903918217901,0
122,9,0.05249489098787308,0.06140607521189222,0.0,0.07999999999999996,100.0,100.0,0.07999999999999996,-0.15679289708757546,0.0,0.08,0.07999999999999996,0.07999999999999996,0
122,10,0.049033164978027344,0.06140607521189222,0.0,0.0940095434572078,100.0,100.0,0.10001363351029688,-0.22501182853769838,0.0,0.08,0.0940095434572078,0.0940095434572078,0
122,1,0.07779057323932648,0.06140607521189222,0.23651144787592404,0.3905986517378802,97.29729729729729,100.0,0.4426227203537978,0.23651144787592404,0.23651144787592404,0.26920915830073927,0.3905986517378802,0.3905986517378802,0
123,2,0.08519852161407471,0.06144134894239577,0.32690099231229597,0.30393489382395544,97.54098360655738,100.0,0.2878266509557206,0.32690099231229597,0.32690099231229597,0.3415207938498368,0.30393489382395544,0.30393489382395544,0
123,7,0.09925578534603119,0.06144134894239577,0.4796171024604997,0.24271240498006413,97.89473684210526,100.0,0.14800614341363458,0.4796171024604997,0.4796171024604997,0.46369368196839983,0.24271240498006413,0.24271240498006413,0
123,0,0.07917369157075882,0.06144134894239577,0.2535609860071553,0.4037872456017363,96.95431472081218,100.0,0.45561801280002723,0.2535609860071553,0.2535609860071553,0.2828487888057243,0.4037872456017363,0.4037872456017363,0
123,6,0.05799335241317749,0.06144134894239577,0.0,0.1141035240901245,98.93617021276596,100.0,0.12871932012874931,-0.05775464395245021,0.0,0.08,0.1141035240901245,0.1141035240901245,0
123,9,0.02678646147251129,0.06144134894239577,0.0,0.07999999999999996,99.609375,100.0,0.07999999999999996,-0.8301862425351697,0.0,0.08,0.07999999999999996,0.07999999999999996,0
123,5,0.4012044072151184,0.06144134894239577,0.7,0.6399999999999997,87.5,100.0,0.6399999999999997,1.8763878592370744,0.7,0.6399999999999999,0.6399999999999997,0.6399999999999997,0
123,8,0.025562450289726257,0.06144134894239577,0.0,0.0886106693781967,98.828125,100.0,0.09230095625456672,-0.8769583264541966,0.0,0.08,0.0886106693781967,0.0886106693781967,0
123,15,0.10357493907213211,0.06144134894239577,0.5222122894650856,0.3233046046270539,97.265625,100.0,0.2485337930791905,0.5222122894650856,0.5222122894650856,0.4977698315720685,0.3233046046270539,0.3233046046270539,0
123,10,0.0794721394777298,0.06144134894239577,0.2573234324508231,0.15156430420824302,98.28326180257511,100.0,0.0940095434572078,0.2573234324508231,0.2573234324508231,0.2858587459606585,0.15156430420824302,0.15156430420824302,0
123,1,0.0718834176659584,0.06144134894239577,0.1569625399287753,0.3350900657994222,97.29729729729729,100.0,0.3905986517378802,0.1569625399287753,0.1569625399287753,0.20557003194302026,0.3350900657994222,0.3350900657994222,0
123,13,0.03904407098889351,0.06144134894239577,0.0,0.15531327427525304,100.0,100.0,0.1875903918217901,-0.4533919171892404,0.0,0.08,0.15531327427525304,0.15531327427525304,0
123,19,0.02666289731860161,0.06144134894239577,0.0,0.08001625763251674,99.21875,100.0,0.08002322518930963,-0.834809846282524,0.0,0.08,0.08001625763251674,0.08001625763251674,0
123,16,0.015130923129618168,0.06144134894239577,0.0,0.07999999999999996,100.0,100.0,0.07999999999999996,-1.401342006767309,0.0,0.08,0.07999999999999996,0.07999999999999996,0
123,4,0.10935002565383911,0.06144134894239577,0.5764708663773385,0.4866610205062513,98.6013986013986,100.0,0.46329716082241446,0.5764708663773385,0.5764708663773385,0.5411766931018708,0.4866610205062513,0.4866610205062513,0
123,18,0.041265085339546204,0.06144134894239577,0.0,0.12717630678947117,97.65625,100.0,0.14739472398495881,-0.3980662133343177,0.0,0.08,0.12717630678947117,0.12717630678947117,0
123,17,0.05541189759969711,0.06144134894239577,0.0,0.14652221806625357,98.4375,100.0,0.17503174009464798,-0.10328869751793576,0.0,0.08,0.14652221806625357,0.14652221806625357,0
123,11,0.023021267727017403,0.06144134894239577,0.0,0.08088595314298284,98.828125,100.0,0.08126564734711836,-0.9816642999611896,0.0,0.08,0.08088595314298284,0.08088595314298284,0
123,12,0.045016881078481674,0.06144134894239577,0.0,0.10561182464365546,96.875,100.0,0.1165883209195078,-0.31104543015688435,0.0,0.08,0.10561182464365546,0.10561182464365546,0
123,14,0.06247623264789581,0.06144134894239577,0.016703160047799266,0.13280035815882515,98.4375,100.0,0.1497022853533619,0.016703160047799266,0.016703160047799266,0.09336252803823941,0.13280035815882515,0.13280035815882515,0
123,3,0.08203689008951187,0.06144134894239577,0.2890859403378659,0.3058724729079687,98.94736842105263,100.0,0.30355978175268705,0.2890859403378659,0.2890859403378659,0.3112687522702927,0.3058724729079687,0.3058724729079687,0
124,19,0.021818259730935097,0.061320693301209865,0.0,0.08001138034276171,98.828125,100.0,0.08001625763251674,-1.033369843428704,0.0,0.08,0.08001138034276171,0.08001138034276171,0
124,3,0.05563751608133316,0.061320693301209865,0.0,0.2381107310355781,96.84210526315789,100.0,0.3058724729079687,-0.09725962018431203,0.0,0.08,0.2381107310355781,0.2381107310355781,0
124,17,0.04310287907719612,0.061320693301209865,0.0,0.1265655526463775,97.65625,100.0,0.14652221806625357,-0.3525274964820649,0.0,0.08,0.1265655526463775,0.1265655526463775,0
124,15,0.08874983340501785,0.061320693301209865,0.36970414060473317,0.33904221698407366,97.265625,100.0,0.3233046046270539,0.36970414060473317,0.36970414060473317,0.3757633124837866,0.33904221698407366,0.33904221698407366,0
124,0,0.06257729232311249,0.061320693301209865,0.020285106360437084,0.31151949744772023,96.95431472081218,100.0,0.4037872456017363,0.020285106360437084,0.020285106360437084,0.09622808508834967,0.31151949744772023,0.31151949744772023,0
124,6,0.03631452098488808,0.061320693301209865,0.0,0.10387246686308715,97.87234042553192,100.0,0.1141035240901245,-0.5238995595136465,0.0,0.08,0.10387246686308715,0.10387246686308715,0
124,8,0.023965688422322273,0.061320693301209865,0.0,0.08602746856473768,99.21875,100.0,0.0886106693781967,-0.9394939476808677,0.0,0.08,0.08602746856473768,0.08602746856473768,0
124,12,0.05935877561569214,0.061320693301209865,0.0,0.0979282772505588,96.875,100.0,0.10561182464365546,-0.03251738260554292,0.0,0.08,0.0979282772505588,0.0979282772505588,0
124,14,0.04863413795828819,0.061320693301209865,0.0,0.1169602507111776,97.65625,100.0,0.13280035815882515,-0.23179160623661507,0.0,0.08,0.1169602507111776,0.1169602507111776,0
124,10,0.03768322989344597,0.061320693301209865,0.0,0.1300950129457701,99.14163090128756,100.0,0.15156430420824302,-0.48690209285374003,0.0,0.08,0.1300950129457701,0.1300950129457701,0
124,1,0.20277777314186096,0.061320693301209865,0.7,0.4265630460595955,94.5945945945946,100.0,0.3350900657994222,1.195993191834653,0.7,0.6399999999999999,0.4265630460595955,0.4265630460595955,0
124,13,0.05599244683980942,0.061320693301209865,0.0,0.13271929199267712,98.75,100.0,0.15531327427525304,-0.09090054092546457,0.0,0.08,0.13271929199267712,0.13271929199267712,0
124,2,0.08014801144599915,0.061320693301209865,0.2677576698126975,0.3010162664318162,95.08196721311475,100.0,0.30393489382395544,0.2677576698126975,0.2677576698126975,0.29420613585015803,0.3010162664318162,0.3010162664318162,0
124,5,0.32018017768859863,0.061320693301209865,0.7,0.6399999999999997,91.015625,100.0,0.6399999999999997,1.652766400548179,0.7,0.6399999999999999,0.6399999999999997,0.6399999999999997,0
124,9,0.017999984323978424,0.061320693301209865,0.0,0.07999999999999996,99.609375,100.0,0.07999999999999996,-1.2257460807371492,0.0,0.08,0.07999999999999996,0.07999999999999996,0
124,4,0.04540489614009857,0.061320693301209865,0.0,0.3646627143543759,97.9020979020979,100.0,0.4866610205062513,-0.3004973593301251,0.0,0.08,0.3646627143543759,0.3646627143543759,0
124,16,0.016804976388812065,0.061320693301209865,0.0,0.07999999999999996,100.0,100.0,0.07999999999999996,-1.2944418720706932,0.0,0.08,0.07999999999999996,0.07999999999999996,0
124,18,0.08930151909589767,0.061320693301209865,0.3759010875714743,0.20323967576978363,96.484375,100.0,0.12717630678947117,0.3759010875714743,0.3759010875714743,0.3807208700571795,0.20323967576978363,0.20323967576978363,0
124,7,0.10504572838544846,0.061320693301209865,0.5382783356819927,0.32308548404972315,98.94736842105263,100.0,0.24271240498006413,0.5382783356819927,0.5382783356819927,0.5106226685455941,0.32308548404972315,0.32308548404972315,0
124,11,0.0794098749756813,0.061320693301209865,0.258505333120766,0.14266144714907183,98.4375,100.0,0.08088595314298284,0.258505333120766,0.258505333120766,0.28680426649661284,0.14266144714907183,0.14266144714907183,0
125,16,0.0055827549658715725,0.06077012211714601,0.0,0.07999999999999996,99.609375,100.0,0.07999999999999996,-2.3874142529330458,0.0,0.08,0.07999999999999996,0.07999999999999996,0
125,8,0.0158927571028471,0.06077012211714601,0.0,0.08421922799531636,99.21875,100.0,0.08602746856473768,-1.3412343136608453,0.0,0.08,0.08421922799531636,0.08421922799531636,0
125,1,0.10584834218025208,0.06077012211714601,0.554909009763901,0.4557722945850531,91.89189189189189,100.0,0.4265630460595955,0.554909009763901,0.554909009763901,0.5239272078111208,0.4557722945850531,0.4557722945850531,0
125,3,0.08852782100439072,0.06077012211714601,0.3762185570059877,0.2809699654063417,96.3157894736842,100.0,0.2381107310355781,0.3762185570059877,0.3762185570059877,0.3809748456047902,0.2809699654063417,0.2809699654063417,0
125,10,0.054552849382162094,0.06077012211714601,0.0,0.11506650906203908,98.71244635193133,100.0,0.1300950129457701,-0.10792829165350688,0.0,0.08,0.11506650906203908,0.11506650906203908,0
125,13,0.056998275220394135,0.06077012211714601,0.0,0.11690350439487399,98.75,100.0,0.13271929199267712,-0.06407723666771134,0.0,0.08,0.11690350439487399,0.11690350439487399,0
125,14,0.07611013948917389,0.06077012211714601,0.22508320620038139,0.15989214498591586,98.828125,100.0,0.1169602507111776,0.22508320620038139,0.22508320620038139,0.2600665649603051,0.15989214498591586,0.15989214498591586,0
125,19,0.030707938596606255,0.06077012211714601,0.0,0.0800079662399332,98.4375,100.0,0.08001138034276171,-0.6825768871741881,0.0,0.08,0.0800079662399332,0.0800079662399332,0
125,18,0.0627632886171341,0.06077012211714601,0.03227206551440303,0.17401306876230524,97.265625,100.0,0.20323967576978363,0.03227206551440303,0.03227206551440303,0.10581765241152243,0.17401306876230524,0.17401306876230524,0
125,7,0.032828208059072495,0.06077012211714601,0.0,0.2501598388348062,95.78947368421052,100.0,0.32308548404972315,-0.6158099679795437,0.0,0.08,0.2501598388348062,0.2501598388348062,0
125,9,0.022677896544337273,0.06077012211714601,0.0,0.07999999999999996,100.0,100.0,0.07999999999999996,-0.9857072496392941,0.0,0.08,0.07999999999999996,0.07999999999999996,0
125,4,0.10147377103567123,0.06077012211714601,0.5127020299963024,0.4023123872471758,94.4055944055944,100.0,0.3646627143543759,0.5127020299963024,0.5127020299963024,0.490161623997042,0.4023123872471758,0.4023123872471758,0
125,6,0.054867662489414215,0.06077012211714601,0.0,0.09671072680416101,97.87234042553192,100.0,0.10387246686308715,-0.10217408866232935,0.0,0.08,0.09671072680416101,0.09671072680416101,0
125,15,0.09050709009170532,0.06077012211714601,0.3983298814835157,0.35692872344489535,96.875,100.0,0.33904221698407366,0.3983298814835157,0.3983298814835157,0.3986639051868126,0.35692872344489535,0.35692872344489535,0
125,12,0.02254617027938366,0.06077012211714601,0.0,0.09254979407539116,98.4375,100.0,0.0979282772505588,-0.9915327575370961,0.0,0.08,0.09254979407539116,0.09254979407539116,0
125,17,0.08415891230106354,0.06077012211714601,0.3256085233523262,0.19074193245702253,97.65625,100.0,0.1265655526463775,0.3256085233523262,0.3256085233523262,0.340486818681861,0.19074193245702253,0.19074193245702253,0
125,2,0.09614549577236176,0.06077012211714601,0.4587643089082448,0.3448148206402501,98.36065573770492,100.0,0.3010162664318162,0.4587643089082448,0.4587643089082448,0.4470114471265959,0.3448148206402501,0.3448148206402501,0
125,11,0.07883467525243759,0.06077012211714601,0.2602546479993819,0.18632412852420194,99.21875,100.0,0.14266144714907183,0.2602546479993819,0.2602546479993819,0.28820371839950554,0.18632412852420194,0.18632412852420194,0
125,5,0.2823387384414673,0.06077012211714601,0.7,0.6399999999999997,88.671875,100.0,0.6399999999999997,1.5360091654429227,0.7,0.6399999999999999,0.6399999999999997,0.6399999999999997,0
125,0,0.10607564449310303,0.06077012211714601,0.5570541409699556,0.3757566420461935,97.96954314720813,100.0,0.31151949744772023,0.5570541409699556,0.5570541409699556,0.5256433127759645,0.3757566420461935,0.3757566420461935,0
126,14,0.05364243686199188,0.06163678131074681,0.0,0.1359245014901411,95.3125,100.0,0.15989214498591586,-0.13891828004657267,0.0,0.08,0.1359245014901411,0.1359245014901411,0
126,1,0.09770486503839493,0.06163678131074681,0.46069250205482787,0.4536068067026958,100.0,100.0,0.4557722945850531,0.46069250205482787,0.46069250205482787,0.44855400164386233,0.4536068067026958,0.4536068067026958,0
126,16,0.00973527692258358,0.06163678131074681,0.0,0.07999999999999996,99.609375,100.0,0.07999999999999996,-1.8455018420972222,0.0,0.08,0.07999999999999996,0.07999999999999996,0
126,17,0.03454422950744629,0.06163678131074681,0.0,0.15751935271991577,97.65625,100.0,0.19074193245702253,-0.5790181466372504,0.0,0.08,0.15751935271991577,0.15751935271991577,0
126,12,0.06365326046943665,0.06163678131074681,0.03219175197621685,0.09651087632706586,98.4375,100.0,0.09254979407539116,0.03219175197621685,0.03219175197621685,0.10575340158097349,0.09651087632706586,0.09651087632706586,0
126,0,0.07151401042938232,0.06163678131074681,0.14863456661039126,0.32270194541882935,98.4771573604061,100.0,0.3757566420461935,0.14863456661039126,0.14863456661039126,0.198907653288313,0.32270194541882935,0.32270194541882935,0
126,6,0.0307481549680233,0.06163678131074681,0.0,0.09169750876291272,97.87234042553192,100.0,0.09671072680416101,-0.6954286371526734,0.0,0.08,0.09169750876291272,0.09169750876291272,0
126,10,0.052858464419841766,0.06163678131074681,0.0,0.10454655634342735,98.28326180257511,100.0,0.11506650906203908,-0.15364090579549936,0.0,0.08,0.10454655634342735,0.10454655634342735,0
126,15,0.07294468581676483,0.06163678131074681,0.16844260869183794,0.31427633249746784,94.921875,100.0,0.35692872344489535,0.16844260869183794,0.16844260869183794,0.21475408695347037,0.31427633249746784,0.31427633249746784,0
126,9,0.02624829113483429,0.06163678131074681,0.0,0.07999999999999996,99.609375,100.0,0.07999999999999996,-0.8536576855175764,0.0,0.08,0.07999999999999996,0.07999999999999996,0
126,18,0.07156629115343094,0.06163678131074681,0.1493653551045319,0.1816568333587013,95.703125,100.0,0.17401306876230524,0.1493653551045319,0.1493653551045319,0.19949228408362552,0.1816568333587013,0.1816568333587013,0
126,5,0.3553784489631653,0.06163678131074681,0.7,0.6399999999999997,87.5,100.0,0.6399999999999997,1.7519243494124914,0.7,0.6399999999999999,0.6399999999999997,0.6399999999999997,0
126,2,0.10150821506977081,0.06163678131074681,0.4988808765809396,0.3851017848276006,98.36065573770492,100.0,0.3448148206402501,0.4988808765809396,0.4988808765809396,0.47910470126475174,0.3851017848276006,0.3851017848276006,0
126,13,0.054282356053590775,0.06163678131074681,0.0,0.10583245307641179,100.0,100.0,0.11690350439487399,-0.12705952998510142,0.0,0.08,0.10583245307641179,0.10583245307641179,0
126,19,0.057850662618875504,0.06163678131074681,0.0,0.08000557636795323,98.4375,100.0,0.0800079662399332,-0.06339387326893897,0.0,0.08,0.08000557636795323,0.08000557636795323,0
126,7,0.031949423253536224,0.06163678131074681,0.0,0.19911188718436432,98.94736842105263,100.0,0.2501598388348062,-0.6571045116651393,0.0,0.08,0.19911188718436432,0.19911188718436432,0
126,8,0.020219044759869576,0.06163678131074681,0.0,0.08295345959672146,99.21875,100.0,0.08421922799531636,-1.1146334890692031,0.0,0.08,0.08295345959672146,0.08295345959672146,0
126,4,0.15914499759674072,0.06163678131074681,0.7,0.473618671073023,98.6013986013986,100.0,0.4023123872471758,0.9485568302791119,0.7,0.6399999999999999,0.473618671073023,0.473618671073023,0
126,3,0.07268840074539185,0.06163678131074681,0.16492300601376575,0.26026049722774297,98.42105263157895,100.0,0.2809699654063417,0.16492300601376575,0.16492300601376575,0.21193840481101262,0.26026049722774297,0.26026049722774297,0
126,11,0.03494255617260933,0.06163678131074681,0.0,0.15442688996694134,99.21875,100.0,0.18632412852420194,-0.5675532066556014,0.0,0.08,0.15442688996694134,0.15442688996694134,0
127,8,0.046483103185892105,0.06107975411329545,0.0,0.08206742171770501,98.828125,100.0,0.08295345959672146,-0.27309152906955547,0.0,0.08,0.08206742171770501,0.08206742171770501,0
127,9,0.043229538947343826,0.06107975411329545,0.0,0.07999999999999996,99.21875,100.0,0.07999999999999996,-0.3456563535755581,0.0,0.08,0.07999999999999996,0.07999999999999996,0
127,15,0.10019013285636902,0.06107975411329545,0.494889190712077,0.36276683851912594,98.046875,100.0,0.31427633249746784,0.494889190712077,0.494889190712077,0.4759113525696616,0.36276683851912594,0.36276683851912594,0
127,4,0.10654031485319138,0.06107975411329545,0.5563429321910586,0.48905537347697015,96.5034965034965,100.0,0.473618671073023,0.5563429321910586,0.5563429321910586,0.5250743457528468,0.48905537347697015,0.48905537347697015,0
127,16,0.012110552750527859,0.06107975411329545,0.0,0.07999999999999996,100.0,100.0,0.07999999999999996,-1.6181025920241274,0.0,0.08,0.07999999999999996,0.07999999999999996,0
127,17,0.05735208839178085,0.06107975411329545,0.0,0.13426354690394102,98.046875,100.0,0.15751935271991577,-0.0629711862863924,0.0,0.08,0.13426354690394102,0.13426354690394102,0
127,11,0.020282667130231857,0.06107975411329545,0.0,0.13209882297685893,98.4375,100.0,0.15442688996694134,-1.1024134400079275,0.0,0.08,0.13209882297685893,0.13209882297685893,0
127,7,0.028081530705094337,0.06107975411329545,0.0,0.163378321029055,93.6842105263158,100.0,0.19911188718436432,-0.77706817234521,0.0,0.08,0.163378321029055,0.163378321029055,0
127,13,0.03946968913078308,0.06107975411329545,0.0,0.09808271715348824,98.125,100.0,0.10583245307641179,-0.43664735149855877,0.0,0.08,0.09808271715348824,0.09808271715348824,0
127,2,0.07938467711210251,0.06107975411329545,0.2621248737108455,0.35648121906992336,100.0,100.0,0.3851017848276006,0.2621248737108455,0.2621248737108455,0.2896998989686764,0.35648121906992336,0.35648121906992336,0
127,10,0.05145694687962532,0.06107975411329545,0.0,0.09718258944039915,98.71244635193133,100.0,0.10454655634342735,-0.17143494895424016,0.0,0.08,0.09718258944039915,0.09718258944039915,0
127,5,0.2713286578655243,0.06107975411329545,0.7,0.6399999999999997,91.015625,100.0,0.6399999999999997,1.4911502641751526,0.7,0.6399999999999999,0.6399999999999997,0.6399999999999997,0
127,12,0.0576511025428772,0.06107975411329545,0.0,0.09155761342894608,98.828125,100.0,0.09651087632706586,-0.05777107365521249,0.0,0.08,0.09155761342894608,0.09155761342894608,0
127,1,0.054432425647974014,0.06107975411329545,0.0,0.3415247646918871,97.29729729729729,100.0,0.4536068067026958,-0.11522039870436182,0.0,0.08,0.3415247646918871,0.3415247646918871,0
127,14,0.0501735657453537,0.06107975411329545,0.0,0.11914715104309875,96.484375,100.0,0.1359245014901411,-0.19669210987595162,0.0,0.08,0.11914715104309875,0.11914715104309875,0
127,6,0.042997244745492935,0.06107975411329545,0.0,0.08818825613403891,97.87234042553192,100.0,0.09169750876291272,-0.3510443478852126,0.0,0.08,0.08818825613403891,0.08818825613403891,0
127,19,0.01767904870212078,0.06107975411329545,0.0,0.08000390345756725,99.21875,100.0,0.08000557636795323,-1.239799803450763,0.0,0.08,0.08000390345756725,0.08000390345756725,0
127,18,0.05431833863258362,0.06107975411329545,0.0,0.1511597833510909,97.65625,100.0,0.1816568333587013,-0.11731853634994824,0.0,0.08,0.1511597833510909,0.1511597833510909,0
127,3,0.054744329303503036,0.06107975411329545,0.0,0.20618234805942007,96.3157894736842,100.0,0.26026049722774297,-0.10950664677816586,0.0,0.08,0.20618234805942007,0.20618234805942007,0
127,0,0.05153867229819298,0.06107975411329545,0.0,0.24989136179318053,97.96954314720813,100.0,0.32270194541882935,-0.16984798010056906,0.0,0.08,0.24989136179318053,0.24989136179318053,0
128,13,0.09221706539392471,0.06012155966085682,0.4277766395748737,0.19532429550541147,96.25,100.0,0.09808271715348824,0.4277766395748737,0.4277766395748737,0.422221311659899,0.19532429550541147,0.19532429550541147,0
128,1,0.1901751011610031,0.06012155966085682,0.7,0.43106733528432095,100.0,100.0,0.3415247646918871,1.1515766120620998,0.7,0.6399999999999999,0.43106733528432095,0.43106733528432095,0
128,0,0.049255818128585815,0.06012155966085682,0.0,0.19892395325522635,99.49238578680203,100.0,0.24989136179318053,-0.19934097508761967,0.0,0.08,0.19892395325522635,0.19892395325522635,0
128,19,0.02733333222568035,0.06012155966085682,0.0,0.08000273242029707,99.609375,100.0,0.08000390345756725,-0.7882613894147725,0.0,0.08,0.08000273242029707,0.08000273242029707,0
128,10,0.04239189624786377,0.06012155966085682,0.0,0.09202781260827939,99.14163090128756,100.0,0.09718258944039915,-0.34941121970517897,0.0,0.08,0.09202781260827939,0.09202781260827939,0
128,3,0.07951629161834717,0.06012155966085682,0.27959337910251564,0.2354300546261978,97.36842105263158,100.0,0.20618234805942007,0.27959337910251564,0.27959337910251564,0.3036747032820125,0.2354300546261978,0.2354300546261978,0
128,7,0.0235955361276865,0.06012155966085682,0.0,0.13836482472033848,98.94736842105263,100.0,0.163378321029055,-0.9353107025226842,0.0,0.08,0.13836482472033848,0.13836482472033848,0
128,6,0.06688365340232849,0.06012155966085682,0.1065860696881966,0.11131243601899442,97.87234042553192,100.0,0.08818825613403891,0.1065860696881966,0.1065860696881966,0.16526885575055728,0.11131243601899442,0.11131243601899442,0
128,17,0.07307316362857819,0.06012155966085682,0.19509264423559586,0.1648067174493017,96.875,100.0,0.13426354690394102,0.19509264423559586,0.19509264423559586,0.23607411538847672,0.1648067174493017,0.1648067174493017,0
128,9,0.052701689302921295,0.06012155966085682,0.0,0.07999999999999996,99.21875,100.0,0.07999999999999996,-0.1317209734759527,0.0,0.08,0.07999999999999996,0.07999999999999996,0
128,5,0.3044334948062897,0.06012155966085682,0.7,0.6399999999999997,91.015625,100.0,0.6399999999999997,1.622084014941628,0.7,0.6399999999999999,0.6399999999999997,0.6399999999999997,0
128,11,0.0740932822227478,0.06012155966085682,0.20895633155418086,0.16661869565680465,98.4375,100.0,0.13209882297685893,0.20895633155418086,0.20895633155418086,0.2471650652433447,0.16661869565680465,0.16661869565680465,0
128,8,0.05152977630496025,0.06012155966085682,0.0,0.0814471952023935,98.828125,100.0,0.08206742171770501,-0.1542086580116158,0.0,0.08,0.0814471952023935,0.0814471952023935,0
128,12,0.05519832670688629,0.06012155966085682,0.0,0.08809032940026226,98.046875,100.0,0.09155761342894608,-0.085435852633189,0.0,0.08,0.08809032940026226,0.08809032940026226,0
128,16,0.01604141853749752,0.06012155966085682,0.0,0.07999999999999996,98.828125,100.0,0.07999999999999996,-1.3211940139267115,0.0,0.08,0.07999999999999996,0.07999999999999996,0
128,15,0.06329067796468735,0.06012155966085682,0.051369535425224294,0.290265475465442,98.4375,100.0,0.36276683851912594,0.051369535425224294,0.051369535425224294,0.12109562834017944,0.290265475465442,0.290265475465442,0
128,4,0.058303967118263245,0.06012155966085682,0.0,0.3663387614338791,97.2027972027972,100.0,0.48905537347697015,-0.03069836415890941,0.0,0.08,0.3663387614338791,0.3663387614338791,0
128,14,0.06593185663223267,0.06012155966085682,0.092253211718579,0.12954377654262808,96.484375,100.0,0.11914715104309875,0.092253211718579,0.092253211718579,0.1538025693748632,0.12954377654262808,0.12954377654262808,0
128,18,0.03755514323711395,0.06012155966085682,0.0,0.12981184834576362,98.4375,100.0,0.1511597833510909,-0.4705580678724392,0.0,0.08,0.12981184834576362,0.12981184834576362,0
128,2,0.089860700070858,0.06012155966085682,0.4018921322383118,0.36999096508614115,98.36065573770492,100.0,0.35648121906992336,0.4018921322383118,0.4018921322383118,0.4015137057906495,0.36999096508614115,0.36999096508614115,0
129,4,0.05417986214160919,0.060189135948918664,0.0,0.28043713300371537,95.8041958041958,100.0,0.3663387614338791,-0.10518255943449469,0.0,0.08,0.28043713300371537,0.28043713300371537,0
129,6,0.0867881253361702,0.060189135948918664,0.36597788644100715,0.18975339795913782,100.0,100.0,0.11131243601899442,0.36597788644100715,0.36597788644100715,0.37278230915280575,0.18975339795913782,0.18975339795913782,0
129,12,0.042634159326553345,0.060189135948918664,0.0,0.08566323058018357,99.21875,100.0,0.08809032940026226,-0.34483600757196314,0.0,0.08,0.08566323058018357,0.08566323058018357,0
129,19,0.03761245682835579,0.060189135948918664,0.0,0.08000191269420795,99.21875,100.0,0.08000273242029707,-0.4701564761825637,0.0,0.08,0.08000191269420795,0.08000191269420795,0
129,18,0.06024527549743652,0.060189135948918664,0.0009322840969946392,0.11509204202531324,97.65625,100.0,0.12981184834576362,0.0009322840969946392,0.0009322840969946392,0.08074582727759572,0.11509204202531324,0.11509204202531324,0
129,7,0.038654305040836334,0.060189135948918664,0.0,0.12085537730423693,98.94736842105263,100.0,0.13836482472033848,-0.44283362339913607,0.0,0.08,0.12085537730423693,0.12085537730423693,0
129,3,0.0719323679804802,0.060189135948918664,0.17823444677384678,0.2315773054640617,96.84210526315789,100.0,0.2354300546261978,0.17823444677384678,0.17823444677384678,0.22258755741907743,0.2315773054640617,0.2315773054640617,0
129,9,0.027721116319298744,0.060189135948918664,0.0,0.07999999999999996,99.609375,100.0,0.07999999999999996,-0.7752972307013747,0.0,0.08,0.07999999999999996,0.07999999999999996,0
129,14,0.08921822160482407,0.060189135948918664,0.3935933726827917,0.20914305302370967,98.046875,100.0,0.12954377654262808,0.3935933726827917,0.3935933726827917,0.3948746981462334,0.20914305302370967,0.20914305302370967,0
129,15,0.10719958692789078,0.060189135948918664,0.5772004524216602,0.36571394140700786,97.265625,100.0,0.290265475465442,0.5772004524216602,0.5772004524216602,0.5417603619373281,0.36571394140700786,0.36571394140700786,0
129,17,0.05473293736577034,0.060189135948918664,0.0,0.1393647022145112,98.828125,100.0,0.1648067174493017,-0.09502617966411452,0.0,0.08,0.1393647022145112,0.1393647022145112,0
129,13,0.05944713205099106,0.060189135948918664,0.0,0.16072700685378802,97.5,100.0,0.19532429550541147,-0.012404487379775108,0.0,0.08,0.16072700685378802,0.16072700685378802,0
129,1,0.05976263806223869,0.060189135948918664,0.0,0.32574713469902467,97.29729729729729,100.0,0.43106733528432095,-0.0071111847470090965,0.0,0.08,0.32574713469902467,0.32574713469902467,0
129,0,0.0681682601571083,0.060189135948918664,0.12448717341829305,0.1931236888990488,97.96954314720813,100.0,0.19892395325522635,0.12448717341829305,0.12448717341829305,0.17958973873463446,0.1931236888990488,0.1931236888990488,0
129,11,0.014278007671236992,0.060189135948918664,0.0,0.14063308695976326,97.65625,100.0,0.16661869565680465,-1.4387709074725277,0.0,0.08,0.14063308695976326,0.14063308695976326,0
129,8,0.053901247680187225,0.060189135948918664,0.0,0.08101303664167545,98.4375,100.0,0.0814471952023935,-0.11033822498004738,0.0,0.08,0.08101303664167545,0.08101303664167545,0
129,10,0.04141087830066681,0.060189135948918664,0.0,0.08841946882579557,98.28326180257511,100.0,0.09202781260827939,-0.3739481875231962,0.0,0.08,0.08841946882579557,0.08841946882579557,0
129,2,0.13979676365852356,0.060189135948918664,0.7,0.4509936755602988,95.90163934426229,100.0,0.36999096508614115,0.8426977150612384,0.7,0.6399999999999999,0.4509936755602988,0.4509936755602988,0
129,5,0.3520287871360779,0.060189135948918664,0.7,0.6399999999999997,87.109375,100.0,0.6399999999999997,1.76622094609056,0.7,0.6399999999999999,0.6399999999999997,0.6399999999999997,0
129,16,0.00872665923088789,0.060189135948918664,0.0,0.07999999999999996,99.21875,100.0,0.07999999999999996,-1.9311082705559321,0.0,0.08,0.07999999999999996,0.07999999999999996,0
130,16,0.013283846899867058,0.059879225824864865,0.0,0.07999999999999996,98.828125,100.0,0.07999999999999996,-1.5057802666054452,0.0,0.08,0.07999999999999996,0.07999999999999996,0
130,10,0.048678040504455566,0.059879225824864865,0.0,0.0858936281780569,99.14163090128756,100.0,0.08841946882579557,-0.2071015775325758,0.0,0.08,0.0858936281780569,0.0858936281780569,0
130,4,0.10826952010393143,0.059879225824864865,0.592293969579772,0.362456545801746,95.1048951048951,100.0,0.28043713300371537,0.592293969579772,0.592293969579772,0.5538351756638176,0.362456545801746,0.362456545801746,0
130,9,0.018059412017464638,0.059879225824864865,0.0,0.07999999999999996,100.0,100.0,0.07999999999999996,-1.1986622536801186,0.0,0.08,0.07999999999999996,0.07999999999999996,0
130,0,0.07047908008098602,0.059879225824864865,0.16298627353521233,0.1983032878777851,98.98477157360406,100.0,0.1931236888990488,0.16298627353521233,0.16298627353521233,0.21038901882816985,0.1983032878777851,0.1983032878777851,0
130,12,0.048108600080013275,0.059879225824864865,0.0,0.0839642614061285,99.21875,100.0,0.08566323058018357,-0.2188686328592546,0.0,0.08,0.0839642614061285,0.0839642614061285,0
130,18,0.0684690997004509,0.059879225824864865,0.1340528925858906,0.136737123638333,97.65625,100.0,0.11509204202531324,0.1340528925858906,0.1340528925858906,0.1872423140687125,0.136737123638333,0.136737123638333,0
130,1,0.05213397741317749,0.059879225824864865,0.0,0.25202299428931724,100.0,100.0,0.32574713469902467,-0.1385127120412238,0.0,0.08,0.25202299428931724,0.25202299428931724,0
130,5,0.38001614809036255,0.059879225824864865,0.7,0.6399999999999997,85.9375,100.0,0.6399999999999997,1.847883975412663,0.7,0.6399999999999999,0.6399999999999997,0.6399999999999997,0
130,15,0.09243515878915787,0.059879225824864865,0.4341777231393593,0.38420241253835175,98.828125,100.0,0.36571394140700786,0.4341777231393593,0.4341777231393593,0.4273421785114875,0.38420241253835175,0.38420241253835175,0
130,6,0.021254686638712883,0.059879225824864865,0.0,0.15682737857139645,98.93617021276596,100.0,0.18975339795913782,-1.0357519084523394,0.0,0.08,0.15682737857139645,0.15682737857139645,0
130,2,0.09528066217899323,0.059879225824864865,0.46449718210329594,0.45117489659700016,97.54098360655738,100.0,0.4509936755602988,0.46449718210329594,0.46449718210329594,0.4515977456826368,0.45117489659700016,0.45117489659700016,0
130,14,0.10482638329267502,0.059879225824864865,0.5599757868810277,0.3047943259680434,96.875,100.0,0.20914305302370967,0.5599757868810277,0.5599757868810277,0.5279806295048222,0.3047943259680434,0.3047943259680434,0
130,19,0.033216893672943115,0.059879225824864865,0.0,0.08000133888594556,99.21875,100.0,0.08000191269420795,-0.5892709045675946,0.0,0.08,0.08000133888594556,0.08000133888594556,0
130,8,0.03012152947485447,0.059879225824864865,0.0,0.0807091256491728,97.65625,100.0,0.08101303664167545,-0.6870892846856904,0.0,0.08,0.0807091256491728,0.0807091256491728,0
130,11,0.05456399545073509,0.059879225824864865,0.0,0.12244316087183427,98.828125,100.0,0.14063308695976326,-0.09295537316714406,0.0,0.08,0.12244316087183427,0.12244316087183427,0
130,7,0.07244428992271423,0.059879225824864865,0.1904881919623932,0.1543159301839402,98.94736842105263,100.0,0.12085537730423693,0.1904881919623932,0.1904881919623932,0.23239055356991456,0.1543159301839402,0.1543159301839402,0
130,13,0.07052640616893768,0.059879225824864865,0.16365753937421942,0.17578671424746428,98.125,100.0,0.16072700685378802,0.16365753937421942,0.16365753937421942,0.21092603149937555,0.17578671424746428,0.17578671424746428,0
130,17,0.03845239803195,0.059879225824864865,0.0,0.12155529155015782,98.4375,100.0,0.1393647022145112,-0.44290847608458045,0.0,0.08,0.12155529155015782,0.12155529155015782,0
130,3,0.1500064730644226,0.059879225824864865,0.7,0.35410411382484314,96.84210526315789,100.0,0.2315773054640617,0.9183487158975724,0.7,0.6399999999999999,0.35410411382484314,0.35410411382484314,0
131,11,0.034857071936130524,0.06004295799993768,0.0,0.10971021261028399,99.21875,100.0,0.12244316087183427,-0.5438041107508762,0.0,0.08,0.10971021261028399,0.10971021261028399,0
131,8,0.04756990075111389,0.06004295799993768,0.0,0.08049638795442096,98.828125,100.0,0.0807091256491728,-0.23286000496989917,0.0,0.08,0.08049638795442096,0.08049638795442096,0
131,0,0.061826884746551514,0.06004295799993768,0.029278020616281583,0.16983902646235716,96.95431472081218,100.0,0.1983032878777851,0.029278020616281583,0.029278020616281583,0.10342241649302528,0.16983902646235716,0.16983902646235716,0
131,3,0.07334120571613312,0.06004295799993768,0.2000622996928358,0.3198878316036708,97.36842105263158,100.0,0.35410411382484314,0.2000622996928358,0.2000622996928358,0.24004983975426863,0.3198878316036708,0.3198878316036708,0
131,12,0.05988750979304314,0.06004295799993768,0.0,0.08277498298428995,98.4375,100.0,0.0839642614061285,-0.0025923065403444484,0.0,0.08,0.08277498298428995,0.08277498298428995,0
131,17,0.04326929897069931,0.06004295799993768,0.0,0.10908870408511046,96.09375,100.0,0.12155529155015782,-0.3276168553150433,0.0,0.08,0.10908870408511046,0.10908870408511046,0
131,7,0.04807475209236145,0.06004295799993768,0.0,0.13202115112875812,98.94736842105263,100.0,0.1543159301839402,-0.2223030964675073,0.0,0.08,0.13202115112875812,0.13202115112875812,0
131,4,0.0928359255194664,0.06004295799993768,0.4357733617834364,0.3823051888892469,96.5034965034965,100.0,0.362456545801746,0.4357733617834364,0.4357733617834364,0.42861868942674913,0.3823051888892469,0.3823051888892469,0
131,5,0.24702434241771698,0.06004295799993768,0.7,0.6399999999999997,92.1875,100.0,0.6399999999999997,1.41442648529903,0.7,0.6399999999999999,0.6399999999999997,0.6399999999999997,0
131,16,0.01439714152365923,0.06004295799993768,0.0,0.07999999999999996,99.609375,100.0,0.07999999999999996,-1.4280300630954683,0.0,0.08,0.07999999999999996,0.07999999999999996,0
131,18,0.05758443474769592,0.06004295799993768,0.0,0.1197159865468331,98.4375,100.0,0.136737123638333,-0.041807964486857196,0.0,0.08,0.1197159865468331,0.1197159865468331,0
131,15,0.05990453436970711,0.06004295799993768,0.0,0.29294168877684623,95.703125,100.0,0.38420241253835175,-0.0023080710711992133,0.0,0.08,0.29294168877684623,0.29294168877684623,0
131,6,0.02060779184103012,0.06004295799993768,0.0,0.1337791649999775,96.80851063829788,100.0,0.15682737857139645,-1.0693907050108078,0.0,0.08,0.1337791649999775,0.1337791649999775,0
131,2,0.06634003669023514,0.06004295799993768,0.09973329806753907,0.36375841915410945,98.36065573770492,100.0,0.45117489659700016,0.09973329806753907,0.09973329806753907,0.15978663845403127,0.36375841915410945,0.36375841915410945,0
131,1,0.06835561990737915,0.06004295799993768,0.12966348932308272,0.2315353334400619,100.0,100.0,0.25202299428931724,0.12966348932308272,0.12966348932308272,0.18373079145846619,0.2315353334400619,0.2315353334400619,0
131,9,0.04009394347667694,0.06004295799993768,0.0,0.07999999999999996,99.609375,100.0,0.07999999999999996,-0.4038349024279052,0.0,0.08,0.07999999999999996,0.07999999999999996,0
131,19,0.020109722390770912,0.06004295799993768,0.0,0.08000093722016188,98.828125,100.0,0.08000133888594556,-1.0938565428287201,0.0,0.08,0.08000093722016188,0.08000093722016188,0
131,13,0.03683948889374733,0.06004295799993768,0.0,0.14705069997322498,98.75,100.0,0.17578671424746428,-0.4884898301913823,0.0,0.08,0.14705069997322498,0.14705069997322498,0
131,10,0.008458714932203293,0.06004295799993768,0.0,0.08412553972463982,99.14163090128756,100.0,0.0858936281780569,-1.9598619942277822,0.0,0.08,0.08412553972463982,0.08412553972463982,0
131,14,0.04779098927974701,0.06004295799993768,0.0,0.23735602817763035,96.875,100.0,0.3047943259680434,-0.22822311707334253,0.0,0.08,0.23735602817763035,0.23735602817763035,0
132,6,0.11314311623573303,0.05883194926854934,0.653968388878698,0.27459782883087175,96.80851063829788,100.0,0.1337791649999775,0.653968388878698,0.653968388878698,0.6031747111029584,0.27459782883087175,0.27459782883087175,0
132,1,0.10371759533882141,0.05883194926854934,0.5669866404326499,0.32215152711187933,97.29729729729729,100.0,0.2315353334400619,0.5669866404326499,0.5669866404326499,0.53358931234612,0.32215152711187933,0.32215152711187933,0
132,16,0.023315615952014923,0.05883194926854934,0.0,0.07999999999999996,99.609375,100.0,0.07999999999999996,-0.9255614547143424,0.0,0.08,0.07999999999999996,0.07999999999999996,0
132,4,0.1742715686559677,0.05883194926854934,0.7,0.45961363222247276,98.6013986013986,100.0,0.3823051888892469,1.0859296470866857,0.7,0.6399999999999999,0.45961363222247276,0.45961363222247276,0
132,11,0.09870617091655731,0.05883194926854934,0.5174623355230272,0.22498810935272534,99.21875,100.0,0.10971021261028399,0.5174623355230272,0.5174623355230272,0.49396986841842183,0.22498810935272534,0.22498810935272534,0
132,2,0.0739462673664093,0.05883194926854934,0.228653615793242,0.33350776119825465,97.54098360655738,100.0,0.36375841915410945,0.228653615793242,0.228653615793242,0.2629228926345936,0.33350776119825465,0.33350776119825465,0
132,12,0.058100488036870956,0.05883194926854934,0.0,0.08194248808900297,97.265625,100.0,0.08277498298428995,-0.0125109963394025,0.0,0.08,0.08194248808900297,0.08194248808900297,0
132,8,0.03130312263965607,0.05883194926854934,0.0,0.08034747156809467,100.0,100.0,0.08049638795442096,-0.6309670553516471,0.0,0.08,0.08034747156809467,0.08034747156809467,0
132,13,0.07579901814460754,0.05883194926854934,0.2534002390311746,0.1877515473487394,98.125,100.0,0.14705069997322498,0.2534002390311746,0.2534002390311746,0.2827201912249397,0.1877515473487394,0.1877515473487394,0
132,3,0.08246190845966339,0.05883194926854934,0.33765136012109787,0.32895780855163304,98.42105263157895,100.0,0.3198878316036708,0.33765136012109787,0.33765136012109787,0.3501210880968783,0.32895780855163304,0.32895780855163304,0
132,5,0.24085217714309692,0.05883194926854934,0.7,0.6399999999999997,92.1875,100.0,0.6399999999999997,1.4094981817458807,0.7,0.6399999999999999,0.6399999999999997,0.6399999999999997,0
132,18,0.08456816524267197,0.05883194926854934,0.36287278445070065,0.1948906588509513,97.65625,100.0,0.1197159865468331,0.36287278445070065,0.36287278445070065,0.3702982275605605,0.1948906588509513,0.1948906588509513,0
132,7,0.05344126373529434,0.05883194926854934,0.0,0.11641480579013067,100.0,100.0,0.13202115112875812,-0.0961018684123323,0.0,0.08,0.11641480579013067,0.11641480579013067,0
132,9,0.036554496735334396,0.05883194926854934,0.0,0.07999999999999996,98.4375,100.0,0.07999999999999996,-0.4758807503368274,0.0,0.08,0.07999999999999996,0.07999999999999996,0
132,17,0.050734441727399826,0.05883194926854934,0.0,0.10036209285957731,98.4375,100.0,0.10908870408511046,-0.14808003114611307,0.0,0.08,0.10036209285957731,0.10036209285957731,0
132,14,0.09537532925605774,0.05883194926854934,0.4831348144498936,0.30610157519231573,98.4375,100.0,0.23735602817763035,0.4831348144498936,0.4831348144498936,0.4665078515599149,0.30610157519231573,0.30610157519231573,0
132,19,0.08733713626861572,0.05883194926854934,0.3950906414805267,0.1748224100094397,99.21875,100.0,0.08000093722016188,0.3950906414805267,0.3950906414805267,0.3960725131844214,0.1748224100094397,0.1748224100094397,0
132,10,0.017959684133529663,0.05883194926854934,0.0,0.08288787780724788,99.14163090128756,100.0,0.08412553972463982,-1.1865551999217563,0.0,0.08,0.08288787780724788,0.08288787780724788,0
132,0,0.053889431059360504,0.05883194926854934,0.0,0.14288731852365,98.98477157360406,100.0,0.16983902646235716,-0.08775067221258251,0.0,0.08,0.14288731852365,0.14288731852365,0
132,15,0.05291121080517769,0.05883194926854934,0.0,0.22905918214379234,98.046875,100.0,0.29294168877684623,-0.10606980233292268,0.0,0.08,0.22905918214379234,0.22905918214379234,0
133,5,0.2354266494512558,0.06043601861724524,0.7,0.6399999999999997,90.234375,100.0,0.6399999999999997,1.3598140127275493,0.7,0.6399999999999999,0.6399999999999997,0.6399999999999997,0
133,10,0.03950687497854233,0.06043601861724524,0.0,0.08202151446507351,100.0,100.0,0.08288787780724788,-0.42511046741844183,0.0,0.08,0.08202151446507351,0.08202151446507351,0
133,19,0.04208942502737045,0.06043601861724524,0.0,0.1463756870066078,99.609375,100.0,0.1748224100094397,-0.3617886676640934,0.0,0.08,0.1463756870066078,0.1463756870066078,0
133,17,0.04471391811966896,0.06043601861724524,0.0,0.09425346500170412,97.265625,100.0,0.10036209285957731,-0.3013003832615433,0.0,0.08,0.09425346500170412,0.09425346500170412,0
133,11,0.05048716440796852,0.06043601861724524,0.0,0.18149167654690773,98.828125,100.0,0.22498810935272534,-0.17986609548520846,0.0,0.08,0.18149167654690773,0.18149167654690773,0
133,8,0.061936333775520325,0.06043601861724524,0.02452171692518241,0.08612844215971005,99.21875,100.0,0.08034747156809467,0.02452171692518241,0.02452171692518241,0.09961737354014594,0.08612844215971005,0.08612844215971005,0
133,9,0.03516611456871033,0.06043601861724524,0.0,0.07999999999999996,99.21875,100.0,0.07999999999999996,-0.5415021783692727,0.0,0.08,0.07999999999999996,0.07999999999999996,0
133,14,0.07120972871780396,0.06043601861724524,0.16404416141816422,0.2776417013749804,96.484375,100.0,0.30610157519231573,0.16404416141816422,0.16404416141816422,0.21123532913453136,0.2776417013749804,0.2776417013749804,0
133,18,0.06126413121819496,0.06043601861724524,0.013609272417883426,0.16368968657595792,96.484375,100.0,0.1948906588509513,0.013609272417883426,0.013609272417883426,0.09088741793430674,0.16368968657595792,0.16368968657595792,0
133,0,0.06261362135410309,0.06043601861724524,0.03539758027097836,0.1325165422315898,97.46192893401015,100.0,0.14288731852365,0.03539758027097836,0.03539758027097836,0.1083180642167827,0.1325165422315898,0.1325165422315898,0
133,15,0.05605218559503555,0.06043601861724524,0.0,0.18434142750065463,98.828125,100.0,0.22905918214379234,-0.07530210656060826,0.0,0.08,0.18434142750065463,0.18434142750065463,0
133,6,0.04061261564493179,0.06043601861724524,0.0,0.21621848018161022,96.80851063829788,100.0,0.27459782883087175,-0.39750643265002966,0.0,0.08,0.21621848018161022,0.21621848018161022,0
133,13,0.05634989216923714,0.06043601861724524,0.0,0.15542608314411754,97.5,100.0,0.1877515473487394,-0.07000492303354261,0.0,0.08,0.15542608314411754,0.15542608314411754,0
133,16,0.028232941403985023,0.06043601861724524,0.0,0.07999999999999996,99.21875,100.0,0.07999999999999996,-0.7610956420961431,0.0,0.08,0.07999999999999996,0.07999999999999996,0
133,7,0.017736094072461128,0.06043601861724524,0.0,0.10549036405309145,97.89473684210526,100.0,0.11641480579013067,-1.2259830872284903,0.0,0.08,0.10549036405309145,0.10549036405309145,0
133,12,0.07047274708747864,0.06043601861724524,0.15364078345532672,0.11823352969158049,98.046875,100.0,0.08194248808900297,0.15364078345532672,0.15364078345532672,0.2029126267642614,0.11823352969158049,0.11823352969158049,0
133,4,0.04733075201511383,0.06043601861724524,0.0,0.3457295425557309,97.9020979020979,100.0,0.45961363222247276,-0.24442498355749315,0.0,0.08,0.3457295425557309,0.3457295425557309,0
133,1,0.12526124715805054,0.06043601861724524,0.7,0.4175060689783155,100.0,100.0,0.32215152711187933,0.7288161860449113,0.7,0.6399999999999999,0.4175060689783155,0.4175060689783155,0
133,2,0.056958142668008804,0.06043601861724524,0.0,0.25745543283877825,97.54098360655738,100.0,0.33350776119825465,-0.05926859290546043,0.0,0.08,0.25745543283877825,0.25745543283877825,0
133,3,0.10180513560771942,0.06043601861724524,0.5214752216930849,0.3794245191924835,96.84210526315789,100.0,0.32895780855163304,0.5214752216930849,0.5214752216930849,0.49718017735446796,0.3794245191924835,0.3794245191924835,0
134,8,0.05633872002363205,0.06001252064373436,0.0,0.08428990951179703,98.4375,100.0,0.08612844215971005,-0.0631711635768727,0.0,0.08,0.08428990951179703,0.08428990951179703,0
134,13,0.06517749279737473,0.06001252064373436,0.08256097578998807,0.15261289239047943,99.375,100.0,0.15542608314411754,0.08256097578998807,0.08256097578998807,0.14604878063199045,0.15261289239047943,0.15261289239047943,0
134,2,0.2091442495584488,0.06001252064373436,0.7,0.3722188029871447,97.54098360655738,100.0,0.25745543283877825,1.248470866503038,0.7,0.6399999999999999,0.3722188029871447,0.3722188029871447,0
134,18,0.0468246228992939,0.06001252064373436,0.0,0.13858278060317053,99.21875,100.0,0.16368968657595792,-0.24814397602426483,0.0,0.08,0.13858278060317053,0.13858278060317053,0
134,19,0.057189878076314926,0.06001252064373436,0.0,0.12646298090462546,98.046875,100.0,0.1463756870066078,-0.04817628360406743,0.0,0.08,0.12646298090462546,0.12646298090462546,0
134,16,0.01369958370923996,0.06001252064373436,0.0,0.07999999999999996,98.828125,100.0,0.07999999999999996,-1.477187208344988,0.0,0.08,0.07999999999999996,0.07999999999999996,0
134,5,0.3037472367286682,0.06001252064373436,0.7,0.6399999999999997,91.796875,100.0,0.6399999999999997,1.6216425458664638,0.7,0.6399999999999999,0.6399999999999997,0.6399999999999997,0
134,12,0.05228583514690399,0.06001252064373436,0.0,0.10676347078410633,100.0,100.0,0.11823352969158049,-0.13782769732689457,0.0,0.08,0.10676347078410633,0.10676347078410633,0
134,6,0.040587168186903,0.06001252064373436,0.0,0.17535293612712713,100.0,100.0,0.21621848018161022,-0.3911011759540398,0.0,0.08,0.17535293612712713,0.17535293612712713,0
134,11,0.06263857334852219,0.06001252064373436,0.04282805118301968,0.16132290586676012,97.265625,100.0,0.18149167654690773,0.04282805118301968,0.04282805118301968,0.11426244094641574,0.16132290586676012,0.16132290586676012,0
134,7,0.08023864030838013,0.06001252064373436,0.29045193834955724,0.16755172004105776,98.94736842105263,100.0,0.10549036405309145,0.29045193834955724,0.29045193834955724,0.3123615506796458,0.16755172004105776,0.16755172004105776,0
134,1,0.132955402135849,0.06001252064373436,0.7,0.4842542482848208,97.29729729729729,100.0,0.4175060689783155,0.795460440435548,0.7,0.6399999999999999,0.4842542482848208,0.4842542482848208,0
134,4,0.0740700289607048,0.06001252064373436,0.2104577335440495,0.3165205358395835,97.9020979020979,100.0,0.3457295425557309,0.2104577335440495,0.2104577335440495,0.24836618683523964,0.3165205358395835,0.3165205358395835,0
134,3,0.08001309633255005,0.06001252064373436,0.2876370659327718,0.3586300592586037,95.26315789473684,100.0,0.3794245191924835,0.2876370659327718,0.2876370659327718,0.31010965274621743,0.3586300592586037,0.3586300592586037,0
134,9,0.03214874863624573,0.06001252064373436,0.0,0.07999999999999996,98.046875,100.0,0.07999999999999996,-0.6241795461666015,0.0,0.08,0.07999999999999996,0.07999999999999996,0
134,15,0.05764010548591614,0.06001252064373436,0.0,0.15303899925045822,96.875,100.0,0.18434142750065463,-0.04033460977768835,0.0,0.08,0.15303899925045822,0.15303899925045822,0
134,0,0.0830438882112503,0.06001252064373436,0.3248159776133982,0.19471741418932842,98.4771573604061,100.0,0.1325165422315898,0.3248159776133982,0.3248159776133982,0.33985278209071856,0.19471741418932842,0.19471741418932842,0
134,10,0.04488087445497513,0.06001252064373436,0.0,0.08141506012555146,98.28326180257511,100.0,0.08202151446507351,-0.29054141635190733,0.0,0.08,0.08141506012555146,0.08141506012555146,0
134,17,0.05322965234518051,0.06001252064373436,0.0,0.08997742550119286,97.65625,100.0,0.09425346500170412,-0.11993758063295169,0.0,0.08,0.08997742550119286,0.08997742550119286,0
134,14,0.06795721501111984,0.06001252064373436,0.12432507881137457,0.24818720987721615,98.4375,100.0,0.2776417013749804,0.12432507881137457,0.12432507881137457,0.17946006304909967,0.24818720987721615,0.24818720987721615,0
135,9,0.029144832864403725,0.060025202521082836,0.0,0.07999999999999996,99.21875,100.0,0.07999999999999996,-0.7224867026721721,0.0,0.08,0.07999999999999996,0.07999999999999996,0
135,15,0.03267790749669075,0.060025202521082836,0.0,0.13112729947532076,100.0,100.0,0.15303899925045822,-0.6080651387740046,0.0,0.08,0.13112729947532076,0.13112729947532076,0
135,6,0.02132207341492176,0.060025202521082836,0.0,0.146747055288989,96.80851063829788,100.0,0.17535293612712713,-1.0350213669704507,0.0,0.08,0.146747055288989,0.146747055288989,0
135,11,0.06865502893924713,0.060025202521082836,0.13432984730246258,0.1691651974593231,99.21875,100.0,0.16132290586676012,0.13432984730246258,0.13432984730246258,0.18746387784197008,0.1691651974593231,0.1691651974593231,0
135,13,0.0617603063583374,0.060025202521082836,0.028496345441937184,0.13766814757940052,98.125,100.0,0.15261289239047943,0.028496345441937184,0.028496345441937184,0.10279707635354975,0.13766814757940052,0.13766814757940052,0
135,3,0.04781697317957878,0.060025202521082836,0.0,0.2750410414810226,97.36842105263158,100.0,0.3586300592586037,-0.2273838096054587,0.0,0.08,0.2750410414810226,0.2750410414810226,0
135,18,0.04776224493980408,0.060025202521082836,0.0,0.12100794642221938,97.265625,100.0,0.13858278060317053,-0.22852900069157117,0.0,0.08,0.12100794642221938,0.12100794642221938,0
135,12,0.07115606218576431,0.060025202521082836,0.17011098169056357,0.13956106515460967,98.046875,100.0,0.10676347078410633,0.17011098169056357,0.17011098169056357,0.21608878535245085,0.13956106515460967,0.13956106515460967,0
135,14,0.0687839537858963,0.060025202521082836,0.13620595061969085,0.2304204750627771,98.046875,100.0,0.24818720987721615,0.13620595061969085,0.13620595061969085,0.18896476049575267,0.2304204750627771,0.2304204750627771,0
135,1,0.15851779282093048,0.060025202521082836,0.7,0.5309779737993745,94.5945945945946,100.0,0.4842542482848208,0.9711022250027599,0.7,0.6399999999999999,0.5309779737993745,0.5309779737993745,0
135,4,0.08057137578725815,0.060025202521082836,0.2943788887895268,0.31621530839719486,97.9020979020979,100.0,0.3165205358395835,0.2943788887895268,0.2943788887895268,0.31550311103162143,0.31621530839719486,0.31621530839719486,0
135,5,0.33084362745285034,0.060025202521082836,0.7,0.6399999999999997,89.453125,100.0,0.6399999999999997,1.7068811867175402,0.7,0.6399999999999999,0.6399999999999997,0.6399999999999997,0
135,16,0.016009291633963585,0.060025202521082836,0.0,0.07999999999999996,98.046875,100.0,0.07999999999999996,-1.3215947772010457,0.0,0.08,0.07999999999999996,0.07999999999999996,0
135,7,0.029144691303372383,0.060025202521082836,0.0,0.14128620402874043,97.89473684210526,100.0,0.16755172004105776,-0.7224915598393832,0.0,0.08,0.14128620402874043,0.14128620402874043,0
135,0,0.08373356610536575,0.060025202521082836,0.33287536262538137,0.2401922769626214,97.96954314720813,100.0,0.19471741418932842,0.33287536262538137,0.33287536262538137,0.3463002901003051,0.2401922769626214,0.2401922769626214,0
135,17,0.060134515166282654,0.060025202521082836,0.0018194559585363213,0.08742086728088372,98.4375,100.0,0.08997742550119286,0.0018194559585363213,0.0018194559585363213,0.08145556476682905,0.08742086728088372,0.08742086728088372,0
135,19,0.04452963173389435,0.060025202521082836,0.0,0.11252408663323782,98.046875,100.0,0.12646298090462546,-0.2986096088424146,0.0,0.08,0.11252408663323782,0.11252408663323782,0
135,10,0.05546186491847038,0.060025202521082836,0.0,0.08099054208788602,98.71244635193133,100.0,0.08141506012555146,-0.07906883634771489,0.0,0.08,0.08099054208788602,0.08099054208788602,0
135,2,0.15686561167240143,0.060025202521082836,0.7,0.45255316209100127,100.0,100.0,0.3722188029871447,0.9606248432871939,0.7,0.6399999999999999,0.45255316209100127,0.45255316209100127,0
135,8,0.018630843609571457,0.060025202521082836,0.0,0.08300293665825792,99.21875,100.0,0.08428990951179703,-1.1699456799940742,0.0,0.08,0.08300293665825792,0.08300293665825792,0
136,2,0.0440220981836319,0.059802501273212204,0.0,0.3407872134637009,99.18032786885246,100.0,0.45255316209100127,-0.30635568816310715,0.0,0.08,0.3407872134637009,0.3407872134637009,0
136,4,0.0852172002196312,0.059802501273212204,0.3541557567092784,0.3303480974882632,98.6013986013986,100.0,0.31621530839719486,0.3541557567092784,0.3541557567092784,0.3633246053674227,0.3303480974882632,0.3303480974882632,0
136,12,0.09555690735578537,0.059802501273212204,0.46867440859737625,0.23417460367159704,98.828125,100.0,0.13956106515460967,0.46867440859737625,0.46867440859737625,0.454939526877901,0.23417460367159704,0.23417460367159704,0
136,5,0.25086498260498047,0.059802501273212204,0.7,0.6399999999999997,88.671875,100.0,0.6399999999999997,1.433867261745515,0.7,0.6399999999999999,0.6399999999999997,0.6399999999999997,0
136,13,0.029173951596021652,0.059802501273212204,0.0,0.12036770330558036,98.125,100.0,0.13766814757940052,-0.7177710693238606,0.0,0.08,0.12036770330558036,0.12036770330558036,0
136,10,0.028097590431571007,0.059802501273212204,0.0,0.0806933794615202,99.14163090128756,100.0,0.08099054208788602,-0.7553634758109976,0.0,0.08,0.0806933794615202,0.0806933794615202,0
136,19,0.025681303814053535,0.059802501273212204,0.0,0.10276686064326646,100.0,100.0,0.11252408663323782,-0.8452840161136863,0.0,0.08,0.10276686064326646,0.10276686064326646,0
136,0,0.0626506581902504,0.059802501273212204,0.04652669212197403,0.20330099998310874,97.46192893401015,100.0,0.2401922769626214,0.04652669212197403,0.04652669212197403,0.11722135369757922,0.20330099998310874,0.20330099998310874,0
136,15,0.04626379534602165,0.059802501273212204,0.0,0.11578910963272451,97.265625,100.0,0.13112729947532076,-0.2566877412241527,0.0,0.08,0.11578910963272451,0.11578910963272451,0
136,17,0.07857131212949753,0.059802501273212204,0.2729591198446381,0.15070479585933175,97.65625,100.0,0.08742086728088372,0.2729591198446381,0.2729591198446381,0.2983672958757105,0.15070479585933175,0.15070479585933175,0
136,16,0.029428722336888313,0.059802501273212204,0.0,0.07999999999999996,99.609375,100.0,0.07999999999999996,-0.7090761671325009,0.0,0.08,0.07999999999999996,0.07999999999999996,0
136,14,0.06338898092508316,0.059802501273212204,0.05824254704025307,0.19927254383360468,98.046875,100.0,0.2304204750627771,0.05824254704025307,0.05824254704025307,0.12659403763220245,0.19927254383360468,0.19927254383360468,0
136,7,0.03205367177724838,0.059802501273212204,0.0,0.1229003428201183,97.89473684210526,100.0,0.14128620402874043,-0.6236356017960385,0.0,0.08,0.1229003428201183,0.1229003428201183,0
136,11,0.0543193593621254,0.059802501273212204,0.0,0.14241563822152617,98.046875,100.0,0.1691651974593231,-0.09616678110816292,0.0,0.08,0.14241563822152617,0.14241563822152617,0
136,1,0.06772584468126297,0.059802501273212204,0.1244203531597426,0.42554546641790036,100.0,100.0,0.5309779737993745,0.1244203531597426,0.1244203531597426,0.17953628252779408,0.42554546641790036,0.42554546641790036,0
136,3,0.07411765307188034,0.059802501273212204,0.21460621732830198,0.2680342211955083,96.84210526315789,100.0,0.2750410414810226,0.21460621732830198,0.21460621732830198,0.2516849738626416,0.2680342211955083,0.2680342211955083,0
136,9,0.02255062200129032,0.059802501273212204,0.0,0.07999999999999996,100.0,100.0,0.07999999999999996,-0.9752845623894543,0.0,0.08,0.07999999999999996,0.07999999999999996,0
136,8,0.05512511357665062,0.059802501273212204,0.0,0.08210205566078055,99.21875,100.0,0.08300293665825792,-0.08144207909236485,0.0,0.08,0.08210205566078055,0.08210205566078055,0
136,6,0.021433530375361443,0.059802501273212204,0.0,0.1267229387022923,96.80851063829788,100.0,0.146747055288989,-1.0260906522666668,0.0,0.08,0.1267229387022923,0.1267229387022923,0
136,18,0.045195404440164566,0.059802501273212204,0.0,0.10870556249555355,97.65625,100.0,0.12100794642221938,-0.2800520233572567,0.0,0.08,0.10870556249555355,0.10870556249555355,0
137,16,0.015130531042814255,0.058851408881298334,0.0,0.07999999999999996,98.828125,100.0,0.07999999999999996,-1.358300656782869,0.0,0.08,0.07999999999999996,0.07999999999999996,0
137,9,0.0216097179800272,0.058851408881298334,0.0,0.07999999999999996,99.21875,100.0,0.07999999999999996,-1.0018723607982094,0.0,0.08,0.07999999999999996,0.07999999999999996,0
137,11,0.04837646707892418,0.058851408881298334,0.0,0.12369094675506831,98.828125,100.0,0.14241563822152617,-0.19600225873310914,0.0,0.08,0.12369094675506831,0.12369094675506831,0
137,5,0.22685199975967407,0.058851408881298334,0.7,0.6399999999999997,90.625,100.0,0.6399999999999997,1.3492819219436645,0.7,0.6399999999999999,0.6399999999999997,0.6399999999999997,0
137,7,0.01886630989611149,0.058851408881298334,0.0,0.11003023997408282,100.0,100.0,0.1229003428201183,-1.137637627240803,0.0,0.08,0.11003023997408282,0.11003023997408282,0
137,14,0.08126280456781387,0.058851408881298334,0.32267258298326484,0.24093220059950685,96.09375,100.0,0.19927254383360468,0.32267258298326484,0.32267258298326484,0.3381380663866119,0.24093220059950685,0.24093220059950685,0
137,18,0.0871216282248497,0.058851408881298334,0.39228933913356634,0.1942433351389434,97.65625,100.0,0.10870556249555355,0.39228933913356634,0.39228933913356634,0.3938314713068531,0.1942433351389434,0.1942433351389434,0
137,17,0.05906422436237335,0.058851408881298334,0.003609626140249704,0.13035966737519217,99.21875,100.0,0.15070479585933175,0.003609626140249704,0.003609626140249704,0.08288770091219977,0.13035966737519217,0.13035966737519217,0
137,8,0.033093035221099854,0.058851408881298334,0.0,0.08147143896254638,98.828125,100.0,0.08210205566078055,-0.5756927974083775,0.0,0.08,0.08147143896254638,0.08147143896254638,0
137,12,0.04966581612825394,0.058851408881298334,0.0,0.1879222225701179,98.828125,100.0,0.23417460367159704,-0.16969885000621196,0.0,0.08,0.1879222225701179,0.1879222225701179,0
137,19,0.009747418574988842,0.058851408881298334,0.0,0.09593680245028652,99.609375,100.0,0.10276686064326646,-1.798012429221406,0.0,0.08,0.09593680245028652,0.09593680245028652,0
137,3,0.11630014330148697,0.058851408881298334,0.6811584341311167,0.37510197902832376,97.89473684210526,100.0,0.2680342211955083,0.6811584341311167,0.6811584341311167,0.6249267473048933,0.37510197902832376,0.37510197902832376,0
137,1,0.12630359828472137,0.058851408881298334,0.7,0.4898818264925302,100.0,100.0,0.42554546641790036,0.7636726545587239,0.7,0.6399999999999999,0.4898818264925302,0.4898818264925302,0
137,4,0.19421535730361938,0.058851408881298334,0.7,0.4232436682417842,97.9020979020979,100.0,0.3303480974882632,1.1939517405049203,0.7,0.6399999999999999,0.4232436682417842,0.4232436682417842,0
137,0,0.04420952498912811,0.058851408881298334,0.0,0.1663106999881761,96.95431472081218,100.0,0.20330099998310874,-0.2860754539935899,0.0,0.08,0.1663106999881761,0.1663106999881761,0
137,13,0.03392689675092697,0.058851408881298334,0.0,0.10825739231390624,96.25,100.0,0.12036770330558036,-0.550807534515662,0.0,0.08,0.10825739231390624,0.10825739231390624,0
137,10,0.05790587514638901,0.058851408881298334,0.0,0.08048536562306413,98.71244635193133,100.0,0.0806933794615202,-0.016196920846294184,0.0,0.08,0.08048536562306413,0.08048536562306413,0
137,6,0.017428385093808174,0.058851408881298334,0.0,0.11270605709160458,97.87234042553192,100.0,0.1267229387022923,-1.2169151654897763,0.0,0.08,0.11270605709160458,0.11270605709160458,0
137,2,0.08442340046167374,0.058851408881298334,0.36082879473070084,0.3491499601599588,97.54098360655738,100.0,0.3407872134637009,0.36082879473070084,0.36082879473070084,0.3686630357845607,0.3491499601599588,0.3491499601599588,0
137,15,0.08207178115844727,0.058851408881298334,0.3325784226201119,0.18487119817173403,96.875,100.0,0.11578910963272451,0.3325784226201119,0.3325784226201119,0.34606273809608956,0.18487119817173403,0.18487119817173403,0
138,11,0.03756660223007202,0.058344852556900646,0.0,0.1105836627285478,98.4375,100.0,0.12369094675506831,-0.44025562624885245,0.0,0.08,0.1105836627285478,0.1105836627285478,0
138,2,0.12809206545352936,0.058344852556900646,0.7,0.43640497211197116,98.36065573770492,100.0,0.3491499601599588,0.7863780352406602,0.7,0.6399999999999999,0.43640497211197116,0.43640497211197116,0
138,17,0.04025539383292198,0.058344852556900646,0.0,0.11525176716263452,98.046875,100.0,0.13035966737519217,-0.3711270579875135,0.0,0.08,0.11525176716263452,0.11525176716263452,0
138,18,0.04976877570152283,0.058344852556900646,0.0,0.15997033459726037,96.875,100.0,0.1942433351389434,-0.1589833151874651,0.0,0.08,0.15997033459726037,0.15997033459726037,0
138,15,0.09559876471757889,0.058344852556900646,0.49378869365447525,0.2719191251972879,96.875,100.0,0.18487119817173403,0.49378869365447525,0.49378869365447525,0.4750309549235802,0.2719191251972879,0.2719191251972879,0
138,19,0.02704029716551304,0.058344852556900646,0.0,0.09115576171520057,98.828125,100.0,0.09593680245028652,-0.7690426987774347,0.0,0.08,0.09115576171520057,0.09115576171520057,0
138,13,0.0829009935259819,0.058344852556900646,0.3512758577680938,0.18408638048407688,97.5,100.0,0.10825739231390624,0.3512758577680938,0.3512758577680938,0.36102068621447503,0.18408638048407688,0.18408638048407688,0
138,10,0.06412811577320099,0.058344852556900646,0.09451173774510188,0.10302257299496934,99.14163090128756,100.0,0.08048536562306413,0.09451173774510188,0.09451173774510188,0.1556093901960815,0.10302257299496934,0.10302257299496934,0
138,12,0.054542481899261475,0.058344852556900646,0.0,0.15554555579908252,98.4375,100.0,0.1879222225701179,-0.067391243796571,0.0,0.08,0.15554555579908252,0.15554555579908252,0
138,6,0.01601509004831314,0.058344852556900646,0.0,0.1028942399641232,98.93617021276596,100.0,0.11270605709160458,-1.2928392793545536,0.0,0.08,0.1028942399641232,0.1028942399641232,0
138,16,0.01271102949976921,0.058344852556900646,0.0,0.07999999999999996,98.828125,100.0,0.07999999999999996,-1.5239004417248245,0.0,0.08,0.07999999999999996,0.07999999999999996,0
138,8,0.018724089488387108,0.058344852556900646,0.0,0.08103000727378246,98.4375,100.0,0.08147143896254638,-1.1365598727200614,0.0,0.08,0.08103000727378246,0.08103000727378246,0
138,3,0.13797345757484436,0.058344852556900646,0.7,0.45457138531982655,99.47368421052632,100.0,0.37510197902832376,0.860690093162701,0.7,0.6399999999999999,0.45457138531982655,0.45457138531982655,0
138,14,0.030815990641713142,0.058344852556900646,0.0,0.19265254041965477,97.265625,100.0,0.24093220059950685,-0.6383372531192782,0.0,0.08,0.19265254041965477,0.19265254041965477,0
138,7,0.08194620907306671,0.058344852556900646,0.3396918575691213,0.18254721379844707,100.0,100.0,0.11003023997408282,0.3396918575691213,0.3396918575691213,0.35175348605529705,0.18254721379844707,0.18254721379844707,0
138,5,0.32696008682250977,0.058344852556900646,0.7,0.6399999999999997,89.453125,100.0,0.6399999999999997,1.723466825826486,0.7,0.6399999999999999,0.6399999999999997,0.6399999999999997,0
138,1,0.13105319440364838,0.058344852556900646,0.7,0.5349172785447711,91.89189189189189,100.0,0.4898818264925302,0.8092320716752763,0.7,0.6399999999999999,0.5349172785447711,0.5349172785447711,0
138,4,0.08343630284070969,0.058344852556900646,0.35771231080800425,0.40612152236316995,97.2027972027972,100.0,0.4232436682417842,0.35771231080800425,0.35771231080800425,0.36616984864640345,0.40612152236316995,0.40612152236316995,0
138,9,0.028216345235705376,0.058344852556900646,0.0,0.07999999999999996,98.828125,100.0,0.07999999999999996,-0.7264695268368769,0.0,0.08,0.07999999999999996,0.07999999999999996,0
138,0,0.05588964745402336,0.058344852556900646,0.0,0.14041748999172327,97.96954314720813,100.0,0.1663106999881761,-0.04299196522760529,0.0,0.08,0.14041748999172327,0.14041748999172327,0
139,17,0.03638725355267525,0.05803197376887482,0.0,0.10467623701384415,98.046875,100.0,0.11525176716263452,-0.4667754918342994,0.0,0.08,0.10467623701384415,0.10467623701384415,0
139,1,0.1105269119143486,0.05803197376887482,0.6442648256691657,0.5530656531419395,97.29729729729729,100.0,0.5349172785447711,0.6442648256691657,0.6442648256691657,0.5954118605353325,0.5530656531419395,0.5530656531419395,0
139,15,0.08156835287809372,0.05803197376887482,0.3404471741160562,0.296050709425955,98.4375,100.0,0.2719191251972879,0.3404471741160562,0.3404471741160562,0.352357739292845,0.296050709425955,0.296050709425955,0
139,13,0.069854237139225,0.05803197376887482,0.18541658471783212,0.1973604466711335,99.375,100.0,0.18408638048407688,0.18541658471783212,0.18541658471783212,0.2283332677742657,0.1973604466711335,0.1973604466711335,0
139,16,0.03153293952345848,0.05803197376887482,0.0,0.07999999999999996,98.046875,100.0,0.07999999999999996,-0.6099612870926993,0.0,0.08,0.07999999999999996,0.07999999999999996,0
139,6,0.041594356298446655,0.05803197376887482,0.0,0.09602596797488624,98.93617021276596,100.0,0.1028942399641232,-0.3330295702695898,0.0,0.08,0.09602596797488624,0.09602596797488624,0
139,4,0.09281808137893677,0.05803197376887482,0.4696472681480584,0.42100041000975297,97.2027972027972,100.0,0.40612152236316995,0.4696472681480584,0.4696472681480584,0.4557178145184468,0.42100041000975297,0.42100041000975297,0
139,7,0.07949874550104141,0.05803197376887482,0.3147470646149742,0.22732234516650673,98.94736842105263,100.0,0.18254721379844707,0.3147470646149742,0.3147470646149742,0.3317976516919794,0.22732234516650673,0.22732234516650673,0
139,9,0.027966130524873734,0.05803197376887482,0.0,0.07999999999999996,99.609375,100.0,0.07999999999999996,-0.7299997913947098,0.0,0.08,0.07999999999999996,0.07999999999999996,0
139,3,0.12124171108007431,0.05803197376887482,0.7,0.5101999697238785,97.36842105263158,100.0,0.45457138531982655,0.7367919448866248,0.7,0.6399999999999999,0.5101999697238785,0.5101999697238785,0
139,11,0.047143299132585526,0.05803197376887482,0.0,0.10140856390998346,98.046875,100.0,0.1105836627285478,-0.2078022098276784,0.0,0.08,0.10140856390998346,0.10140856390998346,0
139,0,0.069974884390831,0.05803197376887482,0.18714222331111424,0.16720637658887372,98.98477157360406,100.0,0.14041748999172327,0.18714222331111424,0.18714222331111424,0.22971377864889142,0.16720637658887372,0.16720637658887372,0
139,5,0.2755829691886902,0.05803197376887482,0.7,0.6399999999999997,90.234375,100.0,0.6399999999999997,1.5578944752723416,0.7,0.6399999999999999,0.6399999999999997,0.6399999999999997,0
139,10,0.009676909074187279,0.05803197376887482,0.0,0.09611580109647852,99.14163090128756,100.0,0.10302257299496934,-1.7912507296803617,0.0,0.08,0.09611580109647852,0.09611580109647852,0
139,19,0.017589611932635307,0.05803197376887482,0.0,0.0878090332006404,98.4375,100.0,0.09115576171520057,-1.1936852376417284,0.0,0.08,0.0878090332006404,0.0878090332006404,0
139,14,0.0293506421148777,0.05803197376887482,0.0,0.15885677829375833,97.265625,100.0,0.19265254041965477,-0.6816795382557299,0.0,0.08,0.15885677829375833,0.15885677829375833,0
139,8,0.04169460013508797,0.05803197376887482,0.0,0.08072100509164772,97.265625,100.0,0.08103000727378246,-0.33062243575221834,0.0,0.08,0.08072100509164772,0.08072100509164772,0
139,12,0.04775980859994888,0.05803197376887482,0.0,0.13288188905935777,99.21875,100.0,0.15554555579908252,-0.1948096319292253,0.0,0.08,0.13288188905935777,0.13288188905935777,0
139,2,0.057389091700315475,0.05803197376887482,0.0,0.32948348047837983,95.08196721311475,100.0,0.43640497211197116,-0.011139883397278469,0.0,0.08,0.32948348047837983,0.32948348047837983,0
139,18,0.0837622657418251,0.05803197376887482,0.3669884331379178,0.22405645817118253,98.4375,100.0,0.15997033459726037,0.3669884331379178,0.3669884331379178,0.37359074651033425,0.22405645817118253,0.22405645817118253,0
140,0,0.0646129623055458,0.057486221407000555,0.11686973497398837,0.16909320000596878,97.46192893401015,100.0,0.16720637658887372,0.11686973497398837,0.11686973497398837,0.17349578797919069,0.16909320000596878,0.16909320000596878,0
140,17,0.05217823013663292,0.057486221407000555,0.0,0.0972733659096909,97.265625,100.0,0.10467623701384415,-0.09687991297829653,0.0,0.08,0.0972733659096909,0.0972733659096909,0
140,7,0.09372855722904205,0.057486221407000555,0.48885755715192275,0.3004514553330162,98.94736842105263,100.0,0.22732234516650673,0.48885755715192275,0.48885755715192275,0.4710860457215382,0.3004514553330162,0.3004514553330162,0
140,11,0.026628000661730766,0.057486221407000555,0.0,0.0949859947369884,98.4375,100.0,0.10140856390998346,-0.7695817712045193,0.0,0.08,0.0949859947369884,0.0949859947369884,0
140,1,0.10631828010082245,0.057486221407000555,0.6148918663641381,0.5587200051267507,91.89189189189189,100.0,0.5530656531419395,0.6148918663641381,0.6148918663641381,0.5719134930913105,0.5587200051267507,0.5587200051267507,0
140,8,0.02470371499657631,0.057486221407000555,0.0,0.0805047035641534,99.609375,100.0,0.08072100509164772,-0.8445914234970751,0.0,0.08,0.0805047035641534,0.0805047035641534,0
140,14,0.03548482060432434,0.057486221407000555,0.0,0.13519974480563082,98.4375,100.0,0.15885677829375833,-0.4824401670990625,0.0,0.08,0.13519974480563082,0.13519974480563082,0
140,3,0.08214534819126129,0.057486221407000555,0.35694487348593595,0.4668067484433396,97.89473684210526,100.0,0.5101999697238785,0.35694487348593595,0.35694487348593595,0.3655558987887488,0.4668067484433396,0.4668067484433396,0
140,15,0.06064058467745781,0.057486221407000555,0.0534190826339669,0.24405607643032057,98.828125,100.0,0.296050709425955,0.0534190826339669,0.0534190826339669,0.12273526610717353,0.24405607643032057,0.24405607643032057,0
140,13,0.03121907450258732,0.057486221407000555,0.0,0.16215231266979344,99.375,100.0,0.1973604466711335,-0.6105158747493579,0.0,0.08,0.16215231266979344,0.16215231266979344,0
140,12,0.048053715378046036,0.057486221407000555,0.0,0.11701732234155043,99.21875,100.0,0.13288188905935777,-0.1792258016465916,0.0,0.08,0.11701732234155043,0.11701732234155043,0
140,19,0.02107471413910389,0.057486221407000555,0.0,0.08546632324044828,99.609375,100.0,0.0878090332006404,-1.00347105102111,0.0,0.08,0.08546632324044828,0.08546632324044828,0
140,16,0.013028157874941826,0.057486221407000555,0.0,0.07999999999999996,99.609375,100.0,0.07999999999999996,-1.4844316923041654,0.0,0.08,0.07999999999999996,0.07999999999999996,0
140,6,0.046481240540742874,0.057486221407000555,0.0,0.09121817758242037,97.87234042553192,100.0,0.09602596797488624,-0.21249644823533037,0.0,0.08,0.09121817758242037,0.09121817758242037,0
140,5,0.2997300922870636,0.057486221407000555,0.7,0.6399999999999997,87.5,100.0,0.6399999999999997,1.6513369453386213,0.7,0.6399999999999999,0.6399999999999997,0.6399999999999997,0
140,18,0.04953847825527191,0.057486221407000555,0.0,0.18083952071982776,97.65625,100.0,0.22405645817118253,-0.14879555738120695,0.0,0.08,0.18083952071982776,0.18083952071982776,0
140,4,0.07565684616565704,0.057486221407000555,0.2746626008707221,0.38461931121580034,98.6013986013986,100.0,0.42100041000975297,0.2746626008707221,0.2746626008707221,0.2997300806965777,0.38461931121580034,0.38461931121580034,0
140,2,0.13311704993247986,0.057486221407000555,0.7,0.42263843633486586,99.18032786885246,100.0,0.32948348047837983,0.8396834256468779,0.7,0.6399999999999999,0.42263843633486586,0.42263843633486586,0
140,10,0.02065229043364525,0.057486221407000555,0.0,0.09128106076753495,98.71244635193133,100.0,0.09611580109647852,-1.0237187509909302,0.0,0.08,0.09128106076753495,0.09128106076753495,0
140,9,0.03326312080025673,0.057486221407000555,0.0,0.07999999999999996,99.21875,100.0,0.07999999999999996,-0.5470958649075321,0.0,0.08,0.07999999999999996,0.07999999999999996,0
141,13,0.046760473400354385,0.056617208947966395,0.0,0.1375066188688554,96.25,100.0,0.16215231266979344,-0.1912746861849717,0.0,0.08,0.1375066188688554,0.1375066188688554,0
141,2,0.10690800100564957,0.056617208947966395,0.6356555938329335,0.4724042479543101,99.18032786885246,100.0,0.42263843633486586,0.6356555938329335,0.6356555938329335,0.5885244750663468,0.4724042479543101,0.4724042479543101,0
141,11,0.05795791372656822,0.056617208947966395,0.02340413364924243,0.09610718839171006,97.265625,100.0,0.0949859947369884,0.02340413364924243,0.02340413364924243,0.09872330691939395,0.09610718839171006,0.09610718839171006,0
141,8,0.060334108769893646,0.056617208947966395,0.06358460015988912,0.09561359653328078,99.609375,100.0,0.0805047035641534,0.06358460015988912,0.06358460015988912,0.1308676801279113,0.09561359653328078,0.09561359653328078,0
141,14,0.08049235492944717,0.056617208947966395,0.3518491736908403,0.20308362304974326,98.4375,100.0,0.13519974480563082,0.3518491736908403,0.3518491736908403,0.36147933895267226,0.20308362304974326,0.20308362304974326,0
141,5,0.2720642685890198,0.056617208947966395,0.7,0.6399999999999997,91.015625,100.0,0.6399999999999997,1.5697251960805811,0.7,0.6399999999999999,0.6399999999999997,0.6399999999999997,0
141,7,0.020351378247141838,0.056617208947966395,0.0,0.23431601873311134,98.94736842105263,100.0,0.3004514553330162,-1.0231640325440257,0.0,0.08,0.23431601873311134,0.23431601873311134,0
141,3,0.11950327455997467,0.056617208947966395,0.7,0.5187647239103377,98.42105263157895,100.0,0.4668067484433396,0.7470306962127448,0.7,0.6399999999999999,0.5187647239103377,0.5187647239103377,0
141,15,0.04409573972225189,0.056617208947966395,0.0,0.19483925350122439,97.265625,100.0,0.24405607643032057,-0.24994976101072383,0.0,0.08,0.19483925350122439,0.19483925350122439,0
141,16,0.01198624912649393,0.056617208947966395,0.0,0.07999999999999996,98.828125,100.0,0.07999999999999996,-1.552552239739542,0.0,0.08,0.07999999999999996,0.07999999999999996,0
141,17,0.05135923996567726,0.056617208947966395,0.0,0.09209135613678363,99.21875,100.0,0.0972733659096909,-0.09746810483556174,0.0,0.08,0.09209135613678363,0.09209135613678363,0
141,4,0.08434642106294632,0.056617208947966395,0.3986193364083836,0.3889021585890723,98.6013986013986,100.0,0.38461931121580034,0.3986193364083836,0.3986193364083836,0.3988954691267069,0.3889021585890723,0.3889021585890723,0
141,12,0.07230943441390991,0.056617208947966395,0.24464158812652165,0.1646261067894505,98.828125,100.0,0.11701732234155043,0.24464158812652165,0.24464158812652165,0.27571327050121736,0.1646261067894505,0.1646261067894505,0
141,10,0.03467273712158203,0.056617208947966395,0.0,0.08789674253727447,97.85407725321889,100.0,0.09128106076753495,-0.4903591678077983,0.0,0.08,0.08789674253727447,0.08789674253727447,0
141,1,0.04542937129735947,0.056617208947966395,0.0,0.41510400358872546,94.5945945945946,100.0,0.5587200051267507,-0.22015409977229508,0.0,0.08,0.41510400358872546,0.41510400358872546,0
141,0,0.0719832107424736,0.056617208947966395,0.24011988597475087,0.19999401263811833,98.4771573604061,100.0,0.16909320000596878,0.24011988597475087,0.24011988597475087,0.2720959087798007,0.19999401263811833,0.19999401263811833,0
141,6,0.07634374499320984,0.056617208947966395,0.29893307322369594,0.15959666188138127,98.93617021276596,100.0,0.09121817758242037,0.29893307322369594,0.29893307322369594,0.3191464585789568,0.15959666188138127,0.15959666188138127,0
141,18,0.07242447882890701,0.056617208947966395,0.2462313250548073,0.2096831825170332,98.4375,100.0,0.18083952071982776,0.2462313250548073,0.2462313250548073,0.2769850600438459,0.2096831825170332,0.2096831825170332,0
141,19,0.030385594815015793,0.056617208947966395,0.0,0.0838264262683138,98.828125,100.0,0.08546632324044828,-0.6223441901970497,0.0,0.08,0.0838264262683138,0.0838264262683138,0
141,9,0.01658443734049797,0.056617208947966395,0.0,0.07999999999999996,99.609375,100.0,0.07999999999999996,-1.2278478116469196,0.0,0.08,0.07999999999999996,0.07999999999999996,0
142,7,0.05964793264865875,0.05687008917799285,0.047689952306810474,0.19946680166681247,98.94736842105263,100.0,0.23431601873311134,0.047689952306810474,0.047689952306810474,0.11815196184544838,0.19946680166681247,0.19946680166681247,0
142,11,0.0503275990486145,0.05687008917799285,0.0,0.09127503187419703,98.4375,100.0,0.09610718839171006,-0.1222158910910057,0.0,0.08,0.09127503187419703,0.09127503187419703,0
142,12,0.05423150584101677,0.05687008917799285,0.0,0.13923827475261535,99.609375,100.0,0.1646261067894505,-0.047507492722262415,0.0,0.08,0.13923827475261535,0.13923827475261535,0
142,9,0.015234082005918026,0.05687008917799285,0.0,0.07999999999999996,98.828125,100.0,0.07999999999999996,-1.3172338938155386,0.0,0.08,0.07999999999999996,0.07999999999999996,0
142,18,0.08101922273635864,0.05687008917799285,0.3539168624179671,0.25571827474223535,98.828125,100.0,0.2096831825170332,0.3539168624179671,0.3539168624179671,0.3631334899343737,0.25571827474223535,0.25571827474223535,0
142,13,0.07004698365926743,0.05687008917799285,0.20839664953296427,0.17026982909611021,98.125,100.0,0.1375066188688554,0.20839664953296427,0.20839664953296427,0.24671731962637145,0.17026982909611021,0.17026982909611021,0
142,2,0.0485830083489418,0.05687008917799285,0.0,0.35468297356801703,97.54098360655738,100.0,0.4724042479543101,-0.1574956521016138,0.0,0.08,0.35468297356801703,0.35468297356801703,0
142,1,0.03823044151067734,0.05687008917799285,0.0,0.31457280251210784,94.5945945945946,100.0,0.41510400358872546,-0.3971373472447322,0.0,0.08,0.31457280251210784,0.31457280251210784,0
142,14,0.05811206251382828,0.05687008917799285,0.021603725547481186,0.17134343026621573,98.4375,100.0,0.20308362304974326,0.021603725547481186,0.021603725547481186,0.09728298043798494,0.17134343026621573,0.17134343026621573,0
142,3,0.10026025027036667,0.05687008917799285,0.5669997025267871,0.5232152353436652,98.42105263157895,100.0,0.5187647239103377,0.5669997025267871,0.5669997025267871,0.5335997620214297,0.5232152353436652,0.5232152353436652,0
142,10,0.045178696513175964,0.05687008917799285,0.0,0.08552771977609214,98.28326180257511,100.0,0.08789674253727447,-0.23014382426247781,0.0,0.08,0.08552771977609214,0.08552771977609214,0
142,5,0.24412235617637634,0.05687008917799285,0.7,0.6399999999999997,89.453125,100.0,0.6399999999999997,1.456899895047209,0.7,0.6399999999999999,0.6399999999999997,0.6399999999999997,0
142,8,0.04187421500682831,0.05687008917799285,0.0,0.09092951757329654,98.828125,100.0,0.09561359653328078,-0.3060992225850407,0.0,0.08,0.09092951757329654,0.09092951757329654,0
142,0,0.06855351477861404,0.05687008917799285,0.1868451185169412,0.20883863729074872,96.95431472081218,100.0,0.19999401263811833,0.1868451185169412,0.1868451185169412,0.22947609481355297,0.20883863729074872,0.20883863729074872,0
142,15,0.10423069447278976,0.05687008917799285,0.6058370492984171,0.30578836928247716,96.875,100.0,0.19483925350122439,0.6058370492984171,0.6058370492984171,0.5646696394387337,0.30578836928247716,0.30578836928247716,0
142,4,0.1069517657160759,0.05687008917799285,0.6316083333670621,0.44781751102044554,97.2027972027972,100.0,0.3889021585890723,0.6316083333670621,0.6316083333670621,0.5852866666936497,0.44781751102044554,0.44781751102044554,0
142,17,0.05557137355208397,0.05687008917799285,0.0,0.08846394929574852,98.4375,100.0,0.09209135613678363,-0.023101320813322564,0.0,0.08,0.08846394929574852,0.08846394929574852,0
142,16,0.020162055268883705,0.05687008917799285,0.0,0.07999999999999996,100.0,100.0,0.07999999999999996,-1.036966823410195,0.0,0.08,0.07999999999999996,0.07999999999999996,0
142,6,0.02528892643749714,0.05687008917799285,0.0,0.13571766331696689,98.93617021276596,100.0,0.15959666188138127,-0.8104027001278239,0.0,0.08,0.13571766331696689,0.13571766331696689,0
142,19,0.02323724702000618,0.05687008917799285,0.0,0.08267849838781965,99.609375,100.0,0.0838264262683138,-0.8950128086406213,0.0,0.08,0.08267849838781965,0.08267849838781965,0
143,0,0.07035466283559799,0.0566732242298486,0.21624716419508574,0.22208636551034466,97.46192893401015,100.0,0.20883863729074872,0.21624716419508574,0.21624716419508574,0.2529977313560686,0.22208636551034466,0.22208636551034466,0
143,6,0.0749926045536995,0.0566732242298486,0.2800875962299474,0.18622338741706418,98.93617021276596,100.0,0.13571766331696689,0.2800875962299474,0.2800875962299474,0.30407007698395794,0.18622338741706418,0.18622338741706418,0
143,3,0.09401904791593552,0.0566732242298486,0.5061954656665315,0.5117375765005332,96.84210526315789,100.0,0.5232152353436652,0.5061954656665315,0.5061954656665315,0.48495637253322527,0.5117375765005332,0.5117375765005332,0
143,13,0.04401259869337082,0.0566732242298486,0.0,0.14318888036727714,98.75,100.0,0.17026982909611021,-0.2528258857598643,0.0,0.08,0.14318888036727714,0.14318888036727714,0
143,12,0.03463239222764969,0.0566732242298486,0.0,0.12146679232683075,97.65625,100.0,0.13923827475261535,-0.49251231543304363,0.0,0.08,0.12146679232683075,0.12146679232683075,0
143,5,0.29994893074035645,0.0566732242298486,0.7,0.6399999999999997,87.890625,100.0,0.6399999999999997,1.6663102227985358,0.7,0.6399999999999999,0.6399999999999997,0.6399999999999997,0
143,19,0.03876090049743652,0.0566732242298486,0.0,0.08187494887147376,100.0,100.0,0.08267849838781965,-0.37988976244767475,0.0,0.08,0.08187494887147376,0.08187494887147376,0
143,4,0.11760878562927246,0.0566732242298486,0.7,0.5054722577143118,98.6013986013986,100.0,0.44781751102044554,0.7300617855933329,0.7,0.6399999999999999,0.5054722577143118,0.5054722577143118,0
143,10,0.06304321438074112,0.0566732242298486,0.10651855257297892,0.10943385646077944,98.28326180257511,100.0,0.08552771977609214,0.10651855257297892,0.10651855257297892,0.16521484205838316,0.10943385646077944,0.10943385646077944,0
143,8,0.03734284266829491,0.0566732242298486,0.0,0.08765066230130758,99.609375,100.0,0.09092951757329654,-0.4171605075292536,0.0,0.08,0.08765066230130758,0.08765066230130758,0
143,18,0.041724320501089096,0.0566732242298486,0.0,0.20300279231956472,98.828125,100.0,0.25571827474223535,-0.3062176159312558,0.0,0.08,0.20300279231956472,0.20300279231956472,0
143,14,0.08579672127962112,0.0566732242298486,0.4146788689538191,0.2434633297352676,99.609375,100.0,0.17134343026621573,0.4146788689538191,0.4146788689538191,0.41174309516305535,0.2434633297352676,0.2434633297352676,0
143,15,0.09214569628238678,0.0566732242298486,0.48606904831626174,0.35470843009363684,96.875,100.0,0.30578836928247716,0.48606904831626174,0.48606904831626174,0.46885523865300943,0.35470843009363684,0.35470843009363684,0
143,16,0.020029447972774506,0.0566732242298486,0.0,0.07999999999999996,100.0,100.0,0.07999999999999996,-1.0400979512988182,0.0,0.08,0.07999999999999996,0.07999999999999996,0
143,7,0.069359190762043,0.0566732242298486,0.20199676952702333,0.21210598585325433,95.78947368421052,100.0,0.19946680166681247,0.20199676952702333,0.20199676952702333,0.24159741562161868,0.21210598585325433,0.21210598585325433,0
143,17,0.08649859577417374,0.0566732242298486,0.42282625575001254,0.187403065887027,96.484375,100.0,0.08846394929574852,0.42282625575001254,0.42282625575001254,0.4182610046000101,0.187403065887027,0.187403065887027,0
143,11,0.04265763983130455,0.0566732242298486,0.0,0.08789252231193792,99.21875,100.0,0.09127503187419703,-0.2840954190013389,0.0,0.08,0.08789252231193792,0.08789252231193792,0
143,1,0.2449796497821808,0.0566732242298486,0.7,0.4122009617584754,100.0,100.0,0.31457280251210784,1.4638731459607706,0.7,0.6399999999999999,0.4122009617584754,0.4122009617584754,0
143,9,0.012929807417094707,0.0566732242298486,0.0,0.07999999999999996,99.609375,100.0,0.07999999999999996,-1.4777659680305566,0.0,0.08,0.07999999999999996,0.07999999999999996,0
143,2,0.10951618105173111,0.0566732242298486,0.65877036197168,0.43038296837081513,99.18032786885246,100.0,0.35468297356801703,0.65877036197168,0.65877036197168,0.607016289577344,0.43038296837081513,0.43038296837081513,0
144,6,0.051763150840997696,0.05799159448674579,0.0,0.15435637119194492,97.87234042553192,100.0,0.18622338741706418,-0.11361953425979643,0.0,0.08,0.15435637119194492,0.15435637119194492,0
144,4,0.09118739515542984,0.05799159448674579,0.45261853633694,0.48645902912088385,97.9020979020979,100.0,0.5054722577143118,0.45261853633694,0.45261853633694,0.44209482906955205,0.48645902912088385,0.48645902912088385,0
144,9,0.021608879789710045,0.05799159448674579,0.0,0.07999999999999996,99.21875,100.0,0.07999999999999996,-0.9871934554813975,0.0,0.08,0.07999999999999996,0.07999999999999996,0
144,5,0.2641083896160126,0.05799159448674579,0.7,0.6399999999999997,92.96875,100.0,0.6399999999999997,1.5160613736368482,0.7,0.6399999999999999,0.6399999999999997,0.6399999999999997,0
144,7,0.12678974866867065,0.05799159448674579,0.7,0.340474190097278,98.94736842105263,100.0,0.21210598585325433,0.7822320213034398,0.7,0.6399999999999999,0.340474190097278,0.340474190097278,0
144,14,0.04621677100658417,0.05799159448674579,0.0,0.1944243308146873,98.4375,100.0,0.2434633297352676,-0.22695529245246232,0.0,0.08,0.1944243308146873,0.1944243308146873,0
144,3,0.0724739208817482,0.05799159448674579,0.22292867331295552,0.4357191851454825,98.94736842105263,100.0,0.5117375765005332,0.22292867331295552,0.22292867331295552,0.25834293865036445,0.4357191851454825,0.4357191851454825,0
144,13,0.04020266234874725,0.05799159448674579,0.0,0.12423221625709399,97.5,100.0,0.14318888036727714,-0.366364780088055,0.0,0.08,0.12423221625709399,0.12423221625709399,0
144,10,0.042175985872745514,0.05799159448674579,0.0,0.10060369952254561,99.57081545064378,100.0,0.10943385646077944,-0.3184470088184286,0.0,0.08,0.10060369952254561,0.10060369952254561,0
144,18,0.0561714768409729,0.05799159448674579,0.0,0.16610195462369529,98.4375,100.0,0.20300279231956472,-0.03188897327140299,0.0,0.08,0.16610195462369529,0.16610195462369529,0
144,11,0.07867744565010071,0.05799159448674579,0.30505840520748767,0.15873878286815357,99.21875,100.0,0.08789252231193792,0.30505840520748767,0.30505840520748767,0.3240467241659902,0.15873878286815357,0.15873878286815357,0
144,1,0.08171657472848892,0.05799159448674579,0.3429587268773357,0.39485076768149335,97.29729729729729,100.0,0.4122009617584754,0.3429587268773357,0.3429587268773357,0.35436698150186857,0.39485076768149335,0.39485076768149335,0
144,0,0.07699939608573914,0.05799159448674579,0.2834994588111451,0.24750032597191607,98.4771573604061,100.0,0.22208636551034466,0.2834994588111451,0.2834994588111451,0.3067995670489161,0.24750032597191607,0.24750032597191607,0
144,19,0.05179205909371376,0.05799159448674579,0.0,0.08131246421003163,98.4375,100.0,0.08187494887147376,-0.11306121859606376,0.0,0.08,0.08131246421003163,0.08131246421003163,0
144,16,0.003586531849578023,0.05799159448674579,0.0,0.07999999999999996,99.21875,100.0,0.07999999999999996,-2.783109784684114,0.0,0.08,0.07999999999999996,0.07999999999999996,0
144,2,0.047504693269729614,0.05799159448674579,0.0,0.32526807785957057,96.72131147540983,100.0,0.43038296837081513,-0.19946952749692437,0.0,0.08,0.32526807785957057,0.32526807785957057,0
144,8,0.05554912984371185,0.05799159448674579,0.0,0.08535546361091531,98.828125,100.0,0.08765066230130758,-0.04303021823644079,0.0,0.08,0.08535546361091531,0.08535546361091531,0
144,15,0.09582392126321793,0.05799159448674579,0.502214208358037,0.3928273110714746,97.265625,100.0,0.35470843009363684,0.502214208358037,0.502214208358037,0.4817713666864296,0.3928273110714746,0.3928273110714746,0
144,17,0.05763956531882286,0.05799159448674579,0.0,0.15518214612091888,99.609375,100.0,0.187403065887027,-0.0060888465569552885,0.0,0.08,0.15518214612091888,0.15518214612091888,0
144,12,0.043375153094530106,0.05799159448674579,0.0,0.10902675462878153,98.828125,100.0,0.12146679232683075,-0.29041125147617847,0.0,0.08,0.10902675462878153,0.10902675462878153,0
145,18,0.0907936692237854,0.05777846537230545,0.4519733631935597,0.24874497540304102,99.21875,100.0,0.16610195462369529,0.4519733631935597,0.4519733631935597,0.4415786905548478,0.24874497540304102,0.24874497540304102,0
145,1,0.04471540451049805,0.05777846537230545,0.0,0.30039553737704533,100.0,100.0,0.39485076768149335,-0.2562980221078814,0.0,0.08,0.30039553737704533,0.30039553737704533,0
145,12,0.08295491337776184,0.05777846537230545,0.36168106051680937,0.1871221827641813,98.046875,100.0,0.10902675462878153,0.36168106051680937,0.36168106051680937,0.3693448484134475,0.1871221827641813,0.1871221827641813,0
145,11,0.033190373331308365,0.05777846537230545,0.0,0.1351171480077075,98.4375,100.0,0.15873878286815357,-0.554356132650078,0.0,0.08,0.1351171480077075,0.1351171480077075,0
145,7,0.11275617778301239,0.05777846537230545,0.6686115495179661,0.4227987049524064,100.0,100.0,0.340474190097278,0.6686115495179661,0.6686115495179661,0.6148892396143728,0.4227987049524064,0.4227987049524064,0
145,0,0.0511157363653183,0.05777846537230545,0.0,0.19725022818034124,98.4771573604061,100.0,0.24750032597191607,-0.1225237101267254,0.0,0.08,0.19725022818034124,0.19725022818034124,0
145,6,0.05206852778792381,0.05777846537230545,0.0,0.13204945983436145,97.87234042553192,100.0,0.15435637119194492,-0.1040554227980644,0.0,0.08,0.13204945983436145,0.13204945983436145,0
145,16,0.013976252637803555,0.05777846537230545,0.0,0.07999999999999996,99.609375,100.0,0.07999999999999996,-1.4192559432045524,0.0,0.08,0.07999999999999996,0.07999999999999996,0
145,4,0.1045759916305542,0.05777846537230545,0.5932977874717256,0.5069127893778328,96.5034965034965,100.0,0.48645902912088385,0.5932977874717256,0.5932977874717256,0.5546382299773804,0.5069127893778328,0.5069127893778328,0
145,15,0.09788551181554794,0.05777846537230545,0.5271823432005909,0.425502880118174,95.703125,100.0,0.3928273110714746,0.5271823432005909,0.5271823432005909,0.5017458745604727,0.425502880118174,0.425502880118174,0
145,17,0.07252305746078491,0.05777846537230545,0.227288375209781,0.18717671233499067,96.09375,100.0,0.15518214612091888,0.227288375209781,0.227288375209781,0.26183070016782484,0.18717671233499067,0.18717671233499067,0
145,13,0.048475220799446106,0.05777846537230545,0.0,0.1109625513799658,98.125,100.0,0.12423221625709399,-0.1755633455947301,0.0,0.08,0.1109625513799658,0.1109625513799658,0
145,3,0.06310755759477615,0.05777846537230545,0.08822438462493729,0.3501772819118227,95.78947368421052,100.0,0.4357191851454825,0.08822438462493729,0.08822438462493729,0.15057950769994982,0.3501772819118227,0.3501772819118227,0
145,5,0.19953367114067078,0.05777846537230545,0.7,0.6399999999999997,88.671875,100.0,0.6399999999999997,1.2393667419350924,0.7,0.6399999999999999,0.6399999999999997,0.6399999999999997,0
145,19,0.016695545986294746,0.05777846537230545,0.0,0.08091872494702214,98.828125,100.0,0.08131246421003163,-1.24147373251338,0.0,0.08,0.08091872494702214,0.08091872494702214,0
145,8,0.009350416250526905,0.05777846537230545,0.0,0.08374882452764071,99.609375,100.0,0.08535546361091531,-1.8211943773646784,0.0,0.08,0.08374882452764071,0.08374882452764071,0
145,2,0.14644551277160645,0.05777846537230545,0.7,0.41968765450169937,97.54098360655738,100.0,0.32526807785957057,0.9300371931686139,0.7,0.6399999999999999,0.41968765450169937,0.41968765450169937,0
145,14,0.08336928486824036,0.05777846537230545,0.3666637666092895,0.2480963355565106,97.65625,100.0,0.1944243308146873,0.3666637666092895,0.3666637666092895,0.3733310132874316,0.2480963355565106,0.2480963355565106,0
145,10,0.03866030275821686,0.05777846537230545,0.0,0.09442258966578193,98.71244635193133,100.0,0.10060369952254561,-0.40180274420094947,0.0,0.08,0.09442258966578193,0.09442258966578193,0
145,9,0.028293902054429054,0.05777846537230545,0.0,0.07999999999999996,98.828125,100.0,0.07999999999999996,-0.7139696481622416,0.0,0.08,0.07999999999999996,0.07999999999999996,0
146,12,0.0374787412583828,0.05775942310420991,0.0,0.1549855279349269,98.046875,100.0,0.1871221827641813,-0.4325125405892371,0.0,0.08,0.1549855279349269,0.1549855279349269,0
146,6,0.07403751462697983,0.05775942310420991,0.24828537437289086,0.17602311173354682,98.93617021276596,100.0,0.13204945983436145,0.24828537437289086,0.24828537437289086,0.2786282994983127,0.17602311173354682,0.17602311173354682,0
146,0,0.0451144315302372,0.05775942310420991,0.0,0.16207515972623884,99.49238578680203,100.0,0.19725022818034124,-0.2470842732932051,0.0,0.08,0.16207515972623884,0.16207515972623884,0
146,11,0.03192450478672981,0.05775942310420991,0.0,0.11858200360539525,99.609375,100.0,0.1351171480077075,-0.5929124765917588,0.0,0.08,0.11858200360539525,0.11858200360539525,0
146,16,0.013705494813621044,0.05775942310420991,0.0,0.07999999999999996,99.21875,100.0,0.07999999999999996,-1.4384891165158138,0.0,0.08,0.07999999999999996,0.07999999999999996,0
146,10,0.02934698946774006,0.05775942310420991,0.0,0.09009581276604733,99.14163090128756,100.0,0.09442258966578193,-0.6770963715963102,0.0,0.08,0.09009581276604733,0.09009581276604733,0
146,18,0.03640386089682579,0.05775942310420991,0.0,0.1981214827821287,97.65625,100.0,0.24874497540304102,-0.4616115675505653,0.0,0.08,0.1981214827821287,0.1981214827821287,0
146,8,0.03270914778113365,0.05775942310420991,0.0,0.0826241771693485,98.4375,100.0,0.08374882452764071,-0.5686315866944062,0.0,0.08,0.0826241771693485,0.0826241771693485,0
146,3,0.10871461778879166,0.05775942310420991,0.6324396754888686,0.42090961945560434,97.89473684210526,100.0,0.3501772819118227,0.6324396754888686,0.6324396754888686,0.5859517403910949,0.42090961945560434,0.42090961945560434,0
146,17,0.06845184415578842,0.05775942310420991,0.16984395924877832,0.19578624885420026,97.65625,100.0,0.18717671233499067,0.16984395924877832,0.16984395924877832,0.21587516739902268,0.19578624885420026,0.19578624885420026,0
146,13,0.07315920293331146,0.05775942310420991,0.2363513854502556,0.1583981184740374,96.25,100.0,0.1109625513799658,0.2363513854502556,0.2363513854502556,0.2690811083602045,0.1583981184740374,0.1583981184740374,0
146,14,0.05382000282406807,0.05775942310420991,0.0,0.1976674348895574,98.4375,100.0,0.2480963355565106,-0.07064129628287019,0.0,0.08,0.1976674348895574,0.1976674348895574,0
146,15,0.11577027291059494,0.05775942310420991,0.6953212280858163,0.4887291108233177,96.09375,100.0,0.425502880118174,0.6953212280858163,0.6953212280858163,0.636256982468653,0.4887291108233177,0.4887291108233177,0
146,5,0.3340895175933838,0.05775942310420991,0.7,0.6399999999999997,89.0625,100.0,0.6399999999999997,1.755122323886783,0.7,0.6399999999999999,0.6399999999999997,0.6399999999999997,0
146,4,0.08130765706300735,0.05775942310420991,0.34195363806669904,0.4609078257004907,97.2027972027972,100.0,0.5069127893778328,0.34195363806669904,0.34195363806669904,0.35356291045335925,0.4609078257004907,0.4609078257004907,0
146,19,0.02693527191877365,0.05775942310420991,0.0,0.0806431074629155,99.609375,100.0,0.08091872494702214,-0.7628496571473657,0.0,0.08,0.0806431074629155,0.0806431074629155,0
146,9,0.019405154511332512,0.05775942310420991,0.0,0.07999999999999996,99.609375,100.0,0.07999999999999996,-1.0907474372930683,0.0,0.08,0.07999999999999996,0.07999999999999996,0
146,2,0.08405458927154541,0.05775942310420991,0.3751798991597651,0.40782453394953316,97.54098360655738,100.0,0.41968765450169937,0.3751798991597651,0.3751798991597651,0.3801439193278121,0.40782453394953316,0.40782453394953316,0
146,1,0.0663650780916214,0.05775942310420991,0.13888445659940302,0.2676091457477885,94.5945945945946,100.0,0.30039553737704533,0.13888445659940302,0.13888445659940302,0.19110756527952244,0.2676091457477885,0.2676091457477885,0
146,7,0.07628931105136871,0.05775942310420991,0.27824628862822126,0.38673820273745757,97.89473684210526,100.0,0.4227987049524064,0.27824628862822126,0.27824628862822126,0.302597030902577,0.38673820273745757,0.38673820273745757,0
147,0,0.07094942033290863,0.057992734839573394,0.201649460690069,0.18584848237398377,97.96954314720813,100.0,0.16207515972623884,0.201649460690069,0.201649460690069,0.24131956855205522,0.18584848237398377,0.18584848237398377,0
147,19,0.028836488723754883,0.057992734839573394,0.0,0.08045017522404085,99.21875,100.0,0.0806431074629155,-0.6986760121784245,0.0,0.08,0.08045017522404085,0.08045017522404085,0
147,12,0.0507592149078846,0.057992734839573394,0.0,0.13248986955444883,99.609375,100.0,0.1549855279349269,-0.1332245407618918,0.0,0.08,0.13248986955444883,0.13248986955444883,0
147,14,0.06169909983873367,0.057992734839573394,0.06195158980895063,0.17723558597683833,98.828125,100.0,0.1976674348895574,0.06195158980895063,0.06195158980895063,0.12956127184716051,0.17723558597683833,0.17723558597683833,0
147,15,0.06416016817092896,0.057992734839573394,0.1010648267834535,0.39036593600435127,97.65625,100.0,0.4887291108233177,0.1010648267834535,0.1010648267834535,0.16085186142676283,0.39036593600435127,0.39036593600435127,0
147,8,0.0451420433819294,0.057992734839573394,0.0,0.08183692401854395,99.21875,100.0,0.0826241771693485,-0.2505036542068557,0.0,0.08,0.08183692401854395,0.08183692401854395,0
147,3,0.12605419754981995,0.057992734839573394,0.7,0.486636733618923,98.94736842105263,100.0,0.42090961945560434,0.7763941193340649,0.7,0.6399999999999999,0.486636733618923,0.486636733618923,0
147,11,0.021655086427927017,0.057992734839573394,0.0,0.10700740252377666,99.21875,100.0,0.11858200360539525,-0.9850770861751597,0.0,0.08,0.10700740252377666,0.10700740252377666,0
147,6,0.08275037258863449,0.057992734839573394,0.3555107239248225,0.23253875195544016,97.87234042553192,100.0,0.17602311173354682,0.3555107239248225,0.3555107239248225,0.364408579139858,0.23253875195544016,0.23253875195544016,0
147,10,0.04540332406759262,0.057992734839573394,0.0,0.08706706893623314,100.0,100.0,0.09009581276604733,-0.24473237378620355,0.0,0.08,0.08706706893623314,0.08706706893623314,0
147,17,0.05467553064227104,0.057992734839573394,0.0,0.16105037419794016,97.265625,100.0,0.19578624885420026,-0.05890145894504633,0.0,0.08,0.16105037419794016,0.16105037419794016,0
147,16,0.014206166379153728,0.057992734839573394,0.0,0.07999999999999996,99.609375,100.0,0.07999999999999996,-1.4066410874296837,0.0,0.08,0.07999999999999996,0.07999999999999996,0
147,4,0.15451675653457642,0.057992734839573394,0.7,0.5146354779903435,95.8041958041958,100.0,0.4609078257004907,0.9799846979599197,0.7,0.6399999999999999,0.5146354779903435,0.5146354779903435,0
147,2,0.09064503014087677,0.057992734839573394,0.4466333075683479,0.4166691675810767,97.54098360655738,100.0,0.40782453394953316,0.4466333075683479,0.4466333075683479,0.43730664605467834,0.4166691675810767,0.4166691675810767,0
147,9,0.05443999916315079,0.057992734839573394,0.0,0.07999999999999996,99.609375,100.0,0.07999999999999996,-0.06321856764950795,0.0,0.08,0.07999999999999996,0.07999999999999996,0
147,1,0.13841286301612854,0.057992734839573394,0.7,0.3793264020234519,97.29729729729729,100.0,0.2676091457477885,0.8699231382311641,0.7,0.6399999999999999,0.3793264020234519,0.3793264020234519,0
147,13,0.06218239665031433,0.057992734839573394,0.06975419470477658,0.15161968966097256,98.125,100.0,0.1583981184740374,0.06975419470477658,0.06975419470477658,0.13580335576382127,0.15161968966097256,0.15161968966097256,0
147,5,0.2750454246997833,0.057992734839573394,0.7,0.6399999999999997,92.96875,100.0,0.6399999999999997,1.5566183873605832,0.7,0.6399999999999999,0.6399999999999997,0.6399999999999997,0
147,7,0.039366964250802994,0.057992734839573394,0.0,0.2947167419162203,98.94736842105263,100.0,0.38673820273745757,-0.387390665930369,0.0,0.08,0.2947167419162203,0.2947167419162203,0
147,18,0.04799576848745346,0.057992734839573394,0.0,0.1626850379474901,98.4375,100.0,0.1981214827821287,-0.1892048548870985,0.0,0.08,0.1626850379474901,0.1626850379474901,0
148,16,0.02395152859389782,0.05801219287966629,0.0,0.07999999999999996,98.828125,100.0,0.07999999999999996,-0.8846208191837079,0.0,0.08,0.07999999999999996,0.07999999999999996,0
148,1,0.13537836074829102,0.05801219287966629,0.7,0.45752848141641633,97.29729729729729,100.0,0.3793264020234519,0.8474202214585842,0.7,0.6399999999999999,0.45752848141641633,0.45752848141641633,0
148,4,0.0601494275033474,0.05801219287966629,0.036178707918054706,0.39292772449357355,96.5034965034965,100.0,0.5146354779903435,0.036178707918054706,0.036178707918054706,0.10894296633444377,0.39292772449357355,0.39292772449357355,0
148,15,0.06018776074051857,0.05801219287966629,0.03681580493945284,0.30609194838851456,98.046875,100.0,0.39036593600435127,0.03681580493945284,0.03681580493945284,0.10945264395156228,0.30609194838851456,0.30609194838851456,0
148,11,0.04852655529975891,0.05801219287966629,0.0,0.09890518176664365,99.21875,100.0,0.10700740252377666,-0.17854199676459395,0.0,0.08,0.09890518176664365,0.09890518176664365,0
148,0,0.0764860063791275,0.05801219287966629,0.2764545488006016,0.22044302937393304,96.95431472081218,100.0,0.18584848237398377,0.2764545488006016,0.2764545488006016,0.3011636390404813,0.22044302937393304,0.22044302937393304,0
148,7,0.022587385028600693,0.05801219287966629,0.0,0.2303017193413542,98.94736842105263,100.0,0.2947167419162203,-0.9432613743086657,0.0,0.08,0.2303017193413542,0.2303017193413542,0
148,9,0.015379762277007103,0.05801219287966629,0.0,0.07999999999999996,98.4375,100.0,0.07999999999999996,-1.3276002253621981,0.0,0.08,0.07999999999999996,0.07999999999999996,0
148,17,0.03229817375540733,0.05801219287966629,0.0,0.13673526193855812,98.046875,100.0,0.16105037419794016,-0.5856423847287374,0.0,0.08,0.13673526193855812,0.13673526193855812,0
148,5,0.2381047010421753,0.05801219287966629,0.7,0.6399999999999997,92.578125,100.0,0.6399999999999997,1.4120571563848834,0.7,0.6399999999999999,0.6399999999999997,0.6399999999999997,0
148,18,0.05507490038871765,0.05801219287966629,0.0,0.13787952656324307,98.046875,100.0,0.1626850379474901,-0.05195911728382804,0.0,0.08,0.13787952656324307,0.13787952656324307,0
148,2,0.0341741181910038,0.05801219287966629,0.0,0.3156684173067537,100.0,100.0,0.4166691675810767,-0.5291845107478653,0.0,0.08,0.3156684173067537,0.3156684173067537,0
148,8,0.028543051332235336,0.05801219287966629,0.0,0.08128584681298076,99.609375,100.0,0.08183692401854395,-0.7092395119780398,0.0,0.08,0.08128584681298076,0.08128584681298076,0
148,12,0.029673708602786064,0.05801219287966629,0.0,0.11674290868811418,97.265625,100.0,0.13248986955444883,-0.6703916243652166,0.0,0.08,0.11674290868811418,0.11674290868811418,0
148,10,0.060084179043769836,0.05801219287966629,0.03509334656189093,0.09336935143021702,98.28326180257511,100.0,0.08706706893623314,0.03509334656189093,0.03509334656189093,0.10807467724951275,0.09336935143021702,0.09336935143021702,0
148,19,0.0275504719465971,0.05801219287966629,0.0,0.0803151226568286,98.828125,100.0,0.08045017522404085,-0.7446333539233011,0.0,0.08,0.0803151226568286,0.0803151226568286,0
148,3,0.079902283847332,0.05801219287966629,0.32015117844439617,0.44148199635990115,95.26315789473684,100.0,0.486636733618923,0.32015117844439617,0.32015117844439617,0.33612094275551696,0.44148199635990115,0.44148199635990115,0
148,13,0.05587770417332649,0.05801219287966629,0.0,0.13013378276268078,96.875,100.0,0.15161968966097256,-0.03748775533066856,0.0,0.08,0.13013378276268078,0.13013378276268078,0
148,6,0.051809802651405334,0.05801219287966629,0.0,0.18677712636880808,98.93617021276596,100.0,0.23253875195544016,-0.1130738181436051,0.0,0.08,0.18677712636880808,0.18677712636880808,0
148,14,0.03969491645693779,0.05801219287966629,0.0,0.1480649101837868,96.875,100.0,0.17723558597683833,-0.37943000042166863,0.0,0.08,0.1480649101837868,0.1480649101837868,0
149,8,0.03853275626897812,0.05722779148925787,0.0,0.08090009276908652,98.828125,100.0,0.08128584681298076,-0.3955308690696576,0.0,0.08,0.08090009276908652,0.08090009276908652,0
149,1,0.09160490334033966,0.05722779148925787,0.47044508899968696,0.4571767583514163,100.0,100.0,0.45752848141641633,0.47044508899968696,0.47044508899968696,0.4563560711997496,0.4571767583514163,0.4571767583514163,0
149,6,0.03759204223752022,0.05722779148925787,0.0,0.15474398845816564,98.93617021276596,100.0,0.18677712636880808,-0.42024716893759345,0.0,0.08,0.15474398845816564,0.15474398845816564,0
149,18,0.039151765406131744,0.05722779148925787,0.0,0.12051566859427015,95.703125,100.0,0.13787952656324307,-0.37959405010433944,0.0,0.08,0.12051566859427015,0.12051566859427015,0
149,16,0.02993633598089218,0.05722779148925787,0.0,0.07999999999999996,98.828125,100.0,0.07999999999999996,-0.6479664935115121,0.0,0.08,0.07999999999999996,0.07999999999999996,0
149,11,0.023348581045866013,0.05722779148925787,0.0,0.09323362723665055,99.609375,100.0,0.09890518176664365,-0.8965031786823511,0.0,0.08,0.09323362723665055,0.09323362723665055,0
149,7,0.032366473227739334,0.05722779148925787,0.0,0.18521120353894793,98.94736842105263,100.0,0.2303017193413542,-0.5699164012415179,0.0,0.08,0.18521120353894793,0.18521120353894793,0
149,13,0.04502395913004875,0.05722779148925787,0.0,0.11509364793387655,97.5,100.0,0.13013378276268078,-0.23984482503005283,0.0,0.08,0.11509364793387655,0.11509364793387655,0
149,19,0.018653374165296555,0.05722779148925787,0.0,0.08022058585978001,100.0,100.0,0.0803151226568286,-1.1210122341157152,0.0,0.08,0.08022058585978001,0.08022058585978001,0
149,0,0.05524519085884094,0.05722779148925787,0.0,0.1783101205617531,96.44670050761421,100.0,0.22044302937393304,-0.03525834598685703,0.0,0.08,0.1783101205617531,0.1783101205617531,0
149,4,0.058111269026994705,0.05722779148925787,0.015319955961852452,0.30272619657634603,97.2027972027972,100.0,0.39292772449357355,0.015319955961852452,0.015319955961852452,0.09225596476948196,0.30272619657634603,0.30272619657634603,0
149,12,0.0598236545920372,0.05722779148925787,0.0443614913118128,0.11636679399651499,98.046875,100.0,0.11674290868811418,0.0443614913118128,0.0443614913118128,0.11548919304945024,0.11636679399651499,0.11636679399651499,0
149,14,0.10896125435829163,0.05722779148925787,0.6439526258809843,0.282194067340087,99.21875,100.0,0.1480649101837868,0.6439526258809843,0.6439526258809843,0.5951621007047875,0.282194067340087,0.282194067340087,0
149,5,0.191066712141037,0.05722779148925787,0.7,0.6399999999999997,89.453125,100.0,0.6399999999999997,1.205582877297703,0.7,0.6399999999999999,0.6399999999999997,0.6399999999999997,0
149,2,0.11657418310642242,0.05722779148925787,0.7,0.41296789211472756,96.72131147540983,100.0,0.3156684173067537,0.7114881006727597,0.7,0.6399999999999999,0.41296789211472756,0.41296789211472756,0
149,17,0.06815817952156067,0.05722779148925787,0.17479149965605273,0.16166464327444333,98.4375,100.0,0.13673526193855812,0.17479149965605273,0.17479149965605273,0.21983319972484217,0.16166464327444333,0.16166464327444333,0
149,3,0.12789615988731384,0.05722779148925787,0.7,0.5010373974519308,98.42105263157895,100.0,0.44148199635990115,0.8041789416570605,0.7,0.6399999999999999,0.5010373974519308,0.5010373974519308,0
149,9,0.011996230110526085,0.05722779148925787,0.0,0.07999999999999996,98.4375,100.0,0.07999999999999996,-1.5624465437596353,0.0,0.08,0.07999999999999996,0.07999999999999996,0
149,15,0.04238176345825195,0.05722779148925787,0.0,0.23826436387196018,97.265625,100.0,0.30609194838851456,-0.3003214217794217,0.0,0.08,0.23826436387196018,0.23826436387196018,0
149,10,0.042577967047691345,0.05722779148925787,0.0,0.08935854600115192,99.57081545064378,100.0,0.09336935143021702,-0.29570267144012785,0.0,0.08,0.08935854600115192,0.08935854600115192,0
150,13,0.08594228327274323,0.05588510864921909,0.4303779316387952,0.20785625714702444,98.125,100.0,0.11509364793387655,0.4303779316387952,0.4303779316387952,0.42430234531103617,0.20785625714702444,0.20785625714702444,0
150,19,0.022785572335124016,0.05588510864921909,0.0,0.080154410101846,98.828125,100.0,0.08022058585978001,-0.8971701487134832,0.0,0.08,0.080154410101846,0.080154410101846,0
150,2,0.130976140499115,0.05588510864921909,0.7,0.48107752448030927,99.18032786885246,100.0,0.41296789211472756,0.8517171184367474,0.7,0.6399999999999999,0.48107752448030927,0.48107752448030927,0
150,16,0.029057227075099945,0.05588510864921909,0.0,0.07999999999999996,99.21875,100.0,0.07999999999999996,-0.6540305538715183,0.0,0.08,0.07999999999999996,0.07999999999999996,0
150,3,0.09778167307376862,0.05588510864921909,0.5594391389343046,0.5089915715605846,97.89473684210526,100.0,0.5010373974519308,0.5594391389343046,0.5594391389343046,0.5275513111474437,0.5089915715605846,0.5089915715605846,0
150,14,0.09200425446033478,0.05588510864921909,0.4985367978732013,0.34118467862762925,97.65625,100.0,0.282194067340087,0.4985367978732013,0.4985367978732013,0.4788294382985611,0.34118467862762925,0.34118467862762925,0
150,5,0.2310059666633606,0.05588510864921909,0.7,0.6399999999999997,89.0625,100.0,0.6399999999999997,1.4191454522573488,0.7,0.6399999999999999,0.6399999999999997,0.6399999999999997,0
150,6,0.05013955757021904,0.05588510864921909,0.0,0.13232079192071594,100.0,100.0,0.15474398845816564,-0.10848766268551613,0.0,0.08,0.13232079192071594,0.13232079192071594,0
150,1,0.1510007381439209,0.05588510864921909,0.7,0.5120237308459914,97.29729729729729,100.0,0.4571767583514163,0.9939866604668475,0.7,0.6399999999999999,0.5120237308459914,0.5120237308459914,0
150,7,0.03218007832765579,0.05588510864921909,0.0,0.15364784247726354,98.94736842105263,100.0,0.18521120353894793,-0.5519502445710903,0.0,0.08,0.15364784247726354,0.15364784247726354,0
150,10,0.046845898032188416,0.05588510864921909,0.0,0.08655098220080634,99.14163090128756,100.0,0.08935854600115192,-0.17643446795705792,0.0,0.08,0.08655098220080634,0.08655098220080634,0
150,11,0.04174954816699028,0.05588510864921909,0.0,0.08926353906565537,98.828125,100.0,0.09323362723665055,-0.2916092625170196,0.0,0.08,0.08926353906565537,0.08926353906565537,0
150,17,0.031572937965393066,0.05588510864921909,0.0,0.13716525029211032,97.65625,100.0,0.16166464327444333,-0.5709974540261802,0.0,0.08,0.13716525029211032,0.13716525029211032,0
150,9,0.018744593486189842,0.05588510864921909,0.0,0.07999999999999996,100.0,100.0,0.07999999999999996,-1.0923922340111791,0.0,0.08,0.07999999999999996,0.07999999999999996,0
150,4,0.056378357112407684,0.05588510864921909,0.008787392157307882,0.2380173117211961,95.8041958041958,100.0,0.30272619657634603,0.008787392157307882,0.008787392157307882,0.08702991372584631,0.2380173117211961,0.2380173117211961,0
150,8,0.05692292004823685,0.05588510864921909,0.01840011756836726,0.0850460931547687,97.65625,100.0,0.08090009276908652,0.01840011756836726,0.01840011756836726,0.09472009405469381,0.0850460931547687,0.0850460931547687,0
150,0,0.0692145824432373,0.05588510864921909,0.2139135829188224,0.20015634429374454,98.4771573604061,100.0,0.1783101205617531,0.2139135829188224,0.2139135829188224,0.25113086633505793,0.20015634429374454,0.20015634429374454,0
150,12,0.03974597901105881,0.05588510864921909,0.0,0.1054567557975605,99.21875,100.0,0.11636679399651499,-0.3407892003044235,0.0,0.08,0.1054567557975605,0.1054567557975605,0
150,15,0.07287777215242386,0.05588510864921909,0.2654856900593237,0.2545016203246098,98.046875,100.0,0.23826436387196018,0.2654856900593237,0.2654856900593237,0.292388552047459,0.2545016203246098,0.2545016203246098,0
150,18,0.08558250963687897,0.05588510864921909,0.4261829215131757,0.2106448691791513,98.046875,100.0,0.12051566859427015,0.4261829215131757,0.4261829215131757,0.4209463372105406,0.2106448691791513,0.2106448691791513,0
151,10,0.10090698301792145,0.05596166164232941,0.5895322099351957,0.22607341792501137,98.71244635193133,100.0,0.08655098220080634,0.5895322099351957,0.5895322099351957,0.5516257679481565,0.22607341792501137,0.22607341792501137,0
151,13,0.0244684386998415,0.05596166164232941,0.0,0.1694993800029171,100.0,100.0,0.20785625714702444,-0.8272825420008144,0.0,0.08,0.1694993800029171,0.1694993800029171,0
151,4,0.10744526237249374,0.05596166164232941,0.6523146022816912,0.3471676227524432,95.1048951048951,100.0,0.2380173117211961,0.6523146022816912,0.6523146022816912,0.601851681825353,0.3471676227524432,0.3471676227524432,0
151,2,0.09800387918949127,0.05596166164232941,0.5603401420459628,0.4952359012272476,96.72131147540983,100.0,0.48107752448030927,0.5603401420459628,0.5603401420459628,0.5282721136367703,0.4952359012272476,0.4952359012272476,0
151,14,0.06378855556249619,0.05596166164232941,0.13090692968577763,0.2942469381639271,98.046875,100.0,0.34118467862762925,0.13090692968577763,0.13090692968577763,0.1847255437486221,0.2942469381639271,0.2942469381639271,0
151,0,0.0331115685403347,0.05596166164232941,0.0,0.16410944100562116,97.96954314720813,100.0,0.20015634429374454,-0.5247839953846944,0.0,0.08,0.16410944100562116,0.16410944100562116,0
151,8,0.044683024287223816,0.05596166164232941,0.0,0.08353226520833809,99.609375,100.0,0.0850460931547687,-0.22507313801767437,0.0,0.08,0.08353226520833809,0.08353226520833809,0
151,7,0.009211240336298943,0.05596166164232941,0.0,0.13155348973408448,97.89473684210526,100.0,0.15364784247726354,-1.8042414218355507,0.0,0.08,0.13155348973408448,0.13155348973408448,0
151,12,0.05017552897334099,0.05596166164232941,0.0,0.09781972905829234,98.046875,100.0,0.1054567557975605,-0.10913938494922779,0.0,0.08,0.09781972905829234,0.09781972905829234,0
151,5,0.19108068943023682,0.05596166164232941,0.7,0.6399999999999997,91.40625,100.0,0.6399999999999997,1.2280288274761104,0.7,0.6399999999999999,0.6399999999999997,0.6399999999999997,0
151,19,0.04822457954287529,0.05596166164232941,0.0,0.08010808707129219,100.0,100.0,0.080154410101846,-0.1487979739820487,0.0,0.08,0.08010808707129219,0.08010808707129219,0
151,1,0.15600232779979706,0.05596166164232941,0.7,0.5504166115921939,97.29729729729729,100.0,0.5120237308459914,1.0252039715891745,0.7,0.6399999999999999,0.5504166115921939,0.5504166115921939,0
151,18,0.0735735148191452,0.05596166164232941,0.2736182224457144,0.23711978181237736,97.65625,100.0,0.2106448691791513,0.2736182224457144,0.2736182224457144,0.29889457795657154,0.23711978181237736,0.23711978181237736,0
151,16,0.013321775943040848,0.05596166164232941,0.0,0.07999999999999996,98.828125,100.0,0.07999999999999996,-1.4352662855119895,0.0,0.08,0.07999999999999996,0.07999999999999996,0
151,6,0.04835022613406181,0.05596166164232941,0.0,0.11662455434450114,100.0,100.0,0.13232079192071594,-0.14619591570860485,0.0,0.08,0.11662455434450114,0.11662455434450114,0
151,3,0.05437410622835159,0.05596166164232941,0.0,0.3802941000924092,98.42105263157895,100.0,0.5089915715605846,-0.02877878543914252,0.0,0.08,0.3802941000924092,0.3802941000924092,0
151,15,0.06481245905160904,0.05596166164232941,0.14683098703890762,0.2373905711165647,97.65625,100.0,0.2545016203246098,0.14683098703890762,0.14683098703890762,0.19746478963112613,0.2373905711165647,0.2373905711165647,0
151,11,0.01753474771976471,0.05596166164232941,0.0,0.08648447734595877,98.828125,100.0,0.08926353906565537,-1.1604819548984953,0.0,0.08,0.08648447734595877,0.08648447734595877,0
151,17,0.04460849240422249,0.05596166164232941,0.0,0.12001567520447723,98.046875,100.0,0.13716525029211032,-0.22674254372111471,0.0,0.08,0.12001567520447723,0.12001567520447723,0
151,9,0.02919244021177292,0.05596166164232941,0.0,0.07999999999999996,99.21875,100.0,0.07999999999999996,-0.6507568999922615,0.0,0.08,0.07999999999999996,0.07999999999999996,0
152,11,0.033385228365659714,0.055291783233466604,0.0,0.08453913414217112,98.4375,100.0,0.08648447734595877,-0.5045106558698644,0.0,0.08,0.08453913414217112,0.08453913414217112,0
152,9,0.010390347801148891,0.055291783233466604,0.0,0.07999999999999996,99.609375,100.0,0.07999999999999996,-1.671746251469765,0.0,0.08,0.07999999999999996,0.07999999999999996,0
152,13,0.03095662035048008,0.055291783233466604,0.0,0.14264956600204196,98.125,100.0,0.1694993800029171,-0.580037289067779,0.0,0.08,0.14264956600204196,0.14264956600204196,0
152,14,0.031081318855285645,0.055291783233466604,0.0,0.22997285671474896,97.265625,100.0,0.2942469381639271,-0.5760172125101413,0.0,0.08,0.22997285671474896,0.22997285671474896,0
152,8,0.013788383454084396,0.055291783233466604,0.0,0.08247258564583666,99.21875,100.0,0.08353226520833809,-1.3887973088302428,0.0,0.08,0.08247258564583666,0.08247258564583666,0
152,3,0.07696912437677383,0.055291783233466604,0.3307799961841043,0.36959306914887147,98.42105263157895,100.0,0.3802941000924092,0.3307799961841043,0.3307799961841043,0.34462399694728346,0.36959306914887147,0.36959306914887147,0
152,15,0.12075746059417725,0.055291783233466604,0.7,0.35817339978159524,97.265625,100.0,0.2373905711165647,0.7811596658365295,0.7,0.6399999999999999,0.35817339978159524,0.35817339978159524,0
152,17,0.06316133588552475,0.055291783233466604,0.1330680052470922,0.13994729390243618,97.265625,100.0,0.12001567520447723,0.1330680052470922,0.1330680052470922,0.18645440419767378,0.13994729390243618,0.13994729390243618,0
152,6,0.02127312682569027,0.055291783233466604,0.0,0.1056371880411508,98.93617021276596,100.0,0.11662455434450114,-0.9551793981934319,0.0,0.08,0.1056371880411508,0.1056371880411508,0
152,18,0.06077789142727852,0.055291783233466604,0.09460176647902296,0.21268827122362965,98.4375,100.0,0.23711978181237736,0.09460176647902296,0.09460176647902296,0.15568141318321838,0.21268827122362965,0.21268827122362965,0
152,12,0.052543025463819504,0.055291783233466604,0.0,0.09247381034080462,99.21875,100.0,0.09781972905829234,-0.050991936128706505,0.0,0.08,0.09247381034080462,0.09247381034080462,0
152,4,0.10881513357162476,0.055291783233466604,0.6770260189182458,0.42950358046708914,96.5034965034965,100.0,0.3471676227524432,0.6770260189182458,0.6770260189182458,0.6216208151345965,0.42950358046708914,0.42950358046708914,0
152,0,0.10717903077602386,0.055291783233466604,0.6618762213149425,0.297726901819521,98.4771573604061,100.0,0.16410944100562116,0.6618762213149425,0.6618762213149425,0.6095009770519539,0.297726901819521,0.297726901819521,0
152,1,0.12806077301502228,0.055291783233466604,0.7,0.5772916281145357,100.0,100.0,0.5504166115921939,0.8398805254535319,0.7,0.6399999999999999,0.5772916281145357,0.5772916281145357,0
152,7,0.06359627097845078,0.055291783233466604,0.13993050039759522,0.149670762909282,96.84210526315789,100.0,0.13155348973408448,0.13993050039759522,0.13993050039759522,0.1919444003180762,0.149670762909282,0.149670762909282,0
152,19,0.046782396733760834,0.055291783233466604,0.0,0.08007566094990454,99.21875,100.0,0.08010808707129219,-0.16711728530316375,0.0,0.08,0.08007566094990454,0.08007566094990454,0
152,5,0.26410049200057983,0.055291783233466604,0.7,0.6399999999999997,94.140625,100.0,0.6399999999999997,1.5637052270414793,0.7,0.6399999999999999,0.6399999999999997,0.6399999999999997,0
152,16,0.009353791363537312,0.055291783233466604,0.0,0.07999999999999996,100.0,100.0,0.07999999999999996,-1.7768416694357072,0.0,0.08,0.07999999999999996,0.07999999999999996,0
152,10,0.01668531820178032,0.055291783233466604,0.0,0.18225139254750794,98.28326180257511,100.0,0.22607341792501137,-1.1980947105779705,0.0,0.08,0.18225139254750794,0.18225139254750794,0
152,2,0.12410642951726913,0.055291783233466604,0.7,0.5386651308590733,95.90163934426229,100.0,0.4952359012272476,0.8085150875514978,0.7,0.6399999999999999,0.5386651308590733,0.5386651308590733,0
153,14,0.06354037672281265,0.055428650754674846,0.1365789129919257,0.21775993881838643,97.65625,100.0,0.22997285671474896,0.1365789129919257,0.1365789129919257,0.1892631303935406,0.21775993881838643,0.21775993881838643,0
153,17,0.058136358857154846,0.055428650754674846,0.04769463590295621,0.1334098183484148,96.875,100.0,0.13994729390243618,0.04769463590295621,0.04769463590295621,0.11815570872236497,0.1334098183484148,0.1334098183484148,0
153,4,0.06701689213514328,0.055428650754674846,0.18984805612977668,0.3702160397981088,97.9020979020979,100.0,0.42950358046708914,0.18984805612977668,0.18984805612977668,0.23187844490382137,0.3702160397981088,0.3702160397981088,0
153,13,0.079688660800457,0.055428650754674846,0.36303062552263105,0.21098204632686082,98.75,100.0,0.14264956600204196,0.36303062552263105,0.36303062552263105,0.3704245004181049,0.21098204632686082,0.21098204632686082,0
153,2,0.03455684334039688,0.055428650754674846,0.0,0.4010655916013513,97.54098360655738,100.0,0.5386651308590733,-0.472490911507778,0.0,0.08,0.4010655916013513,0.4010655916013513,0
153,5,0.2602959871292114,0.055428650754674846,0.7,0.6399999999999997,91.796875,100.0,0.6399999999999997,1.5467226318490714,0.7,0.6399999999999999,0.6399999999999997,0.6399999999999997,0
153,12,0.03547722101211548,0.055428650754674846,0.0,0.08873166723856324,99.609375,100.0,0.09247381034080462,-0.4462056913512167,0.0,0.08,0.08873166723856324,0.08873166723856324,0
153,10,0.03781060129404068,0.055428650754674846,0.0,0.15157597478325555,99.57081545064378,100.0,0.18225139254750794,-0.38250701682502974,0.0,0.08,0.15157597478325555,0.15157597478325555,0
153,1,0.03950195014476776,0.055428650754674846,0.0,0.428104139680175,97.29729729729729,100.0,0.5772916281145357,-0.33874650752605223,0.0,0.08,0.428104139680175,0.428104139680175,0
153,19,0.033145029097795486,0.055428650754674846,0.0,0.08005296266493317,99.21875,100.0,0.08007566094990454,-0.514203746828818,0.0,0.08,0.08005296266493317,0.08005296266493317,0
153,9,0.01422735583037138,0.055428650754674846,0.0,0.07999999999999996,98.828125,100.0,0.07999999999999996,-1.3599295209718836,0.0,0.08,0.07999999999999996,0.07999999999999996,0
153,11,0.051224905997514725,0.055428650754674846,0.0,0.08317739389951978,99.21875,100.0,0.08453913414217112,-0.07887074786927631,0.0,0.08,0.08317739389951978,0.08317739389951978,0
153,18,0.0859571099281311,0.055428650754674846,0.43875176430153595,0.27818221328890935,96.875,100.0,0.21268827122362965,0.43875176430153595,0.43875176430153595,0.4310014114412288,0.27818221328890935,0.27818221328890935,0
153,7,0.00834269355982542,0.055428650754674846,0.0,0.12876953403649738,100.0,100.0,0.149670762909282,-1.8937094704356874,0.0,0.08,0.12876953403649738,0.12876953403649738,0
153,0,0.08620335906744003,0.055428650754674846,0.441612459094851,0.33839582145642894,98.98477157360406,100.0,0.297726901819521,0.441612459094851,0.441612459094851,0.4332899672758808,0.33839582145642894,0.33839582145642894,0
153,16,0.011487639509141445,0.055428650754674846,0.0,0.07999999999999996,99.21875,100.0,0.07999999999999996,-1.573824299581378,0.0,0.08,0.07999999999999996,0.07999999999999996,0
153,8,0.0790422260761261,0.055428650754674846,0.3548855413561897,0.1669033398775712,98.046875,100.0,0.08247258564583666,0.3548855413561897,0.3548855413561897,0.3639084330849518,0.1669033398775712,0.1669033398775712,0
153,3,0.08201094716787338,0.055428650754674846,0.3917560602157439,0.37673660285598853,96.84210526315789,100.0,0.36959306914887147,0.3917560602157439,0.3917560602157439,0.39340484817259513,0.37673660285598853,0.37673660285598853,0
153,15,0.038894906640052795,0.055428650754674846,0.0,0.2747213798471167,97.65625,100.0,0.35817339978159524,-0.3542332376683432,0.0,0.08,0.2747213798471167,0.2747213798471167,0
153,6,0.051039304584264755,0.055428650754674846,0.0,0.09794603162880555,100.0,100.0,0.1056371880411508,-0.08250059216538706,0.0,0.08,0.09794603162880555,0.09794603162880555,0
154,3,0.09676719456911087,0.05499899620829634,0.56499302497547,0.4233139479933048,97.36842105263158,100.0,0.37673660285598853,0.56499302497547,0.56499302497547,0.531994419980376,0.4233139479933048,0.4233139479933048,0
154,5,0.2360570877790451,0.05499899620829634,0.7,0.6399999999999997,86.71875,100.0,0.6399999999999997,1.456758599375468,0.7,0.6399999999999999,0.6399999999999997,0.6399999999999997,0
154,11,0.04059914872050285,0.05499899620829634,0.0,0.08222417572966384,98.828125,100.0,0.08317739389951978,-0.30356777090603904,0.0,0.08,0.08222417572966384,0.08222417572966384,0
154,2,0.15850631892681122,0.05499899620829634,0.7,0.4727459141209459,98.36065573770492,100.0,0.4010655916013513,1.0584794065285996,0.7,0.6399999999999999,0.4727459141209459,0.4727459141209459,0
154,9,0.021493468433618546,0.05499899620829634,0.0,0.07999999999999996,98.046875,100.0,0.07999999999999996,-0.9395655556778926,0.0,0.08,0.07999999999999996,0.07999999999999996,0
154,6,0.0580325648188591,0.05499899620829634,0.053689371567375,0.1054476713163339,100.0,100.0,0.09794603162880555,0.053689371567375,0.053689371567375,0.1229514972539,0.1054476713163339,0.1054476713163339,0
154,16,0.010338781401515007,0.05499899620829634,0.0,0.07999999999999996,98.828125,100.0,0.07999999999999996,-1.6714121396141042,0.0,0.08,0.07999999999999996,0.07999999999999996,0
154,1,0.039063338190317154,0.05499899620829634,0.0,0.3236728977761225,97.29729729729729,100.0,0.428104139680175,-0.3421304751961581,0.0,0.08,0.3236728977761225,0.3236728977761225,0
154,18,0.060533370822668076,0.05499899620829634,0.09587984588505823,0.24173871231465052,97.265625,100.0,0.27818221328890935,0.09587984588505823,0.09587984588505823,0.15670387670804659,0.24173871231465052,0.24173871231465052,0
154,13,0.10266502946615219,0.05499899620829634,0.6241565286950428,0.3214849993156128,98.75,100.0,0.21098204632686082,0.6241565286950428,0.6241565286950428,0.5793252229560343,0.3214849993156128,0.3214849993156128,0
154,7,0.1359044760465622,0.05499899620829634,0.7,0.28213867382554814,98.94736842105263,100.0,0.12876953403649738,0.9046372143916022,0.7,0.6399999999999999,0.28213867382554814,0.28213867382554814,0
154,19,0.031670667231082916,0.05499899620829634,0.0,0.08003707386545322,99.609375,100.0,0.08005296266493317,-0.5519238718134679,0.0,0.08,0.08003707386545322,0.08003707386545322,0
154,15,0.06101015582680702,0.05499899620829634,0.10372538705757635,0.2411990587868,98.046875,100.0,0.2747213798471167,0.10372538705757635,0.10372538705757635,0.16298030964606108,0.2411990587868,0.2411990587868,0
154,0,0.05571868643164635,0.05499899620829634,0.01300063752755765,0.2639972280261141,98.98477157360406,100.0,0.33839582145642894,0.01300063752755765,0.01300063752755765,0.09040051002204612,0.2639972280261141,0.2639972280261141,0
154,4,0.07884327322244644,0.05499899620829634,0.3601470094085932,0.36958651011673854,97.9020979020979,100.0,0.3702160397981088,0.3601470094085932,0.3601470094085932,0.36811760752687456,0.36958651011673854,0.36958651011673854,0
154,10,0.030065620318055153,0.05499899620829634,0.0,0.1301031823482789,98.28326180257511,100.0,0.15157597478325555,-0.6039324466801058,0.0,0.08,0.1301031823482789,0.1301031823482789,0
154,14,0.0561949796974659,0.05499899620829634,0.021512485505631316,0.18159495369422202,96.875,100.0,0.21775993881838643,0.021512485505631316,0.021512485505631316,0.09720998840450505,0.18159495369422202,0.18159495369422202,0
154,12,0.047945596277713776,0.05499899620829634,0.0,0.08611216706699426,97.265625,100.0,0.08873166723856324,-0.13724795032838405,0.0,0.08,0.08611216706699426,0.08611216706699426,0
154,17,0.02375791408121586,0.05499899620829634,0.0,0.11738687284389035,96.09375,100.0,0.1334098183484148,-0.8393989957709215,0.0,0.08,0.11738687284389035,0.11738687284389035,0
154,8,0.03265894204378128,0.05499899620829634,0.0,0.14083233791429983,97.65625,100.0,0.1669033398775712,-0.5211961159423784,0.0,0.08,0.14083233791429983,0.14083233791429983,0
155,19,0.02851480431854725,0.055094779893922315,0.0,0.08002595170581725,98.4375,100.0,0.08003707386545322,-0.6586314015331362,0.0,0.08,0.08002595170581725,0.08002595170581725,0
155,4,0.09576552361249924,0.055094779893922315,0.5528476914337187,0.4153940030258095,97.2027972027972,100.0,0.36958651011673854,0.5528476914337187,0.5528476914337187,0.522278153146975,0.4153940030258095,0.4153940030258095,0
155,1,0.12116891145706177,0.055094779893922315,0.7,0.41857102844328575,97.29729729729729,100.0,0.3236728977761225,0.7881304627224927,0.7,0.6399999999999999,0.41857102844328575,0.41857102844328575,0
155,3,0.07089114934206009,0.055094779893922315,0.25209057942298446,0.38082150265682957,96.84210526315789,100.0,0.4233139479933048,0.25209057942298446,0.25209057942298446,0.2816724635383876,0.38082150265682957,0.38082150265682957,0
155,11,0.05231621488928795,0.055094779893922315,0.0,0.08155692301076468,99.21875,100.0,0.08222417572966384,-0.0517486041199898,0.0,0.08,0.08155692301076468,0.08155692301076468,0
155,0,0.03251880407333374,0.055094779893922315,0.0,0.20879805961827985,98.4771573604061,100.0,0.2639972280261141,-0.5272363380039738,0.0,0.08,0.20879805961827985,0.20879805961827985,0
155,17,0.027109799906611443,0.055094779893922315,0.0,0.10617081099072323,98.046875,100.0,0.11738687284389035,-0.7091595028517254,0.0,0.08,0.10617081099072323,0.10617081099072323,0
155,2,0.0817108228802681,0.055094779893922315,0.3941314320610037,0.449513683579303,97.54098360655738,100.0,0.4727459141209459,0.3941314320610037,0.3941314320610037,0.395305145648803,0.449513683579303,0.449513683579303,0
155,18,0.0742618665099144,0.055094779893922315,0.298542563478212,0.26486731385502627,96.484375,100.0,0.24173871231465052,0.298542563478212,0.298542563478212,0.3188340507825696,0.26486731385502627,0.26486731385502627,0
155,7,0.02543908916413784,0.055094779893922315,0.0,0.22149707167788368,98.94736842105263,100.0,0.28213867382554814,-0.7727678267787031,0.0,0.08,0.22149707167788368,0.22149707167788368,0
155,16,0.024738136678934097,0.055094779893922315,0.0,0.07999999999999996,99.609375,100.0,0.07999999999999996,-0.8007087021773307,0.0,0.08,0.07999999999999996,0.07999999999999996,0
155,14,0.062468528747558594,0.055094779893922315,0.1256078955560673,0.18126236251941155,98.046875,100.0,0.18159495369422202,0.1256078955560673,0.1256078955560673,0.18048631644485386,0.18126236251941155,0.18126236251941155,0
155,10,0.03541750833392143,0.055094779893922315,0.0,0.11507222764379521,99.14163090128756,100.0,0.1301031823482789,-0.44184858848624164,0.0,0.08,0.11507222764379521,0.11507222764379521,0
155,13,0.043634653091430664,0.055094779893922315,0.0,0.24903949952092894,97.5,100.0,0.3214849993156128,-0.23320329488615726,0.0,0.08,0.24903949952092894,0.24903949952092894,0
155,5,0.23567944765090942,0.055094779893922315,0.7,0.6399999999999997,89.84375,100.0,0.6399999999999997,1.4534174970930607,0.7,0.6399999999999999,0.6399999999999997,0.6399999999999997,0
155,15,0.05200859159231186,0.055094779893922315,0.0,0.19283934115075999,98.828125,100.0,0.2411990587868,-0.05764603427035849,0.0,0.08,0.19283934115075999,0.19283934115075999,0
155,12,0.07724028080701828,0.055094779893922315,0.33786606812378744,0.16536637329660497,99.21875,100.0,0.08611216706699426,0.33786606812378744,0.33786606812378744,0.35029285449902997,0.16536637329660497,0.16536637329660497,0
155,8,0.03126978501677513,0.055094779893922315,0.0,0.12258263654000986,98.4375,100.0,0.14083233791429983,-0.5664025382285208,0.0,0.08,0.12258263654000986,0.12258263654000986,0
155,6,0.021455440670251846,0.055094779893922315,0.0,0.09781336992143372,96.80851063829788,100.0,0.1054476713163339,-0.943076430814288,0.0,0.08,0.09781336992143372,0.09781336992143372,0
155,9,0.010238210670650005,0.055094779893922315,0.0,0.07999999999999996,98.828125,100.0,0.07999999999999996,-1.6829273125279096,0.0,0.08,0.07999999999999996,0.07999999999999996,0
156,17,0.03943752869963646,0.05436746413871721,0.0,0.09831956769350625,98.4375,100.0,0.10617081099072323,-0.32104795159422655,0.0,0.08,0.09831956769350625,0.09831956769350625,0
156,1,0.15430840849876404,0.05436746413871721,0.7,0.4849997199103,94.5945945945946,100.0,0.41857102844328575,1.0431872439873824,0.7,0.6399999999999999,0.4849997199103,0.4849997199103,0
156,16,0.03676442801952362,0.05436746413871721,0.0,0.07999999999999996,98.828125,100.0,0.07999999999999996,-0.39123505340079756,0.0,0.08,0.07999999999999996,0.07999999999999996,0
156,12,0.08536320179700851,0.05436746413871721,0.45114915958807184,0.24803225960876074,98.828125,100.0,0.16536637329660497,0.45114915958807184,0.45114915958807184,0.4409193276704575,0.24803225960876074,0.24803225960876074,0
156,13,0.05562610551714897,0.05436746413871721,0.02288672134071758,0.20382046278642246,98.125,100.0,0.24903949952092894,0.02288672134071758,0.02288672134071758,0.09830937707257406,0.20382046278642246,0.20382046278642246,0
156,6,0.04099800065159798,0.05436746413871721,0.0,0.0924693589450036,97.87234042553192,100.0,0.09781336992143372,-0.2822425283510748,0.0,0.08,0.0924693589450036,0.0924693589450036,0
156,2,0.09976198524236679,0.05436746413871721,0.6070212284109787,0.484344673324147,96.72131147540983,100.0,0.449513683579303,0.6070212284109787,0.6070212284109787,0.565616982728783,0.484344673324147,0.484344673324147,0
156,3,0.07753106951713562,0.05436746413871721,0.35491280881192827,0.37575412597464347,97.89473684210526,100.0,0.38082150265682957,0.35491280881192827,0.35491280881192827,0.36393024704954263,0.37575412597464347,0.37575412597464347,0
156,19,0.04268396645784378,0.05436746413871721,0.0,0.08001816619407207,99.21875,100.0,0.08002595170581725,-0.2419424819765383,0.0,0.08,0.08001816619407207,0.08001816619407207,0
156,15,0.03692162036895752,0.05436746413871721,0.0,0.15898753880553199,96.875,100.0,0.19283934115075999,-0.3869685050199426,0.0,0.08,0.15898753880553199,0.15898753880553199,0
156,14,0.059624917805194855,0.05436746413871721,0.09230766520794677,0.17303749341349528,97.265625,100.0,0.18126236251941155,0.09230766520794677,0.09230766520794677,0.15384613216635742,0.17303749341349528,0.17303749341349528,0
156,8,0.03995231166481972,0.05436746413871721,0.0,0.10980784557800691,99.21875,100.0,0.12258263654000986,-0.30807928839844617,0.0,0.08,0.10980784557800691,0.10980784557800691,0
156,7,0.057885993272066116,0.05436746413871721,0.06270954248174068,0.19409824037013632,98.94736842105263,100.0,0.22149707167788368,0.06270954248174068,0.06270954248174068,0.13016763398539255,0.19409824037013632,0.19409824037013632,0
156,18,0.04326147958636284,0.05436746413871721,0.0,0.20940711969851836,98.4375,100.0,0.26486731385502627,-0.22850321991166386,0.0,0.08,0.20940711969851836,0.20940711969851836,0
156,4,0.08218298107385635,0.05436746413871721,0.41318228622287323,0.4139395508115562,95.8041958041958,100.0,0.4153940030258095,0.41318228622287323,0.41318228622287323,0.4105458289782986,0.4139395508115562,0.4139395508115562,0
156,10,0.05511551722884178,0.05436746413871721,0.013665404161394178,0.10783025634939124,99.57081545064378,100.0,0.11507222764379521,0.013665404161394178,0.013665404161394178,0.09093232332911534,0.10783025634939124,0.10783025634939124,0
156,9,0.058293912559747696,0.05436746413871721,0.0697317704789659,0.09673562491495177,99.609375,100.0,0.07999999999999996,0.0697317704789659,0.0697317704789659,0.1357854163831727,0.09673562491495177,0.09673562491495177,0
156,0,0.06058758124709129,0.05436746413871721,0.10832403402310728,0.19615640989834163,97.46192893401015,100.0,0.20879805961827985,0.10832403402310728,0.10832403402310728,0.16665922721848583,0.19615640989834163,0.19615640989834163,0
156,5,0.3422887623310089,0.05436746413871721,0.7,0.6399999999999997,91.015625,100.0,0.6399999999999997,1.8398886711437246,0.7,0.6399999999999999,0.6399999999999997,0.6399999999999997,0
156,11,0.045527443289756775,0.05436746413871721,0.0,0.08108984610753528,98.828125,100.0,0.08155692301076468,-0.1774505601768273,0.0,0.08,0.08108984610753528,0.08108984610753528,0
157,18,0.07438996434211731,0.05460632266430624,0.309171320404698,0.24478610068609036,97.265625,100.0,0.20940711969851836,0.309171320404698,0.309171320404698,0.3273370563237584,0.24478610068609036,0.24478610068609036,0
157,13,0.07319285720586777,0.05460632266430624,0.29294811478852395,0.23698187149974143,98.75,100.0,0.20382046278642246,0.29294811478852395,0.29294811478852395,0.31435849183081915,0.23698187149974143,0.23698187149974143,0
157,10,0.02746061608195305,0.05460632266430624,0.0,0.09948117944457385,99.14163090128756,100.0,0.10783025634939124,-0.6873966590284142,0.0,0.08,0.09948117944457385,0.09948117944457385,0
157,19,0.05605427920818329,0.05460632266430624,0.026170812379854202,0.08629371130701545,98.4375,100.0,0.08001816619407207,0.026170812379854202,0.026170812379854202,0.10093664990388336,0.08629371130701545,0.08629371130701545,0
157,2,0.05557429417967796,0.05460632266430624,0.017571080500098316,0.3672583306469265,98.36065573770492,100.0,0.484344673324147,0.017571080500098316,0.017571080500098316,0.09405686440007865,0.3672583306469265,0.3672583306469265,0
157,0,0.038489535450935364,0.05460632266430624,0.0,0.16130948692883912,97.96954314720813,100.0,0.19615640989834163,-0.34976320119882065,0.0,0.08,0.16130948692883912,0.16130948692883912,0
157,11,0.04380002245306969,0.05460632266430624,0.0,0.0807628922752747,98.828125,100.0,0.08108984610753528,-0.22051530056832871,0.0,0.08,0.0807628922752747,0.0807628922752747,0
157,5,0.31425175070762634,0.05460632266430624,0.7,0.6399999999999997,89.84375,100.0,0.6399999999999997,1.750044591454772,0.7,0.6399999999999999,0.6399999999999997,0.6399999999999997,0
157,3,0.04148933291435242,0.05460632266430624,0.0,0.28702788818225045,98.94736842105263,100.0,0.37575412597464347,-0.27471326187404455,0.0,0.08,0.28702788818225045,0.28702788818225045,0
157,17,0.060649119317531586,0.05460632266430624,0.1049554205461584,0.11801299831653239,96.875,100.0,0.09831956769350625,0.1049554205461584,0.1049554205461584,0.16396433643692673,0.11801299831653239,0.11801299831653239,0
157,12,0.057027000933885574,0.05460632266430624,0.043375172735722674,0.20803262318270596,97.265625,100.0,0.24803225960876074,0.043375172735722674,0.043375172735722674,0.11470013818857813,0.20803262318270596,0.20803262318270596,0
157,16,0.014693927951157093,0.05460632266430624,0.0,0.07999999999999996,99.21875,100.0,0.07999999999999996,-1.312714834432235,0.0,0.08,0.07999999999999996,0.07999999999999996,0
157,9,0.021479429677128792,0.05460632266430624,0.0,0.09171493744046624,100.0,100.0,0.09673562491495177,-0.9330536753824441,0.0,0.08,0.09171493744046624,0.09171493744046624,0
157,6,0.013939916156232357,0.05460632266430624,0.0,0.08872855126150253,100.0,100.0,0.0924693589450036,-1.3653927508271348,0.0,0.08,0.08872855126150253,0.08872855126150253,0
157,14,0.07991482317447662,0.05460632266430624,0.3808116233932686,0.23652103500383115,98.4375,100.0,0.17303749341349528,0.3808116233932686,0.3808116233932686,0.3846492987146149,0.23652103500383115,0.23652103500383115,0
157,7,0.015444578602910042,0.05460632266430624,0.0,0.1598687682590954,98.94736842105263,100.0,0.19409824037013632,-1.2628911691358382,0.0,0.08,0.1598687682590954,0.1598687682590954,0
157,1,0.09349337220191956,0.05460632266430624,0.5377407963125043,0.492557595052211,91.89189189189189,100.0,0.4849997199103,0.5377407963125043,0.5377407963125043,0.5101926370500034,0.492557595052211,0.492557595052211,0
157,4,0.04881356656551361,0.05460632266430624,0.0,0.31375768556808936,97.9020979020979,100.0,0.4139395508115562,-0.11214137641206774,0.0,0.08,0.31375768556808936,0.31375768556808936,0
157,8,0.015955330803990364,0.05460632266430624,0.0,0.10086549190460484,98.4375,100.0,0.10980784557800691,-1.2303562390607277,0.0,0.08,0.10086549190460484,0.10086549190460484,0
157,15,0.020348040387034416,0.05460632266430624,0.0,0.13529127716387238,98.4375,100.0,0.15898753880553199,-0.9871647556659513,0.0,0.08,0.13529127716387238,0.13529127716387238,0
158,14,0.03834383562207222,0.05377636984880478,0.0,0.18956472450268178,97.65625,100.0,0.23652103500383115,-0.33824029877627987,0.0,0.08,0.18956472450268178,0.18956472450268178,0
158,10,0.05946134775876999,0.05377636984880478,0.10049231763998073,0.11775498184479706,100.0,100.0,0.09948117944457385,0.10049231763998073,0.10049231763998073,0.1603938541119846,0.11775498184479706,0.11775498184479706,0
158,1,0.11006235331296921,0.05377636984880478,0.7,0.5367903165365476,100.0,100.0,0.492557595052211,0.7162128098563804,0.7,0.6399999999999999,0.5367903165365476,0.5367903165365476,0
158,2,0.04108225926756859,0.05377636984880478,0.0,0.28108083145284857,99.18032786885246,100.0,0.3672583306469265,-0.2692577107571417,0.0,0.08,0.28108083145284857,0.28108083145284857,0
158,3,0.06348598748445511,0.05377636984880478,0.165985035030933,0.2647559301349992,100.0,100.0,0.28702788818225045,0.165985035030933,0.165985035030933,0.2127880280247464,0.2647559301349992,0.2647559301349992,0
158,17,0.032802846282720566,0.05377636984880478,0.0,0.10660909882157266,97.65625,100.0,0.11801299831653239,-0.4943187411065695,0.0,0.08,0.10660909882157266,0.10660909882157266,0
158,11,0.06998807191848755,0.05377636984880478,0.26349063475091744,0.14377177693291246,98.4375,100.0,0.0807628922752747,0.26349063475091744,0.26349063475091744,0.29079250780073396,0.14377177693291246,0.14377177693291246,0
158,5,0.2711043357849121,0.05377636984880478,0.7,0.6399999999999997,92.96875,100.0,0.6399999999999997,1.617669452072095,0.7,0.6399999999999999,0.6399999999999997,0.6399999999999997,0
158,12,0.03401891514658928,0.05377636984880478,0.0,0.16962283622789415,97.65625,100.0,0.20803262318270596,-0.4579173427774008,0.0,0.08,0.16962283622789415,0.16962283622789415,0
158,15,0.044301699846982956,0.05377636984880478,0.0,0.11870389401471065,97.265625,100.0,0.13529127716387238,-0.1938110611919268,0.0,0.08,0.11870389401471065,0.11870389401471065,0
158,8,0.040399219840765,0.05377636984880478,0.0,0.09460584433322339,99.21875,100.0,0.10086549190460484,-0.2860236130575342,0.0,0.08,0.09460584433322339,0.09460584433322339,0
158,16,0.007246270775794983,0.05377636984880478,0.0,0.07999999999999996,99.21875,100.0,0.07999999999999996,-2.0043459936987107,0.0,0.08,0.07999999999999996,0.07999999999999996,0
158,19,0.028045395389199257,0.05377636984880478,0.0,0.08440559791491081,99.21875,100.0,0.08629371130701545,-0.6510095166851905,0.0,0.08,0.08440559791491081,0.08440559791491081,0
158,13,0.049071215093135834,0.05377636984880478,0.0,0.18988731004981899,99.375,100.0,0.23698187149974143,-0.09156151847068718,0.0,0.08,0.18988731004981899,0.18988731004981899,0
158,18,0.05461478605866432,0.05377636984880478,0.01547050162957559,0.1990631908713614,97.65625,100.0,0.24478610068609036,0.01547050162957559,0.01547050162957559,0.09237640130366048,0.1990631908713614,0.1990631908713614,0
158,7,0.1015048697590828,0.05377636984880478,0.6352725392748425,0.28837354720732894,96.84210526315789,100.0,0.1598687682590954,0.6352725392748425,0.6352725392748425,0.5882180314198739,0.28837354720732894,0.28837354720732894,0
158,6,0.014989364892244339,0.05377636984880478,0.0,0.08610998588305177,97.87234042553192,100.0,0.08872855126150253,-1.2774927249020398,0.0,0.08,0.08610998588305177,0.08610998588305177,0
158,0,0.036398354917764664,0.05377636984880478,0.0,0.13691664085018737,97.96954314720813,100.0,0.16130948692883912,-0.39031048070339114,0.0,0.08,0.13691664085018737,0.13691664085018737,0
158,9,0.020849451422691345,0.05377636984880478,0.0,0.08820045620832637,98.828125,100.0,0.09171493744046624,-0.947506217630325,0.0,0.08,0.08820045620832637,0.08820045620832637,0
158,4,0.09669262915849686,0.05377636984880478,0.5867029446785853,0.38443908662052306,97.9020979020979,100.0,0.31375768556808936,0.5867029446785853,0.5867029446785853,0.5493623557428683,0.38443908662052306,0.38443908662052306,0
159,9,0.012691759504377842,0.05266793081965188,0.0,0.08574031934582846,98.4375,100.0,0.08820045620832637,-1.4230532239897744,0.0,0.08,0.08574031934582846,0.08574031934582846,0
159,16,0.015301491133868694,0.05266793081965188,0.0,0.07999999999999996,99.609375,100.0,0.07999999999999996,-1.2360559999340734,0.0,0.08,0.07999999999999996,0.07999999999999996,0
159,3,0.0972374752163887,0.05266793081965188,0.6131493506523534,0.35648499525106425,98.42105263157895,100.0,0.2647559301349992,0.6131493506523534,0.6131493506523534,0.5705194805218827,0.35648499525106425,0.35648499525106425,0
159,0,0.04171379283070564,0.05266793081965188,0.0,0.11984164859513116,99.49238578680203,100.0,0.13691664085018737,-0.23317485967468518,0.0,0.08,0.11984164859513116,0.11984164859513116,0
159,7,0.02300403080880642,0.05266793081965188,0.0,0.22586148304513023,100.0,100.0,0.28837354720732894,-0.828337049007071,0.0,0.08,0.22586148304513023,0.22586148304513023,0
159,5,0.25397706031799316,0.05266793081965188,0.7,0.6399999999999997,91.015625,100.0,0.6399999999999997,1.5732370517605367,0.7,0.6399999999999999,0.6399999999999997,0.6399999999999997,0
159,10,0.07301921397447586,0.05266793081965188,0.3267158117516331,0.18484028211174988,98.28326180257511,100.0,0.11775498184479706,0.3267158117516331,0.3267158117516331,0.3413726494013065,0.18484028211174988,0.18484028211174988,0
159,17,0.07334133237600327,0.05266793081965188,0.3311175290946226,0.17809457615781027,98.4375,100.0,0.10660909882157266,0.3311175290946226,0.3311175290946226,0.3448940232756981,0.17809457615781027,0.17809457615781027,0
159,18,0.06974286586046219,0.05266793081965188,0.2808083404393379,0.23073823531539406,98.4375,100.0,0.1990631908713614,0.2808083404393379,0.2808083404393379,0.3046466723514703,0.23073823531539406,0.23073823531539406,0
159,1,0.09850721806287766,0.05266793081965188,0.6261229899903584,0.5500227391732694,100.0,100.0,0.5367903165365476,0.6261229899903584,0.6261229899903584,0.5808983919922868,0.5500227391732694,0.5500227391732694,0
159,2,0.0542801097035408,0.05266793081965188,0.030151103417181642,0.22799284683711757,99.18032786885246,100.0,0.28108083145284857,0.030151103417181642,0.030151103417181642,0.10412088273374531,0.22799284683711757,0.22799284683711757,0
159,6,0.025958329439163208,0.05266793081965188,0.0,0.08427699011813623,97.87234042553192,100.0,0.08610998588305177,-0.7075140131883768,0.0,0.08,0.08427699011813623,0.08427699011813623,0
159,12,0.018092116340994835,0.05266793081965188,0.0,0.1427359853595259,98.828125,100.0,0.16962283622789415,-1.0685301020012223,0.0,0.08,0.1427359853595259,0.1427359853595259,0
159,11,0.026465563103556633,0.05266793081965188,0.0,0.1246402438530387,97.65625,100.0,0.14377177693291246,-0.6881621766184864,0.0,0.08,0.1246402438530387,0.1246402438530387,0
159,15,0.02672414854168892,0.05266793081965188,0.0,0.10709272581029744,96.875,100.0,0.11870389401471065,-0.6784389662404495,0.0,0.08,0.10709272581029744,0.10709272581029744,0
159,13,0.060026865452528,0.05266793081965188,0.13078544929838185,0.18830962486648492,97.5,100.0,0.18988731004981899,0.13078544929838185,0.13078544929838185,0.18462835943870548,0.18830962486648492,0.18830962486648492,0
159,19,0.045957595109939575,0.05266793081965188,0.0,0.08308391854043756,99.609375,100.0,0.08440559791491081,-0.13628759336036372,0.0,0.08,0.08308391854043756,0.08308391854043756,0
159,4,0.09116329252719879,0.05266793081965188,0.5486454946872852,0.42478227935931456,98.6013986013986,100.0,0.38443908662052306,0.5486454946872852,0.5486454946872852,0.5189163957498282,0.42478227935931456,0.42478227935931456,0
159,14,0.053380828350782394,0.05266793081965188,0.013444912343635377,0.15992208611434974,98.4375,100.0,0.18956472450268178,0.013444912343635377,0.013444912343635377,0.0907559298749083,0.15992208611434974,0.15992208611434974,0
159,8,0.026365293189883232,0.05266793081965188,0.0,0.09022409103325638,100.0,100.0,0.09460584433322339,-0.6919580642170018,0.0,0.08,0.09022409103325638,0.09022409103325638,0
160,2,0.04132495075464249,0.05236805891072279,0.0,0.1835949927859823,99.18032786885246,100.0,0.22799284683711757,-0.23683033962097375,0.0,0.08,0.1835949927859823,0.1835949927859823,0
160,14,0.05922461301088333,0.05236805891072279,0.12304035100157833,0.1654751445204236,99.609375,100.0,0.15992208611434974,0.12304035100157833,0.12304035100157833,0.17843228080126267,0.1654751445204236,0.1654751445204236,0
160,18,0.058104507625103,0.05236805891072279,0.10394638320920396,0.21046389669098478,98.828125,100.0,0.23073823531539406,0.10394638320920396,0.10394638320920396,0.16315710656736318,0.21046389669098478,0.21046389669098478,0
160,15,0.06793726235628128,0.05236805891072279,0.26028778044261813,0.16143397537343657,98.4375,100.0,0.10709272581029744,0.26028778044261813,0.26028778044261813,0.2882302243540945,0.16143397537343657,0.16143397537343657,0
160,5,0.33467867970466614,0.05236805891072279,0.7,0.6399999999999997,90.625,100.0,0.6399999999999997,1.8548739026989238,0.7,0.6399999999999999,0.6399999999999997,0.6399999999999997,0
160,12,0.027922431007027626,0.05236805891072279,0.0,0.12391518975166813,97.65625,100.0,0.1427359853595259,-0.6288663309607069,0.0,0.08,0.12391518975166813,0.12391518975166813,0
160,4,0.022363530471920967,0.05236805891072279,0.0,0.3213475955515202,93.7062937062937,100.0,0.42478227935931456,-0.8508650583678206,0.0,0.08,0.3213475955515202,0.3213475955515202,0
160,13,0.050826191902160645,0.05236805891072279,0.0,0.15581673740653942,98.75,100.0,0.18830962486648492,-0.029885026563255458,0.0,0.08,0.15581673740653942,0.15581673740653942,0
160,1,0.21782472729682922,0.05236805891072279,0.7,0.5770159174212885,97.29729729729729,100.0,0.5500227391732694,1.4253937484363768,0.7,0.6399999999999999,0.5770159174212885,0.5770159174212885,0
160,16,0.01901123858988285,0.05236805891072279,0.0,0.07999999999999996,100.0,100.0,0.07999999999999996,-1.0132661986200229,0.0,0.08,0.07999999999999996,0.07999999999999996,0
160,9,0.030757935717701912,0.05236805891072279,0.0,0.08401822354207991,99.609375,100.0,0.08574031934582846,-0.5321486754543601,0.0,0.08,0.08401822354207991,0.08401822354207991,0
160,11,0.02923102118074894,0.05236805891072279,0.0,0.11124817069712709,98.046875,100.0,0.1246402438530387,-0.5830661769862722,0.0,0.08,0.11124817069712709,0.11124817069712709,0
160,17,0.07870456576347351,0.05236805891072279,0.40740426192995427,0.24644322617365622,95.703125,100.0,0.17809457615781027,0.40740426192995427,0.40740426192995427,0.40592340954396344,0.24644322617365622,0.24644322617365622,0
160,10,0.06210029497742653,0.05236805891072279,0.17045386634535653,0.1942971254011105,99.57081545064378,100.0,0.18484028211174988,0.17045386634535653,0.17045386634535653,0.2163630930762852,0.1942971254011105,0.1942971254011105,0
160,0,0.02974328212440014,0.05236805891072279,0.0,0.1078891540165918,97.96954314720813,100.0,0.11984164859513116,-0.5656934018933949,0.0,0.08,0.1078891540165918,0.1078891540165918,0
160,7,0.08956015855073929,0.05236805891072279,0.5366136400639119,0.31089031174693005,98.94736842105263,100.0,0.22586148304513023,0.5366136400639119,0.5366136400639119,0.5092909120511295,0.31089031174693005,0.31089031174693005,0
160,6,0.05541988089680672,0.05236805891072279,0.05664153712019485,0.09658786199154212,96.80851063829788,100.0,0.08427699011813623,0.05664153712019485,0.05664153712019485,0.12531322969615588,0.09658786199154212,0.09658786199154212,0
160,19,0.026654895395040512,0.05236805891072279,0.0,0.08215874297830629,99.609375,100.0,0.08308391854043756,-0.6753238326220347,0.0,0.08,0.08215874297830629,0.08215874297830629,0
160,8,0.04652298614382744,0.05236805891072279,0.0,0.08715686372327947,98.4375,100.0,0.09022409103325638,-0.11835030257586916,0.0,0.08,0.08715686372327947,0.08715686372327947,0
160,3,0.07177180051803589,0.05236805891072279,0.31519475414113013,0.3491862376696162,97.89473684210526,100.0,0.35648499525106425,0.31519475414113013,0.31519475414113013,0.3321558033129041,0.3491862376696162,0.3491862376696162,0
161,4,0.041998837143182755,0.052443556659598885,0.0,0.2489433168860641,97.2027972027972,100.0,0.3213475955515202,-0.22209550175156187,0.0,0.08,0.2489433168860641,0.2489433168860641,0
161,12,0.05362917110323906,0.052443556659598885,0.022355672813544017,0.11610599430141826,98.046875,100.0,0.12391518975166813,0.022355672813544017,0.022355672813544017,0.09788453825083522,0.11610599430141826,0.11610599430141826,0
161,14,0.05910647287964821,0.052443556659598885,0.11960294110487353,0.16853730702946618,99.21875,100.0,0.1654751445204236,0.11960294110487353,0.11960294110487353,0.17568235288389883,0.16853730702946618,0.16853730702946618,0
161,7,0.027064841240644455,0.052443556659598885,0.0,0.24162321822285102,97.89473684210526,100.0,0.31089031174693005,-0.661501786826275,0.0,0.08,0.24162321822285102,0.24162321822285102,0
161,16,0.008169647306203842,0.052443556659598885,0.0,0.07999999999999996,99.609375,100.0,0.07999999999999996,-1.8593107080792686,0.0,0.08,0.07999999999999996,0.07999999999999996,0
161,1,0.04316350817680359,0.052443556659598885,0.0,0.427911142194902,100.0,100.0,0.5770159174212885,-0.19474201886408896,0.0,0.08,0.427911142194902,0.427911142194902,0
161,10,0.022634778171777725,0.052443556659598885,0.0,0.16000798778077732,98.71244635193133,100.0,0.1942971254011105,-0.8402496482792641,0.0,0.08,0.16000798778077732,0.16000798778077732,0
161,6,0.08105296641588211,0.052443556659598885,0.4353653000274852,0.19609917540067592,100.0,100.0,0.09658786199154212,0.4353653000274852,0.4353653000274852,0.4282922400219882,0.19609917540067592,0.19609917540067592,0
161,18,0.06596722453832626,0.052443556659598885,0.2294205016807599,0.22638564808707173,96.484375,100.0,0.21046389669098478,0.2294205016807599,0.2294205016807599,0.26353640134460793,0.22638564808707173,0.22638564808707173,0
161,3,0.08237036317586899,0.052443556659598885,0.45148815273934256,0.3767875230261736,98.42105263157895,100.0,0.3491862376696162,0.45148815273934256,0.45148815273934256,0.4411905221914741,0.3767875230261736,0.3767875230261736,0
161,13,0.07652367651462555,0.052443556659598885,0.3778626498635468,0.22375875215182883,96.25,100.0,0.15581673740653942,0.3778626498635468,0.3778626498635468,0.38229011989083744,0.22375875215182883,0.22375875215182883,0
161,15,0.08812130242586136,0.052443556659598885,0.5189767447576321,0.2615582015032373,98.828125,100.0,0.16143397537343657,0.5189767447576321,0.5189767447576321,0.4951813958061057,0.2615582015032373,0.2615582015032373,0
161,8,0.027250275015830994,0.052443556659598885,0.0,0.08500980460629562,99.21875,100.0,0.08715686372327947,-0.6546736903352558,0.0,0.08,0.08500980460629562,0.08500980460629562,0
161,2,0.06830916553735733,0.052443556659598885,0.2643064285563264,0.21595003780370592,98.36065573770492,100.0,0.1835949927859823,0.2643064285563264,0.2643064285563264,0.2914451428450611,0.21595003780370592,0.21595003780370592,0
161,0,0.04456430673599243,0.052443556659598885,0.0,0.09952240781161426,97.46192893401015,100.0,0.1078891540165918,-0.16280420507373491,0.0,0.08,0.09952240781161426,0.09952240781161426,0
161,11,0.041746675968170166,0.052443556659598885,0.0,0.10187371948798896,98.828125,100.0,0.11124817069712709,-0.2281176005479977,0.0,0.08,0.10187371948798896,0.10187371948798896,0
161,19,0.017000511288642883,0.052443556659598885,0.0,0.0815111200848144,98.828125,100.0,0.08215874297830629,-1.1264936630624602,0.0,0.08,0.0815111200848144,0.0815111200848144,0
161,9,0.014380083419382572,0.052443556659598885,0.0,0.08281275647945593,99.21875,100.0,0.08401822354207991,-1.2938928219345507,0.0,0.08,0.08281275647945593,0.08281275647945593,0
161,5,0.23748156428337097,0.052443556659598885,0.7,0.6399999999999997,92.1875,100.0,0.6399999999999997,1.5103523678139446,0.7,0.6399999999999999,0.6399999999999997,0.6399999999999997,0
161,17,0.033691734075546265,0.052443556659598885,0.0,0.19651025832155933,98.4375,100.0,0.24644322617365622,-0.44248484626273876,0.0,0.08,0.19651025832155933,0.19651025832155933,0
162,7,0.042974889278411865,0.05158559173927879,0.0,0.1931362527559957,98.94736842105263,100.0,0.24162321822285102,-0.18262638994820263,0.0,0.08,0.1931362527559957,0.1931362527559957,0
162,18,0.04595203325152397,0.05158559173927879,0.0,0.1824699536609502,98.4375,100.0,0.22638564808707173,-0.11564428283123049,0.0,0.08,0.1824699536609502,0.1824699536609502,0
162,13,0.050698280334472656,0.05158559173927879,0.0,0.18063112650628016,100.0,100.0,0.22375875215182883,-0.017350408674215903,0.0,0.08,0.18063112650628016,0.18063112650628016,0
162,11,0.02621239610016346,0.05158559173927879,0.0,0.09531160364159227,98.4375,100.0,0.10187371948798896,-0.6770097835217375,0.0,0.08,0.09531160364159227,0.09531160364159227,0
162,4,0.07998758554458618,0.05158559173927879,0.4386289694696087,0.303531274492951,98.6013986013986,100.0,0.2489433168860641,0.4386289694696087,0.4386289694696087,0.430903175575687,0.303531274492951,0.303531274492951,0
162,16,0.007495252415537834,0.05158559173927879,0.0,0.07999999999999996,99.21875,100.0,0.07999999999999996,-1.9289714544678067,0.0,0.08,0.07999999999999996,0.07999999999999996,0
162,9,0.04070476442575455,0.05158559173927879,0.0,0.08196892953561916,99.21875,100.0,0.08281275647945593,-0.2368972041625942,0.0,0.08,0.08196892953561916,0.08196892953561916,0
162,1,0.04356330260634422,0.05158559173927879,0.0,0.3235377995364314,97.29729729729729,100.0,0.427911142194902,-0.16902725533828927,0.0,0.08,0.3235377995364314,0.3235377995364314,0
162,3,0.08787579089403152,0.05158559173927879,0.5326818666146566,0.41559491410583904,97.89473684210526,100.0,0.3767875230261736,0.5326818666146566,0.5326818666146566,0.5061454932917252,0.41559491410583904,0.41559491410583904,0
162,5,0.16941311955451965,0.05158559173927879,0.7,0.6399999999999997,93.75,100.0,0.6399999999999997,1.1890976879503057,0.7,0.6399999999999999,0.6399999999999997,0.6399999999999997,0
162,14,0.04234278202056885,0.05158559173927879,0.0,0.1419761149206263,98.046875,100.0,0.16853730702946618,-0.19744439109955705,0.0,0.08,0.1419761149206263,0.1419761149206263,0
162,8,0.011118464171886444,0.05158559173927879,0.0,0.08350686322440692,99.21875,100.0,0.08500980460629562,-1.5346345328400066,0.0,0.08,0.08350686322440692,0.08350686322440692,0
162,6,0.051293447613716125,0.05158559173927879,0.0,0.16126942278047313,98.93617021276596,100.0,0.19609917540067592,-0.005679385341755232,0.0,0.08,0.16126942278047313,0.16126942278047313,0
162,17,0.038711875677108765,0.05158559173927879,0.0,0.16155718082509152,97.65625,100.0,0.19651025832155933,-0.2870959211667337,0.0,0.08,0.16155718082509152,0.16155718082509152,0
162,19,0.04956279695034027,0.05158559173927879,0.0,0.08105778405937007,99.21875,100.0,0.0815111200848144,-0.040001904916052856,0.0,0.08,0.08105778405937007,0.08105778405937007,0
162,0,0.04091562330722809,0.05158559173927879,0.0,0.09366568546812998,97.46192893401015,100.0,0.09952240781161426,-0.23173037502211635,0.0,0.08,0.09366568546812998,0.09366568546812998,0
162,12,0.069910928606987,0.05158559173927879,0.3039795288777002,0.1782292829416408,98.046875,100.0,0.11610599430141826,0.3039795288777002,0.3039795288777002,0.32318362310216014,0.1782292829416408,0.1782292829416408,0
162,10,0.011144811287522316,0.05158559173927879,0.0,0.13600559144654412,99.57081545064378,100.0,0.16000798778077732,-1.5322676659955408,0.0,0.08,0.13600559144654412,0.13600559144654412,0
162,15,0.08156277239322662,0.05158559173927879,0.45813046231422894,0.31704205200768104,99.21875,100.0,0.2615582015032373,0.45813046231422894,0.45813046231422894,0.4465043698513832,0.31704205200768104,0.31704205200768104,0
162,2,0.20517392456531525,0.05158559173927879,0.7,0.3431650264625941,95.90163934426229,100.0,0.21595003780370592,1.3806154832035906,0.7,0.6399999999999999,0.3431650264625941,0.3431650264625941,0
163,19,0.0326894111931324,0.05090279935824432,0.0,0.08074044884155904,97.65625,100.0,0.08105778405937007,-0.44286660106315134,0.0,0.08,0.08074044884155904,0.08074044884155904,0
163,9,0.013293537311255932,0.05090279935824432,0.0,0.0813782506749334,99.21875,100.0,0.08196892953561916,-1.3426393627819566,0.0,0.08,0.0813782506749334,0.0813782506749334,0
163,16,0.03354073315858841,0.05090279935824432,0.0,0.07999999999999996,100.0,100.0,0.07999999999999996,-0.41715720218055613,0.0,0.08,0.07999999999999996,0.07999999999999996,0
163,6,0.036088138818740845,0.05090279935824432,0.0,0.13688859594633118,100.0,100.0,0.16126942278047313,-0.3439535918408634,0.0,0.08,0.13688859594633118,0.13688859594633118,0
163,11,0.04093945771455765,0.05090279935824432,0.0,0.0907181225491146,98.4375,100.0,0.09531160364159227,-0.21782353716190458,0.0,0.08,0.0907181225491146,0.0907181225491146,0
163,0,0.047555696219205856,0.05090279935824432,0.0,0.08956597982769099,98.4771573604061,100.0,0.09366568546812998,-0.06801632931060278,0.0,0.08,0.08956597982769099,0.08956597982769099,0
163,18,0.04915972054004669,0.05090279935824432,0.0,0.15172896756266513,97.65625,100.0,0.1824699536609502,-0.03484331231386892,0.0,0.08,0.15172896756266513,0.15172896756266513,0
163,13,0.025284063071012497,0.05090279935824432,0.0,0.1504417885543961,97.5,100.0,0.18063112650628016,-0.6997434410961697,0.0,0.08,0.1504417885543961,0.1504417885543961,0
163,5,0.32348763942718506,0.05090279935824432,0.7,0.6399999999999997,89.453125,100.0,0.6399999999999997,1.8492428195316095,0.7,0.6399999999999999,0.6399999999999997,0.6399999999999997,0
163,8,0.034671589732170105,0.05090279935824432,0.0,0.08245480425708485,98.4375,100.0,0.08350686322440692,-0.38399721539600384,0.0,0.08,0.08245480425708485,0.08245480425708485,0
163,10,0.06486080586910248,0.05090279935824432,0.2423255640134413,0.1773620493758068,98.71244635193133,100.0,0.13600559144654412,0.2423255640134413,0.2423255640134413,0.27386045121075303,0.1773620493758068,0.1773620493758068,0
163,15,0.08470504730939865,0.05090279935824432,0.5092571926569857,0.36815116264305325,97.65625,100.0,0.31704205200768104,0.5092571926569857,0.5092571926569857,0.48740575412558856,0.36815116264305325,0.36815116264305325,0
163,2,0.09891416132450104,0.05090279935824432,0.6643344020804107,0.42365577502311447,96.72131147540983,100.0,0.3431650264625941,0.6643344020804107,0.6643344020804107,0.6114675216643286,0.42365577502311447,0.42365577502311447,0
163,7,0.04634397476911545,0.05090279935824432,0.0,0.15919537692919697,97.89473684210526,100.0,0.1931362527559957,-0.09382661056623033,0.0,0.08,0.15919537692919697,0.15919537692919697,0
163,12,0.06892278045415878,0.05090279935824432,0.30306878343565236,0.22149700608370512,99.21875,100.0,0.1782292829416408,0.30306878343565236,0.30306878343565236,0.3224550267485219,0.22149700608370512,0.22149700608370512,0
163,3,0.042868148535490036,0.05090279935824432,0.0,0.31491643987408735,97.89473684210526,100.0,0.41559491410583904,-0.17178879064356958,0.0,0.08,0.31491643987408735,0.31491643987408735,0
163,14,0.06856986880302429,0.05090279935824432,0.29793523808996,0.1948877375860288,97.65625,100.0,0.1419761149206263,0.29793523808996,0.29793523808996,0.318348190471968,0.1948877375860288,0.1948877375860288,0
163,1,0.17102645337581635,0.05090279935824432,0.7,0.41847645967550196,100.0,100.0,0.3235377995364314,1.211900185400784,0.7,0.6399999999999999,0.41847645967550196,0.41847645967550196,0
163,4,0.1024218201637268,0.05090279935824432,0.6991817593652856,0.40427551439273424,97.2027972027972,100.0,0.303531274492951,0.6991817593652856,0.6991817593652856,0.6393454074922285,0.40427551439273424,0.40427551439273424,0
163,17,0.05355773866176605,0.05090279935824432,0.05084237027987912,0.14929219544473504,98.4375,100.0,0.16155718082509152,0.05084237027987912,0.05084237027987912,0.1206738962239033,0.14929219544473504,0.14929219544473504,0
164,7,0.0606742799282074,0.05064829026038252,0.18061437707147404,0.17878421434759162,97.89473684210526,100.0,0.15919537692919697,0.18061437707147404,0.18061437707147404,0.22449150165717924,0.17878421434759162,0.17878421434759162,0
164,0,0.07622361183166504,0.05064829026038252,0.40876574084394146,0.18479996368192964,98.98477157360406,100.0,0.08956597982769099,0.40876574084394146,0.40876574084394146,0.4070125926751532,0.18479996368192964,0.18479996368192964,0
164,15,0.03827532008290291,0.05064829026038252,0.0,0.28170581385013727,96.875,100.0,0.36815116264305325,-0.28010010611180297,0.0,0.08,0.28170581385013727,0.28170581385013727,0
164,10,0.060043033212423325,0.05064829026038252,0.17015602029670815,0.1889908794342747,99.14163090128756,100.0,0.1773620493758068,0.17015602029670815,0.17015602029670815,0.2161248162373665,0.1889908794342747,0.1889908794342747,0
164,16,0.013369401916861534,0.05064829026038252,0.0,0.07999999999999996,99.21875,100.0,0.07999999999999996,-1.3319362667295565,0.0,0.08,0.07999999999999996,0.07999999999999996,0
164,3,0.1007545068860054,0.05064829026038252,0.6877813608371274,0.40950903451277165,97.89473684210526,100.0,0.31491643987408735,0.6877813608371274,0.6877813608371274,0.6302250886697018,0.40950903451277165,0.40950903451277165,0
164,6,0.04426579922437668,0.05064829026038252,0.0,0.11982201716243182,98.93617021276596,100.0,0.13688859594633118,-0.13469309334477692,0.0,0.08,0.11982201716243182,0.11982201716243182,0
164,8,0.01046568714082241,0.05064829026038252,0.0,0.08171836297995938,98.4375,100.0,0.08245480425708485,-1.576802701502195,0.0,0.08,0.08171836297995938,0.08171836297995938,0
164,17,0.03637811541557312,0.05064829026038252,0.0,0.12850453681131452,97.65625,100.0,0.14929219544473504,-0.3309380277219735,0.0,0.08,0.12850453681131452,0.12850453681131452,0
164,12,0.023823780938982964,0.05064829026038252,0.0,0.17904790425859357,97.265625,100.0,0.22149700608370512,-0.754220970924378,0.0,0.08,0.17904790425859357,0.17904790425859357,0
164,18,0.06439352035522461,0.05064829026038252,0.240107496141081,0.18783607636772504,98.4375,100.0,0.15172896756266513,0.240107496141081,0.240107496141081,0.27208599691286484,0.18783607636772504,0.18783607636772504,0
164,9,0.02000582218170166,0.05064829026038252,0.0,0.08096477547245337,99.21875,100.0,0.0813782506749334,-0.9288818314707428,0.0,0.08,0.08096477547245337,0.08096477547245337,0
164,14,0.06314720958471298,0.05064829026038252,0.22056314748141737,0.21335657170576033,96.09375,100.0,0.1948877375860288,0.22056314748141737,0.22056314748141737,0.2564505179851339,0.21335657170576033,0.21335657170576033,0
164,13,0.08852944523096085,0.05064829026038252,0.5584296525074411,0.26333236858986314,97.5,100.0,0.1504417885543961,0.5584296525074411,0.5584296525074411,0.5267437220059529,0.26333236858986314,0.26333236858986314,0
164,2,0.1610240340232849,0.05064829026038252,0.7,0.4885590425161801,95.90163934426229,100.0,0.42365577502311447,1.1566480239934747,0.7,0.6399999999999999,0.4885590425161801,0.4885590425161801,0
164,11,0.03619106113910675,0.05064829026038252,0.0,0.08750268578438022,98.4375,100.0,0.0907181225491146,-0.33609323680826764,0.0,0.08,0.08750268578438022,0.08750268578438022,0
164,5,0.2752119302749634,0.05064829026038252,0.7,0.6399999999999997,88.671875,100.0,0.6399999999999997,1.6926358211448684,0.7,0.6399999999999999,0.6399999999999997,0.6399999999999997,0
164,19,0.01169421337544918,0.05064829026038252,0.0,0.08051831418909132,98.4375,100.0,0.08074044884155904,-1.4658106803146236,0.0,0.08,0.08051831418909132,0.08051831418909132,0
164,4,0.06667111814022064,0.05064829026038252,0.2748663261439011,0.3729607783494502,96.5034965034965,100.0,0.40427551439273424,0.2748663261439011,0.2748663261439011,0.2998930609151209,0.3729607783494502,0.3729607783494502,0
164,1,0.09995705634355545,0.05064829026038252,0.6798350856321632,0.4800939423245705,97.29729729729729,100.0,0.41847645967550196,0.6798350856321632,0.6798350856321632,0.6238680685057305,0.4800939423245705,0.4800939423245705,0
165,10,0.04366904869675636,0.05161932689137581,0.0,0.15629361560399227,99.57081545064378,100.0,0.1889908794342747,-0.16725653589694278,0.0,0.08,0.15629361560399227,0.15629361560399227,0
165,3,0.08661191165447235,0.05161932689137581,0.5175411212955258,0.43486619326986636,98.94736842105263,100.0,0.40950903451277165,0.5175411212955258,0.5175411212955258,0.49403289703642067,0.43486619326986636,0.43486619326986636,0
165,15,0.061582569032907486,0.05161932689137581,0.1764826743897466,0.2635499115486353,99.21875,100.0,0.28170581385013727,0.1764826743897466,0.1764826743897466,0.22118613951179728,0.2635499115486353,0.2635499115486353,0
165,5,0.3273393511772156,0.05161932689137581,0.7,0.6399999999999997,91.40625,100.0,0.6399999999999997,1.847101086273795,0.7,0.6399999999999999,0.6399999999999997,0.6399999999999997,0
165,13,0.04230814427137375,0.05161932689137581,0.0,0.20833265801290418,99.375,100.0,0.26333236858986314,-0.1989165083977561,0.0,0.08,0.20833265801290418,0.20833265801290418,0
165,11,0.03489051014184952,0.05161932689137581,0.0,0.08525188004906616,98.4375,100.0,0.08750268578438022,-0.3916811851075545,0.0,0.08,0.08525188004906616,0.08525188004906616,0
165,19,0.0117406714707613,0.05161932689137581,0.0,0.08036281993236391,98.4375,100.0,0.08051831418909132,-1.4808364886161622,0.0,0.08,0.08036281993236391,0.08036281993236391,0
165,2,0.057280682027339935,0.05161932689137581,0.10406725581761568,0.3909674711575538,98.36065573770492,100.0,0.4885590425161801,0.10406725581761568,0.10406725581761568,0.16325380465409256,0.3909674711575538,0.3909674711575538,0
165,16,0.006396541837602854,0.05161932689137581,0.0,0.07999999999999996,100.0,100.0,0.07999999999999996,-2.088137278445217,0.0,0.08,0.07999999999999996,0.07999999999999996,0
165,18,0.04553261771798134,0.05161932689137581,0.0,0.15548525345740752,97.265625,100.0,0.18783607636772504,-0.12546718657301606,0.0,0.08,0.15548525345740752,0.15548525345740752,0
165,0,0.04009457677602768,0.05161932689137581,0.0,0.15335997457735073,96.95431472081218,100.0,0.18479996368192964,-0.25265501616106795,0.0,0.08,0.15335997457735073,0.15335997457735073,0
165,6,0.045999810099601746,0.05161932689137581,0.0,0.10787541201370227,96.80851063829788,100.0,0.11982201716243182,-0.1152588626414594,0.0,0.08,0.10787541201370227,0.10787541201370227,0
165,9,0.028634337708353996,0.05161932689137581,0.0,0.08067534283071735,99.609375,100.0,0.08096477547245337,-0.5892893821814916,0.0,0.08,0.08067534283071735,0.08067534283071735,0
165,17,0.07026798278093338,0.05161932689137581,0.30842005217025686,0.1879739882887818,98.046875,100.0,0.12850453681131452,0.30842005217025686,0.30842005217025686,0.3267360417362055,0.1879739882887818,0.1879739882887818,0
165,12,0.026561135426163673,0.05161932689137581,0.0,0.14933353298101548,98.828125,100.0,0.17904790425859357,-0.6644468985812714,0.0,0.08,0.14933353298101548,0.14933353298101548,0
165,4,0.10704722255468369,0.05161932689137581,0.7,0.4530725448446151,97.9020979020979,100.0,0.3729607783494502,0.7293738145622476,0.7,0.6399999999999999,0.4530725448446151,0.4530725448446151,0
165,8,0.02736823633313179,0.05161932689137581,0.0,0.08120285408597155,99.21875,100.0,0.08171836297995938,-0.6345128998377522,0.0,0.08,0.08120285408597155,0.08120285408597155,0
165,1,0.19583170115947723,0.05161932689137581,0.7,0.5280657596271993,100.0,100.0,0.4800939423245705,1.3333593256302452,0.7,0.6399999999999999,0.5280657596271993,0.5280657596271993,0
165,7,0.020540380850434303,0.05161932689137581,0.0,0.14914895004331413,98.94736842105263,100.0,0.17878421434759162,-0.9215031151797315,0.0,0.08,0.14914895004331413,0.14914895004331413,0
165,14,0.02628823183476925,0.05161932689137581,0.0,0.17334960019403223,97.265625,100.0,0.21335657170576033,-0.6747745875562505,0.0,0.08,0.17334960019403223,0.17334960019403223,0
166,2,0.04344913735985756,0.05075625385064473,0.0,0.29767722981028766,96.72131147540983,100.0,0.3909674711575538,-0.15544380789372725,0.0,0.08,0.29767722981028766,0.29767722981028766,0
166,19,0.014519882388412952,0.05075625385064473,0.0,0.08025397395265474,99.609375,100.0,0.08036281993236391,-1.2515154378311872,0.0,0.08,0.08025397395265474,0.08025397395265474,0
166,5,0.2800444960594177,0.05075625385064473,0.7,0.6399999999999997,94.140625,100.0,0.6399999999999997,1.707913504816161,0.7,0.6399999999999999,0.6399999999999997,0.6399999999999997,0
166,13,0.05252324789762497,0.05075625385064473,0.03422104313845506,0.17804591096226213,100.0,100.0,0.20833265801290418,0.03422104313845506,0.03422104313845506,0.10737683451076405,0.17804591096226213,0.17804591096226213,0
166,3,0.09309994429349899,0.05075625385064473,0.6066386574089923,0.47399961306706456,97.36842105263158,100.0,0.43486619326986636,0.6066386574089923,0.6066386574089923,0.5653109259271938,0.47399961306706456,0.47399961306706456,0
166,4,0.06430311501026154,0.05075625385064473,0.2365731945991913,0.39792834809503647,95.8041958041958,100.0,0.4530725448446151,0.2365731945991913,0.2365731945991913,0.26925855567935303,0.39792834809503647,0.39792834809503647,0
166,9,0.011118993163108826,0.05075625385064473,0.0,0.08047273998150214,99.609375,100.0,0.08067534283071735,-1.5183793947351614,0.0,0.08,0.08047273998150214,0.08047273998150214,0
166,17,0.052899204194545746,0.05075625385064473,0.041353448274426635,0.16550661938800965,96.875,100.0,0.1879739882887818,0.041353448274426635,0.041353448274426635,0.11308275861954131,0.16550661938800965,0.16550661938800965,0
166,8,0.07610645890235901,0.05075625385064473,0.4050982306080878,0.17806557320612115,99.609375,100.0,0.08120285408597155,0.4050982306080878,0.4050982306080878,0.40407858448647027,0.17806557320612115,0.17806557320612115,0
166,7,0.052458085119724274,0.05075625385064473,0.032979626745992655,0.13631937544935813,97.89473684210526,100.0,0.14914895004331413,0.032979626745992655,0.032979626745992655,0.10638370139679412,0.13631937544935813,0.13631937544935813,0
166,11,0.03247244656085968,0.05075625385064473,0.0,0.0836763160343463,98.828125,100.0,0.08525188004906616,-0.44664279635649135,0.0,0.08,0.0836763160343463,0.0836763160343463,0
166,6,0.020251736044883728,0.05075625385064473,0.0,0.09951278840959157,98.93617021276596,100.0,0.10787541201370227,-0.9187940216599105,0.0,0.08,0.09951278840959157,0.09951278840959157,0
166,1,0.0931115448474884,0.05075625385064473,0.6067632528656097,0.5392692124267858,97.29729729729729,100.0,0.5280657596271993,0.6067632528656097,0.6067632528656097,0.5654106022924877,0.5392692124267858,0.5392692124267858,0
166,12,0.06924628466367722,0.05075625385064473,0.3106346010401663,0.20308577733635075,98.046875,100.0,0.14933353298101548,0.3106346010401663,0.3106346010401663,0.32850768083213305,0.20308577733635075,0.20308577733635075,0
166,10,0.024684909731149673,0.05075625385064473,0.0,0.13340553092279459,98.71244635193133,100.0,0.15629361560399227,-0.7208425159542663,0.0,0.08,0.13340553092279459,0.13340553092279459,0
166,0,0.08221440017223358,0.05075625385064473,0.4822955569952963,0.24710291588301664,98.4771573604061,100.0,0.15335997457735073,0.4822955569952963,0.4822955569952963,0.4658364455962371,0.24710291588301664,0.24710291588301664,0
166,14,0.0553838349878788,0.05075625385064473,0.08725290857669486,0.16628541819422932,97.265625,100.0,0.17334960019403223,0.08725290857669486,0.08725290857669486,0.1498023268613559,0.16628541819422932,0.16628541819422932,0
166,16,0.007066704798489809,0.05075625385064473,0.0,0.07999999999999996,99.21875,100.0,0.07999999999999996,-1.971639331840338,0.0,0.08,0.07999999999999996,0.07999999999999996,0
166,15,0.05431443825364113,0.05075625385064473,0.06775523763147318,0.22474619511559824,98.4375,100.0,0.2635499115486353,0.06775523763147318,0.06775523763147318,0.13420419010517853,0.22474619511559824,0.22474619511559824,0
166,18,0.07158087939023972,0.05075625385064473,0.34379309444873746,0.21535002008788223,96.875,100.0,0.15548525345740752,0.34379309444873746,0.34379309444873746,0.35503447555899,0.21535002008788223,0.21535002008788223,0
167,13,0.0959954708814621,0.0510413105879896,0.6316656039174202,0.3002318826137643,97.5,100.0,0.17804591096226213,0.6316656039174202,0.6316656039174202,0.5853324831339362,0.3002318826137643,0.3002318826137643,0
167,18,0.038472454994916916,0.0510413105879896,0.0,0.17474501406151755,97.65625,100.0,0.21535002008788223,-0.2826927218083474,0.0,0.08,0.17474501406151755,0.17474501406151755,0
167,3,0.1306055188179016,0.0510413105879896,0.7,0.5237997291469452,96.84210526315789,100.0,0.47399961306706456,0.939546037636186,0.7,0.6399999999999999,0.5237997291469452,0.5237997291469452,0
167,10,0.016481788828969002,0.0510413105879896,0.0,0.1173838716459562,98.71244635193133,100.0,0.13340553092279459,-1.1303788415230391,0.0,0.08,0.1173838716459562,0.1173838716459562,0
167,7,0.03234587609767914,0.0510413105879896,0.0,0.11942356281455069,97.89473684210526,100.0,0.13631937544935813,-0.45614866797225506,0.0,0.08,0.11942356281455069,0.11942356281455069,0
167,16,0.021476078778505325,0.0510413105879896,0.0,0.07999999999999996,100.0,100.0,0.07999999999999996,-0.865695345891845,0.0,0.08,0.07999999999999996,0.07999999999999996,0
167,19,0.026639467105269432,0.0510413105879896,0.0,0.08017778176685832,99.21875,100.0,0.08025397395265474,-0.6502412949919806,0.0,0.08,0.08017778176685832,0.08017778176685832,0
167,6,0.05072910338640213,0.0510413105879896,0.0,0.09365895188671411,97.87234042553192,100.0,0.09951278840959157,-0.006135537971291435,0.0,0.08,0.09365895188671411,0.09365895188671411,0
167,15,0.05970970541238785,0.0510413105879896,0.15685923209326072,0.21896855228330134,96.875,100.0,0.22474619511559824,0.15685923209326072,0.15685923209326072,0.20548738567460856,0.21896855228330134,0.21896855228330134,0
167,11,0.044176094233989716,0.0510413105879896,0.0,0.0825734212240424,98.828125,100.0,0.0836763160343463,-0.14445149758969517,0.0,0.08,0.0825734212240424,0.0825734212240424,0
167,5,0.27642107009887695,0.0510413105879896,0.7,0.6399999999999997,91.796875,100.0,0.6399999999999997,1.6892898433328896,0.7,0.6399999999999999,0.6399999999999997,0.6399999999999997,0
167,4,0.05809767171740532,0.0510413105879896,0.1294902491771067,0.33362750346903114,99.3006993006993,100.0,0.39792834809503647,0.1294902491771067,0.1294902491771067,0.18359219934168536,0.33362750346903114,0.33362750346903114,0
167,8,0.024392351508140564,0.0510413105879896,0.0,0.1486459012442848,100.0,100.0,0.17806557320612115,-0.7383654819481618,0.0,0.08,0.1486459012442848,0.1486459012442848,0
167,14,0.03648072108626366,0.0510413105879896,0.0,0.1403997927359605,98.4375,100.0,0.16628541819422932,-0.3358513065437626,0.0,0.08,0.1403997927359605,0.1403997927359605,0
167,17,0.05182085186243057,0.0510413105879896,0.015157294553996482,0.1434923842645659,97.265625,100.0,0.16550661938800965,0.015157294553996482,0.015157294553996482,0.0921258356431972,0.1434923842645659,0.1434923842645659,0
167,2,0.09790430217981339,0.0510413105879896,0.6513550830560018,0.38869928080064176,98.36065573770492,100.0,0.29767722981028766,0.6513550830560018,0.6513550830560018,0.6010840664448014,0.38869928080064176,0.38869928080064176,0
167,0,0.02836810052394867,0.0510413105879896,0.0,0.19697204111811162,97.46192893401015,100.0,0.24710291588301664,-0.5873698668884137,0.0,0.08,0.19697204111811162,0.19697204111811162,0
167,1,0.09916852414608002,0.0510413105879896,0.6641852555744797,0.5608929100366251,94.5945945945946,100.0,0.5392692124267858,0.6641852555744797,0.6641852555744797,0.6113482044595837,0.5608929100366251,0.5608929100366251,0
167,9,0.025827009230852127,0.0510413105879896,0.0,0.0803309179870515,100.0,100.0,0.08047273998150214,-0.6812143113446768,0.0,0.08,0.0803309179870515,0.0803309179870515,0
167,12,0.031156031414866447,0.0510413105879896,0.0,0.1661600441354455,99.609375,100.0,0.20308577733635075,-0.49362733995995506,0.0,0.08,0.1661600441354455,0.1661600441354455,0
168,5,0.20403671264648438,0.05006960699063598,0.7,0.6399999999999997,92.1875,100.0,0.6399999999999997,1.404885613782203,0.7,0.6399999999999999,0.6399999999999997,0.6399999999999997,0
168,16,0.009837621822953224,0.05006960699063598,0.0,0.07999999999999996,99.609375,100.0,0.07999999999999996,-1.627199363134772,0.0,0.08,0.07999999999999996,0.07999999999999996,0
168,17,0.03427567332983017,0.05006960699063598,0.0,0.12444466898519613,98.046875,100.0,0.1434923842645659,-0.3789782149013461,0.0,0.08,0.12444466898519613,0.12444466898519613,0
168,18,0.030375422909855843,0.05006960699063598,0.0,0.14632150984306228,97.65625,100.0,0.17474501406151755,-0.49978022309910947,0.0,0.08,0.14632150984306228,0.14632150984306228,0
168,6,0.041924916207790375,0.05006960699063598,0.0,0.08956126632069988,98.93617021276596,100.0,0.09365895188671411,-0.1775338292272697,0.0,0.08,0.08956126632069988,0.08956126632069988,0
168,13,0.03657245635986328,0.05006960699063598,0.0,0.234162317829635,99.375,100.0,0.3002318826137643,-0.3141187047854443,0.0,0.08,0.234162317829635,0.234162317829635,0
168,2,0.044846437871456146,0.05006960699063598,0.0,0.29608949656044925,96.72131147540983,100.0,0.38869928080064176,-0.11016999165677871,0.0,0.08,0.29608949656044925,0.29608949656044925,0
168,12,0.03883806988596916,0.05006960699063598,0.0,0.14031203089481184,98.828125,100.0,0.1661600441354455,-0.254013171143033,0.0,0.08,0.14031203089481184,0.14031203089481184,0
168,7,0.04864080995321274,0.05006960699063598,0.0,0.10759649397018548,100.0,100.0,0.11942356281455069,-0.02895128172803844,0.0,0.08,0.10759649397018548,0.10759649397018548,0
168,9,0.03119361400604248,0.05006960699063598,0.0,0.08023164259093604,100.0,100.0,0.0803309179870515,-0.47320066168393865,0.0,0.08,0.08023164259093604,0.08023164259093604,0
168,14,0.04386543855071068,0.05006960699063598,0.0,0.12227985491517235,98.4375,100.0,0.1403997927359605,-0.13228741559785281,0.0,0.08,0.12227985491517235,0.12227985491517235,0
168,1,0.05042556673288345,0.05006960699063598,0.007084144379717503,0.41832523167676977,97.29729729729729,100.0,0.5608929100366251,0.007084144379717503,0.007084144379717503,0.085667315503774,0.41832523167676977,0.41832523167676977,0
168,8,0.03825387731194496,0.05006960699063598,0.0,0.12805213087099937,98.828125,100.0,0.1486459012442848,-0.26916919265546757,0.0,0.08,0.12805213087099937,0.12805213087099937,0
168,4,0.036107491701841354,0.05006960699063598,0.0,0.25753925242832176,99.3006993006993,100.0,0.33362750346903114,-0.3269137297087734,0.0,0.08,0.25753925242832176,0.25753925242832176,0
168,15,0.045666683465242386,0.05006960699063598,0.0,0.17727798659831093,96.875,100.0,0.21896855228330134,-0.09204515284461653,0.0,0.08,0.17727798659831093,0.17727798659831093,0
168,10,0.0435682088136673,0.05006960699063598,0.0,0.10616871015216933,99.57081545064378,100.0,0.1173838716459562,-0.13908641856757187,0.0,0.08,0.10616871015216933,0.10616871015216933,0
168,0,0.03554201126098633,0.05006960699063598,0.0,0.1618804287826781,97.96954314720813,100.0,0.19697204111811162,-0.34269868287816746,0.0,0.08,0.1618804287826781,0.1618804287826781,0
168,19,0.014876463450491428,0.05006960699063598,0.0,0.08012444723680082,98.828125,100.0,0.08017778176685832,-1.2136333748133408,0.0,0.08,0.08012444723680082,0.08012444723680082,0
168,11,0.022409958764910698,0.05006960699063598,0.0,0.08180139485682968,99.609375,100.0,0.0825734212240424,-0.8039084828241172,0.0,0.08,0.08180139485682968,0.08180139485682968,0
168,3,0.08074173331260681,0.05006960699063598,0.4778413300416164,0.5053417296128495,97.89473684210526,100.0,0.5237997291469452,0.4778413300416164,0.4778413300416164,0.46227306403329316,0.5053417296128495,0.5053417296128495,0
169,6,0.10355772078037262,0.04891724365146809,0.7,0.2546928864244899,97.87234042553192,100.0,0.08956126632069988,0.7499990728612291,0.7,0.6399999999999999,0.2546928864244899,0.2546928864244899,0
169,2,0.09247895330190659,0.04891724365146809,0.6368510252331049,0.3841068936482596,99.18032786885246,100.0,0.29608949656044925,0.6368510252331049,0.6368510252331049,0.5894808201864838,0.3841068936482596,0.3841068936482596,0
169,1,0.03948324918746948,0.04891724365146809,0.0,0.31682766217373887,100.0,100.0,0.41832523167676977,-0.2142534056253167,0.0,0.08,0.31682766217373887,0.31682766217373887,0
169,19,0.01780599169433117,0.04891724365146809,0.0,0.08008711306576057,98.828125,100.0,0.08012444723680082,-1.0105945953508524,0.0,0.08,0.08008711306576057,0.08008711306576057,0
169,16,0.0156003562733531,0.04891724365146809,0.0,0.07999999999999996,99.21875,100.0,0.07999999999999996,-1.1428357766164383,0.0,0.08,0.07999999999999996,0.07999999999999996,0
169,5,0.17306146025657654,0.04891724365146809,0.7,0.6399999999999997,94.140625,100.0,0.6399999999999997,1.263516681131569,0.7,0.6399999999999999,0.6399999999999997,0.6399999999999997,0
169,12,0.046346504241228104,0.04891724365146809,0.0,0.12221842162636828,98.828125,100.0,0.14031203089481184,-0.05398408562507916,0.0,0.08,0.12221842162636828,0.12221842162636828,0
169,8,0.07973387092351913,0.04891724365146809,0.48856443149727574,0.23089195516904573,98.828125,100.0,0.12805213087099937,0.48856443149727574,0.48856443149727574,0.47085154519782063,0.23089195516904573,0.23089195516904573,0
169,10,0.05360066145658493,0.04891724365146809,0.0914314255159869,0.12026163923035539,98.71244635193133,100.0,0.10616871015216933,0.0914314255159869,0.0914314255159869,0.15314514041278954,0.12026163923035539,0.12026163923035539,0
169,4,0.05864535644650459,0.04891724365146809,0.18137839885149157,0.2478082924241832,97.2027972027972,100.0,0.25753925242832176,0.18137839885149157,0.18137839885149157,0.22510271908119328,0.2478082924241832,0.2478082924241832,0
169,3,0.08140290528535843,0.04891724365146809,0.5092809170262229,0.49996663081528814,94.73684210526316,100.0,0.5053417296128495,0.5092809170262229,0.5092809170262229,0.4874247336209784,0.49996663081528814,0.49996663081528814,0
169,15,0.04534752294421196,0.04891724365146809,0.0,0.14809459061881763,98.4375,100.0,0.17727798659831093,-0.0757743949241415,0.0,0.08,0.14809459061881763,0.14809459061881763,0
169,18,0.03071514517068863,0.04891724365146809,0.0,0.12642505689014358,98.828125,100.0,0.14632150984306228,-0.46537398310282235,0.0,0.08,0.12642505689014358,0.12642505689014358,0
169,7,0.012090743519365788,0.04891724365146809,0.0,0.09931754577912982,98.94736842105263,100.0,0.10759649397018548,-1.397689181136163,0.0,0.08,0.09931754577912982,0.09931754577912982,0
169,11,0.033845335245132446,0.04891724365146809,0.0,0.08126097639978078,98.828125,100.0,0.08180139485682968,-0.3683286909767321,0.0,0.08,0.08126097639978078,0.08126097639978078,0
169,14,0.06848551332950592,0.04891724365146809,0.33649221502031856,0.1903540300454971,98.046875,100.0,0.12227985491517235,0.33649221502031856,0.33649221502031856,0.3491937720162549,0.1903540300454971,0.1903540300454971,0
169,13,0.07175836712121964,0.04891724365146809,0.38317443246979305,0.27987548627349484,98.125,100.0,0.234162317829635,0.38317443246979305,0.38317443246979305,0.38653954597583445,0.27987548627349484,0.27987548627349484,0
169,0,0.04233303293585777,0.04891724365146809,0.0,0.13731630014787466,97.46192893401015,100.0,0.1618804287826781,-0.14456223167333102,0.0,0.08,0.13731630014787466,0.13731630014787466,0
169,17,0.039755191653966904,0.04891724365146809,0.0,0.11111126828963727,98.828125,100.0,0.12444466898519613,-0.20738947789908366,0.0,0.08,0.11111126828963727,0.11111126828963727,0
169,9,0.01499426644295454,0.04891724365146809,0.0,0.08016214981365523,99.21875,100.0,0.08023164259093604,-1.1824616118414197,0.0,0.08,0.08016214981365523,0.08016214981365523,0
170,16,0.02641463279724121,0.04861022064559328,0.0,0.07999999999999996,99.609375,100.0,0.07999999999999996,-0.6099155080632257,0.0,0.08,0.07999999999999996,0.07999999999999996,0
170,18,0.03184133023023605,0.04861022064559328,0.0,0.11249753982310051,96.09375,100.0,0.12642505689014358,-0.4230685631154293,0.0,0.08,0.11249753982310051,0.11249753982310051,0
170,17,0.04364338517189026,0.04861022064559328,0.0,0.10177788780274608,97.65625,100.0,0.11111126828963727,-0.10778205838607492,0.0,0.08,0.10177788780274608,0.10177788780274608,0
170,1,0.09653215855360031,0.04861022064559328,0.6860422898183531,0.4104295130780219,100.0,100.0,0.31682766217373887,0.6860422898183531,0.6860422898183531,0.6288338318546824,0.4104295130780219,0.4104295130780219,0
170,11,0.04006936773657799,0.04861022064559328,0.0,0.08088268347984653,98.4375,100.0,0.08126097639978078,-0.19322162074552177,0.0,0.08,0.08088268347984653,0.08088268347984653,0
170,4,0.06006134673953056,0.04861022064559328,0.2115326361719055,0.24823363737818557,95.8041958041958,100.0,0.2478082924241832,0.2115326361719055,0.2115326361719055,0.24922610893752445,0.24823363737818557,0.24823363737818557,0
170,0,0.07588596642017365,0.04861022064559328,0.445397887569144,0.2270169031201068,98.98477157360406,100.0,0.13731630014787466,0.445397887569144,0.445397887569144,0.43631831005531524,0.2270169031201068,0.2270169031201068,0
170,3,0.1442553699016571,0.04861022064559328,0.7,0.5419766415707017,96.3157894736842,100.0,0.49996663081528814,1.0877511845075665,0.7,0.6399999999999999,0.5419766415707017,0.5419766415707017,0
170,5,0.21885612607002258,0.04861022064559328,0.7,0.6399999999999997,91.40625,100.0,0.6399999999999997,1.5045805851684877,0.7,0.6399999999999999,0.6399999999999997,0.6399999999999997,0
170,6,0.011598458513617516,0.04861022064559328,0.0,0.20228502049714292,100.0,100.0,0.2546928864244899,-1.4329609511557606,0.0,0.08,0.20228502049714292,0.20228502049714292,0
170,15,0.04895961284637451,0.04861022064559328,0.007161919009317805,0.1293850739954086,97.265625,100.0,0.14809459061881763,0.007161919009317805,0.007161919009317805,0.08572953520745424,0.1293850739954086,0.1293850739954086,0
170,10,0.025747861713171005,0.04861022064559328,0.0,0.10818314746124877,98.28326180257511,100.0,0.12026163923035539,-0.6354820440857097,0.0,0.08,0.10818314746124877,0.10818314746124877,0
170,14,0.045953527092933655,0.04861022064559328,0.0,0.15724782103184795,98.046875,100.0,0.1903540300454971,-0.05620319302949714,0.0,0.08,0.15724782103184795,0.15724782103184795,0
170,7,0.10965722799301147,0.04861022064559328,0.7,0.26152228204539085,100.0,100.0,0.09931754577912982,0.8135254667896118,0.7,0.6399999999999999,0.26152228204539085,0.26152228204539085,0
170,13,0.04401891678571701,0.04861022064559328,0.0,0.21991284039144637,98.75,100.0,0.27987548627349484,-0.09921432021461028,0.0,0.08,0.21991284039144637,0.21991284039144637,0
170,9,0.0113953473046422,0.04861022064559328,0.0,0.08011350486955865,98.828125,100.0,0.08016214981365523,-1.4506279973926364,0.0,0.08,0.08011350486955865,0.08011350486955865,0
170,19,0.028024401515722275,0.04861022064559328,0.0,0.08006097914603238,99.21875,100.0,0.08008711306576057,-0.5507580456730873,0.0,0.08,0.08006097914603238,0.08006097914603238,0
170,2,0.10467357188463211,0.04861022064559328,0.7,0.4608748255537817,99.18032786885246,100.0,0.3841068936482596,0.7670127481552311,0.7,0.6399999999999999,0.4608748255537817,0.4608748255537817,0
170,12,0.04322367161512375,0.04861022064559328,0.0,0.10955289513845778,99.609375,100.0,0.12221842162636828,-0.1174454852773733,0.0,0.08,0.10955289513845778,0.10955289513845778,0
170,8,0.01844915561378002,0.04861022064559328,0.0,0.185624368618332,100.0,100.0,0.23089195516904573,-0.9688148705853807,0.0,0.08,0.185624368618332,0.185624368618332,0
171,1,0.05871748924255371,0.04813231367891432,0.19878383419743137,0.3590087793619988,97.29729729729729,100.0,0.4104295130780219,0.19878383419743137,0.19878383419743137,0.2390270673579451,0.3590087793619988,0.3590087793619988,0
171,3,0.07426127046346664,0.04813231367891432,0.43363573020643154,0.5074562243490348,98.42105263157895,100.0,0.5419766415707017,0.43363573020643154,0.43363573020643154,0.42690858416514527,0.5074562243490348,0.5074562243490348,0
171,0,0.03207968920469284,0.04813231367891432,0.0,0.18291183218407475,98.4771573604061,100.0,0.2270169031201068,-0.40573055482873455,0.0,0.08,0.18291183218407475,0.18291183218407475,0
171,19,0.02434941753745079,0.04813231367891432,0.0,0.08004268540222267,98.828125,100.0,0.08006097914603238,-0.6814456218741457,0.0,0.08,0.08004268540222267,0.08004268540222267,0
171,5,0.21110133826732635,0.04813231367891432,0.7,0.6399999999999997,88.28125,100.0,0.6399999999999997,1.478384380328699,0.7,0.6399999999999999,0.6399999999999997,0.6399999999999997,0
171,11,0.0326785147190094,0.04813231367891432,0.0,0.08061787843589258,96.875,100.0,0.08088268347984653,-0.3872358356351224,0.0,0.08,0.08061787843589258,0.08061787843589258,0
171,2,0.1340334564447403,0.04813231367891432,0.7,0.5146123778876471,97.54098360655738,100.0,0.4608748255537817,1.0241355569855173,0.7,0.6399999999999999,0.5146123778876471,0.5146123778876471,0
171,14,0.11370088905096054,0.04813231367891432,0.7,0.3020734747222935,96.875,100.0,0.15724782103184795,0.8596173465748662,0.7,0.6399999999999999,0.3020734747222935,0.3020734747222935,0
171,7,0.055244989693164825,0.04813231367891432,0.13782387164028634,0.2401433266254423,100.0,100.0,0.26152228204539085,0.13782387164028634,0.13782387164028634,0.19025909731222906,0.2401433266254423,0.2401433266254423,0
171,8,0.05108078196644783,0.04813231367891432,0.05945457410657395,0.16820615581841014,98.4375,100.0,0.185624368618332,0.05945457410657395,0.05945457410657395,0.12756365928525915,0.16820615581841014,0.16820615581841014,0
171,9,0.028102753683924675,0.04813231367891432,0.0,0.08007945340869105,98.828125,100.0,0.08011350486955865,-0.5380860381261952,0.0,0.08,0.08007945340869105,0.08007945340869105,0
171,6,0.033570826053619385,0.04813231367891432,0.0,0.16559951434800002,97.87234042553192,100.0,0.20228502049714292,-0.36029624590433623,0.0,0.08,0.16559951434800002,0.16559951434800002,0
171,12,0.06748771667480469,0.04813231367891432,0.3379917929352417,0.18180505690137844,97.265625,100.0,0.10955289513845778,0.3379917929352417,0.3379917929352417,0.35039343434819337,0.18180505690137844,0.18180505690137844,0
171,18,0.04897339642047882,0.04813231367891432,0.017323463298052566,0.10690590906770296,96.875,100.0,0.11249753982310051,0.017323463298052566,0.017323463298052566,0.09385877063844206,0.10690590906770296,0.10690590906770296,0
171,17,0.04957279935479164,0.04813231367891432,0.02948852355227512,0.10232176711446828,98.046875,100.0,0.10177788780274608,0.02948852355227512,0.02948852355227512,0.1035908188418201,0.10232176711446828,0.10232176711446828,0
171,16,0.008663457818329334,0.04813231367891432,0.0,0.07999999999999996,99.609375,100.0,0.07999999999999996,-1.7148388780358663,0.0,0.08,0.07999999999999996,0.07999999999999996,0
171,10,0.0848536416888237,0.04813231367891432,0.5669740663760175,0.23580197915311832,98.71244635193133,100.0,0.10818314746124877,0.5669740663760175,0.5669740663760175,0.533579253100814,0.23580197915311832,0.23580197915311832,0
171,13,0.07432232052087784,0.04813231367891432,0.4344574905667067,0.2822087860100221,97.5,100.0,0.21991284039144637,0.4344574905667067,0.4344574905667067,0.4275659924533654,0.2822087860100221,0.2822087860100221,0
171,15,0.028363941237330437,0.04813231367891432,0.0,0.11456955179678602,98.046875,100.0,0.1293850739954086,-0.5288349451051416,0.0,0.08,0.11456955179678602,0.11456955179678602,0
171,4,0.11116082221269608,0.04813231367891432,0.7,0.36576354616472984,96.5034965034965,100.0,0.24823363737818557,0.8370241300956586,0.7,0.6399999999999999,0.36576354616472984,0.36576354616472984,0
172,15,0.04924637824296951,0.048635370894003514,0.012484761785002357,0.10719502908615076,97.65625,100.0,0.11456955179678602,0.012484761785002357,0.012484761785002357,0.08998780942800189,0.10719502908615076,0.10719502908615076,0
172,18,0.05812975764274597,0.048635370894003514,0.17832661652915124,0.14163252431438839,97.65625,100.0,0.10690590906770296,0.17832661652915124,0.17832661652915124,0.222661293223321,0.14163252431438839,0.14163252431438839,0
172,5,0.22553153336048126,0.048635370894003514,0.7,0.6399999999999997,90.234375,100.0,0.6399999999999997,1.5341087630490302,0.7,0.6399999999999999,0.6399999999999997,0.6399999999999997,0
172,10,0.06356219202280045,0.048635370894003514,0.2676677178817719,0.2533016376988081,98.28326180257511,100.0,0.23580197915311832,0.2676677178817719,0.2676677178817719,0.29413417430541755,0.2533016376988081,0.2533016376988081,0
172,6,0.0758802518248558,0.048635370894003514,0.4448053275971205,0.24667293866690893,100.0,100.0,0.16559951434800002,0.4448053275971205,0.4448053275971205,0.43584426207769644,0.24667293866690893,0.24667293866690893,0
172,11,0.016101833432912827,0.048635370894003514,0.0,0.08043251490512479,98.828125,100.0,0.08061787843589258,-1.10541750360121,0.0,0.08,0.08043251490512479,0.08043251490512479,0
172,4,0.07608244568109512,0.048635370894003514,0.4474664273573328,0.38742642488107076,97.2027972027972,100.0,0.36576354616472984,0.4474664273573328,0.4474664273573328,0.4379731418858663,0.38742642488107076,0.38742642488107076,0
172,12,0.05810493230819702,0.048635370894003514,0.17789945780974792,0.1939594097053044,98.4375,100.0,0.18180505690137844,0.17789945780974792,0.17789945780974792,0.22231956624779836,0.1939594097053044,0.1939594097053044,0
172,8,0.024629749357700348,0.048635370894003514,0.0,0.1417443090728871,99.21875,100.0,0.16820615581841014,-0.6803958261834042,0.0,0.08,0.1417443090728871,0.1417443090728871,0
172,0,0.03260863572359085,0.048635370894003514,0.0,0.15203828252885232,98.4771573604061,100.0,0.18291183218407475,-0.3997738085189887,0.0,0.08,0.15203828252885232,0.15203828252885232,0
172,13,0.03911898285150528,0.048635370894003514,0.0,0.22154615020701543,98.75,100.0,0.2822087860100221,-0.21774316824527398,0.0,0.08,0.22154615020701543,0.22154615020701543,0
172,9,0.02566101960837841,0.048635370894003514,0.0,0.08005561738608373,99.21875,100.0,0.08007945340869105,-0.6393777845590736,0.0,0.08,0.08005561738608373,0.08005561738608373,0
172,17,0.03705066069960594,0.048635370894003514,0.0,0.09562523698012779,98.4375,100.0,0.10232176711446828,-0.27206481384409553,0.0,0.08,0.09562523698012779,0.09562523698012779,0
172,7,0.059072766453027725,0.048635370894003514,0.19441891499864716,0.23876086823748494,98.94736842105263,100.0,0.2401433266254423,0.19441891499864716,0.19441891499864716,0.23553513199891773,0.23876086823748494,0.23876086823748494,0
172,2,0.09051607549190521,0.048635370894003514,0.6211763071781926,0.5333109782441192,97.54098360655738,100.0,0.5146123778876471,0.6211763071781926,0.6211763071781926,0.5769410457425541,0.5333109782441192,0.5333109782441192,0
172,14,0.0779312402009964,0.048635370894003514,0.47147576236610034,0.34860561527346956,97.65625,100.0,0.3020734747222935,0.47147576236610034,0.47147576236610034,0.4571806098928803,0.34860561527346956,0.34860561527346956,0
172,16,0.005381713155657053,0.048635370894003514,0.0,0.07999999999999996,99.609375,100.0,0.07999999999999996,-2.2013426559281517,0.0,0.08,0.07999999999999996,0.07999999999999996,0
172,19,0.021347735077142715,0.048635370894003514,0.0,0.08002987978155587,99.609375,100.0,0.08004268540222267,-0.8234051508747003,0.0,0.08,0.08002987978155587,0.08002987978155587,0
172,3,0.06706834584474564,0.048635370894003514,0.32136106781636287,0.45634601332025143,96.84210526315789,100.0,0.5074562243490348,0.32136106781636287,0.32136106781636287,0.3370888542530903,0.45634601332025143,0.45634601332025143,0
172,1,0.05795877054333687,0.048635370894003514,0.17538080963036895,0.31739753986468766,97.29729729729729,100.0,0.3590087793619988,0.17538080963036895,0.17538080963036895,0.22030464770429514,0.31739753986468766,0.31739753986468766,0
173,19,0.02671186253428459,0.04957501894717986,0.0,0.0800209158470891,98.828125,100.0,0.08002987978155587,-0.6183791275347053,0.0,0.08,0.0800209158470891,0.0800209158470891,0
173,15,0.030985960736870766,0.04957501894717986,0.0,0.09903652036030552,97.65625,100.0,0.10719502908615076,-0.46995271313725345,0.0,0.08,0.09903652036030552,0.09903652036030552,0
173,12,0.03304469212889671,0.04957501894717986,0.0,0.15977158679371306,98.828125,100.0,0.1939594097053044,-0.40562600353581313,0.0,0.08,0.15977158679371306,0.15977158679371306,0
173,2,0.06003588065505028,0.04957501894717986,0.19145530265688057,0.4432669574085348,97.54098360655738,100.0,0.5333109782441192,0.19145530265688057,0.19145530265688057,0.23316424212550446,0.4432669574085348,0.4432669574085348,0
173,8,0.025929786264896393,0.04957501894717986,0.0,0.12322101635102095,98.828125,100.0,0.1417443090728871,-0.6480945159120948,0.0,0.08,0.12322101635102095,0.12322101635102095,0
173,9,0.019126003608107567,0.04957501894717986,0.0,0.0800389321702586,100.0,100.0,0.08005561738608373,-0.9524378808875628,0.0,0.08,0.0800389321702586,0.0800389321702586,0
173,1,0.1270778328180313,0.04957501894717986,0.7,0.41417827790528133,91.89189189189189,100.0,0.31739753986468766,0.9413125759528598,0.7,0.6399999999999999,0.41417827790528133,0.41417827790528133,0
173,7,0.0757843405008316,0.04957501894717986,0.4244045552478217,0.29298970102571664,96.84210526315789,100.0,0.23876086823748494,0.4244045552478217,0.4244045552478217,0.41952364419825744,0.29298970102571664,0.29298970102571664,0
173,5,0.19426345825195312,0.04957501894717986,0.7,0.6399999999999997,94.921875,100.0,0.6399999999999997,1.3657280631621174,0.7,0.6399999999999999,0.6399999999999997,0.6399999999999997,0
173,10,0.03044145181775093,0.04957501894717986,0.0,0.20131114638916564,99.14163090128756,100.0,0.2533016376988081,-0.48768170354990026,0.0,0.08,0.20131114638916564,0.20131114638916564,0
173,11,0.05999203026294708,0.04957501894717986,0.19072463282497198,0.12607667231158062,100.0,100.0,0.08043251490512479,0.19072463282497198,0.19072463282497198,0.2325797062599776,0.12607667231158062,0.12607667231158062,0
173,3,0.0742773488163948,0.04957501894717986,0.40431892040999184,0.44047875022257404,96.84210526315789,100.0,0.45634601332025143,0.40431892040999184,0.40431892040999184,0.4034551363279935,0.44047875022257404,0.44047875022257404,0
173,16,0.00690464535728097,0.04957501894717986,0.0,0.07999999999999996,99.609375,100.0,0.07999999999999996,-1.9712913847488824,0.0,0.08,0.07999999999999996,0.07999999999999996,0
173,4,0.06453676521778107,0.04957501894717986,0.2637479614258896,0.35849800815896304,97.2027972027972,100.0,0.38742642488107076,0.2637479614258896,0.2637479614258896,0.2909983691407117,0.35849800815896304,0.35849800815896304,0
173,14,0.03453996777534485,0.04957501894717986,0.0,0.26802393069142866,98.828125,100.0,0.34860561527346956,-0.36136982904104625,0.0,0.08,0.26802393069142866,0.26802393069142866,0
173,17,0.04339911788702011,0.04957501894717986,0.0,0.09093766588608945,98.4375,100.0,0.09562523698012779,-0.13304791217715956,0.0,0.08,0.09093766588608945,0.09093766588608945,0
173,6,0.03820982202887535,0.04957501894717986,0.0,0.19667105706683624,100.0,100.0,0.24667293866690893,-0.26039439286242294,0.0,0.08,0.19667105706683624,0.19667105706683624,0
173,13,0.040684353560209274,0.04957501894717986,0.0,0.17908230514491078,98.75,100.0,0.22154615020701543,-0.19764342739279653,0.0,0.08,0.17908230514491078,0.17908230514491078,0
173,18,0.025332992896437645,0.04957501894717986,0.0,0.12314276702007187,97.265625,100.0,0.14163252431438839,-0.6713792503410126,0.0,0.08,0.12314276702007187,0.12314276702007187,0
173,0,0.051562950015068054,0.04957501894717986,0.039316327246959326,0.13986271630946684,97.96954314720813,100.0,0.15203828252885232,0.039316327246959326,0.039316327246959326,0.11145306179756746,0.13986271630946684,0.13986271630946684,0
174,19,0.07837045192718506,0.048562225831916106,0.47860090687276347,0.1948788587424256,98.828125,100.0,0.0800209158470891,0.47860090687276347,0.47860090687276347,0.4628807254982108,0.1948788587424256,0.1948788587424256,0
174,6,0.030684800818562508,0.048562225831916106,0.0,0.16166973994678535,100.0,100.0,0.19667105706683624,-0.45907841781054887,0.0,0.08,0.16166973994678535,0.16166973994678535,0
174,5,0.21231791377067566,0.048562225831916106,0.7,0.6399999999999997,93.359375,100.0,0.6399999999999997,1.4752386034035025,0.7,0.6399999999999999,0.6399999999999997,0.6399999999999997,0
174,9,0.020296907052397728,0.048562225831916106,0.0,0.08002725251918102,100.0,100.0,0.0800389321702586,-0.872377183184035,0.0,0.08,0.08002725251918102,0.08002725251918102,0
174,13,0.029423529282212257,0.048562225831916106,0.0,0.14935761360143754,97.5,100.0,0.17908230514491078,-0.5010511785101687,0.0,0.08,0.14935761360143754,0.14935761360143754,0
174,2,0.09513268619775772,0.048562225831916106,0.6724265307031884,0.4956692375547395,96.72131147540983,100.0,0.4432669574085348,0.6724265307031884,0.6724265307031884,0.6179412245625506,0.4956692375547395,0.4956692375547395,0
174,16,0.020378615707159042,0.048562225831916106,0.0,0.07999999999999996,99.21875,100.0,0.07999999999999996,-0.8683595962449121,0.0,0.08,0.07999999999999996,0.07999999999999996,0
174,14,0.04168356955051422,0.048562225831916106,0.0,0.21161675148400005,97.65625,100.0,0.26802393069142866,-0.15273891287077296,0.0,0.08,0.21161675148400005,0.21161675148400005,0
174,18,0.04840584099292755,0.048562225831916106,0.0,0.1101999369140503,98.046875,100.0,0.12314276702007187,-0.003225493658634008,0.0,0.08,0.1101999369140503,0.1101999369140503,0
174,0,0.03571091219782829,0.048562225831916106,0.0,0.12190390141662677,100.0,100.0,0.13986271630946684,-0.30738960244739183,0.0,0.08,0.12190390141662677,0.12190390141662677,0
174,10,0.03620385006070137,0.048562225831916106,0.0,0.16491780247241594,98.71244635193133,100.0,0.20131114638916564,-0.29368044370036994,0.0,0.08,0.16491780247241594,0.16491780247241594,0
174,15,0.0749429240822792,0.048562225831916106,0.4338807566596492,0.19745694585052967,98.4375,100.0,0.09903652036030552,0.4338807566596492,0.4338807566596492,0.4271046053277194,0.19745694585052967,0.19745694585052967,0
174,3,0.07834362983703613,0.048562225831916106,0.47825860085040967,0.44711718935990014,96.84210526315789,100.0,0.44047875022257404,0.47825860085040967,0.47825860085040967,0.4626068806803278,0.44711718935990014,0.44711718935990014,0
174,4,0.11415287852287292,0.048562225831916106,0.7,0.44294860571127415,99.3006993006993,100.0,0.35849800815896304,0.8546924889215801,0.7,0.6399999999999999,0.44294860571127415,0.44294860571127415,0
174,17,0.04599398374557495,0.048562225831916106,0.0,0.08765636612026262,98.046875,100.0,0.09093766588608945,-0.054335371142825314,0.0,0.08,0.08765636612026262,0.08765636612026262,0
174,12,0.061932556331157684,0.048562225831916106,0.24319996495718937,0.1942081023453246,98.828125,100.0,0.15977158679371306,0.24319996495718937,0.24319996495718937,0.2745599719657515,0.1942081023453246,0.1942081023453246,0
174,7,0.03663254901766777,0.048562225831916106,0.0,0.22909279071800162,98.94736842105263,100.0,0.29298970102571664,-0.2819087527557166,0.0,0.08,0.22909279071800162,0.22909279071800162,0
174,11,0.03474310040473938,0.048562225831916106,0.0,0.11225367061810643,99.609375,100.0,0.12607667231158062,-0.3348648977382205,0.0,0.08,0.11225367061810643,0.11225367061810643,0
174,8,0.0384405292570591,0.048562225831916106,0.0,0.11025471144571466,99.609375,100.0,0.12322101635102095,-0.23373357581523596,0.0,0.08,0.11025471144571466,0.11025471144571466,0
174,1,0.01706487499177456,0.048562225831916106,0.0,0.3139247945336969,97.29729729729729,100.0,0.41417827790528133,-1.045823345443843,0.0,0.08,0.3139247945336969,0.3139247945336969,0
175,17,0.0386175736784935,0.04771220818910316,0.0,0.08535945628418383,97.65625,100.0,0.08765636612026262,-0.21147980315829645,0.0,0.08,0.08535945628418383,0.08535945628418383,0
175,18,0.04171295836567879,0.04771220818910316,0.0,0.1011399558398352,98.046875,100.0,0.1101999369140503,-0.13437543917697753,0.0,0.08,0.1011399558398352,0.1011399558398352,0
175,16,0.004957232158631086,0.04771220818910316,0.0,0.07999999999999996,100.0,100.0,0.07999999999999996,-2.264337941919085,0.0,0.08,0.07999999999999996,0.07999999999999996,0
175,15,0.0535203255712986,0.04771220818910316,0.11487417420065148,0.18978966390352714,96.875,100.0,0.19745694585052967,0.11487417420065148,0.11487417420065148,0.1718993393605212,0.18978966390352714,0.18978966390352714,0
175,5,0.2512715458869934,0.04771220818910316,0.7,0.6399999999999997,89.84375,100.0,0.6399999999999997,1.6613467386517846,0.7,0.6399999999999999,0.6399999999999997,0.6399999999999997,0
175,8,0.010846799239516258,0.04771220818910316,0.0,0.10117829801200026,99.609375,100.0,0.11025471144571466,-1.4813165541870428,0.0,0.08,0.10117829801200026,0.10117829801200026,0
175,6,0.012395543046295643,0.04771220818910316,0.0,0.13716881796274974,96.80851063829788,100.0,0.16166973994678535,-1.3478497286256335,0.0,0.08,0.13716881796274974,0.13716881796274974,0
175,4,0.04963146522641182,0.04771220818910316,0.03943770203058907,0.3435290724852333,97.9020979020979,100.0,0.44294860571127415,0.03943770203058907,0.03943770203058907,0.11155016162447126,0.3435290724852333,0.3435290724852333,0
175,2,0.04970620200037956,0.04771220818910316,0.040942403622810264,0.3807946431577921,97.54098360655738,100.0,0.4956692375547395,0.040942403622810264,0.040942403622810264,0.1127539228982482,0.3807946431577921,0.3807946431577921,0
175,3,0.07521150261163712,0.04771220818910316,0.4551168008616202,0.44621006475871894,98.42105263157895,100.0,0.44711718935990014,0.4551168008616202,0.4551168008616202,0.4440934406892962,0.44621006475871894,0.44621006475871894,0
175,12,0.05407460778951645,0.04771220818910316,0.1251773920426523,0.18998824573196377,98.4375,100.0,0.1942081023453246,0.1251773920426523,0.1251773920426523,0.18014191363412185,0.18998824573196377,0.18998824573196377,0
175,11,0.028392914682626724,0.04771220818910316,0.0,0.10257756943267449,99.21875,100.0,0.11225367061810643,-0.519047528380976,0.0,0.08,0.10257756943267449,0.10257756943267449,0
175,10,0.010983229614794254,0.04771220818910316,0.0,0.13944246173069116,98.71244635193133,100.0,0.16491780247241594,-1.4688170721681204,0.0,0.08,0.13944246173069116,0.13944246173069116,0
175,0,0.046457402408123016,0.04771220818910316,0.0,0.10933273099163873,98.98477157360406,100.0,0.12190390141662677,-0.026651480872075754,0.0,0.08,0.10933273099163873,0.10933273099163873,0
175,14,0.07306260615587234,0.04771220818910316,0.42612931742975874,0.27440276222194215,98.046875,100.0,0.21161675148400005,0.42612931742975874,0.42612931742975874,0.420903453943807,0.27440276222194215,0.27440276222194215,0
175,1,0.022749274969100952,0.04771220818910316,0.0,0.24374735617358784,100.0,100.0,0.3139247945336969,-0.7406537966430545,0.0,0.08,0.24374735617358784,0.24374735617358784,0
175,13,0.02627394162118435,0.04771220818910316,0.0,0.12855032952100628,100.0,100.0,0.14935761360143754,-0.5966094958898432,0.0,0.08,0.12855032952100628,0.12855032952100628,0
175,19,0.03126323223114014,0.04771220818910316,0.0,0.1604152011196979,99.609375,100.0,0.1948788587424256,-0.42274447379482755,0.0,0.08,0.1604152011196979,0.1604152011196979,0
175,9,0.012359888292849064,0.04771220818910316,0.0,0.0800190767634267,98.828125,100.0,0.08002725251918102,-1.350730288354661,0.0,0.08,0.0800190767634267,0.0800190767634267,0
175,7,0.012620015069842339,0.04771220818910316,0.0,0.18436495350260113,97.89473684210526,100.0,0.22909279071800162,-1.3299026679885355,0.0,0.08,0.18436495350260113,0.18436495350260113,0
176,2,0.08573324978351593,0.04643502766567453,0.6131865494284139,0.43772102207327374,97.54098360655738,100.0,0.3807946431577921,0.6131865494284139,0.6131865494284139,0.5705492395427311,0.43772102207327374,0.43772102207327374,0
176,3,0.055832576006650925,0.04643502766567453,0.18430338117591424,0.3805798568133226,97.89473684210526,100.0,0.44621006475871894,0.18430338117591424,0.18430338117591424,0.22744270494073138,0.3805798568133226,0.3805798568133226,0
176,13,0.05046934634447098,0.04643502766567453,0.08331205066461934,0.13398012282421304,96.875,100.0,0.12855032952100628,0.08331205066461934,0.08331205066461934,0.1466496405316955,0.13398012282421304,0.13398012282421304,0
176,18,0.059653494507074356,0.04643502766567453,0.25049860160850734,0.1549176334739264,99.21875,100.0,0.1011399558398352,0.25049860160850734,0.25049860160850734,0.2803988812868059,0.1549176334739264,0.1549176334739264,0
176,15,0.09141983091831207,0.04643502766567453,0.6774082364069743,0.31943074147014283,98.828125,100.0,0.18978966390352714,0.6774082364069743,0.6774082364069743,0.6219265891255794,0.31943074147014283,0.31943074147014283,0
176,0,0.0517224557697773,0.04643502766567453,0.10783793175426737,0.12641401531517127,100.0,100.0,0.10933273099163873,0.10783793175426737,0.10783793175426737,0.1662703454034139,0.12641401531517127,0.12641401531517127,0
176,7,0.02112431824207306,0.04643502766567453,0.0,0.15305546745182078,100.0,100.0,0.18436495350260113,-0.7876289228301873,0.0,0.08,0.15305546745182078,0.15305546745182078,0
176,9,0.017875775694847107,0.04643502766567453,0.0,0.08001335373439869,99.609375,100.0,0.0800190767634267,-0.95460725380545,0.0,0.08,0.08001335373439869,0.08001335373439869,0
176,17,0.03345102816820145,0.04643502766567453,0.0,0.08375161939892867,98.828125,100.0,0.08535945628418383,-0.3279714738648159,0.0,0.08,0.08375161939892867,0.08375161939892867,0
176,5,0.2514917552471161,0.04643502766567453,0.7,0.6399999999999997,92.1875,100.0,0.6399999999999997,1.689355950071534,0.7,0.6399999999999999,0.6399999999999997,0.6399999999999997,0
176,1,0.2249879390001297,0.04643502766567453,0.7,0.36262314932151146,100.0,100.0,0.24374735617358784,1.5779925443945966,0.7,0.6399999999999999,0.36262314932151146,0.36262314932151146,0
176,12,0.0357288233935833,0.04643502766567453,0.0,0.15699177201237463,99.609375,100.0,0.18998824573196377,-0.2620962754871343,0.0,0.08,0.15699177201237463,0.15699177201237463,0
176,4,0.06454196572303772,0.04643502766567453,0.3292615021597581,0.3434931112580052,97.2027972027972,100.0,0.3435290724852333,0.3292615021597581,0.3292615021597581,0.3434092017278065,0.3434931112580052,0.3434931112580052,0
176,16,0.0104557815939188,0.04643502766567453,0.0,0.07999999999999996,100.0,100.0,0.07999999999999996,-1.490898251974345,0.0,0.08,0.07999999999999996,0.07999999999999996,0
176,19,0.024864355102181435,0.04643502766567453,0.0,0.13629064078378852,98.828125,100.0,0.1604152011196979,-0.6246186383305401,0.0,0.08,0.13629064078378852,0.13629064078378852,0
176,8,0.02750549092888832,0.04643502766567453,0.0,0.09482480860840017,99.609375,100.0,0.10117829801200026,-0.5236682779298178,0.0,0.08,0.09482480860840017,0.09482480860840017,0
176,10,0.049836430698633194,0.04643502766567453,0.07069216099913636,0.13857584185127653,99.57081545064378,100.0,0.13944246173069116,0.07069216099913636,0.07069216099913636,0.1365537287993091,0.13857584185127653,0.13857584185127653,0
176,6,0.01243877038359642,0.04643502766567453,0.0,0.1200181725739248,100.0,100.0,0.13716881796274974,-1.317235253775029,0.0,0.08,0.1200181725739248,0.1200181725739248,0
176,14,0.08945625275373459,0.04643502766567453,0.6556955251438871,0.3734488595898924,96.09375,100.0,0.27440276222194215,0.6556955251438871,0.6556955251438871,0.6045564201151097,0.3734488595898924,0.3734488595898924,0
176,11,0.015551420859992504,0.04643502766567453,0.0,0.09580429860287212,99.609375,100.0,0.10257756943267449,-1.0939016452642725,0.0,0.08,0.09580429860287212,0.09580429860287212,0
177,11,0.04466792196035385,0.04680681375126229,0.0,0.09106300902201048,99.609375,100.0,0.09580429860287212,-0.04677316059355305,0.0,0.08,0.09106300902201048,0.09106300902201048,0
177,18,0.04415278136730194,0.04680681375126229,0.0,0.13244234343174846,98.046875,100.0,0.1549176334739264,-0.05837284926692116,0.0,0.08,0.13244234343174846,0.13244234343174846,0
177,5,0.20517297089099884,0.04680681375126229,0.7,0.6399999999999997,95.703125,100.0,0.6399999999999997,1.4778244336101822,0.7,0.6399999999999999,0.6399999999999997,0.6399999999999997,0
177,0,0.03358577936887741,0.04680681375126229,0.0,0.11248981072061989,98.98477157360406,100.0,0.12641401531517127,-0.33192595688908955,0.0,0.08,0.11248981072061989,0.11248981072061989,0
177,7,0.031012186780571938,0.04680681375126229,0.0,0.13113882721627454,98.94736842105263,100.0,0.15305546745182078,-0.41164842730502865,0.0,0.08,0.13113882721627454,0.13113882721627454,0
177,13,0.06751443445682526,0.04680681375126229,0.36631256799269063,0.2057011022951949,98.125,100.0,0.13398012282421304,0.36631256799269063,0.36631256799269063,0.3730500543941525,0.2057011022951949,0.2057011022951949,0
177,3,0.06852927803993225,0.04680681375126229,0.3812322175703255,0.38190163198620397,99.47368421052632,100.0,0.3805798568133226,0.3812322175703255,0.3812322175703255,0.38498577405626044,0.38190163198620397,0.38190163198620397,0
177,8,0.031596291810274124,0.04680681375126229,0.0,0.09037736602588012,99.609375,100.0,0.09482480860840017,-0.39298891652202017,0.0,0.08,0.09037736602588012,0.09037736602588012,0
177,4,0.0537695437669754,0.04680681375126229,0.13867839291961329,0.29772799218131085,100.0,100.0,0.3434931112580052,0.13867839291961329,0.13867839291961329,0.19094271433569066,0.29772799218131085,0.29772799218131085,0
177,12,0.06827890127897263,0.04680681375126229,0.37757195390569276,0.22451150934602848,98.4375,100.0,0.15699177201237463,0.37757195390569276,0.37757195390569276,0.38205756312455424,0.22451150934602848,0.22451150934602848,0
177,15,0.059922538697719574,0.04680681375126229,0.24702387436729914,0.3068872488772518,96.09375,100.0,0.31943074147014283,0.24702387436729914,0.24702387436729914,0.27761909949383934,0.3068872488772518,0.3068872488772518,0
177,10,0.04068642482161522,0.04680681375126229,0.0,0.12100308929589357,99.14163090128756,100.0,0.13857584185127653,-0.14013425881912153,0.0,0.08,0.12100308929589357,0.12100308929589357,0
177,17,0.05252601578831673,0.04680681375126229,0.11527977711992385,0.11029328008803178,97.265625,100.0,0.08375161939892867,0.11527977711992385,0.11527977711992385,0.17222382169593908,0.11029328008803178,0.11029328008803178,0
177,16,0.009408283978700638,0.04680681375126229,0.0,0.07999999999999996,99.21875,100.0,0.07999999999999996,-1.6044373605416402,0.0,0.08,0.07999999999999996,0.07999999999999996,0
177,19,0.03406251221895218,0.04680681375126229,0.0,0.11940344854865195,99.609375,100.0,0.13629064078378852,-0.3178312742229845,0.0,0.08,0.11940344854865195,0.11940344854865195,0
177,14,0.05334055796265602,0.04680681375126229,0.13066816772023507,0.3167745619657811,96.875,100.0,0.3734488595898924,0.13066816772023507,0.13066816772023507,0.18453453417618806,0.3167745619657811,0.3167745619657811,0
177,6,0.013763398863375187,0.04680681375126229,0.0,0.10801272080174737,98.93617021276596,100.0,0.1200181725739248,-1.22401545995844,0.0,0.08,0.10801272080174737,0.10801272080174737,0
177,2,0.10214576870203018,0.04680681375126229,0.7,0.4984047154512916,95.90163934426229,100.0,0.43772102207327374,0.780371996961116,0.7,0.6399999999999999,0.4984047154512916,0.4984047154512916,0
177,1,0.040730465203523636,0.04680681375126229,0.0,0.27783620452505803,97.29729729729729,100.0,0.36262314932151146,-0.1390524101911102,0.0,0.08,0.27783620452505803,0.27783620452505803,0
177,9,0.019761523231863976,0.04680681375126229,0.0,0.08000934761407907,98.828125,100.0,0.08001335373439869,-0.8622917169305178,0.0,0.08,0.08000934761407907,0.08000934761407907,0
178,7,0.07695592939853668,0.046567167542518856,0.5023370940891568,0.23635808163278982,98.94736842105263,100.0,0.13113882721627454,0.5023370940891568,0.5023370940891568,0.4818696752713255,0.23635808163278982,0.23635808163278982,0
178,6,0.009118536487221718,0.046567167542518856,0.0,0.09960890456122315,98.93617021276596,100.0,0.10801272080174737,-1.630585533399934,0.0,0.08,0.09960890456122315,0.09960890456122315,0
178,3,0.0666748583316803,0.046567167542518856,0.35893214690490133,0.3774748576475191,97.89473684210526,100.0,0.38190163198620397,0.35893214690490133,0.35893214690490133,0.3671457175239211,0.3774748576475191,0.3774748576475191,0
178,19,0.01417501736432314,0.046567167542518856,0.0,0.10758241398405635,99.21875,100.0,0.11940344854865195,-1.1894141683076123,0.0,0.08,0.10758241398405635,0.10758241398405635,0
178,2,0.04097788780927658,0.046567167542518856,0.0,0.37288330081590415,98.36065573770492,100.0,0.4984047154512916,-0.1278631048561829,0.0,0.08,0.37288330081590415,0.37288330081590415,0
178,10,0.013385938480496407,0.046567167542518856,0.0,0.1087021625071255,99.14163090128756,100.0,0.12100308929589357,-1.2466904124724012,0.0,0.08,0.1087021625071255,0.1087021625071255,0
178,18,0.0183400996029377,0.046567167542518856,0.0,0.11670964040222392,98.4375,100.0,0.13244234343174846,-0.9318055054039127,0.0,0.08,0.11670964040222392,0.11670964040222392,0
178,5,0.20084285736083984,0.046567167542518856,0.7,0.6399999999999997,89.84375,100.0,0.6399999999999997,1.4616268995227784,0.7,0.6399999999999999,0.6399999999999997,0.6399999999999997,0
178,13,0.03024641051888466,0.046567167542518856,0.0,0.16799077160663642,100.0,100.0,0.2057011022951949,-0.4315181008621952,0.0,0.08,0.16799077160663642,0.16799077160663642,0
178,12,0.024360256269574165,0.046567167542518856,0.0,0.18115805654221992,99.21875,100.0,0.22451150934602848,-0.6479425749948279,0.0,0.08,0.18115805654221992,0.18115805654221992,0
178,4,0.0921691358089447,0.046567167542518856,0.6827294820188068,0.3962646702114312,97.9020979020979,100.0,0.29772799218131085,0.6827294820188068,0.6827294820188068,0.6261835856150454,0.3962646702114312,0.3962646702114312,0
178,17,0.05622744932770729,0.046567167542518856,0.1885092893273274,0.1464475255001808,98.828125,100.0,0.11029328008803178,0.1885092893273274,0.1885092893273274,0.23080743146186194,0.1464475255001808,0.1464475255001808,0
178,1,0.06335697323083878,0.046567167542518856,0.3078891848397095,0.2923787475290709,100.0,100.0,0.27783620452505803,0.3078891848397095,0.3078891848397095,0.32631134787176763,0.2923787475290709,0.2923787475290709,0
178,0,0.056613851338624954,0.046567167542518856,0.195357906818461,0.14962876514086454,97.46192893401015,100.0,0.11248981072061989,0.195357906818461,0.195357906818461,0.2362863254547688,0.14962876514086454,0.14962876514086454,0
178,8,0.061266519129276276,0.046567167542518856,0.2743377279701209,0.1531052109309451,98.4375,100.0,0.09037736602588012,0.2743377279701209,0.2743377279701209,0.29947018237609674,0.1531052109309451,0.1531052109309451,0
178,11,0.04288419336080551,0.046567167542518856,0.0,0.08774410631540733,98.4375,100.0,0.09106300902201048,-0.08239241028679142,0.0,0.08,0.08774410631540733,0.08774410631540733,0
178,14,0.06697874516248703,0.046567167542518856,0.36347953359787577,0.3329772814395369,97.265625,100.0,0.3167745619657811,0.36347953359787577,0.36347953359787577,0.37078362687830063,0.3329772814395369,0.3329772814395369,0
178,15,0.11535743623971939,0.046567167542518856,0.7,0.4068210742140762,97.65625,100.0,0.3068872488772518,0.9071395875966016,0.7,0.6399999999999999,0.4068210742140762,0.4068210742140762,0
178,16,0.009285703301429749,0.046567167542518856,0.0,0.07999999999999996,99.609375,100.0,0.07999999999999996,-1.6124189335428334,0.0,0.08,0.07999999999999996,0.07999999999999996,0
178,9,0.02760336548089981,0.046567167542518856,0.0,0.08000654332985535,100.0,100.0,0.08000934761407907,-0.5229578831056113,0.0,0.08,0.08000654332985535,0.08000654332985535,0
179,11,0.03560013324022293,0.04686603292269261,0.0,0.08542087442078512,98.4375,100.0,0.08774410631540733,-0.27494372026409225,0.0,0.08,0.08542087442078512,0.08542087442078512,0
179,10,0.03402606025338173,0.04686603292269261,0.0,0.10009151375498784,99.57081545064378,100.0,0.1087021625071255,-0.3201663787608882,0.0,0.08,0.10009151375498784,0.10009151375498784,0
179,18,0.06058239936828613,0.04686603292269261,0.25671119477101195,0.16730743502659962,97.265625,100.0,0.11670964040222392,0.25671119477101195,0.25671119477101195,0.2853689558168096,0.16730743502659962,0.16730743502659962,0
179,3,0.09166641533374786,0.04686603292269261,0.6708627945564953,0.44923947104682216,98.42105263157895,100.0,0.3774748576475191,0.6708627945564953,0.6708627945564953,0.6166902356451962,0.44923947104682216,0.44923947104682216,0
179,9,0.010738917626440525,0.04686603292269261,0.0,0.08000458033089874,100.0,100.0,0.08000654332985535,-1.4734181461825657,0.0,0.08,0.08000458033089874,0.08000458033089874,0
179,7,0.05040062963962555,0.04686603292269261,0.07271048454345129,0.20690117343338119,100.0,100.0,0.23635808163278982,0.07271048454345129,0.07271048454345129,0.13816838763476103,0.20690117343338119,0.20690117343338119,0
179,15,0.08842252194881439,0.04686603292269261,0.634833441748659,0.4611347779695314,97.65625,100.0,0.4068210742140762,0.634833441748659,0.634833441748659,0.5878667533989271,0.4611347779695314,0.4611347779695314,0
179,0,0.02867692895233631,0.04686603292269261,0.0,0.12874013559860517,97.46192893401015,100.0,0.14962876514086454,-0.4912001027705853,0.0,0.08,0.12874013559860517,0.12874013559860517,0
179,14,0.06106782704591751,0.04686603292269261,0.2646919472715982,0.3206101643528594,97.65625,100.0,0.3329772814395369,0.2646919472715982,0.2646919472715982,0.2917535578172786,0.3206101643528594,0.3206101643528594,0
179,8,0.05522197484970093,0.04686603292269261,0.1640677685390593,0.1705499121010358,98.828125,100.0,0.1531052109309451,0.1640677685390593,0.1640677685390593,0.21125421483124746,0.1705499121010358,0.1705499121010358,0
179,19,0.021859295666217804,0.04686603292269261,0.0,0.09930768978883944,98.828125,100.0,0.10758241398405635,-0.7626666622248783,0.0,0.08,0.09930768978883944,0.09930768978883944,0
179,17,0.04552765190601349,0.04686603292269261,0.0,0.12651326785012657,98.4375,100.0,0.1464475255001808,-0.028973286509679293,0.0,0.08,0.12651326785012657,0.12651326785012657,0
179,2,0.08302485197782516,0.04686603292269261,0.5718467231286373,0.4222615241220058,97.54098360655738,100.0,0.37288330081590415,0.5718467231286373,0.5718467231286373,0.5374773785029098,0.4222615241220058,0.4222615241220058,0
179,12,0.05194518342614174,0.04686603292269261,0.10289580847180627,0.17550563361278743,98.4375,100.0,0.18115805654221992,0.10289580847180627,0.10289580847180627,0.162316646777445,0.17550563361278743,0.17550563361278743,0
179,1,0.12904827296733856,0.04686603292269261,0.7,0.3966651232703496,97.29729729729729,100.0,0.2923787475290709,1.0128932391866934,0.7,0.6399999999999999,0.3966651232703496,0.3966651232703496,0
179,6,0.06158573180437088,0.04686603292269261,0.27313699781699,0.1592791126689338,98.93617021276596,100.0,0.09960890456122315,0.27313699781699,0.27313699781699,0.298509598253592,0.1592791126689338,0.1592791126689338,0
179,4,0.05552852898836136,0.04686603292269261,0.1696037228794043,0.34209016263905884,97.2027972027972,100.0,0.3962646702114312,0.1696037228794043,0.1696037228794043,0.21568297830352345,0.34209016263905884,0.34209016263905884,0
179,5,0.28832489252090454,0.04686603292269261,0.7,0.6399999999999997,92.578125,100.0,0.6399999999999997,1.816794596308636,0.7,0.6399999999999999,0.6399999999999997,0.6399999999999997,0
179,16,0.01849162019789219,0.04686603292269261,0.0,0.07999999999999996,99.21875,100.0,0.07999999999999996,-0.9299751737406201,0.0,0.08,0.07999999999999996,0.07999999999999996,0
179,13,0.03703860193490982,0.04686603292269261,0.0,0.14159354012464548,98.75,100.0,0.16799077160663642,-0.23533244739942175,0.0,0.08,0.14159354012464548,0.14159354012464548,0
180,7,0.03012237511575222,0.04753778754421548,0.0,0.1688308214033668,100.0,100.0,0.20690117343338119,-0.4562565454755779,0.0,0.08,0.1688308214033668,0.1688308214033668,0
180,9,0.038834452629089355,0.04753778754421548,0.0,0.08000320623162913,99.21875,100.0,0.08000458033089874,-0.2022170678898825,0.0,0.08,0.08000320623162913,0.08000320623162913,0
180,6,0.019605275243520737,0.04753778754421548,0.0,0.13549537886825366,95.74468085106383,100.0,0.1592791126689338,-0.8857259472144137,0.0,0.08,0.13549537886825366,0.13549537886825366,0
180,16,0.008040579967200756,0.04753778754421548,0.0,0.07999999999999996,100.0,100.0,0.07999999999999996,-1.777022672878268,0.0,0.08,0.07999999999999996,0.07999999999999996,0
180,0,0.04164635390043259,0.04753778754421548,0.0,0.11411809491902361,95.93908629441624,100.0,0.12874013559860517,-0.1323110688903761,0.0,0.08,0.11411809491902361,0.11411809491902361,0
180,14,0.030512072145938873,0.04753778754421548,0.0,0.24842711504700155,99.21875,100.0,0.3206101643528594,-0.4434023912774401,0.0,0.08,0.24842711504700155,0.24842711504700155,0
180,13,0.0625816136598587,0.04753778754421548,0.27494655086975095,0.18910265029599205,100.0,100.0,0.14159354012464548,0.27494655086975095,0.27494655086975095,0.29995724069580076,0.18910265029599205,0.18910265029599205,0
180,10,0.02880016155540943,0.04753778754421548,0.0,0.09406405962849149,99.57081545064378,100.0,0.10009151375498784,-0.5011437884728961,0.0,0.08,0.09406405962849149,0.09406405962849149,0
180,3,0.05180158093571663,0.04753778754421548,0.08589572945641946,0.35908260480231613,98.42105263157895,100.0,0.44923947104682216,0.08589572945641946,0.08589572945641946,0.14871658356513556,0.35908260480231613,0.35908260480231613,0
180,17,0.026592139154672623,0.04753778754421548,0.0,0.11255928749508859,98.4375,100.0,0.12651326785012657,-0.5809091047193586,0.0,0.08,0.11255928749508859,0.11255928749508859,0
180,8,0.013669606298208237,0.04753778754421548,0.0,0.14338493847072503,99.609375,100.0,0.1705499121010358,-1.246349550934974,0.0,0.08,0.14338493847072503,0.14338493847072503,0
180,15,0.046162720769643784,0.04753778754421548,0.0,0.346794344578672,97.265625,100.0,0.4611347779695314,-0.029352353144295573,0.0,0.08,0.346794344578672,0.346794344578672,0
180,12,0.027389148250222206,0.04753778754421548,0.0,0.1468539435289512,98.828125,100.0,0.17550563361278743,-0.551377881590228,0.0,0.08,0.1468539435289512,0.1468539435289512,0
180,1,0.17878855764865875,0.04753778754421548,0.7,0.4696655862892447,94.5945945945946,100.0,0.3966651232703496,1.3246787889879286,0.7,0.6399999999999999,0.4696655862892447,0.4696655862892447,0
180,18,0.04938017949461937,0.04753778754421548,0.03802418900466916,0.15024100987974032,97.65625,100.0,0.16730743502659962,0.03802418900466916,0.03802418900466916,0.11041935120373533,0.15024100987974032,0.15024100987974032,0
180,19,0.03269524872303009,0.04753778754421548,0.0,0.0935153828521876,98.828125,100.0,0.09930768978883944,-0.374295058170932,0.0,0.08,0.0935153828521876,0.0935153828521876,0
180,5,0.2359604388475418,0.04753778754421548,0.7,0.6399999999999997,92.1875,100.0,0.6399999999999997,1.6021390689697343,0.7,0.6399999999999999,0.6399999999999997,0.6399999999999997,0
180,2,0.08592823147773743,0.04753778754421548,0.5919874141431138,0.4616600462797513,98.36065573770492,100.0,0.4222615241220058,0.5919874141431138,0.5919874141431138,0.5535899313144911,0.4616600462797513,0.4616600462797513,0
180,11,0.022489121183753014,0.04753778754421548,0.0,0.08379461209454958,100.0,100.0,0.08542087442078512,-0.7484929983819402,0.0,0.08,0.08379461209454958,0.08379461209454958,0
180,4,0.05460090562701225,0.04753778754421548,0.13852551995364354,0.2967092386362156,94.4055944055944,100.0,0.34209016263905884,0.13852551995364354,0.13852551995364354,0.19082041596291482,0.2967092386362156,0.2967092386362156,0
181,14,0.08046606183052063,0.04636049385739991,0.5513877408606382,0.33023203833945425,98.046875,100.0,0.24842711504700155,0.5513877408606382,0.5513877408606382,0.5211101926885106,0.33023203833945425,0.33023203833945425,0
181,9,0.01796117052435875,0.04636049385739991,0.0,0.08000224436214039,99.609375,100.0,0.08000320623162913,-0.9482350953086349,0.0,0.08,0.08000224436214039,0.08000224436214039,0
181,19,0.028122147545218468,0.04636049385739991,0.0,0.08946076799653133,99.21875,100.0,0.0935153828521876,-0.4998900964191905,0.0,0.08,0.08946076799653133,0.08946076799653133,0
181,5,0.2532555162906647,0.04636049385739991,0.7,0.6399999999999997,96.09375,100.0,0.6399999999999997,1.6979510775966238,0.7,0.6399999999999999,0.6399999999999997,0.6399999999999997,0
181,15,0.07343532145023346,0.04636049385739991,0.459957287936714,0.3771457903098817,96.484375,100.0,0.346794344578672,0.459957287936714,0.459957287936714,0.4479658303493712,0.3771457903098817,0.3771457903098817,0
181,8,0.03202539682388306,0.04636049385739991,0.0,0.12436945692950752,99.21875,100.0,0.14338493847072503,-0.3699183357534719,0.0,0.08,0.12436945692950752,0.12436945692950752,0
181,1,0.12851205468177795,0.04636049385739991,0.7,0.5207659104024712,97.29729729729729,100.0,0.4696655862892447,1.019574901724707,0.7,0.6399999999999999,0.5207659104024712,0.5207659104024712,0
181,4,0.033574748784303665,0.04636049385739991,0.0,0.2316964670453509,97.9020979020979,100.0,0.2967092386362156,-0.32267332877807037,0.0,0.08,0.2316964670453509,0.2316964670453509,0
181,2,0.0682588666677475,0.04636049385739991,0.3868595998963006,0.44000833637093806,97.54098360655738,100.0,0.4616600462797513,0.3868595998963006,0.3868595998963006,0.38948767991704053,0.44000833637093806,0.44000833637093806,0
181,7,0.0971280112862587,0.04636049385739991,0.7,0.3101815749823567,97.89473684210526,100.0,0.1688308214033668,0.7395820286209609,0.7,0.6399999999999999,0.3101815749823567,0.3101815749823567,0
181,11,0.028968364000320435,0.04636049385739991,0.0,0.0826562284661847,98.4375,100.0,0.08379461209454958,-0.4702432035882784,0.0,0.08,0.0826562284661847,0.0826562284661847,0
181,12,0.04190162941813469,0.04636049385739991,0.0,0.12679776047026584,98.046875,100.0,0.1468539435289512,-0.10112293369034907,0.0,0.08,0.12679776047026584,0.12679776047026584,0
181,10,0.014705552719533443,0.04636049385739991,0.0,0.08984484173994403,99.14163090128756,100.0,0.09406405962849149,-1.1482220482793644,0.0,0.08,0.08984484173994403,0.08984484173994403,0
181,16,0.010494687594473362,0.04636049385739991,0.0,0.07999999999999996,100.0,100.0,0.07999999999999996,-1.4855777481674175,0.0,0.08,0.07999999999999996,0.07999999999999996,0
181,17,0.06937111169099808,0.04636049385739991,0.4030227801732971,0.1995169684881533,98.828125,100.0,0.11255928749508859,0.4030227801732971,0.4030227801732971,0.40241822413863776,0.1995169684881533,0.1995169684881533,0
181,13,0.056523554027080536,0.04636049385739991,0.19820972685478105,0.20394218965234184,98.75,100.0,0.18910265029599205,0.19820972685478105,0.19820972685478105,0.23856778148382485,0.20394218965234184,0.20394218965234184,0
181,18,0.030873311683535576,0.04636049385739991,0.0,0.12916870691581822,97.65625,100.0,0.15024100987974032,-0.4065554517347877,0.0,0.08,0.12916870691581822,0.12916870691581822,0
181,3,0.05861178785562515,0.04636049385739991,0.23448811813591258,0.3316349717142403,99.47368421052632,100.0,0.35908260480231613,0.23448811813591258,0.23448811813591258,0.26759049450873007,0.3316349717142403,0.3316349717142403,0
181,0,0.051451485604047775,0.04636049385739991,0.10419164415780462,0.12888866104118962,98.4771573604061,100.0,0.11411809491902361,0.10419164415780462,0.10419164415780462,0.1633533153262437,0.12888866104118962,0.12888866104118962,0
181,6,0.07696456462144852,0.04636049385739991,0.5068973593603018,0.24050213145424998,98.93617021276596,100.0,0.13549537886825366,0.5068973593603018,0.5068973593603018,0.4855178874882415,0.24050213145424998,0.24050213145424998,0
182,16,0.01367682684212923,0.04712319645321633,0.0,0.07999999999999996,99.21875,100.0,0.07999999999999996,-1.2370619252284736,0.0,0.08,0.07999999999999996,0.07999999999999996,0
182,17,0.017127716913819313,0.04712319645321633,0.0,0.1636618779417073,99.609375,100.0,0.1995169684881533,-1.0120669783806335,0.0,0.08,0.1636618779417073,0.1636618779417073,0
182,6,0.017548304051160812,0.04712319645321633,0.0,0.19235149201797497,97.87234042553192,100.0,0.24050213145424998,-0.9878077058593343,0.0,0.08,0.19235149201797497,0.19235149201797497,0
182,0,0.06805212795734406,0.04712319645321633,0.3675085603563649,0.20242411721436032,98.4771573604061,100.0,0.12888866104118962,0.3675085603563649,0.3675085603563649,0.37400684828509195,0.20242411721436032,0.20242411721436032,0
182,3,0.045100029557943344,0.04712319645321633,0.0,0.25614448019996816,98.42105263157895,100.0,0.3316349717142403,-0.043882462071196476,0.0,0.08,0.25614448019996816,0.25614448019996816,0
182,9,0.026565637439489365,0.04712319645321633,0.0,0.08000157105349827,99.609375,100.0,0.08000224436214039,-0.5731466541910731,0.0,0.08,0.08000157105349827,0.08000157105349827,0
182,8,0.04968159273266792,0.04712319645321633,0.052869112533695105,0.12374720685874208,98.828125,100.0,0.12436945692950752,0.052869112533695105,0.052869112533695105,0.12229529002695609,0.12374720685874208,0.12374720685874208,0
182,11,0.010354487225413322,0.04712319645321633,0.0,0.08185935992632928,99.21875,100.0,0.0826562284661847,-1.5153446458257414,0.0,0.08,0.08185935992632928,0.08185935992632928,0
182,18,0.05813348665833473,0.04712319645321633,0.20997644659682102,0.16481244202430978,99.21875,100.0,0.12916870691581822,0.20997644659682102,0.20997644659682102,0.24798115727745684,0.16481244202430978,0.16481244202430978,0
182,1,0.2431749850511551,0.04712319645321633,0.7,0.5565361372817298,97.29729729729729,100.0,0.5207659104024712,1.6410157427088379,0.7,0.6399999999999999,0.5565361372817298,0.5565361372817298,0
182,12,0.03281957283616066,0.04712319645321633,0.0,0.11275843232918609,98.828125,100.0,0.12679776047026584,-0.36174021077387514,0.0,0.08,0.11275843232918609,0.11275843232918609,0
182,15,0.057341620326042175,0.04712319645321633,0.1962613069685422,0.3351047668893673,97.65625,100.0,0.3771457903098817,0.1962613069685422,0.1962613069685422,0.23700904557483377,0.3351047668893673,0.3351047668893673,0
182,14,0.04194260388612747,0.04712319645321633,0.0,0.255162426837618,96.484375,100.0,0.33023203833945425,-0.11646323774514535,0.0,0.08,0.255162426837618,0.255162426837618,0
182,7,0.010285911150276661,0.04712319645321633,0.0,0.24112710248764968,98.94736842105263,100.0,0.3101815749823567,-1.52198950410475,0.0,0.08,0.24112710248764968,0.24112710248764968,0
182,13,0.05282900482416153,0.04712319645321633,0.11429497726881438,0.19419032730115474,99.375,100.0,0.20394218965234184,0.11429497726881438,0.11429497726881438,0.1714359818150515,0.19419032730115474,0.19419032730115474,0
182,19,0.04208676889538765,0.04712319645321633,0.0,0.08662253759757194,99.609375,100.0,0.08946076799653133,-0.1130319348180144,0.0,0.08,0.08662253759757194,0.08662253759757194,0
182,4,0.08415787667036057,0.04712319645321633,0.57992905212243,0.32537049944112884,97.9020979020979,100.0,0.2316964670453509,0.57992905212243,0.57992905212243,0.543943241697944,0.32537049944112884,0.32537049944112884,0
182,10,0.016816217452287674,0.04712319645321633,0.0,0.08689138921796083,100.0,100.0,0.08984484173994403,-1.0304212457077893,0.0,0.08,0.08689138921796083,0.08689138921796083,0
182,5,0.2668783664703369,0.04712319645321633,0.7,0.6399999999999997,91.796875,100.0,0.6399999999999997,1.7340274500866322,0.7,0.6399999999999999,0.6399999999999997,0.6399999999999997,0
182,2,0.0686827152967453,0.04712319645321633,0.37673213062878474,0.42242154681056493,98.36065573770492,100.0,0.44000833637093806,0.37673213062878474,0.37673213062878474,0.38138570450302783,0.42242154681056493,0.42242154681056493,0
183,11,0.01625717245042324,0.046770216730561254,0.0,0.0813015519484305,98.828125,100.0,0.08185935992632928,-1.0567120114307154,0.0,0.08,0.0813015519484305,0.0813015519484305,0
183,1,0.09618255496025085,0.046770216730561254,0.7,0.5815752960972108,100.0,100.0,0.5565361372817298,0.7210012843230388,0.7,0.6399999999999999,0.5815752960972108,0.5815752960972108,0
183,12,0.05385705083608627,0.046770216730561254,0.1410866959504411,0.13679170965853613,98.828125,100.0,0.11275843232918609,0.1410866959504411,0.1410866959504411,0.19286935676035288,0.13679170965853613,0.13679170965853613,0
183,19,0.03599536046385765,0.046770216730561254,0.0,0.08463577631830035,100.0,100.0,0.08662253759757194,-0.2618564875432336,0.0,0.08,0.08463577631830035,0.08463577631830035,0
183,15,0.052128005772829056,0.046770216730561254,0.10845571549470867,0.28460270854128716,97.65625,100.0,0.3351047668893673,0.10845571549470867,0.10845571549470867,0.16676457239576695,0.28460270854128716,0.28460270854128716,0
183,8,0.013579617254436016,0.046770216730561254,0.0,0.11062304480111945,99.21875,100.0,0.12374720685874208,-1.2366761458768134,0.0,0.08,0.11062304480111945,0.11062304480111945,0
183,14,0.05020749941468239,0.046770216730561254,0.07091778594043077,0.21963396741203595,98.046875,100.0,0.255162426837618,0.07091778594043077,0.07091778594043077,0.13673422875234462,0.21963396741203595,0.21963396741203595,0
183,5,0.13710728287696838,0.046770216730561254,0.7,0.6399999999999997,92.96875,100.0,0.6399999999999997,1.0755169595007925,0.7,0.6399999999999999,0.6399999999999997,0.6399999999999997,0
183,6,0.01826481707394123,0.046770216730561254,0.0,0.15864604441258245,98.93617021276596,100.0,0.19235149201797497,-0.9402696269201548,0.0,0.08,0.15864604441258245,0.15864604441258245,0
183,10,0.034612420946359634,0.046770216730561254,0.0,0.08482397245257257,99.14163090128756,100.0,0.08689138921796083,-0.30103392605781426,0.0,0.08,0.08482397245257257,0.08482397245257257,0
183,0,0.05791686475276947,0.046770216730561254,0.21376196912020468,0.2169997546389013,98.4771573604061,100.0,0.20242411721436032,0.21376196912020468,0.21376196912020468,0.25100957529616374,0.2169997546389013,0.2169997546389013,0
183,13,0.10292574018239975,0.046770216730561254,0.7,0.32793322911080824,98.125,100.0,0.19419032730115474,0.7887610367572253,0.7,0.6399999999999999,0.32793322911080824,0.32793322911080824,0
183,17,0.0502142459154129,0.046770216730561254,0.07105214925735673,0.15561583038096072,100.0,100.0,0.1636618779417073,0.07105214925735673,0.07105214925735673,0.13684171940588538,0.15561583038096072,0.15561583038096072,0
183,9,0.016976822167634964,0.046770216730561254,0.0,0.08000109973744879,100.0,100.0,0.08000157105349827,-1.013397218591133,0.0,0.08,0.08000109973744879,0.08000109973744879,0
183,16,0.023960337042808533,0.046770216730561254,0.0,0.07999999999999996,99.21875,100.0,0.07999999999999996,-0.6688465621039024,0.0,0.08,0.07999999999999996,0.07999999999999996,0
183,2,0.08219677209854126,0.046770216730561254,0.5638693345724626,0.45502372306478645,95.90163934426229,100.0,0.42242154681056493,0.5638693345724626,0.5638693345724626,0.5310954676579701,0.45502372306478645,0.45502372306478645,0
183,18,0.03876129165291786,0.046770216730561254,0.0,0.13936870941701685,97.65625,100.0,0.16481244202430978,-0.18782445066839457,0.0,0.08,0.13936870941701685,0.13936870941701685,0
183,7,0.017959216609597206,0.046770216730561254,0.0,0.19278897174135476,98.94736842105263,100.0,0.24112710248764968,-0.9571428193832761,0.0,0.08,0.19278897174135476,0.19278897174135476,0
183,3,0.07605279982089996,0.046770216730561254,0.48618114553945174,0.3199846110694461,100.0,100.0,0.25614448019996816,0.48618114553945174,0.48618114553945174,0.46894491643156144,0.3199846110694461,0.3199846110694461,0
183,4,0.05093254894018173,0.046770216730561254,0.08525556439099755,0.2722206850626296,96.5034965034965,100.0,0.32537049944112884,0.08525556439099755,0.08525556439099755,0.14820445151279804,0.2722206850626296,0.2722206850626296,0
184,10,0.02164740301668644,0.047114282324009896,0.0,0.0833767807168008,98.71244635193133,100.0,0.08482397245257257,-0.7776904451987307,0.0,0.08,0.0833767807168008,0.0833767807168008,0
184,3,0.06562033295631409,0.047114282324009896,0.33130935255700533,0.32750347236229355,98.42105263157895,100.0,0.3199846110694461,0.33130935255700533,0.33130935255700533,0.3450474820456043,0.32750347236229355,0.32750347236229355,0
184,0,0.01920623704791069,0.047114282324009896,0.0,0.1758998282472309,98.98477157360406,100.0,0.2169997546389013,-0.8973408081694425,0.0,0.08,0.1758998282472309,0.1758998282472309,0
184,5,0.27123185992240906,0.047114282324009896,0.7,0.6399999999999997,91.796875,100.0,0.6399999999999997,1.7503976622636461,0.7,0.6399999999999999,0.6399999999999997,0.6399999999999997,0
184,8,0.05399344861507416,0.047114282324009896,0.13628650110726784,0.1341448916265279,100.0,100.0,0.11062304480111945,0.13628650110726784,0.13628650110726784,0.18902920088581426,0.1341448916265279,0.1341448916265279,0
184,11,0.024977603927254677,0.047114282324009896,0.0,0.08091108636390135,99.21875,100.0,0.0813015519484305,-0.6345964205515736,0.0,0.08,0.08091108636390135,0.08091108636390135,0
184,4,0.06255705654621124,0.047114282324009896,0.28350280353021867,0.2825951523910932,95.8041958041958,100.0,0.2722206850626296,0.28350280353021867,0.28350280353021867,0.30680224282417495,0.2825951523910932,0.2825951523910932,0
184,1,0.05813359096646309,0.047114282324009896,0.210167425215603,0.4815428893197923,97.29729729729729,100.0,0.5815752960972108,0.210167425215603,0.210167425215603,0.24813394017248241,0.4815428893197923,0.4815428893197923,0
184,18,0.027504591271281242,0.047114282324009896,0.0,0.12155809659191177,98.046875,100.0,0.13936870941701685,-0.5382230917295191,0.0,0.08,0.12155809659191177,0.12155809659191177,0
184,6,0.05455783009529114,0.047114282324009896,0.14668502369384548,0.17025663677533062,98.93617021276596,100.0,0.15864604441258245,0.14668502369384548,0.14668502369384548,0.1973480189550764,0.17025663677533062,0.17025663677533062,0
184,15,0.08022989332675934,0.047114282324009896,0.5323199034520943,0.35097867280740364,96.875,100.0,0.28460270854128716,0.5323199034520943,0.5323199034520943,0.5058559227616755,0.35097867280740364,0.35097867280740364,0
184,9,0.03348880633711815,0.047114282324009896,0.0,0.08000076981621415,99.609375,100.0,0.08000109973744879,-0.3413648589506966,0.0,0.08,0.08000076981621415,0.08000076981621415,0
184,14,0.05863003805279732,0.047114282324009896,0.2186709292083356,0.23022480019842573,99.21875,100.0,0.21963396741203595,0.2186709292083356,0.2186709292083356,0.2549367433666685,0.23022480019842573,0.23022480019842573,0
184,13,0.07092811167240143,0.047114282324009896,0.40909059207514653,0.35173500247560097,98.125,100.0,0.32793322911080824,0.40909059207514653,0.40909059207514653,0.40727247366011726,0.35173500247560097,0.35173500247560097,0
184,2,0.11139146983623505,0.047114282324009896,0.7,0.5105166061453504,96.72131147540983,100.0,0.45502372306478645,0.860474440587693,0.7,0.6399999999999999,0.5105166061453504,0.5105166061453504,0
184,16,0.009658249095082283,0.047114282324009896,0.0,0.07999999999999996,100.0,100.0,0.07999999999999996,-1.5847629872786262,0.0,0.08,0.07999999999999996,0.07999999999999996,0
184,12,0.06210523098707199,0.047114282324009896,0.27625397994391154,0.18605515194751404,98.4375,100.0,0.13679170965853613,0.27625397994391154,0.27625397994391154,0.30100318395512926,0.18605515194751404,0.18605515194751404,0
184,17,0.043971188366413116,0.047114282324009896,0.0,0.1329310812666725,98.4375,100.0,0.15561583038096072,-0.0690415643574453,0.0,0.08,0.1329310812666725,0.1329310812666725,0
184,19,0.06533167511224747,0.047114282324009896,0.3269007410089451,0.16170122126495706,99.609375,100.0,0.08463577631830035,0.3269007410089451,0.3269007410089451,0.34152059280715613,0.16170122126495706,0.16170122126495706,0
184,7,0.02664784900844097,0.047114282324009896,0.0,0.1589522802189483,97.89473684210526,100.0,0.19278897174135476,-0.5698675913711737,0.0,0.08,0.1589522802189483,0.1589522802189483,0
185,4,0.09090926498174667,0.04803742514469662,0.6378814251882693,0.37490814871894984,94.4055944055944,100.0,0.2825951523910932,0.6378814251882693,0.6378814251882693,0.5903051401506154,0.37490814871894984,0.37490814871894984,0
185,13,0.028659041970968246,0.04803742514469662,0.0,0.27021450173292066,100.0,100.0,0.35173500247560097,-0.5165112624125853,0.0,0.08,0.27021450173292066,0.27021450173292066,0
185,12,0.033220324665308,0.04803742514469662,0.0,0.1542386063632598,98.828125,100.0,0.18605515194751404,-0.36881842744669713,0.0,0.08,0.1542386063632598,0.1542386063632598,0
185,1,0.19000127911567688,0.04803742514469662,0.7,0.5290800225238546,100.0,100.0,0.4815428893197923,1.3750502511641605,0.7,0.6399999999999999,0.5290800225238546,0.5290800225238546,0
185,17,0.04222511872649193,0.04803742514469662,0.0,0.11705175688667074,98.828125,100.0,0.1329310812666725,-0.1289650945186735,0.0,0.08,0.11705175688667074,0.11705175688667074,0
185,8,0.03198929876089096,0.04803742514469662,0.0,0.11790142413856952,98.828125,100.0,0.1341448916265279,-0.4065788600393393,0.0,0.08,0.11790142413856952,0.11790142413856952,0
185,2,0.16594694554805756,0.04803742514469662,0.7,0.5493616243017453,92.62295081967213,100.0,0.5105166061453504,1.2396875866073154,0.7,0.6399999999999999,0.5493616243017453,0.5493616243017453,0
185,3,0.08269458264112473,0.04803742514469662,0.5431736088649933,0.38361409678120384,97.89473684210526,100.0,0.32750347236229355,0.5431736088649933,0.5431736088649933,0.5145388870919947,0.38361409678120384,0.38361409678120384,0
185,6,0.025802331045269966,0.04803742514469662,0.0,0.14317964574273143,98.93617021276596,100.0,0.17025663677533062,-0.621515379792791,0.0,0.08,0.14317964574273143,0.14317964574273143,0
185,5,0.19119688868522644,0.04803742514469662,0.7,0.6399999999999997,93.75,100.0,0.6399999999999997,1.381323174427538,0.7,0.6399999999999999,0.6399999999999997,0.6399999999999997,0
185,14,0.04932025074958801,0.04803742514469662,0.026354359383019214,0.19148240639082262,98.4375,100.0,0.23022480019842573,0.026354359383019214,0.026354359383019214,0.10108348750641538,0.19148240639082262,0.19148240639082262,0
185,16,0.007298764772713184,0.04803742514469662,0.0,0.07999999999999996,99.609375,100.0,0.07999999999999996,-1.8842741110792742,0.0,0.08,0.07999999999999996,0.07999999999999996,0
185,18,0.03560400381684303,0.04803742514469662,0.0,0.10909066761433825,98.4375,100.0,0.12155809659191177,-0.29952222662608596,0.0,0.08,0.10909066761433825,0.10909066761433825,0
185,0,0.04327491670846939,0.04803742514469662,0.0,0.14712987977306163,98.4771573604061,100.0,0.1758998282472309,-0.10440719835471295,0.0,0.08,0.14712987977306163,0.14712987977306163,0
185,11,0.01775367185473442,0.04803742514469662,0.0,0.08063776045473094,98.828125,100.0,0.08091108636390135,-0.9953876829457974,0.0,0.08,0.08063776045473094,0.08063776045473094,0
185,19,0.023411821573972702,0.04803742514469662,0.0,0.13719085488546995,99.21875,100.0,0.16170122126495706,-0.7187390883938045,0.0,0.08,0.13719085488546995,0.13719085488546995,0
185,7,0.08538775891065598,0.04803742514469662,0.5752222635580316,0.2733199394071914,96.84210526315789,100.0,0.1589522802189483,0.5752222635580316,0.5752222635580316,0.5401778108464254,0.2733199394071914,0.2733199394071914,0
185,10,0.03881530836224556,0.04803742514469662,0.0,0.08236374650176055,100.0,100.0,0.0833767807168008,-0.21316563392703153,0.0,0.08,0.08236374650176055,0.08236374650176055,0
185,9,0.012621021829545498,0.04803742514469662,0.0,0.0800005388713499,99.609375,100.0,0.08000076981621415,-1.3366159905681947,0.0,0.08,0.0800005388713499,0.0800005388713499,0
185,15,0.047098319977521896,0.04803742514469662,0.0,0.2696850709651825,98.828125,100.0,0.35097867280740364,-0.01974306235172723,0.0,0.08,0.2696850709651825,0.2696850709651825,0
186,9,0.007541469763964415,0.04728570398466383,0.0,0.08000037720994493,98.828125,100.0,0.0800005388713499,-1.835789802023091,0.0,0.08,0.08000037720994493,0.08000037720994493,0
186,6,0.021667033433914185,0.04728570398466383,0.0,0.12422575201991198,98.93617021276596,100.0,0.14317964574273143,-0.7804158496212098,0.0,0.08,0.12422575201991198,0.12422575201991198,0
186,12,0.01879042573273182,0.04728570398466383,0.0,0.13196702445428185,98.828125,100.0,0.1542386063632598,-0.9228602171907575,0.0,0.08,0.13196702445428185,0.13196702445428185,0
186,17,0.03233525529503822,0.04728570398466383,0.0,0.10593622982066953,99.21875,100.0,0.11705175688667074,-0.380049780511959,0.0,0.08,0.10593622982066953,0.10593622982066953,0
186,0,0.04741461202502251,0.04728570398466383,0.002722442715818952,0.1276443020929397,97.46192893401015,100.0,0.14712987977306163,0.002722442715818952,0.002722442715818952,0.08217795417265517,0.1276443020929397,0.1276443020929397,0
186,3,0.09900341928005219,0.04728570398466383,0.7,0.4605298677468427,98.94736842105263,100.0,0.38361409678120384,0.7389462687719897,0.7,0.6399999999999999,0.4605298677468427,0.4605298677468427,0
186,11,0.044777803122997284,0.04728570398466383,0.0,0.08044643231831165,99.21875,100.0,0.08063776045473094,-0.054495445997637684,0.0,0.08,0.08044643231831165,0.08044643231831165,0
186,14,0.05443902313709259,0.04728570398466383,0.14087319751415694,0.1918472518769735,96.875,100.0,0.19148240639082262,0.14087319751415694,0.14087319751415694,0.19269855801132557,0.1918472518769735,0.1918472518769735,0
186,19,0.009151103906333447,0.04728570398466383,0.0,0.12003359841982897,100.0,100.0,0.13719085488546995,-1.642332609680113,0.0,0.08,0.12003359841982897,0.12003359841982897,0
186,13,0.05572494864463806,0.04728570398466383,0.16421991718352433,0.2525629313370903,99.375,100.0,0.27021450173292066,0.16421991718352433,0.16421991718352433,0.21137593374681946,0.2525629313370903,0.2525629313370903,0
186,10,0.03866366297006607,0.04728570398466383,0.0,0.08165462255123238,98.28326180257511,100.0,0.08236374650176055,-0.2013077437021448,0.0,0.08,0.08165462255123238,0.08165462255123238,0
186,18,0.0420185923576355,0.04728570398466383,0.0,0.10036346733003676,97.65625,100.0,0.10909066761433825,-0.11809578645185234,0.0,0.08,0.10036346733003676,0.10036346733003676,0
186,15,0.04112285003066063,0.04728570398466383,0.0,0.21277954967562773,97.265625,100.0,0.2696850709651825,-0.13964404795211008,0.0,0.08,0.21277954967562773,0.21277954967562773,0
186,2,0.09582143276929855,0.04728570398466383,0.7,0.5765531370112217,100.0,100.0,0.5493616243017453,0.7062782684653787,0.7,0.6399999999999999,0.5765531370112217,0.5765531370112217,0
186,5,0.19994857907295227,0.04728570398466383,0.7,0.6399999999999997,93.75,100.0,0.6399999999999997,1.4418520589134687,0.7,0.6399999999999999,0.6399999999999997,0.6399999999999997,0
186,1,0.03777727857232094,0.04728570398466383,0.0,0.3943560157666982,100.0,100.0,0.5290800225238546,-0.22450012932119257,0.0,0.08,0.3943560157666982,0.3943560157666982,0
186,4,0.0358203761279583,0.04728570398466383,0.0,0.2864357041032649,98.6013986013986,100.0,0.37490814871894984,-0.2776910437056638,0.0,0.08,0.2864357041032649,0.2864357041032649,0
186,16,0.004284191410988569,0.04728570398466383,0.0,0.07999999999999996,99.21875,100.0,0.07999999999999996,-2.4012740537715636,0.0,0.08,0.07999999999999996,0.07999999999999996,0
186,8,0.06502775847911835,0.04728570398466383,0.31860616608447695,0.18299647675727315,99.21875,100.0,0.11790142413856952,0.31860616608447695,0.31860616608447695,0.3348849328675816,0.18299647675727315,0.18299647675727315,0
186,7,0.02315237931907177,0.04728570398466383,0.0,0.21532395758503398,98.94736842105263,100.0,0.2733199394071914,-0.7141102344216255,0.0,0.08,0.21532395758503398,0.21532395758503398,0
187,16,0.005374959670007229,0.04654645923623378,0.0,0.07999999999999996,99.609375,100.0,0.07999999999999996,-2.158698220792278,0.0,0.08,0.07999999999999996,0.07999999999999996,0
187,15,0.028178101405501366,0.04654645923623378,0.0,0.1729456847729394,98.4375,100.0,0.21277954967562773,-0.5019056667433723,0.0,0.08,0.1729456847729394,0.1729456847729394,0
187,19,0.03623225539922714,0.04654645923623378,0.0,0.10802351889388026,99.21875,100.0,0.12003359841982897,-0.2505011207784167,0.0,0.08,0.10802351889388026,0.10802351889388026,0
187,17,0.02611474320292473,0.04654645923623378,0.0,0.09815536087446866,99.21875,100.0,0.10593622982066953,-0.5779507405525011,0.0,0.08,0.09815536087446866,0.09815536087446866,0
187,0,0.0748932957649231,0.04654645923623378,0.47561335889299705,0.22749821759937708,98.4771573604061,100.0,0.1276443020929397,0.47561335889299705,0.47561335889299705,0.46049068711439767,0.22749821759937708,0.22749821759937708,0
187,12,0.053860392421483994,0.04654645923623378,0.14594440697538122,0.1514035747920888,98.4375,100.0,0.13196702445428185,0.14594440697538122,0.14594440697538122,0.19675552558030499,0.1514035747920888,0.1514035747920888,0
187,11,0.01785910315811634,0.04654645923623378,0.0,0.08031250262281815,98.046875,100.0,0.08044643231831165,-0.957937232985891,0.0,0.08,0.08031250262281815,0.08031250262281815,0
187,6,0.03405538201332092,0.04654645923623378,0.0,0.11095802641393837,98.93617021276596,100.0,0.12422575201991198,-0.3124627761911763,0.0,0.08,0.11095802641393837,0.11095802641393837,0
187,7,0.016489557921886444,0.04654645923623378,0.0,0.17472677030952377,97.89473684210526,100.0,0.21532395758503398,-1.037723218205112,0.0,0.08,0.17472677030952377,0.17472677030952377,0
187,5,0.35433730483055115,0.04654645923623378,0.7,0.6399999999999997,94.140625,100.0,0.6399999999999997,2.029798174196669,0.7,0.6399999999999999,0.6399999999999997,0.6399999999999997,0
187,1,0.12297556549310684,0.04654645923623378,0.7,0.46804921103668873,97.29729729729729,100.0,0.3943560157666982,0.9715346104266394,0.7,0.6399999999999999,0.46804921103668873,0.46804921103668873,0
187,9,0.025978337973356247,0.04654645923623378,0.0,0.08000026404696145,99.609375,100.0,0.08000037720994493,-0.5831877311805578,0.0,0.08,0.08000026404696145,0.08000026404696145,0
187,4,0.08901248127222061,0.04654645923623378,0.6483255592563417,0.38010312709380745,96.5034965034965,100.0,0.2864357041032649,0.6483255592563417,0.6483255592563417,0.5986604474050734,0.38010312709380745,0.38010312709380745,0
187,3,0.10864691436290741,0.04654645923623378,0.7,0.5143709074227898,99.47368421052632,100.0,0.4605298677468427,0.8476522465505287,0.7,0.6399999999999999,0.5143709074227898,0.5143709074227898,0
187,13,0.024637887254357338,0.04654645923623378,0.0,0.2007940519359632,98.75,100.0,0.2525629313370903,-0.6361653556799963,0.0,0.08,0.2007940519359632,0.2007940519359632,0
187,10,0.02039984241127968,0.04654645923623378,0.0,0.08115823578586266,98.28326180257511,100.0,0.08165462255123238,-0.8249234859179232,0.0,0.08,0.08115823578586266,0.08115823578586266,0
187,14,0.04251163452863693,0.04654645923623378,0.0,0.15829307631388143,98.828125,100.0,0.1918472518769735,-0.09067312468936188,0.0,0.08,0.15829307631388143,0.15829307631388143,0
187,18,0.02861848846077919,0.04654645923623378,0.0,0.09425442713102572,98.046875,100.0,0.10036346733003676,-0.48639784393151325,0.0,0.08,0.09425442713102572,0.09425442713102572,0
187,2,0.10836894065141678,0.04654645923623378,0.7,0.5955871959078551,99.18032786885246,100.0,0.5765531370112217,0.8450904628700068,0.7,0.6399999999999999,0.5955871959078551,0.5955871959078551,0
187,8,0.03017451800405979,0.04654645923623378,0.0,0.1520975337300912,98.828125,100.0,0.18299647675727315,-0.4334530270927517,0.0,0.08,0.1520975337300912,0.1520975337300912,0
188,0,0.0387415811419487,0.04510330831347944,0.0,0.18324875231956395,98.4771573604061,100.0,0.22749821759937708,-0.15204209113512243,0.0,0.08,0.18324875231956395,0.18324875231956395,0
188,17,0.034234609454870224,0.04510330831347944,0.0,0.09270875261212805,98.4375,100.0,0.09815536087446866,-0.2757184237611868,0.0,0.08,0.09270875261212805,0.09270875261212805,0
188,4,0.055666595697402954,0.04510330831347944,0.21042460789426537,0.3405740948602889,97.9020979020979,100.0,0.38010312709380745,0.21042460789426537,0.21042460789426537,0.2483396863154123,0.3405740948602889,0.3405740948602889,0
188,3,0.07609619200229645,0.04510330831347944,0.5230425350390572,0.5095898436053266,98.94736842105263,100.0,0.5143709074227898,0.5230425350390572,0.5230425350390572,0.49843402803124576,0.5095898436053266,0.5095898436053266,0
188,18,0.09290811419487,0.04510330831347944,0.7,0.257978098991718,98.046875,100.0,0.09425442713102572,0.7226552723660181,0.7,0.6399999999999999,0.257978098991718,0.257978098991718,0
188,9,0.022635143250226974,0.04510330831347944,0.0,0.08000018483287301,99.21875,100.0,0.08000026404696145,-0.6894516692343342,0.0,0.08,0.08000018483287301,0.08000018483287301,0
188,2,0.06020554527640343,0.04510330831347944,0.2888088077985882,0.5102251510071598,99.18032786885246,100.0,0.5955871959078551,0.2888088077985882,0.2888088077985882,0.3110470462388706,0.5102251510071598,0.5102251510071598,0
188,19,0.0058179073967039585,0.04510330831347944,0.0,0.09961646322571618,100.0,100.0,0.10802351889388026,-2.048013458510518,0.0,0.08,0.09961646322571618,0.09961646322571618,0
188,7,0.024595482274889946,0.04510330831347944,0.0,0.14630873921666662,98.94736842105263,100.0,0.17472677030952377,-0.6063926353080183,0.0,0.08,0.14630873921666662,0.14630873921666662,0
188,12,0.020540496334433556,0.04510330831347944,0.0,0.12998250235446215,98.828125,100.0,0.1514035747920888,-0.786556965260094,0.0,0.08,0.12998250235446215,0.12998250235446215,0
188,5,0.20494577288627625,0.04510330831347944,0.7,0.6399999999999997,91.015625,100.0,0.6399999999999997,1.513789649836037,0.7,0.6399999999999999,0.6399999999999997,0.6399999999999997,0
188,16,0.022972211241722107,0.04510330831347944,0.0,0.07999999999999996,99.609375,100.0,0.07999999999999996,-0.6746701067119536,0.0,0.08,0.07999999999999996,0.07999999999999996,0
188,1,0.05636937543749809,0.04510330831347944,0.2229703791391521,0.4051473387190786,100.0,100.0,0.46804921103668873,0.2229703791391521,0.2229703791391521,0.2583763033113217,0.4051473387190786,0.4051473387190786,0
188,15,0.05126277729868889,0.04510330831347944,0.1280092745660608,0.17578420523691216,99.21875,100.0,0.1729456847729394,0.1280092745660608,0.1280092745660608,0.18240741965284862,0.17578420523691216,0.17578420523691216,0
188,13,0.04624287784099579,0.04510330831347944,0.024951855125181825,0.1705442815852179,98.75,100.0,0.2007940519359632,0.024951855125181825,0.024951855125181825,0.09996148410014546,0.1705442815852179,0.1705442815852179,0
188,6,0.019403066486120224,0.04510330831347944,0.0,0.10167061848975686,100.0,100.0,0.11095802641393837,-0.8435241853422469,0.0,0.08,0.10167061848975686,0.10167061848975686,0
188,10,0.03033892996609211,0.04510330831347944,0.0,0.08081076505010386,98.71244635193133,100.0,0.08115823578586266,-0.3965237857815208,0.0,0.08,0.08081076505010386,0.08081076505010386,0
188,11,0.03270760923624039,0.04510330831347944,0.0,0.08021875183597271,99.609375,100.0,0.08031250262281815,-0.3213477656692203,0.0,0.08,0.08021875183597271,0.08021875183597271,0
188,8,0.02638230286538601,0.04510330831347944,0.0,0.13046827361106383,98.828125,100.0,0.1520975337300912,-0.5362620021938305,0.0,0.08,0.13046827361106383,0.13046827361106383,0
188,14,0.058680228888988495,0.04510330831347944,0.2631472037151053,0.19796048231134228,98.4375,100.0,0.15829307631388143,0.2631472037151053,0.2631472037151053,0.29051776297208426,0.19796048231134228,0.19796048231134228,0
189,6,0.05262911692261696,0.04424178701197244,0.1735997342513871,0.13683336916316272,97.87234042553192,100.0,0.10167061848975686,0.1735997342513871,0.1735997342513871,0.2188797874011097,0.13683336916316272,0.13683336916316272,0
189,12,0.03611162304878235,0.04424178701197244,0.0,0.1149877516481235,98.046875,100.0,0.12998250235446215,-0.2030549174611021,0.0,0.08,0.1149877516481235,0.1149877516481235,0
189,7,0.012831171974539757,0.04424178701197244,0.0,0.12641611745166664,97.89473684210526,100.0,0.14630873921666662,-1.2377916757835563,0.0,0.08,0.12641611745166664,0.12641611745166664,0
189,5,0.22403381764888763,0.04424178701197244,0.7,0.6399999999999997,96.09375,100.0,0.6399999999999997,1.6221270807341497,0.7,0.6399999999999999,0.6399999999999997,0.6399999999999997,0
189,13,0.03344183415174484,0.04424178701197244,0.0,0.14338099710965252,99.375,100.0,0.1705442815852179,-0.2798620412343596,0.0,0.08,0.14338099710965252,0.14338099710965252,0
189,4,0.06486055999994278,0.04424178701197244,0.3825699129900306,0.3542186455198095,97.9020979020979,100.0,0.3405740948602889,0.3825699129900306,0.3825699129900306,0.3860559303920245,0.3542186455198095,0.3542186455198095,0
189,1,0.04483165591955185,0.04424178701197244,0.013244742287951675,0.3107818752524634,94.5945945945946,100.0,0.4051473387190786,0.013244742287951675,0.013244742287951675,0.09059579383036134,0.3107818752524634,0.3107818752524634,0
189,11,0.03266423940658569,0.04424178701197244,0.0,0.0801531262851809,98.828125,100.0,0.08021875183597271,-0.30338878650184287,0.0,0.08,0.0801531262851809,0.0801531262851809,0
189,16,0.01400561723858118,0.04424178701197244,0.0,0.07999999999999996,98.828125,100.0,0.07999999999999996,-1.1502107815390534,0.0,0.08,0.07999999999999996,0.07999999999999996,0
189,19,0.02661578170955181,0.04424178701197244,0.0,0.09373152425800133,98.828125,100.0,0.09961646322571618,-0.5081652630839535,0.0,0.08,0.09373152425800133,0.09373152425800133,0
189,0,0.05012482777237892,0.04424178701197244,0.12484667315147238,0.18223732818004812,100.0,100.0,0.18324875231956395,0.12484667315147238,0.12484667315147238,0.17987733852117793,0.18223732818004812,0.18223732818004812,0
189,2,0.09678532928228378,0.04424178701197244,0.7,0.5491576057050118,99.18032786885246,100.0,0.5102251510071598,0.7828255531080914,0.7,0.6399999999999999,0.5491576057050118,0.5491576057050118,0
189,18,0.04347117990255356,0.04424178701197244,0.0,0.20458466929420258,98.046875,100.0,0.257978098991718,-0.01757155842309297,0.0,0.08,0.20458466929420258,0.20458466929420258,0
189,8,0.014214695431292057,0.04424178701197244,0.0,0.11532779152774467,98.4375,100.0,0.13046827361106383,-1.1353929535058673,0.0,0.08,0.11532779152774467,0.11532779152774467,0
189,17,0.039431847631931305,0.04424178701197244,0.0,0.08889612682848963,98.4375,100.0,0.09270875261212805,-0.11509591708259335,0.0,0.08,0.08889612682848963,0.08889612682848963,0
189,3,0.10636678338050842,0.04424178701197244,0.7,0.5487128905237285,98.42105263157895,100.0,0.5095898436053266,0.8772234598994008,0.7,0.6399999999999999,0.5487128905237285,0.5487128905237285,0
189,14,0.07556528598070145,0.04424178701197244,0.5353271539076817,0.29105085455578317,97.265625,100.0,0.19796048231134228,0.5353271539076817,0.5353271539076817,0.5082617231261454,0.29105085455578317,0.29105085455578317,0
189,10,0.08219727873802185,0.04424178701197244,0.6194523417870421,0.2292360975639628,99.14163090128756,100.0,0.08081076505010386,0.6194523417870421,0.6194523417870421,0.5755618734296337,0.2292360975639628,0.2292360975639628,0
189,15,0.06910596042871475,0.04424178701197244,0.44597115376340624,0.254082020569056,97.65625,100.0,0.17578420523691216,0.44597115376340624,0.44597115376340624,0.436776923010725,0.254082020569056,0.254082020569056,0
189,9,0.04071380943059921,0.04424178701197244,0.0,0.0800001293830111,99.609375,100.0,0.08000018483287301,-0.08310239744277294,0.0,0.08,0.0800001293830111,0.0800001293830111,0
190,10,0.02323056571185589,0.04423275010188047,0.0,0.18446526829477394,98.71244635193133,100.0,0.2292360975639628,-0.6439963637275992,0.0,0.08,0.18446526829477394,0.18446526829477394,0
190,5,0.21290042996406555,0.04423275010188047,0.7,0.6399999999999997,91.796875,100.0,0.6399999999999997,1.5713589451046073,0.7,0.6399999999999999,0.6399999999999997,0.6399999999999997,0
190,15,0.0390460230410099,0.04423275010188047,0.0,0.20185741439833918,98.828125,100.0,0.254082020569056,-0.12472440885434188,0.0,0.08,0.20185741439833918,0.20185741439833918,0
190,7,0.011927141807973385,0.04423275010188047,0.0,0.11249128221616664,100.0,100.0,0.12641611745166664,-1.31064822771267,0.0,0.08,0.11249128221616664,0.11249128221616664,0
190,11,0.02856680005788803,0.04423275010188047,0.0,0.08010718839962663,99.21875,100.0,0.0801531262851809,-0.4372201368695231,0.0,0.08,0.08010718839962663,0.08010718839962663,0
190,16,0.036044634878635406,0.04423275010188047,0.0,0.07999999999999996,100.0,100.0,0.07999999999999996,-0.20470738768101768,0.0,0.08,0.07999999999999996,0.07999999999999996,0
190,3,0.058763109147548676,0.04423275010188047,0.284048739412739,0.47627072082566735,97.89473684210526,100.0,0.5487128905237285,0.284048739412739,0.284048739412739,0.30723899153019124,0.47627072082566735,0.47627072082566735,0
190,0,0.042205579578876495,0.04423275010188047,0.0,0.15156612972603367,99.49238578680203,100.0,0.18223732818004812,-0.046913026575492935,0.0,0.08,0.15156612972603367,0.15156612972603367,0
190,13,0.07162247598171234,0.04423275010188047,0.48194338136524284,0.24003310950441506,96.875,100.0,0.14338099710965252,0.48194338136524284,0.48194338136524284,0.4655547050921943,0.24003310950441506,0.24003310950441506,0
190,14,0.053609251976013184,0.04423275010188047,0.1922561578869528,0.27387707608191686,98.4375,100.0,0.29105085455578317,0.1922561578869528,0.1922561578869528,0.23380492630956223,0.27387707608191686,0.27387707608191686,0
190,8,0.046546828001737595,0.04423275010188047,0.05099338117112205,0.11696786555049056,99.21875,100.0,0.11532779152774467,0.05099338117112205,0.05099338117112205,0.12079470493689765,0.11696786555049056,0.11696786555049056,0
190,9,0.01958068087697029,0.04423275010188047,0.0,0.08000009056810777,100.0,100.0,0.0800001293830111,-0.814921772012073,0.0,0.08,0.08000009056810777,0.08000009056810777,0
190,4,0.1212141364812851,0.04423275010188047,0.7,0.43995305186386663,97.9020979020979,100.0,0.3542186455198095,1.0080930936446786,0.7,0.6399999999999999,0.43995305186386663,0.43995305186386663,0
190,17,0.021039480343461037,0.04423275010188047,0.0,0.08622728877994273,97.265625,100.0,0.08889612682848963,-0.7430645289652961,0.0,0.08,0.08622728877994273,0.08622728877994273,0
190,6,0.07781267911195755,0.04423275010188047,0.564838823688662,0.25534467609949274,98.93617021276596,100.0,0.13683336916316272,0.564838823688662,0.564838823688662,0.5318710589509296,0.25534467609949274,0.25534467609949274,0
190,2,0.10027525573968887,0.04423275010188047,0.7,0.5764103239935082,95.90163934426229,100.0,0.5491576057050118,0.818453368439808,0.7,0.6399999999999999,0.5764103239935082,0.5764103239935082,0
190,18,0.0583246685564518,0.04423275010188047,0.2765596133222733,0.23358357570328736,98.4375,100.0,0.20458466929420258,0.2765596133222733,0.2765596133222733,0.30124769065781865,0.23358357570328736,0.23358357570328736,0
190,19,0.031935155391693115,0.04423275010188047,0.0,0.08961206698060092,99.21875,100.0,0.09373152425800133,-0.3257579273114698,0.0,0.08,0.08961206698060092,0.08961206698060092,0
190,12,0.043901849538087845,0.04423275010188047,0.0,0.10449142615368645,98.4375,100.0,0.1149877516481235,-0.007509015639271826,0.0,0.08,0.10449142615368645,0.10449142615368645,0
190,1,0.11360988020896912,0.04423275010188047,0.7,0.4095473126767244,100.0,100.0,0.3107818752524634,0.9433048708741871,0.7,0.6399999999999999,0.4095473126767244,0.4095473126767244,0
191,15,0.07505141943693161,0.04433190896868369,0.5264686682768248,0.29165267046527543,99.609375,100.0,0.20185741439833918,0.5264686682768248,0.5264686682768248,0.5011749346214599,0.29165267046527543,0.29165267046527543,0
191,18,0.11378926783800125,0.04433190896868369,0.7,0.3555085029923011,99.609375,100.0,0.23358357570328736,0.9426433618208716,0.7,0.6399999999999999,0.3555085029923011,0.3555085029923011,0
191,3,0.08584100008010864,0.04433190896868369,0.6607919291801538,0.515979567581204,97.36842105263158,100.0,0.47627072082566735,0.6607919291801538,0.6607919291801538,0.608633543344123,0.515979567581204,0.515979567581204,0
191,14,0.061983950436115265,0.04433190896868369,0.33517071284977623,0.2961549243412881,98.046875,100.0,0.27387707608191686,0.33517071284977623,0.33517071284977623,0.34813657027982103,0.2961549243412881,0.2961549243412881,0
191,19,0.0250089094042778,0.04433190896868369,0.0,0.08672844688642065,98.828125,100.0,0.08961206698060092,-0.5724723986728831,0.0,0.08,0.08672844688642065,0.08672844688642065,0
191,4,0.0892784520983696,0.04433190896868369,0.7,0.49996713630470657,99.3006993006993,100.0,0.43995305186386663,0.7000553368012276,0.7,0.6399999999999999,0.49996713630470657,0.49996713630470657,0
191,13,0.03721059113740921,0.04433190896868369,0.0,0.19202317665309052,97.5,100.0,0.24003310950441506,-0.17511123858971417,0.0,0.08,0.19202317665309052,0.19202317665309052,0
191,10,0.045255932956933975,0.04433190896868369,0.020629061504236632,0.15807666256735856,99.57081545064378,100.0,0.18446526829477394,0.020629061504236632,0.020629061504236632,0.0965032492033893,0.15807666256735856,0.15807666256735856,0
191,7,0.04474341869354248,0.04433190896868369,0.00923965301835445,0.1049614142757217,100.0,100.0,0.11249128221616664,0.00923965301835445,0.00923965301835445,0.08739172241468356,0.1049614142757217,0.1049614142757217,0
191,0,0.03421301767230034,0.04433190896868369,0.0,0.13009629080822357,97.96954314720813,100.0,0.15156612972603367,-0.259098438457423,0.0,0.08,0.13009629080822357,0.13009629080822357,0
191,9,0.025406884029507637,0.04433190896868369,0.0,0.08000006339767543,98.828125,100.0,0.08000009056810777,-0.5566843804010014,0.0,0.08,0.08000006339767543,0.08000006339767543,0
191,1,0.030219731852412224,0.04433190896868369,0.0,0.3106831188737071,97.29729729729729,100.0,0.4095473126767244,-0.38320952155083726,0.0,0.08,0.3106831188737071,0.3106831188737071,0
191,16,0.009033743292093277,0.04433190896868369,0.0,0.07999999999999996,98.828125,100.0,0.07999999999999996,-1.5907370080461634,0.0,0.08,0.07999999999999996,0.07999999999999996,0
191,8,0.013775832951068878,0.04433190896868369,0.0,0.10587750588534339,99.21875,100.0,0.11696786555049056,-1.1687883886460537,0.0,0.08,0.10587750588534339,0.10587750588534339,0
191,5,0.264345645904541,0.04433190896868369,0.7,0.6399999999999997,92.96875,100.0,0.6399999999999997,1.7855526133430148,0.7,0.6399999999999999,0.6399999999999997,0.6399999999999997,0
191,6,0.030995817855000496,0.04433190896868369,0.0,0.2027412732696449,96.80851063829788,100.0,0.25534467609949274,-0.35785232597754735,0.0,0.08,0.2027412732696449,0.2027412732696449,0
191,11,0.01572277955710888,0.04433190896868369,0.0,0.08007503187973863,98.828125,100.0,0.08010718839962663,-1.0365937120822315,0.0,0.08,0.08007503187973863,0.08007503187973863,0
191,12,0.04386887699365616,0.04433190896868369,0.0,0.0971439983075805,99.609375,100.0,0.10449142615368645,-0.010499591783615266,0.0,0.08,0.0971439983075805,0.0971439983075805,0
191,2,0.11806339770555496,0.04433190896868369,0.7,0.5954872267954557,98.36065573770492,100.0,0.5764103239935082,0.9795168974972005,0.7,0.6399999999999999,0.5954872267954557,0.5954872267954557,0
191,17,0.04936002939939499,0.04433190896868369,0.10743624171902479,0.11014380015852586,98.828125,100.0,0.08622728877994273,0.10743624171902479,0.10743624171902479,0.16594899337521984,0.11014380015852586,0.11014380015852586,0
192,4,0.09199819713830948,0.044329332856175255,0.7,0.5419769954132946,98.6013986013986,100.0,0.49996713630470657,0.730122264492615,0.7,0.6399999999999999,0.5419769954132946,0.5419769954132946,0
192,10,0.02320702187716961,0.044329332856175255,0.0,0.134653663797151,100.0,100.0,0.15807666256735856,-0.6471914938383071,0.0,0.08,0.134653663797151,0.134653663797151,0
192,18,0.06589213758707047,0.044329332856175255,0.39637245317567477,0.3679853408567727,99.609375,100.0,0.3555085029923011,0.39637245317567477,0.39637245317567477,0.39709796254053986,0.3679853408567727,0.3679853408567727,0
192,11,0.04051225632429123,0.044329332856175255,0.0,0.08005252231581704,98.828125,100.0,0.08007503187973863,-0.09004202427878022,0.0,0.08,0.08005252231581704,0.08005252231581704,0
192,8,0.02933679148554802,0.044329332856175255,0.0,0.09811425411974037,99.21875,100.0,0.10587750588534339,-0.4128040734564136,0.0,0.08,0.09811425411974037,0.09811425411974037,0
192,12,0.041041046380996704,0.044329332856175255,0.0,0.09200079881530634,99.609375,100.0,0.0971439983075805,-0.07707388393053173,0.0,0.08,0.09200079881530634,0.09200079881530634,0
192,13,0.04470958560705185,0.044329332856175255,0.008541320666855269,0.16046614061720862,98.75,100.0,0.19202317665309052,0.008541320666855269,0.008541320666855269,0.08683305653348422,0.16046614061720862,0.16046614061720862,0
192,1,0.025943225249648094,0.044329332856175255,0.0,0.24147818321159495,100.0,100.0,0.3106831188737071,-0.5357359331328241,0.0,0.08,0.24147818321159495,0.24147818321159495,0
192,14,0.06609237939119339,0.044329332856175255,0.39940677768587846,0.32716607368351247,98.046875,100.0,0.2961549243412881,0.39940677768587846,0.39940677768587846,0.3995254221487028,0.32716607368351247,0.32716607368351247,0
192,15,0.06391865015029907,0.044329332856175255,0.36596451514559025,0.3159883529606345,99.21875,100.0,0.29165267046527543,0.36596451514559025,0.36596451514559025,0.37277161211647225,0.3159883529606345,0.3159883529606345,0
192,19,0.03093249537050724,0.044329332856175255,0.0,0.08470991282049445,99.609375,100.0,0.08672844688642065,-0.35983924001327633,0.0,0.08,0.08470991282049445,0.08470991282049445,0
192,16,0.010371970944106579,0.044329332856175255,0.0,0.07999999999999996,100.0,100.0,0.07999999999999996,-1.452538794308608,0.0,0.08,0.07999999999999996,0.07999999999999996,0
192,3,0.07181612402200699,0.044329332856175255,0.48246233389908333,0.5009766574426228,98.42105263157895,100.0,0.515979567581204,0.48246233389908333,0.48246233389908333,0.4659698671192667,0.5009766574426228,0.5009766574426228,0
192,7,0.016001250594854355,0.044329332856175255,0.0,0.09747298999300519,100.0,100.0,0.1049614142757217,-1.0189793184248364,0.0,0.08,0.09747298999300519,0.09747298999300519,0
192,6,0.04062006250023842,0.044329332856175255,0.0,0.1659188912887514,100.0,100.0,0.2027412732696449,-0.08738448374789613,0.0,0.08,0.1659188912887514,0.1659188912887514,0
192,0,0.0370667465031147,0.044329332856175255,0.0,0.11506740356575651,97.96954314720813,100.0,0.13009629080822357,-0.17892630794885203,0.0,0.08,0.11506740356575651,0.11506740356575651,0
192,17,0.028417421504855156,0.044329332856175255,0.0,0.1011006601109681,98.828125,100.0,0.11014380015852586,-0.4446440824792894,0.0,0.08,0.1011006601109681,0.1011006601109681,0
192,9,0.010028944350779057,0.044329332856175255,0.0,0.0800000443783728,99.609375,100.0,0.08000006339767543,-1.4861704803658562,0.0,0.08,0.0800000443783728,0.0800000443783728,0
192,2,0.0803421288728714,0.044329332856175255,0.5946474266014333,0.583556441141163,97.54098360655738,100.0,0.5954872267954557,0.5946474266014333,0.5946474266014333,0.5557179412811467,0.583556441141163,0.583556441141163,0
192,5,0.1860704869031906,0.044329332856175255,0.7,0.6399999999999997,92.1875,100.0,0.6399999999999997,1.4344787927740128,0.7,0.6399999999999999,0.6399999999999997,0.6399999999999997,0
193,13,0.029826950281858444,0.04395301551178421,0.0,0.13632629843204602,99.375,100.0,0.16046614061720862,-0.3877087696652448,0.0,0.08,0.13632629843204602,0.13632629843204602,0
193,0,0.0662921592593193,0.04395301551178421,0.41095031787662756,0.20317525878642018,97.96954314720813,100.0,0.11506740356575651,0.41095031787662756,0.41095031787662756,0.4087602543013021,0.20317525878642018,0.20317525878642018,0
193,18,0.0203205905854702,0.04395301551178421,0.0,0.2815897385997409,98.828125,100.0,0.3679853408567727,-0.7714862829753378,0.0,0.08,0.2815897385997409,0.2815897385997409,0
193,19,0.02294403687119484,0.04395301551178421,0.0,0.08329693897434612,98.828125,100.0,0.08470991282049445,-0.6500629543533428,0.0,0.08,0.08329693897434612,0.08329693897434612,0
193,5,0.19701816141605377,0.04395301551178421,0.7,0.6399999999999997,92.1875,100.0,0.6399999999999997,1.5001745035543028,0.7,0.6399999999999999,0.6399999999999997,0.6399999999999997,0
193,4,0.06089949980378151,0.04395301551178421,0.32610366386406336,0.4816487761166814,98.6013986013986,100.0,0.5419769954132946,0.32610366386406336,0.32610366386406336,0.34088293109125073,0.4816487761166814,0.4816487761166814,0
193,12,0.05247698724269867,0.04395301551178421,0.17725346420427865,0.1309413905797413,98.4375,100.0,0.09200079881530634,0.17725346420427865,0.17725346420427865,0.2218027713634229,0.1309413905797413,0.1309413905797413,0
193,11,0.02990610897541046,0.04395301551178421,0.0,0.08003676562107193,98.828125,100.0,0.08005252231581704,-0.38505835415427037,0.0,0.08,0.08003676562107193,0.08003676562107193,0
193,2,0.054032232612371445,0.04395301551178421,0.20645949217358545,0.48203978692047456,97.54098360655738,100.0,0.583556441141163,0.20645949217358545,0.20645949217358545,0.24516759373886837,0.48203978692047456,0.48203978692047456,0
193,9,0.014764275401830673,0.04395301551178421,0.0,0.08000003106486095,99.21875,100.0,0.0800000443783728,-1.0909103457108351,0.0,0.08,0.08000003106486095,0.08000003106486095,0
193,7,0.006371817551553249,0.04395301551178421,0.0,0.09223109299510363,100.0,100.0,0.09747298999300519,-1.9312351334113202,0.0,0.08,0.09223109299510363,0.09223109299510363,0
193,15,0.04252813756465912,0.04395301551178421,0.0,0.24519184707244412,98.4375,100.0,0.3159883529606345,-0.03295530927196313,0.0,0.08,0.24519184707244412,0.24519184707244412,0
193,1,0.19968275725841522,0.04395301551178421,0.7,0.36103472824811644,94.5945945945946,100.0,0.24147818321159495,1.513608481930253,0.7,0.6399999999999999,0.36103472824811644,0.36103472824811644,0
193,10,0.035496920347213745,0.04395301551178421,0.0,0.11825756465800569,99.57081545064378,100.0,0.134653663797151,-0.2136752379702709,0.0,0.08,0.11825756465800569,0.11825756465800569,0
193,16,0.017739320173859596,0.04395301551178421,0.0,0.07999999999999996,98.4375,100.0,0.07999999999999996,-0.9073372434078734,0.0,0.08,0.07999999999999996,0.07999999999999996,0
193,6,0.011974154971539974,0.04395301551178421,0.0,0.14014322390212597,97.87234042553192,100.0,0.1659188912887514,-1.3003700517326147,0.0,0.08,0.14014322390212597,0.14014322390212597,0
193,3,0.07738817483186722,0.04395301551178421,0.565712656571897,0.5104546977870912,96.84210526315789,100.0,0.5009766574426228,0.565712656571897,0.565712656571897,0.5325701252575176,0.5104546977870912,0.5104546977870912,0
193,17,0.03535568341612816,0.04395301551178421,0.0,0.09477046207767767,99.609375,100.0,0.1011006601109681,-0.2176620237985851,0.0,0.08,0.09477046207767767,0.09477046207767767,0
193,14,0.06096163019537926,0.04395301551178421,0.3271233554882048,0.33152585689562786,97.65625,100.0,0.32716607368351247,0.3271233554882048,0.3271233554882048,0.3416986843905639,0.33152585689562786,0.33152585689562786,0
193,8,0.01984076015651226,0.04395301551178421,0.0,0.09267997788381827,100.0,100.0,0.09811425411974037,-0.795382542144496,0.0,0.08,0.09267997788381827,0.09267997788381827,0
194,4,0.060045529156923294,0.04310034414877288,0.33157204630181747,0.44073143439411316,97.2027972027972,100.0,0.4816487761166814,0.33157204630181747,0.33157204630181747,0.345257637041454,0.44073143439411316,0.44073143439411316,0
194,13,0.04628124460577965,0.04310034414877288,0.07120579700042365,0.13651780018253387,97.5,100.0,0.13632629843204602,0.07120579700042365,0.07120579700042365,0.13696463760033892,0.13651780018253387,0.13651780018253387,0
194,19,0.024183258414268494,0.04310034414877288,0.0,0.08230785728204228,99.609375,100.0,0.08329693897434612,-0.5778702077811262,0.0,0.08,0.08230785728204228,0.08230785728204228,0
194,10,0.01580188050866127,0.04310034414877288,0.0,0.10678029526060398,99.57081545064378,100.0,0.11825756465800569,-1.0034016286627732,0.0,0.08,0.10678029526060398,0.10678029526060398,0
194,8,0.02601080946624279,0.04310034414877288,0.0,0.08887598451867279,99.609375,100.0,0.09267997788381827,-0.5050186292057707,0.0,0.08,0.08887598451867279,0.08887598451867279,0
194,9,0.02708745002746582,0.04310034414877288,0.0,0.08000002174540266,99.21875,100.0,0.08000003106486095,-0.4644603228053648,0.0,0.08,0.08000002174540266,0.08000002174540266,0
194,2,0.19749955832958221,0.04310034414877288,0.7,0.5294278508443322,98.36065573770492,100.0,0.48203978692047456,1.5222051846809594,0.7,0.6399999999999999,0.5294278508443322,0.5294278508443322,0
194,1,0.04001328721642494,0.04310034414877288,0.0,0.2767243097736815,100.0,100.0,0.36103472824811644,-0.07431938470301358,0.0,0.08,0.2767243097736815,0.2767243097736815,0
194,7,0.15801399946212769,0.04310034414877288,0.7,0.2565617650965725,97.89473684210526,100.0,0.09223109299510363,1.2991524825932317,0.7,0.6399999999999999,0.2565617650965725,0.2565617650965725,0
194,18,0.017277803272008896,0.04310034414877288,0.0,0.2211128170198186,97.65625,100.0,0.2815897385997409,-0.9141080053753785,0.0,0.08,0.2211128170198186,0.2211128170198186,0
194,14,0.04136449471116066,0.04310034414877288,0.0,0.2560680998269395,96.875,100.0,0.33152585689562786,-0.04110807503552656,0.0,0.08,0.2560680998269395,0.2560680998269395,0
194,15,0.029380779713392258,0.04310034414877288,0.0,0.19563429295071086,98.4375,100.0,0.24519184707244412,-0.3831901643153728,0.0,0.08,0.19563429295071086,0.19563429295071086,0
194,11,0.018785497173666954,0.04310034414877288,0.0,0.08002573593475035,99.21875,100.0,0.08003676562107193,-0.8304455364590001,0.0,0.08,0.08002573593475035,0.08002573593475035,0
194,5,0.2737576365470886,0.04310034414877288,0.7,0.6399999999999997,91.40625,100.0,0.6399999999999997,1.8487119993478804,0.7,0.6399999999999999,0.6399999999999997,0.6399999999999997,0
194,6,0.04927939921617508,0.04310034414877288,0.13397511686044128,0.15425428477799408,97.87234042553192,100.0,0.14014322390212597,0.13397511686044128,0.13397511686044128,0.18718009348835302,0.15425428477799408,0.15425428477799408,0
194,0,0.047575850039720535,0.04310034414877288,0.09879427658985948,0.1899333075320604,98.98477157360406,100.0,0.20317525878642018,0.09879427658985948,0.09879427658985948,0.15903542127188758,0.1899333075320604,0.1899333075320604,0
194,16,0.007970341481268406,0.04310034414877288,0.0,0.07999999999999996,99.21875,100.0,0.07999999999999996,-1.6878026216195445,0.0,0.08,0.07999999999999996,0.07999999999999996,0
194,12,0.05746650695800781,0.04310034414877288,0.28767125043418734,0.18470007351002388,98.828125,100.0,0.1309413905797413,0.28767125043418734,0.28767125043418734,0.31013700034734987,0.18470007351002388,0.18470007351002388,0
194,17,0.0567455068230629,0.04310034414877288,0.2750454405435742,0.15635022918483216,98.046875,100.0,0.09477046207767767,0.2750454405435742,0.2750454405435742,0.3000363524348594,0.15635022918483216,0.15635022918483216,0
194,3,0.08451918512582779,0.04310034414877288,0.6734474558334902,0.5429456778510015,98.42105263157895,100.0,0.5104546977870912,0.6734474558334902,0.6734474558334902,0.6187579646667921,0.5429456778510015,0.5429456778510015,0
195,2,0.10730891674757004,0.043172596699742605,0.7,0.5625994955910325,98.36065573770492,100.0,0.5294278508443322,0.9105056505201978,0.7,0.6399999999999999,0.5625994955910325,0.5625994955910325,0
195,15,0.06026436761021614,0.043172596699742605,0.3335349864888978,0.24099240182283305,98.4375,100.0,0.19563429295071086,0.3335349864888978,0.3335349864888978,0.34682798919111824,0.24099240182283305,0.24099240182283305,0
195,18,0.03891667351126671,0.043172596699742605,0.0,0.178778971913873,98.046875,100.0,0.2211128170198186,-0.10378314922986803,0.0,0.08,0.178778971913873,0.178778971913873,0
195,14,0.06276402622461319,0.043172596699742605,0.3741760479041997,0.2930499213758656,97.65625,100.0,0.2560680998269395,0.3741760479041997,0.3741760479041997,0.3793408383233598,0.2930499213758656,0.2930499213758656,0
195,9,0.011658884584903717,0.043172596699742605,0.0,0.08000001522178185,99.609375,100.0,0.08000002174540266,-1.3091368175593328,0.0,0.08,0.08000001522178185,0.08000001522178185,0
195,3,0.09258897602558136,0.043172596699742605,0.7,0.572061974495701,98.94736842105263,100.0,0.5429456778510015,0.7629640032212748,0.7,0.6399999999999999,0.572061974495701,0.572061974495701,0
195,7,0.01838579587638378,0.043172596699742605,0.0,0.20359323556760076,100.0,100.0,0.2565617650965725,-0.8536272427925048,0.0,0.08,0.20359323556760076,0.20359323556760076,0
195,8,0.013791126199066639,0.043172596699742605,0.0,0.08621318916307094,99.21875,100.0,0.08887598451867279,-1.141180108566514,0.0,0.08,0.08621318916307094,0.08621318916307094,0
195,0,0.046407390385866165,0.043172596699742605,0.07225274764120228,0.1742939747063308,98.4771573604061,100.0,0.1899333075320604,0.07225274764120228,0.07225274764120228,0.13780219811296182,0.1742939747063308,0.1742939747063308,0
195,11,0.03698119893670082,0.043172596699742605,0.0,0.08001801515432524,99.21875,100.0,0.08002573593475035,-0.15479627288769923,0.0,0.08,0.08001801515432524,0.08001801515432524,0
195,13,0.041160281747579575,0.043172596699742605,0.0,0.11956246012777372,98.75,100.0,0.13651780018253387,-0.04773219087401713,0.0,0.08,0.11956246012777372,0.11956246012777372,0
195,4,0.04660406336188316,0.043172596699742605,0.07648175856231364,0.3508676261308345,95.8041958041958,100.0,0.44073143439411316,0.07648175856231364,0.07648175856231364,0.14118540684985093,0.3508676261308345,0.3508676261308345,0
195,5,0.27616003155708313,0.043172596699742605,0.7,0.6399999999999997,92.96875,100.0,0.6399999999999997,1.8557743684285979,0.7,0.6399999999999999,0.6399999999999997,0.6399999999999997,0
195,17,0.04758377745747566,0.043172596699742605,0.09728591363892114,0.15679377970272357,98.4375,100.0,0.15635022918483216,0.09728591363892114,0.09728591363892114,0.15782873091113692,0.15679377970272357,0.15679377970272357,0
195,6,0.022906869649887085,0.043172596699742605,0.0,0.13197799934459584,98.93617021276596,100.0,0.15425428477799408,-0.6337689031131873,0.0,0.08,0.13197799934459584,0.13197799934459584,0
195,16,0.007744566071778536,0.043172596699742605,0.0,0.07999999999999996,99.609375,100.0,0.07999999999999996,-1.718213453306629,0.0,0.08,0.07999999999999996,0.07999999999999996,0
195,10,0.02378438413143158,0.043172596699742605,0.0,0.09874620668242279,98.28326180257511,100.0,0.10678029526060398,-0.5961765331053221,0.0,0.08,0.09874620668242279,0.09874620668242279,0
195,12,0.031388554722070694,0.043172596699742605,0.0,0.1532900514570167,97.65625,100.0,0.18470007351002388,-0.31876254418986766,0.0,0.08,0.1532900514570167,0.1532900514570167,0
195,19,0.00820515863597393,0.043172596699742605,0.0,0.0816155000974296,99.21875,100.0,0.08230785728204228,-1.6604419127870513,0.0,0.08,0.0816155000974296,0.0816155000974296,0
195,1,0.16317696869373322,0.043172596699742605,0.7,0.38570701684157704,94.5945945945946,100.0,0.2767243097736815,1.3296291807058234,0.7,0.6399999999999999,0.38570701684157704,0.38570701684157704,0
196,1,0.2213144749403,0.042859184792710656,0.7,0.4619949117891039,97.29729729729729,100.0,0.38570701684157704,1.6416644958285513,0.7,0.6399999999999999,0.4619949117891039,0.4619949117891039,0
196,12,0.03244442120194435,0.042859184792710656,0.0,0.1313030360199117,98.828125,100.0,0.1532900514570167,-0.2783913861786015,0.0,0.08,0.1313030360199117,0.1313030360199117,0
196,6,0.021239805966615677,0.042859184792710656,0.0,0.11638459954121708,100.0,100.0,0.13197799934459584,-0.7020426710870847,0.0,0.08,0.11638459954121708,0.11638459954121708,0
196,9,0.017526866868138313,0.042859184792710656,0.0,0.08000001065524728,97.65625,100.0,0.08000001522178185,-0.8941846791523675,0.0,0.08,0.08000001065524728,0.08000001065524728,0
196,5,0.2532471716403961,0.042859184792710656,0.7,0.6399999999999997,92.578125,100.0,0.6399999999999997,1.7764458113510593,0.7,0.6399999999999999,0.6399999999999997,0.6399999999999997,0
196,17,0.056416288018226624,0.042859184792710656,0.2748378857627014,0.19971673837495482,98.046875,100.0,0.15679377970272357,0.2748378857627014,0.2748378857627014,0.2998703086101611,0.19971673837495482,0.19971673837495482,0
196,7,0.0075051188468933105,0.042859184792710656,0.0,0.16651526489732052,100.0,100.0,0.20359323556760076,-1.7423335698729288,0.0,0.08,0.16651526489732052,0.16651526489732052,0
196,11,0.061487335711717606,0.042859184792710656,0.36091118990440696,0.16663129618508535,99.21875,100.0,0.08001801515432524,0.36091118990440696,0.36091118990440696,0.3687289519235256,0.16663129618508535,0.16663129618508535,0
196,15,0.03975553810596466,0.042859184792710656,0.0,0.1926946812759831,96.875,100.0,0.24099240182283305,-0.0751707965978516,0.0,0.08,0.1926946812759831,0.1926946812759831,0
196,3,0.03402993455529213,0.042859184792710656,0.0,0.4244433821469907,99.47368421052632,100.0,0.572061974495701,-0.23067934372893809,0.0,0.08,0.4244433821469907,0.4244433821469907,0
196,0,0.03759782388806343,0.042859184792710656,0.0,0.14600578229443154,99.49238578680203,100.0,0.1742939747063308,-0.13097376357498033,0.0,0.08,0.14600578229443154,0.14600578229443154,0
196,2,0.028479361906647682,0.042859184792710656,0.0,0.41781964691372275,99.18032786885246,100.0,0.5625994955910325,-0.4087401704903635,0.0,0.08,0.41781964691372275,0.41781964691372275,0
196,16,0.019364215433597565,0.042859184792710656,0.0,0.07999999999999996,99.609375,100.0,0.07999999999999996,-0.7944928890496041,0.0,0.08,0.07999999999999996,0.07999999999999996,0
196,4,0.0747896358370781,0.042859184792710656,0.5567592478095326,0.40322955776587194,97.2027972027972,100.0,0.3508676261308345,0.5567592478095326,0.5567592478095326,0.5254073982476261,0.40322955776587194,0.40322955776587194,0
196,13,0.046426258981227875,0.042859184792710656,0.0799452379198567,0.1268805791902072,98.125,100.0,0.11956246012777372,0.0799452379198567,0.0799452379198567,0.14395619033588536,0.1268805791902072,0.1268805791902072,0
196,10,0.01068020798265934,0.042859184792710656,0.0,0.09312234467769595,100.0,100.0,0.09874620668242279,-1.3895269592662096,0.0,0.08,0.09312234467769595,0.09312234467769595,0
196,18,0.051050733774900436,0.042859184792710656,0.1748999110909255,0.1911212590015332,97.65625,100.0,0.178778971913873,0.1748999110909255,0.1748999110909255,0.21991992887274042,0.1911212590015332,0.1911212590015332,0
196,8,0.032301485538482666,0.042859184792710656,0.0,0.08434923241414966,98.046875,100.0,0.08621318916307094,-0.2828066722935903,0.0,0.08,0.08434923241414966,0.08434923241414966,0
196,14,0.03955976292490959,0.042859184792710656,0.0,0.2291349449631059,96.875,100.0,0.2930499213758656,-0.08010743623074583,0.0,0.08,0.2291349449631059,0.2291349449631059,0
196,19,0.019535677507519722,0.042859184792710656,0.0,0.08113085006820071,99.21875,100.0,0.0816155000974296,-0.7856772814357451,0.0,0.08,0.08113085006820071,0.08113085006820071,0
197,10,0.015140394680202007,0.04215465423560737,0.0,0.08918564127438716,99.57081545064378,100.0,0.09312234467769595,-1.0239783594876304,0.0,0.08,0.08918564127438716,0.08918564127438716,0
197,4,0.027663297951221466,0.04215465423560737,0.0,0.30626069043611037,97.9020979020979,100.0,0.40322955776587194,-0.42123842394169503,0.0,0.08,0.30626069043611037,0.30626069043611037,0
197,9,0.03643247112631798,0.04215465423560737,0.0,0.0800000074586731,99.609375,100.0,0.08000001065524728,-0.14588462096687135,0.0,0.08,0.0800000074586731,0.0800000074586731,0
197,8,0.014872289262712002,0.04215465423560737,0.0,0.08304446268990476,98.828125,100.0,0.08434923241414966,-1.0418449635705789,0.0,0.08,0.08304446268990476,0.08304446268990476,0
197,14,0.05752871558070183,0.04215465423560737,0.31093906202641053,0.2590198363605127,98.046875,100.0,0.2291349449631059,0.31093906202641053,0.31093906202641053,0.32875124962112845,0.2590198363605127,0.2590198363605127,0
197,0,0.033895593136548996,0.04215465423560737,0.0,0.12620404760610207,99.49238578680203,100.0,0.14600578229443154,-0.21806003135949542,0.0,0.08,0.12620404760610207,0.12620404760610207,0
197,16,0.033406615257263184,0.04215465423560737,0.0,0.07999999999999996,99.609375,100.0,0.07999999999999996,-0.23259109503962697,0.0,0.08,0.07999999999999996,0.07999999999999996,0
197,12,0.0658254474401474,0.04215465423560737,0.44566131834858036,0.2228708416175975,98.828125,100.0,0.1313030360199117,0.44566131834858036,0.44566131834858036,0.4365290546788643,0.2228708416175975,0.2228708416175975,0
197,11,0.021513840183615685,0.04215465423560737,0.0,0.14064190732955972,99.609375,100.0,0.16663129618508535,-0.6726484140311164,0.0,0.08,0.14064190732955972,0.14064190732955972,0
197,19,0.022589396685361862,0.04215465423560737,0.0,0.0807915950477405,98.046875,100.0,0.08113085006820071,-0.6238642706937966,0.0,0.08,0.0807915950477405,0.0807915950477405,0
197,18,0.0350852906703949,0.04215465423560737,0.0,0.15778488130107324,100.0,100.0,0.1911212590015332,-0.18356307790930076,0.0,0.08,0.15778488130107324,0.15778488130107324,0
197,13,0.046638209372758865,0.04215465423560737,0.10107502685210033,0.13707441187764913,98.125,100.0,0.1268805791902072,0.10107502685210033,0.10107502685210033,0.16086002148168027,0.13707441187764913,0.13707441187764913,0
197,5,0.20846085250377655,0.04215465423560737,0.7,0.6399999999999997,94.140625,100.0,0.6399999999999997,1.5984059774578983,0.7,0.6399999999999999,0.6399999999999997,0.6399999999999997,0
197,3,0.07262619584798813,0.04215465423560737,0.5439804824458626,0.4516656832899005,97.36842105263158,100.0,0.4244433821469907,0.5439804824458626,0.5439804824458626,0.5151843859566901,0.4516656832899005,0.4516656832899005,0
197,2,0.08558336645364761,0.04215465423560737,0.7,0.4844737528396059,98.36065573770492,100.0,0.41781964691372275,0.7081457276332755,0.7,0.6399999999999999,0.4844737528396059,0.4844737528396059,0
197,6,0.019905628636479378,0.04215465423560737,0.0,0.10546921967885195,100.0,100.0,0.11638459954121708,-0.7503422961856184,0.0,0.08,0.10546921967885195,0.10546921967885195,0
197,7,0.010700800456106663,0.04215465423560737,0.0,0.14056068542812436,98.94736842105263,100.0,0.16651526489732052,-1.3710258541864122,0.0,0.08,0.14056068542812436,0.14056068542812436,0
197,1,0.09320870786905289,0.04215465423560737,0.7,0.5153964382523727,97.29729729729729,100.0,0.4619949117891039,0.7934959203372874,0.7,0.6399999999999999,0.5153964382523727,0.5153964382523727,0
197,15,0.05701285973191261,0.04215465423560737,0.3019316907721574,0.23134988267850592,96.875,100.0,0.1926946812759831,0.3019316907721574,0.3019316907721574,0.32154535261772593,0.23134988267850592,0.23134988267850592,0
197,17,0.03061416558921337,0.04215465423560737,0.0,0.16380171686246836,98.4375,100.0,0.19971673837495482,-0.319882180108714,0.0,0.08,0.16380171686246836,0.16380171686246836,0
198,18,0.043381016701459885,0.041388233002393825,0.04702531769071802,0.1457354931565236,96.875,100.0,0.15778488130107324,0.04702531769071802,0.04702531769071802,0.11762025415257442,0.1457354931565236,0.1457354931565236,0
198,5,0.27276235818862915,0.041388233002393825,0.7,0.6399999999999997,91.015625,100.0,0.6399999999999997,1.8856041148808493,0.7,0.6399999999999999,0.6399999999999997,0.6399999999999997,0
198,3,0.12585921585559845,0.041388233002393825,0.7,0.5081659783029303,97.89473684210526,100.0,0.4516656832899005,1.1121671721920798,0.7,0.6399999999999999,0.5081659783029303,0.5081659783029303,0
198,11,0.019906392320990562,0.041388233002393825,0.0,0.12244933513069181,99.21875,100.0,0.14064190732955972,-0.7319554503892863,0.0,0.08,0.12244933513069181,0.12244933513069181,0
198,16,0.013466312550008297,0.041388233002393825,0.0,0.07999999999999996,99.609375,100.0,0.07999999999999996,-1.1228049122950405,0.0,0.08,0.07999999999999996,0.07999999999999996,0
198,19,0.011547881178557873,0.041388233002393825,0.0,0.08055411653341835,99.21875,100.0,0.0807915950477405,-1.2764940166956913,0.0,0.08,0.08055411653341835,0.08055411653341835,0
198,6,0.019245749339461327,0.041388233002393825,0.0,0.09782845377519636,96.80851063829788,100.0,0.10546921967885195,-0.7657061126388036,0.0,0.08,0.09782845377519636,0.09782845377519636,0
198,14,0.061177078634500504,0.041388233002393825,0.3907758956571652,0.2991001004100785,97.65625,100.0,0.2590198363605127,0.3907758956571652,0.3907758956571652,0.3926207165257322,0.2991001004100785,0.2991001004100785,0
198,2,0.0664290115237236,0.041388233002393825,0.47313717708469455,0.47668454948805083,98.36065573770492,100.0,0.4844737528396059,0.47313717708469455,0.47313717708469455,0.45850974166775565,0.47668454948805083,0.47668454948805083,0
198,10,0.02706950157880783,0.041388233002393825,0.0,0.086429948892071,99.57081545064378,100.0,0.08918564127438716,-0.42458879448281145,0.0,0.08,0.086429948892071,0.086429948892071,0
198,9,0.011186551302671432,0.041388233002393825,0.0,0.08000000522107117,99.21875,100.0,0.0800000074586731,-1.3082836808761285,0.0,0.08,0.08000000522107117,0.08000000522107117,0
198,1,0.07131625711917877,0.041388233002393825,0.5441275966866921,0.515368129981467,94.5945945945946,100.0,0.5153964382523727,0.5441275966866921,0.5441275966866921,0.5153020773493536,0.515368129981467,0.515368129981467,0
198,7,0.01483165007084608,0.041388233002393825,0.0,0.12239247979968704,97.89473684210526,100.0,0.14056068542812436,-1.0262327651217533,0.0,0.08,0.12239247979968704,0.12239247979968704,0
198,17,0.027180202305316925,0.041388233002393825,0.0,0.13866120180372785,99.21875,100.0,0.16380171686246836,-0.4205076352718697,0.0,0.08,0.13866120180372785,0.13866120180372785,0
198,15,0.03970653936266899,0.041388233002393825,0.0,0.18594491787495412,98.4375,100.0,0.23134988267850592,-0.04148070961160917,0.0,0.08,0.18594491787495412,0.18594491787495412,0
198,13,0.044886089861392975,0.041388233002393825,0.08113131184367836,0.1394236031568372,97.5,100.0,0.13707441187764913,0.08113131184367836,0.08113131184367836,0.1449050494749427,0.1394236031568372,0.1394236031568372,0
198,4,0.0794796273112297,0.041388233002393825,0.6525039993519743,0.3949834431497511,97.9020979020979,100.0,0.30626069043611037,0.6525039993519743,0.6525039993519743,0.6020031994815794,0.3949834431497511,0.3949834431497511,0
198,12,0.05616464093327522,0.041388233002393825,0.30529071700162685,0.25327936121270866,98.4375,100.0,0.2228708416175975,0.30529071700162685,0.30529071700162685,0.3242325736013015,0.25327936121270866,0.25327936121270866,0
198,0,0.0708986446261406,0.041388233002393825,0.5382546026538308,0.24152393796119087,98.98477157360406,100.0,0.12620404760610207,0.5382546026538308,0.5382546026538308,0.5106036821230647,0.24152393796119087,0.24152393796119087,0
198,8,0.005176867824047804,0.041388233002393825,0.0,0.08213112388293332,100.0,100.0,0.08304446268990476,-2.0787947171680266,0.0,0.08,0.08213112388293332,0.08213112388293332,0
199,5,0.25726941227912903,0.04140378750536089,0.7,0.6399999999999997,92.578125,100.0,0.6399999999999997,1.8267512676843112,0.7,0.6399999999999999,0.6399999999999997,0.6399999999999997,0
199,1,0.10449583828449249,0.04140378750536089,0.7,0.5527576909870269,100.0,100.0,0.515368129981467,0.9257747374734165,0.7,0.6399999999999999,0.5527576909870269,0.5527576909870269,0
199,2,0.08603515475988388,0.04140378750536089,0.7,0.5256791846416355,98.36065573770492,100.0,0.47668454948805083,0.7313835014292983,0.7,0.6399999999999999,0.5256791846416355,0.5256791846416355,0
199,14,0.05216485634446144,0.04140378750536089,0.23103660594057263,0.28881885571279237,99.21875,100.0,0.2991001004100785,0.23103660594057263,0.23103660594057263,0.2648292847524581,0.28881885571279237,0.28881885571279237,0
199,6,0.01969810016453266,0.04140378750536089,0.0,0.09247991764263744,98.93617021276596,100.0,0.09782845377519636,-0.7428499033993051,0.0,0.08,0.09247991764263744,0.09247991764263744,0
199,8,0.02168883942067623,0.04140378750536089,0.0,0.08149178671805332,99.21875,100.0,0.08213112388293332,-0.6465743269095126,0.0,0.08,0.08149178671805332,0.08149178671805332,0
199,16,0.003900975687429309,0.04140378750536089,0.0,0.07999999999999996,99.21875,100.0,0.07999999999999996,-2.362143342238594,0.0,0.08,0.07999999999999996,0.07999999999999996,0
199,4,0.03331658989191055,0.04140378750536089,0.0,0.30048841020482575,97.9020979020979,100.0,0.3949834431497511,-0.21731683577573296,0.0,0.08,0.30048841020482575,0.30048841020482575,0
199,15,0.03309064358472824,0.04140378750536089,0.0,0.15416144251246788,98.046875,100.0,0.18594491787495412,-0.22412173033928773,0.0,0.08,0.15416144251246788,0.15416144251246788,0
199,7,0.019988033920526505,0.04140378750536089,0.0,0.10967473585978091,98.94736842105263,100.0,0.12239247979968704,-0.7282383129829416,0.0,0.08,0.10967473585978091,0.10967473585978091,0
199,11,0.0452529713511467,0.04140378750536089,0.08889595038150258,0.13104956268304488,98.4375,100.0,0.12244933513069181,0.08889595038150258,0.08889595038150258,0.15111676030520207,0.13104956268304488,0.13104956268304488,0
199,13,0.05145012587308884,0.04140378750536089,0.21724049934571565,0.17373424205275778,100.0,100.0,0.1394236031568372,0.21724049934571565,0.21724049934571565,0.25379239947657256,0.17373424205275778,0.17373424205275778,0
199,3,0.03533792123198509,0.04140378750536089,0.0,0.3797161848120512,99.47368421052632,100.0,0.5081659783029303,-0.15841567762220618,0.0,0.08,0.3797161848120512,0.3797161848120512,0
199,10,0.02349940314888954,0.04140378750536089,0.0,0.08450096422444969,98.71244635193133,100.0,0.086429948892071,-0.5663971553565991,0.0,0.08,0.08450096422444969,0.08450096422444969,0
199,9,0.0352417528629303,0.04140378750536089,0.0,0.08000000365474982,99.21875,100.0,0.08000000522107117,-0.16114077950318345,0.0,0.08,0.08000000365474982,0.08000000365474982,0
199,12,0.05696351081132889,0.04140378750536089,0.31903847338286423,0.2778647864607835,99.21875,100.0,0.25327936121270866,0.31903847338286423,0.31903847338286423,0.3352307787062914,0.2778647864607835,0.2778647864607835,0
199,18,0.0726626068353653,0.04140378750536089,0.562454437137283,0.26100391012251445,98.4375,100.0,0.1457354931565236,0.562454437137283,0.562454437137283,0.5299635497098264,0.26100391012251445,0.26100391012251445,0
199,0,0.07185570150613785,0.04140378750536089,0.5512874976411298,0.32537575600670476,97.96954314720813,100.0,0.24152393796119087,0.5512874976411298,0.5512874976411298,0.5210299981129038,0.32537575600670476,0.32537575600670476,0
199,19,0.019697710871696472,0.04140378750536089,0.0,0.08038788157339284,98.828125,100.0,0.08055411653341835,-0.742869666548144,0.0,0.08,0.08038788157339284,0.08038788157339284,0
199,17,0.054019566625356674,0.04140378750536089,0.2659739071580954,0.18489657898055237,98.828125,100.0,0.13866120180372785,0.2659739071580954,0.2659739071580954,0.2927791257264763,0.18489657898055237,0.18489657898055237,0
200,16,0.004943518899381161,0.041292953383981396,0.0,0.07999999999999996,98.828125,100.0,0.07999999999999996,-2.122612679065893,0.0,0.08,0.07999999999999996,0.07999999999999996,0
200,10,0.0174813661724329,0.041292953383981396,0.0,0.08315067495711478,99.14163090128756,100.0,0.08450096422444969,-0.8595560118106341,0.0,0.08,0.08315067495711478,0.08315067495711478,0
200,0,0.03539032116532326,0.041292953383981396,0.0,0.25176302920469334,98.98477157360406,100.0,0.32537575600670476,-0.15425345542954402,0.0,0.08,0.25176302920469334,0.25176302920469334,0
200,15,0.06223864480853081,0.041292953383981396,0.4102841593239385,0.23038120799647277,98.4375,100.0,0.15416144251246788,0.4102841593239385,0.4102841593239385,0.40822732745915086,0.23038120799647277,0.23038120799647277,0
200,3,0.05082981288433075,0.041292953383981396,0.2077911396424195,0.3396712028826165,97.89473684210526,100.0,0.3797161848120512,0.2077911396424195,0.2077911396424195,0.24623291171393563,0.3396712028826165,0.3396712028826165,0
200,11,0.039494361728429794,0.041292953383981396,0.0,0.1157346938781314,99.21875,100.0,0.13104956268304488,-0.044533933472297754,0.0,0.08,0.1157346938781314,0.1157346938781314,0
200,6,0.030354898422956467,0.041292953383981396,0.0,0.08873594234984619,97.87234042553192,100.0,0.09247991764263744,-0.30773387562981763,0.0,0.08,0.08873594234984619,0.08873594234984619,0
200,1,0.04021903872489929,0.041292953383981396,0.0,0.41093038369091883,100.0,100.0,0.5527576909870269,-0.026351375067017294,0.0,0.08,0.41093038369091883,0.41093038369091883,0
200,14,0.055765554308891296,0.041292953383981396,0.3004644444660104,0.29828466567079714,99.21875,100.0,0.28881885571279237,0.3004644444660104,0.3004644444660104,0.32037155557280833,0.29828466567079714,0.29828466567079714,0
200,7,0.09191810339689255,0.041292953383981396,0.7,0.2687723151018466,100.0,100.0,0.10967473585978091,0.800206001587892,0.7,0.6399999999999999,0.2687723151018466,0.2687723151018466,0
200,4,0.057121191173791885,0.041292953383981396,0.32448323942400564,0.3122178646051394,97.9020979020979,100.0,0.30048841020482575,0.32448323942400564,0.32448323942400564,0.33958659153920456,0.3122178646051394,0.3122178646051394,0
200,17,0.04337665066123009,0.041292953383981396,0.04922941633284017,0.1652426652062683,99.609375,100.0,0.18489657898055237,0.04922941633284017,0.04922941633284017,0.11938353306627214,0.1652426652062683,0.1652426652062683,0
200,19,0.041274309158325195,0.041292953383981396,0.0,0.08027151710137498,99.609375,100.0,0.08038788157339284,-0.0004516129246116357,0.0,0.08,0.08027151710137498,0.08027151710137498,0
200,13,0.05591292306780815,0.041292953383981396,0.3031036068458054,0.21835883507992374,98.75,100.0,0.17373424205275778,0.3031036068458054,0.3031036068458054,0.32248288547664433,0.21835883507992374,0.21835883507992374,0
200,18,0.044158827513456345,0.041292953383981396,0.06710096985964618,0.22280696985207518,98.046875,100.0,0.26100391012251445,0.06710096985964618,0.06710096985964618,0.13368077588771696,0.22280696985207518,0.22280696985207518,0
200,8,0.025432800874114037,0.041292953383981396,0.0,0.08104425070263732,99.21875,100.0,0.08149178671805332,-0.4846520002300519,0.0,0.08,0.08104425070263732,0.08104425070263732,0
200,5,0.1970599889755249,0.041292953383981396,0.7,0.6399999999999997,91.40625,100.0,0.6399999999999997,1.5628161383563735,0.7,0.6399999999999999,0.6399999999999997,0.6399999999999997,0
200,9,0.027477815747261047,0.041292953383981396,0.0,0.08000000255832487,100.0,100.0,0.08000000365474982,-0.40731276439397207,0.0,0.08,0.08000000255832487,0.08000000255832487,0
200,2,0.08523742854595184,0.041292953383981396,0.7,0.5599754292491448,100.0,100.0,0.5256791846416355,0.7247486495330394,0.7,0.6399999999999999,0.5599754292491448,0.5599754292491448,0
200,12,0.048604097217321396,0.041292953383981396,0.16301593064094075,0.25762917387637424,98.4375,100.0,0.2778647864607835,0.16301593064094075,0.16301593064094075,0.2104127445127526,0.25762917387637424,0.25762917387637424,0
