round,client_id,Li,Lg,g_pos,mu_final,acc_global,acc_personalized,mu_prev,g_raw,g_pos_clipped,mu_star,mu_smoothed,mu_bounded,warmup_active
0,13,2.2868006229400635,0.0,0.0,0.05,6.521739130434782,8.695652173913043,0.05,0.0,0.0,0.08,0.059,0.059,1
0,15,2.323188066482544,0.0,0.0,0.05,0.0,7.142857142857143,0.05,0.0,0.0,0.08,0.059,0.059,1
0,1,2.3374507427215576,0.0,0.0,0.05,0.0,0.0,0.05,0.0,0.0,0.08,0.059,0.059,1
0,4,2.320032835006714,0.0,0.0,0.05,0.0,0.0,0.05,0.0,0.0,0.08,0.059,0.059,1
0,2,2.2781593799591064,0.0,0.0,0.05,23.076923076923077,36.92307692307692,0.05,0.0,0.0,0.08,0.059,0.059,1
0,8,2.3017618656158447,0.0,0.0,0.05,1.171875,1.953125,0.05,0.0,0.0,0.08,0.059,0.059,1
0,17,2.348762273788452,0.0,0.0,0.05,0.0,0.0,0.05,0.0,0.0,0.08,0.059,0.059,1
0,10,2.2886147499084473,0.0,0.0,0.05,25.78125,21.09375,0.05,0.0,0.0,0.08,0.059,0.059,1
0,11,2.307774066925049,0.0,0.0,0.05,0.78125,0.390625,0.05,0.0,0.0,0.08,0.059,0.059,1
0,12,2.32865309715271,0.0,0.0,0.05,0.0,0.0,0.05,0.0,0.0,0.08,0.059,0.059,1
0,6,2.2882232666015625,0.0,0.0,0.05,11.71875,9.765625,0.05,0.0,0.0,0.08,0.059,0.059,1
0,5,2.3510653972625732,0.0,0.0,0.05,0.0,0.0,0.05,0.0,0.0,0.08,0.059,0.059,1
0,0,2.348846197128296,0.0,0.0,0.05,0.0,0.0,0.05,0.0,0.0,0.08,0.059,0.059,1
0,18,2.308084011077881,0.0,0.0,0.05,0.0,0.390625,0.05,0.0,0.0,0.08,0.059,0.059,1
0,19,2.300082206726074,0.0,0.0,0.05,7.03125,4.6875,0.05,0.0,0.0,0.08,0.059,0.059,1
0,7,2.318739891052246,0.0,0.0,0.05,0.390625,0.390625,0.05,0.0,0.0,0.08,0.059,0.059,1
0,9,2.3214271068573,0.0,0.0,0.05,7.8125,8.203125,0.05,0.0,0.0,0.08,0.059,0.059,1
0,16,2.273015260696411,0.0,0.0,0.05,32.27272727272727,34.54545454545455,0.05,0.0,0.0,0.08,0.059,0.059,1
0,3,2.2985951900482178,0.0,0.0,0.05,0.0,0.0,0.05,0.0,0.0,0.08,0.059,0.059,1
0,14,2.3309590816497803,0.0,0.0,0.05,0.0,0.0,0.05,0.0,0.0,0.08,0.059,0.059,1
1,13,2.201324224472046,2.3134119510650635,0.0,0.05,19.565217391304348,21.73913043478261,0.05,-0.04966437016577225,0.0,0.08,0.059,0.059,1
1,18,2.0707015991210938,2.3134119510650635,0.0,0.05,15.625,96.875,0.05,-0.11083598275207598,0.0,0.08,0.059,0.059,1
1,11,2.396146297454834,2.3134119510650635,0.035138267394437005,0.05,4.296875,91.015625,0.05,0.035138267394437005,0.035138267394437005,0.1081106139155496,0.06743318417466487,0.06743318417466487,1
1,10,2.2964723110198975,2.3134119510650635,0.0,0.05,1.953125,99.21875,0.05,-0.0073493021751504534,0.0,0.08,0.059,0.059,1
1,1,2.248786211013794,2.3134119510650635,0.0,0.05,0.0,54.166666666666664,0.05,-0.028332860876346323,0.0,0.08,0.059,0.059,1
1,16,2.320935010910034,2.3134119510650635,0.0032466565332600794,0.05,10.909090909090908,68.18181818181819,0.05,0.0032466565332600794,0.0032466565332600794,0.08259732522660806,0.05977919756798242,0.05977919756798242,1
1,12,2.655698299407959,2.3134119510650635,0.137984162631211,0.05,11.328125,93.359375,0.05,0.137984162631211,0.137984162631211,0.1903873301049688,0.09211619903149063,0.09211619903149063,1
1,14,1.7271287441253662,2.3134119510650635,0.0,0.05,80.8080808080808,64.64646464646465,0.05,-0.29226312418677936,0.0,0.08,0.059,0.059,1
1,6,2.2345712184906006,2.3134119510650635,0.0,0.05,5.078125,95.703125,0.05,-0.03467410862070762,0.0,0.08,0.059,0.059,1
1,5,1.8363252878189087,2.3134119510650635,0.0,0.05,53.515625,100.0,0.05,-0.23095702024051196,0.0,0.08,0.059,0.059,1
1,17,2.1111080646514893,2.3134119510650635,0.0,0.05,0.390625,98.828125,0.05,-0.09151051069980937,0.0,0.08,0.059,0.059,1
1,0,1.8158501386642456,2.3134119510650635,0.0,0.05,66.66666666666667,100.0,0.05,-0.2421697146870232,0.0,0.08,0.059,0.059,1
1,15,2.279026508331299,2.3134119510650635,0.0,0.05,14.285714285714286,78.57142857142857,0.05,-0.014975088059619324,0.0,0.08,0.059,0.059,1
1,2,2.26718807220459,2.3134119510650635,0.0,0.05,6.153846153846154,83.07692307692308,0.05,-0.020183140879620327,0.0,0.08,0.059,0.059,1
1,7,1.9240081310272217,2.3134119510650635,0.0,0.05,42.1875,73.828125,0.05,-0.18431289066832474,0.0,0.08,0.059,0.059,1
1,8,2.239253520965576,2.3134119510650635,0.0,0.05,14.453125,78.515625,0.05,-0.03258090898221112,0.0,0.08,0.059,0.059,1
1,4,1.796223521232605,2.3134119510650635,0.0,0.05,82.56880733944953,76.14678899082568,0.05,-0.2530370514733682,0.0,0.08,0.059,0.059,1
1,3,1.7601670026779175,2.3134119510650635,0.0,0.05,90.25641025641026,95.38461538461539,0.05,-0.2733147760910681,0.0,0.08,0.059,0.059,1
1,19,2.0306620597839355,2.3134119510650635,0.0,0.05,41.40625,92.578125,0.05,-0.13036159157460012,0.0,0.08,0.059,0.059,1
1,9,1.8624902963638306,2.3134119510650635,0.0,0.05,57.421875,88.28125,0.05,-0.21680900758485347,0.0,0.08,0.059,0.059,1
2,8,2.3306632041931152,2.297692370414734,0.014247561942879634,0.06241941486629111,11.71875,84.375,0.05,0.014247561942879634,0.014247561942879634,0.09139804955430371,0.06241941486629111,0.06241941486629111,0
2,0,1.739294171333313,2.297692370414734,0.0,0.059,83.33333333333333,50.0,0.05,-0.27842591839747666,0.0,0.08,0.059,0.059,0
2,9,1.2720520496368408,2.297692370414734,0.0,0.059,69.53125,92.578125,0.05,-0.5912739149488022,0.0,0.08,0.059,0.059,0
2,15,2.1608901023864746,2.297692370414734,0.0,0.059,14.285714285714286,64.28571428571429,0.05,-0.061385080538178066,0.0,0.08,0.059,0.059,0
2,5,1.1761128902435303,2.297692370414734,0.0,0.059,81.25,100.0,0.05,-0.6696904579398558,0.0,0.08,0.059,0.059,0
2,4,1.1484620571136475,2.297692370414734,0.0,0.059,77.98165137614679,89.90825688073394,0.05,-0.6934815920139373,0.0,0.08,0.059,0.059,0
2,19,1.6360338926315308,2.297692370414734,0.0,0.059,41.796875,96.875,0.05,-0.33963034557093535,0.0,0.08,0.059,0.059,0
2,18,1.492427945137024,2.297692370414734,0.0,0.059,73.828125,97.65625,0.05,-0.4315010125621339,0.0,0.08,0.059,0.059,0
2,7,1.627748966217041,2.297692370414734,0.0,0.059,44.53125,81.25,0.05,-0.34470724223794247,0.0,0.08,0.059,0.059,0
2,13,1.9234222173690796,2.297692370414734,0.0,0.059,19.565217391304348,67.3913043478261,0.05,-0.17779929689674798,0.0,0.08,0.059,0.059,0
2,14,1.036806583404541,2.297692370414734,0.0,0.059,75.75757575757575,94.94949494949495,0.05,-0.7957599004416512,0.0,0.08,0.059,0.059,0
2,11,2.5123941898345947,2.297692370414734,0.0893308565633107,0.08043940557519456,8.203125,96.09375,0.05,0.0893308565633107,0.0893308565633107,0.15146468525064857,0.08043940557519456,0.08043940557519456,0
2,17,2.2237582206726074,2.297692370414734,0.0,0.059,0.390625,98.828125,0.05,-0.03270664516756691,0.0,0.08,0.059,0.059,0
2,10,2.3599328994750977,2.297692370414734,0.026727884028228607,0.06541469216677487,17.96875,96.484375,0.05,0.026727884028228607,0.026727884028228607,0.10138230722258289,0.06541469216677487,0.06541469216677487,0
2,1,2.455023765563965,2.297692370414734,0.06623113933034538,0.07489547343928289,8.333333333333334,70.83333333333333,0.05,0.06623113933034538,0.06623113933034538,0.13298491146427632,0.07489547343928289,0.07489547343928289,0
2,3,1.3465971946716309,2.297692370414734,0.0,0.059,73.84615384615384,97.94871794871794,0.05,-0.5343244851314471,0.0,0.08,0.059,0.059,0
2,16,2.324815511703491,2.297692370414734,0.011735383970740476,0.061816492152977714,16.363636363636363,87.27272727272727,0.05,0.011735383970740476,0.011735383970740476,0.08938830717659238,0.061816492152977714,0.061816492152977714,0
2,2,2.1625449657440186,2.297692370414734,0.0,0.059,32.30769230769231,84.61538461538461,0.05,-0.060619548777146155,0.0,0.08,0.059,0.059,0
2,6,1.7295622825622559,2.297692370414734,0.0,0.059,14.0625,98.828125,0.05,-0.28403693999906676,0.0,0.08,0.059,0.059,0
2,12,2.648736000061035,2.297692370414734,0.14217724245611474,0.09312253818946753,13.671875,94.140625,0.05,0.14217724245611474,0.14217724245611474,0.1937417939648918,0.09312253818946753,0.09312253818946753,0
3,1,2.094299077987671,2.25105895280838,0.0,0.07642683140749802,12.5,75.0,0.07489547343928289,-0.07218182244370154,0.0,0.08,0.07642683140749802,0.07642683140749802,0
3,7,1.5846171379089355,2.25105895280838,0.0,0.0653,51.171875,83.984375,0.059,-0.35105792454090434,0.0,0.08,0.0653,0.0653,0
3,15,2.2063841819763184,2.25105895280838,0.0,0.0653,42.857142857142854,64.28571428571429,0.059,-0.020045692223886632,0.0,0.08,0.0653,0.0653,0
3,18,0.7879214286804199,2.25105895280838,0.0,0.0653,83.984375,97.65625,0.059,-1.0497576468327607,0.0,0.08,0.0653,0.0653,0
3,2,1.4369257688522339,2.25105895280838,0.0,0.0653,49.23076923076923,89.23076923076923,0.059,-0.44889479993740783,0.0,0.08,0.0653,0.0653,0
3,12,2.0652194023132324,2.25105895280838,0.0,0.08918577673262726,22.265625,93.359375,0.09312253818946753,-0.08616428192760743,0.0,0.08,0.08918577673262726,0.08918577673262726,0
3,16,1.947391152381897,2.25105895280838,0.0,0.06727154450708439,29.545454545454547,87.72727272727273,0.061816492152977714,-0.14491014424286017,0.0,0.08,0.06727154450708439,0.06727154450708439,0
3,4,0.8763494491577148,2.25105895280838,0.0,0.0653,78.89908256880734,96.3302752293578,0.059,-0.9433910972487819,0.0,0.08,0.0653,0.0653,0
3,10,2.0354156494140625,2.25105895280838,0.0,0.0697902845167424,18.75,98.046875,0.06541469216677487,-0.10070070235472776,0.0,0.08,0.0697902845167424,0.0697902845167424,0
3,17,2.238542079925537,2.25105895280838,0.0,0.0653,1.171875,99.21875,0.059,-0.005575954373788916,0.0,0.08,0.0653,0.0653,0
3,19,1.2246689796447754,2.25105895280838,0.0,0.0653,65.234375,95.703125,0.059,-0.6087301606845218,0.0,0.08,0.0653,0.0653,0
3,11,2.4151439666748047,2.25105895280838,0.07035814736584983,0.09719353927044015,5.46875,97.265625,0.08043940557519456,0.07035814736584983,0.07035814736584983,0.13628651789267987,0.09719353927044015,0.09719353927044015,0
3,14,0.6228151917457581,2.25105895280838,0.0,0.0653,85.85858585858585,95.95959595959596,0.059,-1.284906186240653,0.0,0.08,0.0653,0.0653,0
3,5,0.8981247544288635,2.25105895280838,0.0,0.0653,80.46875,100.0,0.059,-0.9188470400733811,0.0,0.08,0.0653,0.0653,0
3,6,1.1115530729293823,2.25105895280838,0.0,0.0653,66.40625,99.609375,0.059,-0.7056425444294374,0.0,0.08,0.0653,0.0653,0
3,0,1.103989839553833,2.25105895280838,0.0,0.0653,83.33333333333333,66.66666666666667,0.059,-0.7124700020644303,0.0,0.08,0.0653,0.0653,0
3,9,0.8436729907989502,2.25105895280838,0.0,0.0653,75.390625,95.3125,0.059,-0.9813910549043959,0.0,0.08,0.0653,0.0653,0
3,3,1.1354738473892212,2.25105895280838,0.0,0.0653,75.8974358974359,95.38461538461539,0.059,-0.6843506963288687,0.0,0.08,0.0653,0.0653,0
3,13,1.6751700639724731,2.25105895280838,0.0,0.0653,45.65217391304348,63.04347826086956,0.059,-0.29548605880983814,0.0,0.08,0.0653,0.0653,0
3,8,2.1852359771728516,2.25105895280838,0.0,0.06769359040640377,13.28125,89.453125,0.06241941486629111,-0.029676929633961617,0.0,0.08,0.06769359040640377,0.06769359040640377,0
4,12,1.659704327583313,2.1770302028656006,0.0,0.08643004371283908,41.015625,94.53125,0.08918577673262726,-0.27132218375179407,0.0,0.08,0.08643004371283908,0.08643004371283908,0
4,19,1.0122928619384766,2.1770302028656006,0.0,0.06971,66.40625,98.828125,0.0653,-0.7657437322211155,0.0,0.08,0.06971,0.06971,0
4,6,0.8930273652076721,2.1770302028656006,0.0,0.06971,68.359375,98.4375,0.0653,-0.891099703614988,0.0,0.08,0.06971,0.06971,0
4,1,1.7318729162216187,2.1770302028656006,0.0,0.07749878198524862,29.166666666666668,83.33333333333333,0.07642683140749802,-0.22875822115088418,0.0,0.08,0.07749878198524862,0.07749878198524862,0
4,4,0.8892062902450562,2.1770302028656006,0.0,0.06971,66.97247706422019,92.66055045871559,0.0653,-0.8953876719885867,0.0,0.08,0.06971,0.06971,0
4,11,2.2909462451934814,2.1770302028656006,0.05100328372528934,0.10427626558337755,5.859375,97.265625,0.09719353927044015,0.05100328372528934,0.05100328372528934,0.12080262698023148,0.10427626558337755,0.10427626558337755,0
4,9,0.8143415451049805,2.1770302028656006,0.0,0.06971,69.921875,94.140625,0.0653,-0.9833370604885782,0.0,0.08,0.06971,0.06971,0
4,7,1.4354623556137085,2.1770302028656006,0.0,0.06971,44.921875,82.8125,0.0653,-0.4164746570502632,0.0,0.08,0.06971,0.06971,0
4,13,1.5065197944641113,2.1770302028656006,0.0,0.06971,56.52173913043478,58.69565217391305,0.0653,-0.3681594348553838,0.0,0.08,0.06971,0.06971,0
4,18,0.5992941856384277,2.1770302028656006,0.0,0.06971,88.28125,96.875,0.0653,-1.2899643171675201,0.0,0.08,0.06971,0.06971,0
4,14,0.635259211063385,2.1770302028656006,0.0,0.06971,75.75757575757575,93.93939393939394,0.0653,-1.2316838016095992,0.0,0.08,0.06971,0.06971,0
4,5,0.6807236075401306,2.1770302028656006,0.0,0.06971,87.109375,100.0,0.0653,-1.1625605635371146,0.0,0.08,0.06971,0.06971,0
4,16,1.724564552307129,2.1770302028656006,0.0,0.07109008115495907,47.27272727272727,93.18181818181819,0.06727154450708439,-0.23298706939716485,0.0,0.08,0.07109008115495907,0.07109008115495907,0
4,17,1.902743935585022,2.1770302028656006,0.0,0.06971,1.953125,98.046875,0.0653,-0.13466463413569954,0.0,0.08,0.06971,0.06971,0
4,8,2.1110472679138184,2.1770302028656006,0.0,0.07138551328448264,12.109375,87.5,0.06769359040640377,-0.030777495771809917,0.0,0.08,0.07138551328448264,0.07138551328448264,0
4,10,1.632507085800171,2.1770302028656006,0.0,0.07285319916171967,39.453125,97.65625,0.0697902845167424,-0.28784473162312574,0.0,0.08,0.07285319916171967,0.07285319916171967,0
4,3,0.9679970145225525,2.1770302028656006,0.0,0.06971,83.07692307692308,97.43589743589743,0.0653,-0.8104879259178479,0.0,0.08,0.06971,0.06971,0
4,2,1.188814640045166,2.1770302028656006,0.0,0.06971,63.07692307692308,89.23076923076923,0.0653,-0.6050049420725285,0.0,0.08,0.06971,0.06971,0
4,15,1.7701302766799927,2.1770302028656006,0.0,0.06971,35.714285714285715,50.0,0.0653,-0.20690850819666393,0.0,0.08,0.06971,0.06971,0
4,0,0.7804948687553406,2.1770302028656006,0.0,0.06971,83.33333333333333,83.33333333333333,0.0653,-1.0257887609075989,0.0,0.08,0.06971,0.06971,0
5,11,1.9752198457717896,2.090541032361984,0.0,0.09699338590836429,5.078125,98.4375,0.10427626558337755,-0.05674319288302851,0.0,0.08,0.09699338590836429,0.09699338590836429,0
5,1,1.4468684196472168,2.090541032361984,0.0,0.07824914738967403,33.333333333333336,83.33333333333333,0.07749878198524862,-0.3680213872011003,0.0,0.08,0.07824914738967403,0.07824914738967403,0
5,10,1.2865664958953857,2.090541032361984,0.0,0.07499723941320377,56.640625,98.4375,0.07285319916171967,-0.4854458577991813,0.0,0.08,0.07499723941320377,0.07499723941320377,0
5,2,1.035094141960144,2.090541032361984,0.0,0.072797,70.76923076923077,95.38461538461539,0.06971,-0.7029305137612712,0.0,0.08,0.072797,0.072797,0
5,9,0.7221853733062744,2.090541032361984,0.0,0.072797,81.25,94.921875,0.06971,-1.062896313884033,0.0,0.08,0.072797,0.072797,0
5,4,0.8108973503112793,2.090541032361984,0.0,0.072797,77.06422018348624,95.41284403669725,0.06971,-0.947036696713627,0.0,0.08,0.072797,0.072797,0
5,5,0.5506219863891602,2.090541032361984,0.0,0.072797,85.546875,100.0,0.06971,-1.3341296416371182,0.0,0.08,0.072797,0.072797,0
5,18,0.49313926696777344,2.090541032361984,0.0,0.072797,80.46875,98.046875,0.06971,-1.4443865401938898,0.0,0.08,0.072797,0.072797,0
5,0,0.5507383942604065,2.090541032361984,0.0,0.072797,66.66666666666667,100.0,0.06971,-1.3339182523923059,0.0,0.08,0.072797,0.072797,0
5,15,1.4507644176483154,2.090541032361984,0.0,0.072797,28.571428571428573,57.142857142857146,0.06971,-0.36533229542122037,0.0,0.08,0.072797,0.072797,0
5,13,1.5396032333374023,2.090541032361984,0.0,0.072797,52.17391304347826,63.04347826086956,0.06971,-0.30589815538303794,0.0,0.08,0.072797,0.072797,0
5,8,2.067518949508667,2.090541032361984,0.0,0.07396985929913785,11.71875,92.96875,0.07138551328448264,-0.011073586286908093,0.0,0.08,0.07396985929913785,0.07396985929913785,0
5,14,0.5864704847335815,2.090541032361984,0.0,0.072797,80.8080808080808,96.96969696969697,0.06971,-1.2710558239323795,0.0,0.08,0.072797,0.072797,0
5,19,0.8944944143295288,2.090541032361984,0.0,0.072797,70.703125,98.046875,0.06971,-0.8489195137531722,0.0,0.08,0.072797,0.072797,0
5,3,0.8559207320213318,2.090541032361984,0.0,0.072797,86.15384615384616,98.46153846153847,0.06971,-0.8930004026424828,0.0,0.08,0.072797,0.072797,0
5,16,1.4107064008712769,2.090541032361984,0.0,0.07376305680847134,52.27272727272727,92.27272727272727,0.07109008115495907,-0.393332324869597,0.0,0.08,0.07376305680847134,0.07376305680847134,0
5,17,1.3424533605575562,2.090541032361984,0.0,0.072797,25.390625,99.609375,0.06971,-0.4429240909114858,0.0,0.08,0.072797,0.072797,0
5,7,1.4538880586624146,2.090541032361984,0.0,0.072797,37.890625,85.9375,0.06971,-0.3631815099333189,0.0,0.08,0.072797,0.072797,0
5,6,0.7892683744430542,2.090541032361984,0.0,0.072797,72.65625,99.609375,0.06971,-0.9740717626729752,0.0,0.08,0.072797,0.072797,0
5,12,1.2582381963729858,2.090541032361984,0.0,0.08450103059898735,52.734375,94.921875,0.08643004371283908,-0.5077104108278381,0.0,0.08,0.08450103059898735,0.08450103059898735,0
6,14,0.526986837387085,1.9961535460424424,0.0,0.0749579,86.86868686868686,95.95959595959596,0.072797,-1.3318017950871395,0.0,0.08,0.0749579,0.0749579,0
6,0,0.8625786900520325,1.9961535460424424,0.0,0.0749579,66.66666666666667,100.0,0.072797,-0.8390509946173438,0.0,0.08,0.0749579,0.0749579,0
6,4,0.750870406627655,1.9961535460424424,0.0,0.0749579,82.56880733944953,96.3302752293578,0.072797,-0.9777442966873435,0.0,0.08,0.0749579,0.0749579,0
6,17,1.2117117643356323,1.9961535460424424,0.0,0.0749579,34.375,100.0,0.072797,-0.4991880574034048,0.0,0.08,0.0749579,0.0749579,0
6,12,1.0660573244094849,1.9961535460424424,0.0,0.08315072141929114,62.5,93.359375,0.08450103059898735,-0.6272549978935638,0.0,0.08,0.08315072141929114,0.08315072141929114,0
6,8,1.943842887878418,1.9961535460424424,0.0,0.07577890150939649,13.28125,87.890625,0.07396985929913785,-0.026555217891075823,0.0,0.08,0.07577890150939649,0.07577890150939649,0
6,1,1.0911511182785034,1.9961535460424424,0.0,0.07877440317277182,45.833333333333336,70.83333333333333,0.07824914738967403,-0.6039888868458734,0.0,0.08,0.07877440317277182,0.07877440317277182,0
6,11,1.9710382223129272,1.9961535460424424,0.0,0.091895370135855,7.8125,96.484375,0.09699338590836429,-0.012661681413662343,0.0,0.08,0.091895370135855,0.091895370135855,0
6,7,1.1969032287597656,1.9961535460424424,0.0,0.0749579,39.453125,86.328125,0.072797,-0.5114845199647713,0.0,0.08,0.0749579,0.0749579,0
6,18,0.5001745223999023,1.9961535460424424,0.0,0.0749579,82.421875,99.21875,0.072797,-1.3840202834842419,0.0,0.08,0.0749579,0.0749579,0
6,15,1.488247275352478,1.9961535460424424,0.0,0.0749579,50.0,57.142857142857146,0.072797,-0.2936229978188921,0.0,0.08,0.0749579,0.0749579,0
6,13,1.135402798652649,1.9961535460424424,0.0,0.0749579,58.69565217391305,69.56521739130434,0.072797,-0.5642346213516897,0.0,0.08,0.0749579,0.0749579,0
6,6,0.6713066101074219,1.9961535460424424,0.0,0.0749579,75.0,99.21875,0.072797,-1.0897513932783602,0.0,0.08,0.0749579,0.0749579,0
6,3,0.8530515432357788,1.9961535460424424,0.0,0.0749579,86.15384615384616,98.46153846153847,0.072797,-0.8501574025752923,0.0,0.08,0.0749579,0.0749579,0
6,9,0.6062403321266174,1.9961535460424424,0.0,0.0749579,83.984375,95.3125,0.072797,-1.1917008741852897,0.0,0.08,0.0749579,0.0749579,0
6,16,1.4115391969680786,1.9961535460424424,0.0,0.07563413976592993,60.45454545454545,91.81818181818181,0.07376305680847134,-0.3465413616789782,0.0,0.08,0.07563413976592993,0.07563413976592993,0
6,10,1.2414464950561523,1.9961535460424424,0.0,0.07649806758924263,60.15625,97.65625,0.07499723941320377,-0.4749448707374356,0.0,0.08,0.07649806758924263,0.07649806758924263,0
6,2,0.7696840167045593,1.9961535460424424,0.0,0.0749579,66.15384615384616,89.23076923076923,0.072797,-0.9529973100973333,0.0,0.08,0.0749579,0.0749579,0
6,19,0.8863428235054016,1.9961535460424424,0.0,0.0749579,70.3125,99.609375,0.072797,-0.8118735647705364,0.0,0.08,0.0749579,0.0749579,0
6,5,0.5147924423217773,1.9961535460424424,0.0,0.0749579,84.765625,100.0,0.072797,-1.355213571562411,0.0,0.08,0.0749579,0.0749579,0
7,2,0.8696373701095581,1.8941581988339424,0.0,0.07647053,78.46153846153847,93.84615384615384,0.0749579,-0.7784534815590359,0.0,0.08,0.07647053,0.07647053,0
7,13,1.5018178224563599,1.8941581988339424,0.0,0.07647053,45.65217391304348,67.3913043478261,0.0749579,-0.23209826019810417,0.0,0.08,0.07647053,0.07647053,0
7,1,1.215004324913025,1.8941581988339424,0.0,0.07914208222094027,50.0,75.0,0.07877440317277182,-0.4440268782508309,0.0,0.08,0.07914208222094027,0.07914208222094027,0
7,18,0.41895419359207153,1.8941581988339424,0.0,0.07647053,85.546875,98.046875,0.0749579,-1.5087681872031633,0.0,0.08,0.07647053,0.07647053,0
7,8,1.9372186660766602,1.8941581988339424,0.02247874939197257,0.08244013091065096,14.453125,89.84375,0.07577890150939649,0.02247874939197257,0.02247874939197257,0.09798299951357806,0.08244013091065096,0.08244013091065096,0
7,4,0.7793339490890503,1.8941581988339424,0.0,0.07647053,89.90825688073394,93.57798165137615,0.0749579,-0.888090145547993,0.0,0.08,0.07647053,0.07647053,0
7,11,2.07002329826355,1.8941581988339424,0.08878534437795638,0.10963524174580802,7.421875,98.046875,0.091895370135855,0.08878534437795638,0.08878534437795638,0.1510282755023651,0.10963524174580802,0.10963524174580802,0
7,5,0.6222110986709595,1.8941581988339424,0.0,0.07647053,85.15625,100.0,0.0749579,-1.1132503636857838,0.0,0.08,0.07647053,0.07647053,0
7,19,0.795570969581604,1.8941581988339424,0.0,0.07647053,76.5625,98.4375,0.0749579,-0.8674697316759933,0.0,0.08,0.07647053,0.07647053,0
7,7,1.1848677396774292,1.8941581988339424,0.0,0.07647053,46.875,84.765625,0.0749579,-0.4691433581554232,0.0,0.08,0.07647053,0.07647053,0
7,9,0.5339855551719666,1.8941581988339424,0.0,0.07647053,84.375,97.265625,0.0749579,-1.2661609947670993,0.0,0.08,0.07647053,0.07647053,0
7,6,0.8303098082542419,1.8941581988339424,0.0,0.07647053,74.609375,98.828125,0.0749579,-0.8247308957027937,0.0,0.08,0.07647053,0.07647053,0
7,3,0.7108145952224731,1.8941581988339424,0.0,0.07647053,91.7948717948718,98.97435897435898,0.0749579,-0.9801181581956967,0.0,0.08,0.07647053,0.07647053,0
7,16,1.175344467163086,1.8941581988339424,0.0,0.07694389783615095,65.45454545454545,93.18181818181819,0.07563413976592993,-0.47721324618334465,0.0,0.08,0.07694389783615095,0.07694389783615095,0
7,10,1.0163260698318481,1.8941581988339424,0.0,0.07754864731246984,66.40625,98.046875,0.07649806758924263,-0.6225802804856905,0.0,0.08,0.07754864731246984,0.07754864731246984,0
7,12,0.9615721702575684,1.8941581988339424,0.0,0.08220550499350379,63.28125,94.53125,0.08315072141929114,-0.6779601691668875,0.0,0.08,0.08220550499350379,0.08220550499350379,0
7,17,1.0035556554794312,1.8941581988339424,0.0,0.07647053,45.703125,98.828125,0.0749579,-0.6352251638210727,0.0,0.08,0.07647053,0.07647053,0
7,0,1.1368499994277954,1.8941581988339424,0.0,0.07647053,83.33333333333333,83.33333333333333,0.0749579,-0.5105132346297068,0.0,0.08,0.07647053,0.07647053,0
7,14,0.5281046628952026,1.8941581988339424,0.0,0.07647053,82.82828282828282,97.97979797979798,0.0749579,-1.2772352936705704,0.0,0.08,0.07647053,0.07647053,0
7,15,1.4422938823699951,1.8941581988339424,0.0,0.07647053,57.142857142857146,57.142857142857146,0.0749579,-0.27253969591432153,0.0,0.08,0.07647053,0.07647053,0
8,19,0.8626130819320679,1.8029987702373982,0.0,0.07752937099999999,76.5625,97.265625,0.07647053,-0.7372402852941733,0.0,0.08,0.07752937099999999,0.07752937099999999,0
8,12,0.845022976398468,1.8029987702373982,0.0,0.08154385349545265,66.796875,96.484375,0.08220550499350379,-0.757842716859122,0.0,0.08,0.08154385349545265,0.08154385349545265,0
8,15,1.5414565801620483,1.8029987702373982,0.0,0.07752937099999999,28.571428571428573,57.142857142857146,0.07647053,-0.15672346053217995,0.0,0.08,0.07752937099999999,0.07752937099999999,0
8,11,1.8841779232025146,1.8029987702373982,0.04404034836699785,0.1113143528301451,9.765625,98.828125,0.10963524174580802,0.04404034836699785,0.04404034836699785,0.11523227869359828,0.1113143528301451,0.1113143528301451,0
8,10,0.9236699938774109,1.8029987702373982,0.0,0.07828405311872888,68.359375,97.265625,0.07754864731246984,-0.6688516774930553,0.0,0.08,0.07828405311872888,0.07828405311872888,0
8,2,0.8535746335983276,1.8029987702373982,0.0,0.07752937099999999,80.0,90.76923076923077,0.07647053,-0.7477735523887142,0.0,0.08,0.07752937099999999,0.07752937099999999,0
8,16,1.1149859428405762,1.8029987702373982,0.0,0.07786072848530566,70.0,91.36363636363636,0.07694389783615095,-0.4806094612191289,0.0,0.08,0.07786072848530566,0.07786072848530566,0
8,3,0.8256585597991943,1.8029987702373982,0.0,0.07752937099999999,83.58974358974359,98.97435897435898,0.07647053,-0.7810252123719653,0.0,0.08,0.07752937099999999,0.07752937099999999,0
8,5,0.519239604473114,1.8029987702373982,0.0,0.07752937099999999,82.03125,100.0,0.07647053,-1.244841085143236,0.0,0.08,0.07752937099999999,0.07752937099999999,0
8,0,0.2835372984409332,1.8029987702373982,0.0,0.07752937099999999,83.33333333333333,100.0,0.07647053,-1.849862832736451,0.0,0.08,0.07752937099999999,0.07752937099999999,0
8,1,1.090673565864563,1.8029987702373982,0.0,0.07939945755465819,37.5,87.5,0.07914208222094027,-0.5026558028111192,0.0,0.08,0.07939945755465819,0.07939945755465819,0
8,4,0.590668797492981,1.8029987702373982,0.0,0.07752937099999999,87.1559633027523,97.24770642201835,0.07647053,-1.115951079770598,0.0,0.08,0.07752937099999999,0.07752937099999999,0
8,6,0.7824772000312805,1.8029987702373982,0.0,0.07752937099999999,69.53125,98.828125,0.07647053,-0.8347417492552128,0.0,0.08,0.07752937099999999,0.07752937099999999,0
8,7,1.2646945714950562,1.8029987702373982,0.0,0.07752937099999999,46.09375,87.109375,0.07647053,-0.354620612227162,0.0,0.08,0.07752937099999999,0.07752937099999999,0
8,13,1.3439522981643677,1.8029987702373982,0.0,0.07752937099999999,45.65217391304348,82.6086956521739,0.07647053,-0.293836511227992,0.0,0.08,0.07752937099999999,0.07752937099999999,0
8,18,0.37914228439331055,1.8029987702373982,0.0,0.07752937099999999,85.546875,97.65625,0.07647053,-1.559294965116823,0.0,0.08,0.07752937099999999,0.07752937099999999,0
8,14,0.49273446202278137,1.8029987702373982,0.0,0.07752937099999999,88.88888888888889,95.95959595959596,0.07647053,-1.297236114039803,0.0,0.08,0.07752937099999999,0.07752937099999999,0
8,17,0.9952932000160217,1.8029987702373982,0.0,0.07752937099999999,51.953125,99.21875,0.07647053,-0.5941691695035836,0.0,0.08,0.07752937099999999,0.07752937099999999,0
8,9,0.521334707736969,1.8029987702373982,0.0,0.07752937099999999,80.46875,96.875,0.07647053,-1.2408142587454132,0.0,0.08,0.07752937099999999,0.07752937099999999,0
8,8,1.930017113685608,1.8029987702373982,0.06807760755080544,0.09804671744964898,14.0625,90.234375,0.08244013091065096,0.06807760755080544,0.06807760755080544,0.13446208604064436,0.09804671744964898,0.09804671744964898,0
9,7,1.18303644657135,1.7085082789901782,0.0,0.07827055969999999,45.3125,91.796875,0.07752937099999999,-0.36753624260749473,0.0,0.08,0.07827055969999999,0.07827055969999999,0
9,4,0.6108306050300598,1.7085082789901782,0.0,0.07827055969999999,84.40366972477064,94.4954128440367,0.07752937099999999,-1.0285562282346927,0.0,0.08,0.07827055969999999,0.07827055969999999,0
9,8,1.7225749492645264,1.7085082789901782,0.008199596494139698,0.0946006053733478,17.1875,89.453125,0.09804671744964898,0.008199596494139698,0.008199596494139698,0.08655967719531175,0.0946006053733478,0.0946006053733478,0
9,16,0.924892246723175,1.7085082789901782,0.0,0.07850250993971396,71.81818181818181,94.54545454545455,0.07786072848530566,-0.6136986716520554,0.0,0.08,0.07850250993971396,0.07850250993971396,0
9,5,0.3839125633239746,1.7085082789901782,0.0,0.07827055969999999,83.984375,100.0,0.07752937099999999,-1.492961070131393,0.0,0.08,0.07827055969999999,0.07827055969999999,0
9,13,1.095727562904358,1.7085082789901782,0.0,0.07827055969999999,52.17391304347826,54.34782608695652,0.07752937099999999,-0.4442020514197533,0.0,0.08,0.07827055969999999,0.07827055969999999,0
9,11,2.0459671020507812,1.7085082789901782,0.18024994895383856,0.14518003473002283,10.15625,96.875,0.1113143528301451,0.18024994895383856,0.18024994895383856,0.22419995916307084,0.14518003473002283,0.14518003473002283,0
9,17,0.6387701630592346,1.7085082789901782,0.0,0.07827055969999999,74.609375,98.4375,0.07752937099999999,-0.9838312000540285,0.0,0.08,0.07827055969999999,0.07827055969999999,0
9,19,0.6639259457588196,1.7085082789901782,0.0,0.07827055969999999,82.03125,98.046875,0.07752937099999999,-0.9452052923150139,0.0,0.08,0.07827055969999999,0.07827055969999999,0
9,2,0.5834082961082458,1.7085082789901782,0.0,0.07827055969999999,78.46153846153847,93.84615384615384,0.07752937099999999,-1.0744886284142163,0.0,0.08,0.07827055969999999,0.07827055969999999,0
9,6,0.600232720375061,1.7085082789901782,0.0,0.07827055969999999,76.171875,98.4375,0.07752937099999999,-1.0460584591950144,0.0,0.08,0.07827055969999999,0.07827055969999999,0
9,0,0.09598962217569351,1.7085082789901782,0.0,0.07827055969999999,100.0,83.33333333333333,0.07752937099999999,-2.879135735696306,0.0,0.08,0.07827055969999999,0.07827055969999999,0
9,9,0.6051076054573059,1.7085082789901782,0.0,0.07827055969999999,79.296875,97.265625,0.07752937099999999,-1.0379696041604838,0.0,0.08,0.07827055969999999,0.07827055969999999,0
9,18,0.4949484169483185,1.7085082789901782,0.0,0.07827055969999999,86.328125,98.046875,0.07752937099999999,-1.23892235400451,0.0,0.08,0.07827055969999999,0.07827055969999999,0
9,3,0.8000331521034241,1.7085082789901782,0.0,0.07827055969999999,88.71794871794872,98.46153846153847,0.07752937099999999,-0.7587227437239895,0.0,0.08,0.07827055969999999,0.07827055969999999,0
9,1,0.9717704653739929,1.7085082789901782,0.0,0.07957962028826072,70.83333333333333,87.5,0.07939945755465819,-0.564256283032731,0.0,0.08,0.07957962028826072,0.07957962028826072,0
9,14,0.557135283946991,1.7085082789901782,0.0,0.07827055969999999,86.86868686868686,94.94949494949495,0.07752937099999999,-1.120567815158716,0.0,0.08,0.07827055969999999,0.07827055969999999,0
9,15,1.5505239963531494,1.7085082789901782,0.0,0.07827055969999999,21.428571428571427,50.0,0.07752937099999999,-0.09702770176615118,0.0,0.08,0.07827055969999999,0.07827055969999999,0
9,12,0.8824317455291748,1.7085082789901782,0.0,0.08108069744681685,69.140625,94.921875,0.08154385349545265,-0.6606944681899202,0.0,0.08,0.08108069744681685,0.08108069744681685,0
9,10,0.8157462477684021,1.7085082789901782,0.0,0.0787988371831102,80.078125,98.4375,0.07828405311872888,-0.7392725751727635,0.0,0.08,0.0787988371831102,0.0787988371831102,0
10,16,0.8636415004730225,1.6108554059842726,0.0,0.07895175695779977,70.9090909090909,92.27272727272727,0.07850250993971396,-0.6233628668894176,0.0,0.08,0.07895175695779977,0.07895175695779977,0
10,0,0.26991382241249084,1.6108554059842726,0.0,0.07878939179,100.0,66.66666666666667,0.07827055969999999,-1.7864178623073783,0.0,0.08,0.07878939179,0.07878939179,0
10,11,1.8747813701629639,1.6108554059842726,0.1517267032031043,0.16204043307976101,15.234375,98.4375,0.14518003473002283,0.1517267032031043,0.1517267032031043,0.20138136256248346,0.16204043307976101,0.16204043307976101,0
10,1,1.155916452407837,1.6108554059842726,0.0,0.07970573420178251,70.83333333333333,91.66666666666667,0.07957962028826072,-0.3318718488889539,0.0,0.08,0.07970573420178251,0.07970573420178251,0
10,7,1.1503376960754395,1.6108554059842726,0.0,0.07878939179,51.5625,90.234375,0.07827055969999999,-0.3367097954517124,0.0,0.08,0.07878939179,0.07878939179,0
10,6,0.715225338935852,1.6108554059842726,0.0,0.07878939179,72.265625,99.609375,0.07827055969999999,-0.8119229647828193,0.0,0.08,0.07878939179,0.07878939179,0
10,3,0.741354763507843,1.6108554059842726,0.0,0.07878939179,88.71794871794872,96.92307692307692,0.07827055969999999,-0.7760413437741347,0.0,0.08,0.07878939179,0.07878939179,0
10,2,0.7383853197097778,1.6108554059842726,0.0,0.07878939179,86.15384615384616,93.84615384615384,0.07827055969999999,-0.7800548158393713,0.0,0.08,0.07878939179,0.07878939179,0
10,13,1.2371273040771484,1.6108554059842726,0.0,0.07878939179,56.52173913043478,67.3913043478261,0.07827055969999999,-0.2639733424137358,0.0,0.08,0.07878939179,0.07878939179,0
10,15,1.2666218280792236,1.6108554059842726,0.0,0.07878939179,57.142857142857146,57.142857142857146,0.07827055969999999,-0.24041196572699539,0.0,0.08,0.07878939179,0.07878939179,0
10,17,0.7022580504417419,1.6108554059842726,0.0,0.07878939179,67.1875,100.0,0.07827055969999999,-0.8302196872153906,0.0,0.08,0.07878939179,0.07878939179,0
10,10,0.7010691165924072,1.6108554059842726,0.0,0.07915918602817715,81.25,97.65625,0.0787988371831102,-0.8319141375827579,0.0,0.08,0.07915918602817715,0.07915918602817715,0
10,4,0.510940432548523,1.6108554059842726,0.0,0.07878939179,88.9908256880734,97.24770642201835,0.07827055969999999,-1.1482675985315358,0.0,0.08,0.07878939179,0.07878939179,0
10,18,0.3263573944568634,1.6108554059842726,0.0,0.07878939179,85.9375,98.4375,0.07827055969999999,-1.5965275176343279,0.0,0.08,0.07878939179,0.07878939179,0
10,12,0.8805503249168396,1.6108554059842726,0.0,0.08075648821277179,72.65625,92.96875,0.08108069744681685,-0.6039735385663791,0.0,0.08,0.08075648821277179,0.08075648821277179,0
10,5,0.5725036859512329,1.6108554059842726,0.0,0.07878939179,85.9375,100.0,0.07827055969999999,-1.0345014399394303,0.0,0.08,0.07878939179,0.07878939179,0
10,9,0.522379994392395,1.6108554059842726,0.0,0.07878939179,87.890625,95.3125,0.07827055969999999,-1.126125330358437,0.0,0.08,0.07878939179,0.07878939179,0
10,8,1.889032006263733,1.6108554059842726,0.15929918499057466,0.12845222815908136,17.578125,94.53125,0.0946006053733478,0.15929918499057466,0.15929918499057466,0.20743934799245972,0.12845222815908136,0.12845222815908136,0
10,14,0.5164398550987244,1.6108554059842726,0.0,0.07878939179,84.84848484848484,100.0,0.07827055969999999,-1.1375617770643567,0.0,0.08,0.07878939179,0.07878939179,0
10,19,0.7479686141014099,1.6108554059842726,0.0,0.07878939179,77.734375,96.875,0.07827055969999999,-0.7671596004507868,0.0,0.08,0.07878939179,0.07878939179,0
11,16,0.8892878890037537,1.5237568695467263,0.0,0.07926622987045984,74.54545454545455,91.81818181818181,0.07895175695779977,-0.5385131666785651,0.0,0.08,0.07926622987045984,0.07926622987045984,0
11,12,0.8123292922973633,1.5237568695467263,0.0,0.08052954174894025,63.671875,94.53125,0.08075648821277179,-0.6290283930123527,0.0,0.08,0.08052954174894025,0.08052954174894025,0
11,13,1.2973766326904297,1.5237568695467263,0.0,0.07915257425299999,52.17391304347826,65.21739130434783,0.07878939179,-0.16083465821483775,0.0,0.08,0.07915257425299999,0.07915257425299999,0
11,1,0.7046964168548584,1.5237568695467263,0.0,0.07979401394124774,54.166666666666664,91.66666666666667,0.07970573420178251,-0.7711670857926873,0.0,0.08,0.07979401394124774,0.07979401394124774,0
11,14,0.5335373282432556,1.5237568695467263,0.0,0.07915257425299999,90.9090909090909,93.93939393939394,0.07878939179,-1.0494051400363198,0.0,0.08,0.07915257425299999,0.07915257425299999,0
11,15,1.6933423280715942,1.5237568695467263,0.10552537398490326,0.10447866400937678,7.142857142857143,71.42857142857143,0.07878939179,0.10552537398490326,0.10552537398490326,0.16442029918792261,0.10447866400937678,0.10447866400937678,0
11,10,0.7372239828109741,1.5237568695467263,0.0,0.079411430219724,77.34375,98.4375,0.07915918602817715,-0.7260424245340824,0.0,0.08,0.079411430219724,0.079411430219724,0
11,19,0.6163403987884521,1.5237568695467263,0.0,0.07915257425299999,82.8125,97.65625,0.07878939179,-0.9051347730947057,0.0,0.08,0.07915257425299999,0.07915257425299999,0
11,6,0.5916094779968262,1.5237568695467263,0.0,0.07915257425299999,74.21875,100.0,0.07878939179,-0.9460874270980947,0.0,0.08,0.07915257425299999,0.07915257425299999,0
11,9,0.423827201128006,1.5237568695467263,0.0,0.07915257425299999,87.5,96.875,0.07878939179,-1.2796083444159656,0.0,0.08,0.07915257425299999,0.07915257425299999,0
11,18,0.41918104887008667,1.5237568695467263,0.0,0.07915257425299999,84.765625,98.046875,0.07878939179,-1.2906312476712996,0.0,0.08,0.07915257425299999,0.07915257425299999,0
11,0,0.6813508868217468,1.5237568695467263,0.0,0.07915257425299999,83.33333333333333,100.0,0.07878939179,-0.8048567552268454,0.0,0.08,0.07915257425299999,0.07915257425299999,0
11,17,0.5013837814331055,1.5237568695467263,0.0,0.07915257425299999,80.859375,99.21875,0.07878939179,-1.111562337081769,0.0,0.08,0.07915257425299999,0.07915257425299999,0
11,11,1.7581570148468018,1.5237568695467263,0.14308719875526424,0.1717692308570961,16.796875,99.21875,0.16204043307976101,0.14308719875526424,0.14308719875526424,0.1944697590042114,0.1717692308570961,0.1717692308570961,0
11,3,0.7577292919158936,1.5237568695467263,0.0,0.07915257425299999,91.28205128205128,97.43589743589743,0.07878939179,-0.6986079952878719,0.0,0.08,0.07915257425299999,0.07915257425299999,0
11,8,1.8317397832870483,1.5237568695467263,0.18408730525010758,0.15809751297138275,17.1875,91.015625,0.12845222815908136,0.18408730525010758,0.18408730525010758,0.22726984420008606,0.15809751297138275,0.15809751297138275,0
11,2,0.5509019494056702,1.5237568695467263,0.0,0.07915257425299999,83.07692307692308,98.46153846153847,0.07878939179,-1.017377334456194,0.0,0.08,0.07915257425299999,0.07915257425299999,0
11,5,0.5193260908126831,1.5237568695467263,0.0,0.07915257425299999,82.421875,100.0,0.07878939179,-1.0764021845466891,0.0,0.08,0.07915257425299999,0.07915257425299999,0
11,4,0.5888921618461609,1.5237568695467263,0.0,0.07915257425299999,85.3211009174312,95.41284403669725,0.07878939179,-0.9506910986426328,0.0,0.08,0.07915257425299999,0.07915257425299999,0
11,7,1.211580514907837,1.5237568695467263,0.0,0.07915257425299999,50.0,88.28125,0.07878939179,-0.2292531905030901,0.0,0.08,0.07915257425299999,0.07915257425299999,0
12,12,0.7874429225921631,1.440683547775884,0.0,0.08037067922425817,62.5,95.703125,0.08052954174894025,-0.6040820713146062,0.0,0.08,0.08037067922425817,0.08037067922425817,0
12,17,0.5294966697692871,1.440683547775884,0.0,0.07940680197709998,87.109375,100.0,0.07915257425299999,-1.00094607831895,0.0,0.08,0.07940680197709998,0.07940680197709998,0
12,13,1.0598684549331665,1.440683547775884,0.0,0.07940680197709998,45.65217391304348,76.08695652173913,0.07915257425299999,-0.3069728831182743,0.0,0.08,0.07940680197709998,0.07940680197709998,0
12,5,0.5126169323921204,1.440683547775884,0.0,0.07940680197709998,85.15625,100.0,0.07915257425299999,-1.0333441075782217,0.0,0.08,0.07940680197709998,0.07940680197709998,0
12,4,0.5563397407531738,1.440683547775884,0.0,0.07940680197709998,88.9908256880734,97.24770642201835,0.07915257425299999,-0.9514938027053136,0.0,0.08,0.07940680197709998,0.07940680197709998,0
12,14,0.4467739462852478,1.440683547775884,0.0,0.07940680197709998,92.92929292929293,98.98989898989899,0.07915257425299999,-1.170820196767026,0.0,0.08,0.07940680197709998,0.07940680197709998,0
12,0,0.3441356122493744,1.440683547775884,0.0,0.07940680197709998,100.0,83.33333333333333,0.07915257425299999,-1.4318371424370056,0.0,0.08,0.07940680197709998,0.07940680197709998,0
12,2,0.7961668372154236,1.440683547775884,0.0,0.07940680197709998,84.61538461538461,95.38461538461539,0.07915257425299999,-0.5930642019044872,0.0,0.08,0.07940680197709998,0.07940680197709998,0
12,9,0.5434807538986206,1.440683547775884,0.0,0.07940680197709998,84.765625,96.875,0.07915257425299999,-0.9748786599148339,0.0,0.08,0.07940680197709998,0.07940680197709998,0
12,19,0.5963364243507385,1.440683547775884,0.0,0.07940680197709998,83.59375,97.65625,0.07915257425299999,-0.8820679778708629,0.0,0.08,0.07940680197709998,0.07940680197709998,0
12,11,1.8054510354995728,1.440683547775884,0.2256927534149306,0.19840472241955062,14.453125,99.21875,0.1717692308570961,0.2256927534149306,0.2256927534149306,0.2605542027319445,0.19840472241955062,0.19840472241955062,0
12,1,0.8168537616729736,1.440683547775884,0.0,0.07985580975887341,62.5,91.66666666666667,0.07979401394124774,-0.5674128760385511,0.0,0.08,0.07985580975887341,0.07985580975887341,0
12,8,1.653623342514038,1.440683547775884,0.1378511576555878,0.167752536917309,18.75,91.796875,0.15809751297138275,0.1378511576555878,0.1378511576555878,0.19028092612447026,0.167752536917309,0.167752536917309,0
12,16,0.798430860042572,1.440683547775884,0.0,0.07948636090932187,70.45454545454545,94.54545454545455,0.07926622987045984,-0.590224583706165,0.0,0.08,0.07948636090932187,0.07948636090932187,0
12,10,0.6599531769752502,1.440683547775884,0.0,0.07958800115380679,78.90625,99.21875,0.079411430219724,-0.7807040691594083,0.0,0.08,0.07958800115380679,0.07958800115380679,0
12,7,1.1616508960723877,1.440683547775884,0.0,0.07940680197709998,44.921875,91.40625,0.07915257425299999,-0.21527550563051925,0.0,0.08,0.07940680197709998,0.07940680197709998,0
12,3,0.6469552516937256,1.440683547775884,0.0,0.07940680197709998,90.76923076923077,98.97435897435898,0.07915257425299999,-0.8005958280337239,0.0,0.08,0.07940680197709998,0.07940680197709998,0
12,15,1.257595419883728,1.440683547775884,0.0,0.09713506480656373,21.428571428571427,64.28571428571429,0.10447866400937678,-0.13591618516890186,0.0,0.08,0.09713506480656373,0.09713506480656373,0
12,18,0.3909228444099426,1.440683547775884,0.0,0.07940680197709998,85.546875,98.4375,0.07915257425299999,-1.3043627356198033,0.0,0.08,0.07940680197709998,0.07940680197709998,0
12,6,0.5839252471923828,1.440683547775884,0.0,0.07940680197709998,76.5625,98.828125,0.07915257425299999,-0.9030999824610086,0.0,0.08,0.07940680197709998,0.07940680197709998,0
13,7,1.0733715295791626,1.3619606144317444,0.0,0.07958476138396998,50.78125,93.359375,0.07940680197709998,-0.23812063106466774,0.0,0.08,0.07958476138396998,0.07958476138396998,0
13,15,1.0751694440841675,1.3619606144317444,0.0,0.09199454536459462,35.714285714285715,78.57142857142857,0.09713506480656373,-0.23644701633730755,0.0,0.08,0.09199454536459462,0.09199454536459462,0
13,10,0.6747172474861145,1.3619606144317444,0.0,0.07971160080766475,85.15625,98.4375,0.07958800115380679,-0.7023868508623312,0.0,0.08,0.07971160080766475,0.07971160080766475,0
13,12,0.7658869624137878,1.3619606144317444,0.0,0.08025947545698071,74.21875,95.3125,0.08037067922425817,-0.5756459729250848,0.0,0.08,0.08025947545698071,0.08025947545698071,0
13,11,1.7641597986221313,1.3619606144317444,0.2587492507375962,0.2249831258707085,12.109375,97.65625,0.19840472241955062,0.2587492507375962,0.2587492507375962,0.28699940059007695,0.2249831258707085,0.2249831258707085,0
13,4,0.619556725025177,1.3619606144317444,0.0,0.07958476138396998,89.90825688073394,93.57798165137615,0.07940680197709998,-0.7876762973453308,0.0,0.08,0.07958476138396998,0.07958476138396998,0
13,5,0.46883559226989746,1.3619606144317444,0.0,0.07958476138396998,83.984375,100.0,0.07940680197709998,-1.0664283973949684,0.0,0.08,0.07958476138396998,0.07958476138396998,0
13,0,0.27555087208747864,1.3619606144317444,0.0,0.07958476138396998,66.66666666666667,50.0,0.07940680197709998,-1.597908274670126,0.0,0.08,0.07958476138396998,0.07958476138396998,0
13,14,0.49432647228240967,1.3619606144317444,0.0,0.07958476138396998,87.87878787878788,98.98989898989899,0.07940680197709998,-1.0134843819813864,0.0,0.08,0.07958476138396998,0.07958476138396998,0
13,9,0.5254253149032593,1.3619606144317444,0.0,0.07958476138396998,85.9375,96.09375,0.07940680197709998,-0.9524724989066446,0.0,0.08,0.07958476138396998,0.07958476138396998,0
13,19,0.7693411707878113,1.3619606144317444,0.0,0.07958476138396998,76.171875,97.65625,0.07940680197709998,-0.5711460369440663,0.0,0.08,0.07958476138396998,0.07958476138396998,0
13,6,0.7222768664360046,1.3619606144317444,0.0,0.07958476138396998,71.09375,99.21875,0.07940680197709998,-0.634272025433168,0.0,0.08,0.07958476138396998,0.07958476138396998,0
13,18,0.3453484773635864,1.3619606144317444,0.0,0.07958476138396998,83.59375,97.65625,0.07940680197709998,-1.3721265606671957,0.0,0.08,0.07958476138396998,0.07958476138396998,0
13,2,0.6097084879875183,1.3619606144317444,0.0,0.07958476138396998,78.46153846153847,96.92307692307692,0.07940680197709998,-0.8036996053842389,0.0,0.08,0.07958476138396998,0.07958476138396998,0
13,13,1.0959548950195312,1.3619606144317444,0.0,0.07958476138396998,52.17391304347826,80.43478260869566,0.07940680197709998,-0.21729925457639346,0.0,0.08,0.07958476138396998,0.07958476138396998,0
13,3,0.6247222423553467,1.3619606144317444,0.0,0.07958476138396998,91.28205128205128,97.94871794871794,0.07940680197709998,-0.7793734214510141,0.0,0.08,0.07958476138396998,0.07958476138396998,0
13,16,0.7487173080444336,1.3619606144317444,0.0,0.0796404526365253,77.72727272727273,93.18181818181819,0.07948636090932187,-0.598319076394243,0.0,0.08,0.0796404526365253,0.0796404526365253,0
13,1,0.5539299249649048,1.3619606144317444,0.0,0.07989906683121138,66.66666666666667,91.66666666666667,0.07985580975887341,-0.8996423686160538,0.0,0.08,0.07989906683121138,0.07989906683121138,0
13,17,0.34086111187934875,1.3619606144317444,0.0,0.07958476138396998,85.9375,100.0,0.07940680197709998,-1.385205449070987,0.0,0.08,0.07958476138396998,0.07958476138396998,0
13,8,1.7378405332565308,1.3619606144317444,0.24371797817038285,0.19991909060300816,16.015625,90.625,0.167752536917309,0.24371797817038285,0.24371797817038285,0.2749743825363063,0.19991909060300816,0.19991909060300816,0
14,10,0.5176712274551392,1.2907365274806433,0.0,0.07979812056536531,81.640625,98.828125,0.07971160080766475,-0.9136279296683821,0.0,0.08,0.07979812056536531,0.07979812056536531,0
14,18,0.3736938536167145,1.2907365274806433,0.0,0.079709332968779,83.203125,97.65625,0.07958476138396998,-1.2395313779647374,0.0,0.08,0.079709332968779,0.079709332968779,0
14,14,0.4038599133491516,1.2907365274806433,0.0,0.079709332968779,88.88888888888889,98.98989898989899,0.07958476138396998,-1.1619002002527357,0.0,0.08,0.079709332968779,0.079709332968779,0
14,0,0.661108672618866,1.2907365274806433,0.0,0.079709332968779,83.33333333333333,66.66666666666667,0.07958476138396998,-0.6690500458607059,0.0,0.08,0.079709332968779,0.079709332968779,0
14,8,1.8891520500183105,1.2907365274806433,0.3809150681814289,0.25536297978564865,15.625,90.625,0.19991909060300816,0.3809150681814289,0.3809150681814289,0.38473205454514314,0.25536297978564865,0.25536297978564865,0
14,16,0.8374225497245789,1.2907365274806433,0.0,0.07974831684556771,78.18181818181819,95.0,0.0796404526365253,-0.4326395002843263,0.0,0.08,0.07974831684556771,0.07974831684556771,0
14,7,1.1681451797485352,1.2907365274806433,0.0,0.079709332968779,48.046875,91.796875,0.07958476138396998,-0.09979583175346136,0.0,0.08,0.079709332968779,0.079709332968779,0
14,11,1.759642243385315,1.2907365274806433,0.30989750854126163,0.25586359015939875,16.40625,98.046875,0.2249831258707085,0.30989750854126163,0.30989750854126163,0.3279180068330093,0.25586359015939875,0.25586359015939875,0
14,2,0.6858718991279602,1.2907365274806433,0.0,0.079709332968779,83.07692307692308,96.92307692307692,0.07958476138396998,-0.6322774048043373,0.0,0.08,0.079709332968779,0.079709332968779,0
14,19,0.5850038528442383,1.2907365274806433,0.0,0.079709332968779,80.46875,98.828125,0.07958476138396998,-0.791349843345201,0.0,0.08,0.079709332968779,0.079709332968779,0
14,3,0.6904587745666504,1.2907365274806433,0.0,0.079709332968779,89.74358974358974,98.46153846153847,0.07958476138396998,-0.6256120118989432,0.0,0.08,0.079709332968779,0.079709332968779,0
14,6,0.5338978171348572,1.2907365274806433,0.0,0.079709332968779,75.78125,100.0,0.07958476138396998,-0.8827638080079243,0.0,0.08,0.079709332968779,0.079709332968779,0
14,4,0.606523871421814,1.2907365274806433,0.0,0.079709332968779,85.3211009174312,94.4954128440367,0.07958476138396998,-0.7552241903003633,0.0,0.08,0.079709332968779,0.079709332968779,0
14,1,0.5935788154602051,1.2907365274806433,0.0,0.07992934678184796,70.83333333333333,91.66666666666667,0.07989906683121138,-0.7767982738854027,0.0,0.08,0.07992934678184796,0.07992934678184796,0
14,17,0.43866586685180664,1.2907365274806433,0.0,0.079709332968779,86.71875,100.0,0.07958476138396998,-1.0792302709820716,0.0,0.08,0.079709332968779,0.079709332968779,0
14,15,1.5567052364349365,1.2907365274806433,0.18735855155697156,0.1333622341288894,21.428571428571427,35.714285714285715,0.09199454536459462,0.18735855155697156,0.18735855155697156,0.22988684124557723,0.1333622341288894,0.1333622341288894,0
14,13,1.3090448379516602,1.2907365274806433,0.014084732846411274,0.0830896688519177,47.82608695652174,89.1304347826087,0.07958476138396998,0.014084732846411274,0.014084732846411274,0.09126778627712902,0.0830896688519177,0.0830896688519177,0
14,9,0.46453386545181274,1.2907365274806433,0.0,0.079709332968779,83.984375,96.484375,0.07958476138396998,-1.0219338092609607,0.0,0.08,0.079709332968779,0.079709332968779,0
14,5,0.4453360140323639,1.2907365274806433,0.0,0.079709332968779,86.328125,100.0,0.07958476138396998,-1.0641391863087313,0.0,0.08,0.079709332968779,0.079709332968779,0
14,12,0.743118941783905,1.2907365274806433,0.0,0.0801816328198865,71.484375,94.921875,0.08025947545698071,-0.5521121651905365,0.0,0.08,0.0801816328198865,0.0801816328198865,0
15,5,0.4772055745124817,1.225044501934613,0.0,0.0797965330781453,86.71875,100.0,0.079709332968779,-0.9427850657699905,0.0,0.08,0.0797965330781453,0.0797965330781453,0
15,8,1.6695986986160278,1.225044501934613,0.3096061237017797,0.27705955553838113,21.09375,90.625,0.25536297978564865,0.3096061237017797,0.3096061237017797,0.3276848989614238,0.27705955553838113,0.27705955553838113,0
15,3,0.6915258169174194,1.225044501934613,0.0,0.0797965330781453,93.33333333333333,98.97435897435898,0.079709332968779,-0.5718319590631239,0.0,0.08,0.0797965330781453,0.0797965330781453,0
15,7,1.0651191473007202,1.225044501934613,0.0,0.0797965330781453,48.828125,91.015625,0.079709332968779,-0.13989050191753655,0.0,0.08,0.0797965330781453,0.0797965330781453,0
15,1,0.8284879326820374,1.225044501934613,0.0,0.07995054274729357,75.0,87.5,0.07992934678184796,-0.3911301750211729,0.0,0.08,0.07995054274729357,0.07995054274729357,0
15,0,0.9127917885780334,1.225044501934613,0.0,0.0797965330781453,83.33333333333333,100.0,0.079709332968779,-0.29422464499008066,0.0,0.08,0.0797965330781453,0.0797965330781453,0
15,17,0.4318113625049591,1.225044501934613,0.0,0.0797965330781453,86.71875,98.828125,0.079709332968779,-1.0427436034217332,0.0,0.08,0.0797965330781453,0.0797965330781453,0
15,2,0.4144102931022644,1.225044501934613,0.0,0.0797965330781453,80.0,93.84615384615384,0.079709332968779,-1.0838759052571183,0.0,0.08,0.0797965330781453,0.0797965330781453,0
15,19,0.5570153594017029,1.225044501934613,0.0,0.0797965330781453,80.46875,96.875,0.079709332968779,-0.78813962586444,0.0,0.08,0.0797965330781453,0.0797965330781453,0
15,13,0.7766704559326172,1.225044501934613,0.0,0.08216276819634238,52.17391304347826,65.21739130434783,0.0830896688519177,-0.4557163089534278,0.0,0.08,0.08216276819634238,0.08216276819634238,0
15,15,1.5785921812057495,1.225044501934613,0.2535562520122761,0.17820706437316886,35.714285714285715,64.28571428571429,0.1333622341288894,0.2535562520122761,0.2535562520122761,0.2828450016098209,0.17820706437316886,0.17820706437316886,0
15,18,0.4503740072250366,1.225044501934613,0.0,0.0797965330781453,89.84375,98.828125,0.079709332968779,-1.0006540716518828,0.0,0.08,0.0797965330781453,0.0797965330781453,0
15,12,0.7514522671699524,1.225044501934613,0.0,0.08012714297392054,73.4375,95.703125,0.0801816328198865,-0.48872475484843064,0.0,0.08,0.08012714297392054,0.08012714297392054,0
15,4,0.551051139831543,1.225044501934613,0.0,0.0797965330781453,87.1559633027523,99.08256880733946,0.079709332968779,-0.7989048228372008,0.0,0.08,0.0797965330781453,0.0797965330781453,0
15,10,0.6298261880874634,1.225044501934613,0.0,0.07985868439575572,81.25,98.828125,0.07979812056536531,-0.6652885533186996,0.0,0.08,0.07985868439575572,0.07985868439575572,0
15,9,0.4060381054878235,1.225044501934613,0.0,0.0797965330781453,84.375,97.265625,0.079709332968779,-1.1042854228847208,0.0,0.08,0.0797965330781453,0.0797965330781453,0
15,11,1.7113229036331177,1.225044501934613,0.3342895255081477,0.28333399923353453,18.75,96.875,0.25586359015939875,0.3342895255081477,0.3342895255081477,0.3474316204065182,0.28333399923353453,0.28333399923353453,0
15,16,0.9316054582595825,1.225044501934613,0.0,0.0798238217918974,71.36363636363636,97.27272727272727,0.07974831684556771,-0.27382305084835734,0.0,0.08,0.0798238217918974,0.0798238217918974,0
15,6,0.5920755863189697,1.225044501934613,0.0,0.0797965330781453,80.859375,99.21875,0.079709332968779,-0.7270981353755845,0.0,0.08,0.0797965330781453,0.0797965330781453,0
15,14,0.6188936829566956,1.225044501934613,0.0,0.0797965330781453,91.91919191919192,93.93939393939394,0.079709332968779,-0.6827989406292642,0.0,0.08,0.0797965330781453,0.0797965330781453,0
16,9,0.4636523723602295,1.1686076519913957,0.0,0.07985757315470171,88.28125,97.65625,0.0797965330781453,-0.924433191148956,0.0,0.08,0.07985757315470171,0.07985757315470171,0
16,4,0.41826924681663513,1.1686076519913957,0.0,0.07985757315470171,84.40366972477064,98.1651376146789,0.0797965330781453,-1.0274429064452337,0.0,0.08,0.07985757315470171,0.07985757315470171,0
16,5,0.40702369809150696,1.1686076519913957,0.0,0.07985757315470171,87.5,100.0,0.0797965330781453,-1.0546968520697246,0.0,0.08,0.07985757315470171,0.07985757315470171,0
16,11,1.6329493522644043,1.1686076519913957,0.33457479681115176,0.30263175069815057,24.609375,97.65625,0.28333399923353453,0.33457479681115176,0.33457479681115176,0.3476598374489214,0.30263175069815057,0.30263175069815057,0
16,0,0.4504421651363373,1.1686076519913957,0.0,0.07985757315470171,83.33333333333333,66.66666666666667,0.0797965330781453,-0.9533385749230235,0.0,0.08,0.07985757315470171,0.07985757315470171,0
16,8,1.795972466468811,1.1686076519913957,0.42973363718382124,0.3210777618009839,17.1875,93.75,0.27705955553838113,0.42973363718382124,0.42973363718382124,0.423786909747057,0.3210777618009839,0.3210777618009839,0
16,6,0.6004756093025208,1.1686076519913957,0.0,0.07985757315470171,71.484375,100.0,0.0797965330781453,-0.6658462466209935,0.0,0.08,0.07985757315470171,0.07985757315470171,0
16,19,0.5686014890670776,1.1686076519913957,0.0,0.07985757315470171,78.125,97.65625,0.0797965330781453,-0.7203884510238114,0.0,0.08,0.07985757315470171,0.07985757315470171,0
16,12,0.7271918058395386,1.1686076519913957,0.0,0.08008900008174438,71.875,95.3125,0.08012714297392054,-0.4743779982010194,0.0,0.08,0.08008900008174438,0.08008900008174438,0
16,3,0.7000409364700317,1.1686076519913957,0.0,0.07985757315470171,85.12820512820512,99.48717948717949,0.0797965330781453,-0.5124294583650593,0.0,0.08,0.07985757315470171,0.07985757315470171,0
16,17,0.37030985951423645,1.1686076519913957,0.0,0.07985757315470171,86.328125,100.0,0.0797965330781453,-1.1492281463380387,0.0,0.08,0.07985757315470171,0.07985757315470171,0
16,14,0.44013261795043945,1.1686076519913957,0.0,0.07985757315470171,92.92929292929293,94.94949494949495,0.0797965330781453,-0.9764921780025317,0.0,0.08,0.07985757315470171,0.07985757315470171,0
16,1,0.8658208847045898,1.1686076519913957,0.0,0.0799653799231055,66.66666666666667,83.33333333333333,0.07995054274729357,-0.2998902185302798,0.0,0.08,0.0799653799231055,0.0799653799231055,0
16,10,0.5927817821502686,1.1686076519913957,0.0,0.07990107907702901,80.46875,98.046875,0.07985868439575572,-0.6787419281409,0.0,0.08,0.07990107907702901,0.07990107907702901,0
16,2,0.6253056526184082,1.1686076519913957,0.0,0.07985757315470171,80.0,98.46153846153847,0.0797965330781453,-0.6253276962799917,0.0,0.08,0.07985757315470171,0.07985757315470171,0
16,13,1.1771667003631592,1.1686076519913957,0.007297450646033644,0.08326532589248774,50.0,78.26086956521739,0.08216276819634238,0.007297450646033644,0.007297450646033644,0.08583796051682692,0.08326532589248774,0.08326532589248774,0
16,7,1.0382570028305054,1.1686076519913957,0.0,0.07985757315470171,48.046875,91.40625,0.0797965330781453,-0.11826964969488413,0.0,0.08,0.07985757315470171,0.07985757315470171,0
16,15,0.8882413506507874,1.1686076519913957,0.0,0.1487449450612182,42.857142857142854,35.714285714285715,0.17820706437316886,-0.2743247780596652,0.0,0.08,0.1487449450612182,0.1487449450612182,0
16,18,0.3236430585384369,1.1686076519913957,0.0,0.07985757315470171,90.625,98.828125,0.0797965330781453,-1.283927018427739,0.0,0.08,0.07985757315470171,0.07985757315470171,0
16,16,0.7678602337837219,1.1686076519913957,0.0,0.07987667525432818,72.72727272727273,95.9090909090909,0.0798238217918974,-0.41996054430648294,0.0,0.08,0.07987667525432818,0.07987667525432818,0
17,15,0.8997529149055481,1.1130359498883027,0.0,0.12812146154285273,64.28571428571429,64.28571428571429,0.1487449450612182,-0.21272646197592812,0.0,0.08,0.12812146154285273,0.12812146154285273,0
17,7,1.152140498161316,1.1130359498883027,0.03453014298042995,0.08818753552359439,53.515625,88.671875,0.07985757315470171,0.03453014298042995,0.03453014298042995,0.10762411438434397,0.08818753552359439,0.08818753552359439,0
17,1,0.3920953571796417,1.1130359498883027,0.0,0.07997576594617384,54.166666666666664,91.66666666666667,0.0799653799231055,-1.0433415659045011,0.0,0.08,0.07997576594617384,0.07997576594617384,0
17,16,0.7994584441184998,1.1130359498883027,0.0,0.07991367267802972,73.18181818181819,95.45454545454545,0.07987667525432818,-0.330912093633941,0.0,0.08,0.07991367267802972,0.07991367267802972,0
17,4,0.5300833582878113,1.1130359498883027,0.0,0.0799003012082912,92.66055045871559,95.41284403669725,0.07985757315470171,-0.7418123668955584,0.0,0.08,0.0799003012082912,0.0799003012082912,0
17,0,0.3544436991214752,1.1130359498883027,0.0,0.0799003012082912,66.66666666666667,50.0,0.07985757315470171,-1.1442971158662285,0.0,0.08,0.0799003012082912,0.0799003012082912,0
17,18,0.43837326765060425,1.1130359498883027,0.0,0.0799003012082912,86.328125,97.65625,0.07985757315470171,-0.9317758802159508,0.0,0.08,0.0799003012082912,0.0799003012082912,0
17,10,0.5793216824531555,1.1130359498883027,0.0,0.0799307553539203,86.71875,99.609375,0.07990107907702901,-0.6529887363516215,0.0,0.08,0.0799307553539203,0.0799307553539203,0
17,3,0.5755575895309448,1.1130359498883027,0.0,0.0799003012082912,88.71794871794872,98.97435897435898,0.07985757315470171,-0.6595073505082424,0.0,0.08,0.0799003012082912,0.0799003012082912,0
17,2,0.504126787185669,1.1130359498883027,0.0,0.0799003012082912,78.46153846153847,96.92307692307692,0.07985757315470171,-0.792018841580245,0.0,0.08,0.0799003012082912,0.0799003012082912,0
17,11,1.6948553323745728,1.1130359498883027,0.4205060127129142,0.3367636685398048,17.1875,98.4375,0.30263175069815057,0.4205060127129142,0.4205060127129142,0.41640481017033143,0.3367636685398048,0.3367636685398048,0
17,6,0.5261557102203369,1.1130359498883027,0.0,0.0799003012082912,71.484375,99.609375,0.07985757315470171,-0.7492494447568434,0.0,0.08,0.0799003012082912,0.0799003012082912,0
17,17,0.34756743907928467,1.1130359498883027,0.0,0.0799003012082912,85.15625,100.0,0.07985757315470171,-1.1638879154876998,0.0,0.08,0.0799003012082912,0.0799003012082912,0
17,13,1.2171127796173096,1.1130359498883027,0.08939010736901733,0.10373935389330557,50.0,69.56521739130434,0.08326532589248774,0.08939010736901733,0.08939010736901733,0.15151208589521387,0.10373935389330557,0.10373935389330557,0
17,5,0.4240151345729828,1.1130359498883027,0.0,0.0799003012082912,84.375,100.0,0.07985757315470171,-0.9650774868012574,0.0,0.08,0.0799003012082912,0.0799003012082912,0
17,8,1.764165997505188,1.1130359498883027,0.460586680973998,0.3592952366944483,17.1875,94.140625,0.3210777618009839,0.460586680973998,0.460586680973998,0.4484693447791985,0.3592952366944483,0.3592952366944483,0
17,14,0.41114622354507446,1.1130359498883027,0.0,0.0799003012082912,90.9090909090909,98.98989898989899,0.07985757315470171,-0.9958977091334489,0.0,0.08,0.0799003012082912,0.0799003012082912,0
17,9,0.46026846766471863,1.1130359498883027,0.0,0.0799003012082912,83.59375,97.265625,0.07985757315470171,-0.8830366934032063,0.0,0.08,0.0799003012082912,0.0799003012082912,0
17,12,0.792729377746582,1.1130359498883027,0.0,0.08006230005722106,75.390625,96.09375,0.08008900008174438,-0.3393647475977965,0.0,0.08,0.08006230005722106,0.08006230005722106,0
17,19,0.6394162178039551,1.1130359498883027,0.0,0.0799003012082912,80.859375,97.265625,0.07985757315470171,-0.5542910436869729,0.0,0.08,0.0799003012082912,0.0799003012082912,0
18,5,0.4824729561805725,1.0570144022904104,0.0,0.07993021084580383,85.9375,100.0,0.0799003012082912,-0.7842787302994687,0.0,0.08,0.07993021084580383,0.07993021084580383,0
18,16,0.7097010612487793,1.0570144022904104,0.0,0.07993957087462081,75.45454545454545,95.45454545454545,0.07991367267802972,-0.3983597658988591,0.0,0.08,0.07993957087462081,0.07993957087462081,0
18,13,0.9454788565635681,1.0570144022904104,0.0,0.09661754772531389,50.0,93.47826086956522,0.10373935389330557,-0.11151208461738743,0.0,0.08,0.09661754772531389,0.09661754772531389,0
18,1,0.49465981125831604,1.0570144022904104,0.0,0.07998303616232169,79.16666666666667,87.5,0.07997576594617384,-0.7593333243306666,0.0,0.08,0.07998303616232169,0.07998303616232169,0
18,15,1.0879237651824951,1.0570144022904104,0.028822744519142664,0.12060248176459114,50.0,64.28571428571429,0.12812146154285273,0.028822744519142664,0.028822744519142664,0.10305819561531414,0.12060248176459114,0.12060248176459114,0
18,11,1.6303478479385376,1.0570144022904104,0.43334505994287853,0.3637373823641542,19.140625,99.21875,0.3367636685398048,0.43334505994287853,0.43334505994287853,0.42667604795430286,0.3637373823641542,0.3637373823641542,0
18,9,0.3959651589393616,1.0570144022904104,0.0,0.07993021084580383,87.109375,97.65625,0.0799003012082912,-0.9818773707053633,0.0,0.08,0.07993021084580383,0.07993021084580383,0
18,17,0.3684115409851074,1.0570144022904104,0.0,0.07993021084580383,89.453125,99.609375,0.0799003012082912,-1.0540029625123883,0.0,0.08,0.07993021084580383,0.07993021084580383,0
18,6,0.5722734332084656,1.0570144022904104,0.0,0.07993021084580383,76.5625,98.4375,0.0799003012082912,-0.6135866961488357,0.0,0.08,0.07993021084580383,0.07993021084580383,0
18,8,1.6248788833618164,1.0570144022904104,0.42998494395704595,0.3787030522358048,15.234375,94.140625,0.3592952366944483,0.42998494395704595,0.42998494395704595,0.4239879551656368,0.3787030522358048,0.3787030522358048,0
18,7,1.1923456192016602,1.0570144022904104,0.12047414211217436,0.11464506897343792,55.078125,92.1875,0.08818753552359439,0.12047414211217436,0.12047414211217436,0.1763793136897395,0.11464506897343792,0.11464506897343792,0
18,2,0.5947463512420654,1.0570144022904104,0.0,0.07993021084580383,84.61538461538461,96.92307692307692,0.0799003012082912,-0.5750685898333915,0.0,0.08,0.07993021084580383,0.07993021084580383,0
18,14,0.3921177387237549,1.0570144022904104,0.0,0.07993021084580383,92.92929292929293,97.97979797979798,0.0799003012082912,-0.9916414467846084,0.0,0.08,0.07993021084580383,0.07993021084580383,0
18,3,0.6728183031082153,1.0570144022904104,0.0,0.07993021084580383,83.07692307692308,99.48717948717949,0.0799003012082912,-0.45172829333397796,0.0,0.08,0.07993021084580383,0.07993021084580383,0
18,18,0.4306899309158325,1.0570144022904104,0.0,0.07993021084580383,82.8125,98.828125,0.0799003012082912,-0.8978151842791209,0.0,0.08,0.07993021084580383,0.07993021084580383,0
18,19,0.5541879534721375,1.0570144022904104,0.0,0.07993021084580383,79.296875,99.609375,0.0799003012082912,-0.6456997074184109,0.0,0.08,0.07993021084580383,0.07993021084580383,0
18,10,0.5218510627746582,1.0570144022904104,0.0,0.07995152874774421,78.515625,98.4375,0.0799307553539203,-0.7058213748890092,0.0,0.08,0.07995152874774421,0.07995152874774421,0
18,4,0.5278666615486145,1.0570144022904104,0.0,0.07993021084580383,86.23853211009174,99.08256880733946,0.0799003012082912,-0.6943598850552312,0.0,0.08,0.07993021084580383,0.07993021084580383,0
18,12,0.7852996587753296,1.0570144022904104,0.0,0.08004361004005474,73.046875,98.4375,0.08006230005722106,-0.2971382322678709,0.0,0.08,0.08004361004005474,0.08004361004005474,0
18,0,0.4591512978076935,1.0570144022904104,0.0,0.07993021084580383,66.66666666666667,100.0,0.0799003012082912,-0.8338238184886617,0.0,0.08,0.07993021084580383,0.07993021084580383,0
19,11,1.64895761013031,1.0076360313953996,0.49253630849827973,0.39682488169449504,19.140625,99.609375,0.3637373823641542,0.49253630849827973,0.49253630849827973,0.47402904679862384,0.39682488169449504,0.39682488169449504,0
19,8,1.6859849691390991,1.0076360313953996,0.5147429159663636,0.4126304363969906,16.015625,91.796875,0.3787030522358048,0.5147429159663636,0.5147429159663636,0.49179433277309087,0.4126304363969906,0.4126304363969906,0
19,6,0.4633009433746338,1.0076360313953996,0.0,0.07995114759206268,75.78125,99.609375,0.07993021084580383,-0.7769854631739612,0.0,0.08,0.07995114759206268,0.07995114759206268,0
19,2,0.42512276768684387,1.0076360313953996,0.0,0.07995114759206268,83.07692307692308,92.3076923076923,0.07993021084580383,-0.8629842975065385,0.0,0.08,0.07995114759206268,0.07995114759206268,0
19,10,0.5321703553199768,1.0076360313953996,0.0,0.07996607012342094,82.03125,99.21875,0.07995152874774421,-0.6383986397445369,0.0,0.08,0.07996607012342094,0.07996607012342094,0
19,4,0.4501993954181671,1.0076360313953996,0.0,0.07995114759206268,89.90825688073394,100.0,0.07993021084580383,-0.8056717056198055,0.0,0.08,0.07995114759206268,0.07995114759206268,0
19,0,0.1352308839559555,1.0076360313953996,0.0,0.07995114759206268,83.33333333333333,83.33333333333333,0.07993021084580383,-2.008378670288759,0.0,0.08,0.07995114759206268,0.07995114759206268,0
19,13,1.197354793548584,1.0076360313953996,0.17250775890187753,0.1330341455441703,52.17391304347826,84.78260869565217,0.09661754772531389,0.17250775890187753,0.17250775890187753,0.21800620712150204,0.1330341455441703,0.1330341455441703,0
19,17,0.3648163974285126,1.0076360313953996,0.0,0.07995114759206268,85.9375,100.0,0.07993021084580383,-1.015968079693222,0.0,0.08,0.07995114759206268,0.07995114759206268,0
19,3,0.6833310127258301,1.0076360313953996,0.0,0.07995114759206268,82.05128205128206,97.94871794871794,0.07993021084580383,-0.3883829113037904,0.0,0.08,0.07995114759206268,0.07995114759206268,0
19,1,0.6540512442588806,1.0076360313953996,0.0,0.07998812531362517,66.66666666666667,95.83333333333333,0.07998303616232169,-0.4321765945727633,0.0,0.08,0.07998812531362517,0.07998812531362517,0
19,9,0.4612775444984436,1.0076360313953996,0.0,0.07995114759206268,88.28125,97.265625,0.07993021084580383,-0.7813623810651216,0.0,0.08,0.07995114759206268,0.07995114759206268,0
19,14,0.4734823405742645,1.0076360313953996,0.0,0.07995114759206268,91.91919191919192,97.97979797979798,0.07993021084580383,-0.7552476758485309,0.0,0.08,0.07995114759206268,0.07995114759206268,0
19,5,0.35808995366096497,1.0076360313953996,0.0,0.07995114759206268,88.28125,100.0,0.07993021084580383,-1.0345780634118587,0.0,0.08,0.07995114759206268,0.07995114759206268,0
19,7,1.0271815061569214,1.0076360313953996,0.019211624992691453,0.1088623382796525,53.90625,94.53125,0.11464506897343792,0.019211624992691453,0.019211624992691453,0.09536929999415317,0.1088623382796525,0.1088623382796525,0
19,15,1.3653007745742798,1.0076360313953996,0.30376772495835186,0.18132599122521825,28.571428571428573,64.28571428571429,0.12060248176459114,0.30376772495835186,0.30376772495835186,0.3230141799666815,0.18132599122521825,0.18132599122521825,0
19,19,0.5306081771850586,1.0076360313953996,0.0,0.07995114759206268,83.203125,99.21875,0.07993021084580383,-0.64133844174999,0.0,0.08,0.07995114759206268,0.07995114759206268,0
19,12,0.6974125504493713,1.0076360313953996,0.0,0.08003052702803831,76.171875,94.53125,0.08004361004005474,-0.36798516891136374,0.0,0.08,0.08003052702803831,0.08003052702803831,0
19,18,0.45078516006469727,1.0076360313953996,0.0,0.07995114759206268,88.28125,99.609375,0.07993021084580383,-0.8043714286894339,0.0,0.08,0.07995114759206268,0.07995114759206268,0
19,16,0.7930419445037842,1.0076360313953996,0.0,0.07995769961223456,74.54545454545455,94.0909090909091,0.07993957087462081,-0.2394861870924763,0.0,0.08,0.07995769961223456,0.07995769961223456,0
20,9,0.34246447682380676,0.9600113548811114,0.0,0.07996580331444386,86.328125,96.875,0.07995114759206268,-1.0307771585890098,0.0,0.08,0.07996580331444386,0.07996580331444386,0
20,2,0.3517742455005646,0.9600113548811114,0.0,0.07996580331444386,84.61538461538461,100.0,0.07995114759206268,-1.003955472545585,0.0,0.08,0.07996580331444386,0.07996580331444386,0
20,10,0.7072216272354126,0.9600113548811114,0.0,0.07997624908639465,85.15625,99.21875,0.07996607012342094,-0.3056010163159265,0.0,0.08,0.07997624908639465,0.07997624908639465,0
20,1,0.5107064843177795,0.9600113548811114,0.0,0.07999168771953762,83.33333333333333,95.83333333333333,0.07998812531362517,-0.631150072734481,0.0,0.08,0.07999168771953762,0.07999168771953762,0
20,14,0.26712819933891296,0.9600113548811114,0.0,0.07996580331444386,93.93939393939394,96.96969696969697,0.07995114759206268,-1.2792163948712703,0.0,0.08,0.07996580331444386,0.07996580331444386,0
20,5,0.5637652277946472,0.9600113548811114,0.0,0.07996580331444386,86.328125,100.0,0.07995114759206268,-0.5323072030105415,0.0,0.08,0.07996580331444386,0.07996580331444386,0
20,18,0.35321545600891113,0.9600113548811114,0.0,0.07996580331444386,87.109375,97.65625,0.07995114759206268,-0.999866866791305,0.0,0.08,0.07996580331444386,0.07996580331444386,0
20,16,0.8364110589027405,0.9600113548811114,0.0,0.07997038972856418,70.9090909090909,93.18181818181819,0.07995769961223456,-0.1378249213604888,0.0,0.08,0.07997038972856418,0.07997038972856418,0
20,15,1.0260816812515259,0.9600113548811114,0.06655752085434195,0.16690199886269486,42.857142857142854,64.28571428571429,0.18132599122521825,0.06655752085434195,0.06655752085434195,0.13324601668347358,0.16690199886269486,0.16690199886269486,0
20,0,0.08493871241807938,0.9600113548811114,0.0,0.07996580331444386,100.0,66.66666666666667,0.07995114759206268,-2.425015039030333,0.0,0.08,0.07996580331444386,0.07996580331444386,0
20,12,0.5596243739128113,0.9600113548811114,0.0,0.08002136891962681,76.5625,96.484375,0.08003052702803831,-0.5396793071420084,0.0,0.08,0.08002136891962681,0.08002136891962681,0
20,6,0.599890410900116,0.9600113548811114,0.0,0.07996580331444386,74.609375,100.0,0.07995114759206268,-0.4701981161058505,0.0,0.08,0.07996580331444386,0.07996580331444386,0
20,11,1.7389352321624756,0.9600113548811114,0.5940831523018104,0.444357373738581,21.09375,97.265625,0.39682488169449504,0.5940831523018104,0.5940831523018104,0.5552665218414483,0.444357373738581,0.444357373738581,0
20,3,0.6618016362190247,0.9600113548811114,0.0,0.07996580331444386,88.71794871794872,97.94871794871794,0.07995114759206268,-0.37197923983802134,0.0,0.08,0.07996580331444386,0.07996580331444386,0
20,17,0.29725366830825806,0.9600113548811114,0.0,0.07996580331444386,92.578125,100.0,0.07995114759206268,-1.1723592128552272,0.0,0.08,0.07996580331444386,0.07996580331444386,0
20,8,1.7504428625106812,0.9600113548811114,0.6006789820972178,0.45700426118122567,17.578125,98.046875,0.4126304363969906,0.6006789820972178,0.6006789820972178,0.5605431856777743,0.45700426118122567,0.45700426118122567,0
20,19,0.5113496780395508,0.9600113548811114,0.0,0.07996580331444386,83.59375,98.828125,0.07995114759206268,-0.6298914456300552,0.0,0.08,0.07996580331444386,0.07996580331444386,0
20,13,1.0480260848999023,0.9600113548811114,0.08771864147500913,0.1381763758349214,56.52173913043478,76.08695652173913,0.1330341455441703,0.08771864147500913,0.08771864147500913,0.1501749131800073,0.1381763758349214,0.1381763758349214,0
20,7,1.1422388553619385,0.9600113548811114,0.17380040959931403,0.1419157350995921,52.734375,94.921875,0.1088623382796525,0.17380040959931403,0.17380040959931403,0.21904032767945125,0.1419157350995921,0.1419157350995921,0
20,4,0.39504826068878174,0.9600113548811114,0.0,0.07996580331444386,87.1559633027523,95.41284403669725,0.07995114759206268,-0.8879371610994484,0.0,0.08,0.07996580331444386,0.07996580331444386,0
21,8,1.5843143463134766,0.9201796994783732,0.5433380225959877,0.474304108249895,19.140625,96.09375,0.45700426118122567,0.5433380225959877,0.5433380225959877,0.5146704180767901,0.474304108249895,0.474304108249895,0
21,5,0.4333252012729645,0.9201796994783732,0.0,0.0799760623201107,91.40625,100.0,0.07996580331444386,-0.7530804759673274,0.0,0.08,0.0799760623201107,0.0799760623201107,0
21,1,0.7112870812416077,0.9201796994783732,0.0,0.07999418140367633,62.5,95.83333333333333,0.07999168771953762,-0.2574928539030578,0.0,0.08,0.07999418140367633,0.07999418140367633,0
21,12,0.5961069464683533,0.9201796994783732,0.0,0.08001495824373878,72.65625,96.09375,0.08002136891962681,-0.4341488792304475,0.0,0.08,0.08001495824373878,0.08001495824373878,0
21,15,1.1176080703735352,0.9201796994783732,0.19437705067198688,0.18748189136516324,35.714285714285715,64.28571428571429,0.16690199886269486,0.19437705067198688,0.19437705067198688,0.23550164053758954,0.18748189136516324,0.18748189136516324,0
21,7,1.0501484870910645,0.9201796994783732,0.13211787159594338,0.15504930375274087,55.859375,91.796875,0.1419157350995921,0.13211787159594338,0.13211787159594338,0.1856942972767547,0.15504930375274087,0.15504930375274087,0
21,13,0.9528266191482544,0.9201796994783732,0.034863978602001355,0.1290908179489253,45.65217391304348,73.91304347826087,0.1381763758349214,0.034863978602001355,0.034863978602001355,0.10789118288160109,0.1290908179489253,0.1290908179489253,0
21,10,0.48868581652641296,0.9201796994783732,0.0,0.07998337436047626,83.984375,99.609375,0.07997624908639465,-0.632849185902869,0.0,0.08,0.07998337436047626,0.07998337436047626,0
21,14,0.36869508028030396,0.9201796994783732,0.0,0.0799760623201107,86.86868686868686,96.96969696969697,0.07996580331444386,-0.9145989985052085,0.0,0.08,0.0799760623201107,0.0799760623201107,0
21,16,0.6567329168319702,0.9201796994783732,0.0,0.07997927280999492,73.63636363636364,94.54545454545455,0.07997038972856418,-0.33729155557844487,0.0,0.08,0.07997927280999492,0.07997927280999492,0
21,2,0.45931902527809143,0.9201796994783732,0.0,0.0799760623201107,89.23076923076923,98.46153846153847,0.07996580331444386,-0.6948239527775414,0.0,0.08,0.0799760623201107,0.0799760623201107,0
21,19,0.5248808860778809,0.9201796994783732,0.0,0.0799760623201107,83.59375,99.609375,0.07996580331444386,-0.5613976151165593,0.0,0.08,0.0799760623201107,0.0799760623201107,0
21,6,0.6191726326942444,0.9201796994783732,0.0,0.0799760623201107,73.046875,99.21875,0.07996580331444386,-0.39618484775281787,0.0,0.08,0.0799760623201107,0.0799760623201107,0
21,4,0.5768616199493408,0.9201796994783732,0.0,0.0799760623201107,87.1559633027523,97.24770642201835,0.07996580331444386,-0.46696655905428686,0.0,0.08,0.0799760623201107,0.0799760623201107,0
21,17,0.30397313833236694,0.9201796994783732,0.0,0.0799760623201107,92.1875,100.0,0.07996580331444386,-1.1076296177059228,0.0,0.08,0.0799760623201107,0.0799760623201107,0
21,3,0.6997313499450684,0.9201796994783732,0.0,0.0799760623201107,90.25641025641026,98.97435897435898,0.07996580331444386,-0.27387249747972503,0.0,0.08,0.0799760623201107,0.0799760623201107,0
21,9,0.40825095772743225,0.9201796994783732,0.0,0.0799760623201107,87.109375,98.4375,0.07996580331444386,-0.8126868850806956,0.0,0.08,0.0799760623201107,0.0799760623201107,0
21,18,0.3337758183479309,0.9201796994783732,0.0,0.0799760623201107,86.328125,98.828125,0.07996580331444386,-1.0140993923284078,0.0,0.08,0.0799760623201107,0.0799760623201107,0
21,0,0.5602721571922302,0.9201796994783732,0.0,0.0799760623201107,83.33333333333333,100.0,0.07996580331444386,-0.49614630885047956,0.0,0.08,0.0799760623201107,0.0799760623201107,0
21,11,1.5503937005996704,0.9201796994783732,0.5216951971405603,0.4602570089307412,26.171875,99.609375,0.444357373738581,0.5216951971405603,0.5216951971405603,0.4973561577124483,0.4602570089307412,0.4602570089307412,0
22,16,0.7276186943054199,0.8868101578514206,0.0,0.07998549096699645,76.81818181818181,95.45454545454545,0.07997927280999492,-0.19785379028842925,0.0,0.08,0.07998549096699645,0.07998549096699645,0
22,15,1.0077112913131714,0.8868101578514206,0.12780605672761436,0.18591077757024171,78.57142857142857,78.57142857142857,0.18748189136516324,0.12780605672761436,0.12780605672761436,0.1822448453820915,0.18591077757024171,0.18591077757024171,0
22,13,1.065635323524475,0.8868101578514206,0.183695514120082,0.15845049595306737,54.34782608695652,73.91304347826087,0.1290908179489253,0.183695514120082,0.183695514120082,0.22695641129606559,0.15845049595306737,0.15845049595306737,0
22,8,1.6651114225387573,0.8868101578514206,0.6300163831709233,0.5072168077359481,24.609375,96.484375,0.474304108249895,0.6300163831709233,0.6300163831709233,0.5840131065367387,0.5072168077359481,0.5072168077359481,0
22,17,0.24785186350345612,0.8868101578514206,0.0,0.0799832436240775,90.625,99.609375,0.0799760623201107,-1.2747996599944278,0.0,0.08,0.0799832436240775,0.0799832436240775,0
22,5,0.4332006871700287,0.8868101578514206,0.0,0.0799832436240775,91.40625,100.0,0.0799760623201107,-0.7164298189792129,0.0,0.08,0.0799832436240775,0.0799832436240775,0
22,11,1.6058439016342163,0.8868101578514206,0.593773755566276,0.4886856075874251,23.4375,99.21875,0.4602570089307412,0.593773755566276,0.593773755566276,0.5550190044530208,0.4886856075874251,0.4886856075874251,0
22,3,0.7488146424293518,0.8868101578514206,0.0,0.0799832436240775,83.07692307692308,97.94871794871794,0.0799760623201107,-0.16913945060083735,0.0,0.08,0.0799832436240775,0.0799832436240775,0
22,14,0.4155844449996948,0.8868101578514206,0.0,0.0799832436240775,88.88888888888889,97.97979797979798,0.0799760623201107,-0.7579450886826591,0.0,0.08,0.0799832436240775,0.0799832436240775,0
22,0,0.5560723543167114,0.8868101578514206,0.0,0.0799832436240775,100.0,100.0,0.0799760623201107,-0.46673250602349703,0.0,0.08,0.0799832436240775,0.0799832436240775,0
22,19,0.5500397086143494,0.8868101578514206,0.0,0.0799832436240775,82.421875,98.046875,0.0799760623201107,-0.47764045217230544,0.0,0.08,0.0799832436240775,0.0799832436240775,0
22,6,0.6077349781990051,0.8868101578514206,0.0,0.0799832436240775,76.5625,99.609375,0.0799760623201107,-0.37789203118134956,0.0,0.08,0.0799832436240775,0.0799832436240775,0
22,18,0.30363228917121887,0.8868101578514206,0.0,0.0799832436240775,88.671875,98.828125,0.0799760623201107,-1.071813516334119,0.0,0.08,0.0799832436240775,0.0799832436240775,0
22,10,0.6509522199630737,0.8868101578514206,0.0,0.07998836205233337,78.90625,99.609375,0.07998337436047626,-0.3091946834106909,0.0,0.08,0.07998836205233337,0.07998836205233337,0
22,7,1.007326364517212,0.8868101578514206,0.12742400253055514,0.16311627323425185,48.4375,94.140625,0.15504930375274087,0.12742400253055514,0.12742400253055514,0.18193920202444414,0.16311627323425185,0.16311627323425185,0
22,4,0.43439462780952454,0.8868101578514206,0.0,0.0799832436240775,88.9908256880734,99.08256880733946,0.0799760623201107,-0.7136775188110371,0.0,0.08,0.0799832436240775,0.0799832436240775,0
22,2,0.668525218963623,0.8868101578514206,0.0,0.0799832436240775,83.07692307692308,96.92307692307692,0.0799760623201107,-0.28255680796260935,0.0,0.08,0.0799832436240775,0.0799832436240775,0
22,12,0.7039048671722412,0.8868101578514206,0.0,0.08001047077061714,73.828125,98.046875,0.08001495824373878,-0.23098771407808652,0.0,0.08,0.08001047077061714,0.08001047077061714,0
22,9,0.5336118340492249,0.8868101578514206,0.0,0.0799832436240775,85.15625,98.4375,0.0799760623201107,-0.5079622526047249,0.0,0.08,0.0799832436240775,0.0799832436240775,0
22,1,0.8775935769081116,0.8868101578514206,0.0,0.07999592698257343,75.0,91.66666666666667,0.07999418140367633,-0.010447342053586623,0.0,0.08,0.07999592698257343,0.07999592698257343,0
23,0,0.3543281853199005,0.8641030140126134,0.0,0.07998827053685424,100.0,100.0,0.0799832436240775,-0.8914684133903537,0.0,0.08,0.07998827053685424,0.07998827053685424,0
23,3,0.5433574914932251,0.8641030140126134,0.0,0.07998827053685424,86.66666666666667,98.46153846153847,0.0799832436240775,-0.46392451703147114,0.0,0.08,0.07998827053685424,0.07998827053685424,0
23,1,0.5454575419425964,0.8641030140126134,0.0,0.0799971488878014,79.16666666666667,95.83333333333333,0.07999592698257343,-0.46006701515939,0.0,0.08,0.0799971488878014,0.0799971488878014,0
23,2,0.5087975859642029,0.8641030140126134,0.0,0.07998827053685424,81.53846153846153,100.0,0.0799832436240775,-0.5296417153491547,0.0,0.08,0.07998827053685424,0.07998827053685424,0
23,7,0.9952859878540039,0.8641030140126134,0.14133812843542728,0.17210254208847883,53.90625,93.359375,0.16311627323425185,0.14133812843542728,0.14133812843542728,0.19307050274834184,0.17210254208847883,0.17210254208847883,0
23,16,0.7602698802947998,0.8641030140126134,0.0,0.07998984367689752,80.0,95.0,0.07998549096699645,-0.12801851340121775,0.0,0.08,0.07998984367689752,0.07998984367689752,0
23,12,0.6070051789283752,0.8641030140126134,0.0,0.08000732953943199,74.609375,96.484375,0.08001047077061714,-0.3531546629461485,0.0,0.08,0.08000732953943199,0.08000732953943199,0
23,5,0.4626731276512146,0.8641030140126134,0.0,0.07998827053685424,86.71875,100.0,0.0799832436240775,-0.624671163872107,0.0,0.08,0.07998827053685424,0.07998827053685424,0
23,4,0.501794159412384,0.8641030140126134,0.0,0.07998827053685424,89.90825688073394,96.3302752293578,0.0799832436240775,-0.5435019879315524,0.0,0.08,0.07998827053685424,0.07998827053685424,0
23,10,0.5681669116020203,0.8641030140126134,0.0,0.07999185343663336,83.59375,100.0,0.07998836205233337,-0.4192767508428463,0.0,0.08,0.07999185343663336,0.07999185343663336,0
23,15,1.1870657205581665,0.8641030140126134,0.31754776599065304,0.2303490081369259,28.571428571428573,100.0,0.18591077757024171,0.31754776599065304,0.31754776599065304,0.33403821279252244,0.2303490081369259,0.2303490081369259,0
23,8,1.6689121723175049,0.8641030140126134,0.6582353028809605,0.5370282381065942,16.796875,95.703125,0.5072168077359481,0.6582353028809605,0.6582353028809605,0.6065882423047684,0.5370282381065942,0.5370282381065942,0
23,18,0.3299887776374817,0.8641030140126134,0.0,0.07998827053685424,85.15625,99.21875,0.0799832436240775,-0.962633325423598,0.0,0.08,0.07998827053685424,0.07998827053685424,0
23,19,0.5476828813552856,0.8641030140126134,0.0,0.07998827053685424,87.109375,98.828125,0.0799832436240775,-0.4559955484042744,0.0,0.08,0.07998827053685424,0.07998827053685424,0
23,17,0.2921258211135864,0.8641030140126134,0.0,0.07998827053685424,88.671875,100.0,0.0799832436240775,-1.084507364534321,0.0,0.08,0.07998827053685424,0.07998827053685424,0
23,13,1.032518744468689,0.8641030140126134,0.17806448635376393,0.1776508238920505,63.04347826086956,80.43478260869566,0.15845049595306737,0.17806448635376393,0.17806448635376393,0.22245158908301116,0.1776508238920505,0.1776508238920505,0
23,11,1.5722341537475586,0.8641030140126134,0.5985609185720069,0.5097345457684792,21.09375,99.609375,0.4886856075874251,0.5985609185720069,0.5985609185720069,0.5588487348576056,0.5097345457684792,0.5097345457684792,0
23,6,0.48242804408073425,0.8641030140126134,0.0,0.07998827053685424,76.5625,99.609375,0.0799832436240775,-0.5828602035033527,0.0,0.08,0.07998827053685424,0.07998827053685424,0
23,14,0.37816667556762695,0.8641030140126134,0.0,0.07998827053685424,94.94949494949495,95.95959595959596,0.0799832436240775,-0.8263569369184928,0.0,0.08,0.07998827053685424,0.07998827053685424,0
23,9,0.3511124551296234,0.8641030140126134,0.0,0.07998827053685424,88.28125,97.65625,0.0799832436240775,-0.9005854168316401,0.0,0.08,0.07998827053685424,0.07998827053685424,0
24,15,1.2606744766235352,0.8321334642831432,0.4154093097885531,0.2849425400451009,35.714285714285715,71.42857142857143,0.2303490081369259,0.4154093097885531,0.4154093097885531,0.4123274478308425,0.2849425400451009,0.2849425400451009,0
24,13,1.0021038055419922,0.8321334642831432,0.18586403082773154,0.1929629441230909,56.52173913043478,82.6086956521739,0.1776508238920505,0.18586403082773154,0.18586403082773154,0.22869122466218522,0.1929629441230909,0.1929629441230909,0
24,2,0.4006732106208801,0.8321334642831432,0.0,0.07999178937579796,83.07692307692308,98.46153846153847,0.07998827053685424,-0.7308466698593606,0.0,0.08,0.07999178937579796,0.07999178937579796,0
24,19,0.5790877938270569,0.8321334642831432,0.0,0.07999178937579796,85.546875,98.828125,0.07998827053685424,-0.362538740330052,0.0,0.08,0.07999178937579796,0.07999178937579796,0
24,9,0.3932340741157532,0.8321334642831432,0.0,0.07999178937579796,86.71875,97.65625,0.07998827053685424,-0.7495877853433162,0.0,0.08,0.07999178937579796,0.07999178937579796,0
24,1,0.6962578296661377,0.8321334642831432,0.0,0.07999800422146097,70.83333333333333,95.83333333333333,0.0799971488878014,-0.17827280275370114,0.0,0.08,0.07999800422146097,0.07999800422146097,0
24,3,0.6286816596984863,0.8321334642831432,0.0,0.07999178937579796,89.23076923076923,97.94871794871794,0.07998827053685424,-0.2803678146910883,0.0,0.08,0.07999178937579796,0.07999178937579796,0
24,17,0.26578348875045776,0.8321334642831432,0.0,0.07999178937579796,89.0625,100.0,0.07998827053685424,-1.141310790873934,0.0,0.08,0.07999178937579796,0.07999178937579796,0
24,18,0.3725375235080719,0.8321334642831432,0.0,0.07999178937579796,87.890625,99.609375,0.07998827053685424,-0.8036550599363972,0.0,0.08,0.07999178937579796,0.07999178937579796,0
24,12,0.5797838568687439,0.8321334642831432,0.0,0.08000513067760238,65.625,97.265625,0.08000732953943199,-0.3613374630135142,0.0,0.08,0.08000513067760238,0.08000513067760238,0
24,8,1.7362569570541382,0.8321334642831432,0.7,0.5679197666746159,15.625,95.3125,0.5370282381065942,0.7354940529872217,0.7,0.6399999999999999,0.5679197666746159,0.5679197666746159,0
24,5,0.45767903327941895,0.8321334642831432,0.0,0.07999178937579796,90.234375,100.0,0.07998827053685424,-0.597824694187446,0.0,0.08,0.07999178937579796,0.07999178937579796,0
24,4,0.5921609997749329,0.8321334642831432,0.0,0.07999178937579796,88.9908256880734,96.3302752293578,0.07998827053685424,-0.34021427989903186,0.0,0.08,0.07999178937579796,0.07999178937579796,0
24,6,0.49099135398864746,0.8321334642831432,0.0,0.07999178937579796,78.125,98.4375,0.07998827053685424,-0.5275663147534352,0.0,0.08,0.07999178937579796,0.07999178937579796,0
24,11,1.5717095136642456,0.8321334642831432,0.6359263207554525,0.5334364990192441,27.34375,99.609375,0.5097345457684792,0.6359263207554525,0.6359263207554525,0.588741056604362,0.5334364990192441,0.5334364990192441,0
24,10,0.4863654375076294,0.8321334642831432,0.0,0.07999429740564334,81.640625,99.609375,0.07999185343663336,-0.5370325628432377,0.0,0.08,0.07999429740564334,0.07999429740564334,0
24,14,0.3247717320919037,0.8321334642831432,0.0,0.07999178937579796,89.8989898989899,97.97979797979798,0.07998827053685424,-0.9408702502212998,0.0,0.08,0.07999178937579796,0.07999178937579796,0
24,7,1.0556395053863525,0.8321334642831432,0.23790918420608945,0.20156998367139664,46.484375,92.96875,0.17210254208847883,0.23790918420608945,0.23790918420608945,0.2703273473648716,0.20156998367139664,0.20156998367139664,0
24,16,0.7505583763122559,0.8321334642831432,0.0,0.07999289057382826,73.63636363636364,95.9090909090909,0.07998984367689752,-0.10317540917595315,0.0,0.08,0.07999289057382826,0.07999289057382826,0
24,0,0.4124751091003418,0.8321334642831432,0.0,0.07999178937579796,100.0,100.0,0.07998827053685424,-0.7018169671523807,0.0,0.08,0.07999178937579796,0.07999178937579796,0
25,14,0.3103220462799072,0.8068637003896189,0.0,0.07999425256305856,93.93939393939394,97.97979797979798,0.07999178937579796,-0.955544120301153,0.0,0.08,0.07999425256305856,0.07999425256305856,0
25,9,0.2894513010978699,0.8068637003896189,0.0,0.07999425256305856,87.890625,98.046875,0.07999178937579796,-1.0251676695992817,0.0,0.08,0.07999425256305856,0.07999425256305856,0
25,16,0.7018546462059021,0.8068637003896189,0.0,0.07999502340167977,78.18181818181819,93.18181818181819,0.07999289057382826,-0.13942842958399745,0.0,0.08,0.07999502340167977,0.07999502340167977,0
25,1,0.7231704592704773,0.8068637003896189,0.0,0.07999860295502267,70.83333333333333,100.0,0.07999800422146097,-0.10950979490781562,0.0,0.08,0.07999860295502267,0.07999860295502267,0
25,15,1.0878316164016724,0.8068637003896189,0.29878689056272456,0.2951686317666245,71.42857142857143,92.85714285714286,0.2849425400451009,0.29878689056272456,0.29878689056272456,0.3190295124501797,0.2951686317666245,0.2951686317666245,0
25,18,0.36681172251701355,0.8068637003896189,0.0,0.07999425256305856,86.328125,98.046875,0.07999178937579796,-0.7883060437187157,0.0,0.08,0.07999425256305856,0.07999425256305856,0
25,13,1.0765019655227661,0.8068637003896189,0.28831738220584835,0.22827023261556723,50.0,84.78260869565217,0.1929629441230909,0.28831738220584835,0.28831738220584835,0.3106539057646787,0.22827023261556723,0.22827023261556723,0
25,19,0.5468077659606934,0.8068637003896189,0.0,0.07999425256305856,87.890625,99.21875,0.07999178937579796,-0.3890574441333077,0.0,0.08,0.07999425256305856,0.07999425256305856,0
25,10,0.43758371472358704,0.8068637003896189,0.0,0.07999600818395033,85.15625,99.609375,0.07999429740564334,-0.6118867114464441,0.0,0.08,0.07999600818395033,0.07999600818395033,0
25,3,0.5007617473602295,0.8068637003896189,0.0,0.07999425256305856,85.64102564102564,97.94871794871794,0.07999178937579796,-0.4770243159603328,0.0,0.08,0.07999425256305856,0.07999425256305856,0
25,17,0.2816937565803528,0.8068637003896189,0.0,0.07999425256305856,92.578125,99.609375,0.07999178937579796,-1.0523342229595989,0.0,0.08,0.07999425256305856,0.07999425256305856,0
25,8,1.6626620292663574,0.8068637003896189,0.7,0.5895438366722311,16.015625,96.09375,0.5679197666746159,0.7230204652764433,0.7,0.6399999999999999,0.5895438366722311,0.5895438366722311,0
25,0,0.6587528586387634,0.8068637003896189,0.0,0.07999425256305856,100.0,100.0,0.07999178937579796,-0.20280631521588832,0.0,0.08,0.07999425256305856,0.07999425256305856,0
25,2,0.4423057436943054,0.8068637003896189,0.0,0.07999425256305856,83.07692307692308,96.92307692307692,0.07999178937579796,-0.6011533763635795,0.0,0.08,0.07999425256305856,0.07999425256305856,0
25,6,0.4826246201992035,0.8068637003896189,0.0,0.07999425256305856,73.828125,100.0,0.07999178937579796,-0.5139155813757383,0.0,0.08,0.07999425256305856,0.07999425256305856,0
25,11,1.8087520599365234,0.8068637003896189,0.7,0.5654055493134708,21.09375,99.609375,0.5334364990192441,0.8072376526148818,0.7,0.6399999999999999,0.5654055493134708,0.5654055493134708,0
25,5,0.3445412218570709,0.8068637003896189,0.0,0.07999425256305856,88.28125,100.0,0.07999178937579796,-0.8509410003526351,0.0,0.08,0.07999425256305856,0.07999425256305856,0
25,4,0.47152745723724365,0.8068637003896189,0.0,0.07999425256305856,95.41284403669725,96.3302752293578,0.07999178937579796,-0.5371774143450126,0.0,0.08,0.07999425256305856,0.07999425256305856,0
25,7,1.0766706466674805,0.8068637003896189,0.28847406369300604,0.2343327638562991,55.078125,94.140625,0.20156998367139664,0.28847406369300604,0.28847406369300604,0.31077925095440484,0.2343327638562991,0.2343327638562991,0
25,12,0.621037483215332,0.8068637003896189,0.0,0.08000359147432166,71.09375,97.65625,0.08000513067760238,-0.26176331407284104,0.0,0.08,0.08000359147432166,0.08000359147432166,0
26,1,0.2965420186519623,0.7785558060167032,0.0,0.07999902206851586,66.66666666666667,95.83333333333333,0.07999860295502267,-0.9652517279382633,0.0,0.08,0.07999902206851586,0.07999902206851586,0
26,19,0.5256677269935608,0.7785558060167032,0.0,0.07999597679414099,83.984375,98.828125,0.07999425256305856,-0.39277135115314826,0.0,0.08,0.07999597679414099,0.07999597679414099,0
26,0,0.2686189115047455,0.7785558060167032,0.0,0.07999597679414099,83.33333333333333,83.33333333333333,0.07999425256305856,-1.0641469590531762,0.0,0.08,0.07999597679414099,0.07999597679414099,0
26,2,0.4812571406364441,0.7785558060167032,0.0,0.07999597679414099,92.3076923076923,100.0,0.07999425256305856,-0.48103894162138644,0.0,0.08,0.07999597679414099,0.07999597679414099,0
26,10,0.5111138224601746,0.7785558060167032,0.0,0.07999720572876523,85.15625,98.828125,0.07999600818395033,-0.4208483560729379,0.0,0.08,0.07999720572876523,0.07999720572876523,0
26,18,0.32191160321235657,0.7785558060167032,0.0,0.07999597679414099,85.546875,100.0,0.07999425256305856,-0.8831636708433864,0.0,0.08,0.07999597679414099,0.07999597679414099,0
26,4,0.47924235463142395,0.7785558060167032,0.0,0.07999597679414099,88.07339449541284,95.41284403669725,0.07999425256305856,-0.4852342356909716,0.0,0.08,0.07999597679414099,0.07999597679414099,0
26,7,1.0740725994110107,0.7785558060167032,0.32177219373320176,0.26525826119537776,53.515625,94.140625,0.2343327638562991,0.32177219373320176,0.32177219373320176,0.33741775498656146,0.26525826119537776,0.26525826119537776,0
26,13,1.0590636730194092,0.7785558060167032,0.30769979326641167,0.25763711321483584,63.04347826086956,82.6086956521739,0.22827023261556723,0.30769979326641167,0.30769979326641167,0.32615983461312936,0.25763711321483584,0.25763711321483584,0
26,16,0.6783757209777832,0.7785558060167032,0.0,0.07999651638117583,82.27272727272727,94.0909090909091,0.07999502340167977,-0.1377393756530069,0.0,0.08,0.07999651638117583,0.07999651638117583,0
26,8,1.7137022018432617,0.7785558060167032,0.7,0.6046806856705618,19.53125,96.484375,0.5895438366722311,0.7889706597705236,0.7,0.6399999999999999,0.6046806856705618,0.6046806856705618,0
26,17,0.24563878774642944,0.7785558060167032,0.0,0.07999597679414099,92.1875,99.609375,0.07999425256305856,-1.1535785305012443,0.0,0.08,0.07999597679414099,0.07999597679414099,0
26,3,0.5451924800872803,0.7785558060167032,0.0,0.07999597679414099,89.23076923076923,98.97435897435898,0.07999425256305856,-0.35630176045229284,0.0,0.08,0.07999597679414099,0.07999597679414099,0
26,12,0.6369660496711731,0.7785558060167032,0.0,0.08000251403202516,77.34375,98.4375,0.08000359147432166,-0.2007243129466014,0.0,0.08,0.08000251403202516,0.08000251403202516,0
26,14,0.4391755759716034,0.7785558060167032,0.0,0.07999597679414099,87.87878787878788,97.97979797979798,0.07999425256305856,-0.5725413844244034,0.0,0.08,0.07999597679414099,0.07999597679414099,0
26,15,1.3168281316757202,0.7785558060167032,0.5255405153765297,0.35674776592700425,35.714285714285715,57.142857142857146,0.2951686317666245,0.5255405153765297,0.5255405153765297,0.5004324123012237,0.35674776592700425,0.35674776592700425,0
26,5,0.35991570353507996,0.7785558060167032,0.0,0.07999597679414099,90.234375,100.0,0.07999425256305856,-0.7715708106098889,0.0,0.08,0.07999597679414099,0.07999597679414099,0
26,9,0.3746451437473297,0.7785558060167032,0.0,0.07999597679414099,88.671875,100.0,0.07999425256305856,-0.731461364265183,0.0,0.08,0.07999597679414099,0.07999597679414099,0
26,11,1.637565016746521,0.7785558060167032,0.7,0.5877838845194295,28.125,98.4375,0.5654055493134708,0.7435249921328553,0.7,0.6399999999999999,0.5877838845194295,0.5877838845194295,0
26,6,0.5676247477531433,0.7785558060167032,0.0,0.07999597679414099,75.0,100.0,0.07999425256305856,-0.31598012293301375,0.0,0.08,0.07999597679414099,0.07999597679414099,0
27,6,0.48409053683280945,0.7525393028877196,0.0,0.07999718375589868,76.5625,100.0,0.07999597679414099,-0.44118126884618525,0.0,0.08,0.07999718375589868,0.07999718375589868,0
27,8,1.6641044616699219,0.7525393028877196,0.7,0.6152764799693932,22.265625,94.53125,0.6046806856705618,0.7935891645672675,0.7,0.6399999999999999,0.6152764799693932,0.6152764799693932,0
27,1,0.5586622357368469,0.7525393028877196,0.0,0.0799993154479611,79.16666666666667,95.83333333333333,0.07999902206851586,-0.2979081593148276,0.0,0.08,0.0799993154479611,0.0799993154479611,0
27,17,0.17210939526557922,0.7525393028877196,0.0,0.07999718375589868,91.015625,99.609375,0.07999597679414099,-1.4753228865709673,0.0,0.08,0.07999718375589868,0.07999718375589868,0
27,10,0.5159707069396973,0.7525393028877196,0.0,0.07999804401013566,83.59375,99.609375,0.07999720572876523,-0.3774032245442215,0.0,0.08,0.07999804401013566,0.07999804401013566,0
27,13,0.7489969730377197,0.7525393028877196,0.0,0.20434597925038508,47.82608695652174,80.43478260869566,0.25763711321483584,-0.004718282776485655,0.0,0.08,0.20434597925038508,0.20434597925038508,0
27,14,0.3717721104621887,0.7525393028877196,0.0,0.07999718375589868,85.85858585858585,95.95959595959596,0.07999597679414099,-0.7051721511315635,0.0,0.08,0.07999718375589868,0.07999718375589868,0
27,11,1.4100323915481567,0.7525393028877196,0.6279147246309998,0.5861482530750406,35.546875,100.0,0.5877838845194295,0.6279147246309998,0.6279147246309998,0.5823317797047999,0.5861482530750406,0.5861482530750406,0
27,19,0.4879530668258667,0.7525393028877196,0.0,0.07999718375589868,81.25,98.046875,0.07999597679414099,-0.4332339911138743,0.0,0.08,0.07999718375589868,0.07999718375589868,0
27,12,0.6656750440597534,0.7525393028877196,0.0,0.08000175982241761,72.65625,96.09375,0.08000251403202516,-0.12265159364062886,0.0,0.08,0.08000175982241761,0.08000175982241761,0
27,16,0.8122934699058533,0.7525393028877196,0.07640846501906207,0.09833559307139797,75.0,95.9090909090909,0.07999651638117583,0.07640846501906207,0.07640846501906207,0.14112677201524965,0.09833559307139797,0.09833559307139797,0
27,4,0.5143424272537231,0.7525393028877196,0.0,0.07999718375589868,84.40366972477064,98.1651376146789,0.07999597679414099,-0.38056397433167327,0.0,0.08,0.07999718375589868,0.07999718375589868,0
27,7,1.094071865081787,0.7525393028877196,0.3742084418687476,0.29949080888526386,60.9375,93.75,0.26525826119537776,0.3742084418687476,0.3742084418687476,0.3793667534949981,0.29949080888526386,0.29949080888526386,0
27,3,0.6650861501693726,0.7525393028877196,0.0,0.07999718375589868,84.61538461538461,98.97435897435898,0.07999597679414099,-0.12353664187095696,0.0,0.08,0.07999718375589868,0.07999718375589868,0
27,2,0.4493420422077179,0.7525393028877196,0.0,0.07999718375589868,78.46153846153847,95.38461538461539,0.07999597679414099,-0.5156688316595717,0.0,0.08,0.07999718375589868,0.07999718375589868,0
27,0,0.10053554177284241,0.7525393028877196,0.0,0.07999718375589868,100.0,83.33333333333333,0.07999597679414099,-2.0129418243703525,0.0,0.08,0.07999718375589868,0.07999718375589868,0
27,9,0.3365509510040283,0.7525393028877196,0.0,0.07999718375589868,87.5,98.828125,0.07999597679414099,-0.8047036563889988,0.0,0.08,0.07999718375589868,0.07999718375589868,0
27,18,0.3393397331237793,0.7525393028877196,0.0,0.07999718375589868,88.671875,99.21875,0.07999597679414099,-0.7964514406718058,0.0,0.08,0.07999718375589868,0.07999718375589868,0
27,5,0.38352927565574646,0.7525393028877196,0.0,0.07999718375589868,89.84375,100.0,0.07999597679414099,-0.6740372562458452,0.0,0.08,0.07999718375589868,0.07999718375589868,0
27,15,1.2858543395996094,0.7525393028877196,0.5357254016085714,0.40229753253496014,21.428571428571427,64.28571428571429,0.35674776592700425,0.5357254016085714,0.5357254016085714,0.5085803212868572,0.40229753253496014,0.40229753253496014,0
28,4,0.6094081997871399,0.7288010293086187,0.0,0.07999802862912907,89.90825688073394,95.41284403669725,0.07999718375589868,-0.17891243361999462,0.0,0.08,0.07999802862912907,0.07999802862912907,0
28,9,0.4425964951515198,0.7288010293086187,0.0,0.07999802862912907,87.109375,98.4375,0.07999718375589868,-0.49874224059181355,0.0,0.08,0.07999802862912907,0.07999802862912907,0
28,2,0.49526485800743103,0.7288010293086187,0.0,0.07999802862912907,95.38461538461539,96.92307692307692,0.07999718375589868,-0.38630806565491704,0.0,0.08,0.07999802862912907,0.07999802862912907,0
28,17,0.19915489852428436,0.7288010293086187,0.0,0.07999802862912907,90.625,100.0,0.07999718375589868,-1.2973178153027,0.0,0.08,0.07999802862912907,0.07999802862912907,0
28,1,0.5998682975769043,0.7288010293086187,0.0,0.07999952081357277,66.66666666666667,100.0,0.0799993154479611,-0.19469062824592587,0.0,0.08,0.07999952081357277,0.07999952081357277,0
28,13,0.9158416390419006,0.7288010293086187,0.22844270550563792,0.22186843479662266,47.82608695652174,78.26086956521739,0.20434597925038508,0.22844270550563792,0.22844270550563792,0.2627541644045103,0.22186843479662266,0.22186843479662266,0
28,16,0.6742047667503357,0.7288010293086187,0.0,0.09283491514997858,83.63636363636364,94.54545454545455,0.09833559307139797,-0.07786688416022908,0.0,0.08,0.09283491514997858,0.09283491514997858,0
28,0,0.5174863934516907,0.7288010293086187,0.0,0.07999802862912907,100.0,83.33333333333333,0.07999718375589868,-0.34241752072830156,0.0,0.08,0.07999802862912907,0.07999802862912907,0
28,7,0.9522056579589844,0.7288010293086187,0.26738027723124097,0.2978148327551825,50.78125,94.53125,0.29949080888526386,0.26738027723124097,0.26738027723124097,0.2939042217849928,0.2978148327551825,0.2978148327551825,0
28,8,1.7046607732772827,0.7288010293086187,0.7,0.6226935359785751,23.046875,96.09375,0.6152764799693932,0.8497206438346888,0.7,0.6399999999999999,0.6226935359785751,0.6226935359785751,0
28,5,0.40251725912094116,0.7288010293086187,0.0,0.07999802862912907,87.109375,100.0,0.07999718375589868,-0.5936627714128268,0.0,0.08,0.07999802862912907,0.07999802862912907,0
28,6,0.43717440962791443,0.7288010293086187,0.0,0.07999802862912907,81.640625,99.609375,0.07999718375589868,-0.5110685269514735,0.0,0.08,0.07999802862912907,0.07999802862912907,0
28,15,1.1461933851242065,0.7288010293086187,0.4528008676904002,0.4142804810201681,50.0,50.0,0.40229753253496014,0.4528008676904002,0.4528008676904002,0.4422406941523202,0.4142804810201681,0.4142804810201681,0
28,3,0.5933287143707275,0.7288010293086187,0.0,0.07999802862912907,89.74358974358974,99.48717948717949,0.07999718375589868,-0.20565218532602106,0.0,0.08,0.07999802862912907,0.07999802862912907,0
28,19,0.5273752212524414,0.7288010293086187,0.0,0.07999802862912907,82.8125,98.828125,0.07999718375589868,-0.3234884630577979,0.0,0.08,0.07999802862912907,0.07999802862912907,0
28,11,1.4580272436141968,0.7288010293086187,0.6934388328596892,0.6007290970388538,25.78125,99.609375,0.5861482530750406,0.6934388328596892,0.6934388328596892,0.6347510662877514,0.6007290970388538,0.6007290970388538,0
28,10,0.4768386483192444,0.7288010293086187,0.0,0.07999863080709496,84.375,100.0,0.07999804401013566,-0.42422258084523673,0.0,0.08,0.07999863080709496,0.07999863080709496,0
28,12,0.6717312932014465,0.7288010293086187,0.0,0.08000123187569233,70.3125,97.265625,0.08000175982241761,-0.08154235786253457,0.0,0.08,0.08000123187569233,0.08000123187569233,0
28,14,0.4029425084590912,0.7288010293086187,0.0,0.07999802862912907,92.92929292929293,100.0,0.07999718375589868,-0.5926068543224429,0.0,0.08,0.07999802862912907,0.07999802862912907,0
28,18,0.2827152609825134,0.7288010293086187,0.0,0.07999802862912907,92.96875,98.828125,0.07999718375589868,-0.9469604904265589,0.0,0.08,0.07999802862912907,0.07999802862912907,0
29,2,0.4520585238933563,0.7119561231589152,0.0,0.07999862004039035,83.07692307692308,98.46153846153847,0.07999802862912907,-0.4542046275701728,0.0,0.08,0.07999862004039035,0.07999862004039035,0
29,4,0.38722577691078186,0.7119561231589152,0.0,0.07999862004039035,93.57798165137615,100.0,0.07999802862912907,-0.6090083471706448,0.0,0.08,0.07999862004039035,0.07999862004039035,0
29,6,0.5295193195343018,0.7119561231589152,0.0,0.07999862004039035,78.90625,99.609375,0.07999802862912907,-0.29604662914857527,0.0,0.08,0.07999862004039035,0.07999862004039035,0
29,9,0.3573852479457855,0.7119561231589152,0.0,0.07999862004039035,89.453125,96.875,0.07999802862912907,-0.6892019449606951,0.0,0.08,0.07999862004039035,0.07999862004039035,0
29,18,0.31906792521476746,0.7119561231589152,0.0,0.07999862004039035,90.234375,99.21875,0.07999802862912907,-0.8026122556149667,0.0,0.08,0.07999862004039035,0.07999862004039035,0
29,12,0.8133938312530518,0.7119561231589152,0.13319912305313267,0.11196865184573647,71.875,98.046875,0.08000123187569233,0.13319912305313267,0.13319912305313267,0.18655929844250613,0.11196865184573647,0.11196865184573647,0
29,13,1.1402379274368286,0.7119561231589152,0.4709759378779215,0.29234212944833704,67.3913043478261,84.78260869565217,0.22186843479662266,0.4709759378779215,0.4709759378779215,0.4567807503023373,0.29234212944833704,0.29234212944833704,0
29,3,0.6788982152938843,0.7119561231589152,0.0,0.07999862004039035,86.15384615384616,98.46153846153847,0.07999802862912907,-0.04754507156852226,0.0,0.08,0.07999862004039035,0.07999862004039035,0
29,17,0.27244293689727783,0.7119561231589152,0.0,0.07999862004039035,92.96875,100.0,0.07999802862912907,-0.9605870757838862,0.0,0.08,0.07999862004039035,0.07999862004039035,0
29,15,1.36642324924469,0.7119561231589152,0.6519355463882819,0.47046086784730534,57.142857142857146,78.57142857142857,0.4142804810201681,0.6519355463882819,0.6519355463882819,0.6015484371106254,0.47046086784730534,0.47046086784730534,0
29,10,0.5155677795410156,0.7119561231589152,0.0,0.07999904156496647,84.765625,99.609375,0.07999863080709496,-0.3227475014663827,0.0,0.08,0.07999904156496647,0.07999904156496647,0
29,16,0.8371561765670776,0.7119561231589152,0.16199435712728696,0.12786308631553386,73.63636363636364,94.54545454545455,0.09283491514997858,0.16199435712728696,0.16199435712728696,0.20959548570182956,0.12786308631553386,0.12786308631553386,0
29,14,0.3031195104122162,0.7119561231589152,0.0,0.07999862004039035,94.94949494949495,100.0,0.07999802862912907,-0.8538891142443662,0.0,0.08,0.07999862004039035,0.07999862004039035,0
29,0,0.1995028257369995,0.7119561231589152,0.0,0.07999862004039035,100.0,83.33333333333333,0.07999802862912907,-1.27218784833265,0.0,0.08,0.07999862004039035,0.07999862004039035,0
29,8,1.574131727218628,0.7119561231589152,0.7,0.6278854751850026,20.703125,96.875,0.6226935359785751,0.793442822511649,0.7,0.6399999999999999,0.6278854751850026,0.6278854751850026,0
29,5,0.40863847732543945,0.7119561231589152,0.0,0.07999862004039035,89.0625,100.0,0.07999802862912907,-0.5551854276738268,0.0,0.08,0.07999862004039035,0.07999862004039035,0
29,11,1.7048455476760864,0.7119561231589152,0.7,0.6125103679271976,26.5625,99.609375,0.6007290970388538,0.8732135048245626,0.7,0.6399999999999999,0.6125103679271976,0.6125103679271976,0
29,1,0.5286601781845093,0.7119561231589152,0.0,0.07999966456950094,75.0,100.0,0.07999952081357277,-0.29767043971036683,0.0,0.08,0.07999966456950094,0.07999966456950094,0
29,19,0.5083745718002319,0.7119561231589152,0.0,0.07999862004039035,84.375,98.4375,0.07999802862912907,-0.33679775717568616,0.0,0.08,0.07999862004039035,0.07999862004039035,0
29,7,0.9496676921844482,0.7119561231589152,0.28809583744842243,0.30161338391624914,60.15625,92.1875,0.2978148327551825,0.28809583744842243,0.28809583744842243,0.31047666995873796,0.30161338391624914,0.30161338391624914,0
30,11,1.521884560585022,0.6929719087292999,0.7,0.6207572575490383,33.203125,98.4375,0.6125103679271976,0.7867152178765263,0.7,0.6399999999999999,0.6207572575490383,0.6207572575490383,0
30,7,0.963266134262085,0.6929719087292999,0.3293402665104787,0.3141710327038893,55.078125,94.140625,0.30161338391624914,0.3293402665104787,0.3293402665104787,0.343472213208383,0.3141710327038893,0.3141710327038893,0
30,5,0.4482853412628174,0.6929719087292999,0.0,0.07999903402827324,85.9375,100.0,0.07999862004039035,-0.4355595026199251,0.0,0.08,0.07999903402827324,0.07999903402827324,0
30,12,0.5644617080688477,0.6929719087292999,0.0,0.10237805629201552,71.484375,97.65625,0.11196865184573647,-0.20511691140882163,0.0,0.08,0.10237805629201552,0.10237805629201552,0
30,1,0.623021125793457,0.6929719087292999,0.0,0.07999976519865065,70.83333333333333,91.66666666666667,0.07999966456950094,-0.10640903301057164,0.0,0.08,0.07999976519865065,0.07999976519865065,0
30,10,0.4888485074043274,0.6929719087292999,0.0,0.07999932909547652,82.03125,99.609375,0.07999904156496647,-0.34893681593097486,0.0,0.08,0.07999932909547652,0.07999932909547652,0
30,8,1.483196496963501,0.6929719087292999,0.7,0.6315198326295017,23.828125,95.703125,0.6278854751850026,0.7609653626863081,0.7,0.6399999999999999,0.6315198326295017,0.6315198326295017,0
30,15,1.351686716079712,0.6929719087292999,0.6681190412194028,0.5136711773857704,35.714285714285715,64.28571428571429,0.47046086784730534,0.6681190412194028,0.6681190412194028,0.6144952329755222,0.5136711773857704,0.5136711773857704,0
30,14,0.23462939262390137,0.6929719087292999,0.0,0.07999903402827324,94.94949494949495,97.97979797979798,0.07999862004039035,-1.0829822178109643,0.0,0.08,0.07999903402827324,0.07999903402827324,0
30,6,0.5126109719276428,0.6929719087292999,0.0,0.07999903402827324,80.078125,99.609375,0.07999862004039035,-0.3014722393830592,0.0,0.08,0.07999903402827324,0.07999903402827324,0
30,0,0.817347526550293,0.6929719087292999,0.16507490869076913,0.11961701211405784,83.33333333333333,100.0,0.07999862004039035,0.16507490869076913,0.16507490869076913,0.21205992695261533,0.11961701211405784,0.11961701211405784,0
30,16,0.6064797043800354,0.6929719087292999,0.0,0.11350416042087369,78.18181818181819,96.36363636363636,0.12786308631553386,-0.1333181962538597,0.0,0.08,0.11350416042087369,0.11350416042087369,0
30,17,0.17669954895973206,0.6929719087292999,0.0,0.07999903402827324,91.796875,100.0,0.07999862004039035,-1.366538593715622,0.0,0.08,0.07999903402827324,0.07999903402827324,0
30,9,0.3939594328403473,0.6929719087292999,0.0,0.07999903402827324,87.109375,97.65625,0.07999862004039035,-0.5647415100086225,0.0,0.08,0.07999903402827324,0.07999903402827324,0
30,18,0.23590973019599915,0.6929719087292999,0.0,0.07999903402827324,88.28125,98.046875,0.07999862004039035,-1.0775402019810085,0.0,0.08,0.07999903402827324,0.07999903402827324,0
30,4,0.46909940242767334,0.6929719087292999,0.0,0.07999903402827324,89.90825688073394,98.1651376146789,0.07999862004039035,-0.39017476427351444,0.0,0.08,0.07999903402827324,0.07999903402827324,0
30,19,0.5612987279891968,0.6929719087292999,0.0,0.07999903402827324,81.640625,98.4375,0.07999862004039035,-0.21073620348041167,0.0,0.08,0.07999903402827324,0.07999903402827324,0
30,3,0.5909543633460999,0.6929719087292999,0.0,0.07999903402827324,85.64102564102564,100.0,0.07999862004039035,-0.15925066508898406,0.0,0.08,0.07999903402827324,0.07999903402827324,0
30,13,1.1121562719345093,0.6929719087292999,0.47306652918878395,0.34217545761914403,65.21739130434783,84.78260869565217,0.29234212944833704,0.47306652918878395,0.47306652918878395,0.4584532233510272,0.34217545761914403,0.34217545761914403,0
30,2,0.5267900228500366,0.6929719087292999,0.0,0.07999903402827324,84.61538461538461,98.46153846153847,0.07999862004039035,-0.27418742754298026,0.0,0.08,0.07999903402827324,0.07999903402827324,0
31,11,1.603509783744812,0.6799627396592722,0.7,0.6265300802843268,26.171875,99.21875,0.6207572575490383,0.8579121100875627,0.7,0.6399999999999999,0.6265300802843268,0.6265300802843268,0
31,16,0.7602813839912415,0.6799627396592722,0.11165060324760603,0.13024905707403703,77.27272727272727,95.45454545454545,0.11350416042087369,0.11165060324760603,0.11165060324760603,0.16932048259808485,0.13024905707403703,0.13024905707403703,0
31,13,1.0624943971633911,0.6799627396592722,0.4463366201816543,0.37064360917699785,54.34782608695652,78.26086956521739,0.34217545761914403,0.4463366201816543,0.4463366201816543,0.43706929614532347,0.37064360917699785,0.37064360917699785,0
31,12,0.6002349853515625,0.6799627396592722,0.0,0.09566463940441086,75.78125,98.046875,0.10237805629201552,-0.12471677929975998,0.0,0.08,0.09566463940441086,0.09566463940441086,0
31,8,1.7376967668533325,0.6799627396592722,0.7,0.6340638828406512,20.3125,93.75,0.6315198326295017,0.9382778071347097,0.7,0.6399999999999999,0.6340638828406512,0.6340638828406512,0
31,9,0.28577515482902527,0.6799627396592722,0.0,0.07999932381979127,91.015625,99.21875,0.07999903402827324,-0.8668326520661446,0.0,0.08,0.07999932381979127,0.07999932381979127,0
31,3,0.5668634176254272,0.6799627396592722,0.0,0.07999932381979127,90.76923076923077,98.97435897435898,0.07999903402827324,-0.18191961042802954,0.0,0.08,0.07999932381979127,0.07999932381979127,0
31,0,0.2635822594165802,0.6799627396592722,0.0,0.10773190847984049,83.33333333333333,100.0,0.11961701211405784,-0.9476724796055571,0.0,0.08,0.10773190847984049,0.10773190847984049,0
31,4,0.4352758526802063,0.6799627396592722,0.0,0.07999932381979127,94.4954128440367,99.08256880733946,0.07999903402827324,-0.446058019586195,0.0,0.08,0.07999932381979127,0.07999932381979127,0
31,7,0.9482064843177795,0.6799627396592722,0.3325342827889426,0.32372795076206873,53.125,96.484375,0.3141710327038893,0.3325342827889426,0.3325342827889426,0.3460274262311541,0.32372795076206873,0.32372795076206873,0
31,6,0.4466504752635956,0.6799627396592722,0.0,0.07999932381979127,85.546875,99.21875,0.07999903402827324,-0.4202616401580112,0.0,0.08,0.07999932381979127,0.07999932381979127,0
31,5,0.4581349790096283,0.6799627396592722,0.0,0.07999932381979127,85.546875,100.0,0.07999903402827324,-0.3948741402398474,0.0,0.08,0.07999932381979127,0.07999932381979127,0
31,17,0.20705214142799377,0.6799627396592722,0.0,0.07999932381979127,92.1875,99.609375,0.07999903402827324,-1.1890673159571712,0.0,0.08,0.07999932381979127,0.07999932381979127,0
31,19,0.420746386051178,0.6799627396592722,0.0,0.07999932381979127,83.203125,98.4375,0.07999903402827324,-0.48000774925754286,0.0,0.08,0.07999932381979127,0.07999932381979127,0
31,10,0.5704889893531799,0.6799627396592722,0.0,0.07999953036683356,84.375,98.828125,0.07999932909547652,-0.17554413010656425,0.0,0.08,0.07999953036683356,0.07999953036683356,0
31,15,1.3528457880020142,0.6799627396592722,0.6879276344842419,0.5486724564462573,64.28571428571429,71.42857142857143,0.5136711773857704,0.6879276344842419,0.6879276344842419,0.6303421075873935,0.5486724564462573,0.5486724564462573,0
31,18,0.26015275716781616,0.6799627396592722,0.0,0.07999932381979127,87.890625,99.609375,0.07999903402827324,-0.9607689922605872,0.0,0.08,0.07999932381979127,0.07999932381979127,0
31,1,0.1606970578432083,0.6799627396592722,0.0,0.07999983563905545,66.66666666666667,100.0,0.07999976519865065,-1.442516990332868,0.0,0.08,0.07999983563905545,0.07999983563905545,0
31,14,0.27781087160110474,0.6799627396592722,0.0,0.07999932381979127,89.8989898989899,97.97979797979798,0.07999903402827324,-0.8950974165734223,0.0,0.08,0.07999932381979127,0.07999932381979127,0
31,2,0.5592153668403625,0.6799627396592722,0.0,0.07999932381979127,83.07692307692308,98.46153846153847,0.07999903402827324,-0.19550332828904737,0.0,0.08,0.07999932381979127,0.07999932381979127,0
32,19,0.4920239746570587,0.6628339829858445,0.0,0.07999952667385389,84.375,98.4375,0.07999932381979127,-0.2979971065732497,0.0,0.08,0.07999952667385389,0.07999952667385389,0
32,18,0.32806774973869324,0.6628339829858445,0.0,0.07999952667385389,89.84375,98.4375,0.07999932381979127,-0.7033043995626374,0.0,0.08,0.07999952667385389,0.07999952667385389,0
32,4,0.4236437678337097,0.6628339829858445,0.0,0.07999952667385389,88.9908256880734,97.24770642201835,0.07999932381979127,-0.44763161568793186,0.0,0.08,0.07999952667385389,0.07999952667385389,0
32,0,0.1556539386510849,0.6628339829858445,0.0,0.09941233593588833,50.0,100.0,0.10773190847984049,-1.4488893058314087,0.0,0.08,0.09941233593588833,0.09941233593588833,0
32,12,0.6375992298126221,0.6628339829858445,0.0,0.0909652475830876,78.515625,99.21875,0.09566463940441086,-0.03881463596878649,0.0,0.08,0.0909652475830876,0.0909652475830876,0
32,2,0.5285062193870544,0.6628339829858445,0.0,0.07999952667385389,87.6923076923077,98.46153846153847,0.07999932381979127,-0.22646997901979998,0.0,0.08,0.07999952667385389,0.07999952667385389,0
32,6,0.3980424106121063,0.6628339829858445,0.0,0.07999952667385389,82.03125,99.609375,0.07999932381979127,-0.5099659871230671,0.0,0.08,0.07999952667385389,0.07999952667385389,0
32,11,1.498129963874817,0.6628339829858445,0.7,0.6305710561990286,30.46875,99.21875,0.6265300802843268,0.8154483540694512,0.7,0.6399999999999999,0.6305710561990286,0.6305710561990286,0
32,15,1.4393874406814575,0.6628339829858445,0.7,0.5760707195123801,35.714285714285715,64.28571428571429,0.5486724564462573,0.7754483494181585,0.7,0.6399999999999999,0.5760707195123801,0.5760707195123801,0
32,16,0.5485499501228333,0.6628339829858445,0.0,0.11517433995182591,77.27272727272727,95.9090909090909,0.13024905707403703,-0.18924621061240818,0.0,0.08,0.11517433995182591,0.11517433995182591,0
32,9,0.3615410327911377,0.6628339829858445,0.0,0.07999952667385389,88.671875,97.65625,0.07999932381979127,-0.6061490013341261,0.0,0.08,0.07999952667385389,0.07999952667385389,0
32,8,1.6751827001571655,0.6628339829858445,0.7,0.6358447179884558,24.609375,97.65625,0.6340638828406512,0.9271529478208318,0.7,0.6399999999999999,0.6358447179884558,0.6358447179884558,0
32,5,0.4315947890281677,0.6628339829858445,0.0,0.07999952667385389,90.625,100.0,0.07999932381979127,-0.4290373883134094,0.0,0.08,0.07999952667385389,0.07999952667385389,0
32,14,0.42221689224243164,0.6628339829858445,0.0,0.07999952667385389,91.91919191919192,97.97979797979798,0.07999932381979127,-0.4510054028335719,0.0,0.08,0.07999952667385389,0.07999952667385389,0
32,1,0.634551465511322,0.6628339829858445,0.0,0.07999988494733881,79.16666666666667,95.83333333333333,0.07999983563905545,-0.043606159639125175,0.0,0.08,0.07999988494733881,0.07999988494733881,0
32,10,0.4082055389881134,0.6628339829858445,0.0,0.07999967125678349,84.765625,100.0,0.07999953036683356,-0.48475372709952824,0.0,0.08,0.07999967125678349,0.07999967125678349,0
32,17,0.1867288053035736,0.6628339829858445,0.0,0.07999952667385389,93.359375,100.0,0.07999932381979127,-1.2668671924048736,0.0,0.08,0.07999952667385389,0.07999952667385389,0
32,7,0.9624536037445068,0.6628339829858445,0.37296130030808006,0.34012027760738733,53.515625,94.140625,0.32372795076206873,0.37296130030808006,0.37296130030808006,0.37836904024646406,0.34012027760738733,0.34012027760738733,0
32,13,1.0215858221054077,0.6628339829858445,0.432586865103368,0.3872713740487068,54.34782608695652,78.26086956521739,0.37064360917699785,0.432586865103368,0.432586865103368,0.42606949208269446,0.3872713740487068,0.3872713740487068,0
32,3,0.4965755045413971,0.6628339829858445,0.0,0.07999952667385389,90.76923076923077,97.43589743589743,0.07999932381979127,-0.2887890055211999,0.0,0.08,0.07999952667385389,0.07999952667385389,0
33,5,0.359125554561615,0.6459805586471828,0.0,0.07999966867169772,85.15625,100.0,0.07999952667385389,-0.5870973344908046,0.0,0.08,0.07999966867169772,0.07999966867169772,0
33,16,0.7264788746833801,0.6459805586471828,0.11743999430995743,0.1328076366006679,82.27272727272727,97.72727272727273,0.11517433995182591,0.11743999430995743,0.11743999430995743,0.17395199544796597,0.1328076366006679,0.1328076366006679,0
33,8,1.6144851446151733,0.6459805586471828,0.7,0.6370913025919189,25.78125,96.09375,0.6358447179884558,0.9160019712838681,0.7,0.6399999999999999,0.6370913025919189,0.6370913025919189,0
33,3,0.5134345889091492,0.6459805586471828,0.0,0.07999966867169772,89.23076923076923,99.48717948717949,0.07999952667385389,-0.2296467659501626,0.0,0.08,0.07999966867169772,0.07999966867169772,0
33,0,0.4613700807094574,0.6459805586471828,0.0,0.09358863515512184,100.0,83.33333333333333,0.09941233593588833,-0.33656890310783744,0.0,0.08,0.09358863515512184,0.09358863515512184,0
33,6,0.42082837224006653,0.6459805586471828,0.0,0.07999966867169772,80.859375,100.0,0.07999952667385389,-0.42854431639858187,0.0,0.08,0.07999966867169772,0.07999966867169772,0
33,17,0.21142517030239105,0.6459805586471828,0.0,0.07999966867169772,93.75,100.0,0.07999952667385389,-1.116898245372773,0.0,0.08,0.07999966867169772,0.07999966867169772,0
33,11,1.4706770181655884,0.6459805586471828,0.7,0.63339973933932,31.25,97.65625,0.6305710561990286,0.8227087132872942,0.7,0.6399999999999999,0.63339973933932,0.63339973933932,0
33,12,0.6006026864051819,0.6459805586471828,0.0,0.08767567330816131,74.609375,98.828125,0.0909652475830876,-0.07283577877841044,0.0,0.08,0.08767567330816131,0.08767567330816131,0
33,18,0.27210912108421326,0.6459805586471828,0.0,0.07999966867169772,89.453125,98.828125,0.07999952667385389,-0.8645662207854174,0.0,0.08,0.07999966867169772,0.07999966867169772,0
33,10,0.43535304069519043,0.6459805586471828,0.0,0.07999976987974844,84.375,99.21875,0.07999967125678349,-0.3946121111323972,0.0,0.08,0.07999976987974844,0.07999976987974844,0
33,19,0.41924387216567993,0.6459805586471828,0.0,0.07999966867169772,83.203125,99.21875,0.07999952667385389,-0.43231661556975337,0.0,0.08,0.07999966867169772,0.07999966867169772,0
33,14,0.3231777250766754,0.6459805586471828,0.0,0.07999966867169772,88.88888888888889,100.0,0.07999952667385389,-0.6925669885581304,0.0,0.08,0.07999966867169772,0.07999966867169772,0
33,7,0.8986479043960571,0.6459805586471828,0.3301218925397279,0.3413134485347058,55.859375,94.140625,0.34012027760738733,0.3301218925397279,0.3301218925397279,0.34409751403178235,0.3413134485347058,0.3413134485347058,0
33,13,0.836264431476593,0.6459805586471828,0.2581754567859044,0.3570520714627118,52.17391304347826,80.43478260869566,0.3872713740487068,0.2581754567859044,0.2581754567859044,0.2865403654287236,0.3570520714627118,0.3570520714627118,0
33,15,1.1001757383346558,0.6459805586471828,0.5324557934010444,0.5550388940749167,57.142857142857146,78.57142857142857,0.5760707195123801,0.5324557934010444,0.5324557934010444,0.5059646347208355,0.5550388940749167,0.5550388940749167,0
33,4,0.44390857219696045,0.6459805586471828,0.0,0.07999966867169772,91.74311926605505,95.41284403669725,0.07999952667385389,-0.37515077855672857,0.0,0.08,0.07999966867169772,0.07999966867169772,0
33,1,0.41471660137176514,0.6459805586471828,0.0,0.07999991946313717,79.16666666666667,91.66666666666667,0.07999988494733881,-0.4431740010283315,0.0,0.08,0.07999991946313717,0.07999991946313717,0
33,2,0.4605558216571808,0.6459805586471828,0.0,0.07999966867169772,81.53846153846153,100.0,0.07999952667385389,-0.3383353341067893,0.0,0.08,0.07999966867169772,0.07999966867169772,0
33,9,0.40383777022361755,0.6459805586471828,0.0,0.07999966867169772,88.671875,98.046875,0.07999952667385389,-0.46975616061188924,0.0,0.08,0.07999966867169772,0.07999966867169772,0
34,3,0.5867627859115601,0.6266057224751717,0.0,0.07999976807018841,92.82051282051282,98.46153846153847,0.07999966867169772,-0.06569688440777374,0.0,0.08,0.07999976807018841,0.07999976807018841,0
34,17,0.2023136168718338,0.6266057224751717,0.0,0.07999976807018841,91.796875,100.0,0.07999966867169772,-1.1304984253887587,0.0,0.08,0.07999976807018841,0.07999976807018841,0
34,6,0.4512617588043213,0.6266057224751717,0.0,0.07999976807018841,82.03125,95.3125,0.07999966867169772,-0.3282699372564649,0.0,0.08,0.07999976807018841,0.07999976807018841,0
34,14,0.28654879331588745,0.6266057224751717,0.0,0.07999976807018841,90.9090909090909,96.96969696969697,0.07999966867169772,-0.7824086622062999,0.0,0.08,0.07999976807018841,0.07999976807018841,0
34,12,0.5135960578918457,0.6266057224751717,0.0,0.08537297131571292,76.5625,98.4375,0.08767567330816131,-0.1988804306436323,0.0,0.08,0.08537297131571292,0.08537297131571292,0
34,1,0.2665993273258209,0.6266057224751717,0.0,0.07999994362419602,75.0,91.66666666666667,0.07999991946313717,-0.8545706049243209,0.0,0.08,0.07999994362419602,0.07999994362419602,0
34,18,0.3152327239513397,0.6266057224751717,0.0,0.07999976807018841,88.671875,99.21875,0.07999966867169772,-0.6870063230562483,0.0,0.08,0.07999976807018841,0.07999976807018841,0
34,11,1.467761516571045,0.6266057224751717,0.7,0.6353798175375239,32.421875,98.828125,0.63339973933932,0.8511762211222378,0.7,0.6399999999999999,0.6353798175375239,0.6353798175375239,0
34,16,0.6285516619682312,0.6266057224751717,0.0031007123811881768,0.1177095165919527,82.27272727272727,96.36363636363636,0.1328076366006679,0.0031007123811881768,0.0031007123811881768,0.08248056990495055,0.1177095165919527,0.1177095165919527,0
34,5,0.40387436747550964,0.6266057224751717,0.0,0.07999976807018841,88.671875,100.0,0.07999966867169772,-0.4392136442518973,0.0,0.08,0.07999976807018841,0.07999976807018841,0
34,2,0.32408732175827026,0.6266057224751717,0.0,0.07999976807018841,86.15384615384616,98.46153846153847,0.07999966867169772,-0.659304505080173,0.0,0.08,0.07999976807018841,0.07999976807018841,0
34,9,0.31614094972610474,0.6266057224751717,0.0,0.07999976807018841,90.234375,97.265625,0.07999966867169772,-0.6841293378086465,0.0,0.08,0.07999976807018841,0.07999976807018841,0
34,15,1.1852662563323975,0.6266057224751717,0.6374051986392297,0.5655044735258568,42.857142857142854,71.42857142857143,0.5550388940749167,0.6374051986392297,0.6374051986392297,0.5899241589113837,0.5655044735258568,0.5655044735258568,0
34,0,0.5708644390106201,0.6266057224751717,0.0,0.08951204460858528,83.33333333333333,66.66666666666667,0.09358863515512184,-0.09316573781787368,0.0,0.08,0.08951204460858528,0.08951204460858528,0
34,7,0.8940101265907288,0.6266057224751717,0.35539958656135484,0.3482153147490192,52.34375,91.796875,0.3413134485347058,0.35539958656135484,0.35539958656135484,0.3643196692490839,0.3482153147490192,0.3482153147490192,0
34,10,0.38957479596138,0.6266057224751717,0.0,0.0799998389158239,84.375,99.21875,0.07999976987974844,-0.4752616237624019,0.0,0.08,0.0799998389158239,0.0799998389158239,0
34,8,1.4584901332855225,0.6266057224751717,0.7,0.6379639118143432,27.34375,97.65625,0.6370913025919189,0.8448395041511128,0.7,0.6399999999999999,0.6379639118143432,0.6379639118143432,0
34,4,0.4803500175476074,0.6266057224751717,0.0,0.07999976807018841,93.57798165137615,93.57798165137615,0.07999966867169772,-0.26580246481147835,0.0,0.08,0.07999976807018841,0.07999976807018841,0
34,13,0.911797046661377,0.6266057224751717,0.3750999127049872,0.36396042907309517,54.34782608695652,86.95652173913044,0.3570520714627118,0.3750999127049872,0.3750999127049872,0.38007993016398983,0.36396042907309517,0.36396042907309517,0
34,19,0.4361465275287628,0.6266057224751717,0.0,0.07999976807018841,84.375,98.828125,0.07999966867169772,-0.36233924488512215,0.0,0.08,0.07999976807018841,0.07999976807018841,0
35,15,1.9529861211776733,0.6105257390452509,0.7,0.5878531314680997,50.0,78.57142857142857,0.5655044735258568,1.1627943599203172,0.7,0.6399999999999999,0.5878531314680997,0.5878531314680997,0
35,4,0.3670046329498291,0.6105257390452509,0.0,0.07999983764913188,90.8256880733945,97.24770642201835,0.07999976807018841,-0.5089459705756352,0.0,0.08,0.07999983764913188,0.07999983764913188,0
35,8,1.6803568601608276,0.6105257390452509,0.7,0.6385747382700402,22.265625,98.828125,0.6379639118143432,1.012441002913939,0.7,0.6399999999999999,0.6385747382700402,0.6385747382700402,0
35,3,0.5904716849327087,0.6105257390452509,0.0,0.07999983764913188,85.64102564102564,98.97435897435898,0.07999976807018841,-0.03339876921932313,0.0,0.08,0.07999983764913188,0.07999983764913188,0
35,12,0.5988446474075317,0.6105257390452509,0.0,0.08376107992099904,75.78125,97.265625,0.08537297131571292,-0.019318241706082928,0.0,0.08,0.08376107992099904,0.08376107992099904,0
35,19,0.452523797750473,0.6105257390452509,0.0,0.07999983764913188,85.546875,99.609375,0.07999976807018841,-0.2994800940705109,0.0,0.08,0.07999983764913188,0.07999983764913188,0
35,11,1.3448197841644287,0.6105257390452509,0.7,0.6367658722762667,27.734375,98.4375,0.6353798175375239,0.7896948313860294,0.7,0.6399999999999999,0.6367658722762667,0.6367658722762667,0
35,0,0.11820002645254135,0.6105257390452509,0.0,0.08665843122600969,83.33333333333333,100.0,0.08951204460858528,-1.6419420562705485,0.0,0.08,0.08665843122600969,0.08665843122600969,0
35,7,1.0195688009262085,0.6105257390452509,0.5128146128752429,0.3908262274143717,44.921875,94.140625,0.3482153147490192,0.5128146128752429,0.5128146128752429,0.49025169030019433,0.3908262274143717,0.3908262274143717,0
35,9,0.25510942935943604,0.6105257390452509,0.0,0.07999983764913188,92.1875,98.046875,0.07999976807018841,-0.8726278425914367,0.0,0.08,0.07999983764913188,0.07999983764913188,0
35,13,1.1438096761703491,0.6105257390452509,0.6277993302183403,0.42944413960356825,54.34782608695652,78.26086956521739,0.36396042907309517,0.6277993302183403,0.6277993302183403,0.5822394641746722,0.42944413960356825,0.42944413960356825,0
35,2,0.2929241359233856,0.6105257390452509,0.0,0.07999983764913188,78.46153846153847,100.0,0.07999976807018841,-0.7344067817732509,0.0,0.08,0.07999983764913188,0.07999983764913188,0
35,14,0.3138558864593506,0.6105257390452509,0.0,0.07999983764913188,91.91919191919192,96.96969696969697,0.07999976807018841,-0.6653865175446881,0.0,0.08,0.07999983764913188,0.07999983764913188,0
35,1,0.525533139705658,0.6105257390452509,0.0,0.07999996053693721,70.83333333333333,100.0,0.07999994362419602,-0.14990719909403882,0.0,0.08,0.07999996053693721,0.07999996053693721,0
35,5,0.3716859817504883,0.6105257390452509,0.0,0.07999983764913188,89.0625,100.0,0.07999976807018841,-0.49627108002403186,0.0,0.08,0.07999983764913188,0.07999983764913188,0
35,18,0.31294652819633484,0.6105257390452509,0.0,0.07999983764913188,85.15625,98.046875,0.07999976807018841,-0.668288098172781,0.0,0.08,0.07999983764913188,0.07999983764913188,0
35,10,0.3151637315750122,0.6105257390452509,0.0,0.07999988724107673,87.890625,99.21875,0.0799998389158239,-0.661228151346921,0.0,0.08,0.07999988724107673,0.07999988724107673,0
35,6,0.4397866725921631,0.6105257390452509,0.0,0.07999983764913188,83.59375,99.609375,0.07999976807018841,-0.3280306725773414,0.0,0.08,0.07999983764913188,0.07999983764913188,0
35,17,0.24729321897029877,0.6105257390452509,0.0,0.07999983764913188,95.3125,100.0,0.07999976807018841,-0.9037456753079676,0.0,0.08,0.07999983764913188,0.07999983764913188,0
35,16,0.6213734149932861,0.6105257390452509,0.017611760059918626,0.11062348402874736,79.54545454545455,95.9090909090909,0.1177095165919527,0.017611760059918626,0.017611760059918626,0.0940894080479349,0.11062348402874736,0.11062348402874736,0
36,18,0.2582875192165375,0.5940886886578576,0.0,0.07999988635439231,89.453125,99.21875,0.07999983764913188,-0.8329552138486433,0.0,0.08,0.07999988635439231,0.07999988635439231,0
36,8,1.7885220050811768,0.5940886886578576,0.7,0.6390023167890281,17.578125,97.65625,0.6385747382700402,1.102116235311651,0.7,0.6399999999999999,0.6390023167890281,0.6390023167890281,0
36,19,0.5529586672782898,0.5940886886578576,0.0,0.07999988635439231,83.203125,99.609375,0.07999983764913188,-0.07174535845677996,0.0,0.08,0.07999988635439231,0.07999988635439231,0
36,1,0.6771001815795898,0.5940886886578576,0.1307906228782093,0.11138972186662627,75.0,95.83333333333333,0.07999996053693721,0.1307906228782093,0.1307906228782093,0.18463249830256745,0.11138972186662627,0.11138972186662627,0
36,16,0.6451531052589417,0.5940886886578576,0.08245904406735607,0.1212266093962886,79.54545454545455,95.9090909090909,0.11062348402874736,0.08245904406735607,0.08245904406735607,0.14596723525388486,0.1212266093962886,0.1212266093962886,0
36,9,0.38194116950035095,0.5940886886578576,0.0,0.07999988635439231,94.140625,97.265625,0.07999983764913188,-0.4417620161698949,0.0,0.08,0.07999988635439231,0.07999988635439231,0
36,6,0.49628421664237976,0.5940886886578576,0.0,0.07999988635439231,81.25,99.609375,0.07999983764913188,-0.17987983236767355,0.0,0.08,0.07999988635439231,0.07999988635439231,0
36,13,1.046195149421692,0.5940886886578576,0.5658865715518454,0.4604236748949406,67.3913043478261,86.95652173913044,0.42944413960356825,0.5658865715518454,0.5658865715518454,0.5327092572414763,0.4604236748949406,0.4604236748949406,0
36,2,0.6056187152862549,0.5940886886578576,0.01922198931220478,0.08461316378932146,89.23076923076923,95.38461538461539,0.07999983764913188,0.01922198931220478,0.01922198931220478,0.09537759144976382,0.08461316378932146,0.08461316378932146,0
36,3,0.6554321050643921,0.5940886886578576,0.09826610321807859,0.10358375112673118,86.66666666666667,98.97435897435898,0.07999983764913188,0.09826610321807859,0.09826610321807859,0.15861288257446288,0.10358375112673118,0.10358375112673118,0
36,5,0.39985793828964233,0.5940886886578576,0.0,0.07999988635439231,85.546875,100.0,0.07999983764913188,-0.3959192777959499,0.0,0.08,0.07999988635439231,0.07999988635439231,0
36,7,0.9965629577636719,0.5940886886578576,0.5172836940267194,0.4217264457564728,52.734375,97.65625,0.3908262274143717,0.5172836940267194,0.5172836940267194,0.49382695522137554,0.4217264457564728,0.4217264457564728,0
36,11,1.4202944040298462,0.5940886886578576,0.7,0.6377361105933866,30.46875,98.828125,0.6367658722762667,0.8715908303737518,0.7,0.6399999999999999,0.6377361105933866,0.6377361105933866,0
36,15,1.0749152898788452,0.5940886886578576,0.5929685140925245,0.5778096354098756,42.857142857142854,57.142857142857146,0.5878531314680997,0.5929685140925245,0.5929685140925245,0.5543748112740196,0.5778096354098756,0.5778096354098756,0
36,10,0.45025864243507385,0.5940886886578576,0.0,0.07999992106875371,89.453125,98.828125,0.07999988724107673,-0.277206431725871,0.0,0.08,0.07999992106875371,0.07999992106875371,0
36,17,0.271224707365036,0.5940886886578576,0.0,0.07999988635439231,94.53125,99.609375,0.07999983764913188,-0.7840809399149923,0.0,0.08,0.07999988635439231,0.07999988635439231,0
36,14,0.4067518413066864,0.5940886886578576,0.0,0.07999988635439231,94.94949494949495,98.98989898989899,0.07999983764913188,-0.37882533500509913,0.0,0.08,0.07999988635439231,0.07999988635439231,0
36,0,0.14173844456672668,0.5940886886578576,0.0,0.08466090185820678,83.33333333333333,100.0,0.08665843122600969,-1.4330451425287278,0.0,0.08,0.08466090185820678,0.08466090185820678,0
36,12,0.676084041595459,0.5940886886578576,0.1292887724387698,0.11366206133000409,76.5625,96.875,0.08376107992099904,0.1292887724387698,0.1292887724387698,0.18343101795101585,0.11366206133000409,0.11366206133000409,0
36,4,0.4281327426433563,0.5940886886578576,0.0,0.07999988635439231,88.07339449541284,96.3302752293578,0.07999983764913188,-0.32759531533812386,0.0,0.08,0.07999988635439231,0.07999988635439231,0
37,4,0.5758545994758606,0.592608688920299,0.0,0.07999992044807461,90.8256880733945,98.1651376146789,0.07999988635439231,-0.02867909954655909,0.0,0.08,0.07999992044807461,0.07999992044807461,0
37,15,1.051284909248352,0.592608688920299,0.5732341133423429,0.5660429319890752,35.714285714285715,92.85714285714286,0.5778096354098756,0.5732341133423429,0.5732341133423429,0.5385872906738743,0.5660429319890752,0.5660429319890752,0
37,0,0.40976545214653015,0.592608688920299,0.0,0.08326263130074474,100.0,100.0,0.08466090185820678,-0.36894936180226773,0.0,0.08,0.08326263130074474,0.08326263130074474,0
37,16,0.6164935231208801,0.592608688920299,0.03951351860709197,0.11834187104310408,81.36363636363636,97.27272727272727,0.1212266093962886,0.03951351860709197,0.03951351860709197,0.11161081488567358,0.11834187104310408,0.11834187104310408,0
37,18,0.29203978180885315,0.592608688920299,0.0,0.07999992044807461,91.40625,99.21875,0.07999988635439231,-0.7076442479743331,0.0,0.08,0.07999992044807461,0.07999992044807461,0
37,3,0.6473402976989746,0.592608688920299,0.08833781984317808,0.11770970255107457,83.58974358974359,98.46153846153847,0.10358375112673118,0.08833781984317808,0.08833781984317808,0.15067025587454247,0.11770970255107457,0.11770970255107457,0
37,12,0.6441420316696167,0.592608688920299,0.08338494910676401,0.12357583071662623,70.3125,97.65625,0.11366206133000409,0.08338494910676401,0.08338494910676401,0.14670795928541122,0.12357583071662623,0.12357583071662623,0
37,14,0.31424158811569214,0.592608688920299,0.0,0.07999992044807461,95.95959595959596,98.98989898989899,0.07999988635439231,-0.6343722034697735,0.0,0.08,0.07999992044807461,0.07999992044807461,0
37,5,0.33364933729171753,0.592608688920299,0.0,0.07999992044807461,87.890625,100.0,0.07999988635439231,-0.5744437311949323,0.0,0.08,0.07999992044807461,0.07999992044807461,0
37,13,1.1469541788101196,0.592608688920299,0.6603308620468932,0.5047759793177128,65.21739130434783,91.30434782608695,0.4604236748949406,0.6603308620468932,0.6603308620468932,0.6082646896375146,0.5047759793177128,0.5047759793177128,0
37,11,1.515324354171753,0.592608688920299,0.7,0.6384152774153706,36.71875,100.0,0.6377361105933866,0.9388504825142512,0.7,0.6399999999999999,0.6384152774153706,0.6384152774153706,0
37,6,0.42517098784446716,0.592608688920299,0.0,0.07999992044807461,81.640625,99.21875,0.07999988635439231,-0.33204287840268804,0.0,0.08,0.07999992044807461,0.07999992044807461,0
37,8,1.6607016324996948,0.592608688920299,0.7,0.6393016217523196,18.75,96.875,0.6390023167890281,1.0304611539765605,0.7,0.6399999999999999,0.6393016217523196,0.6393016217523196,0
37,2,0.4200516939163208,0.592608688920299,0.0,0.08322921465252502,81.53846153846153,98.46153846153847,0.08461316378932146,-0.3441565060129024,0.0,0.08,0.08322921465252502,0.08322921465252502,0
37,17,0.226216658949852,0.592608688920299,0.0,0.07999992044807461,94.140625,100.0,0.07999988635439231,-0.9630410621074618,0.0,0.08,0.07999992044807461,0.07999992044807461,0
37,19,0.47554996609687805,0.592608688920299,0.0,0.07999992044807461,87.109375,99.21875,0.07999988635439231,-0.22006233561200808,0.0,0.08,0.07999992044807461,0.07999992044807461,0
37,1,0.5061972141265869,0.592608688920299,0.0,0.10197280530663838,66.66666666666667,91.66666666666667,0.11138972186662627,-0.15760794992859864,0.0,0.08,0.10197280530663838,0.10197280530663838,0
37,10,0.46073248982429504,0.592608688920299,0.0,0.0799999447481276,86.71875,100.0,0.07999992106875371,-0.25171670038080246,0.0,0.08,0.0799999447481276,0.0799999447481276,0
37,9,0.38032400608062744,0.592608688920299,0.0,0.07999992044807461,92.96875,98.828125,0.07999988635439231,-0.44351075097929304,0.0,0.08,0.07999992044807461,0.07999992044807461,0
37,7,0.9539998769760132,0.592608688920299,0.47612923869825885,0.43347952931711303,50.78125,94.921875,0.4217264457564728,0.47612923869825885,0.47612923869825885,0.4609033909586071,0.43347952931711303,0.43347952931711303,0
38,3,0.6367796063423157,0.5824351790394424,0.08920570870714505,0.127806161875467,87.17948717948718,99.48717948717949,0.11770970255107457,0.08920570870714505,0.08920570870714505,0.15136456696571604,0.127806161875467,0.127806161875467,0
38,15,1.2590062618255615,0.5824351790394424,0.7,0.5882300523923526,28.571428571428573,78.57142857142857,0.5660429319890752,0.7708600998269012,0.7,0.6399999999999999,0.5882300523923526,0.5882300523923526,0
38,17,0.15222954750061035,0.5824351790394424,0.0,0.07999994431365222,93.359375,99.21875,0.07999992044807461,-1.3418282875128549,0.0,0.08,0.07999994431365222,0.07999994431365222,0
38,6,0.46499279141426086,0.5824351790394424,0.0,0.07999994431365222,80.078125,99.609375,0.07999992044807461,-0.22519599116003725,0.0,0.08,0.07999994431365222,0.07999994431365222,0
38,4,0.3288891613483429,0.5824351790394424,0.0,0.07999994431365222,86.23853211009174,99.08256880733946,0.07999992044807461,-0.5714970869870789,0.0,0.08,0.07999994431365222,0.07999994431365222,0
38,16,0.6637619733810425,0.5824351790394424,0.13070571065322614,0.13820868028694713,80.0,95.9090909090909,0.11834187104310408,0.13070571065322614,0.13070571065322614,0.1845645685225809,0.13820868028694713,0.13820868028694713,0
38,8,1.7182890176773071,0.5824351790394424,0.7,0.6395111352266237,26.5625,98.4375,0.6393016217523196,1.0818664075655964,0.7,0.6399999999999999,0.6395111352266237,0.6395111352266237,0
38,14,0.3479527235031128,0.5824351790394424,0.0,0.07999994431365222,88.88888888888889,98.98989898989899,0.07999992044807461,-0.5151512685152759,0.0,0.08,0.07999994431365222,0.07999994431365222,0
38,19,0.474012553691864,0.5824351790394424,0.0,0.07999994431365222,84.375,99.21875,0.07999992044807461,-0.20598408877517252,0.0,0.08,0.07999994431365222,0.07999994431365222,0
38,10,0.36511847376823425,0.5824351790394424,0.0,0.07999996132368932,88.28125,99.21875,0.0799999447481276,-0.4669960018272921,0.0,0.08,0.07999996132368932,0.07999996132368932,0
38,1,0.35274139046669006,0.5824351790394424,0.0,0.09538096371464685,87.5,91.66666666666667,0.10197280530663838,-0.5014827039116817,0.0,0.08,0.09538096371464685,0.09538096371464685,0
38,5,0.28323882818222046,0.5824351790394424,0.0,0.07999994431365222,91.015625,100.0,0.07999992044807461,-0.7209274229074059,0.0,0.08,0.07999994431365222,0.07999994431365222,0
38,12,0.5712706446647644,0.5824351790394424,0.0,0.11050308150163834,73.828125,96.875,0.12357583071662623,-0.01935481728086196,0.0,0.08,0.11050308150163834,0.11050308150163834,0
38,7,1.0955933332443237,0.5824351790394424,0.631833445672779,0.4790756974834461,54.6875,94.140625,0.43347952931711303,0.631833445672779,0.631833445672779,0.5854667565382232,0.4790756974834461,0.4790756974834461,0
38,9,0.31186985969543457,0.5824351790394424,0.0,0.07999994431365222,87.109375,98.046875,0.07999992044807461,-0.6246318993018933,0.0,0.08,0.07999994431365222,0.07999994431365222,0
38,11,1.558279037475586,0.5824351790394424,0.7,0.6388906941907594,30.859375,99.21875,0.6384152774153706,0.984119400805334,0.7,0.6399999999999999,0.6388906941907594,0.6388906941907594,0
38,13,0.876118540763855,0.5824351790394424,0.40828349790404417,0.47533122501936953,65.21739130434783,82.6086956521739,0.5047759793177128,0.40828349790404417,0.40828349790404417,0.4066267983232354,0.47533122501936953,0.47533122501936953,0
38,2,0.4089263081550598,0.5824351790394424,0.0,0.08226045025676751,86.15384615384616,95.38461538461539,0.08322921465252502,-0.35368292719451705,0.0,0.08,0.08226045025676751,0.08226045025676751,0
38,18,0.2852000594139099,0.5824351790394424,0.0,0.07999994431365222,88.671875,99.21875,0.07999992044807461,-0.7140269838711256,0.0,0.08,0.07999994431365222,0.07999994431365222,0
38,0,0.5654473900794983,0.5824351790394424,0.0,0.08228384191052132,50.0,83.33333333333333,0.08326263130074474,-0.029600639458361246,0.0,0.08,0.08228384191052132,0.08228384191052132,0
39,10,0.4308958351612091,0.5711419283908045,0.0,0.07999997292658252,85.546875,99.21875,0.07999996132368932,-0.2817713550424022,0.0,0.08,0.07999997292658252,0.07999997292658252,0
39,6,0.5162766575813293,0.5711419283908045,0.0,0.07999996101955656,78.125,100.0,0.07999994431365222,-0.10099495811036291,0.0,0.08,0.07999996101955656,0.07999996101955656,0
39,1,0.2737627923488617,0.5711419283908045,0.0,0.09076667460025278,83.33333333333333,100.0,0.09538096371464685,-0.7353757107749631,0.0,0.08,0.09076667460025278,0.09076667460025278,0
39,8,1.7309081554412842,0.5711419283908045,0.7,0.6396577946586366,28.90625,96.875,0.6395111352266237,1.10876374349198,0.7,0.6399999999999999,0.6396577946586366,0.6396577946586366,0
39,5,0.32022395730018616,0.5711419283908045,0.0,0.07999996101955656,84.375,100.0,0.07999994431365222,-0.578617108590733,0.0,0.08,0.07999996101955656,0.07999996101955656,0
39,0,0.6895556449890137,0.5711419283908045,0.18840965448810296,0.12681700641450963,83.33333333333333,100.0,0.08228384191052132,0.18840965448810296,0.18840965448810296,0.23072772359048238,0.12681700641450963,0.12681700641450963,0
39,9,0.30355900526046753,0.5711419283908045,0.0,0.07999996101955656,89.0625,98.828125,0.07999994431365222,-0.6320617168228831,0.0,0.08,0.07999996101955656,0.07999996101955656,0
39,17,0.17507360875606537,0.5711419283908045,0.0,0.07999996101955656,94.140625,100.0,0.07999994431365222,-1.182431193314171,0.0,0.08,0.07999996101955656,0.07999996101955656,0
39,12,0.6287320256233215,0.5711419283908045,0.09606739204919187,0.1244083311429529,76.953125,97.65625,0.11050308150163834,0.09606739204919187,0.09606739204919187,0.15685391363935353,0.1244083311429529,0.1244083311429529,0
39,11,1.3791347742080688,0.5711419283908045,0.7,0.6392234859335315,34.765625,98.046875,0.6388906941907594,0.8815738561761421,0.7,0.6399999999999999,0.6392234859335315,0.6392234859335315,0
39,19,0.48610225319862366,0.5711419283908045,0.0,0.07999996101955656,81.640625,99.609375,0.07999994431365222,-0.16121873751346252,0.0,0.08,0.07999996101955656,0.07999996101955656,0
39,15,1.8832590579986572,0.5711419283908045,0.7,0.6037610366746468,28.571428571428573,78.57142857142857,0.5882300523923526,1.193121344390476,0.7,0.6399999999999999,0.6037610366746468,0.6037610366746468,0
39,14,0.2633826732635498,0.5711419283908045,0.0,0.07999996101955656,91.91919191919192,96.96969696969697,0.07999994431365222,-0.7740297133501737,0.0,0.08,0.07999996101955656,0.07999996101955656,0
39,18,0.3014017939567566,0.5711419283908045,0.0,0.07999996101955656,91.796875,99.609375,0.07999994431365222,-0.6391934859508677,0.0,0.08,0.07999996101955656,0.07999996101955656,0
39,3,0.518113374710083,0.5711419283908045,0.0,0.11346431331282689,82.56410256410257,98.46153846153847,0.127806161875467,-0.097443649674938,0.0,0.08,0.11346431331282689,0.11346431331282689,0
39,7,0.8592622876167297,0.5711419283908045,0.40843647027995456,0.45737774110560137,56.640625,94.53125,0.4790756974834461,0.40843647027995456,0.40843647027995456,0.40674917622396367,0.45737774110560137,0.45737774110560137,0
39,16,0.599638044834137,0.5711419283908045,0.04868847386607805,0.13243130992872174,79.54545454545455,96.81818181818181,0.13820868028694713,0.04868847386607805,0.04868847386607805,0.11895077909286245,0.13243130992872174,0.13243130992872174,0
39,2,0.25974223017692566,0.5711419283908045,0.0,0.08158231517973726,83.07692307692308,100.0,0.08226045025676751,-0.7879480020487957,0.0,0.08,0.08158231517973726,0.08158231517973726,0
39,13,0.9170272946357727,0.5711419283908045,0.47349949047756595,0.4703717352281745,56.52173913043478,82.6086956521739,0.47533122501936953,0.47349949047756595,0.47349949047756595,0.4587995923820528,0.4703717352281745,0.4703717352281745,0
39,4,0.35992586612701416,0.5711419283908045,0.0,0.07999996101955656,86.23853211009174,95.41284403669725,0.07999994431365222,-0.4617396467806056,0.0,0.08,0.07999996101955656,0.07999996101955656,0
40,9,0.28053125739097595,0.5641466810907216,0.0,0.07999997271368958,87.890625,100.0,0.07999996101955656,-0.6986291193167843,0.0,0.08,0.07999997271368958,0.07999997271368958,0
40,6,0.45014721155166626,0.5641466810907216,0.0,0.07999997271368958,84.765625,100.0,0.07999996101955656,-0.22573962000352116,0.0,0.08,0.07999997271368958,0.07999997271368958,0
40,11,1.3947316408157349,0.5641466810907216,0.7,0.639456440153472,47.265625,98.828125,0.6392234859335315,0.9051430024775513,0.7,0.6399999999999999,0.639456440153472,0.639456440153472,0
40,14,0.3103700578212738,0.5641466810907216,0.0,0.07999997271368958,90.9090909090909,100.0,0.07999996101955656,-0.5975489555956193,0.0,0.08,0.07999997271368958,0.07999997271368958,0
40,7,1.0025442838668823,0.5641466810907216,0.5749820333462756,0.4821601067770271,58.203125,96.09375,0.45737774110560137,0.5749820333462756,0.5749820333462756,0.5399856266770205,0.4821601067770271,0.4821601067770271,0
40,0,0.05363132432103157,0.5641466810907216,0.0,0.11277190449015673,66.66666666666667,100.0,0.12681700641450963,-2.353180815457769,0.0,0.08,0.11277190449015673,0.11277190449015673,0
40,18,0.253745973110199,0.5641466810907216,0.0,0.07999997271368958,91.015625,98.828125,0.07999996101955656,-0.7989806081436426,0.0,0.08,0.07999997271368958,0.07999997271368958,0
40,10,0.41283631324768066,0.5641466810907216,0.0,0.07999998104860775,89.0625,98.4375,0.07999997292658252,-0.3122631056069323,0.0,0.08,0.07999998104860775,0.07999998104860775,0
40,8,1.6296170949935913,0.5641466810907216,0.7,0.6397604562610456,25.78125,97.65625,0.6396577946586366,1.0607860530276685,0.7,0.6399999999999999,0.6397604562610456,0.6397604562610456,0
40,17,0.1625666469335556,0.5641466810907216,0.0,0.07999997271368958,95.703125,100.0,0.07999996101955656,-1.2442261940903618,0.0,0.08,0.07999997271368958,0.07999997271368958,0
40,16,0.6272198557853699,0.5641466810907216,0.1059828340327823,0.14213779711797297,77.72727272727273,97.27272727272727,0.13243130992872174,0.1059828340327823,0.1059828340327823,0.16478626722622586,0.14213779711797297,0.14213779711797297,0
40,19,0.5215176343917847,0.5641466810907216,0.0,0.07999997271368958,82.8125,99.609375,0.07999996101955656,-0.07857120047347628,0.0,0.08,0.07999997271368958,0.07999997271368958,0
40,2,0.3001938462257385,0.5641466810907216,0.0,0.08110762062581608,89.23076923076923,100.0,0.08158231517973726,-0.6308858548806161,0.0,0.08,0.08110762062581608,0.08110762062581608,0
40,4,0.4234790503978729,0.5641466810907216,0.0,0.07999997271368958,88.9908256880734,98.1651376146789,0.07999996101955656,-0.28681023955791246,0.0,0.08,0.07999997271368958,0.07999997271368958,0
40,15,1.5589531660079956,0.5641466810907216,0.7,0.6146327256722527,64.28571428571429,64.28571428571429,0.6037610366746468,1.0164555257075165,0.7,0.6399999999999999,0.6146327256722527,0.6146327256722527,0
40,12,0.6755511164665222,0.5641466810907216,0.18021453311843025,0.1543373197484903,72.265625,98.046875,0.1244083311429529,0.18021453311843025,0.18021453311843025,0.2241716264947442,0.1543373197484903,0.1543373197484903,0
40,13,0.9002434015274048,0.5641466810907216,0.4673508757432612,0.4654244248381048,58.69565217391305,78.26086956521739,0.4703717352281745,0.4673508757432612,0.4673508757432612,0.453880700594609,0.4654244248381048,0.4654244248381048,0
40,3,0.6222125887870789,0.5641466810907216,0.09796752476561407,0.1269372252627262,86.66666666666667,98.97435897435898,0.11346431331282689,0.09796752476561407,0.09796752476561407,0.15837401981249127,0.1269372252627262,0.1269372252627262,0
40,1,0.6753233075141907,0.5641466810907216,0.17987725683712047,0.13070721386108586,79.16666666666667,100.0,0.09076667460025278,0.17987725683712047,0.17987725683712047,0.2239018054696964,0.13070721386108586,0.13070721386108586,0
40,5,0.35402974486351013,0.5641466810907216,0.0,0.07999997271368958,92.578125,100.0,0.07999996101955656,-0.46593334537850534,0.0,0.08,0.07999997271368958,0.07999997271368958,0
41,13,0.9638338685035706,0.556315255278822,0.5495837971210294,0.4816972086957204,58.69565217391305,84.78260869565217,0.4654244248381048,0.5495837971210294,0.5495837971210294,0.5196670376968235,0.4816972086957204,0.4816972086957204,0
41,17,0.1869247406721115,0.556315255278822,0.0,0.07999998089958271,94.921875,100.0,0.07999997271368958,-1.0906290243901464,0.0,0.08,0.07999998089958271,0.07999998089958271,0
41,11,1.679429531097412,0.556315255278822,0.7,0.6396195081074304,25.0,99.21875,0.639456440153472,1.1048742984274924,0.7,0.6399999999999999,0.6396195081074304,0.6396195081074304,0
41,4,0.39800170063972473,0.556315255278822,0.0,0.07999998089958271,95.41284403669725,96.3302752293578,0.07999997271368958,-0.3348788540710957,0.0,0.08,0.07999998089958271,0.07999998089958271,0
41,6,0.3201366066932678,0.556315255278822,0.0,0.07999998089958271,83.203125,100.0,0.07999997271368958,-0.5525873255832959,0.0,0.08,0.07999998089958271,0.07999998089958271,0
41,15,1.1297105550765991,0.556315255278822,0.7,0.6222429079705768,35.714285714285715,71.42857142857143,0.6146327256722527,0.7083815843612647,0.7,0.6399999999999999,0.6222429079705768,0.6222429079705768,0
41,3,0.5023457407951355,0.556315255278822,0.0,0.11285605768390833,88.71794871794872,97.43589743589743,0.1269372252627262,-0.10204652821756344,0.0,0.08,0.11285605768390833,0.11285605768390833,0
41,14,0.3635023832321167,0.556315255278822,0.0,0.07999998089958271,91.91919191919192,97.97979797979798,0.07999997271368958,-0.42554927662688924,0.0,0.08,0.07999998089958271,0.07999998089958271,0
41,16,0.7119925022125244,0.556315255278822,0.24673223736517594,0.18271219495022328,80.45454545454545,96.81818181818181,0.14213779711797297,0.24673223736517594,0.24673223736517594,0.27738578989214074,0.18271219495022328,0.18271219495022328,0
41,8,1.627630352973938,0.556315255278822,0.7,0.6398323193827319,22.265625,93.75,0.6397604562610456,1.0735453135764186,0.7,0.6399999999999999,0.6398323193827319,0.6398323193827319,0
41,12,0.6263654828071594,0.556315255278822,0.11859889761195466,0.16049985925081234,72.65625,97.65625,0.1543373197484903,0.11859889761195466,0.11859889761195466,0.17487911808956375,0.16049985925081234,0.16049985925081234,0
41,2,0.39552533626556396,0.556315255278822,0.0,0.08077533443807125,87.6923076923077,93.84615384615384,0.08110762062581608,-0.3411202856432155,0.0,0.08,0.08077533443807125,0.08077533443807125,0
41,7,0.958679735660553,0.556315255278822,0.5442219155441447,0.4921253344745136,53.515625,94.53125,0.4821601067770271,0.5442219155441447,0.5442219155441447,0.5153775324353157,0.4921253344745136,0.4921253344745136,0
41,1,0.49144086241722107,0.556315255278822,0.0,0.11549504970276009,87.5,100.0,0.13070721386108586,-0.12399352535564434,0.0,0.08,0.11549504970276009,0.11549504970276009,0
41,0,0.6115052700042725,0.556315255278822,0.0945884321661944,0.12564155686299636,83.33333333333333,100.0,0.11277190449015673,0.0945884321661944,0.0945884321661944,0.15567074573295553,0.12564155686299636,0.12564155686299636,0
41,18,0.3021124303340912,0.556315255278822,0.0,0.07999998089958271,87.109375,99.21875,0.07999997271368958,-0.6105358903676458,0.0,0.08,0.07999998089958271,0.07999998089958271,0
41,10,0.35213908553123474,0.556315255278822,0.0,0.07999998673402542,87.109375,99.609375,0.07999998104860775,-0.4573089021330361,0.0,0.08,0.07999998673402542,0.07999998673402542,0
41,5,0.33065974712371826,0.556315255278822,0.0,0.07999998089958271,84.765625,100.0,0.07999997271368958,-0.5202452348328211,0.0,0.08,0.07999998089958271,0.07999998089958271,0
41,19,0.36336198449134827,0.556315255278822,0.0,0.07999998089958271,88.28125,99.609375,0.07999997271368958,-0.4259355900710084,0.0,0.08,0.07999998089958271,0.07999998089958271,0
41,9,0.3186817169189453,0.556315255278822,0.0,0.07999998089958271,93.359375,100.0,0.07999997271368958,-0.5571422739635987,0.0,0.08,0.07999998089958271,0.07999998089958271,0
42,13,0.7433706521987915,0.5451558579037871,0.3101230428019374,0.43561757635946924,58.69565217391305,82.6086956521739,0.4816972086957204,0.3101230428019374,0.3101230428019374,0.32809843424154994,0.43561757635946924,0.43561757635946924,0
42,19,0.3488385081291199,0.5451558579037871,0.0,0.07999998662970789,84.375,99.21875,0.07999998089958271,-0.4464626335739882,0.0,0.08,0.07999998662970789,0.07999998662970789,0
42,3,0.5020842552185059,0.5451558579037871,0.0,0.10299924037873581,88.71794871794872,99.48717948717949,0.11285605768390833,-0.08230378532188662,0.0,0.08,0.10299924037873581,0.10299924037873581,0
42,8,1.504151701927185,0.5451558579037871,0.7,0.6398826235679123,23.4375,98.046875,0.6398323193827319,1.014912621786651,0.7,0.6399999999999999,0.6398826235679123,0.6398826235679123,0
42,9,0.31947264075279236,0.5451558579037871,0.0,0.07999998662970789,89.84375,97.265625,0.07999998089958271,-0.5344000799219449,0.0,0.08,0.07999998662970789,0.07999998662970789,0
42,6,0.35096025466918945,0.5451558579037871,0.0,0.07999998662970789,84.375,100.0,0.07999998089958271,-0.4403987389409882,0.0,0.08,0.07999998662970789,0.07999998662970789,0
42,5,0.39025628566741943,0.5451558579037871,0.0,0.07999998662970789,85.15625,100.0,0.07999998089958271,-0.3342680582667684,0.0,0.08,0.07999998662970789,0.07999998662970789,0
42,10,0.43044808506965637,0.5451558579037871,0.0,0.07999999071381779,87.5,99.609375,0.07999998673402542,-0.23624500227299944,0.0,0.08,0.07999999071381779,0.07999999071381779,0
42,0,1.0508958101272583,0.5451558579037871,0.6563264915137992,0.2694674477674093,83.33333333333333,100.0,0.12564155686299636,0.6563264915137992,0.6563264915137992,0.6050611932110393,0.2694674477674093,0.2694674477674093,0
42,12,0.5532034039497375,0.5451558579037871,0.014654021119419842,0.1398668665442294,73.4375,97.265625,0.16049985925081234,0.014654021119419842,0.014654021119419842,0.09172321689553588,0.1398668665442294,0.1398668665442294,0
42,14,0.2900685667991638,0.5451558579037871,0.0,0.07999998662970789,96.96969696969697,100.0,0.07999998089958271,-0.6309543831811342,0.0,0.08,0.07999998662970789,0.07999998662970789,0
42,4,0.33215028047561646,0.5451558579037871,0.0,0.07999998662970789,85.3211009174312,98.1651376146789,0.07999998089958271,-0.4954842012855742,0.0,0.08,0.07999998662970789,0.07999998662970789,0
42,2,0.3928455710411072,0.5451558579037871,0.0,0.08054273410664987,89.23076923076923,98.46153846153847,0.08077533443807125,-0.32765513883282915,0.0,0.08,0.08054273410664987,0.08054273410664987,0
42,7,0.9051189422607422,0.5451558579037871,0.5069946240968509,0.4901664439154037,57.421875,95.3125,0.4921253344745136,0.5069946240968509,0.5069946240968509,0.48559569927748075,0.4901664439154037,0.4901664439154037,0
42,11,1.614260196685791,0.5451558579037871,0.7,0.6397336556752012,31.640625,98.828125,0.6396195081074304,1.085560304424307,0.7,0.6399999999999999,0.6397336556752012,0.6397336556752012,0
42,16,0.6291536688804626,0.5451558579037871,0.14330379947512617,0.18629144833918657,81.36363636363636,98.18181818181819,0.18271219495022328,0.14330379947512617,0.14330379947512617,0.19464303958010093,0.18629144833918657,0.18629144833918657,0
42,17,0.18611806631088257,0.5451558579037871,0.0,0.07999998662970789,93.359375,100.0,0.07999998089958271,-1.0746904587512307,0.0,0.08,0.07999998662970789,0.07999998662970789,0
42,15,1.418253779411316,0.5451558579037871,0.7,0.6275700355794037,57.142857142857146,85.71428571428571,0.6222429079705768,0.9561099181675725,0.7,0.6399999999999999,0.6275700355794037,0.6275700355794037,0
42,1,0.4182939827442169,0.5451558579037871,0.0,0.10484653479193207,79.16666666666667,100.0,0.11549504970276009,-0.26488723270114267,0.0,0.08,0.10484653479193207,0.10484653479193207,0
42,18,0.30894291400909424,0.5451558579037871,0.0,0.07999998662970789,89.0625,99.21875,0.07999998089958271,-0.5679152020361634,0.0,0.08,0.07999998662970789,0.07999998662970789,0
43,6,0.3191286027431488,0.5330773755041021,0.0,0.07999999064079552,82.8125,100.0,0.07999998662970789,-0.5130724059148889,0.0,0.08,0.07999999064079552,0.07999999064079552,0
43,7,0.9926621913909912,0.5330773755041021,0.6217238241127419,0.5163302285278406,60.546875,94.921875,0.4901664439154037,0.6217238241127419,0.6217238241127419,0.5773790592901935,0.5163302285278406,0.5163302285278406,0
43,11,1.5154032707214355,0.5330773755041021,0.7,0.6398135589726408,34.765625,99.609375,0.6397336556752012,1.0447702722259813,0.7,0.6399999999999999,0.6398135589726408,0.6398135589726408,0
43,3,0.49917760491371155,0.5330773755041021,0.0,0.09609946826511506,89.74358974358974,99.48717948717949,0.10299924037873581,-0.0657046280599079,0.0,0.08,0.09609946826511506,0.09609946826511506,0
43,9,0.22870580852031708,0.5330773755041021,0.0,0.07999999064079552,90.625,99.21875,0.07999998662970789,-0.8462300597695258,0.0,0.08,0.07999999064079552,0.07999999064079552,0
43,8,1.6211344003677368,0.5330773755041021,0.7,0.6399178364975385,28.515625,99.609375,0.6398826235679123,1.112214834286845,0.7,0.6399999999999999,0.6399178364975385,0.6399178364975385,0
43,4,0.4716624617576599,0.5330773755041021,0.0,0.07999999064079552,86.23853211009174,97.24770642201835,0.07999998662970789,-0.1224029746203847,0.0,0.08,0.07999999064079552,0.07999999064079552,0
43,10,0.4946082532405853,0.5330773755041021,0.0,0.07999999349967245,87.109375,100.0,0.07999999071381779,-0.07490054032642975,0.0,0.08,0.07999999349967245,0.07999999349967245,0
43,15,1.2739183902740479,0.5330773755041021,0.7,0.6312990249055825,28.571428571428573,78.57142857142857,0.6275700355794037,0.8711861818703994,0.7,0.6399999999999999,0.6312990249055825,0.6312990249055825,0
43,13,0.8370481729507446,0.5330773755041021,0.4512150328919501,0.4372239113456965,58.69565217391305,76.08695652173913,0.43561757635946924,0.4512150328919501,0.4512150328919501,0.4409720263135601,0.4372239113456965,0.4372239113456965,0
43,0,0.20565812289714813,0.5330773755041021,0.0,0.21262721343718646,83.33333333333333,100.0,0.2694674477674093,-0.9524513610203725,0.0,0.08,0.21262721343718646,0.21262721343718646,0
43,19,0.4072365462779999,0.5330773755041021,0.0,0.07999999064079552,87.109375,99.21875,0.07999998662970789,-0.2692723662337386,0.0,0.08,0.07999999064079552,0.07999999064079552,0
43,1,0.4765643775463104,0.5330773755041021,0.0,0.09739257435435245,79.16666666666667,91.66666666666667,0.10484653479193207,-0.11206376220914745,0.0,0.08,0.09739257435435245,0.09739257435435245,0
43,12,0.6138583421707153,0.5330773755041021,0.14109760255213014,0.1557702311934718,73.4375,97.65625,0.1398668665442294,0.14109760255213014,0.14109760255213014,0.19287808204170412,0.1557702311934718,0.1557702311934718,0
43,17,0.12361309677362442,0.5330773755041021,0.0,0.07999999064079552,96.875,100.0,0.07999998662970789,-1.461510020930696,0.0,0.08,0.07999999064079552,0.07999999064079552,0
43,18,0.2752957344055176,0.5330773755041021,0.0,0.07999999064079552,90.234375,99.21875,0.07999998662970789,-0.6608206481866896,0.0,0.08,0.07999999064079552,0.07999999064079552,0
43,5,0.4201256036758423,0.5330773755041021,0.0,0.07999999064079552,88.671875,100.0,0.07999998662970789,-0.2381128554476194,0.0,0.08,0.07999999064079552,0.07999999064079552,0
43,14,0.36395499110221863,0.5330773755041021,0.0,0.07999999064079552,91.91919191919192,98.98989898989899,0.07999998662970789,-0.3816363655408568,0.0,0.08,0.07999999064079552,0.07999999064079552,0
43,2,0.41356101632118225,0.5330773755041021,0.0,0.0803799138746549,92.3076923076923,98.46153846153847,0.08054273410664987,-0.25386151380043526,0.0,0.08,0.0803799138746549,0.0803799138746549,0
43,16,0.4871048033237457,0.5330773755041021,0.0,0.15440401383743058,80.9090909090909,96.36363636363636,0.18629144833918657,-0.09018727983379411,0.0,0.08,0.15440401383743058,0.15440401383743058,0
44,14,0.22332724928855896,0.5271809799188903,0.0,0.07999999344855686,92.92929292929293,98.98989898989899,0.07999999064079552,-0.8589056978308269,0.0,0.08,0.07999999344855686,0.07999999344855686,0
44,8,1.5127644538879395,0.5271809799188903,0.7,0.6399424855482769,25.390625,97.65625,0.6399178364975385,1.054150102814985,0.7,0.6399999999999999,0.6399424855482769,0.6399424855482769,0
44,2,0.43137475848197937,0.5271809799188903,0.0,0.08026593971225843,86.15384615384616,96.92307692307692,0.0803799138746549,-0.20056667924226348,0.0,0.08,0.08026593971225843,0.08026593971225843,0
44,16,0.5415620803833008,0.5271809799188903,0.02691379958627019,0.13854212158690624,86.81818181818181,97.27272727272727,0.15440401383743058,0.02691379958627019,0.02691379958627019,0.10153103966901615,0.13854212158690624,0.13854212158690624,0
44,15,0.9403233528137207,0.5271809799188903,0.5786798951394355,0.6047924922673723,42.857142857142854,100.0,0.6312990249055825,0.5786798951394355,0.5786798951394355,0.5429439161115485,0.6047924922673723,0.6047924922673723,0
44,6,0.3537197411060333,0.5271809799188903,0.0,0.07999999344855686,85.15625,100.0,0.07999999064079552,-0.39903898790204173,0.0,0.08,0.07999999344855686,0.07999999344855686,0
44,12,0.5686406493186951,0.5271809799188903,0.07570478046905402,0.15120830914800323,69.140625,97.265625,0.1557702311934718,0.07570478046905402,0.07570478046905402,0.14056382437524323,0.15120830914800323,0.15120830914800323,0
44,9,0.30690187215805054,0.5271809799188903,0.0,0.07999999344855686,92.578125,100.0,0.07999999064079552,-0.5410158295499465,0.0,0.08,0.07999999344855686,0.07999999344855686,0
44,1,0.307125985622406,0.5271809799188903,0.0,0.0921748020480467,83.33333333333333,95.83333333333333,0.09739257435435245,-0.5402858513765859,0.0,0.08,0.0921748020480467,0.0921748020480467,0
44,4,0.26592540740966797,0.5271809799188903,0.0,0.07999999344855686,93.57798165137615,94.4954128440367,0.07999999064079552,-0.6843280401741246,0.0,0.08,0.07999999344855686,0.07999999344855686,0
44,0,0.13224473595619202,0.5271809799188903,0.0,0.1728390494060305,100.0,100.0,0.21262721343718646,-1.3828895821327754,0.0,0.08,0.1728390494060305,0.1728390494060305,0
44,11,1.3567172288894653,0.5271809799188903,0.7,0.6398694912808485,35.9375,100.0,0.6398135589726408,0.9452793419339989,0.7,0.6399999999999999,0.6398694912808485,0.6398694912808485,0
44,3,0.49034276604652405,0.5271809799188903,0.0,0.09126962778558054,87.6923076923077,97.43589743589743,0.09609946826511506,-0.0724392344718293,0.0,0.08,0.09126962778558054,0.09126962778558054,0
44,17,0.13057748973369598,0.5271809799188903,0.0,0.07999999344855686,95.703125,100.0,0.07999999064079552,-1.3955770057781989,0.0,0.08,0.07999999344855686,0.07999999344855686,0
44,13,0.8380478024482727,0.5271809799188903,0.4635312303195468,0.44130423321867873,63.04347826086956,91.30434782608695,0.4372239113456965,0.4635312303195468,0.4635312303195468,0.4508249842556375,0.44130423321867873,0.44130423321867873,0
44,19,0.3959088921546936,0.5271809799188903,0.0,0.07999999344855686,83.203125,100.0,0.07999999064079552,-0.28635978423631925,0.0,0.08,0.07999999344855686,0.07999999344855686,0
44,7,0.9310188889503479,0.5271809799188903,0.5687356527329961,0.5219277166254075,53.90625,95.3125,0.5163302285278406,0.5687356527329961,0.5687356527329961,0.5349885221863969,0.5219277166254075,0.5219277166254075,0
44,5,0.319562166929245,0.5271809799188903,0.0,0.07999999344855686,88.28125,100.0,0.07999999064079552,-0.5005920621010697,0.0,0.08,0.07999999344855686,0.07999999344855686,0
44,10,0.45077627897262573,0.5271809799188903,0.0,0.07999999544977071,88.671875,100.0,0.07999999349967245,-0.1565727408451376,0.0,0.08,0.07999999544977071,0.07999999544977071,0
44,18,0.3232036828994751,0.5271809799188903,0.0,0.07999999344855686,90.234375,98.828125,0.07999999064079552,-0.48926117133045066,0.0,0.08,0.07999999344855686,0.07999999344855686,0
45,16,0.6193022131919861,0.515827064458835,0.18282181548795753,0.16485672082794417,80.0,98.18181818181819,0.13854212158690624,0.18282181548795753,0.18282181548795753,0.22625745239036604,0.16485672082794417,0.16485672082794417,0
45,11,1.288130760192871,0.515827064458835,0.7,0.6399086438965939,35.9375,99.609375,0.6398694912808485,0.9151758488671697,0.7,0.6399999999999999,0.6399086438965939,0.6399086438965939,0
45,6,0.36456298828125,0.515827064458835,0.0,0.0799999954139898,85.15625,99.21875,0.07999999344855686,-0.3470722109908825,0.0,0.08,0.0799999954139898,0.0799999954139898,0
45,18,0.22814570367336273,0.515827064458835,0.0,0.0799999954139898,91.40625,97.65625,0.07999999344855686,-0.8157870624174212,0.0,0.08,0.0799999954139898,0.0799999954139898,0
45,1,0.1870676875114441,0.515827064458835,0.0,0.08852236143363268,75.0,100.0,0.0921748020480467,-1.0143010121768175,0.0,0.08,0.08852236143363268,0.08852236143363268,0
45,14,0.39777058362960815,0.515827064458835,0.0,0.0799999954139898,87.87878787878788,97.97979797979798,0.07999999344855686,-0.25989614110845183,0.0,0.08,0.0799999954139898,0.0799999954139898,0
45,12,0.6169998645782471,0.515827064458835,0.1790972383324272,0.1728291536033848,73.828125,98.046875,0.15120830914800323,0.1790972383324272,0.1790972383324272,0.22327779066594178,0.1728291536033848,0.1728291536033848,0
45,10,0.36297330260276794,0.515827064458835,0.0,0.07999999681483949,88.28125,98.828125,0.07999999544977071,-0.3514422697346356,0.0,0.08,0.07999999681483949,0.07999999681483949,0
45,7,0.9619523882865906,0.515827064458835,0.6231933851146665,0.5389158140653052,58.203125,98.4375,0.5219277166254075,0.6231933851146665,0.6231933851146665,0.5785547080917331,0.5389158140653052,0.5389158140653052,0
45,19,0.40438222885131836,0.515827064458835,0.0,0.0799999954139898,84.375,98.4375,0.07999999344855686,-0.24341101586878286,0.0,0.08,0.0799999954139898,0.0799999954139898,0
45,9,0.2880609929561615,0.515827064458835,0.0,0.0799999954139898,94.53125,96.484375,0.07999999344855686,-0.5825993087700454,0.0,0.08,0.0799999954139898,0.0799999954139898,0
45,17,0.16398493945598602,0.515827064458835,0.0,0.0799999954139898,94.140625,100.0,0.07999999344855686,-1.1459969302931077,0.0,0.08,0.0799999954139898,0.0799999954139898,0
45,8,1.6263333559036255,0.515827064458835,0.7,0.6399597398837938,30.078125,98.046875,0.6399424855482769,1.1483117088783588,0.7,0.6399999999999999,0.6399597398837938,0.6399597398837938,0
45,13,1.1394262313842773,0.515827064458835,0.7,0.5009129632530751,76.08695652173913,89.1304347826087,0.44130423321867873,0.7925085353645492,0.7,0.6399999999999999,0.5009129632530751,0.5009129632530751,0
45,0,0.601977527141571,0.515827064458835,0.15444854859813356,0.1820549862477734,100.0,100.0,0.1728390494060305,0.15444854859813356,0.15444854859813356,0.20355883887850684,0.1820549862477734,0.1820549862477734,0
45,4,0.46614524722099304,0.515827064458835,0.0,0.0799999954139898,94.4954128440367,96.3302752293578,0.07999999344855686,-0.10127428596759414,0.0,0.08,0.0799999954139898,0.0799999954139898,0
45,3,0.6431485414505005,0.515827064458835,0.2206041439528093,0.14083373399858062,83.07692307692308,98.97435897435898,0.09126962778558054,0.2206041439528093,0.2206041439528093,0.2564833151622475,0.14083373399858062,0.14083373399858062,0
45,15,1.1179990768432617,0.515827064458835,0.7,0.6153547445871606,28.571428571428573,71.42857142857143,0.6047924922673723,0.7735242546414712,0.7,0.6399999999999999,0.6153547445871606,0.6153547445871606,0
45,5,0.3768719732761383,0.515827064458835,0.0,0.0799999954139898,91.40625,100.0,0.07999999344855686,-0.31386601942087383,0.0,0.08,0.0799999954139898,0.0799999954139898,0
45,2,0.479941725730896,0.515827064458835,0.0,0.0801861577985809,93.84615384615384,98.46153846153847,0.08026593971225843,-0.07210686965584408,0.0,0.08,0.0801861577985809,0.0801861577985809,0
46,13,1.105494499206543,0.511548706660546,0.7,0.5426390742771525,60.869565217391305,82.6086956521739,0.5009129632530751,0.7706052098942382,0.7,0.6399999999999999,0.5426390742771525,0.5426390742771525,0
46,3,0.5003737807273865,0.511548706660546,0.0,0.12258361379900642,87.17948717948718,100.0,0.14083373399858062,-0.022087423017354977,0.0,0.08,0.12258361379900642,0.12258361379900642,0
46,12,0.4918542206287384,0.511548706660546,0.0,0.14498040752236935,76.5625,98.828125,0.1728291536033848,-0.039260430211424474,0.0,0.08,0.14498040752236935,0.14498040752236935,0
46,6,0.33281296491622925,0.511548706660546,0.0,0.07999999678979286,87.890625,100.0,0.0799999954139898,-0.429862128279327,0.0,0.08,0.07999999678979286,0.07999999678979286,0
46,19,0.3892548084259033,0.511548706660546,0.0,0.07999999678979286,90.234375,100.0,0.0799999954139898,-0.27320863421351366,0.0,0.08,0.07999999678979286,0.07999999678979286,0
46,16,0.4994637668132782,0.511548706660546,0.0,0.1393997045795609,82.27272727272727,97.27272727272727,0.16485672082794417,-0.02390774702784472,0.0,0.08,0.1393997045795609,0.1393997045795609,0
46,4,0.446036159992218,0.511548706660546,0.0,0.07999999678979286,92.66055045871559,95.41284403669725,0.0799999954139898,-0.13704277622548747,0.0,0.08,0.07999999678979286,0.07999999678979286,0
46,9,0.34831658005714417,0.511548706660546,0.0,0.07999999678979286,92.96875,99.609375,0.0799999954139898,-0.38433101584053564,0.0,0.08,0.07999999678979286,0.07999999678979286,0
46,1,0.5697396397590637,0.511548706660546,0.1077366780811888,0.11182245574302818,83.33333333333333,95.83333333333333,0.08852236143363268,0.1077366780811888,0.1077366780811888,0.16618934246495104,0.11182245574302818,0.11182245574302818,0
46,17,0.20135432481765747,0.511548706660546,0.0,0.07999999678979286,95.703125,100.0,0.0799999954139898,-0.9323766077596766,0.0,0.08,0.07999999678979286,0.07999999678979286,0
46,0,0.2173151969909668,0.511548706660546,0.0,0.15143849037344137,100.0,83.33333333333333,0.1820549862477734,-0.8560939572300069,0.0,0.08,0.15143849037344137,0.15143849037344137,0
46,11,1.4014577865600586,0.511548706660546,0.7,0.6399360507276156,37.5,99.21875,0.6399086438965939,1.0078254335066796,0.7,0.6399999999999999,0.6399360507276156,0.6399360507276156,0
46,18,0.3067626357078552,0.511548706660546,0.0,0.07999999678979286,89.453125,98.4375,0.0799999954139898,-0.5113685160517089,0.0,0.08,0.07999999678979286,0.07999999678979286,0
46,5,0.4178416132926941,0.511548706660546,0.0,0.07999999678979286,89.453125,100.0,0.0799999954139898,-0.2023403545115864,0.0,0.08,0.07999999678979286,0.07999999678979286,0
46,15,0.9645503759384155,0.511548706660546,0.634219247862091,0.6069609406979142,35.714285714285715,78.57142857142857,0.6153547445871606,0.634219247862091,0.634219247862091,0.5873753982896728,0.6069609406979142,0.6069609406979142,0
46,7,0.983862578868866,0.511548706660546,0.6540434182479541,0.5582114902252225,57.03125,94.140625,0.5389158140653052,0.6540434182479541,0.6540434182479541,0.6032347345983633,0.5582114902252225,0.5582114902252225,0
46,14,0.3108508884906769,0.511548706660546,0.0,0.07999999678979286,90.9090909090909,100.0,0.0799999954139898,-0.49812945245168067,0.0,0.08,0.07999999678979286,0.07999999678979286,0
46,8,1.507056713104248,0.511548706660546,0.7,0.6399718179186556,31.25,98.828125,0.6399597398837938,1.0804710140743052,0.7,0.6399999999999999,0.6399718179186556,0.6399718179186556,0
46,10,0.378689706325531,0.511548706660546,0.0,0.07999999777038763,92.578125,100.0,0.07999999681483949,-0.3007256442560597,0.0,0.08,0.07999999777038763,0.07999999777038763,0
46,2,0.40361452102661133,0.511548706660546,0.0,0.08013031045900662,86.15384615384616,100.0,0.0801861577985809,-0.2369825322284369,0.0,0.08,0.08013031045900662,0.08013031045900662,0
47,10,0.344672292470932,0.503587724658737,0.0,0.07999999843927133,86.328125,100.0,0.07999999777038763,-0.3791638288197715,0.0,0.08,0.07999999843927133,0.07999999843927133,0
47,6,0.3907579779624939,0.503587724658737,0.0,0.07999999775285499,89.0625,100.0,0.07999999678979286,-0.2536695348144279,0.0,0.08,0.07999999775285499,0.07999999775285499,0
47,2,0.3228907883167267,0.503587724658737,0.0,0.08009121732130463,93.84615384615384,100.0,0.08013031045900662,-0.4444437661973337,0.0,0.08,0.08009121732130463,0.08009121732130463,0
47,7,0.8942322731018066,0.503587724658737,0.5742076193742353,0.5525578718074722,60.15625,94.140625,0.5582114902252225,0.5742076193742353,0.5742076193742353,0.5393660954993882,0.5525578718074722,0.5525578718074722,0
47,13,0.8417196869850159,0.503587724658737,0.5136891108259619,0.5271327385922376,60.869565217391305,89.1304347826087,0.5426390742771525,0.5136891108259619,0.5136891108259619,0.4909512886607696,0.5271327385922376,0.5271327385922376,0
47,11,1.4014185667037964,0.503587724658737,0.7,0.6399552355093309,35.546875,100.0,0.6399360507276156,1.0234823251174932,0.7,0.6399999999999999,0.6399552355093309,0.6399552355093309,0
47,1,0.37038031220436096,0.503587724658737,0.0,0.10227571902011973,91.66666666666667,91.66666666666667,0.11182245574302818,-0.3072275709867672,0.0,0.08,0.10227571902011973,0.10227571902011973,0
47,3,0.5192084908485413,0.503587724658737,0.030547591681288278,0.11713995166281368,86.66666666666667,99.48717948717949,0.12258361379900642,0.030547591681288278,0.030547591681288278,0.10443807334503062,0.11713995166281368,0.11713995166281368,0
47,0,0.8664083480834961,0.503587724658737,0.5425983960016207,0.2602305583017979,100.0,100.0,0.15143849037344137,0.5425983960016207,0.5425983960016207,0.5140787168012966,0.2602305583017979,0.2602305583017979,0
47,16,0.6263160705566406,0.503587724658737,0.21809721813796779,0.1739231255588049,78.18181818181819,98.18181818181819,0.1393997045795609,0.21809721813796779,0.21809721813796779,0.25447777451037423,0.1739231255588049,0.1739231255588049,0
47,4,0.4186784327030182,0.503587724658737,0.0,0.07999999775285499,92.66055045871559,97.24770642201835,0.07999999678979286,-0.18465476110957857,0.0,0.08,0.07999999775285499,0.07999999775285499,0
47,18,0.2147231251001358,0.503587724658737,0.0,0.07999999775285499,89.0625,98.828125,0.07999999678979286,-0.8524084919964882,0.0,0.08,0.07999999775285499,0.07999999775285499,0
47,5,0.4042649567127228,0.503587724658737,0.0,0.07999999775285499,89.0625,100.0,0.07999999678979286,-0.21968742536944197,0.0,0.08,0.07999999775285499,0.07999999775285499,0
47,8,1.5387674570083618,0.503587724658737,0.7,0.6399802725430589,33.203125,98.4375,0.6399718179186556,1.1169790823118741,0.7,0.6399999999999999,0.6399802725430589,0.6399802725430589,0
47,14,0.30266234278678894,0.503587724658737,0.0,0.07999999775285499,90.9090909090909,98.98989898989899,0.07999999678979286,-0.5091401096248798,0.0,0.08,0.07999999775285499,0.07999999775285499,0
47,15,0.8211035132408142,0.503587724658737,0.4888912490352147,0.5662065582569914,28.571428571428573,85.71428571428571,0.6069609406979142,0.4888912490352147,0.4888912490352147,0.4711129992281718,0.5662065582569914,0.5662065582569914,0
47,17,0.1364293247461319,0.503587724658737,0.0,0.07999999775285499,92.96875,100.0,0.07999999678979286,-1.3059511601418143,0.0,0.08,0.07999999775285499,0.07999999775285499,0
47,9,0.3674312233924866,0.503587724658737,0.0,0.07999999775285499,91.796875,99.21875,0.07999999678979286,-0.31522176542609326,0.0,0.08,0.07999999775285499,0.07999999775285499,0
47,12,0.5049110651016235,0.503587724658737,0.0026243783128070968,0.12611613606073224,76.953125,98.046875,0.14498040752236935,0.0026243783128070968,0.0026243783128070968,0.08209950265024568,0.12611613606073224,0.12611613606073224,0
47,19,0.3748851716518402,0.503587724658737,0.0,0.07999999775285499,83.59375,99.21875,0.07999999678979286,-0.2951381497241121,0.0,0.08,0.07999999775285499,0.07999999775285499,0
48,15,1.379404902458191,0.4943761216636504,0.7,0.588344590779894,50.0,92.85714285714286,0.5662065582569914,1.0261108346928103,0.7,0.6399999999999999,0.588344590779894,0.588344590779894,0
48,0,0.5687016844749451,0.4943761216636504,0.14005940626811825,0.23977564831560694,100.0,83.33333333333333,0.2602305583017979,0.14005940626811825,0.14005940626811825,0.19204752501449462,0.23977564831560694,0.23977564831560694,0
48,17,0.12768159806728363,0.4943761216636504,0.0,0.07999999842699848,93.359375,100.0,0.07999999775285499,-1.3537568994646212,0.0,0.08,0.07999999842699848,0.07999999842699848,0
48,11,1.4087169170379639,0.4943761216636504,0.7,0.6399686648565316,32.421875,99.21875,0.6399552355093309,1.0471379606654356,0.7,0.6399999999999999,0.6399686648565316,0.6399686648565316,0
48,16,0.6772882342338562,0.4943761216636504,0.31480032166335786,0.22129826509036932,82.27272727272727,98.63636363636364,0.1739231255588049,0.31480032166335786,0.31480032166335786,0.33184025733068634,0.22129826509036932,0.22129826509036932,0
48,18,0.3127205967903137,0.4943761216636504,0.0,0.07999999842699848,87.109375,98.4375,0.07999999775285499,-0.45798646575293783,0.0,0.08,0.07999999842699848,0.07999999842699848,0
48,19,0.4303256869316101,0.4943761216636504,0.0,0.07999999842699848,89.453125,99.21875,0.07999999775285499,-0.13875427089537484,0.0,0.08,0.07999999842699848,0.07999999842699848,0
48,9,0.26899734139442444,0.4943761216636504,0.0,0.07999999842699848,90.625,99.21875,0.07999999775285499,-0.6085950941627584,0.0,0.08,0.07999999842699848,0.07999999842699848,0
48,8,1.5425117015838623,0.4943761216636504,0.7,0.6399861907801412,25.78125,98.046875,0.6399802725430589,1.1378707207509147,0.7,0.6399999999999999,0.6399861907801412,0.6399861907801412,0
48,12,0.4740598201751709,0.4943761216636504,0.0,0.11228129524251257,69.53125,98.828125,0.12611613606073224,-0.04196308987099416,0.0,0.08,0.11228129524251257,0.11228129524251257,0
48,14,0.2211119532585144,0.4943761216636504,0.0,0.07999999842699848,97.97979797979798,97.97979797979798,0.07999999775285499,-0.8046274332908708,0.0,0.08,0.07999999842699848,0.07999999842699848,0
48,7,0.9024396538734436,0.4943761216636504,0.6018052059395783,0.5552237596907292,51.5625,96.484375,0.5525578718074722,0.6018052059395783,0.6018052059395783,0.5614441647516627,0.5552237596907292,0.5552237596907292,0
48,6,0.4066365659236908,0.4943761216636504,0.0,0.07999999842699848,84.765625,100.0,0.07999999775285499,-0.19537677490748265,0.0,0.08,0.07999999842699848,0.07999999842699848,0
48,3,0.4188966453075409,0.4943761216636504,0.0,0.10599796616396959,89.74358974358974,98.46153846153847,0.11713995166281368,-0.1656723841427984,0.0,0.08,0.10599796616396959,0.10599796616396959,0
48,13,0.9606566429138184,0.4943761216636504,0.6643204364844547,0.5524298217708354,54.34782608695652,86.95652173913044,0.5271327385922376,0.6643204364844547,0.6643204364844547,0.6114563491875638,0.5524298217708354,0.5524298217708354,0
48,10,0.30876150727272034,0.4943761216636504,0.0,0.07999999890748993,86.328125,99.609375,0.07999999843927133,-0.4707274374446959,0.0,0.08,0.07999999890748993,0.07999999890748993,0
48,5,0.2883395254611969,0.4943761216636504,0.0,0.07999999842699848,88.671875,100.0,0.07999999775285499,-0.5391578992962689,0.0,0.08,0.07999999842699848,0.07999999842699848,0
48,4,0.4130622148513794,0.4943761216636504,0.0,0.07999999842699848,85.3211009174312,97.24770642201835,0.07999999775285499,-0.17969838048690875,0.0,0.08,0.07999999842699848,0.07999999842699848,0
48,2,0.28772181272506714,0.4943761216636504,0.0,0.08006385212491324,83.07692307692308,100.0,0.08009121732130463,-0.5413025075540792,0.0,0.08,0.08006385212491324,0.08006385212491324,0
48,1,0.21195091307163239,0.4943761216636504,0.0,0.0955930033140838,87.5,95.83333333333333,0.10227571902011973,-0.8469418746709515,0.0,0.08,0.0955930033140838,0.0955930033140838,0
49,10,0.4377126097679138,0.48653645250523136,0.0,0.07999999923524295,85.9375,100.0,0.07999999890748993,-0.10574927165616956,0.0,0.08,0.07999999923524295,0.07999999923524295,0
49,6,0.4041510820388794,0.48653645250523136,0.0,0.07999999889889893,89.0625,100.0,0.07999999842699848,-0.18552304920134893,0.0,0.08,0.07999999889889893,0.07999999889889893,0
49,13,0.7475274205207825,0.48653645250523136,0.42945915349957625,0.5137710720794831,58.69565217391305,91.30434782608695,0.5524298217708354,0.42945915349957625,0.42945915349957625,0.42356732279966103,0.5137710720794831,0.5137710720794831,0
49,15,1.1909533739089966,0.48653645250523136,0.7,0.6038412135459258,42.857142857142854,85.71428571428571,0.588344590779894,0.8951975808537419,0.7,0.6399999999999999,0.6038412135459258,0.6038412135459258,0
49,3,0.44019028544425964,0.48653645250523136,0.0,0.09819857631477871,93.33333333333333,98.97435897435898,0.10599796616396959,-0.10010472437918247,0.0,0.08,0.09819857631477871,0.09819857631477871,0
49,12,0.48175328969955444,0.48653645250523136,0.0,0.10259690666975879,73.046875,97.65625,0.11228129524251257,-0.00987969076753229,0.0,0.08,0.10259690666975879,0.10259690666975879,0
49,19,0.3192180395126343,0.48653645250523136,0.0,0.07999999889889893,91.40625,100.0,0.07999999842699848,-0.42143743737164735,0.0,0.08,0.07999999889889893,0.07999999889889893,0
49,14,0.2574240565299988,0.48653645250523136,0.0,0.07999999889889893,88.88888888888889,98.98989898989899,0.07999999842699848,-0.6365870580869918,0.0,0.08,0.07999999889889893,0.07999999889889893,0
49,11,1.6129510402679443,0.48653645250523136,0.7,0.639978065399572,34.375,99.609375,0.6399686648565316,1.1985088832108315,0.7,0.6399999999999999,0.639978065399572,0.639978065399572,0
49,1,0.2207452654838562,0.48653645250523136,0.0,0.09091510231985866,87.5,100.0,0.0955930033140838,-0.7903024102974393,0.0,0.08,0.09091510231985866,0.09091510231985866,0
49,0,0.14587952196598053,0.48653645250523136,0.0,0.19184295382092484,83.33333333333333,100.0,0.23977564831560694,-1.2045306898549726,0.0,0.08,0.19184295382092484,0.19184295382092484,0
49,16,0.5265051126480103,0.48653645250523136,0.0789492137117046,0.19785659685406762,82.72727272727273,99.0909090909091,0.22129826509036932,0.0789492137117046,0.0789492137117046,0.14315937096936368,0.19785659685406762,0.19785659685406762,0
49,8,1.5822395086288452,0.48653645250523136,0.7,0.6399903335460988,28.90625,98.4375,0.6399861907801412,1.179284691846822,0.7,0.6399999999999999,0.6399903335460988,0.6399903335460988,0
49,17,0.17457260191440582,0.48653645250523136,0.0,0.07999999889889893,93.359375,100.0,0.07999999842699848,-1.0249710782271644,0.0,0.08,0.07999999889889893,0.07999999889889893,0
49,7,0.9679726362228394,0.48653645250523136,0.6878919814022109,0.5777507073200411,61.71875,97.65625,0.5552237596907292,0.6878919814022109,0.6878919814022109,0.6303135851217687,0.5777507073200411,0.5777507073200411,0
49,5,0.3178884983062744,0.48653645250523136,0.0,0.07999999889889893,92.1875,100.0,0.07999999842699848,-0.4256111289466594,0.0,0.08,0.07999999889889893,0.07999999889889893,0
49,4,0.3896855115890503,0.48653645250523136,0.0,0.07999999889889893,94.4954128440367,97.24770642201835,0.07999999842699848,-0.2219717884960068,0.0,0.08,0.07999999889889893,0.07999999889889893,0
49,2,0.35427170991897583,0.48653645250523136,0.0,0.08004469648743925,87.6923076923077,100.0,0.08006385212491324,-0.31724765834598084,0.0,0.08,0.08004469648743925,0.08004469648743925,0
49,9,0.20831671357154846,0.48653645250523136,0.0,0.07999999889889893,91.015625,99.609375,0.07999999842699848,-0.848252216407474,0.0,0.08,0.07999999889889893,0.07999999889889893,0
49,18,0.2869147062301636,0.48653645250523136,0.0,0.07999999889889893,88.671875,99.21875,0.07999999842699848,-0.5281268318332742,0.0,0.08,0.07999999889889893,0.07999999889889893,0
50,5,0.37803149223327637,0.4775746369361047,0.0,0.07999999922922925,91.015625,100.0,0.07999999889889893,-0.2337429449761944,0.0,0.08,0.07999999922922925,0.07999999922922925,0
50,6,0.28851836919784546,0.4775746369361047,0.0,0.07999999922922925,88.671875,100.0,0.07999999889889893,-0.5039616863873331,0.0,0.08,0.07999999922922925,0.07999999922922925,0
50,18,0.24772045016288757,0.4775746369361047,0.0,0.07999999922922925,89.84375,98.828125,0.07999999889889893,-0.6564195427038009,0.0,0.08,0.07999999922922925,0.07999999922922925,0
50,13,0.7360649704933167,0.4775746369361047,0.43259792718067036,0.48746325297899906,65.21739130434783,93.47826086956522,0.5137710720794831,0.43259792718067036,0.43259792718067036,0.42607834174453635,0.48746325297899906,0.48746325297899906,0
50,8,1.401054859161377,0.4775746369361047,0.7,0.6399932334822691,33.59375,96.875,0.6399903335460988,1.0762602334890121,0.7,0.6399999999999999,0.6399932334822691,0.6399932334822691,0
50,10,0.4512732923030853,0.4775746369361047,0.0,0.07999999946467007,91.015625,100.0,0.07999999923524295,-0.056647328598091684,0.0,0.08,0.07999999946467007,0.07999999946467007,0
50,14,0.3062293231487274,0.4775746369361047,0.0,0.07999999922922925,89.8989898989899,100.0,0.07999999889889893,-0.444386200378908,0.0,0.08,0.07999999922922925,0.07999999922922925,0
50,1,0.4725246727466583,0.4775746369361047,0.0,0.08764057162390107,75.0,95.83333333333333,0.09091510231985866,-0.010630492178057657,0.0,0.08,0.08764057162390107,0.08764057162390107,0
50,15,1.261903166770935,0.4775746369361047,0.7,0.614688849482148,64.28571428571429,85.71428571428571,0.6038412135459258,0.971655841741582,0.7,0.6399999999999999,0.614688849482148,0.614688849482148,0
50,19,0.3822441101074219,0.4775746369361047,0.0,0.07999999922922925,88.671875,99.21875,0.07999999889889893,-0.22266101399585317,0.0,0.08,0.07999999922922925,0.07999999922922925,0
50,11,1.284847617149353,0.4775746369361047,0.7,0.6399846457797004,36.71875,100.0,0.639978065399572,0.9896749358397611,0.7,0.6399999999999999,0.6399846457797004,0.6399846457797004,0
50,12,0.6321329474449158,0.4775746369361047,0.28037927136024055,0.16310885979528889,76.953125,97.65625,0.10259690666975879,0.28037927136024055,0.28037927136024055,0.3043034170881925,0.16310885979528889,0.16310885979528889,0
50,4,0.46284809708595276,0.4775746369361047,0.0,0.07999999922922925,88.07339449541284,96.3302752293578,0.07999999889889893,-0.03132153855210182,0.0,0.08,0.07999999922922925,0.07999999922922925,0
50,2,0.526645302772522,0.4775746369361047,0.09780681479755579,0.10350492309262087,90.76923076923077,100.0,0.08004469648743925,0.09780681479755579,0.09780681479755579,0.15824545183804464,0.10350492309262087,0.10350492309262087,0
50,3,0.5139757394790649,0.4775746369361047,0.07345560797560231,0.11036834933448966,83.07692307692308,99.48717948717949,0.09819857631477871,0.07345560797560231,0.07345560797560231,0.13876448638048186,0.11036834933448966,0.11036834933448966,0
50,0,0.43357646465301514,0.4775746369361047,0.0,0.15829006767464737,100.0,100.0,0.19184295382092484,-0.09665228358524168,0.0,0.08,0.15829006767464737,0.15829006767464737,0
50,16,0.5476745367050171,0.4775746369361047,0.13696074128499916,0.19537019570624714,83.18181818181819,97.72727272727273,0.19785659685406762,0.13696074128499916,0.13696074128499916,0.18956859302799933,0.19537019570624714,0.19537019570624714,0
50,7,0.9923425912857056,0.4775746369361047,0.7,0.5964254951240288,63.28125,96.484375,0.5777507073200411,0.7313479354949531,0.7,0.6399999999999999,0.5964254951240288,0.5964254951240288,0
50,17,0.12340638786554337,0.4775746369361047,0.0,0.07999999922922925,93.75,99.609375,0.07999999889889893,-1.3532375196771123,0.0,0.08,0.07999999922922925,0.07999999922922925,0
50,9,0.2765444219112396,0.4775746369361047,0.0,0.07999999922922925,94.53125,99.609375,0.07999999889889893,-0.546348974239053,0.0,0.08,0.07999999922922925,0.07999999922922925,0
51,19,0.38733524084091187,0.4765858117341248,0.0,0.07999999946046046,82.8125,99.21875,0.07999999922922925,-0.20735721618033623,0.0,0.08,0.07999999946046046,0.07999999946046046,0
51,15,1.4298871755599976,0.4765858117341248,0.7,0.6222821946375036,42.857142857142854,78.57142857142857,0.614688849482148,1.0987030134773461,0.7,0.6399999999999999,0.6222821946375036,0.6222821946375036,0
51,12,0.5392401218414307,0.4765858117341248,0.12351316986998874,0.1678193626254995,80.859375,99.609375,0.16310885979528889,0.12351316986998874,0.12351316986998874,0.178810535895991,0.1678193626254995,0.1678193626254995,0
51,9,0.2245161086320877,0.4765858117341248,0.0,0.07999999946046046,91.796875,99.21875,0.07999999922922925,-0.7527003129270261,0.0,0.08,0.07999999946046046,0.07999999946046046,0
51,6,0.3417699933052063,0.4765858117341248,0.0,0.07999999946046046,80.46875,99.609375,0.07999999922922925,-0.33250980957357,0.0,0.08,0.07999999946046046,0.07999999946046046,0
51,14,0.17284664511680603,0.4765858117341248,0.0,0.07999999946046046,91.91919191919192,98.98989898989899,0.07999999922922925,-1.014243000630928,0.0,0.08,0.07999999946046046,0.07999999946046046,0
51,2,0.32334280014038086,0.4765858117341248,0.0,0.09645344616483462,84.61538461538461,98.46153846153847,0.10350492309262087,-0.38793472333543044,0.0,0.08,0.09645344616483462,0.09645344616483462,0
51,18,0.28935542702674866,0.4765858117341248,0.0,0.07999999946046046,87.5,98.828125,0.07999999922922925,-0.498991997119735,0.0,0.08,0.07999999946046046,0.07999999946046046,0
51,17,0.17120330035686493,0.4765858117341248,0.0,0.07999999946046046,94.140625,100.0,0.07999999922922925,-1.0237960157304054,0.0,0.08,0.07999999946046046,0.07999999946046046,0
51,13,1.0018712282180786,0.4765858117341248,0.7,0.5332242770852993,52.17391304347826,91.30434782608695,0.48746325297899906,0.7429769531672415,0.7,0.6399999999999999,0.5332242770852993,0.5332242770852993,0
51,7,0.9157432913780212,0.4765858117341248,0.6530882712819078,0.598239031694478,59.765625,98.4375,0.5964254951240288,0.6530882712819078,0.6530882712819078,0.6024706170255263,0.598239031694478,0.598239031694478,0
51,0,0.9397055506706238,0.4765858117341248,0.6789187774193738,0.2977435539529028,100.0,100.0,0.15829006767464737,0.6789187774193738,0.6789187774193738,0.623135021935499,0.2977435539529028,0.2977435539529028,0
51,16,0.6775758266448975,0.4765858117341248,0.3518736670489712,0.24520881708612607,82.27272727272727,96.36363636363636,0.19537019570624714,0.3518736670489712,0.3518736670489712,0.361498933639177,0.24520881708612607,0.24520881708612607,0
51,5,0.43090733885765076,0.4765858117341248,0.0,0.07999999946046046,87.5,100.0,0.07999999922922925,-0.10075471630057606,0.0,0.08,0.07999999946046046,0.07999999946046046,0
51,8,1.512695550918579,0.4765858117341248,0.7,0.6399952634375883,33.984375,98.828125,0.6399932334822691,1.1550006625742752,0.7,0.6399999999999999,0.6399952634375883,0.6399952634375883,0
51,10,0.3078014850616455,0.4765858117341248,0.0,0.07999999962526905,85.9375,100.0,0.07999999946467007,-0.4371927368044536,0.0,0.08,0.07999999962526905,0.07999999962526905,0
51,11,1.3700593709945679,0.4765858117341248,0.7,0.6399892520457902,42.96875,98.828125,0.6399846457797004,1.0559615462267649,0.7,0.6399999999999999,0.6399892520457902,0.6399892520457902,0
51,4,0.31710749864578247,0.4765858117341248,0.0,0.07999999946046046,90.8256880733945,98.1651376146789,0.07999999922922925,-0.40740695507378566,0.0,0.08,0.07999999946046046,0.07999999946046046,0
51,1,0.2754789888858795,0.4765858117341248,0.0,0.08534840013673074,75.0,95.83333333333333,0.08764057162390107,-0.5481364188497284,0.0,0.08,0.08534840013673074,0.08534840013673074,0
51,3,0.5748333930969238,0.4765858117341248,0.18743244962419353,0.14624163244394922,86.66666666666667,98.97435897435898,0.11036834933448966,0.18743244962419353,0.18743244962419353,0.22994595969935483,0.14624163244394922,0.14624163244394922,0
52,7,0.856026291847229,0.46983935954564043,0.5999102327624278,0.5867457780491172,59.375,95.703125,0.598239031694478,0.5999102327624278,0.5999102327624278,0.5599281862099422,0.5867457780491172,0.5867457780491172,0
52,16,0.5499889850616455,0.46983935954564043,0.15750739968319832,0.23344794788425585,80.0,98.18181818181819,0.24520881708612607,0.15750739968319832,0.15750739968319832,0.20600591974655869,0.23344794788425585,0.23344794788425585,0
52,15,1.5854214429855347,0.46983935954564043,0.7,0.6275975362462525,64.28571428571429,78.57142857142857,0.6222821946375036,1.2162146825389284,0.7,0.6399999999999999,0.6275975362462525,0.6275975362462525,0
52,10,0.45366370677948,0.46983935954564043,0.0,0.07999999973768833,89.0625,100.0,0.07999999962526905,-0.035034657725061896,0.0,0.08,0.07999999973768833,0.07999999973768833,0
52,14,0.2570710778236389,0.46983935954564043,0.0,0.07999999962232232,91.91919191919192,100.0,0.07999999946046046,-0.6030382163999033,0.0,0.08,0.07999999962232232,0.07999999962232232,0
52,4,0.3963286578655243,0.46983935954564043,0.0,0.07999999962232232,91.74311926605505,98.1651376146789,0.07999999946046046,-0.17014703298655562,0.0,0.08,0.07999999962232232,0.07999999962232232,0
52,9,0.3106025159358978,0.46983935954564043,0.0,0.07999999962232232,91.796875,99.609375,0.07999999946046046,-0.4138768262426821,0.0,0.08,0.07999999962232232,0.07999999962232232,0
52,5,0.30837172269821167,0.46983935954564043,0.0,0.07999999962232232,86.71875,100.0,0.07999999946046046,-0.42108488979358044,0.0,0.08,0.07999999962232232,0.07999999962232232,0
52,0,0.1774473935365677,0.46983935954564043,0.0,0.23242048776703195,100.0,100.0,0.2977435539529028,-0.9737166224635672,0.0,0.08,0.23242048776703195,0.23242048776703195,0
52,13,0.7736068367958069,0.46983935954564043,0.49867292529895807,0.5169384960314594,69.56521739130434,84.78260869565217,0.5332242770852993,0.49867292529895807,0.49867292529895807,0.4789383402391665,0.5169384960314594,0.5169384960314594,0
52,11,1.5326215028762817,0.46983935954564043,0.7,0.639992476432053,28.515625,99.21875,0.6399892520457902,1.1823440859234602,0.7,0.6399999999999999,0.639992476432053,0.639992476432053,0
52,6,0.32056838274002075,0.46983935954564043,0.0,0.07999999962232232,91.40625,100.0,0.07999999946046046,-0.3822952218842012,0.0,0.08,0.07999999962232232,0.07999999962232232,0
52,1,0.5438263416290283,0.46983935954564043,0.14623911997008732,0.11884126888853247,79.16666666666667,100.0,0.08534840013673074,0.14623911997008732,0.14623911997008732,0.19699129597606985,0.11884126888853247,0.11884126888853247,0
52,12,0.4824831783771515,0.46983935954564043,0.02655520806605365,0.14784680377370252,80.46875,98.828125,0.1678193626254995,0.02655520806605365,0.02655520806605365,0.10124416645284293,0.14784680377370252,0.14784680377370252,0
52,17,0.1539607048034668,0.46983935954564043,0.0,0.07999999962232232,94.921875,99.609375,0.07999999946046046,-1.1156933981726702,0.0,0.08,0.07999999962232232,0.07999999962232232,0
52,8,1.4313966035842896,0.46983935954564043,0.7,0.6399966844063117,35.15625,100.0,0.6399952634375883,1.1140150301306888,0.7,0.6399999999999999,0.6399966844063117,0.6399966844063117,0
52,18,0.37063780426979065,0.46983935954564043,0.0,0.07999999962232232,84.765625,99.21875,0.07999999946046046,-0.23716552545172453,0.0,0.08,0.07999999962232232,0.07999999962232232,0
52,3,0.5259190201759338,0.46983935954564043,0.1127563964974463,0.15343067787015155,90.25641025641026,99.48717948717949,0.14624163244394922,0.1127563964974463,0.1127563964974463,0.17020511719795706,0.15343067787015155,0.15343067787015155,0
52,19,0.39707332849502563,0.46983935954564043,0.0,0.07999999962232232,87.890625,100.0,0.07999999946046046,-0.16826987401241805,0.0,0.08,0.07999999962232232,0.07999999962232232,0
52,2,0.43791231513023376,0.46983935954564043,0.0,0.09151741231538424,87.6923076923077,100.0,0.09645344616483462,-0.0703721499602785,0.0,0.08,0.09151741231538424,0.09151741231538424,0
53,10,0.34775054454803467,0.4674342246865621,0.0,0.07999999981638183,86.328125,100.0,0.07999999973768833,-0.2957732388891984,0.0,0.08,0.07999999981638183,0.07999999981638183,0
53,11,1.3514217138290405,0.4674342246865621,0.7,0.6399947335024371,35.546875,100.0,0.639992476432053,1.061653781677746,0.7,0.6399999999999999,0.6399947335024371,0.6399947335024371,0
53,6,0.3242398500442505,0.4674342246865621,0.0,0.07999999973562562,85.546875,100.0,0.07999999962232232,-0.3657751136884087,0.0,0.08,0.07999999973562562,0.07999999973562562,0
53,18,0.25359755754470825,0.4674342246865621,0.0,0.07999999973562562,90.625,98.828125,0.07999999962232232,-0.611510033549521,0.0,0.08,0.07999999973562562,0.07999999973562562,0
53,14,0.32172682881355286,0.4674342246865621,0.0,0.07999999973562562,88.88888888888889,97.97979797979798,0.07999999962232232,-0.3735558055201879,0.0,0.08,0.07999999973562562,0.07999999973562562,0
53,16,0.525059163570404,0.4674342246865621,0.11625230343691335,0.2153141163438383,84.54545454545455,99.0909090909091,0.23344794788425585,0.11625230343691335,0.11625230343691335,0.17300184274953068,0.2153141163438383,0.2153141163438383,0
53,8,1.4298346042633057,0.4674342246865621,0.7,0.6399976790844182,36.328125,100.0,0.6399966844063117,1.118055397838233,0.7,0.6399999999999999,0.6399976790844182,0.6399976790844182,0
53,1,0.324345201253891,0.4674342246865621,0.0,0.10718888822197273,70.83333333333333,95.83333333333333,0.11884126888853247,-0.36545024894751615,0.0,0.08,0.10718888822197273,0.10718888822197273,0
53,19,0.3926648795604706,0.4674342246865621,0.0,0.07999999973562562,87.109375,99.21875,0.07999999962232232,-0.1743021145700742,0.0,0.08,0.07999999973562562,0.07999999973562562,0
53,4,0.5009424090385437,0.4674342246865621,0.06923249805496079,0.09661579926881621,81.65137614678899,98.1651376146789,0.07999999962232232,0.06923249805496079,0.06923249805496079,0.13538599844396865,0.09661579926881621,0.09661579926881621,0
53,0,0.2623687982559204,0.4674342246865621,0.0,0.18669434143692235,100.0,100.0,0.23242048776703195,-0.5775074853376074,0.0,0.08,0.18669434143692235,0.18669434143692235,0
53,7,0.8525511622428894,0.4674342246865621,0.6009745690816302,0.5789559412139732,60.15625,98.4375,0.5867457780491172,0.6009745690816302,0.6009745690816302,0.5607796552653042,0.5789559412139732,0.5789559412139732,0
53,13,0.7053588628768921,0.4674342246865621,0.4114480484713691,0.4846044788551501,73.91304347826087,89.1304347826087,0.5169384960314594,0.4114480484713691,0.4114480484713691,0.40915843877709535,0.4846044788551501,0.4846044788551501,0
53,12,0.5449855327606201,0.4674342246865621,0.15350060290074818,0.1643329073377713,77.34375,98.828125,0.14784680377370252,0.15350060290074818,0.15350060290074818,0.20280048232059855,0.1643329073377713,0.1643329073377713,0
53,9,0.3530588746070862,0.4674342246865621,0.0,0.07999999973562562,89.453125,99.21875,0.07999999962232232,-0.28062380942608695,0.0,0.08,0.07999999973562562,0.07999999973562562,0
53,5,0.4001534879207611,0.4674342246865621,0.0,0.07999999973562562,91.796875,100.0,0.07999999962232232,-0.15541044606723428,0.0,0.08,0.07999999973562562,0.07999999973562562,0
53,2,0.221871480345726,0.4674342246865621,0.0,0.08806218862076898,89.23076923076923,100.0,0.09151741231538424,-0.7451603224214501,0.0,0.08,0.08806218862076898,0.08806218862076898,0
53,3,0.5420830249786377,0.4674342246865621,0.14816052640724453,0.16696000084684476,89.23076923076923,97.43589743589743,0.15343067787015155,0.14816052640724453,0.14816052640724453,0.19852842112579563,0.16696000084684476,0.16696000084684476,0
53,15,1.1031385660171509,0.4674342246865621,0.7,0.6313182753723767,57.142857142857146,85.71428571428571,0.6275975362462525,0.8586559825510903,0.7,0.6399999999999999,0.6313182753723767,0.6313182753723767,0
53,17,0.1318943053483963,0.4674342246865621,0.0,0.07999999973562562,92.96875,100.0,0.07999999962232232,-1.265257703763997,0.0,0.08,0.07999999973562562,0.07999999973562562,0
54,3,0.49695885181427,0.4603317205919675,0.07655986662350729,0.15924636858243307,90.25641025641026,99.48717948717949,0.16696000084684476,0.07655986662350729,0.07655986662350729,0.14124789329880583,0.15924636858243307,0.15924636858243307,0
54,15,1.1597739458084106,0.4603317205919675,0.7,0.6339227927606637,35.714285714285715,92.85714285714286,0.6313182753723767,0.9240330163914919,0.7,0.6399999999999999,0.6339227927606637,0.6339227927606637,0
54,16,0.5839932560920715,0.4603317205919675,0.23794206905975768,0.23182597801502863,83.63636363636364,98.18181818181819,0.2153141163438383,0.23794206905975768,0.23794206905975768,0.27035365524780613,0.23182597801502863,0.23182597801502863,0
54,17,0.13602779805660248,0.4603317205919675,0.0,0.07999999981493794,93.75,100.0,0.07999999973562562,-1.2190880471985945,0.0,0.08,0.07999999981493794,0.07999999981493794,0
54,8,1.6358944177627563,0.4603317205919675,0.7,0.6399983753590927,29.296875,99.21875,0.6399976790844182,1.2679976013354053,0.7,0.6399999999999999,0.6399983753590927,0.6399983753590927,0
54,6,0.32585686445236206,0.4603317205919675,0.0,0.07999999981493794,89.84375,99.609375,0.07999999973562562,-0.34548913349749316,0.0,0.08,0.07999999981493794,0.07999999981493794,0
54,12,0.5100445747375488,0.4603317205919675,0.10255075991366143,0.16364521751571864,76.171875,99.609375,0.1643329073377713,0.10255075991366143,0.10255075991366143,0.16204060793092917,0.16364521751571864,0.16364521751571864,0
54,0,0.46296921372413635,0.4603317205919675,0.0057131974010298245,0.1560572063820928,100.0,100.0,0.18669434143692235,0.0057131974010298245,0.0057131974010298245,0.08457055792082387,0.1560572063820928,0.1560572063820928,0
54,4,0.43362370133399963,0.4603317205919675,0.0,0.09163105948817135,82.56880733944953,94.4954128440367,0.09661579926881621,-0.05977024959656837,0.0,0.08,0.09163105948817135,0.09163105948817135,0
54,9,0.2496408075094223,0.4603317205919675,0.0,0.07999999981493794,94.140625,99.609375,0.07999999973562562,-0.6119242282239157,0.0,0.08,0.07999999981493794,0.07999999981493794,0
54,10,0.3919318914413452,0.4603317205919675,0.0,0.07999999987146728,89.453125,99.609375,0.07999999981638183,-0.16085927915137044,0.0,0.08,0.07999999987146728,0.07999999987146728,0
54,11,1.3919484615325928,0.4603317205919675,0.7,0.6399963134517059,40.625,100.0,0.6399947335024371,1.1065124395943073,0.7,0.6399999999999999,0.6399963134517059,0.6399963134517059,0
54,5,0.33000409603118896,0.4603317205919675,0.0,0.07999999981493794,87.890625,100.0,0.07999999973562562,-0.33284228613585704,0.0,0.08,0.07999999981493794,0.07999999981493794,0
54,13,1.2443331480026245,0.4603317205919675,0.7,0.5312231351986051,67.3913043478261,93.47826086956522,0.4846044788551501,0.9944076663054056,0.7,0.6399999999999999,0.5312231351986051,0.5312231351986051,0
54,14,0.26119551062583923,0.4603317205919675,0.0,0.07999999981493794,91.91919191919192,97.97979797979798,0.07999999973562562,-0.5666781349944511,0.0,0.08,0.07999999981493794,0.07999999981493794,0
54,7,0.9723954796791077,0.4603317205919675,0.7,0.5972691588497812,60.15625,97.265625,0.5789559412139732,0.7478152210544313,0.7,0.6399999999999999,0.5972691588497812,0.5972691588497812,0
54,19,0.4163808524608612,0.4603317205919675,0.0,0.07999999981493794,87.109375,99.609375,0.07999999973562562,-0.10034700686110487,0.0,0.08,0.07999999981493794,0.07999999981493794,0
54,18,0.26343581080436707,0.4603317205919675,0.0,0.07999999981493794,90.625,99.609375,0.07999999973562562,-0.5581376090327191,0.0,0.08,0.07999999981493794,0.07999999981493794,0
54,2,0.28551483154296875,0.4603317205919675,0.0,0.08564353203453828,83.07692307692308,100.0,0.08806218862076898,-0.4776533709041243,0.0,0.08,0.08564353203453828,0.08564353203453828,0
54,1,0.29564568400382996,0.4603317205919675,0.0,0.0990322217553809,91.66666666666667,95.83333333333333,0.10718888822197273,-0.4427856253828568,0.0,0.08,0.0990322217553809,0.0990322217553809,0
55,14,0.3137719929218292,0.4567987762225138,0.0,0.07999999987045656,96.96969696969697,100.0,0.07999999981493794,-0.37557638438557367,0.0,0.08,0.07999999987045656,0.07999999987045656,0
55,12,0.5020735859870911,0.4567987762225138,0.09450371329098893,0.1612325434508404,78.515625,100.0,0.16364521751571864,0.09450371329098893,0.09450371329098893,0.15560297063279116,0.1612325434508404,0.1612325434508404,0
55,15,1.2115312814712524,0.4567987762225138,0.7,0.6357459549324646,42.857142857142854,78.57142857142857,0.6339227927606637,0.9753973674168469,0.7,0.6399999999999999,0.6357459549324646,0.6357459549324646,0
55,0,0.7384049296379089,0.4567987762225138,0.4802493716095686,0.24849989365376143,100.0,83.33333333333333,0.1560572063820928,0.4802493716095686,0.4802493716095686,0.4641994972876549,0.24849989365376143,0.24849989365376143,0
55,9,0.32686400413513184,0.4567987762225138,0.0,0.07999999987045656,92.578125,99.609375,0.07999999981493794,-0.33469877571718576,0.0,0.08,0.07999999987045656,0.07999999987045656,0
55,17,0.2379821538925171,0.4567987762225138,0.0,0.07999999987045656,95.3125,100.0,0.07999999981493794,-0.6520472719720399,0.0,0.08,0.07999999987045656,0.07999999987045656,0
55,2,0.31960076093673706,0.4567987762225138,0.0,0.0839504724241768,93.84615384615384,96.92307692307692,0.08564353203453828,-0.35717037512541666,0.0,0.08,0.0839504724241768,0.0839504724241768,0
55,11,1.2643728256225586,0.4567987762225138,0.7,0.6399974194161941,40.625,100.0,0.6399963134517059,1.0180884948973055,0.7,0.6399999999999999,0.6399974194161941,0.6399974194161941,0
55,3,0.4417954385280609,0.4567987762225138,0.0,0.13547245800770313,90.25641025641026,98.46153846153847,0.15924636858243307,-0.03339601238363516,0.0,0.08,0.13547245800770313,0.13547245800770313,0
55,5,0.410211980342865,0.4567987762225138,0.0,0.07999999987045656,87.5,100.0,0.07999999981493794,-0.10756892551616842,0.0,0.08,0.07999999987045656,0.07999999987045656,0
55,10,0.29531049728393555,0.4567987762225138,0.0,0.0799999999100271,91.40625,100.0,0.07999999987146728,-0.43621563136346964,0.0,0.08,0.0799999999100271,0.0799999999100271,0
55,4,0.44100022315979004,0.4567987762225138,0.0,0.08814174164171995,92.66055045871559,98.1651376146789,0.09163105948817135,-0.03519759705345773,0.0,0.08,0.08814174164171995,0.08814174164171995,0
55,7,0.8984757661819458,0.4567987762225138,0.6764567443658023,0.6044380298426393,60.15625,98.046875,0.5972691588497812,0.6764567443658023,0.6764567443658023,0.6211653954926418,0.6044380298426393,0.6044380298426393,0
55,16,0.620764970779419,0.4567987762225138,0.3067095562437771,0.25988847810902654,85.9090909090909,98.18181818181819,0.23182597801502863,0.3067095562437771,0.3067095562437771,0.3253676449950217,0.25988847810902654,0.25988847810902654,0
55,6,0.23201236128807068,0.4567987762225138,0.0,0.07999999987045656,89.453125,100.0,0.07999999981493794,-0.6774523064450165,0.0,0.08,0.07999999987045656,0.07999999987045656,0
55,1,0.6282282471656799,0.4567987762225138,0.31866056604729404,0.1698010910801172,83.33333333333333,100.0,0.0990322217553809,0.31866056604729404,0.31866056604729404,0.33492845283783523,0.1698010910801172,0.1698010910801172,0
55,19,0.31041401624679565,0.4567987762225138,0.0,0.07999999987045656,90.234375,100.0,0.07999999981493794,-0.3863360262682792,0.0,0.08,0.07999999987045656,0.07999999987045656,0
55,8,1.6459439992904663,0.4567987762225138,0.7,0.6399988627513647,25.78125,100.0,0.6399983753590927,1.2818263632243452,0.7,0.6399999999999999,0.6399988627513647,0.6399988627513647,0
55,18,0.3109363317489624,0.4567987762225138,0.0,0.07999999987045656,88.28125,98.828125,0.07999999981493794,-0.3846547988896595,0.0,0.08,0.07999999987045656,0.07999999987045656,0
55,13,0.9643964171409607,0.4567987762225138,0.7,0.5638561946390235,65.21739130434783,86.95652173913044,0.5312231351986051,0.7472594403449119,0.7,0.6399999999999999,0.5638561946390235,0.5638561946390235,0
56,4,0.44036275148391724,0.45525868168465494,0.0,0.08569921914920396,91.74311926605505,98.1651376146789,0.08814174164171995,-0.03326696538737119,0.0,0.08,0.08569921914920396,0.08569921914920396,0
56,16,0.5585532188415527,0.45525868168465494,0.2044841102177361,0.25499812112857523,83.18181818181819,98.63636363636364,0.25988847810902654,0.2044841102177361,0.2044841102177361,0.2435872881741889,0.25499812112857523,0.25499812112857523,0
56,17,0.26569217443466187,0.45525868168465494,0.0,0.07999999990931958,92.578125,100.0,0.07999999987045656,-0.5385273732051828,0.0,0.08,0.07999999990931958,0.07999999990931958,0
56,14,0.2445344477891922,0.45525868168465494,0.0,0.07999999990931958,92.92929292929293,98.98989898989899,0.07999999987045656,-0.6215095799007982,0.0,0.08,0.07999999990931958,0.07999999990931958,0
56,5,0.40597838163375854,0.45525868168465494,0.0,0.07999999990931958,88.671875,100.0,0.07999999987045656,-0.11456587493051862,0.0,0.08,0.07999999990931958,0.07999999990931958,0
56,9,0.31084808707237244,0.45525868168465494,0.0,0.07999999990931958,92.578125,98.828125,0.07999999987045656,-0.38156145153325766,0.0,0.08,0.07999999990931958,0.07999999990931958,0
56,8,1.4710899591445923,0.45525868168465494,0.7,0.6399992039259552,30.46875,99.21875,0.6399988627513647,1.1728930700851876,0.7,0.6399999999999999,0.6399992039259552,0.6399992039259552,0
56,18,0.23733088374137878,0.45525868168465494,0.0,0.07999999990931958,91.796875,99.609375,0.07999999987045656,-0.6514104670274791,0.0,0.08,0.07999999990931958,0.07999999990931958,0
56,15,1.055759310722351,0.45525868168465494,0.7,0.6370221684527251,71.42857142857143,64.28571428571429,0.6357459549324646,0.8411497117678597,0.7,0.6399999999999999,0.6370221684527251,0.6370221684527251,0
56,7,0.798230767250061,0.45525868168465494,0.561531939651144,0.581874286406122,64.84375,98.046875,0.6044380298426393,0.561531939651144,0.561531939651144,0.5292255517209152,0.581874286406122,0.581874286406122,0
56,6,0.348064124584198,0.45525868168465494,0.0,0.07999999990931958,87.5,100.0,0.07999999987045656,-0.26847905296247493,0.0,0.08,0.07999999990931958,0.07999999990931958,0
56,2,0.2121969610452652,0.45525868168465494,0.0,0.08276533069692377,87.6923076923077,96.92307692307692,0.0839504724241768,-0.763350858517166,0.0,0.08,0.08276533069692377,0.08276533069692377,0
56,1,0.6370495557785034,0.45525868168465494,0.33598165327532953,0.22349636054216113,91.66666666666667,100.0,0.1698010910801172,0.33598165327532953,0.33598165327532953,0.3487853226202636,0.22349636054216113,0.22349636054216113,0
56,11,1.4140772819519043,0.45525868168465494,0.7,0.6399981935913358,33.59375,100.0,0.6399974194161941,1.1333666963415752,0.7,0.6399999999999999,0.6399981935913358,0.6399981935913358,0
56,13,0.7130857706069946,0.45525868168465494,0.448735912045494,0.526395955138235,52.17391304347826,89.1304347826087,0.5638561946390235,0.448735912045494,0.448735912045494,0.43898872963639524,0.526395955138235,0.526395955138235,0
56,10,0.39577874541282654,0.45525868168465494,0.0,0.07999999993701896,90.234375,99.21875,0.0799999999100271,-0.14001045386704422,0.0,0.08,0.07999999993701896,0.07999999993701896,0
56,19,0.41190770268440247,0.45525868168465494,0.0,0.07999999990931958,85.546875,100.0,0.07999999987045656,-0.10006648461960775,0.0,0.08,0.07999999990931958,0.07999999990931958,0
56,12,0.5895598530769348,0.45525868168465494,0.25851045318340765,0.1989052891796061,74.21875,99.609375,0.1612325434508404,0.25851045318340765,0.25851045318340765,0.28680836254672615,0.1989052891796061,0.1989052891796061,0
56,3,0.44587668776512146,0.45525868168465494,0.0,0.11883072060539218,87.17948717948718,98.46153846153847,0.13547245800770313,-0.020823359151684775,0.0,0.08,0.11883072060539218,0.11883072060539218,0
56,0,0.4910045564174652,0.45525868168465494,0.07558761745158013,0.21609095374601223,100.0,100.0,0.24849989365376143,0.07558761745158013,0.07558761745158013,0.14047009396126411,0.21609095374601223,0.21609095374601223,0
57,19,0.36090072989463806,0.45404478547864136,0.0,0.07999999993652371,87.890625,99.609375,0.07999999990931958,-0.22959289984491235,0.0,0.08,0.07999999993652371,0.07999999993652371,0
57,12,0.5953620672225952,0.45404478547864136,0.2709738919825413,0.22826743650153414,76.171875,98.828125,0.1989052891796061,0.2709738919825413,0.2709738919825413,0.29677911358603304,0.22826743650153414,0.22826743650153414,0
57,8,1.4597368240356445,0.45404478547864136,0.7,0.6399994427481686,41.40625,98.4375,0.6399992039259552,1.1678155861656687,0.7,0.6399999999999999,0.6399994427481686,0.6399994427481686,0
57,15,1.1169731616973877,0.45404478547864136,0.7,0.6379155179169075,78.57142857142857,78.57142857142857,0.6370221684527251,0.9001819189756481,0.7,0.6399999999999999,0.6379155179169075,0.6379155179169075,0
57,13,0.8002009987831116,0.45404478547864136,0.5666670954569702,0.5284772715064373,67.3913043478261,86.95652173913044,0.526395955138235,0.5666670954569702,0.5666670954569702,0.5333336763655762,0.5284772715064373,0.5284772715064373,0
57,3,0.5664104223251343,0.45404478547864136,0.22112309923392812,0.16025104823991726,88.71794871794872,98.46153846153847,0.11883072060539218,0.22112309923392812,0.22112309923392812,0.2568984793871425,0.16025104823991726,0.16025104823991726,0
57,5,0.325245201587677,0.45404478547864136,0.0,0.07999999993652371,87.109375,100.0,0.07999999990931958,-0.33361646659642163,0.0,0.08,0.07999999993652371,0.07999999993652371,0
57,9,0.26875361800193787,0.45404478547864136,0.0,0.07999999993652371,94.921875,99.609375,0.07999999990931958,-0.5244007827362445,0.0,0.08,0.07999999993652371,0.07999999993652371,0
57,14,0.1893862783908844,0.45404478547864136,0.0,0.07999999993652371,86.86868686868686,98.98989898989899,0.07999999990931958,-0.8744070784772494,0.0,0.08,0.07999999993652371,0.07999999993652371,0
57,0,0.21619297564029694,0.45404478547864136,0.0,0.17526366762220855,100.0,100.0,0.21609095374601223,-0.7420244007972137,0.0,0.08,0.17526366762220855,0.17526366762220855,0
57,16,0.48889273405075073,0.45404478547864136,0.07394726646830273,0.2202460287423953,83.63636363636364,98.18181818181819,0.25499812112857523,0.07394726646830273,0.07394726646830273,0.13915781317464218,0.2202460287423953,0.2202460287423953,0
57,11,1.4368242025375366,0.45404478547864136,0.7,0.639998735513935,40.234375,99.21875,0.6399981935913358,1.151994687487277,0.7,0.6399999999999999,0.639998735513935,0.639998735513935,0
57,6,0.28859156370162964,0.45404478547864136,0.0,0.07999999993652371,87.890625,100.0,0.07999999990931958,-0.4531834128686184,0.0,0.08,0.07999999993652371,0.07999999993652371,0
57,10,0.30077797174453735,0.45404478547864136,0.0,0.07999999995591328,85.546875,99.609375,0.07999999993701896,-0.4118234712201605,0.0,0.08,0.07999999995591328,0.07999999995591328,0
57,4,0.36560291051864624,0.45404478547864136,0.0,0.08398945340444278,88.07339449541284,96.3302752293578,0.08569921914920396,-0.21664803379149078,0.0,0.08,0.08398945340444278,0.08398945340444278,0
57,18,0.2851027846336365,0.45404478547864136,0.0,0.07999999993652371,89.84375,100.0,0.07999999990931958,-0.4653460634658523,0.0,0.08,0.07999999993652371,0.07999999993652371,0
57,2,0.4043580889701843,0.45404478547864136,0.0,0.08193573148784664,84.61538461538461,100.0,0.08276533069692377,-0.11589499268432953,0.0,0.08,0.08193573148784664,0.08193573148784664,0
57,1,0.5639934539794922,0.45404478547864136,0.2168468011129726,0.2324906846466262,87.5,95.83333333333333,0.22349636054216113,0.2168468011129726,0.2168468011129726,0.2534774408903781,0.2324906846466262,0.2324906846466262,0
57,17,0.16792309284210205,0.45404478547864136,0.0,0.07999999993652371,92.96875,100.0,0.07999999990931958,-0.9946897081901132,0.0,0.08,0.07999999993652371,0.07999999993652371,0
57,7,0.8690087199211121,0.45404478547864136,0.649157309524978,0.58710975477028,63.671875,97.65625,0.581874286406122,0.649157309524978,0.649157309524978,0.5993258476199823,0.58710975477028,0.58710975477028,0
58,10,0.3881060779094696,0.44713835690521875,0.0,0.07999999996913928,89.453125,100.0,0.07999999995591328,-0.14158936766620273,0.0,0.08,0.07999999996913928,0.07999999996913928,0
58,3,0.5592584609985352,0.44713835690521875,0.22374365496141776,0.18987421095868234,88.71794871794872,98.46153846153847,0.16025104823991726,0.22374365496141776,0.22374365496141776,0.2589949239691342,0.18987421095868234,0.18987421095868234,0
58,19,0.3634425103664398,0.44713835690521875,0.0,0.07999999995556659,90.625,99.21875,0.07999999993652371,-0.20724693618387938,0.0,0.08,0.07999999995556659,0.07999999995556659,0
58,11,1.2947971820831299,0.44713835690521875,0.7,0.6399991148597545,39.84375,100.0,0.639998735513935,1.0632412610757842,0.7,0.6399999999999999,0.6399991148597545,0.6399991148597545,0
58,5,0.33037254214286804,0.44713835690521875,0.0,0.07999999995556659,91.015625,100.0,0.07999999993652371,-0.30264712879564615,0.0,0.08,0.07999999995556659,0.07999999995556659,0
58,9,0.2514761984348297,0.44713835690521875,0.0,0.07999999995556659,94.53125,100.0,0.07999999993652371,-0.5755197059670694,0.0,0.08,0.07999999995556659,0.07999999995556659,0
58,1,0.37695133686065674,0.44713835690521875,0.0,0.18674347925263832,83.33333333333333,100.0,0.2324906846466262,-0.1707519666635647,0.0,0.08,0.18674347925263832,0.18674347925263832,0
58,7,0.9554958939552307,0.44713835690521875,0.7,0.602976828339196,68.359375,97.65625,0.58710975477028,0.7593623844999691,0.7,0.6399999999999999,0.602976828339196,0.602976828339196,0
58,18,0.3220290243625641,0.44713835690521875,0.0,0.07999999995556659,89.84375,98.828125,0.07999999993652371,-0.328226382056175,0.0,0.08,0.07999999995556659,0.07999999995556659,0
58,14,0.2451203316450119,0.44713835690521875,0.0,0.07999999995556659,87.87878787878788,98.98989898989899,0.07999999993652371,-0.6011188120254373,0.0,0.08,0.07999999995556659,0.07999999995556659,0
58,17,0.18964576721191406,0.44713835690521875,0.0,0.07999999995556659,94.53125,100.0,0.07999999993652371,-0.8577100906936139,0.0,0.08,0.07999999995556659,0.07999999995556659,0
58,13,1.0830365419387817,0.44713835690521875,0.7,0.5619340900545061,69.56521739130434,91.30434782608695,0.5284772715064373,0.8846559047039873,0.7,0.6399999999999999,0.5619340900545061,0.5619340900545061,0
58,4,0.35292819142341614,0.44713835690521875,0.0,0.08279261738310995,91.74311926605505,97.24770642201835,0.08398945340444278,-0.2366034515188982,0.0,0.08,0.08279261738310995,0.08279261738310995,0
58,15,1.3216829299926758,0.44713835690521875,0.7,0.6385408625418352,64.28571428571429,71.42857142857143,0.6379155179169075,1.0837930656924821,0.7,0.6399999999999999,0.6385408625418352,0.6385408625418352,0
58,0,0.041049469262361526,0.44713835690521875,0.0,0.14668456733554597,100.0,100.0,0.17526366762220855,-2.3880899419934343,0.0,0.08,0.14668456733554597,0.14668456733554597,0
58,8,1.3980991840362549,0.44713835690521875,0.7,0.639999609923718,35.546875,99.21875,0.6399994427481686,1.1400007821594125,0.7,0.6399999999999999,0.639999609923718,0.639999609923718,0
58,12,0.6311166286468506,0.44713835690521875,0.34462260039647075,0.2664966296462269,80.46875,99.21875,0.22826743650153414,0.34462260039647075,0.34462260039647075,0.35569808031717665,0.2664966296462269,0.2664966296462269,0
58,2,0.35237249732017517,0.44713835690521875,0.0,0.08135501204149265,84.61538461538461,100.0,0.08193573148784664,-0.23817921689481825,0.0,0.08,0.08135501204149265,0.08135501204149265,0
58,16,0.5465766787528992,0.44713835690521875,0.2008065324949433,0.22636578791846307,80.0,99.54545454545455,0.2202460287423953,0.2008065324949433,0.2008065324949433,0.24064522599595467,0.22636578791846307,0.22636578791846307,0
58,6,0.24095000326633453,0.44713835690521875,0.0,0.07999999995556659,89.453125,100.0,0.07999999993652371,-0.6182785942186634,0.0,0.08,0.07999999995556659,0.07999999995556659,0
59,2,0.558132529258728,0.43944421357605173,0.23908565947267654,0.13832906670248724,93.84615384615384,95.38461538461539,0.08135501204149265,0.23908565947267654,0.23908565947267654,0.27126852757814124,0.13832906670248724,0.13832906670248724,0
59,1,0.45128217339515686,0.43944421357605173,0.02658202739000314,0.16110012205044755,91.66666666666667,95.83333333333333,0.18674347925263832,0.02658202739000314,0.02658202739000314,0.10126562191200252,0.16110012205044755,0.16110012205044755,0
59,12,0.5094032883644104,0.43944421357605173,0.1477292372660542,0.24600265769621182,82.8125,97.65625,0.2664966296462269,0.1477292372660542,0.1477292372660542,0.19818338981284336,0.24600265769621182,0.24600265769621182,0
59,4,0.2887948751449585,0.43944421357605173,0.0,0.08195483216817695,89.90825688073394,94.4954128440367,0.08279261738310995,-0.41979410411225065,0.0,0.08,0.08195483216817695,0.08195483216817695,0
59,8,1.6082234382629395,0.43944421357605173,0.7,0.6399997269466026,33.59375,99.21875,0.639999609923718,1.297374600190157,0.7,0.6399999999999999,0.6399997269466026,0.6399997269466026,0
59,5,0.403249591588974,0.43944421357605173,0.0,0.0799999999688966,90.625,100.0,0.07999999995556659,-0.08595507125241672,0.0,0.08,0.0799999999688966,0.0799999999688966,0
59,9,0.3181404769420624,0.43944421357605173,0.0,0.0799999999688966,92.96875,99.609375,0.07999999995556659,-0.32301773219763713,0.0,0.08,0.0799999999688966,0.0799999999688966,0
59,11,1.4856797456741333,0.43944421357605173,0.7,0.639999380401828,36.328125,99.609375,0.6399991148597545,1.218116894173704,0.7,0.6399999999999999,0.639999380401828,0.639999380401828,0
59,3,0.44531524181365967,0.43944421357605173,0.013271662132170544,0.16009714658279858,89.23076923076923,98.97435897435898,0.18987421095868234,0.013271662132170544,0.013271662132170544,0.09061732970573644,0.16009714658279858,0.16009714658279858,0
59,16,0.5556851625442505,0.43944421357605173,0.23469109718980594,0.23878191486847755,85.45454545454545,95.9090909090909,0.22636578791846307,0.23469109718980594,0.23469109718980594,0.26775287775184475,0.23878191486847755,0.23878191486847755,0
59,15,1.0669773817062378,0.43944421357605173,0.7,0.6389786037792846,71.42857142857143,71.42857142857143,0.6385408625418352,0.8870742621661406,0.7,0.6399999999999999,0.6389786037792846,0.6389786037792846,0
59,13,0.8603882193565369,0.43944421357605173,0.6718729166110816,0.5786033630248139,65.21739130434783,86.95652173913044,0.5619340900545061,0.6718729166110816,0.6718729166110816,0.6174983332888653,0.5786033630248139,0.5786033630248139,0
59,6,0.3092883825302124,0.43944421357605173,0.0,0.0799999999688966,89.453125,100.0,0.07999999995556659,-0.35123664946236516,0.0,0.08,0.0799999999688966,0.0799999999688966,0
59,0,0.15927766263484955,0.43944421357605173,0.0,0.12667919713488218,66.66666666666667,83.33333333333333,0.14668456733554597,-1.0148617523932184,0.0,0.08,0.12667919713488218,0.12667919713488218,0
59,19,0.3649824857711792,0.43944421357605173,0.0,0.0799999999688966,89.0625,99.609375,0.07999999995556659,-0.18566140461594446,0.0,0.08,0.0799999999688966,0.0799999999688966,0
59,17,0.1967485398054123,0.43944421357605173,0.0,0.0799999999688966,94.53125,100.0,0.07999999995556659,-0.8035842837344207,0.0,0.08,0.0799999999688966,0.0799999999688966,0
59,14,0.19417783617973328,0.43944421357605173,0.0,0.0799999999688966,93.93939393939394,98.98989898989899,0.07999999995556659,-0.8167363282515919,0.0,0.08,0.0799999999688966,0.0799999999688966,0
59,18,0.2790997326374054,0.43944421357605173,0.0,0.0799999999688966,90.234375,99.21875,0.07999999995556659,-0.4539415818313991,0.0,0.08,0.0799999999688966,0.0799999999688966,0
59,7,0.915421724319458,0.43944421357605173,0.7,0.6140837798374371,58.984375,96.875,0.602976828339196,0.7338740706556557,0.7,0.6399999999999999,0.6140837798374371,0.6140837798374371,0
59,10,0.3745463788509369,0.43944421357605173,0.0,0.07999999997839749,90.234375,100.0,0.07999999996913928,-0.15979513621016356,0.0,0.08,0.07999999997839749,0.07999999997839749,0
60,2,0.452875018119812,0.4379280338885782,0.033561597785966575,0.12888513016037303,89.23076923076923,95.38461538461539,0.13832906670248724,0.033561597785966575,0.033561597785966575,0.10684927822877327,0.12888513016037303,0.12888513016037303,0
60,13,0.8113184571266174,0.4379280338885782,0.6166060480104335,0.5770078056398737,67.3913043478261,97.82608695652173,0.5786033630248139,0.6166060480104335,0.6166060480104335,0.5732848384083468,0.5770078056398737,0.5770078056398737,0
60,7,0.8955997228622437,0.4379280338885782,0.7,0.621858645886206,66.796875,99.609375,0.6140837798374371,0.7154389729255317,0.7,0.6399999999999999,0.621858645886206,0.621858645886206,0
60,12,0.49348512291908264,0.4379280338885782,0.11943811910150062,0.22486700897170842,78.90625,100.0,0.24600265769621182,0.11943811910150062,0.11943811910150062,0.1755504952812005,0.22486700897170842,0.22486700897170842,0
60,8,1.532747507095337,0.4379280338885782,0.7,0.6399998088626218,37.109375,99.21875,0.6399997269466026,1.252762553218522,0.7,0.6399999999999999,0.6399998088626218,0.6399998088626218,0
60,3,0.4436693489551544,0.4379280338885782,0.013024984456111149,0.13919399887742567,90.25641025641026,98.97435897435898,0.16009714658279858,0.013024984456111149,0.013024984456111149,0.09041998756488892,0.13919399887742567,0.13919399887742567,0
60,6,0.27546894550323486,0.4379280338885782,0.0,0.07999999997822763,90.625,99.609375,0.0799999999688966,-0.4635796754762031,0.0,0.08,0.07999999997822763,0.07999999997822763,0
60,18,0.2520701289176941,0.4379280338885782,0.0,0.07999999997822763,91.015625,99.609375,0.0799999999688966,-0.5523472356974957,0.0,0.08,0.07999999997822763,0.07999999997822763,0
60,5,0.36840710043907166,0.4379280338885782,0.0,0.07999999997822763,88.671875,100.0,0.0799999999688966,-0.17286600846005287,0.0,0.08,0.07999999997822763,0.07999999997822763,0
60,14,0.2551049590110779,0.4379280338885782,0.0,0.07999999997822763,92.92929292929293,98.98989898989899,0.0799999999688966,-0.540379509883733,0.0,0.08,0.07999999997822763,0.07999999997822763,0
60,16,0.5400495529174805,0.4379280338885782,0.2096063050059748,0.24145285360936825,83.18181818181819,95.9090909090909,0.23878191486847755,0.2096063050059748,0.2096063050059748,0.24768504400477986,0.24145285360936825,0.24145285360936825,0
60,10,0.40617290139198303,0.4379280338885782,0.0,0.07999999998487824,87.890625,100.0,0.07999999997839749,-0.07527565445673595,0.0,0.08,0.07999999998487824,0.07999999998487824,0
60,15,1.0016659498214722,0.4379280338885782,0.7,0.6392850226454991,35.714285714285715,85.71428571428571,0.6389786037792846,0.8273652391108235,0.7,0.6399999999999999,0.6392850226454991,0.6392850226454991,0
60,19,0.3138589560985565,0.4379280338885782,0.0,0.07999999997822763,90.234375,100.0,0.0799999999688966,-0.3331108810643824,0.0,0.08,0.07999999997822763,0.07999999997822763,0
60,0,0.4070512056350708,0.4379280338885782,0.0,0.11267543799441751,83.33333333333333,100.0,0.12667919713488218,-0.07311559905404924,0.0,0.08,0.11267543799441751,0.11267543799441751,0
60,17,0.11883556097745895,0.4379280338885782,0.0,0.07999999997822763,92.578125,100.0,0.0799999999688966,-1.3043138324072459,0.0,0.08,0.07999999997822763,0.07999999997822763,0
60,11,1.29299795627594,0.4379280338885782,0.7,0.6399995662812795,42.96875,100.0,0.639999380401828,1.0826641923771378,0.7,0.6399999999999999,0.6399995662812795,0.6399995662812795,0
60,4,0.3698060214519501,0.4379280338885782,0.0,0.08136838251772385,91.74311926605505,99.08256880733946,0.08195483216817695,-0.1690759846633059,0.0,0.08,0.08136838251772385,0.08136838251772385,0
60,9,0.2795243263244629,0.4379280338885782,0.0,0.07999999997822763,94.921875,100.0,0.0799999999688966,-0.44896525378803487,0.0,0.08,0.07999999997822763,0.07999999997822763,0
60,1,0.3382875621318817,0.4379280338885782,0.0,0.13677008543531327,91.66666666666667,95.83333333333333,0.16110012205044755,-0.258158274643637,0.0,0.08,0.13677008543531327,0.13677008543531327,0
61,10,0.2934848666191101,0.4347964358510731,0.0,0.07999999998941476,89.0625,100.0,0.07999999998487824,-0.39305187076073095,0.0,0.08,0.07999999998941476,0.07999999998941476,0
61,14,0.3000738024711609,0.4347964358510731,0.0,0.07999999998475933,92.92929292929293,98.98989898989899,0.07999999997822763,-0.37084949503460796,0.0,0.08,0.07999999998475933,0.07999999998475933,0
61,5,0.29719603061676025,0.4347964358510731,0.0,0.07999999998475933,87.109375,100.0,0.07999999997822763,-0.3804859905286838,0.0,0.08,0.07999999998475933,0.07999999998475933,0
61,7,0.8798220753669739,0.4347964358510731,0.7,0.6273010521203441,53.125,98.046875,0.621858645886206,0.7048417303145567,0.7,0.6399999999999999,0.6273010521203441,0.6273010521203441,0
61,16,0.5574750304222107,0.4347964358510731,0.24853975079084134,0.2526665377163597,81.81818181818181,98.63636363636364,0.24145285360936825,0.24853975079084134,0.24853975079084134,0.2788318006326731,0.2526665377163597,0.2526665377163597,0
61,6,0.2421407550573349,0.4347964358510731,0.0,0.07999999998475933,91.015625,100.0,0.07999999997822763,-0.5853587501573815,0.0,0.08,0.07999999998475933,0.07999999998475933,0
61,2,0.4998907148838043,0.4347964358510731,0.13951154330613608,0.1477023615057338,93.84615384615384,100.0,0.12888513016037303,0.13951154330613608,0.13951154330613608,0.19160923464490887,0.1477023615057338,0.1477023615057338,0
61,17,0.11253047734498978,0.4347964358510731,0.0,0.07999999998475933,94.140625,100.0,0.07999999997822763,-1.3516537974449698,0.0,0.08,0.07999999998475933,0.07999999998475933,0
61,15,1.0407555103302002,0.4347964358510731,0.7,0.6394995158518494,57.142857142857146,92.85714285714286,0.6392850226454991,0.8728242092476104,0.7,0.6399999999999999,0.6394995158518494,0.6394995158518494,0
61,1,0.4859931766986847,0.4347964358510731,0.11131662366563383,0.1464550494844714,79.16666666666667,95.83333333333333,0.13677008543531327,0.11131662366563383,0.11131662366563383,0.1690532989325071,0.1464550494844714,0.1464550494844714,0
61,11,1.2755382061004639,0.4347964358510731,0.7,0.6399996963968956,44.140625,100.0,0.6399995662812795,1.0762455177973993,0.7,0.6399999999999999,0.6399996963968956,0.6399996963968956,0
61,9,0.19961056113243103,0.4347964358510731,0.0,0.07999999998475933,93.75,99.21875,0.07999999997822763,-0.7785096569378079,0.0,0.08,0.07999999998475933,0.07999999998475933,0
61,3,0.4916135370731354,0.4347964358510731,0.12281495341975326,0.15091138803493875,88.71794871794872,98.97435897435898,0.13919399887742567,0.12281495341975326,0.12281495341975326,0.17825196273580263,0.15091138803493875,0.15091138803493875,0
61,18,0.19373805820941925,0.4347964358510731,0.0,0.07999999998475933,89.0625,99.21875,0.07999999997822763,-0.8083708980962188,0.0,0.08,0.07999999998475933,0.07999999998475933,0
61,12,0.4805283546447754,0.4347964358510731,0.10000827718875702,0.20540889280549757,77.734375,98.4375,0.22486700897170842,0.10000827718875702,0.10000827718875702,0.1600066217510056,0.20540889280549757,0.20540889280549757,0
61,0,0.6648939251899719,0.4347964358510731,0.4247495509820104,0.20481269883177475,83.33333333333333,100.0,0.11267543799441751,0.4247495509820104,0.4247495509820104,0.41979964078560833,0.20481269883177475,0.20481269883177475,0
61,19,0.3309963345527649,0.4347964358510731,0.0,0.07999999998475933,87.890625,100.0,0.07999999997822763,-0.2727706493292366,0.0,0.08,0.07999999998475933,0.07999999998475933,0
61,13,0.7917079329490662,0.4347964358510731,0.5993145839053658,0.5717409640851994,60.869565217391305,91.30434782608695,0.5770078056398737,0.5993145839053658,0.5993145839053658,0.5594516671242927,0.5717409640851994,0.5717409640851994,0
61,8,1.53773033618927,0.4347964358510731,0.7,0.6399998662038352,36.71875,100.0,0.6399998088626218,1.2631848261205842,0.7,0.6399999999999999,0.6399998662038352,0.6399998662038352,0
61,4,0.3434290885925293,0.4347964358510731,0.0,0.0809578677624067,91.74311926605505,98.1651376146789,0.08136838251772385,-0.23589729939627008,0.0,0.08,0.0809578677624067,0.0809578677624067,0
62,4,0.3714241683483124,0.43964286883313874,0.0,0.08067050743368467,92.66055045871559,99.08256880733946,0.0809578677624067,-0.16861801097889417,0.0,0.08,0.08067050743368467,0.08067050743368467,0
62,18,0.1963474601507187,0.43964286883313874,0.0,0.07999999998933152,89.84375,99.21875,0.07999999998475933,-0.8060768617848795,0.0,0.08,0.07999999998933152,0.07999999998933152,0
62,14,0.21876537799835205,0.43964286883313874,0.0,0.07999999998933152,91.91919191919192,100.0,0.07999999998475933,-0.6979628904404896,0.0,0.08,0.07999999998933152,0.07999999998933152,0
62,19,0.3413684070110321,0.43964286883313874,0.0,0.07999999998933152,87.109375,99.609375,0.07999999998475933,-0.2530004624780179,0.0,0.08,0.07999999998933152,0.07999999998933152,0
62,10,0.3330059349536896,0.43964286883313874,0.0,0.07999999999259033,91.796875,100.0,0.07999999998941476,-0.2778024158045657,0.0,0.08,0.07999999999259033,0.07999999999259033,0
62,7,0.8070013523101807,0.43964286883313874,0.6073625980457945,0.6088777600152315,62.890625,98.828125,0.6273010521203441,0.6073625980457945,0.6073625980457945,0.5658900784366356,0.6088777600152315,0.6088777600152315,0
62,1,0.5309601426124573,0.43964286883313874,0.1887242179256036,0.17181234694127484,87.5,100.0,0.1464550494844714,0.1887242179256036,0.1887242179256036,0.23097937434048288,0.17181234694127484,0.17181234694127484,0
62,5,0.34524163603782654,0.43964286883313874,0.0,0.07999999998933152,91.40625,100.0,0.07999999998475933,-0.241718163191944,0.0,0.08,0.07999999998933152,0.07999999998933152,0
62,12,0.5962347984313965,0.43964286883313874,0.30467180501676694,0.24090745816787237,73.828125,99.21875,0.20540889280549757,0.30467180501676694,0.30467180501676694,0.3237374440134136,0.24090745816787237,0.24090745816787237,0
62,8,1.4121601581573486,0.43964286883313874,0.7,0.6399999063426846,39.0625,99.21875,0.6399998662038352,1.1669130868198545,0.7,0.6399999999999999,0.6399999063426846,0.6399999063426846,0
62,3,0.4761074483394623,0.43964286883313874,0.07968082322765016,0.14876136919909316,89.23076923076923,98.97435897435898,0.15091138803493875,0.07968082322765016,0.07968082322765016,0.14374465858212013,0.14876136919909316,0.14876136919909316,0
62,0,0.3453320264816284,0.43964286883313874,0.0,0.1673688891822423,100.0,100.0,0.20481269883177475,-0.24145637955724678,0.0,0.08,0.1673688891822423,0.1673688891822423,0
62,6,0.280777245759964,0.43964286883313874,0.0,0.07999999998933152,86.328125,100.0,0.07999999998475933,-0.44840108747412,0.0,0.08,0.07999999998933152,0.07999999998933152,0
62,15,1.0851662158966064,0.43964286883313874,0.7,0.6396496610962945,57.142857142857146,92.85714285714286,0.6394995158518494,0.9035256994919962,0.7,0.6399999999999999,0.6396496610962945,0.6396496610962945,0
62,9,0.3052474856376648,0.43964286883313874,0.0,0.07999999998933152,93.359375,98.828125,0.07999999998475933,-0.36483984968149,0.0,0.08,0.07999999998933152,0.07999999998933152,0
62,17,0.08684695512056351,0.43964286883313874,0.0,0.07999999998933152,95.703125,100.0,0.07999999998475933,-1.6218152101826948,0.0,0.08,0.07999999998933152,0.07999999998933152,0
62,13,0.7470347285270691,0.43964286883313874,0.5301489297644046,0.5514544180030966,76.08695652173913,86.95652173913044,0.5717409640851994,0.5301489297644046,0.5301489297644046,0.5041191438115237,0.5514544180030966,0.5514544180030966,0
62,16,0.442944198846817,0.43964286883313874,0.007481064376965471,0.2026620318519235,87.72727272727273,99.0909090909091,0.2526665377163597,0.007481064376965471,0.007481064376965471,0.08598485150157238,0.2026620318519235,0.2026620318519235,0
62,2,0.27671849727630615,0.43964286883313874,0.0,0.12739165305401365,93.84615384615384,100.0,0.1477023615057338,-0.4629619880720416,0.0,0.08,0.12739165305401365,0.12739165305401365,0
62,11,1.323861837387085,0.43964286883313874,0.7,0.6399997874778268,39.453125,100.0,0.6399996963968956,1.1023456278394115,0.7,0.6399999999999999,0.6399997874778268,0.6399997874778268,0
63,1,0.19460968673229218,0.4315163916913219,0.0,0.14426864285889238,83.33333333333333,95.83333333333333,0.17181234694127484,-0.796309523117039,0.0,0.08,0.14426864285889238,0.14426864285889238,0
63,16,0.5210486054420471,0.4315163916913219,0.18853782851583825,0.21111250114014762,84.0909090909091,98.18181818181819,0.2026620318519235,0.18853782851583825,0.18853782851583825,0.2308302628126706,0.21111250114014762,0.21111250114014762,0
63,8,1.4922475814819336,0.4315163916913219,0.7,0.6399999344398791,34.375,99.609375,0.6399999063426846,1.240733192356441,0.7,0.6399999999999999,0.6399999344398791,0.6399999344398791,0
63,4,0.3379547894001007,0.4315163916913219,0.0,0.08046935520357927,88.9908256880734,98.1651376146789,0.08067050743368467,-0.24439336371829304,0.0,0.08,0.08046935520357927,0.08046935520357927,0
63,5,0.26656997203826904,0.4315163916913219,0.0,0.07999999999253206,86.71875,100.0,0.07999999998933152,-0.4816687147733215,0.0,0.08,0.07999999999253206,0.07999999999253206,0
63,14,0.2794293165206909,0.4315163916913219,0.0,0.07999999999253206,93.93939393939394,98.98989898989899,0.07999999998933152,-0.43455611686500323,0.0,0.08,0.07999999999253206,0.07999999999253206,0
63,13,0.6307783722877502,0.4315163916913219,0.3796490635173177,0.5011338678463239,73.91304347826087,86.95652173913044,0.5514544180030966,0.3796490635173177,0.3796490635173177,0.3837192508138542,0.5011338678463239,0.5011338678463239,0
63,9,0.32669180631637573,0.4315163916913219,0.0,0.07999999999253206,93.75,98.046875,0.07999999998933152,-0.2782882519165851,0.0,0.08,0.07999999999253206,0.07999999999253206,0
63,11,1.3581295013427734,0.4315163916913219,0.7,0.6399998512344787,32.421875,100.0,0.6399997874778268,1.1465581520753778,0.7,0.6399999999999999,0.6399998512344787,0.6399998512344787,0
63,2,0.40524426102638245,0.4315163916913219,0.0,0.11317415713780954,92.3076923076923,100.0,0.12739165305401365,-0.06281549704475063,0.0,0.08,0.11317415713780954,0.11317415713780954,0
63,7,0.9505308270454407,0.4315163916913219,0.7,0.6182144320106621,62.890625,99.609375,0.6088777600152315,0.7897150837015929,0.7,0.6399999999999999,0.6182144320106621,0.6182144320106621,0
63,0,0.36314812302589417,0.4315163916913219,0.0,0.1411582224275696,100.0,83.33333333333333,0.1673688891822423,-0.17249468968920278,0.0,0.08,0.1411582224275696,0.1411582224275696,0
63,18,0.2672726511955261,0.4315163916913219,0.0,0.07999999999253206,86.328125,98.4375,0.07999999998933152,-0.47903618036650975,0.0,0.08,0.07999999999253206,0.07999999999253206,0
63,10,0.3806436359882355,0.4315163916913219,0.0,0.07999999999481322,88.671875,99.609375,0.07999999999259033,-0.12544189559089083,0.0,0.08,0.07999999999481322,0.07999999999481322,0
63,19,0.35360145568847656,0.4315163916913219,0.0,0.07999999999253206,91.015625,100.0,0.07999999998933152,-0.19913504487171832,0.0,0.08,0.07999999999253206,0.07999999999253206,0
63,15,0.6813865900039673,0.4315163916913219,0.4568243189713342,0.5813925993205263,50.0,71.42857142857143,0.6396496610962945,0.4568243189713342,0.4568243189713342,0.44545945517706736,0.5813925993205263,0.5813925993205263,0
63,6,0.30161502957344055,0.4315163916913219,0.0,0.07999999999253206,87.109375,100.0,0.07999999998933152,-0.35815401982299383,0.0,0.08,0.07999999999253206,0.07999999999253206,0
63,3,0.3951578736305237,0.4315163916913219,0.0,0.1281329584393652,89.23076923076923,99.48717948717949,0.14876136919909316,-0.08802013023928101,0.0,0.08,0.1281329584393652,0.1281329584393652,0
63,17,0.1279061734676361,0.4315163916913219,0.0,0.07999999999253206,92.578125,100.0,0.07999999998933152,-1.2160084671457447,0.0,0.08,0.07999999999253206,0.07999999999253206,0
63,12,0.47705596685409546,0.4315163916913219,0.10032831522531181,0.2167140163715855,75.0,99.609375,0.24090745816787237,0.10032831522531181,0.10032831522531181,0.16026265218024946,0.2167140163715855,0.2167140163715855,0
64,18,0.24555157124996185,0.4255543404728962,0.0,0.07999999999477245,89.0625,98.828125,0.07999999999253206,-0.54988564095784,0.0,0.08,0.07999999999477245,0.07999999999477245,0
64,13,0.8936814069747925,0.4255543404728962,0.7,0.5427937074924266,76.08695652173913,91.30434782608695,0.5011338678463239,0.7419566817643255,0.7,0.6399999999999999,0.5427937074924266,0.5427937074924266,0
64,16,0.5327874422073364,0.4255543404728962,0.2247298952394174,0.22571392565556347,78.18181818181819,99.0909090909091,0.21111250114014762,0.2247298952394174,0.2247298952394174,0.2597839161915339,0.22571392565556347,0.22571392565556347,0
64,10,0.3180152177810669,0.4255543404728962,0.0,0.07999999999636925,87.890625,100.0,0.07999999999481322,-0.29129340530987685,0.0,0.08,0.07999999999636925,0.07999999999636925,0
64,15,0.9152324795722961,0.4255543404728962,0.7,0.5989748195243684,57.142857142857146,78.57142857142857,0.5813925993205263,0.765785446917619,0.7,0.6399999999999999,0.5989748195243684,0.5989748195243684,0
64,12,0.5133981108665466,0.4255543404728962,0.1876589352085697,0.22073795591016654,78.125,99.609375,0.2167140163715855,0.1876589352085697,0.1876589352085697,0.23012714816685576,0.22073795591016654,0.22073795591016654,0
64,7,0.8575681447982788,0.4255543404728962,0.7,0.6247501024074634,65.625,98.4375,0.6182144320106621,0.700707983648447,0.7,0.6399999999999999,0.6247501024074634,0.6247501024074634,0
64,9,0.279182106256485,0.4255543404728962,0.0,0.07999999999477245,92.578125,99.609375,0.07999999999253206,-0.42152835773345004,0.0,0.08,0.07999999999477245,0.07999999999477245,0
64,6,0.35238561034202576,0.4255543404728962,0.0,0.07999999999477245,87.109375,100.0,0.07999999999253206,-0.18866658474987671,0.0,0.08,0.07999999999477245,0.07999999999477245,0
64,8,1.366784691810608,0.4255543404728962,0.7,0.6399999541079153,41.796875,100.0,0.6399999344398791,1.1668236544258181,0.7,0.6399999999999999,0.6399999541079153,0.6399999541079153,0
64,5,0.4013158082962036,0.4255543404728962,0.0,0.07999999999477245,88.28125,100.0,0.07999999999253206,-0.05864397891831715,0.0,0.08,0.07999999999477245,0.07999999999477245,0
64,11,1.391855239868164,0.4255543404728962,0.7,0.639999895864135,37.5,98.828125,0.6399998512344787,1.1850001752761148,0.7,0.6399999999999999,0.639999895864135,0.639999895864135,0
64,3,0.43609002232551575,0.4255543404728962,0.024456045143541973,0.11956252174200571,90.76923076923077,100.0,0.1281329584393652,0.024456045143541973,0.024456045143541973,0.09956483611483358,0.11956252174200571,0.11956252174200571,0
64,14,0.227590411901474,0.4255543404728962,0.0,0.07999999999477245,91.91919191919192,98.98989898989899,0.07999999999253206,-0.6258450547148201,0.0,0.08,0.07999999999477245,0.07999999999477245,0
64,19,0.3768633008003235,0.4255543404728962,0.0,0.07999999999477245,89.453125,100.0,0.07999999999253206,-0.12151012216563933,0.0,0.08,0.07999999999477245,0.07999999999477245,0
64,4,0.29956308007240295,0.4255543404728962,0.0,0.08032854864250549,89.90825688073394,98.1651376146789,0.08046935520357927,-0.3510676263490181,0.0,0.08,0.08032854864250549,0.08032854864250549,0
64,2,0.3893210291862488,0.4255543404728962,0.0,0.10322190999646666,87.6923076923077,98.46153846153847,0.11317415713780954,-0.0889883762586299,0.0,0.08,0.10322190999646666,0.10322190999646666,0
64,17,0.18410100042819977,0.4255543404728962,0.0,0.07999999999477245,95.703125,100.0,0.07999999999253206,-0.8379080963488236,0.0,0.08,0.07999999999477245,0.07999999999477245,0
64,1,0.24510538578033447,0.4255543404728962,0.0,0.12498805000122465,87.5,95.83333333333333,0.14426864285889238,-0.551704368148138,0.0,0.08,0.12498805000122465,0.12498805000122465,0
64,0,0.3461975157260895,0.4255543404728962,0.0,0.1228107556992987,100.0,100.0,0.1411582224275696,-0.2063831772804471,0.0,0.08,0.1228107556992987,0.1228107556992987,0
65,4,0.3687102198600769,0.4213081229249352,0.0,0.08022998404975384,91.74311926605505,93.57798165137615,0.08032854864250549,-0.1333534225432988,0.0,0.08,0.08022998404975384,0.08022998404975384,0
65,5,0.39689552783966064,0.4213081229249352,0.0,0.0799999999963407,91.796875,100.0,0.07999999999477245,-0.059691355958693876,0.0,0.08,0.0799999999963407,0.0799999999963407,0
65,7,0.8433750867843628,0.4213081229249352,0.6940473405519231,0.6278964334176859,65.625,99.21875,0.6247501024074634,0.6940473405519231,0.6940473405519231,0.6352378724415384,0.6278964334176859,0.6278964334176859,0
65,0,0.056444574147462845,0.4213081229249352,0.0,0.1099675289895091,100.0,100.0,0.1228107556992987,-2.0101051278613813,0.0,0.08,0.1099675289895091,0.1099675289895091,0
65,11,1.2196621894836426,0.4213081229249352,0.7,0.6399999271048944,44.53125,100.0,0.639999895864135,1.062964740564186,0.7,0.6399999999999999,0.6399999271048944,0.6399999271048944,0
65,6,0.26663050055503845,0.4213081229249352,0.0,0.0799999999963407,90.625,99.609375,0.07999999999477245,-0.4575006287653785,0.0,0.08,0.0799999999963407,0.0799999999963407,0
65,17,0.16683942079544067,0.4213081229249352,0.0,0.0799999999963407,96.875,100.0,0.07999999999477245,-0.9263326155103413,0.0,0.08,0.0799999999963407,0.0799999999963407,0
65,8,1.5114080905914307,0.4213081229249352,0.7,0.6399999678755407,35.546875,99.21875,0.6399999541079153,1.2774325390790646,0.7,0.6399999999999999,0.6399999678755407,0.6399999678755407,0
65,19,0.2774733901023865,0.4213081229249352,0.0,0.0799999999963407,86.71875,100.0,0.07999999999477245,-0.4176394000488936,0.0,0.08,0.0799999999963407,0.0799999999963407,0
65,15,1.5151116847991943,0.4213081229249352,0.7,0.6112823736670578,57.142857142857146,85.71428571428571,0.5989748195243684,1.2798799680118518,0.7,0.6399999999999999,0.6112823736670578,0.6112823736670578,0
65,14,0.24439089000225067,0.4213081229249352,0.0,0.0799999999963407,93.93939393939394,100.0,0.07999999999477245,-0.5445954805831642,0.0,0.08,0.0799999999963407,0.0799999999963407,0
65,3,0.43777626752853394,0.4213081229249352,0.03834352483055384,0.11689621117873691,91.7948717948718,97.43589743589743,0.11956252174200571,0.03834352483055384,0.03834352483055384,0.11067481986444308,0.11689621117873691,0.11689621117873691,0
65,10,0.41333621740341187,0.4213081229249352,0.0,0.07999999999745847,91.015625,100.0,0.07999999999636925,-0.019103101465147855,0.0,0.08,0.07999999999745847,0.07999999999745847,0
65,13,0.9717645049095154,0.4213081229249352,0.7,0.5719555952446986,69.56521739130434,89.1304347826087,0.5427937074924266,0.8357490333429921,0.7,0.6399999999999999,0.5719555952446986,0.5719555952446986,0
65,12,0.4997631311416626,0.4213081229249352,0.17076979531177483,0.2195013200119425,78.515625,98.828125,0.22073795591016654,0.17076979531177483,0.17076979531177483,0.21661583624941988,0.2195013200119425,0.2195013200119425,0
65,1,0.557949960231781,0.4213081229249352,0.280904826124809,0.17890879327081138,87.5,100.0,0.12498805000122465,0.280904826124809,0.280904826124809,0.3047238608998472,0.17890879327081138,0.17890879327081138,0
65,18,0.19956910610198975,0.4213081229249352,0.0,0.0799999999963407,91.796875,99.21875,0.07999999999477245,-0.7472038501963986,0.0,0.08,0.0799999999963407,0.0799999999963407,0
65,16,0.5266525745391846,0.4213081229249352,0.22317662562463586,0.23556213810880705,82.27272727272727,99.54545454545455,0.22571392565556347,0.22317662562463586,0.22317662562463586,0.2585413004997087,0.23556213810880705,0.23556213810880705,0
65,9,0.2659001648426056,0.4213081229249352,0.0,0.0799999999963407,94.140625,99.609375,0.07999999999477245,-0.46024351735507063,0.0,0.08,0.0799999999963407,0.0799999999963407,0
65,2,0.3147745728492737,0.4213081229249352,0.0,0.09625533699752667,89.23076923076923,95.38461538461539,0.10322190999646666,-0.2915077005017865,0.0,0.08,0.09625533699752667,0.09625533699752667,0
66,12,0.4722793400287628,0.4196888978945953,0.1180569124587501,0.2059845829984598,82.421875,98.828125,0.2195013200119425,0.1180569124587501,0.1180569124587501,0.17444552996700008,0.2059845829984598,0.2059845829984598,0
66,4,0.39412423968315125,0.4196888978945953,0.0,0.0801609888348277,92.66055045871559,98.1651376146789,0.08022998404975384,-0.06284752722800897,0.0,0.08,0.0801609888348277,0.0801609888348277,0
66,3,0.538931131362915,0.4196888978945953,0.25007406883658045,0.16584512434589516,90.25641025641026,97.94871794871794,0.11689621117873691,0.25007406883658045,0.25007406883658045,0.2800592550692644,0.16584512434589516,0.16584512434589516,0
66,1,0.20770204067230225,0.4196888978945953,0.0,0.14923615528956796,87.5,100.0,0.17890879327081138,-0.7034091372628882,0.0,0.08,0.14923615528956796,0.14923615528956796,0
66,14,0.19373668730258942,0.4196888978945953,0.0,0.07999999999743848,90.9090909090909,100.0,0.0799999999963407,-0.7730137345450161,0.0,0.08,0.07999999999743848,0.07999999999743848,0
66,2,0.130304753780365,0.4196888978945953,0.0,0.09137873589826867,89.23076923076923,98.46153846153847,0.09625533699752667,-1.1696376977805285,0.0,0.08,0.09137873589826867,0.09137873589826867,0
66,0,1.4484978914260864,0.4196888978945953,0.7,0.26897727029265633,83.33333333333333,100.0,0.1099675289895091,1.2387686270793317,0.7,0.6399999999999999,0.26897727029265633,0.26897727029265633,0
66,19,0.33170321583747864,0.4196888978945953,0.0,0.07999999999743848,91.796875,100.0,0.0799999999963407,-0.23527307026645453,0.0,0.08,0.07999999999743848,0.07999999999743848,0
66,16,0.43201544880867004,0.4196888978945953,0.02894763054527682,0.19584092800703137,89.54545454545455,99.0909090909091,0.23556213810880705,0.02894763054527682,0.02894763054527682,0.10315810443622146,0.19584092800703137,0.19584092800703137,0
66,10,0.3436755836009979,0.4196888978945953,0.0,0.07999999999822092,88.671875,100.0,0.07999999999745847,-0.19981557076581433,0.0,0.08,0.07999999999822092,0.07999999999822092,0
66,18,0.24263915419578552,0.4196888978945953,0.0,0.07999999999743848,88.28125,99.609375,0.0799999999963407,-0.5479383225901944,0.0,0.08,0.07999999999743848,0.07999999999743848,0
66,11,1.3456945419311523,0.4196888978945953,0.7,0.639999948973426,44.140625,99.609375,0.6399999271048944,1.1651518128995986,0.7,0.6399999999999999,0.639999948973426,0.639999948973426,0
66,6,0.2087612897157669,0.4196888978945953,0.0,0.07999999999743848,88.671875,99.609375,0.0799999999963407,-0.69832224869702,0.0,0.08,0.07999999999743848,0.07999999999743848,0
66,8,1.5010418891906738,0.4196888978945953,0.7,0.6399999775128784,37.109375,100.0,0.6399999678755407,1.2744010040902745,0.7,0.6399999999999999,0.6399999775128784,0.6399999775128784,0
66,7,0.993546187877655,0.4196888978945953,0.7,0.6315275033923801,64.0625,99.21875,0.6278964334176859,0.8617668197013442,0.7,0.6399999999999999,0.6315275033923801,0.6315275033923801,0
66,13,0.9252766966819763,0.4196888978945953,0.7,0.592368916671289,67.3913043478261,95.65217391304348,0.5719555952446986,0.790579093799244,0.7,0.6399999999999999,0.592368916671289,0.592368916671289,0
66,5,0.34519532322883606,0.4196888978945953,0.0,0.07999999999743848,89.453125,100.0,0.0799999999963407,-0.19540330125584707,0.0,0.08,0.07999999999743848,0.07999999999743848,0
66,15,0.8072437047958374,0.4196888978945953,0.6541118823250778,0.6088845133249592,71.42857142857143,92.85714285714286,0.6112823736670578,0.6541118823250778,0.6541118823250778,0.6032895058600622,0.6088845133249592,0.6088845133249592,0
66,9,0.2270452380180359,0.4196888978945953,0.0,0.07999999999743848,95.3125,100.0,0.0799999999963407,-0.6143644132442683,0.0,0.08,0.07999999999743848,0.07999999999743848,0
66,17,0.1121668666601181,0.4196888978945953,0.0,0.07999999999743848,95.703125,100.0,0.0799999999963407,-1.3195260087674152,0.0,0.08,0.07999999999743848,0.07999999999743848,0
67,19,0.2873755097389221,0.41468598625073516,0.0,0.07999999999820694,94.53125,99.609375,0.07999999999743848,-0.36673180664155614,0.0,0.08,0.07999999999820694,0.07999999999820694,0
67,16,0.5519648790359497,0.41468598625073516,0.2859628391380062,0.22971973099804344,84.0909090909091,99.0909090909091,0.19584092800703137,0.2859628391380062,0.2859628391380062,0.30877027131040496,0.22971973099804344,0.22971973099804344,0
67,7,0.8879842162132263,0.41468598625073516,0.7,0.6340692523746659,65.625,98.4375,0.6315275033923801,0.7614323812638496,0.7,0.6399999999999999,0.6340692523746659,0.6340692523746659,0
67,10,0.36872074007987976,0.41468598625073516,0.0,0.07999999999875465,90.625,100.0,0.07999999999822092,-0.1174820156065454,0.0,0.08,0.07999999999875465,0.07999999999875465,0
67,11,1.3639230728149414,0.41468598625073516,0.7,0.6399999642813982,36.328125,99.21875,0.639999948973426,1.1905988476180862,0.7,0.6399999999999999,0.6399999642813982,0.6399999642813982,0
67,17,0.16598767042160034,0.41468598625073516,0.0,0.07999999999820694,96.484375,100.0,0.07999999999743848,-0.915608027022343,0.0,0.08,0.07999999999820694,0.07999999999820694,0
67,13,0.951921284198761,0.41468598625073516,0.7,0.6066582416699022,71.73913043478261,97.82608695652173,0.592368916671289,0.8309607589155453,0.7,0.6399999999999999,0.6066582416699022,0.6066582416699022,0
67,1,0.6051382422447205,0.41468598625073516,0.377935349734831,0.219169792639057,83.33333333333333,100.0,0.14923615528956796,0.377935349734831,0.377935349734831,0.38234827978786484,0.219169792639057,0.219169792639057,0
67,14,0.24625252187252045,0.41468598625073516,0.0,0.07999999999820694,95.95959595959596,100.0,0.07999999999743848,-0.5211640365819972,0.0,0.08,0.07999999999820694,0.07999999999820694,0
67,9,0.24644511938095093,0.41468598625073516,0.0,0.07999999999820694,90.234375,99.21875,0.07999999999743848,-0.5203822284534563,0.0,0.08,0.07999999999820694,0.07999999999820694,0
67,5,0.3730406165122986,0.41468598625073516,0.0,0.07999999999820694,87.890625,100.0,0.07999999999743848,-0.10583426632097073,0.0,0.08,0.07999999999820694,0.07999999999820694,0
67,8,1.490415334701538,0.41468598625073516,0.7,0.6399999842590148,29.296875,100.0,0.6399999775128784,1.279288516630684,0.7,0.6399999999999999,0.6399999842590148,0.6399999842590148,0
67,2,0.39080125093460083,0.41468598625073516,0.0,0.08796511512878807,87.6923076923077,100.0,0.09137873589826867,-0.05932245158665061,0.0,0.08,0.08796511512878807,0.08796511512878807,0
67,18,0.29855865240097046,0.41468598625073516,0.0,0.07999999999820694,91.40625,99.609375,0.07999999999743848,-0.32855516081645425,0.0,0.08,0.07999999999820694,0.07999999999820694,0
67,12,0.48072123527526855,0.41468598625073516,0.1477659721629788,0.20365304141803675,78.515625,98.4375,0.2059845829984598,0.1477659721629788,0.1477659721629788,0.19821277773038304,0.20365304141803675,0.20365304141803675,0
67,15,1.5705853700637817,0.41468598625073516,0.7,0.6182191593274714,57.142857142857146,85.71428571428571,0.6088845133249592,1.3316820840963963,0.7,0.6399999999999999,0.6182191593274714,0.6182191593274714,0
67,6,0.22681033611297607,0.41468598625073516,0.0,0.07999999999820694,92.1875,100.0,0.07999999999743848,-0.6034074097019388,0.0,0.08,0.07999999999820694,0.07999999999820694,0
67,3,0.46243658661842346,0.41468598625073516,0.10898786086525135,0.16624867364978693,92.3076923076923,100.0,0.16584512434589516,0.10898786086525135,0.10898786086525135,0.1671902886922011,0.16624867364978693,0.16624867364978693,0
67,0,0.11205819249153137,0.41468598625073516,0.0,0.21228408920485942,100.0,100.0,0.26897727029265633,-1.308503196878254,0.0,0.08,0.21228408920485942,0.21228408920485942,0
67,4,0.21577897667884827,0.41468598625073516,0.0,0.08011269218437939,88.9908256880734,99.08256880733946,0.0801609888348277,-0.6532669242696683,0.0,0.08,0.08011269218437939,0.08011269218437939,0
68,17,0.16433444619178772,0.4114094809980066,0.0,0.07999999999874485,95.3125,100.0,0.07999999999820694,-0.9176853287914605,0.0,0.08,0.07999999999874485,0.07999999999874485,0
68,11,1.1416205167770386,0.4114094809980066,0.7,0.6399999749969787,47.65625,99.609375,0.6399999642813982,1.0206149997568994,0.7,0.6399999999999999,0.6399999749969787,0.6399999749969787,0
68,18,0.21116775274276733,0.4114094809980066,0.0,0.07999999999874485,91.796875,99.21875,0.07999999999820694,-0.6669361452996677,0.0,0.08,0.07999999999874485,0.07999999999874485,0
68,3,0.4302678108215332,0.4114094809980066,0.04481880697090499,0.15113058522786804,90.25641025641026,99.48717948717949,0.16624867364978693,0.04481880697090499,0.04481880697090499,0.11585504557672399,0.15113058522786804,0.15113058522786804,0
68,9,0.2920132577419281,0.4114094809980066,0.0,0.07999999999874485,91.015625,100.0,0.07999999999820694,-0.342789808244377,0.0,0.08,0.07999999999874485,0.07999999999874485,0
68,10,0.3366090655326843,0.4114094809980066,0.0,0.07999999999912825,91.796875,100.0,0.07999999999875465,-0.2006668031926792,0.0,0.08,0.07999999999912825,0.07999999999912825,0
68,14,0.22511854767799377,0.4114094809980066,0.0,0.07999999999874485,89.8989898989899,100.0,0.07999999999820694,-0.6029618605102225,0.0,0.08,0.07999999999874485,0.07999999999874485,0
68,16,0.4825212061405182,0.4114094809980066,0.15943584413525327,0.2230684142910912,80.9090909090909,99.0909090909091,0.22971973099804344,0.15943584413525327,0.15943584413525327,0.20754867530820265,0.2230684142910912,0.2230684142910912,0
68,5,0.4016629457473755,0.4114094809980066,0.0,0.07999999999874485,89.0625,100.0,0.07999999999820694,-0.02397572854201135,0.0,0.08,0.07999999999874485,0.07999999999874485,0
68,8,1.625986933708191,0.4114094809980066,0.7,0.6399999889813103,36.71875,100.0,0.6399999842590148,1.3742812134229936,0.7,0.6399999999999999,0.6399999889813103,0.6399999889813103,0
68,12,0.5146426558494568,0.4114094809980066,0.22388376016426673,0.22028923143204973,80.46875,98.828125,0.20365304141803675,0.22388376016426673,0.22388376016426673,0.2591070081314134,0.22028923143204973,0.22028923143204973,0
68,15,0.8127736449241638,0.4114094809980066,0.6808636166052086,0.6201606795144801,50.0,92.85714285714286,0.6182191593274714,0.6808636166052086,0.6808636166052086,0.6246908932841668,0.6201606795144801,0.6201606795144801,0
68,19,0.34680670499801636,0.4114094809980066,0.0,0.07999999999874485,88.671875,100.0,0.07999999999820694,-0.17082143949445494,0.0,0.08,0.07999999999874485,0.07999999999874485,0
68,4,0.390178918838501,0.4114094809980066,0.0,0.08007888452906556,85.3211009174312,99.08256880733946,0.08011269218437939,-0.052983621148301616,0.0,0.08,0.08007888452906556,0.08007888452906556,0
68,1,0.28895115852355957,0.4114094809980066,0.0,0.17741885484733988,91.66666666666667,100.0,0.219169792639057,-0.3533313401633787,0.0,0.08,0.17741885484733988,0.17741885484733988,0
68,6,0.3181132972240448,0.4114094809980066,0.0,0.07999999999874485,84.765625,100.0,0.07999999999820694,-0.2571814156113444,0.0,0.08,0.07999999999874485,0.07999999999874485,0
68,7,0.9201385974884033,0.4114094809980066,0.7,0.6358484766622661,64.84375,99.609375,0.6340692523746659,0.8049352720556782,0.7,0.6399999999999999,0.6358484766622661,0.6358484766622661,0
68,0,0.509005606174469,0.4114094809980066,0.2128700032784764,0.22368766323023592,66.66666666666667,66.66666666666667,0.21228408920485942,0.2128700032784764,0.2128700032784764,0.2502960026227811,0.22368766323023592,0.22368766323023592,0
68,2,0.23879940807819366,0.4114094809980066,0.0,0.08557558059015165,87.6923076923077,95.38461538461539,0.08796511512878807,-0.5439651022957722,0.0,0.08,0.08557558059015165,0.08557558059015165,0
68,13,1.054631233215332,0.4114094809980066,0.7,0.6166607691689315,58.69565217391305,95.65217391304348,0.6066582416699022,0.9413574053593651,0.7,0.6399999999999999,0.6166607691689315,0.6166607691689315,0
69,17,0.12116673588752747,0.40986062612749974,0.0,0.07999999999912139,93.75,100.0,0.07999999999874485,-1.2186495279085339,0.0,0.08,0.07999999999912139,0.07999999999912139,0
69,18,0.2563646733760834,0.40986062612749974,0.0,0.07999999999912139,88.671875,98.828125,0.07999999999874485,-0.46921621481451325,0.0,0.08,0.07999999999912139,0.07999999999912139,0
69,5,0.30661988258361816,0.40986062612749974,0.0,0.07999999999912139,89.84375,100.0,0.07999999999874485,-0.29020834447294125,0.0,0.08,0.07999999999912139,0.07999999999912139,0
69,7,0.9482645988464355,0.40986062612749974,0.7,0.6370939336635862,66.40625,99.609375,0.6358484766622661,0.8388163965320394,0.7,0.6399999999999999,0.6370939336635862,0.6370939336635862,0
69,3,0.3974234461784363,0.40986062612749974,0.0,0.1297914096595076,88.71794871794872,99.48717948717949,0.15113058522786804,-0.03081483755244625,0.0,0.08,0.1297914096595076,0.1297914096595076,0
69,4,0.3235301077365875,0.40986062612749974,0.0,0.08005521917034589,94.4954128440367,98.1651376146789,0.08007888452906556,-0.23652498077419526,0.0,0.08,0.08005521917034589,0.08005521917034589,0
69,1,0.45369574427604675,0.40986062612749974,0.10160963859648975,0.17257951165629543,87.5,100.0,0.17741885484733988,0.10160963859648975,0.10160963859648975,0.1612877108771918,0.17257951165629543,0.17257951165629543,0
69,10,0.3694002330303192,0.40986062612749974,0.0,0.07999999999938978,86.71875,100.0,0.07999999999912825,-0.10393646436056986,0.0,0.08,0.07999999999938978,0.07999999999938978,0
69,9,0.2250531017780304,0.40986062612749974,0.0,0.07999999999912139,94.921875,99.21875,0.07999999999874485,-0.5994807633358172,0.0,0.08,0.07999999999912139,0.07999999999912139,0
69,19,0.39478838443756104,0.40986062612749974,0.0,0.07999999999912139,87.890625,99.609375,0.07999999999874485,-0.03746727895862348,0.0,0.08,0.07999999999912139,0.07999999999912139,0
69,13,0.5989030599594116,0.40986062612749974,0.3792825752228914,0.546690356471746,56.52173913043478,93.47826086956522,0.6166607691689315,0.3792825752228914,0.3792825752228914,0.38342606017831316,0.546690356471746,0.546690356471746,0
69,15,0.7624291777610779,0.40986062612749974,0.6206924456278903,0.6070786626108297,50.0,92.85714285714286,0.6201606795144801,0.6206924456278903,0.6206924456278903,0.5765539565023122,0.6070786626108297,0.6070786626108297,0
69,12,0.44553545117378235,0.40986062612749974,0.08345965230634525,0.19823277855595767,75.390625,99.21875,0.22028923143204973,0.08345965230634525,0.08345965230634525,0.1467677218450762,0.19823277855595767,0.19823277855595767,0
69,0,0.1060883179306984,0.40986062612749974,0.0,0.18058136426116514,83.33333333333333,66.66666666666667,0.22368766323023592,-1.3515451605409259,0.0,0.08,0.18058136426116514,0.18058136426116514,0
69,8,1.5117676258087158,0.40986062612749974,0.7,0.6399999922869172,37.890625,100.0,0.6399999889813103,1.3052176748777358,0.7,0.6399999999999999,0.6399999922869172,0.6399999922869172,0
69,6,0.27014127373695374,0.40986062612749974,0.0,0.07999999999912139,92.578125,100.0,0.07999999999874485,-0.4168720947924913,0.0,0.08,0.07999999999912139,0.07999999999912139,0
69,16,0.4507392644882202,0.40986062612749974,0.0950718769566573,0.2029651404733616,81.81818181818181,100.0,0.2230684142910912,0.0950718769566573,0.0950718769566573,0.15605750156532583,0.2029651404733616,0.2029651404733616,0
69,2,0.37240999937057495,0.40986062612749974,0.0,0.08390290641310616,96.92307692307692,100.0,0.08557558059015165,-0.09582176698030002,0.0,0.08,0.08390290641310616,0.08390290641310616,0
69,14,0.25681230425834656,0.40986062612749974,0.0,0.07999999999912139,91.91919191919192,97.97979797979798,0.07999999999874485,-0.46747166664553835,0.0,0.08,0.07999999999912139,0.07999999999912139,0
69,11,1.2644989490509033,0.40986062612749974,0.7,0.639999982497885,39.84375,99.21875,0.6399999749969787,1.1266140528685726,0.7,0.6399999999999999,0.639999982497885,0.639999982497885,0
70,10,0.3626658618450165,0.4072344827051566,0.0,0.07999999999957284,91.015625,100.0,0.07999999999938978,-0.11590722154355196,0.0,0.08,0.07999999999957284,0.07999999999957284,0
70,18,0.26272839307785034,0.4072344827051566,0.0,0.07999999999938497,85.9375,98.4375,0.07999999999912139,-0.43826835801382086,0.0,0.08,0.07999999999938497,0.07999999999938497,0
70,11,1.2885860204696655,0.4072344827051566,0.7,0.6399999877485195,40.234375,100.0,0.639999982497885,1.1519116271021104,0.7,0.6399999999999999,0.6399999877485195,0.6399999877485195,0
70,16,0.5653802156448364,0.4072344827051566,0.32810930186449516,0.24482183077883196,85.45454545454545,97.72727272727273,0.2029651404733616,0.32810930186449516,0.32810930186449516,0.34248744149159616,0.24482183077883196,0.24482183077883196,0
70,5,0.2874301075935364,0.4072344827051566,0.0,0.07999999999938497,90.234375,100.0,0.07999999999912139,-0.34840940723369773,0.0,0.08,0.07999999999938497,0.07999999999938497,0
70,1,0.46285393834114075,0.4072344827051566,0.1280223892900275,0.1755310315890134,83.33333333333333,95.83333333333333,0.17257951165629543,0.1280223892900275,0.1280223892900275,0.18241791143202202,0.1755310315890134,0.1755310315890134,0
70,17,0.10973033308982849,0.4072344827051566,0.0,0.07999999999938497,97.265625,100.0,0.07999999999912139,-1.3113632390142924,0.0,0.08,0.07999999999938497,0.07999999999938497,0
70,14,0.31159693002700806,0.4072344827051566,0.0,0.07999999999938497,92.92929292929293,100.0,0.07999999999912139,-0.267678674932477,0.0,0.08,0.07999999999938497,0.07999999999938497,0
70,19,0.243147611618042,0.4072344827051566,0.0,0.07999999999938497,85.9375,100.0,0.07999999999912139,-0.5157204134252439,0.0,0.08,0.07999999999938497,0.07999999999938497,0
70,9,0.2629771828651428,0.4072344827051566,0.0,0.07999999999938497,91.40625,99.609375,0.07999999999912139,-0.4373218594116153,0.0,0.08,0.07999999999938497,0.07999999999938497,0
70,4,0.3602740168571472,0.4072344827051566,0.0,0.08003865341924211,91.74311926605505,94.4954128440367,0.08005521917034589,-0.12252424107557867,0.0,0.08,0.08003865341924211,0.08003865341924211,0
70,13,0.9310202598571777,0.4072344827051566,0.7,0.5746832495302222,67.3913043478261,100.0,0.546690356471746,0.826891880489399,0.7,0.6399999999999999,0.5746832495302222,0.5746832495302222,0
70,8,1.5001308917999268,0.4072344827051566,0.7,0.639999994600842,38.28125,100.0,0.6399999922869172,1.3039184824641867,0.7,0.6399999999999999,0.639999994600842,0.639999994600842,0
70,12,0.45060065388679504,0.4072344827051566,0.10119233265148113,0.18704910482552584,80.46875,99.609375,0.19823277855595767,0.10119233265148113,0.10119233265148113,0.1609538661211849,0.18704910482552584,0.18704910482552584,0
70,3,0.46537408232688904,0.4072344827051566,0.1334524130935933,0.14688256590411772,93.84615384615384,98.46153846153847,0.1297914096595076,0.1334524130935933,0.1334524130935933,0.18676193047487466,0.14688256590411772,0.14688256590411772,0
70,6,0.23635557293891907,0.4072344827051566,0.0,0.07999999999938497,90.625,100.0,0.07999999999912139,-0.5440517902358771,0.0,0.08,0.07999999999938497,0.07999999999938497,0
70,7,0.8789945244789124,0.4072344827051566,0.7,0.6379657535645104,59.765625,99.609375,0.6370939336635862,0.7693895110955357,0.7,0.6399999999999999,0.6379657535645104,0.6379657535645104,0
70,2,0.2604418396949768,0.4072344827051566,0.0,0.08273203448917431,84.61538461538461,100.0,0.08390290641310616,-0.4470095581493184,0.0,0.08,0.08273203448917431,0.08273203448917431,0
70,0,0.059438567608594894,0.4072344827051566,0.0,0.1504069549828156,100.0,83.33333333333333,0.18058136426116514,-1.9244456984307952,0.0,0.08,0.1504069549828156,0.1504069549828156,0
70,15,1.0650311708450317,0.4072344827051566,0.7,0.6169550638275807,57.142857142857146,85.71428571428571,0.6070786626108297,0.9613701868185878,0.7,0.6399999999999999,0.6169550638275807,0.6169550638275807,0
71,16,0.4563213288784027,0.4026580283697491,0.12510959015204384,0.2254015831816729,85.45454545454545,99.54545454545455,0.24482183077883196,0.12510959015204384,0.12510959015204384,0.18008767212163507,0.2254015831816729,0.2254015831816729,0
71,11,1.3197331428527832,0.4026580283697491,0.7,0.6399999914239636,41.40625,100.0,0.6399999877485195,1.1870971765068663,0.7,0.6399999999999999,0.6399999914239636,0.6399999914239636,0
71,1,0.34566497802734375,0.4026580283697491,0.0,0.14687172211230937,83.33333333333333,91.66666666666667,0.1755310315890134,-0.15261759839494074,0.0,0.08,0.14687172211230937,0.14687172211230937,0
71,15,0.6809194684028625,0.4026580283697491,0.5253563972204659,0.5819540800122183,71.42857142857143,92.85714285714286,0.6169550638275807,0.5253563972204659,0.5253563972204659,0.5002851177763727,0.5819540800122183,0.5819540800122183,0
71,2,0.2666759192943573,0.4026580283697491,0.0,0.081912424142422,84.61538461538461,100.0,0.08273203448917431,-0.41205348845695766,0.0,0.08,0.081912424142422,0.081912424142422,0
71,14,0.20799174904823303,0.4026580283697491,0.0,0.07999999999956947,94.94949494949495,100.0,0.07999999999938497,-0.6605892027513658,0.0,0.08,0.07999999999956947,0.07999999999956947,0
71,7,0.8848149180412292,0.4026580283697491,0.7,0.6385760274951572,63.671875,98.828125,0.6379657535645104,0.787290840574372,0.7,0.6399999999999999,0.6385760274951572,0.6385760274951572,0
71,5,0.35403895378112793,0.4026580283697491,0.0,0.07999999999956947,84.765625,100.0,0.07999999999938497,-0.12868068745221964,0.0,0.08,0.07999999999956947,0.07999999999956947,0
71,18,0.23287467658519745,0.4026580283697491,0.0,0.07999999999956947,91.40625,98.828125,0.07999999999938497,-0.5475871786364578,0.0,0.08,0.07999999999956947,0.07999999999956947,0
71,13,0.6175600290298462,0.4026580283697491,0.4276886312664375,0.5289235461751005,67.3913043478261,97.82608695652173,0.5746832495302222,0.4276886312664375,0.4276886312664375,0.42215090501315006,0.5289235461751005,0.5289235461751005,0
71,3,0.4385126829147339,0.4026580283697491,0.08530109589969029,0.14729005914880808,90.25641025641026,99.48717948717949,0.14688256590411772,0.08530109589969029,0.08530109589969029,0.14824087671975222,0.14729005914880808,0.14729005914880808,0
71,12,0.4766368567943573,0.4026580283697491,0.1686672537095515,0.19541451426816045,82.8125,98.4375,0.18704910482552584,0.1686672537095515,0.1686672537095515,0.2149338029676412,0.19541451426816045,0.19541451426816045,0
71,6,0.22066673636436462,0.4026580283697491,0.0,0.07999999999956947,90.625,99.609375,0.07999999999938497,-0.6014340332707253,0.0,0.08,0.07999999999956947,0.07999999999956947,0
71,19,0.3237452507019043,0.4026580283697491,0.0,0.07999999999956947,90.625,99.609375,0.07999999999938497,-0.21813068755937115,0.0,0.08,0.07999999999956947,0.07999999999956947,0
71,8,1.2768945693969727,0.4026580283697491,0.7,0.6399999962205893,37.890625,99.21875,0.639999994600842,1.154098637586968,0.7,0.6399999999999999,0.6399999962205893,0.6399999962205893,0
71,9,0.27375686168670654,0.4026580283697491,0.0,0.07999999999956947,93.75,100.0,0.07999999999938497,-0.3858472788398188,0.0,0.08,0.07999999999956947,0.07999999999956947,0
71,10,0.3293088376522064,0.4026580283697491,0.0,0.07999999999970098,89.0625,99.609375,0.07999999999957284,-0.20109160462584838,0.0,0.08,0.07999999999970098,0.07999999999970098,0
71,0,0.2494550496339798,0.4026580283697491,0.0,0.1292848684879709,100.0,83.33333333333333,0.1504069549828156,-0.4788088844471596,0.0,0.08,0.1292848684879709,0.1292848684879709,0
71,4,0.36747655272483826,0.4026580283697491,0.0,0.08002705739346948,89.90825688073394,99.08256880733946,0.08003865341924211,-0.09142811998658744,0.0,0.08,0.08002705739346948,0.08002705739346948,0
71,17,0.15529793500900269,0.4026580283697491,0.0,0.07999999999956947,95.3125,100.0,0.07999999999938497,-0.9527421640356282,0.0,0.08,0.07999999999956947,0.07999999999956947,0
72,17,0.08098755776882172,0.3973774221231978,0.0,0.07999999999969862,94.921875,100.0,0.07999999999956947,-1.590590881128861,0.0,0.08,0.07999999999969862,0.07999999999969862,0
72,1,0.42676639556884766,0.3973774221231978,0.07135026429337563,0.1439342689090267,95.83333333333333,95.83333333333333,0.14687172211230937,0.07135026429337563,0.07135026429337563,0.1370802114347005,0.1439342689090267,0.1439342689090267,0
72,2,0.2710026204586029,0.3973774221231978,0.0,0.08133869689969539,84.61538461538461,98.46153846153847,0.081912424142422,-0.3827580123639364,0.0,0.08,0.08133869689969539,0.08133869689969539,0
72,4,0.3174166977405548,0.3973774221231978,0.0,0.08001894017542863,88.9908256880734,99.08256880733946,0.08002705739346948,-0.2246710935947037,0.0,0.08,0.08001894017542863,0.08001894017542863,0
72,19,0.29981568455696106,0.3973774221231978,0.0,0.07999999999969862,90.234375,100.0,0.07999999999956947,-0.28171860529762993,0.0,0.08,0.07999999999969862,0.07999999999969862,0
72,7,0.9265357255935669,0.3973774221231978,0.7,0.63900321924661,63.671875,99.21875,0.6385760274951572,0.8465660758230767,0.7,0.6399999999999999,0.63900321924661,0.63900321924661,0
72,14,0.23411627113819122,0.3973774221231978,0.0,0.07999999999969862,91.91919191919192,100.0,0.07999999999956947,-0.529068619814951,0.0,0.08,0.07999999999969862,0.07999999999969862,0
72,3,0.4266231060028076,0.3973774221231978,0.07101445148160648,0.1441465097597512,91.28205128205128,98.46153846153847,0.14729005914880808,0.07101445148160648,0.07101445148160648,0.1368115611852852,0.1441465097597512,0.1441465097597512,0
72,0,0.14272572100162506,0.3973774221231978,0.0,0.11449940794157965,100.0,100.0,0.1292848684879709,-1.0239617160996393,0.0,0.08,0.11449940794157965,0.11449940794157965,0
72,16,0.505546510219574,0.3973774221231978,0.24075352267007938,0.23956195366799005,86.36363636363636,99.0909090909091,0.2254015831816729,0.24075352267007938,0.24075352267007938,0.2726028181360635,0.23956195366799005,0.23956195366799005,0
72,13,0.8292536735534668,0.3973774221231978,0.7,0.5622464823225704,67.3913043478261,86.95652173913044,0.5289235461751005,0.7356395801615645,0.7,0.6399999999999999,0.5622464823225704,0.5622464823225704,0
72,11,1.2097856998443604,0.3973774221231978,0.7,0.6399999939967744,46.09375,99.609375,0.6399999914239636,1.1133119839188328,0.7,0.6399999999999999,0.6399999939967744,0.6399999939967744,0
72,10,0.31964969635009766,0.3973774221231978,0.0,0.07999999999979068,92.578125,100.0,0.07999999999970098,-0.21766081113425545,0.0,0.08,0.07999999999979068,0.07999999999979068,0
72,6,0.24211779236793518,0.3973774221231978,0.0,0.07999999999969862,89.84375,100.0,0.07999999999956947,-0.49546214532697547,0.0,0.08,0.07999999999969862,0.07999999999969862,0
72,8,1.516237497329712,0.3973774221231978,0.7,0.6399999973544125,37.109375,99.609375,0.6399999962205893,1.3391006813495,0.7,0.6399999999999999,0.6399999973544125,0.6399999973544125,0
72,12,0.5541814565658569,0.3973774221231978,0.33260565040445084,0.2406155160847805,77.34375,99.609375,0.19541451426816045,0.33260565040445084,0.33260565040445084,0.3460845203235607,0.2406155160847805,0.2406155160847805,0
72,18,0.18532916903495789,0.3973774221231978,0.0,0.07999999999969862,91.40625,99.21875,0.07999999999956947,-0.762752949633597,0.0,0.08,0.07999999999969862,0.07999999999969862,0
72,15,1.178782343864441,0.3973774221231978,0.7,0.5993678560085527,64.28571428571429,100.0,0.5819540800122183,1.0873507414901893,0.7,0.6399999999999999,0.5993678560085527,0.5993678560085527,0
72,9,0.3422606885433197,0.3973774221231978,0.0,0.07999999999969862,92.96875,99.609375,0.07999999999956947,-0.1493138165659065,0.0,0.08,0.07999999999969862,0.07999999999969862,0
72,5,0.3976558446884155,0.3973774221231978,0.0007004048288755339,0.08016809715862876,87.890625,100.0,0.07999999999956947,0.0007004048288755339,0.0007004048288755339,0.08056032386310043,0.08016809715862876,0.08016809715862876,0
73,7,0.8673068881034851,0.39463550657246477,0.7,0.6393022534726269,66.40625,98.046875,0.63900321924661,0.7874302951394132,0.7,0.6399999999999999,0.6393022534726269,0.6393022534726269,0
73,14,0.2502475380897522,0.39463550657246477,0.0,0.07999999999978903,93.93939393939394,100.0,0.07999999999969862,-0.4555119757531592,0.0,0.08,0.07999999999978903,0.07999999999978903,0
73,5,0.3703577220439911,0.39463550657246477,0.0,0.08011766801104012,89.453125,100.0,0.08016809715862876,-0.0634932141489316,0.0,0.08,0.08011766801104012,0.08011766801104012,0
73,16,0.5075389742851257,0.39463550657246477,0.2516109282337486,0.25207999034369266,87.27272727272727,99.54545454545455,0.23956195366799005,0.2516109282337486,0.2516109282337486,0.2812887425869989,0.25207999034369266,0.25207999034369266,0
73,1,0.8031408190727234,0.39463550657246477,0.7,0.29275398823631865,87.5,100.0,0.1439342689090267,0.7105674811832668,0.7,0.6399999999999999,0.29275398823631865,0.29275398823631865,0
73,11,1.3407831192016602,0.39463550657246477,0.7,0.639999995797742,35.15625,100.0,0.6399999939967744,1.2230465509553212,0.7,0.6399999999999999,0.639999995797742,0.639999995797742,0
73,10,0.366343230009079,0.39463550657246477,0.0,0.07999999999985347,92.1875,100.0,0.07999999999979068,-0.07439188789654554,0.0,0.08,0.07999999999985347,0.07999999999985347,0
73,12,0.42943912744522095,0.39463550657246477,0.08451742972676116,0.212715044393769,76.953125,100.0,0.2406155160847805,0.08451742972676116,0.08451742972676116,0.14761394378140894,0.212715044393769,0.212715044393769,0
73,8,1.4578368663787842,0.39463550657246477,0.7,0.6399999981480887,39.84375,100.0,0.6399999973544125,1.3067464284816481,0.7,0.6399999999999999,0.6399999981480887,0.6399999981480887,0
73,19,0.25702354311943054,0.39463550657246477,0.0,0.07999999999978903,88.671875,100.0,0.07999999999969862,-0.4287948689822879,0.0,0.08,0.07999999999978903,0.07999999999978903,0
73,2,0.2783741354942322,0.39463550657246477,0.0,0.08093708782978677,90.76923076923077,100.0,0.08133869689969539,-0.3489965401056004,0.0,0.08,0.08093708782978677,0.08093708782978677,0
73,17,0.19273655116558075,0.39463550657246477,0.0,0.07999999999978903,95.3125,100.0,0.07999999999969862,-0.716638307623913,0.0,0.08,0.07999999999978903,0.07999999999978903,0
73,4,0.2658437192440033,0.39463550657246477,0.0,0.08001325812280004,89.90825688073394,95.41284403669725,0.08001894017542863,-0.39505394395711224,0.0,0.08,0.08001325812280004,0.08001325812280004,0
73,6,0.2876124382019043,0.39463550657246477,0.0,0.07999999999978903,91.015625,100.0,0.07999999999969862,-0.3163486881085239,0.0,0.08,0.07999999999978903,0.07999999999978903,0
73,3,0.35438546538352966,0.39463550657246477,0.0,0.12490255683182586,91.7948717948718,98.97435897435898,0.1441465097597512,-0.10757736184705552,0.0,0.08,0.12490255683182586,0.12490255683182586,0
73,0,0.1154646947979927,0.39463550657246477,0.0,0.10414958555910575,83.33333333333333,100.0,0.11449940794157965,-1.2289976989610256,0.0,0.08,0.10414958555910575,0.10414958555910575,0
73,9,0.2046898901462555,0.39463550657246477,0.0,0.07999999999978903,93.359375,99.609375,0.07999999999969862,-0.6564664443911485,0.0,0.08,0.07999999999978903,0.07999999999978903,0
73,15,1.6281263828277588,0.39463550657246477,0.7,0.6115574992059868,64.28571428571429,100.0,0.5993678560085527,1.4172225843636452,0.7,0.6399999999999999,0.6115574992059868,0.6115574992059868,0
73,13,0.8305950164794922,0.39463550657246477,0.7,0.5855725376257992,63.04347826086956,93.47826086956522,0.5622464823225704,0.7441797472565779,0.7,0.6399999999999999,0.5855725376257992,0.5855725376257992,0
73,18,0.27372756600379944,0.39463550657246477,0.0,0.07999999999978903,88.28125,100.0,0.07999999999969862,-0.36582923242314985,0.0,0.08,0.07999999999978903,0.07999999999978903,0
74,13,0.615749180316925,0.3912083906848487,0.4535993099721702,0.5427646107313803,65.21739130434783,93.47826086956522,0.5855725376257992,0.4535993099721702,0.4535993099721702,0.4428794479777362,0.5427646107313803,0.5427646107313803,0
74,0,0.691204309463501,0.3912083906848487,0.5691950546207648,0.23351152300035755,83.33333333333333,83.33333333333333,0.10414958555910575,0.5691950546207648,0.5691950546207648,0.5353560436966118,0.23351152300035755,0.23351152300035755,0
74,6,0.2572406530380249,0.3912083906848487,0.0,0.07999999999985233,88.671875,99.609375,0.07999999999978903,-0.41922833330254633,0.0,0.08,0.07999999999985233,0.07999999999985233,0
74,10,0.2717300057411194,0.3912083906848487,0.0,0.07999999999989743,89.453125,100.0,0.07999999999985347,-0.36443142790730104,0.0,0.08,0.07999999999989743,0.07999999999989743,0
74,5,0.38494637608528137,0.3912083906848487,0.0,0.08008236760772808,89.0625,100.0,0.08011766801104012,-0.016136344404078178,0.0,0.08,0.08008236760772808,0.08008236760772808,0
74,15,1.406464695930481,0.3912083906848487,0.7,0.6200902494441907,42.857142857142854,92.85714285714286,0.6115574992059868,1.2795941219977764,0.7,0.6399999999999999,0.6200902494441907,0.6200902494441907,0
74,16,0.4234778881072998,0.3912083906848487,0.07926091200822147,0.219478612122558,86.81818181818181,98.63636363636364,0.25207999034369266,0.07926091200822147,0.07926091200822147,0.1434087296065772,0.219478612122558,0.219478612122558,0
74,3,0.4491720199584961,0.3912083906848487,0.1381655425087808,0.1445915199843855,91.7948717948718,99.48717948717949,0.12490255683182586,0.1381655425087808,0.1381655425087808,0.19053243400702463,0.1445915199843855,0.1445915199843855,0
74,12,0.39400047063827515,0.3912083906848487,0.007111717117919102,0.1746073431839389,80.859375,99.21875,0.212715044393769,0.007111717117919102,0.007111717117919102,0.08568937369433528,0.1746073431839389,0.1746073431839389,0
74,7,0.824039101600647,0.3912083906848487,0.7,0.6395115774308388,65.234375,99.609375,0.6393022534726269,0.7449775822444148,0.7,0.6399999999999999,0.6395115774308388,0.6395115774308388,0
74,4,0.38672196865081787,0.3912083906848487,0.0,0.08000928068596003,88.9908256880734,97.24770642201835,0.08001325812280004,-0.011534378636618603,0.0,0.08,0.08000928068596003,0.08000928068596003,0
74,8,1.5735901594161987,0.3912083906848487,0.7,0.6399999987036621,45.3125,99.21875,0.6399999981480887,1.391874607788396,0.7,0.6399999999999999,0.6399999987036621,0.6399999987036621,0
74,2,0.3758963942527771,0.3912083906848487,0.0,0.08065596148085075,86.15384615384616,100.0,0.08093708782978677,-0.03992682725056651,0.0,0.08,0.08065596148085075,0.08065596148085075,0
74,9,0.2204720824956894,0.3912083906848487,0.0,0.07999999999985233,96.484375,100.0,0.07999999999978903,-0.5734692898418495,0.0,0.08,0.07999999999985233,0.07999999999985233,0
74,1,0.18642260134220123,0.3912083906848487,0.0,0.22892779176542305,75.0,95.83333333333333,0.29275398823631865,-0.7412242116948822,0.0,0.08,0.22892779176542305,0.22892779176542305,0
74,11,1.1795936822891235,0.3912083906848487,0.7,0.6399999970584194,45.703125,99.609375,0.639999995797742,1.103684917523108,0.7,0.6399999999999999,0.6399999970584194,0.6399999970584194,0
74,19,0.27869945764541626,0.3912083906848487,0.0,0.07999999999985233,89.453125,99.21875,0.07999999999978903,-0.3391063877221454,0.0,0.08,0.07999999999985233,0.07999999999985233,0
74,18,0.25911810994148254,0.3912083906848487,0.0,0.07999999999985233,86.71875,99.21875,0.07999999999978903,-0.411956392788167,0.0,0.08,0.07999999999985233,0.07999999999985233,0
74,14,0.17210553586483002,0.3912083906848487,0.0,0.07999999999985233,93.93939393939394,100.0,0.07999999999978903,-0.8211324847101753,0.0,0.08,0.07999999999985233,0.07999999999985233,0
74,17,0.11736510694026947,0.3912083906848487,0.0,0.07999999999985233,96.09375,100.0,0.07999999999978903,-1.2039506788119014,0.0,0.08,0.07999999999985233,0.07999999999985233,0
75,10,0.28676220774650574,0.3906709688531688,0.0,0.0799999999999282,91.015625,100.0,0.07999999999989743,-0.30921235666618435,0.0,0.08,0.0799999999999282,0.0799999999999282,0
75,1,0.4062637984752655,0.3906709688531688,0.03913700373127188,0.19364233513130136,91.66666666666667,100.0,0.22892779176542305,0.03913700373127188,0.03913700373127188,0.1113096029850175,0.19364233513130136,0.19364233513130136,0
75,6,0.2258853316307068,0.3906709688531688,0.0,0.07999999999989663,91.015625,100.0,0.07999999999985233,-0.5478381868123531,0.0,0.08,0.07999999999989663,0.07999999999989663,0
75,12,0.4618351459503174,0.3906709688531688,0.16734230268125144,0.18638729287225758,85.15625,99.609375,0.1746073431839389,0.16734230268125144,0.16734230268125144,0.21387384214500116,0.18638729287225758,0.18638729287225758,0
75,18,0.26284393668174744,0.3906709688531688,0.0,0.07999999999989663,89.84375,98.4375,0.07999999999985233,-0.39630522198165147,0.0,0.08,0.07999999999989663,0.07999999999989663,0
75,8,1.3758021593093872,0.3906709688531688,0.7,0.6399999990925634,43.359375,100.0,0.6399999987036621,1.2589265164248495,0.7,0.6399999999999999,0.6399999990925634,0.6399999990925634,0
75,4,0.3942309319972992,0.3906709688531688,0.00907116535404124,0.08218357616514191,96.3302752293578,98.1651376146789,0.08000928068596003,0.00907116535404124,0.00907116535404124,0.08725693228323299,0.08218357616514191,0.08218357616514191,0
75,7,0.7499416470527649,0.3906709688531688,0.6521296934802109,0.6281692306368377,69.140625,98.4375,0.6395115774308388,0.6521296934802109,0.6521296934802109,0.6017037547841687,0.6281692306368377,0.6281692306368377,0
75,9,0.24691452085971832,0.3906709688531688,0.0,0.07999999999989663,92.578125,99.21875,0.07999999999985233,-0.45882347158984915,0.0,0.08,0.07999999999989663,0.07999999999989663,0
75,3,0.433500200510025,0.3906709688531688,0.10402656239808632,0.15018043896461056,90.25641025641026,98.46153846153847,0.1445915199843855,0.10402656239808632,0.10402656239808632,0.16322124991846906,0.15018043896461056,0.15018043896461056,0
75,15,1.1655603647232056,0.3906709688531688,0.7,0.6260631746109334,50.0,85.71428571428571,0.6200902494441907,1.0930915392704827,0.7,0.6399999999999999,0.6260631746109334,0.6260631746109334,0
75,19,0.3401283323764801,0.3906709688531688,0.0,0.07999999999989663,89.84375,100.0,0.07999999999985233,-0.1385426954666338,0.0,0.08,0.07999999999989663,0.07999999999989663,0
75,13,0.7022787928581238,0.3906709688531688,0.5864647608211782,0.544686770109049,80.43478260869566,95.65217391304348,0.5427646107313803,0.5864647608211782,0.5864647608211782,0.5491718086569425,0.544686770109049,0.544686770109049,0
75,11,1.2844432592391968,0.3906709688531688,0.7,0.6399999979408935,42.578125,100.0,0.6399999970584194,1.1902149305095615,0.7,0.6399999999999999,0.6399999979408935,0.6399999979408935,0
75,16,0.4322318434715271,0.3906709688531688,0.10109642269609978,0.20189816993285456,87.72727272727273,99.54545454545455,0.219478612122558,0.10109642269609978,0.10109642269609978,0.16087713815687982,0.20189816993285456,0.20189816993285456,0
75,14,0.27224722504615784,0.3906709688531688,0.0,0.07999999999989663,91.91919191919192,100.0,0.07999999999985233,-0.36115511360346614,0.0,0.08,0.07999999999989663,0.07999999999989663,0
75,17,0.0997781828045845,0.3906709688531688,0.0,0.07999999999989663,97.65625,100.0,0.07999999999985233,-1.364916068959231,0.0,0.08,0.07999999999989663,0.07999999999989663,0
75,5,0.39539623260498047,0.3906709688531688,0.012022688493981502,0.08294310256396521,91.40625,100.0,0.08008236760772808,0.012022688493981502,0.012022688493981502,0.0896181507951852,0.08294310256396521,0.08294310256396521,0
75,2,0.34571778774261475,0.3906709688531688,0.0,0.08045917303659553,87.6923076923077,100.0,0.08065596148085075,-0.12224289062453812,0.0,0.08,0.08045917303659553,0.08045917303659553,0
75,0,0.6700225472450256,0.3906709688531688,0.5394456599201759,0.3169250244810925,100.0,100.0,0.23351152300035755,0.5394456599201759,0.5394456599201759,0.5115565279361407,0.3169250244810925,0.3169250244810925,0
76,14,0.351611852645874,0.3916868735218642,0.0,0.07999999999992763,87.87878787878788,100.0,0.07999999999989663,-0.1079348498004488,0.0,0.08,0.07999999999992763,0.07999999999992763,0
76,15,0.9518204927444458,0.3916868735218642,0.7,0.6302442222276533,57.142857142857146,92.85714285714286,0.6260631746109334,0.8879137153960529,0.7,0.6399999999999999,0.6302442222276533,0.6302442222276533,0
76,1,0.38710907101631165,0.3916868735218642,0.0,0.15954963459191093,83.33333333333333,95.83333333333333,0.19364233513130136,-0.011756237675556206,0.0,0.08,0.15954963459191093,0.15954963459191093,0
76,6,0.2849830389022827,0.3916868735218642,0.0,0.07999999999992763,88.671875,100.0,0.07999999999989663,-0.31803305311670255,0.0,0.08,0.07999999999992763,0.07999999999992763,0
76,4,0.3943910300731659,0.3916868735218642,0.006880150522555148,0.08317973944101256,90.8256880733945,98.1651376146789,0.08218357616514191,0.006880150522555148,0.006880150522555148,0.08550412041804412,0.08317973944101256,0.08317973944101256,0
76,10,0.26620593667030334,0.3916868735218642,0.0,0.07999999999994974,91.796875,100.0,0.0799999999999282,-0.38619250926207216,0.0,0.08,0.07999999999994974,0.07999999999994974,0
76,12,0.4912501573562622,0.3916868735218642,0.22649074977709377,0.2088288849570828,83.203125,98.828125,0.18638729287225758,0.22649074977709377,0.22649074977709377,0.26119259982167503,0.2088288849570828,0.2088288849570828,0
76,3,0.4581884443759918,0.3916868735218642,0.15681781783863588,0.16676258355649998,87.6923076923077,99.48717948717949,0.15018043896461056,0.15681781783863588,0.15681781783863588,0.2054542542709087,0.16676258355649998,0.16676258355649998,0
76,18,0.20629937946796417,0.3916868735218642,0.0,0.07999999999992763,91.796875,98.4375,0.07999999999989663,-0.641134293445703,0.0,0.08,0.07999999999992763,0.07999999999992763,0
76,2,0.2658832371234894,0.3916868735218642,0.0,0.08032142112561687,87.6923076923077,96.92307692307692,0.08045917303659553,-0.3874054622411679,0.0,0.08,0.08032142112561687,0.08032142112561687,0
76,0,0.23837797343730927,0.3916868735218642,0.0,0.24584751713676473,100.0,83.33333333333333,0.3169250244810925,-0.49660517450766684,0.0,0.08,0.24584751713676473,0.24584751713676473,0
76,11,1.270567536354065,0.3916868735218642,0.7,0.6399999985586253,42.96875,100.0,0.6399999979408935,1.1767562124407487,0.7,0.6399999999999999,0.6399999985586253,0.6399999985586253,0
76,5,0.37687280774116516,0.3916868735218642,0.0,0.08206017179477565,83.203125,100.0,0.08294310256396521,-0.038554977020827316,0.0,0.08,0.08206017179477565,0.08206017179477565,0
76,8,1.2467565536499023,0.3916868735218642,0.7,0.6399999993647943,41.015625,100.0,0.6399999990925634,1.157837954939632,0.7,0.6399999999999999,0.6399999993647943,0.6399999993647943,0
76,16,0.4330054521560669,0.3916868735218642,0.1002875885214195,0.18939774019813885,89.0909090909091,98.63636363636364,0.20189816993285456,0.1002875885214195,0.1002875885214195,0.1602300708171356,0.18939774019813885,0.18939774019813885,0
76,13,0.6060292720794678,0.3916868735218642,0.4364655510844321,0.510032471336598,69.56521739130434,93.47826086956522,0.544686770109049,0.4364655510844321,0.4364655510844321,0.4291724408675457,0.510032471336598,0.510032471336598,0
76,17,0.15626174211502075,0.3916868735218642,0.0,0.07999999999992763,96.484375,100.0,0.07999999999989663,-0.9189302547563968,0.0,0.08,0.07999999999992763,0.07999999999992763,0
76,19,0.42475685477256775,0.3916868735218642,0.0810541682538443,0.09945300038085027,89.453125,100.0,0.07999999999989663,0.0810541682538443,0.0810541682538443,0.14484333460307544,0.09945300038085027,0.09945300038085027,0
76,9,0.2572842240333557,0.3916868735218642,0.0,0.07999999999992763,92.1875,99.21875,0.07999999999989663,-0.4202813113172016,0.0,0.08,0.07999999999992763,0.07999999999992763,0
76,7,0.8457272052764893,0.3916868735218642,0.7,0.6317184614457864,64.0625,99.609375,0.6281692306368377,0.769734112958915,0.7,0.6399999999999999,0.6317184614457864,0.6317184614457864,0
77,10,0.30316847562789917,0.39159319122415165,0.0,0.07999999999996482,92.578125,100.0,0.07999999999994974,-0.25593483982966087,0.0,0.08,0.07999999999996482,0.07999999999996482,0
77,3,0.4781647026538849,0.39159319122415165,0.19973171130310693,0.18866941920229563,86.15384615384616,98.97435897435898,0.16676258355649998,0.19973171130310693,0.19973171130310693,0.23978536904248554,0.18866941920229563,0.18866941920229563,0
77,13,0.6071836948394775,0.39159319122415165,0.4386078401853342,0.4862886115800988,60.869565217391305,95.65217391304348,0.510032471336598,0.4386078401853342,0.4386078401853342,0.4308862721482674,0.4862886115800988,0.4862886115800988,0
77,12,0.45001426339149475,0.39159319122415165,0.13905575193525213,0.20355359993441846,79.296875,99.609375,0.2088288849570828,0.13905575193525213,0.13905575193525213,0.19124460154820172,0.20355359993441846,0.20355359993441846,0
77,8,1.3181184530258179,0.39159319122415165,0.7,0.639999999555356,42.96875,100.0,0.6399999993647943,1.2137370429492629,0.7,0.6399999999999999,0.639999999555356,0.639999999555356,0
77,7,0.8963008522987366,0.39159319122415165,0.7,0.6342029230120504,62.109375,98.4375,0.6317184614457864,0.8280525914538625,0.7,0.6399999999999999,0.6342029230120504,0.6342029230120504,0
77,16,0.45482757687568665,0.39159319122415165,0.14969486822145808,0.19250518651184714,89.0909090909091,97.72727272727273,0.18939774019813885,0.14969486822145808,0.14969486822145808,0.19975589457716647,0.19250518651184714,0.19250518651184714,0
77,9,0.24712088704109192,0.39159319122415165,0.0,0.07999999999994933,92.578125,100.0,0.07999999999992763,-0.4603458703883583,0.0,0.08,0.07999999999994933,0.07999999999994933,0
77,2,0.16551941633224487,0.39159319122415165,0.0,0.0802249947879318,87.6923076923077,98.46153846153847,0.08032142112561687,-0.8611349813941619,0.0,0.08,0.0802249947879318,0.0802249947879318,0
77,19,0.33881083130836487,0.39159319122415165,0.0,0.09361710026659517,90.625,99.21875,0.09945300038085027,-0.1447815875687044,0.0,0.08,0.09361710026659517,0.09361710026659517,0
77,4,0.2535756230354309,0.39159319122415165,0.0,0.08222581760870878,93.57798165137615,96.3302752293578,0.08317973944101256,-0.434561415272316,0.0,0.08,0.08222581760870878,0.08222581760870878,0
77,6,0.320390909910202,0.39159319122415165,0.0,0.07999999999994933,86.71875,99.609375,0.07999999999992763,-0.20068167403702974,0.0,0.08,0.07999999999994933,0.07999999999994933,0
77,11,1.1885454654693604,0.39159319122415165,0.7,0.6399999989910377,48.4375,99.21875,0.6399999985586253,1.1102620000050827,0.7,0.6399999999999999,0.6399999989910377,0.6399999989910377,0
77,18,0.23558390140533447,0.39159319122415165,0.0,0.07999999999994933,94.140625,98.4375,0.07999999999992763,-0.5081563872813862,0.0,0.08,0.07999999999994933,0.07999999999994933,0
77,0,0.9330024123191833,0.39159319122415165,0.7,0.3640932619957353,100.0,100.0,0.24584751713676473,0.868184248139341,0.7,0.6399999999999999,0.3640932619957353,0.3640932619957353,0
77,5,0.27186402678489685,0.39159319122415165,0.0,0.08144212025634295,91.40625,100.0,0.08206017179477565,-0.3649214724133034,0.0,0.08,0.08144212025634295,0.08144212025634295,0
77,17,0.11631996929645538,0.39159319122415165,0.0,0.07999999999994933,96.875,100.0,0.07999999999992763,-1.2138787131764923,0.0,0.08,0.07999999999994933,0.07999999999994933,0
77,14,0.24536949396133423,0.39159319122415165,0.0,0.07999999999994933,94.94949494949495,100.0,0.07999999999992763,-0.4674582951554997,0.0,0.08,0.07999999999994933,0.07999999999994933,0
77,15,0.8322034478187561,0.39159319122415165,0.7,0.6331709555593572,57.142857142857146,85.71428571428571,0.6302442222276533,0.7538534025997078,0.7,0.6399999999999999,0.6331709555593572,0.6331709555593572,0
77,1,0.4108002483844757,0.39159319122415165,0.04788355805911436,0.14717679814852508,79.16666666666667,95.83333333333333,0.15954963459191093,0.04788355805911436,0.04788355805911436,0.11830684644729149,0.14717679814852508,0.14717679814852508,0
78,4,0.38374772667884827,0.3899144260863785,0.0,0.08155807232609615,91.74311926605505,98.1651376146789,0.08222581760870878,-0.015941919424120748,0.0,0.08,0.08155807232609615,0.08155807232609615,0
78,6,0.2778162360191345,0.3899144260863785,0.0,0.07999999999996453,89.84375,100.0,0.07999999999994933,-0.33896741080215154,0.0,0.08,0.07999999999996453,0.07999999999996453,0
78,1,0.39473727345466614,0.3899144260863785,0.0122931180396369,0.1299741070334804,83.33333333333333,100.0,0.14717679814852508,0.0122931180396369,0.0122931180396369,0.08983449443170952,0.1299741070334804,0.1299741070334804,0
78,13,0.8199801445007324,0.3899144260863785,0.7,0.5324020281060691,60.869565217391305,91.30434782608695,0.4862886115800988,0.7433528177342013,0.7,0.6399999999999999,0.5324020281060691,0.5324020281060691,0
78,9,0.28702470660209656,0.3899144260863785,0.0,0.07999999999996453,93.75,99.609375,0.07999999999994933,-0.3063589877865991,0.0,0.08,0.07999999999996453,0.07999999999996453,0
78,19,0.37299948930740356,0.3899144260863785,0.0,0.08953197018661663,94.140625,100.0,0.09361710026659517,-0.04435024309933965,0.0,0.08,0.08953197018661663,0.08953197018661663,0
78,2,0.22190214693546295,0.3899144260863785,0.0,0.08015749635155225,92.3076923076923,100.0,0.0802249947879318,-0.5636907702075231,0.0,0.08,0.08015749635155225,0.08015749635155225,0
78,5,0.3345870077610016,0.3899144260863785,0.0,0.08100948417944007,91.015625,100.0,0.08144212025634295,-0.1530303318825738,0.0,0.08,0.08100948417944007,0.08100948417944007,0
78,15,0.8922563195228577,0.3899144260863785,0.7,0.63521966889155,85.71428571428571,78.57142857142857,0.6331709555593572,0.8278261358317002,0.7,0.6399999999999999,0.63521966889155,0.63521966889155,0
78,3,0.42431673407554626,0.3899144260863785,0.08455289384919339,0.17636128796541334,87.6923076923077,100.0,0.18866941920229563,0.08455289384919339,0.08455289384919339,0.1476423150793547,0.17636128796541334,0.17636128796541334,0
78,0,0.27487993240356445,0.3899144260863785,0.0,0.2788652833970147,100.0,100.0,0.3640932619957353,-0.3495928911400013,0.0,0.08,0.2788652833970147,0.2788652833970147,0
78,14,0.24549275636672974,0.3899144260863785,0.0,0.07999999999996453,94.94949494949495,98.98989898989899,0.07999999999994933,-0.46265983850368164,0.0,0.08,0.07999999999996453,0.07999999999996453,0
78,8,1.4165918827056885,0.3899144260863785,0.7,0.6399999996887492,43.359375,100.0,0.639999999555356,1.2900818698349865,0.7,0.6399999999999999,0.6399999996887492,0.6399999996887492,0
78,7,0.806504487991333,0.3899144260863785,0.7,0.6359420461084352,63.28125,100.0,0.6342029230120504,0.7267821543214801,0.7,0.6399999999999999,0.6359420461084352,0.6359420461084352,0
78,11,1.2216579914093018,0.3899144260863785,0.7,0.6399999992937263,41.796875,99.21875,0.6399999989910377,1.1420369122445255,0.7,0.6399999999999999,0.6399999992937263,0.6399999992937263,0
78,18,0.27418845891952515,0.3899144260863785,0.0,0.07999999999996453,91.40625,98.4375,0.07999999999994933,-0.3521116076982101,0.0,0.08,0.07999999999996453,0.07999999999996453,0
78,17,0.17431694269180298,0.3899144260863785,0.0,0.07999999999996453,96.484375,100.0,0.07999999999994933,-0.8050521110356063,0.0,0.08,0.07999999999996453,0.07999999999996453,0
78,10,0.3266820013523102,0.3899144260863785,0.0,0.07999999999997537,90.625,100.0,0.07999999999996482,-0.17694006498208714,0.0,0.08,0.07999999999997537,0.07999999999997537,0
78,16,0.45256826281547546,0.3899144260863785,0.14901131050623498,0.19451634507978938,87.27272727272727,100.0,0.19250518651184714,0.14901131050623498,0.14901131050623498,0.199209048404988,0.19451634507978938,0.19451634507978938,0
78,12,0.3934256434440613,0.3899144260863785,0.00896479299407937,0.16863907027267197,87.109375,99.609375,0.20355359993441846,0.00896479299407937,0.00896479299407937,0.08717183439526349,0.16863907027267197,0.16863907027267197,0
79,15,1.4400910139083862,0.38876034427705325,0.7,0.6366537682240849,71.42857142857143,92.85714285714286,0.63521966889155,1.3094985036847802,0.7,0.6399999999999999,0.6366537682240849,0.6366537682240849,0
79,4,0.3219696283340454,0.38876034427705325,0.0,0.0810906506282673,92.66055045871559,98.1651376146789,0.08155807232609615,-0.1885058477243371,0.0,0.08,0.0810906506282673,0.0810906506282673,0
79,3,0.4073793888092041,0.38876034427705325,0.04678183710046991,0.1586805424799021,90.76923076923077,100.0,0.17636128796541334,0.04678183710046991,0.04678183710046991,0.11742546968037593,0.1586805424799021,0.1586805424799021,0
79,12,0.4228667914867401,0.38876034427705325,0.08409414142068784,0.16222994313183545,77.34375,98.4375,0.16863907027267197,0.08409414142068784,0.08409414142068784,0.1472753131365503,0.16222994313183545,0.16222994313183545,0
79,6,0.3077767491340637,0.38876034427705325,0.0,0.07999999999997517,90.234375,99.609375,0.07999999999996453,-0.23358838576805183,0.0,0.08,0.07999999999997517,0.07999999999997517,0
79,11,1.2035785913467407,0.38876034427705325,0.7,0.6399999995056084,42.1875,99.21875,0.6399999992937263,1.1300914677883955,0.7,0.6399999999999999,0.6399999995056084,0.6399999995056084,0
79,16,0.4845517873764038,0.38876034427705325,0.22026123661107222,0.21302413834250988,86.36363636363636,99.0909090909091,0.19451634507978938,0.22026123661107222,0.22026123661107222,0.25620898928885777,0.21302413834250988,0.21302413834250988,0
79,2,0.22971564531326294,0.38876034427705325,0.0,0.08011024744608658,92.3076923076923,98.46153846153847,0.08015749635155225,-0.5261208350845956,0.0,0.08,0.08011024744608658,0.08011024744608658,0
79,8,1.445528507232666,0.38876034427705325,0.7,0.6399999997821244,40.625,100.0,0.6399999996887492,1.3132671916094942,0.7,0.6399999999999999,0.6399999997821244,0.6399999997821244,0
79,19,0.3466818034648895,0.38876034427705325,0.0,0.08667237913063164,91.40625,100.0,0.08953197018661663,-0.11455570273503009,0.0,0.08,0.08667237913063164,0.08667237913063164,0
79,18,0.2465447634458542,0.38876034427705325,0.0,0.07999999999997517,89.0625,99.609375,0.07999999999996453,-0.45541948424904816,0.0,0.08,0.07999999999997517,0.07999999999997517,0
79,9,0.20749559998512268,0.38876034427705325,0.0,0.07999999999997517,93.75,100.0,0.07999999999996453,-0.6278529151862795,0.0,0.08,0.07999999999997517,0.07999999999997517,0
79,0,0.31713882088661194,0.38876034427705325,0.0,0.2192056983779103,100.0,100.0,0.2788652833970147,-0.20362346760717293,0.0,0.08,0.2192056983779103,0.2192056983779103,0
79,17,0.12056570500135422,0.38876034427705325,0.0,0.07999999999997517,96.484375,100.0,0.07999999999996453,-1.1707681409467252,0.0,0.08,0.07999999999997517,0.07999999999997517,0
79,14,0.09835837781429291,0.38876034427705325,0.0,0.07999999999997517,92.92929292929293,100.0,0.07999999999996453,-1.374345271385319,0.0,0.08,0.07999999999997517,0.07999999999997517,0
79,1,0.658824622631073,0.38876034427705325,0.5274942898198527,0.2415805044802009,87.5,100.0,0.1299741070334804,0.5274942898198527,0.5274942898198527,0.5019954318558821,0.2415805044802009,0.2415805044802009,0
79,5,0.38597404956817627,0.38876034427705325,0.0,0.08070663892560805,85.9375,100.0,0.08100948417944007,-0.00719293391968043,0.0,0.08,0.08070663892560805,0.08070663892560805,0
79,7,0.8137491345405579,0.38876034427705325,0.7,0.6371594322759045,66.015625,100.0,0.6359420461084352,0.7386890443313612,0.7,0.6399999999999999,0.6371594322759045,0.6371594322759045,0
79,10,0.3281279504299164,0.38876034427705325,0.0,0.07999999999998275,90.234375,100.0,0.07999999999997537,-0.16955944236723225,0.0,0.08,0.07999999999998275,0.07999999999998275,0
79,13,0.7926867008209229,0.38876034427705325,0.7,0.5646814196742483,56.52173913043478,89.1304347826087,0.5324020281060691,0.7124649773181151,0.7,0.6399999999999999,0.5646814196742483,0.5646814196742483,0
80,2,0.23371931910514832,0.38651710250100124,0.0,0.0800771732122606,93.84615384615384,100.0,0.08011024744608658,-0.5030551954244337,0.0,0.08,0.0800771732122606,0.0800771732122606,0
80,4,0.396725058555603,0.38651710250100124,0.026067375652990343,0.0870196255965048,95.41284403669725,99.08256880733946,0.0810906506282673,0.026067375652990343,0.026067375652990343,0.10085390052239228,0.0870196255965048,0.0870196255965048,0
80,7,0.9147729873657227,0.38651710250100124,0.7,0.6380116025931332,59.765625,99.609375,0.6371594322759045,0.8614998015856039,0.7,0.6399999999999999,0.6380116025931332,0.6380116025931332,0
80,11,1.115549921989441,0.38651710250100124,0.7,0.6399999996539258,50.0,99.609375,0.6399999995056084,1.059926632251733,0.7,0.6399999999999999,0.6399999996539258,0.6399999996539258,0
80,18,0.18538828194141388,0.38651710250100124,0.0,0.07999999999998261,89.84375,99.609375,0.07999999999997517,-0.7347236417241079,0.0,0.08,0.07999999999998261,0.07999999999998261,0
80,12,0.4484591782093048,0.38651710250100124,0.14864153856986567,0.17323492944905255,86.71875,100.0,0.16222994313183545,0.14864153856986567,0.14864153856986567,0.19891323085589255,0.17323492944905255,0.17323492944905255,0
80,14,0.2000621110200882,0.38651710250100124,0.0,0.07999999999998261,93.93939393939394,100.0,0.07999999999997517,-0.65854821917904,0.0,0.08,0.07999999999998261,0.07999999999998261,0
80,8,1.4569551944732666,0.38651710250100124,0.7,0.639999999847487,45.703125,100.0,0.6399999997821244,1.3269279180804563,0.7,0.6399999999999999,0.639999999847487,0.639999999847487,0
80,3,0.3487119674682617,0.38651710250100124,0.0,0.13507637973593145,85.64102564102564,99.48717948717949,0.1586805424799021,-0.10292984058845304,0.0,0.08,0.13507637973593145,0.13507637973593145,0
80,15,0.9291388392448425,0.38651710250100124,0.7,0.6376576377568594,64.28571428571429,92.85714285714286,0.6366537682240849,0.8770820460199165,0.7,0.6399999999999999,0.6376576377568594,0.6376576377568594,0
80,19,0.37721309065818787,0.38651710250100124,0.0,0.08467066539144213,89.84375,99.609375,0.08667237913063164,-0.02436586111219908,0.0,0.08,0.08467066539144213,0.08467066539144213,0
80,10,0.3579176366329193,0.38651710250100124,0.0,0.07999999999998791,93.359375,100.0,0.07999999999998275,-0.07687321999990052,0.0,0.08,0.07999999999998791,0.07999999999998791,0
80,17,0.18460819125175476,0.38651710250100124,0.0,0.07999999999998261,95.3125,100.0,0.07999999999997517,-0.7389403943685772,0.0,0.08,0.07999999999998261,0.07999999999998261,0
80,13,0.8267266750335693,0.38651710250100124,0.7,0.5872769937719738,58.69565217391305,91.30434782608695,0.5646814196742483,0.7602980081189069,0.7,0.6399999999999999,0.5872769937719738,0.5872769937719738,0
80,6,0.27088025212287903,0.38651710250100124,0.0,0.07999999999998261,89.84375,99.609375,0.07999999999997517,-0.35549925654379744,0.0,0.08,0.07999999999998261,0.07999999999998261,0
80,5,0.3624016344547272,0.38651710250100124,0.0,0.08049464724792563,89.453125,100.0,0.08070663892560805,-0.06442303076260376,0.0,0.08,0.08049464724792563,0.08049464724792563,0
80,16,0.3937894403934479,0.38651710250100124,0.01864023399669547,0.1775905529989638,85.0,100.0,0.21302413834250988,0.01864023399669547,0.01864023399669547,0.09491218719735638,0.1775905529989638,0.1775905529989638,0
80,1,0.12485671788454056,0.38651710250100124,0.0,0.1931063531361406,87.5,100.0,0.2415805044802009,-1.1300092395842354,0.0,0.08,0.1931063531361406,0.1931063531361406,0
80,0,0.07844212651252747,0.38651710250100124,0.0,0.1774439888645372,100.0,100.0,0.2192056983779103,-1.5948149041039335,0.0,0.08,0.1774439888645372,0.1774439888645372,0
80,9,0.24995268881320953,0.38651710250100124,0.0,0.07999999999998261,92.578125,100.0,0.07999999999997517,-0.43590444738613154,0.0,0.08,0.07999999999998261,0.07999999999998261,0
81,19,0.3006821572780609,0.38388135580528343,0.0,0.08326946577400948,90.234375,99.609375,0.08467066539144213,-0.24427977743399545,0.0,0.08,0.08326946577400948,0.08326946577400948,0
81,14,0.3621811866760254,0.38388135580528343,0.0,0.07999999999998783,93.93939393939394,100.0,0.07999999999998261,-0.05818893173983652,0.0,0.08,0.07999999999998783,0.07999999999998783,0
81,10,0.36039793491363525,0.38388135580528343,0.0,0.07999999999999154,90.234375,100.0,0.07999999999998791,-0.06312473815902356,0.0,0.08,0.07999999999999154,0.07999999999999154,0
81,17,0.10914488136768341,0.38388135580528343,0.0,0.07999999999998783,97.65625,100.0,0.07999999999998261,-1.2576572835164332,0.0,0.08,0.07999999999998783,0.07999999999998783,0
81,1,0.2179364562034607,0.38388135580528343,0.0,0.1591744471952984,75.0,100.0,0.1931063531361406,-0.566129980760835,0.0,0.08,0.1591744471952984,0.1591744471952984,0
81,11,1.1883186101913452,0.38388135580528343,0.7,0.639999999757748,46.875,100.0,0.6399999996539258,1.1299611011384485,0.7,0.6399999999999999,0.639999999757748,0.639999999757748,0
81,16,0.437627375125885,0.38388135580528343,0.1310342677795654,0.17976161136637037,86.36363636363636,97.72727272727273,0.1775905529989638,0.1310342677795654,0.1310342677795654,0.18482741422365234,0.17976161136637037,0.17976161136637037,0
81,2,0.21585829555988312,0.38388135580528343,0.0,0.08005402124858241,90.76923076923077,98.46153846153847,0.0800771732122606,-0.5757113619910924,0.0,0.08,0.08005402124858241,0.08005402124858241,0
81,5,0.3836299479007721,0.38388135580528343,0.0,0.08034625307354794,84.375,100.0,0.08049464724792563,-0.0006551249622980099,0.0,0.08,0.08034625307354794,0.08034625307354794,0
81,3,0.49583613872528076,0.38388135580528343,0.2559119651974288,0.17997233746253494,84.1025641025641,99.48717948717949,0.13507637973593145,0.2559119651974288,0.2559119651974288,0.2847295721579431,0.17997233746253494,0.17997233746253494,0
81,12,0.39950236678123474,0.38388135580528343,0.03988615293892337,0.15483712731967839,82.03125,99.609375,0.17323492944905255,0.03988615293892337,0.03988615293892337,0.1119089223511387,0.15483712731967839,0.15483712731967839,0
81,7,0.8429293632507324,0.38388135580528343,0.7,0.6386081218151931,66.40625,100.0,0.6380116025931332,0.7865496126043205,0.7,0.6399999999999999,0.6386081218151931,0.6386081218151931,0
81,13,0.6688329577445984,0.38388135580528343,0.5552007927925491,0.5683420859105934,71.73913043478261,93.47826086956522,0.5872769937719738,0.5552007927925491,0.5552007927925491,0.5241606342340392,0.5683420859105934,0.5683420859105934,0
81,6,0.22417549788951874,0.38388135580528343,0.0,0.07999999999998783,88.671875,99.609375,0.07999999999998261,-0.53790429921006,0.0,0.08,0.07999999999998783,0.07999999999998783,0
81,4,0.42782294750213623,0.38388135580528343,0.10837589766927166,0.11092395335817855,95.41284403669725,97.24770642201835,0.0870196255965048,0.10837589766927166,0.10837589766927166,0.16670071813541734,0.11092395335817855,0.11092395335817855,0
81,8,1.333322286605835,0.38388135580528343,0.7,0.6399999998932409,46.875,100.0,0.639999999847487,1.2450955122145027,0.7,0.6399999999999999,0.6399999998932409,0.6399999998932409,0
81,18,0.28391677141189575,0.38388135580528343,0.0,0.07999999999998783,91.796875,100.0,0.07999999999998261,-0.3016523896155623,0.0,0.08,0.07999999999998783,0.07999999999998783,0
81,9,0.1606244146823883,0.38388135580528343,0.0,0.07999999999998783,94.140625,99.609375,0.07999999999998261,-0.8712646877403488,0.0,0.08,0.07999999999998783,0.07999999999998783,0
81,0,0.058554381132125854,0.38388135580528343,0.0,0.14821079220517602,66.66666666666667,100.0,0.1774439888645372,-1.8803774764212364,0.0,0.08,0.14821079220517602,0.14821079220517602,0
81,15,1.3137519359588623,0.38388135580528343,0.7,0.6383603464298014,57.142857142857146,92.85714285714286,0.6376576377568594,1.2303088417751649,0.7,0.6399999999999999,0.6383603464298014,0.6383603464298014,0
82,8,1.441880226135254,0.38278377695359495,0.7,0.6399999999252686,46.484375,100.0,0.6399999998932409,1.3262329555468604,0.7,0.6399999999999999,0.6399999999252686,0.6399999999252686,0
82,6,0.2563802897930145,0.38278377695359495,0.0,0.07999999999999148,87.890625,99.21875,0.07999999999998783,-0.40080841663707356,0.0,0.08,0.07999999999999148,0.07999999999999148,0
82,12,0.5100941061973572,0.38278377695359495,0.28712494540500105,0.20129597602097513,80.859375,99.21875,0.15483712731967839,0.28712494540500105,0.28712494540500105,0.3096999563240009,0.20129597602097513,0.20129597602097513,0
82,0,0.20503000915050507,0.38278377695359495,0.0,0.12774755454362322,100.0,100.0,0.14821079220517602,-0.624313901552736,0.0,0.08,0.12774755454362322,0.12774755454362322,0
82,10,0.35410168766975403,0.38278377695359495,0.0,0.07999999999999408,88.671875,100.0,0.07999999999999154,-0.07788615142180808,0.0,0.08,0.07999999999999408,0.07999999999999408,0
82,13,0.8858587741851807,0.38278377695359495,0.7,0.5898394601374154,76.08695652173913,97.82608695652173,0.5683420859105934,0.8390872472551919,0.7,0.6399999999999999,0.5898394601374154,0.5898394601374154,0
82,14,0.21739931404590607,0.38278377695359495,0.0,0.07999999999999148,93.93939393939394,100.0,0.07999999999998783,-0.5657344394333025,0.0,0.08,0.07999999999999148,0.07999999999999148,0
82,18,0.20689086616039276,0.38278377695359495,0.0,0.07999999999999148,91.40625,99.609375,0.07999999999998783,-0.6152788188950944,0.0,0.08,0.07999999999999148,0.07999999999999148,0
82,5,0.380912721157074,0.38278377695359495,0.0,0.08024237715148355,90.234375,100.0,0.08034625307354794,-0.0049000080420202865,0.0,0.08,0.08024237715148355,0.08024237715148355,0
82,4,0.26998767256736755,0.38278377695359495,0.0,0.10164676735072498,85.3211009174312,99.08256880733946,0.11092395335817855,-0.3490939670142316,0.0,0.08,0.10164676735072498,0.10164676735072498,0
82,11,1.1262017488479614,0.38278377695359495,0.7,0.6399999998304235,53.90625,100.0,0.639999999757748,1.079135669722721,0.7,0.6399999999999999,0.6399999998304235,0.6399999998304235,0
82,7,0.8338713645935059,0.38278377695359495,0.7,0.6390256852706351,64.0625,99.609375,0.6386081218151931,0.7786088585072994,0.7,0.6399999999999999,0.6390256852706351,0.6390256852706351,0
82,16,0.3947812616825104,0.38278377695359495,0.03086156410204061,0.157239903340949,83.18181818181819,99.54545454545455,0.17976161136637037,0.03086156410204061,0.03086156410204061,0.10468925128163249,0.157239903340949,0.157239903340949,0
82,15,1.6234251260757446,0.38278377695359495,0.7,0.6388522425008609,85.71428571428571,92.85714285714286,0.6383603464298014,1.4448231729557843,0.7,0.6399999999999999,0.6388522425008609,0.6388522425008609,0
82,19,0.33545106649398804,0.38278377695359495,0.0,0.08228862604180663,89.453125,100.0,0.08326946577400948,-0.1319941817432155,0.0,0.08,0.08228862604180663,0.08228862604180663,0
82,17,0.1325119286775589,0.38278377695359495,0.0,0.07999999999999148,94.921875,100.0,0.07999999999998783,-1.0607975602570316,0.0,0.08,0.07999999999999148,0.07999999999999148,0
82,9,0.3112368583679199,0.38278377695359495,0.0,0.07999999999999148,92.96875,100.0,0.07999999999998783,-0.20691604794480778,0.0,0.08,0.07999999999999148,0.07999999999999148,0
82,2,0.23841002583503723,0.38278377695359495,0.0,0.08003781487400768,95.38461538461539,100.0,0.08005402124858241,-0.47347827392248115,0.0,0.08,0.08003781487400768,0.08003781487400768,0
82,1,0.09666723757982254,0.38278377695359495,0.0,0.13542211303670887,79.16666666666667,100.0,0.1591744471952984,-1.3761956611103228,0.0,0.08,0.13542211303670887,0.13542211303670887,0
82,3,0.4031718969345093,0.38278377695359495,0.05189273421697515,0.1624348924358485,84.1025641025641,99.48717948717949,0.17997233746253494,0.05189273421697515,0.05189273421697515,0.12151418737358012,0.1624348924358485,0.1624348924358485,0
83,8,1.3642295598983765,0.37898303696642255,0.7,0.639999999947688,46.875,100.0,0.6399999999252686,1.280853657495927,0.7,0.6399999999999999,0.639999999947688,0.639999999947688,0
83,10,0.27906888723373413,0.37898303696642255,0.0,0.07999999999999585,92.1875,100.0,0.07999999999999408,-0.30603277829673275,0.0,0.08,0.07999999999999585,0.07999999999999585,0
83,0,0.063332699239254,0.37898303696642255,0.0,0.11342328818053624,100.0,83.33333333333333,0.12774755454362322,-1.7890895437958778,0.0,0.08,0.11342328818053624,0.11342328818053624,0
83,2,0.29426929354667664,0.37898303696642255,0.0,0.08002647041180538,90.76923076923077,100.0,0.08003781487400768,-0.25299612659646753,0.0,0.08,0.08002647041180538,0.08002647041180538,0
83,12,0.39985617995262146,0.37898303696642255,0.053613484222225595,0.1777744194280167,81.25,100.0,0.20129597602097513,0.053613484222225595,0.053613484222225595,0.12289078737778047,0.1777744194280167,0.1777744194280167,0
83,19,0.31683269143104553,0.37898303696642255,0.0,0.08160203822926464,91.015625,100.0,0.08228862604180663,-0.1791175942954828,0.0,0.08,0.08160203822926464,0.08160203822926464,0
83,6,0.28928571939468384,0.37898303696642255,0.0,0.07999999999999403,87.890625,100.0,0.07999999999999148,-0.2700765904087984,0.0,0.08,0.07999999999999403,0.07999999999999403,0
83,18,0.2243683785200119,0.37898303696642255,0.0,0.07999999999999403,92.578125,99.609375,0.07999999999999148,-0.5242021805203289,0.0,0.08,0.07999999999999403,0.07999999999999403,0
83,14,0.28260838985443115,0.37898303696642255,0.0,0.07999999999999403,97.97979797979798,100.0,0.07999999999999148,-0.2934292798375648,0.0,0.08,0.07999999999999403,0.07999999999999403,0
83,15,1.410929560661316,0.37898303696642255,0.7,0.6391965697506026,71.42857142857143,78.57142857142857,0.6388522425008609,1.3145125629991372,0.7,0.6399999999999999,0.6391965697506026,0.6391965697506026,0
83,9,0.20432862639427185,0.37898303696642255,0.0,0.07999999999999403,90.625,98.828125,0.07999999999999148,-0.6177618127699535,0.0,0.08,0.07999999999999403,0.07999999999999403,0
83,7,0.881679892539978,0.37898303696642255,0.7,0.6393179796894445,66.796875,99.609375,0.6390256852706351,0.8443375947216247,0.7,0.6399999999999999,0.6393179796894445,0.6393179796894445,0
83,16,0.4699973464012146,0.37898303696642255,0.215235596887359,0.18572447559163047,80.9090909090909,98.63636363636364,0.157239903340949,0.215235596887359,0.215235596887359,0.2521884775098872,0.18572447559163047,0.18572447559163047,0
83,13,0.7891714572906494,0.37898303696642255,0.7,0.6048876220961907,71.73913043478261,95.65217391304348,0.5898394601374154,0.7334921464070114,0.7,0.6399999999999999,0.6048876220961907,0.6048876220961907,0
83,5,0.3545602560043335,0.37898303696642255,0.0,0.08016966400603848,88.671875,100.0,0.08024237715148355,-0.06661313876622306,0.0,0.08,0.08016966400603848,0.08016966400603848,0
83,17,0.10928506404161453,0.37898303696642255,0.0,0.07999999999999403,97.265625,100.0,0.07999999999999148,-1.2435316468113409,0.0,0.08,0.07999999999999403,0.07999999999999403,0
83,11,1.17388117313385,0.37898303696642255,0.7,0.6399999998812964,45.3125,99.609375,0.6399999998304235,1.130579315272965,0.7,0.6399999999999999,0.6399999998812964,0.6399999998812964,0
83,3,0.41106468439102173,0.37898303696642255,0.08125913626377426,0.15720661740839975,92.3076923076923,99.48717948717949,0.1624348924358485,0.08125913626377426,0.08125913626377426,0.1450073090110194,0.15720661740839975,0.15720661740839975,0
83,4,0.30457285046577454,0.37898303696642255,0.0,0.09515273714550748,88.07339449541284,96.3302752293578,0.10164676735072498,-0.21858113556162811,0.0,0.08,0.09515273714550748,0.09515273714550748,0
83,1,0.5885123610496521,0.37898303696642255,0.4401064746815391,0.22442103304926558,95.83333333333333,91.66666666666667,0.13542211303670887,0.4401064746815391,0.4401064746815391,0.4320851797452313,0.22442103304926558,0.22442103304926558,0
84,9,0.2938072681427002,0.3746543806415492,0.0,0.07999999999999582,93.359375,100.0,0.07999999999999403,-0.2430799401847811,0.0,0.08,0.07999999999999582,0.07999999999999582,0
84,13,0.41718801856040955,0.3746543806415492,0.10753305193200627,0.47322926793101505,76.08695652173913,97.82608695652173,0.6048876220961907,0.10753305193200627,0.10753305193200627,0.16602644154560503,0.47322926793101505,0.47322926793101505,0
84,12,0.38032394647598267,0.3746543806415492,0.015019430519096485,0.15204675692419484,79.6875,99.21875,0.1777744194280167,0.015019430519096485,0.015019430519096485,0.09201554441527719,0.15204675692419484,0.15204675692419484,0
84,8,1.412889838218689,0.3746543806415492,0.7,0.6399999999633815,41.40625,100.0,0.639999999947688,1.3273884476217042,0.7,0.6399999999999999,0.6399999999633815,0.6399999999633815,0
84,5,0.31412428617477417,0.3746543806415492,0.0,0.08011876480422693,92.578125,100.0,0.08016966400603848,-0.1762152207855517,0.0,0.08,0.08011876480422693,0.08011876480422693,0
84,6,0.33256796002388,0.3746543806415492,0.0,0.07999999999999582,91.40625,100.0,0.07999999999999403,-0.1191597157279325,0.0,0.08,0.07999999999999582,0.07999999999999582,0
84,11,1.3578237295150757,0.3746543806415492,0.7,0.6399999999169075,41.015625,100.0,0.6399999998812964,1.2876345294659874,0.7,0.6399999999999999,0.6399999999169075,0.6399999999169075,0
84,2,0.2696612477302551,0.3746543806415492,0.0,0.08001852928826376,93.84615384615384,98.46153846153847,0.08002647041180538,-0.3288374057285325,0.0,0.08,0.08001852928826376,0.08001852928826376,0
84,4,0.33391204476356506,0.3746543806415492,0.0,0.09060691600185522,87.1559633027523,99.08256880733946,0.09515273714550748,-0.11512632684348881,0.0,0.08,0.09060691600185522,0.09060691600185522,0
84,7,0.7311928868293762,0.3746543806415492,0.668673329633776,0.6320041848947173,67.578125,99.609375,0.6393179796894445,0.668673329633776,0.668673329633776,0.6149386637070208,0.6320041848947173,0.6320041848947173,0
84,18,0.19830143451690674,0.3746543806415492,0.0,0.07999999999999582,94.921875,99.21875,0.07999999999999403,-0.6362156560551154,0.0,0.08,0.07999999999999582,0.07999999999999582,0
84,3,0.3622526526451111,0.3746543806415492,0.0,0.1340446321858798,89.23076923076923,100.0,0.15720661740839975,-0.033662044586299976,0.0,0.08,0.1340446321858798,0.1340446321858798,0
84,10,0.2446606159210205,0.3746543806415492,0.0,0.0799999999999971,90.234375,100.0,0.07999999999999585,-0.4261319261116326,0.0,0.08,0.0799999999999971,0.0799999999999971,0
84,16,0.4906289279460907,0.3746543806415492,0.2696841388342565,0.21873132623436287,86.81818181818181,98.63636363636364,0.18572447559163047,0.2696841388342565,0.2696841388342565,0.2957473110674052,0.21873132623436287,0.21873132623436287,0
84,17,0.11223264783620834,0.3746543806415492,0.0,0.07999999999999582,97.265625,100.0,0.07999999999999403,-1.205429957261737,0.0,0.08,0.07999999999999582,0.07999999999999582,0
84,1,0.22611556947231293,0.3746543806415492,0.0,0.18109472313448588,91.66666666666667,100.0,0.22442103304926558,-0.5049576939179142,0.0,0.08,0.18109472313448588,0.18109472313448588,0
84,0,0.043116647750139236,0.3746543806415492,0.0,0.10339630172637537,66.66666666666667,100.0,0.11342328818053624,-2.162094562893252,0.0,0.08,0.10339630172637537,0.10339630172637537,0
84,14,0.251908540725708,0.3746543806415492,0.0,0.07999999999999582,93.93939393939394,100.0,0.07999999999999403,-0.3969378483532635,0.0,0.08,0.07999999999999582,0.07999999999999582,0
84,19,0.30247360467910767,0.3746543806415492,0.0,0.08112142676048524,89.0625,99.609375,0.08160203822926464,-0.2140099265917941,0.0,0.08,0.08112142676048524,0.08112142676048524,0
84,15,0.89732825756073,0.3746543806415492,0.7,0.6394375988254217,78.57142857142857,100.0,0.6391965697506026,0.8734177806602041,0.7,0.6399999999999999,0.6394375988254217,0.6394375988254217,0
85,9,0.2272789031267166,0.369523554887327,0.0,0.07999999999999707,94.140625,99.609375,0.07999999999999582,-0.48603655797682593,0.0,0.08,0.07999999999999707,0.07999999999999707,0
85,11,1.1345412731170654,0.369523554887327,0.7,0.6399999999418352,49.609375,99.609375,0.6399999999169075,1.1217691789566187,0.7,0.6399999999999999,0.6399999999418352,0.6399999999418352,0
85,1,0.46703043580055237,0.369523554887327,0.2341799365556593,0.20696949096749834,87.5,95.83333333333333,0.18109472313448588,0.2341799365556593,0.2341799365556593,0.2673439492445275,0.20696949096749834,0.20696949096749834,0
85,10,0.27452337741851807,0.369523554887327,0.0,0.07999999999999796,91.015625,100.0,0.0799999999999971,-0.29717805603417735,0.0,0.08,0.07999999999999796,0.07999999999999796,0
85,15,1.5354492664337158,0.369523554887327,0.7,0.6396063191777952,71.42857142857143,92.85714285714286,0.6394375988254217,1.424363792004983,0.7,0.6399999999999999,0.6396063191777952,0.6396063191777952,0
85,19,0.38058605790138245,0.369523554887327,0.029497835151074108,0.08786447916859745,89.453125,100.0,0.08112142676048524,0.029497835151074108,0.029497835151074108,0.10359826812085929,0.08786447916859745,0.08786447916859745,0
85,6,0.2609066367149353,0.369523554887327,0.0,0.07999999999999707,93.359375,100.0,0.07999999999999582,-0.34805184550202506,0.0,0.08,0.07999999999999707,0.07999999999999707,0
85,14,0.2563995122909546,0.369523554887327,0.0,0.07999999999999707,90.9090909090909,100.0,0.07999999999999582,-0.36547765151692757,0.0,0.08,0.07999999999999707,0.07999999999999707,0
85,8,1.4033169746398926,0.369523554887327,0.7,0.639999999974367,56.640625,100.0,0.6399999999633815,1.3343794746182385,0.7,0.6399999999999999,0.639999999974367,0.639999999974367,0
85,12,0.43485116958618164,0.369523554887327,0.16278934323795136,0.1695021722240447,85.546875,100.0,0.15204675692419484,0.16278934323795136,0.16278934323795136,0.21023147459036107,0.1695021722240447,0.1695021722240447,0
85,18,0.23935408890247345,0.369523554887327,0.0,0.07999999999999707,92.578125,100.0,0.07999999999999582,-0.4342704725891237,0.0,0.08,0.07999999999999707,0.07999999999999707,0
85,5,0.2676691710948944,0.369523554887327,0.0,0.08008313536295886,90.234375,100.0,0.08011876480422693,-0.3224626943085659,0.0,0.08,0.08008313536295886,0.08008313536295886,0
85,0,0.11472675949335098,0.369523554887327,0.0,0.09637741120846274,100.0,100.0,0.10339630172637537,-1.1696611294782921,0.0,0.08,0.09637741120846274,0.09637741120846274,0
85,17,0.11527745425701141,0.369523554887327,0.0,0.07999999999999707,95.3125,100.0,0.07999999999999582,-1.1648725583551829,0.0,0.08,0.07999999999999707,0.07999999999999707,0
85,7,0.8716596961021423,0.369523554887327,0.7,0.634402929426302,66.796875,99.609375,0.6320041848947173,0.8581845890258556,0.7,0.6399999999999999,0.634402929426302,0.634402929426302,0
85,13,0.8521011471748352,0.369523554887327,0.7,0.5232604875517105,71.73913043478261,91.30434782608695,0.47322926793101505,0.8354907354381175,0.7,0.6399999999999999,0.5232604875517105,0.5232604875517105,0
85,16,0.41455650329589844,0.369523554887327,0.11499479274261863,0.20471067862228245,87.27272727272727,100.0,0.21873132623436287,0.11499479274261863,0.11499479274261863,0.17199583419409492,0.20471067862228245,0.20471067862228245,0
85,3,0.4622440040111542,0.369523554887327,0.2238784070830705,0.17156206023005277,86.66666666666667,99.48717948717949,0.1340446321858798,0.2238784070830705,0.2238784070830705,0.2591027256664564,0.17156206023005277,0.17156206023005277,0
85,4,0.40947768092155457,0.369523554887327,0.10266790956315228,0.11206513949645519,88.9908256880734,99.08256880733946,0.09060691600185522,0.10266790956315228,0.10266790956315228,0.16213432765052183,0.11206513949645519,0.11206513949645519,0
85,2,0.2913249135017395,0.369523554887327,0.0,0.08001297050178463,98.46153846153847,100.0,0.08001852928826376,-0.2377752935499642,0.0,0.08,0.08001297050178463,0.08001297050178463,0
86,0,0.03942287340760231,0.37207438633974116,0.0,0.09146418784592392,100.0,100.0,0.09637741120846274,-2.2447473795846054,0.0,0.08,0.09146418784592392,0.09146418784592392,0
86,4,0.40429872274398804,0.37207438633974116,0.08306021775868927,0.12238004990960405,86.23853211009174,98.1651376146789,0.11206513949645519,0.08306021775868927,0.08306021775868927,0.14644817420695141,0.12238004990960405,0.12238004990960405,0
86,2,0.23310726881027222,0.37207438633974116,0.0,0.08000907935124923,93.84615384615384,98.46153846153847,0.08001297050178463,-0.4675950527568948,0.0,0.08,0.08000907935124923,0.08000907935124923,0
86,5,0.3179126977920532,0.37207438633974116,0.0,0.0800581947540712,90.625,100.0,0.08008313536295886,-0.15731698313983664,0.0,0.08,0.0800581947540712,0.0800581947540712,0
86,7,0.7696475386619568,0.37207438633974116,0.7,0.6360820505984114,73.046875,100.0,0.634402929426302,0.7268388566090075,0.7,0.6399999999999999,0.6360820505984114,0.6360820505984114,0
86,11,1.0546200275421143,0.37207438633974116,0.7,0.6399999999592846,55.078125,100.0,0.6399999999418352,1.041842002612251,0.7,0.6399999999999999,0.6399999999592846,0.6399999999592846,0
86,17,0.1291876882314682,0.37207438633974116,0.0,0.07999999999999795,94.140625,100.0,0.07999999999999707,-1.057827452549819,0.0,0.08,0.07999999999999795,0.07999999999999795,0
86,6,0.23405501246452332,0.37207438633974116,0.0,0.07999999999999795,91.015625,99.609375,0.07999999999999707,-0.4635375979841743,0.0,0.08,0.07999999999999795,0.07999999999999795,0
86,16,0.4274265766143799,0.37207438633974116,0.13868872197380835,0.2005827683093117,85.9090909090909,100.0,0.20471067862228245,0.13868872197380835,0.13868872197380835,0.1909509775790467,0.2005827683093117,0.2005827683093117,0
86,1,0.24063217639923096,0.37207438633974116,0.0,0.1688786436772488,91.66666666666667,100.0,0.20696949096749834,-0.43582425428704735,0.0,0.08,0.1688786436772488,0.1688786436772488,0
86,13,0.8575431108474731,0.37207438633974116,0.7,0.5582823412861974,67.3913043478261,93.47826086956522,0.5232604875517105,0.8349776400399791,0.7,0.6399999999999999,0.5582823412861974,0.5582823412861974,0
86,8,1.388732671737671,0.37207438633974116,0.7,0.6399999999820568,50.390625,100.0,0.639999999974367,1.3170530460417924,0.7,0.6399999999999999,0.6399999999820568,0.6399999999820568,0
86,10,0.3535272479057312,0.37207438633974116,0.0,0.07999999999999857,91.796875,100.0,0.07999999999999796,-0.05113323343024765,0.0,0.08,0.07999999999999857,0.07999999999999857,0
86,15,0.9014440774917603,0.37207438633974116,0.7,0.6397244234244566,64.28571428571429,100.0,0.6396063191777952,0.8849041946418202,0.7,0.6399999999999999,0.6397244234244566,0.6397244234244566,0
86,19,0.34777432680130005,0.37207438633974116,0.0,0.08550513541801821,88.28125,100.0,0.08786447916859745,-0.06754001247090832,0.0,0.08,0.08550513541801821,0.08550513541801821,0
86,12,0.3776346445083618,0.37207438633974116,0.014833381332542002,0.14621153207664137,82.8125,100.0,0.1695021722240447,0.014833381332542002,0.014833381332542002,0.0918667050660336,0.14621153207664137,0.14621153207664137,0
86,9,0.26763060688972473,0.37207438633974116,0.0,0.07999999999999795,91.015625,100.0,0.07999999999999707,-0.32948608983760896,0.0,0.08,0.07999999999999795,0.07999999999999795,0
86,14,0.2820672392845154,0.37207438633974116,0.0,0.07999999999999795,91.91919191919192,98.98989898989899,0.07999999999999707,-0.27694830929021597,0.0,0.08,0.07999999999999795,0.07999999999999795,0
86,18,0.2131875902414322,0.37207438633974116,0.0,0.07999999999999795,91.796875,100.0,0.07999999999999707,-0.5569212940564796,0.0,0.08,0.07999999999999795,0.07999999999999795,0
86,3,0.5447794795036316,0.37207438633974116,0.3812872819342533,0.23560238982525772,86.66666666666667,100.0,0.17156206023005277,0.3812872819342533,0.3812872819342533,0.38502982554740267,0.23560238982525772,0.23560238982525772,0
87,15,0.6582109332084656,0.36993202644111856,0.5762061588616648,0.6100965745239191,50.0,78.57142857142857,0.6397244234244566,0.5762061588616648,0.5762061588616648,0.5409649270893319,0.6100965745239191,0.6100965745239191,0
87,18,0.29599520564079285,0.36993202644111856,0.0,0.07999999999999856,89.453125,99.21875,0.07999999999999795,-0.22297601265405445,0.0,0.08,0.07999999999999856,0.07999999999999856,0
87,1,0.22464506328105927,0.36993202644111856,0.0,0.14221505057407416,91.66666666666667,91.66666666666667,0.1688786436772488,-0.4987975988390562,0.0,0.08,0.14221505057407416,0.14221505057407416,0
87,19,0.35655462741851807,0.36993202644111856,0.0,0.08385359479261274,91.015625,100.0,0.08550513541801821,-0.03683181471964334,0.0,0.08,0.08385359479261274,0.08385359479261274,0
87,3,0.36986133456230164,0.36993202644111856,0.0,0.18892167287768039,93.84615384615384,99.48717948717949,0.23560238982525772,-0.0001911124939674885,0.0,0.08,0.18892167287768039,0.18892167287768039,0
87,2,0.1837214082479477,0.36993202644111856,0.0,0.08000635554587446,92.3076923076923,98.46153846153847,0.08000907935124923,-0.699898724427466,0.0,0.08,0.08000635554587446,0.08000635554587446,0
87,7,0.8506891131401062,0.36993202644111856,0.7,0.6372574354188879,68.75,100.0,0.6360820505984114,0.8327274506520193,0.7,0.6399999999999999,0.6372574354188879,0.6372574354188879,0
87,10,0.35467007756233215,0.36993202644111856,0.0,0.07999999999999899,88.28125,99.21875,0.07999999999999857,-0.04213127690230713,0.0,0.08,0.07999999999999899,0.07999999999999899,0
87,6,0.24983355402946472,0.36993202644111856,0.0,0.07999999999999856,90.234375,100.0,0.07999999999999795,-0.3925243511975442,0.0,0.08,0.07999999999999856,0.07999999999999856,0
87,11,1.1900219917297363,0.36993202644111856,0.7,0.6399999999714991,42.578125,99.609375,0.6399999999592846,1.16840777131139,0.7,0.6399999999999999,0.6399999999714991,0.6399999999714991,0
87,9,0.23896591365337372,0.36993202644111856,0.0,0.07999999999999856,91.015625,99.609375,0.07999999999999795,-0.43699834056178366,0.0,0.08,0.07999999999999856,0.07999999999999856,0
87,4,0.35085415840148926,0.36993202644111856,0.0,0.10966603493672283,88.07339449541284,96.3302752293578,0.12238004990960405,-0.05294864097905395,0.0,0.08,0.10966603493672283,0.10966603493672283,0
87,0,0.6157755851745605,0.36993202644111856,0.5095633001429285,0.21032012352644958,100.0,83.33333333333333,0.09146418784592392,0.5095633001429285,0.5095633001429285,0.48765064011434284,0.21032012352644958,0.21032012352644958,0
87,17,0.12243223190307617,0.36993202644111856,0.0,0.07999999999999856,96.484375,100.0,0.07999999999999795,-1.105761553840182,0.0,0.08,0.07999999999999856,0.07999999999999856,0
87,16,0.49318984150886536,0.36993202644111856,0.2875748907795792,0.2334259116036172,86.36363636363636,99.54545454545455,0.2005827683093117,0.2875748907795792,0.2875748907795792,0.3100599126236634,0.2334259116036172,0.2334259116036172,0
87,14,0.32312822341918945,0.36993202644111856,0.0,0.07999999999999856,95.95959595959596,100.0,0.07999999999999795,-0.13527005154600052,0.0,0.08,0.07999999999999856,0.07999999999999856,0
87,8,1.3322070837020874,0.36993202644111856,0.7,0.6399999999874397,40.625,100.0,0.6399999999820568,1.281273011295764,0.7,0.6399999999999999,0.6399999999874397,0.6399999999874397,0
87,13,0.7636719346046448,0.36993202644111856,0.7,0.5827976389003381,71.73913043478261,95.65217391304348,0.5582823412861974,0.7248190016009058,0.7,0.6399999999999999,0.5827976389003381,0.5827976389003381,0
87,12,0.48290789127349854,0.36993202644111856,0.26650665140576013,0.1903096687910314,84.375,99.609375,0.14621153207664137,0.26650665140576013,0.26650665140576013,0.2932053211246081,0.1903096687910314,0.1903096687910314,0
87,5,0.3090900480747223,0.36993202644111856,0.0,0.08004073632784983,86.328125,100.0,0.0800581947540712,-0.17968661895735735,0.0,0.08,0.08004073632784983,0.08004073632784983,0
88,15,1.246587872505188,0.3685000590460492,0.7,0.6190676021667433,78.57142857142857,71.42857142857143,0.6100965745239191,1.2187245048921445,0.7,0.6399999999999999,0.6190676021667433,0.6190676021667433,0
88,1,0.41981449723243713,0.3685000590460492,0.13037206527506628,0.1548398310678678,87.5,100.0,0.14221505057407416,0.13037206527506628,0.13037206527506628,0.18429765222005304,0.1548398310678678,0.1548398310678678,0
88,18,0.21277162432670593,0.3685000590460492,0.0,0.07999999999999899,94.140625,98.828125,0.07999999999999856,-0.5492214477542264,0.0,0.08,0.07999999999999899,0.07999999999999899,0
88,3,0.34396427869796753,0.3685000590460492,0.0,0.15624517101437627,85.12820512820512,100.0,0.18892167287768039,-0.06890305893987336,0.0,0.08,0.15624517101437627,0.15624517101437627,0
88,14,0.3649885356426239,0.3685000590460492,0.0,0.07999999999999899,92.92929292929293,100.0,0.07999999999999856,-0.009574927710885866,0.0,0.08,0.07999999999999899,0.07999999999999899,0
88,0,0.5932785868644714,0.3685000590460492,0.4762231988869621,0.28551765420138564,100.0,100.0,0.21032012352644958,0.4762231988869621,0.4762231988869621,0.4609785591095697,0.28551765420138564,0.28551765420138564,0
88,2,0.2434092015028,0.3685000590460492,0.0,0.08000444888211211,90.76923076923077,100.0,0.08000635554587446,-0.4146968740401775,0.0,0.08,0.08000444888211211,0.08000444888211211,0
88,7,0.7263211607933044,0.3685000590460492,0.6785514020147261,0.6329325412767558,64.84375,100.0,0.6372574354188879,0.6785514020147261,0.6785514020147261,0.6228411216117808,0.6329325412767558,0.6329325412767558,0
88,16,0.49093112349510193,0.3685000590460492,0.2868629613101188,0.25624524883696054,90.45454545454545,99.54545454545455,0.2334259116036172,0.2868629613101188,0.2868629613101188,0.30949036904809507,0.25624524883696054,0.25624524883696054,0
88,10,0.24765418469905853,0.3685000590460492,0.0,0.0799999999999993,94.140625,100.0,0.07999999999999899,-0.3974075020955662,0.0,0.08,0.0799999999999993,0.0799999999999993,0
88,5,0.34536680579185486,0.3685000590460492,0.0,0.08002851542949488,91.40625,100.0,0.08004073632784983,-0.06483381262240759,0.0,0.08,0.08002851542949488,0.08002851542949488,0
88,9,0.3040488064289093,0.3685000590460492,0.0,0.07999999999999899,96.09375,99.609375,0.07999999999999856,-0.19225263012709762,0.0,0.08,0.07999999999999899,0.07999999999999899,0
88,12,0.39249131083488464,0.3685000590460492,0.0630735254554629,0.17235441426303305,81.640625,100.0,0.1903096687910314,0.0630735254554629,0.0630735254554629,0.13045882036437031,0.17235441426303305,0.17235441426303305,0
88,8,1.313256025314331,0.3685000590460492,0.7,0.6399999999912077,42.96875,100.0,0.6399999999874397,1.270823956532192,0.7,0.6399999999999999,0.6399999999912077,0.6399999999912077,0
88,11,1.1585136651992798,0.3685000590460492,0.7,0.6399999999800493,46.875,99.609375,0.6399999999714991,1.145452249031819,0.7,0.6399999999999999,0.6399999999800493,0.6399999999800493,0
88,13,1.162413239479065,0.3685000590460492,0.7,0.5999583472302367,65.21739130434783,91.30434782608695,0.5827976389003381,1.1488126115730364,0.7,0.6399999999999999,0.5999583472302367,0.5999583472302367,0
88,19,0.2764441967010498,0.3685000590460492,0.0,0.08269751635482891,92.578125,100.0,0.08385359479261274,-0.28743188248168805,0.0,0.08,0.08269751635482891,0.08269751635482891,0
88,17,0.12465260922908783,0.3685000590460492,0.0,0.07999999999999899,95.3125,100.0,0.07999999999999856,-1.0839100765829506,0.0,0.08,0.07999999999999899,0.07999999999999899,0
88,4,0.2928900420665741,0.3685000590460492,0.0,0.10076622445570599,90.8256880733945,99.08256880733946,0.10966603493672283,-0.2296436093258969,0.0,0.08,0.10076622445570599,0.10076622445570599,0
88,6,0.341535359621048,0.3685000590460492,0.0,0.07999999999999899,93.359375,100.0,0.07999999999999856,-0.07598965398751814,0.0,0.08,0.07999999999999899,0.07999999999999899,0
89,19,0.36415061354637146,0.36716782021316824,0.0,0.08188826144838024,91.015625,100.0,0.08269751635482891,-0.008251463560253141,0.0,0.08,0.08188826144838024,0.08188826144838024,0
89,18,0.23332495987415314,0.36716782021316824,0.0,0.0799999999999993,94.53125,100.0,0.07999999999999899,-0.45338684422014264,0.0,0.08,0.0799999999999993,0.0799999999999993,0
89,12,0.4586792588233948,0.36716782021316824,0.2225321585235712,0.19805580802978023,84.765625,100.0,0.17235441426303305,0.2225321585235712,0.2225321585235712,0.258025726818857,0.19805580802978023,0.19805580802978023,0
89,13,0.7842792868614197,0.36716782021316824,0.7,0.6119708430611657,86.95652173913044,95.65217391304348,0.5999583472302367,0.7589461563500168,0.7,0.6399999999999999,0.6119708430611657,0.6119708430611657,0
89,2,0.11894131451845169,0.36716782021316824,0.0,0.08000311421747847,96.92307692307692,100.0,0.08000444888211211,-1.1271887463181607,0.0,0.08,0.08000311421747847,0.08000311421747847,0
89,15,0.7420920133590698,0.36716782021316824,0.7,0.6253473215167202,35.714285714285715,92.85714285714286,0.6190676021667433,0.7036542096204432,0.7,0.6399999999999999,0.6253473215167202,0.6253473215167202,0
89,9,0.2148207426071167,0.36716782021316824,0.0,0.0799999999999993,90.625,100.0,0.07999999999999899,-0.5360150749614747,0.0,0.08,0.0799999999999993,0.0799999999999993,0
89,17,0.1002332791686058,0.36716782021316824,0.0,0.0799999999999993,96.875,100.0,0.07999999999999899,-1.2983186858494487,0.0,0.08,0.0799999999999993,0.0799999999999993,0
89,11,1.0692579746246338,0.36716782021316824,0.7,0.6399999999860344,56.25,100.0,0.6399999999800493,1.068901168022817,0.7,0.6399999999999999,0.6399999999860344,0.6399999999860344,0
89,8,1.2992894649505615,0.36716782021316824,0.7,0.6399999999938454,44.921875,100.0,0.6399999999912077,1.2637537897456075,0.7,0.6399999999999999,0.6399999999938454,0.6399999999938454,0
89,7,0.8375208973884583,0.36716782021316824,0.7,0.635052778893729,63.671875,100.0,0.6329325412767558,0.824627180876984,0.7,0.6399999999999999,0.635052778893729,0.635052778893729,0
89,1,0.46061527729034424,0.36716782021316824,0.22674413022789083,0.18680647300220127,91.66666666666667,91.66666666666667,0.1548398310678678,0.22674413022789083,0.22674413022789083,0.26139530418231266,0.18680647300220127,0.18680647300220127,0
89,0,0.04191255941987038,0.36716782021316824,0.0,0.22386235794096992,83.33333333333333,100.0,0.28551765420138564,-2.1702332784608944,0.0,0.08,0.22386235794096992,0.22386235794096992,0
89,3,0.5240125060081482,0.36716782021316824,0.35569652299095994,0.21873878522789378,89.23076923076923,99.48717948717949,0.15624517101437627,0.35569652299095994,0.35569652299095994,0.364557218392768,0.21873878522789378,0.21873878522789378,0
89,4,0.3012804090976715,0.36716782021316824,0.0,0.09453635711899419,81.65137614678899,100.0,0.10076622445570599,-0.1977775905916249,0.0,0.08,0.09453635711899419,0.09453635711899419,0
89,14,0.3375735878944397,0.36716782021316824,0.0,0.0799999999999993,89.8989898989899,100.0,0.07999999999999899,-0.08403549218193412,0.0,0.08,0.0799999999999993,0.0799999999999993,0
89,5,0.27490028738975525,0.36716782021316824,0.0,0.08001996080064641,91.015625,100.0,0.08002851542949488,-0.28941056957526884,0.0,0.08,0.08001996080064641,0.08001996080064641,0
89,16,0.42241689562797546,0.36716782021316824,0.14017370782810237,0.23701336406461693,83.63636363636364,100.0,0.25624524883696054,0.14017370782810237,0.14017370782810237,0.1921389662624819,0.23701336406461693,0.23701336406461693,0
89,6,0.2760213613510132,0.36716782021316824,0.0,0.0799999999999993,92.578125,100.0,0.07999999999999899,-0.28534075140594006,0.0,0.08,0.0799999999999993,0.0799999999999993,0
89,10,0.3015272617340088,0.36716782021316824,0.0,0.0799999999999995,92.578125,100.0,0.0799999999999993,-0.1969585809675264,0.0,0.08,0.0799999999999995,0.0799999999999995,0
90,15,0.7365480661392212,0.36553724826389195,0.7,0.6297431250617042,57.142857142857146,92.85714285714286,0.6253473215167202,0.7006062984791197,0.7,0.6399999999999999,0.6297431250617042,0.6297431250617042,0
90,3,0.3833981156349182,0.36553724826389195,0.04770573001274488,0.1885665248625844,85.64102564102564,99.48717948717949,0.21873878522789378,0.04770573001274488,0.04770573001274488,0.11816458401019592,0.1885665248625844,0.1885665248625844,0
90,9,0.21698971092700958,0.36553724826389195,0.0,0.0799999999999995,91.796875,100.0,0.0799999999999993,-0.5215182283704781,0.0,0.08,0.0799999999999995,0.0799999999999995,0
90,7,0.8282335996627808,0.36553724826389195,0.7,0.6365369452256102,66.796875,99.21875,0.635052778893729,0.8179270400768783,0.7,0.6399999999999999,0.6365369452256102,0.6365369452256102,0
90,5,0.314398854970932,0.36553724826389195,0.0,0.08001397256045248,90.625,100.0,0.08001996080064641,-0.1507057613838464,0.0,0.08,0.08001397256045248,0.08001397256045248,0
90,18,0.2274230420589447,0.36553724826389195,0.0,0.0799999999999995,92.578125,99.21875,0.0799999999999993,-0.47455626331954925,0.0,0.08,0.0799999999999995,0.0799999999999995,0
90,8,1.2098720073699951,0.36553724826389195,0.7,0.6399999999956917,39.84375,100.0,0.6399999999938454,1.1969016504390302,0.7,0.6399999999999999,0.6399999999956917,0.6399999999956917,0
90,1,0.40582945942878723,0.36553724826389195,0.1045648335395831,0.17986009115104082,83.33333333333333,95.83333333333333,0.18680647300220127,0.1045648335395831,0.1045648335395831,0.1636518668316665,0.17986009115104082,0.17986009115104082,0
90,6,0.3026618957519531,0.36553724826389195,0.0,0.0799999999999995,92.1875,100.0,0.0799999999999993,-0.18875185187399576,0.0,0.08,0.0799999999999995,0.0799999999999995,0
90,12,0.5226259231567383,0.36553724826389195,0.3574977634048529,0.24843852883801087,86.328125,100.0,0.19805580802978023,0.3574977634048529,0.3574977634048529,0.36599821072388233,0.24843852883801087,0.24843852883801087,0
90,13,0.7275587320327759,0.36553724826389195,0.6883265290591403,0.6175779571170096,78.26086956521739,97.82608695652173,0.6119708430611657,0.6883265290591403,0.6883265290591403,0.6306612232473122,0.6175779571170096,0.6175779571170096,0
90,10,0.33467477560043335,0.36553724826389195,0.0,0.07999999999999965,91.015625,99.609375,0.0799999999999995,-0.08820894073748273,0.0,0.08,0.07999999999999965,0.07999999999999965,0
90,17,0.11710093915462494,0.36553724826389195,0.0,0.0799999999999995,93.359375,100.0,0.0799999999999993,-1.1383318357133032,0.0,0.08,0.0799999999999995,0.0799999999999995,0
90,11,1.1258851289749146,0.36553724826389195,0.7,0.639999999990224,46.09375,99.609375,0.6399999999860344,1.1249565836922553,0.7,0.6399999999999999,0.639999999990224,0.639999999990224,0
90,0,0.6911404728889465,0.36553724826389195,0.636974895061895,0.33357762537353375,100.0,100.0,0.22386235794096992,0.636974895061895,0.636974895061895,0.589579916049516,0.33357762537353375,0.33357762537353375,0
90,4,0.3927052319049835,0.36553724826389195,0.07169109807605513,0.10738131352154916,85.3211009174312,99.08256880733946,0.09453635711899419,0.07169109807605513,0.07169109807605513,0.1373528784608441,0.10738131352154916,0.10738131352154916,0
90,16,0.49615395069122314,0.36553724826389195,0.3055180713897467,0.26323369197877106,85.45454545454545,99.54545454545455,0.23701336406461693,0.3055180713897467,0.3055180713897467,0.32441445711179734,0.26323369197877106,0.26323369197877106,0
90,2,0.4297279417514801,0.36553724826389195,0.1617841263328413,0.11883037027211685,87.6923076923077,100.0,0.08000311421747847,0.1617841263328413,0.1617841263328413,0.20942730106627305,0.11883037027211685,0.11883037027211685,0
90,14,0.35551005601882935,0.36553724826389195,0.0,0.0799999999999995,88.88888888888889,100.0,0.0799999999999993,-0.027814647844412354,0.0,0.08,0.0799999999999995,0.0799999999999995,0
90,19,0.298300564289093,0.36553724826389195,0.0,0.08132178301386617,91.015625,100.0,0.08188826144838024,-0.2032665950637055,0.0,0.08,0.08132178301386617,0.08132178301386617,0
91,12,0.38922739028930664,0.3689102580041913,0.05361031107129989,0.21077344484371957,83.203125,100.0,0.24843852883801087,0.05361031107129989,0.05361031107129989,0.12288824885703992,0.21077344484371957,0.21077344484371957,0
91,11,1.26017427444458,0.3689102580041913,0.7,0.6399999999931568,48.828125,99.609375,0.639999999990224,1.2284518730398075,0.7,0.6399999999999999,0.6399999999931568,0.6399999999931568,0
91,17,0.14846940338611603,0.3689102580041913,0.0,0.07999999999999965,96.875,100.0,0.0799999999999995,-0.9101744717639523,0.0,0.08,0.07999999999999965,0.07999999999999965,0
91,3,0.41086164116859436,0.3689102580041913,0.10770310433905067,0.18184531244518123,90.76923076923077,100.0,0.1885665248625844,0.10770310433905067,0.10770310433905067,0.16616248347124055,0.18184531244518123,0.18184531244518123,0
91,10,0.28583845496177673,0.3689102580041913,0.0,0.07999999999999975,94.53125,100.0,0.07999999999999965,-0.2551265948981402,0.0,0.08,0.07999999999999975,0.07999999999999975,0
91,2,0.38921841979026794,0.3689102580041913,0.05358726386957427,0.12004220251917962,87.6923076923077,100.0,0.11883037027211685,0.05358726386957427,0.05358726386957427,0.12286981109565942,0.12004220251917962,0.12004220251917962,0
91,13,0.4973357617855072,0.3689102580041913,0.29871195680953316,0.5279954396161947,82.6086956521739,93.47826086956522,0.6175779571170096,0.29871195680953316,0.29871195680953316,0.31896956544762656,0.5279954396161947,0.5279954396161947,0
91,8,1.3184459209442139,0.3689102580041913,0.7,0.6399999999969841,45.703125,100.0,0.6399999999956917,1.2736555586185725,0.7,0.6399999999999999,0.6399999999969841,0.6399999999969841,0
91,9,0.3051168918609619,0.3689102580041913,0.0,0.07999999999999965,91.015625,100.0,0.0799999999999995,-0.18985845036541307,0.0,0.08,0.07999999999999965,0.07999999999999965,0
91,14,0.30853885412216187,0.3689102580041913,0.0,0.07999999999999965,95.95959595959596,100.0,0.0799999999999995,-0.1787056252115456,0.0,0.08,0.07999999999999965,0.07999999999999965,0
91,15,1.250774621963501,0.3689102580041913,0.7,0.6328201875431928,71.42857142857143,92.85714285714286,0.6297431250617042,1.2209649056009306,0.7,0.6399999999999999,0.6328201875431928,0.6328201875431928,0
91,0,0.05718390643596649,0.3689102580041913,0.0,0.25750433776147363,100.0,100.0,0.33357762537353375,-1.8642807606704996,0.0,0.08,0.25750433776147363,0.25750433776147363,0
91,6,0.19152309000492096,0.3689102580041913,0.0,0.07999999999999965,89.453125,99.609375,0.0799999999999995,-0.6555450103245711,0.0,0.08,0.07999999999999965,0.07999999999999965,0
91,4,0.3277190923690796,0.3689102580041913,0.0,0.09916691946508441,87.1559633027523,99.08256880733946,0.10738131352154916,-0.11839659207597089,0.0,0.08,0.09916691946508441,0.09916691946508441,0
91,1,0.233379065990448,0.3689102580041913,0.0,0.14990206380572857,100.0,95.83333333333333,0.17986009115104082,-0.45788937120697626,0.0,0.08,0.14990206380572857,0.14990206380572857,0
91,16,0.39933452010154724,0.3689102580041913,0.07924604859017575,0.22728263604678192,89.0909090909091,98.18181818181819,0.26323369197877106,0.07924604859017575,0.07924604859017575,0.1433968388721406,0.22728263604678192,0.22728263604678192,0
91,19,0.25437507033348083,0.3689102580041913,0.0,0.0809252481097063,90.625,99.609375,0.08132178301386617,-0.37174356632390704,0.0,0.08,0.0809252481097063,0.0809252481097063,0
91,5,0.4338582754135132,0.3689102580041913,0.16216451114416866,0.1189292634669172,92.1875,100.0,0.08001397256045248,0.16216451114416866,0.16216451114416866,0.20973160891533493,0.1189292634669172,0.1189292634669172,0
91,7,0.9167421460151672,0.3689102580041913,0.7,0.6375758616579271,55.859375,99.609375,0.6365369452256102,0.9102728122903,0.7,0.6399999999999999,0.6375758616579271,0.6375758616579271,0
91,18,0.1994699239730835,0.3689102580041913,0.0,0.07999999999999965,92.1875,99.21875,0.0799999999999995,-0.6148899202573576,0.0,0.08,0.07999999999999965,0.07999999999999965,0
92,7,0.8122695088386536,0.36786610781173956,0.7,0.638303103160549,67.96875,100.0,0.6375758616579271,0.7921131431608154,0.7,0.6399999999999999,0.638303103160549,0.638303103160549,0
92,4,0.2589118182659149,0.36786610781173956,0.0,0.09341684362555908,89.90825688073394,100.0,0.09916691946508441,-0.3512314893458463,0.0,0.08,0.09341684362555908,0.09341684362555908,0
92,18,0.2659521996974945,0.36786610781173956,0.0,0.07999999999999975,93.359375,99.609375,0.07999999999999965,-0.32440243183069206,0.0,0.08,0.07999999999999975,0.07999999999999975,0
92,16,0.42880672216415405,0.36786610781173956,0.1532872479633116,0.21988678474394213,88.63636363636364,99.54545454545455,0.22728263604678192,0.1532872479633116,0.1532872479633116,0.20262979837064932,0.21988678474394213,0.21988678474394213,0
92,11,1.2472193241119385,0.36786610781173956,0.7,0.6399999999952097,44.53125,100.0,0.6399999999931568,1.2209527579577495,0.7,0.6399999999999999,0.6399999999952097,0.6399999999952097,0
92,9,0.15919676423072815,0.36786610781173956,0.0,0.07999999999999975,94.140625,99.609375,0.07999999999999965,-0.8375780508445245,0.0,0.08,0.07999999999999975,0.07999999999999975,0
92,13,0.5425332188606262,0.36786610781173956,0.38853027321509565,0.4868440733029592,71.73913043478261,100.0,0.5279954396161947,0.38853027321509565,0.38853027321509565,0.39082421857207655,0.4868440733029592,0.4868440733029592,0
92,12,0.524709165096283,0.36786610781173956,0.3551250952261385,0.2567714342448769,82.8125,100.0,0.21077344484371957,0.3551250952261385,0.3551250952261385,0.36410007618091084,0.2567714342448769,0.2567714342448769,0
92,6,0.21975652873516083,0.36786610781173956,0.0,0.07999999999999975,90.625,100.0,0.07999999999999965,-0.5151987702207788,0.0,0.08,0.07999999999999975,0.07999999999999975,0
92,17,0.157279834151268,0.36786610781173956,0.0,0.07999999999999975,97.265625,100.0,0.07999999999999965,-0.8496923961812317,0.0,0.08,0.07999999999999975,0.07999999999999975,0
92,14,0.22005927562713623,0.36786610781173956,0.0,0.07999999999999975,97.97979797979798,98.98989898989899,0.07999999999999965,-0.5138220715072629,0.0,0.08,0.07999999999999975,0.07999999999999975,0
92,1,0.36118555068969727,0.36786610781173956,0.0,0.12893144466401,87.5,95.83333333333333,0.14990206380572857,-0.018327216878098275,0.0,0.08,0.12893144466401,0.12893144466401,0
92,19,0.2988855540752411,0.36786610781173956,0.0,0.0806476736767944,88.671875,99.609375,0.0809252481097063,-0.20765829039376302,0.0,0.08,0.0806476736767944,0.0806476736767944,0
92,2,0.39947956800460815,0.36786610781173956,0.08244358333290168,0.12781600176332214,96.92307692307692,100.0,0.12004220251917962,0.08244358333290168,0.08244358333290168,0.14595486666632135,0.12781600176332214,0.12781600176332214,0
92,0,0.5194767713546753,0.36786610781173956,0.3451030536445246,0.28707776930771745,83.33333333333333,100.0,0.25750433776147363,0.3451030536445246,0.3451030536445246,0.3560824429156197,0.28707776930771745,0.28707776930771745,0
92,15,1.007808804512024,0.36786610781173956,0.7,0.6349741312802349,50.0,92.85714285714286,0.6328201875431928,1.007814700819479,0.7,0.6399999999999999,0.6349741312802349,0.6349741312802349,0
92,5,0.3806608021259308,0.36786610781173956,0.03418966004564259,0.11545600283779625,85.15625,100.0,0.1189292634669172,0.03418966004564259,0.03418966004564259,0.10735172803651408,0.11545600283779625,0.11545600283779625,0
92,8,1.2707123756408691,0.36786610781173956,0.7,0.6399999999978888,45.3125,100.0,0.6399999999969841,1.2396138940839692,0.7,0.6399999999999999,0.6399999999978888,0.6399999999978888,0
92,3,0.4141061305999756,0.36786610781173956,0.11840325754711044,0.17970850052293336,91.28205128205128,98.46153846153847,0.18184531244518123,0.11840325754711044,0.11840325754711044,0.17472260603768835,0.17970850052293336,0.17970850052293336,0
92,10,0.35310015082359314,0.36786610781173956,0.0,0.07999999999999982,90.234375,100.0,0.07999999999999975,-0.04096730328359804,0.0,0.08,0.07999999999999982,0.07999999999999982,0
93,0,0.15436090528964996,0.37008651553709254,0.0,0.2249544385154022,100.0,83.33333333333333,0.28707776930771745,-0.8744433648721458,0.0,0.08,0.2249544385154022,0.2249544385154022,0
93,9,0.2206689864397049,0.37008651553709254,0.0,0.07999999999999982,91.796875,100.0,0.07999999999999975,-0.5170730060048949,0.0,0.08,0.07999999999999982,0.07999999999999982,0
93,18,0.25103646516799927,0.37008651553709254,0.0,0.07999999999999982,93.359375,99.609375,0.07999999999999975,-0.38813858313355554,0.0,0.08,0.07999999999999982,0.07999999999999982,0
93,6,0.23903796076774597,0.37008651553709254,0.0,0.07999999999999982,92.1875,100.0,0.07999999999999975,-0.4371144182842532,0.0,0.08,0.07999999999999982,0.07999999999999982,0
93,1,0.20152918994426727,0.37008651553709254,0.0,0.114252011264807,87.5,95.83333333333333,0.12893144466401,-0.6078025473392614,0.0,0.08,0.114252011264807,0.114252011264807,0
93,13,0.7737464904785156,0.37008651553709254,0.7,0.5327908513120714,71.73913043478261,100.0,0.4868440733029592,0.7375074700802179,0.7,0.6399999999999999,0.5327908513120714,0.5327908513120714,0
93,5,0.43110793828964233,0.37008651553709254,0.15262168771071824,0.14144840703702974,91.015625,100.0,0.11545600283779625,0.15262168771071824,0.15262168771071824,0.2020973501685746,0.14144840703702974,0.14144840703702974,0
93,14,0.30985692143440247,0.37008651553709254,0.0,0.07999999999999982,93.93939393939394,100.0,0.07999999999999975,-0.17762615165386478,0.0,0.08,0.07999999999999982,0.07999999999999982,0
93,8,1.243693232536316,0.37008651553709254,0.7,0.6399999999985221,51.5625,100.0,0.6399999999978888,1.2121038221879594,0.7,0.6399999999999999,0.6399999999985221,0.6399999999985221,0
93,12,0.3644973337650299,0.37008651553709254,0.0,0.2037400039714138,83.59375,99.609375,0.2567714342448769,-0.015217567018496553,0.0,0.08,0.2037400039714138,0.2037400039714138,0
93,7,0.7049645781517029,0.37008651553709254,0.6444107408767505,0.6254707500228044,69.53125,100.0,0.638303103160549,0.6444107408767505,0.6444107408767505,0.5955285927014005,0.6254707500228044,0.6254707500228044,0
93,17,0.13106586039066315,0.37008651553709254,0.0,0.07999999999999982,97.65625,100.0,0.07999999999999975,-1.038036806866465,0.0,0.08,0.07999999999999982,0.07999999999999982,0
93,11,1.2040982246398926,0.37008651553709254,0.7,0.6399999999966468,51.953125,99.609375,0.6399999999952097,1.179749381671015,0.7,0.6399999999999999,0.6399999999966468,0.6399999999966468,0
93,3,0.4288717806339264,0.37008651553709254,0.14742118682847188,0.1851770352048866,85.64102564102564,98.46153846153847,0.17970850052293336,0.14742118682847188,0.14742118682847188,0.1979369494627775,0.1851770352048866,0.1851770352048866,0
93,4,0.3030627965927124,0.37008651553709254,0.0,0.08939179053789134,88.07339449541284,98.1651376146789,0.09341684362555908,-0.1997967645883958,0.0,0.08,0.08939179053789134,0.08939179053789134,0
93,2,0.3534308969974518,0.37008651553709254,0.0,0.1134712012343255,87.6923076923077,100.0,0.12781600176332214,-0.04604881890724676,0.0,0.08,0.1134712012343255,0.1134712012343255,0
93,15,0.6285055875778198,0.37008651553709254,0.5296081031382379,0.5955878366493416,71.42857142857143,92.85714285714286,0.6349741312802349,0.5296081031382379,0.5296081031382379,0.5036864825105903,0.5955878366493416,0.5955878366493416,0
93,10,0.28959137201309204,0.37008651553709254,0.0,0.07999999999999988,93.359375,99.609375,0.07999999999999982,-0.2452659292752279,0.0,0.08,0.07999999999999988,0.07999999999999988,0
93,19,0.2840149402618408,0.37008651553709254,0.0,0.08045337157375608,90.234375,100.0,0.0806476736767944,-0.2647099525591964,0.0,0.08,0.08045337157375608,0.08045337157375608,0
93,16,0.47495561838150024,0.37008651553709254,0.24948455463568583,0.23779704243332406,85.45454545454545,99.54545454545455,0.21988678474394213,0.24948455463568583,0.24948455463568583,0.27958764370854866,0.23779704243332406,0.23779704243332406,0
94,2,0.21603484451770782,0.366242254904976,0.0,0.10342984086402784,92.3076923076923,100.0,0.1134712012343255,-0.5278552822204954,0.0,0.08,0.10342984086402784,0.10342984086402784,0
94,16,0.32225286960601807,0.366242254904976,0.0,0.1904579297033268,87.27272727272727,98.63636363636364,0.23779704243332406,-0.1279584626775126,0.0,0.08,0.1904579297033268,0.1904579297033268,0
94,10,0.277152955532074,0.366242254904976,0.0,0.0799999999999999,91.796875,100.0,0.07999999999999988,-0.27872546448862145,0.0,0.08,0.0799999999999999,0.0799999999999999,0
94,0,0.08103463798761368,0.366242254904976,0.0,0.18146810696078153,100.0,100.0,0.2249544385154022,-1.508418224249141,0.0,0.08,0.18146810696078153,0.18146810696078153,0
94,8,1.4204423427581787,0.366242254904976,0.7,0.6399999999989654,48.046875,100.0,0.6399999999985221,1.3554285777162731,0.7,0.6399999999999999,0.6399999999989654,0.6399999999989654,0
94,5,0.2769213616847992,0.366242254904976,0.0,0.1230138849259208,89.84375,100.0,0.14144840703702974,-0.27956143123606314,0.0,0.08,0.1230138849259208,0.1230138849259208,0
94,6,0.2898973226547241,0.366242254904976,0.0,0.07999999999999988,91.015625,100.0,0.07999999999999982,-0.23376820542465543,0.0,0.08,0.07999999999999988,0.07999999999999988,0
94,3,0.34962865710258484,0.366242254904976,0.0,0.15362392464342062,88.2051282051282,100.0,0.1851770352048866,-0.046423400253937014,0.0,0.08,0.15362392464342062,0.15362392464342062,0
94,12,0.44311830401420593,0.366242254904976,0.19054176851637392,0.21234802722391938,87.890625,100.0,0.2037400039714138,0.19054176851637392,0.19054176851637392,0.23243341481309915,0.21234802722391938,0.21234802722391938,0
94,15,1.0799299478530884,0.366242254904976,0.7,0.608911485654539,42.857142857142854,92.85714285714286,0.5955878366493416,1.0813564237805546,0.7,0.6399999999999999,0.608911485654539,0.608911485654539,0
94,9,0.24964088201522827,0.366242254904976,0.0,0.07999999999999988,94.140625,100.0,0.07999999999999982,-0.383271587129088,0.0,0.08,0.07999999999999988,0.07999999999999988,0
94,11,1.2545890808105469,0.366242254904976,0.7,0.6399999999976527,46.09375,100.0,0.6399999999966468,1.2312683398772968,0.7,0.6399999999999999,0.6399999999976527,0.6399999999976527,0
94,1,0.2672945559024811,0.366242254904976,0.0,0.10397640788536489,87.5,95.83333333333333,0.114252011264807,-0.31494374703958855,0.0,0.08,0.10397640788536489,0.10397640788536489,0
94,13,0.84745854139328,0.366242254904976,0.7,0.56495359591845,65.21739130434783,97.82608695652173,0.5327908513120714,0.8389468907531629,0.7,0.6399999999999999,0.56495359591845,0.56495359591845,0
94,17,0.13551753759384155,0.366242254904976,0.0,0.07999999999999988,95.703125,100.0,0.07999999999999982,-0.9941939059222747,0.0,0.08,0.07999999999999988,0.07999999999999988,0
94,4,0.33068761229515076,0.366242254904976,0.0,0.08657425337652394,88.9908256880734,99.08256880733946,0.08939179053789134,-0.10212084990968878,0.0,0.08,0.08657425337652394,0.08657425337652394,0
94,19,0.23628364503383636,0.366242254904976,0.0,0.08031736010162925,87.5,100.0,0.08045337157375608,-0.4382620289971208,0.0,0.08,0.08031736010162925,0.08031736010162925,0
94,7,0.7489758133888245,0.366242254904976,0.7,0.629829525015963,63.28125,100.0,0.6254707500228044,0.7154116640817869,0.7,0.6399999999999999,0.629829525015963,0.629829525015963,0
94,14,0.20295371115207672,0.366242254904976,0.0,0.07999999999999988,91.91919191919192,98.98989898989899,0.07999999999999982,-0.5903170619635649,0.0,0.08,0.07999999999999988,0.07999999999999988,0
94,18,0.2577766478061676,0.366242254904976,0.0,0.07999999999999988,89.453125,99.609375,0.07999999999999982,-0.35120149779763193,0.0,0.08,0.07999999999999988,0.07999999999999988,0
95,9,0.26357465982437134,0.3579705433238183,0.0,0.0799999999999999,93.75,100.0,0.07999999999999988,-0.3061140249519489,0.0,0.08,0.0799999999999999,0.0799999999999999,0
95,19,0.26448822021484375,0.3579705433238183,0.0,0.08022215207114047,88.28125,100.0,0.08031736010162925,-0.30265397766656826,0.0,0.08,0.08022215207114047,0.08022215207114047,0
95,16,0.46347784996032715,0.3579705433238183,0.25830788705685187,0.2193144436859732,85.0,99.54545454545455,0.1904579297033268,0.25830788705685187,0.25830788705685187,0.2866463096454815,0.2193144436859732,0.2193144436859732,0
95,14,0.2458137720823288,0.3579705433238183,0.0,0.0799999999999999,87.87878787878788,100.0,0.07999999999999988,-0.37587646386170404,0.0,0.08,0.0799999999999999,0.0799999999999999,0
95,8,1.3168046474456787,0.3579705433238183,0.7,0.6399999999992757,39.453125,100.0,0.6399999999989654,1.302512637126605,0.7,0.6399999999999999,0.6399999999992757,0.6399999999992757,0
95,17,0.1339215636253357,0.3579705433238183,0.0,0.0799999999999999,96.875,100.0,0.07999999999999988,-0.9831963725722898,0.0,0.08,0.0799999999999999,0.0799999999999999,0
95,2,0.39524349570274353,0.3579705433238183,0.09905131536270498,0.12017320429186867,87.6923076923077,98.46153846153847,0.10342984086402784,0.09905131536270498,0.09905131536270498,0.159241052290164,0.12017320429186867,0.12017320429186867,0
95,7,0.6917038559913635,0.3579705433238183,0.6587071949743795,0.6229703943050251,64.0625,99.609375,0.629829525015963,0.6587071949743795,0.6587071949743795,0.6069657559795035,0.6229703943050251,0.6229703943050251,0
95,15,0.6500915884971619,0.3579705433238183,0.5966625439938595,0.5934370505167036,50.0,85.71428571428571,0.608911485654539,0.5966625439938595,0.5966625439938595,0.5573300351950876,0.5934370505167036,0.5934370505167036,0
95,11,1.1019046306610107,0.3579705433238183,0.7,0.6399999999983568,49.21875,99.609375,0.6399999999976527,1.124344723260887,0.7,0.6399999999999999,0.6399999999983568,0.6399999999983568,0
95,13,0.6808833479881287,0.3579705433238183,0.6429402812597157,0.5737731846452467,69.56521739130434,95.65217391304348,0.56495359591845,0.6429402812597157,0.6429402812597157,0.5943522250077725,0.5737731846452467,0.5737731846452467,0
95,0,0.8641510605812073,0.3579705433238183,0.7,0.319027674872547,100.0,100.0,0.18146810696078153,0.8812968739969805,0.7,0.6399999999999999,0.319027674872547,0.319027674872547,0
95,12,0.4304203391075134,0.3579705433238183,0.18431155752253547,0.21687839286215208,87.890625,99.609375,0.21234802722391938,0.18431155752253547,0.18431155752253547,0.2274492460180284,0.21687839286215208,0.21687839286215208,0
95,10,0.3294602632522583,0.3579705433238183,0.0,0.07999999999999993,92.96875,100.0,0.0799999999999999,-0.08299494981946015,0.0,0.08,0.07999999999999993,0.07999999999999993,0
95,3,0.3717755973339081,0.3579705433238183,0.03783973644722415,0.14061828399772822,93.33333333333333,100.0,0.15362392464342062,0.03783973644722415,0.03783973644722415,0.11027178915777933,0.14061828399772822,0.14061828399772822,0
95,1,0.23590867221355438,0.3579705433238183,0.0,0.09678348551975541,87.5,100.0,0.10397640788536489,-0.4170059393602648,0.0,0.08,0.09678348551975541,0.09678348551975541,0
95,6,0.28655338287353516,0.3579705433238183,0.0,0.0799999999999999,89.0625,99.609375,0.07999999999999988,-0.22252584838050782,0.0,0.08,0.0799999999999999,0.0799999999999999,0
95,5,0.31628432869911194,0.3579705433238183,0.0,0.11010971944814454,87.109375,100.0,0.1230138849259208,-0.12380911471827802,0.0,0.08,0.11010971944814454,0.11010971944814454,0
95,4,0.3787086308002472,0.3579705433238183,0.056316421921353686,0.09811791862469164,92.66055045871559,98.1651376146789,0.08657425337652394,0.056316421921353686,0.056316421921353686,0.12505313753708297,0.09811791862469164,0.09811791862469164,0
95,18,0.21386465430259705,0.3579705433238183,0.0,0.0799999999999999,93.75,99.609375,0.07999999999999988,-0.5151073245668137,0.0,0.08,0.0799999999999999,0.0799999999999999,0
96,17,0.1863878071308136,0.3596977003981442,0.0,0.07999999999999993,93.359375,100.0,0.0799999999999999,-0.657434443996495,0.0,0.08,0.07999999999999993,0.07999999999999993,0
96,11,1.0807020664215088,0.3596977003981442,0.7,0.6399999999988497,56.640625,100.0,0.6399999999983568,1.1001021943027116,0.7,0.6399999999999999,0.6399999999988497,0.6399999999988497,0
96,7,0.7880763411521912,0.3596977003981442,0.7,0.6280792760135175,67.1875,100.0,0.6229703943050251,0.7843309921174968,0.7,0.6399999999999999,0.6280792760135175,0.6280792760135175,0
96,16,0.5254974961280823,0.3596977003981442,0.3790814592215071,0.2684996607933429,89.0909090909091,99.54545454545455,0.2193144436859732,0.3790814592215071,0.3790814592215071,0.38326516737720573,0.2684996607933429,0.2684996607933429,0
96,13,0.7317452430725098,0.3596977003981442,0.7,0.5936412292516726,71.73913043478261,91.30434782608695,0.5737731846452467,0.7101684530900577,0.7,0.6399999999999999,0.5936412292516726,0.5936412292516726,0
96,3,0.3860945403575897,0.3596977003981442,0.07081830321088177,0.13942919156902137,85.12820512820512,100.0,0.14061828399772822,0.07081830321088177,0.07081830321088177,0.1366546425687054,0.13942919156902137,0.13942919156902137,0
96,0,0.40775492787361145,0.3596977003981442,0.1254023661078327,0.2774159402766627,100.0,100.0,0.319027674872547,0.1254023661078327,0.1254023661078327,0.18032189288626616,0.2774159402766627,0.2774159402766627,0
96,14,0.23227842152118683,0.3596977003981442,0.0,0.07999999999999993,87.87878787878788,100.0,0.0799999999999999,-0.43732719742561765,0.0,0.08,0.07999999999999993,0.07999999999999993,0
96,19,0.23060302436351776,0.3596977003981442,0.0,0.08015550644979832,90.234375,100.0,0.08022215207114047,-0.44456621906516813,0.0,0.08,0.08015550644979832,0.08015550644979832,0
96,15,0.8287361264228821,0.3596977003981442,0.7,0.6074059353616925,71.42857142857143,100.0,0.5934370505167036,0.8346378276902313,0.7,0.6399999999999999,0.6074059353616925,0.6074059353616925,0
96,8,1.260438084602356,0.3596977003981442,0.7,0.639999999999493,52.34375,100.0,0.6399999999992757,1.2539506482710414,0.7,0.6399999999999999,0.639999999999493,0.639999999999493,0
96,4,0.39369288086891174,0.3596977003981442,0.09030715518583951,0.11435626028188563,87.1559633027523,97.24770642201835,0.09811791862469164,0.09030715518583951,0.09030715518583951,0.1522457241486716,0.11435626028188563,0.11435626028188563,0
96,1,0.35411086678504944,0.3596977003981442,0.0,0.09174843986382877,91.66666666666667,95.83333333333333,0.09678348551975541,-0.015653910021169715,0.0,0.08,0.09174843986382877,0.09174843986382877,0
96,12,0.4367613196372986,0.3596977003981442,0.19412290408971009,0.22240437198503687,85.9375,100.0,0.21687839286215208,0.19412290408971009,0.19412290408971009,0.23529832327176808,0.22240437198503687,0.22240437198503687,0
96,10,0.2609676122665405,0.3596977003981442,0.0,0.07999999999999995,92.1875,99.609375,0.07999999999999993,-0.3208676383628276,0.0,0.08,0.07999999999999995,0.07999999999999995,0
96,9,0.2381592094898224,0.3596977003981442,0.0,0.07999999999999993,92.578125,100.0,0.0799999999999999,-0.4123245459209228,0.0,0.08,0.07999999999999993,0.07999999999999993,0
96,5,0.3515200912952423,0.3596977003981442,0.0,0.10107680361370117,92.1875,100.0,0.11010971944814454,-0.02299708857195636,0.0,0.08,0.10107680361370117,0.10107680361370117,0
96,18,0.20153161883354187,0.3596977003981442,0.0,0.07999999999999993,94.140625,100.0,0.0799999999999999,-0.5793176493871791,0.0,0.08,0.07999999999999993,0.07999999999999993,0
96,6,0.21407341957092285,0.3596977003981442,0.0,0.07999999999999993,91.40625,100.0,0.0799999999999999,-0.5189449003690365,0.0,0.08,0.07999999999999993,0.07999999999999993,0
96,2,0.3250330090522766,0.3596977003981442,0.0,0.10812124300430806,92.3076923076923,100.0,0.12017320429186867,-0.10133721111870861,0.0,0.08,0.10812124300430806,0.10812124300430806,0
97,6,0.23010748624801636,0.36073820071546175,0.0,0.07999999999999995,91.796875,100.0,0.07999999999999993,-0.4496059424616612,0.0,0.08,0.07999999999999995,0.07999999999999995,0
97,12,0.4625956118106842,0.36073820071546175,0.2487007682530519,0.23937124477025828,85.546875,100.0,0.22240437198503687,0.2487007682530519,0.2487007682530519,0.27896061460244154,0.23937124477025828,0.23937124477025828,0
97,15,0.8509622812271118,0.36073820071546175,0.7,0.6171841547531847,57.142857142857146,85.71428571428571,0.6074059353616925,0.8582152992695689,0.7,0.6399999999999999,0.6171841547531847,0.6171841547531847,0
97,16,0.3830471634864807,0.36073820071546175,0.06000563277749739,0.22635111442193942,87.27272727272727,99.54545454545455,0.2684996607933429,0.06000563277749739,0.06000563277749739,0.1280045062219979,0.22635111442193942,0.22635111442193942,0
97,11,1.1246297359466553,0.36073820071546175,0.7,0.6399999999991948,55.859375,99.609375,0.6399999999988497,1.1370566285637433,0.7,0.6399999999999999,0.6399999999991948,0.6399999999991948,0
97,14,0.22910919785499573,0.36073820071546175,0.0,0.07999999999999995,96.96969696969697,100.0,0.07999999999999993,-0.4539537371158228,0.0,0.08,0.07999999999999995,0.07999999999999995,0
97,1,0.5379379987716675,0.36073820071546175,0.3995908110008031,0.18412570254487287,83.33333333333333,95.83333333333333,0.09174843986382877,0.3995908110008031,0.3995908110008031,0.3996726488006425,0.18412570254487287,0.18412570254487287,0
97,19,0.29728084802627563,0.36073820071546175,0.0,0.08010885451485883,92.578125,100.0,0.08015550644979832,-0.19347517531294206,0.0,0.08,0.08010885451485883,0.08010885451485883,0
97,3,0.45834389328956604,0.36073820071546175,0.23946726569877425,0.17907257786602077,93.84615384615384,99.48717948717949,0.13942919156902137,0.23946726569877425,0.23946726569877425,0.2715738125590194,0.17907257786602077,0.17907257786602077,0
97,10,0.23596742749214172,0.36073820071546175,0.0,0.07999999999999996,92.1875,100.0,0.07999999999999995,-0.42445869841282713,0.0,0.08,0.07999999999999996,0.07999999999999996,0
97,18,0.19924303889274597,0.36073820071546175,0.0,0.07999999999999995,94.140625,99.21875,0.07999999999999993,-0.5936270864888992,0.0,0.08,0.07999999999999995,0.07999999999999995,0
97,17,0.18921133875846863,0.36073820071546175,0.0,0.07999999999999995,94.140625,100.0,0.07999999999999993,-0.6452878795045117,0.0,0.08,0.07999999999999995,0.07999999999999995,0
97,7,0.8335148692131042,0.36073820071546175,0.7,0.6316554932094622,69.140625,100.0,0.6280792760135175,0.8374990363263812,0.7,0.6399999999999999,0.6316554932094622,0.6316554932094622,0
97,0,0.24163506925106049,0.36073820071546175,0.0,0.2181911581936639,100.0,100.0,0.2774159402766627,-0.40072386609417576,0.0,0.08,0.2181911581936639,0.2181911581936639,0
97,13,0.945801854133606,0.36073820071546175,0.7,0.6075488604761707,76.08695652173913,97.82608695652173,0.5936412292516726,0.9638805839768905,0.7,0.6399999999999999,0.6075488604761707,0.6075488604761707,0
97,2,0.18431919813156128,0.36073820071546175,0.0,0.09968487010301563,95.38461538461539,100.0,0.10812124300430806,-0.6714834358534962,0.0,0.08,0.09968487010301563,0.09968487010301563,0
97,5,0.38597801327705383,0.36073820071546175,0.0676279161380355,0.11098446240271934,91.40625,100.0,0.10107680361370117,0.0676279161380355,0.0676279161380355,0.1341023329104284,0.11098446240271934,0.11098446240271934,0
97,4,0.3763456642627716,0.36073820071546175,0.042355550302766,0.11421471426998378,89.90825688073394,98.1651376146789,0.11435626028188563,0.042355550302766,0.042355550302766,0.11388444024221281,0.11421471426998378,0.11421471426998378,0
97,9,0.1921238899230957,0.36073820071546175,0.0,0.07999999999999995,94.140625,100.0,0.07999999999999993,-0.6300120411876424,0.0,0.08,0.07999999999999995,0.07999999999999995,0
97,8,1.322530746459961,0.36073820071546175,0.7,0.6399999999996451,48.4375,100.0,0.639999999999493,1.299149902573899,0.7,0.6399999999999999,0.6399999999996451,0.6399999999996451,0
98,6,0.2758196294307709,0.3626340220313782,0.0,0.07999999999999996,86.328125,100.0,0.07999999999999995,-0.2736469777087457,0.0,0.08,0.07999999999999996,0.07999999999999996,0
98,12,0.41716527938842773,0.3626340220313782,0.14008837120103332,0.2251810804274288,82.03125,100.0,0.23937124477025828,0.14008837120103332,0.14008837120103332,0.19207069696082668,0.2251810804274288,0.2251810804274288,0
98,11,1.164746880531311,0.3626340220313782,0.7,0.6399999999994362,55.46875,100.0,0.6399999999991948,1.1668649315573518,0.7,0.6399999999999999,0.6399999999994362,0.6399999999994362,0
98,4,0.31163573265075684,0.3626340220313782,0.0,0.10395029998898864,89.90825688073394,100.0,0.11421471426998378,-0.15155913523488704,0.0,0.08,0.10395029998898864,0.10395029998898864,0
98,18,0.18613672256469727,0.3626340220313782,0.0,0.07999999999999996,94.921875,100.0,0.07999999999999995,-0.6669126245318182,0.0,0.08,0.07999999999999996,0.07999999999999996,0
98,8,1.1950485706329346,0.3626340220313782,0.7,0.6399999999997515,49.609375,100.0,0.6399999999996451,1.192547967297338,0.7,0.6399999999999999,0.6399999999997515,0.6399999999997515,0
98,1,0.23429717123508453,0.3626340220313782,0.0,0.152887991781411,91.66666666666667,100.0,0.18412570254487287,-0.4368038346299793,0.0,0.08,0.152887991781411,0.152887991781411,0
98,17,0.10318298637866974,0.3626340220313782,0.0,0.07999999999999996,94.921875,100.0,0.07999999999999995,-1.2568900737914288,0.0,0.08,0.07999999999999996,0.07999999999999996,0
98,7,0.7875322699546814,0.3626340220313782,0.7,0.6341588452466235,69.140625,100.0,0.6316554932094622,0.7755102107870773,0.7,0.6399999999999999,0.6341588452466235,0.6341588452466235,0
98,2,0.3746155798435211,0.3626340220313782,0.03250625696059365,0.10158091074265341,95.38461538461539,100.0,0.09968487010301563,0.03250625696059365,0.03250625696059365,0.10600500556847492,0.10158091074265341,0.10158091074265341,0
98,3,0.4685971438884735,0.3626340220313782,0.2563493029158237,0.2108746372060122,86.66666666666667,100.0,0.17907257786602077,0.2563493029158237,0.2563493029158237,0.28507944233265897,0.2108746372060122,0.2108746372060122,0
98,0,0.24583910405635834,0.3626340220313782,0.0,0.1767338107355647,100.0,100.0,0.2181911581936639,-0.3887168354163476,0.0,0.08,0.1767338107355647,0.1767338107355647,0
98,16,0.4904971420764923,0.3626340220313782,0.30202532333315835,0.2549318576953156,88.63636363636364,99.54545454545455,0.22635111442193942,0.30202532333315835,0.30202532333315835,0.3216202586665267,0.2549318576953156,0.2549318576953156,0
98,5,0.23444096744060516,0.3626340220313782,0.0,0.10168912368190353,88.671875,100.0,0.11098446240271934,-0.4361902886347578,0.0,0.08,0.10168912368190353,0.10168912368190353,0
98,14,0.24771571159362793,0.3626340220313782,0.0,0.07999999999999996,88.88888888888889,100.0,0.07999999999999995,-0.38111234470882666,0.0,0.08,0.07999999999999996,0.07999999999999996,0
98,13,0.7930835485458374,0.3626340220313782,0.7,0.6172842023333195,78.26086956521739,100.0,0.6075488604761707,0.7825344367638274,0.7,0.6399999999999999,0.6172842023333195,0.6172842023333195,0
98,9,0.25587600469589233,0.3626340220313782,0.0,0.07999999999999996,94.140625,100.0,0.07999999999999995,-0.34870113992552526,0.0,0.08,0.07999999999999996,0.07999999999999996,0
98,15,0.7730460166931152,0.3626340220313782,0.7,0.6240289083272292,71.42857142857143,71.42857142857143,0.6171841547531847,0.7569444402641826,0.7,0.6399999999999999,0.6240289083272292,0.6240289083272292,0
98,19,0.27614012360572815,0.3626340220313782,0.0,0.08007619816040118,89.84375,100.0,0.08010885451485883,-0.27248568217007785,0.0,0.08,0.08007619816040118,0.08007619816040118,0
98,10,0.27370378375053406,0.3626340220313782,0.0,0.07999999999999996,90.625,100.0,0.07999999999999996,-0.28134767255957327,0.0,0.08,0.07999999999999996,0.07999999999999996,0
99,7,0.8959519267082214,0.35575941264106464,0.7,0.6359111916726363,64.0625,100.0,0.6341588452466235,0.9236320461571469,0.7,0.6399999999999999,0.6359111916726363,0.6359111916726363,0
99,0,0.23871295154094696,0.35575941264106464,0.0,0.14771366751489529,83.33333333333333,100.0,0.1767338107355647,-0.3989928908931326,0.0,0.08,0.14771366751489529,0.14771366751489529,0
99,2,0.3686216473579407,0.35575941264106464,0.035516075916169405,0.10363049573973804,89.23076923076923,98.46153846153847,0.10158091074265341,0.035516075916169405,0.035516075916169405,0.10841286073293553,0.10363049573973804,0.10363049573973804,0
99,6,0.24517063796520233,0.35575941264106464,0.0,0.07999999999999996,88.28125,100.0,0.07999999999999996,-0.3723002329196874,0.0,0.08,0.07999999999999996,0.07999999999999996,0
99,17,0.07196921110153198,0.35575941264106464,0.0,0.07999999999999996,96.484375,100.0,0.07999999999999996,-1.598016180394802,0.0,0.08,0.07999999999999996,0.07999999999999996,0
99,4,0.2886859178543091,0.35575941264106464,0.0,0.09676520999229205,91.74311926605505,99.08256880733946,0.10395029998898864,-0.20891538097543852,0.0,0.08,0.09676520999229205,0.09676520999229205,0
99,1,0.33913454413414,0.35575941264106464,0.0,0.1310215942469877,91.66666666666667,100.0,0.152887991781411,-0.04785777983172053,0.0,0.08,0.1310215942469877,0.1310215942469877,0
99,15,0.6921948790550232,0.35575941264106464,0.6656128242370639,0.6205673136459557,50.0,100.0,0.6240289083272292,0.6656128242370639,0.6656128242370639,0.6124902593896511,0.6205673136459557,0.6205673136459557,0
99,16,0.35249602794647217,0.35575941264106464,0.0,0.2024523003867209,87.72727272727273,100.0,0.2549318576953156,-0.009215340991287978,0.0,0.08,0.2024523003867209,0.2024523003867209,0
99,11,1.2258979082107544,0.35575941264106464,0.7,0.6399999999996053,50.0,100.0,0.6399999999994362,1.2371741256150715,0.7,0.6399999999999999,0.6399999999996053,0.6399999999996053,0
99,13,0.8622719049453735,0.35575941264106464,0.7,0.6240989416333236,73.91304347826087,100.0,0.6172842023333195,0.8853159441809633,0.7,0.6399999999999999,0.6240989416333236,0.6240989416333236,0
99,12,0.4600183069705963,0.35575941264106464,0.25701158487938214,0.24330953667025185,83.59375,99.609375,0.2251810804274288,0.25701158487938214,0.25701158487938214,0.2856092679035057,0.24330953667025185,0.24330953667025185,0
99,8,1.3869625329971313,0.35575941264106464,0.7,0.639999999999826,39.453125,100.0,0.6399999999997515,1.360616690867977,0.7,0.6399999999999999,0.639999999999826,0.639999999999826,0
99,9,0.25412672758102417,0.35575941264106464,0.0,0.07999999999999996,95.703125,100.0,0.07999999999999996,-0.3364216138818846,0.0,0.08,0.07999999999999996,0.07999999999999996,0
99,5,0.3807500898838043,0.35575941264106464,0.06788853079730865,0.11147563396868654,91.796875,100.0,0.10168912368190353,0.06788853079730865,0.06788853079730865,0.13431082463784694,0.11147563396868654,0.11147563396868654,0
99,10,0.27421456575393677,0.35575941264106464,0.0,0.07999999999999996,89.84375,100.0,0.07999999999999996,-0.2603438002156262,0.0,0.08,0.07999999999999996,0.07999999999999996,0
99,18,0.22225695848464966,0.35575941264106464,0.0,0.07999999999999996,92.96875,100.0,0.07999999999999996,-0.47042049514815937,0.0,0.08,0.07999999999999996,0.07999999999999996,0
99,14,0.26016315817832947,0.35575941264106464,0.0,0.07999999999999996,92.92929292929293,100.0,0.07999999999999996,-0.3129457192197507,0.0,0.08,0.07999999999999996,0.07999999999999996,0
99,3,0.4119240641593933,0.35575941264106464,0.1465843230336017,0.20679248357227292,90.25641025641026,99.48717948717949,0.2108746372060122,0.1465843230336017,0.1465843230336017,0.19726745842688137,0.20679248357227292,0.20679248357227292,0
99,19,0.3066871762275696,0.35575941264106464,0.0,0.08005333871228082,90.625,100.0,0.08007619816040118,-0.1484264325641453,0.0,0.08,0.08005333871228082,0.08005333871228082,0
100,16,0.46814635396003723,0.35476499998098876,0.27732536394952323,0.2322746976185902,87.72727272727273,100.0,0.2024523003867209,0.27732536394952323,0.27732536394952323,0.3018602911596186,0.2322746976185902,0.2322746976185902,0
100,11,1.081488847732544,0.35476499998098876,0.7,0.6399999999997237,49.21875,100.0,0.6399999999996053,1.1146383161564832,0.7,0.6399999999999999,0.6399999999997237,0.6399999999997237,0
100,15,1.3001083135604858,0.35476499998098876,0.7,0.6263971195521689,57.142857142857146,92.85714285714286,0.6205673136459557,1.2987472392155628,0.7,0.6399999999999999,0.6263971195521689,0.6263971195521689,0
100,2,0.29841524362564087,0.35476499998098876,0.0,0.09654134701781661,95.38461538461539,98.46153846153847,0.10363049573973804,-0.17296964150690344,0.0,0.08,0.09654134701781661,0.09654134701781661,0
100,3,0.43366220593452454,0.35476499998098876,0.2008103001876169,0.21694921054561908,89.23076923076923,99.48717948717949,0.20679248357227292,0.2008103001876169,0.2008103001876169,0.2406482401500935,0.21694921054561908,0.21694921054561908,0
100,6,0.18031418323516846,0.35476499998098876,0.0,0.07999999999999996,92.1875,100.0,0.07999999999999996,-0.6767547793610998,0.0,0.08,0.07999999999999996,0.07999999999999996,0
100,13,0.8856237530708313,0.35476499998098876,0.7,0.6288692591433265,67.3913043478261,97.82608695652173,0.6240989416333236,0.9148365871918227,0.7,0.6399999999999999,0.6288692591433265,0.6288692591433265,0
100,18,0.19583570957183838,0.35476499998098876,0.0,0.07999999999999996,94.53125,100.0,0.07999999999999996,-0.5941794842547681,0.0,0.08,0.07999999999999996,0.07999999999999996,0
100,8,1.53933846950531,0.35476499998098876,0.7,0.6399999999998782,50.78125,100.0,0.639999999999826,1.4676524177796737,0.7,0.6399999999999999,0.6399999999998782,0.6399999999998782,0
100,4,0.33899956941604614,0.35476499998098876,0.0,0.09173564699460443,88.9908256880734,97.24770642201835,0.09676520999229205,-0.045456759859370865,0.0,0.08,0.09173564699460443,0.09173564699460443,0
100,17,0.1423986852169037,0.35476499998098876,0.0,0.07999999999999996,95.703125,100.0,0.07999999999999996,-0.9128247904451667,0.0,0.08,0.07999999999999996,0.07999999999999996,0
100,0,0.2075835019350052,0.35476499998098876,0.0,0.1273995672604267,83.33333333333333,83.33333333333333,0.14771366751489529,-0.5359219007191984,0.0,0.08,0.1273995672604267,0.1273995672604267,0
100,12,0.41468289494514465,0.35476499998098876,0.1560585171214259,0.23177071977831848,85.546875,100.0,0.24330953667025185,0.1560585171214259,0.1560585171214259,0.20484681369714075,0.23177071977831848,0.23177071977831848,0
100,9,0.273213267326355,0.35476499998098876,0.0,0.07999999999999996,92.96875,100.0,0.07999999999999996,-0.2612029007714962,0.0,0.08,0.07999999999999996,0.07999999999999996,0
100,19,0.2598852515220642,0.35476499998098876,0.0,0.08003733709859656,92.578125,99.609375,0.08005333871228082,-0.31121539480342075,0.0,0.08,0.08003733709859656,0.08003733709859656,0
100,7,0.8488791584968567,0.35476499998098876,0.7,0.6371378341708454,65.625,100.0,0.6359111916726363,0.872461227456768,0.7,0.6399999999999999,0.6371378341708454,0.6371378341708454,0
100,14,0.26481401920318604,0.35476499998098876,0.0,0.07999999999999996,90.9090909090909,100.0,0.07999999999999996,-0.2924278235444085,0.0,0.08,0.07999999999999996,0.07999999999999996,0
100,1,0.4900345802307129,0.35476499998098876,0.3230203543423093,0.19324000101504563,87.5,95.83333333333333,0.1310215942469877,0.3230203543423093,0.3230203543423093,0.33841628347384745,0.19324000101504563,0.19324000101504563,0
100,10,0.2536804974079132,0.35476499998098876,0.0,0.07999999999999996,92.1875,100.0,0.07999999999999996,-0.3353799961614566,0.0,0.08,0.07999999999999996,0.07999999999999996,0
100,5,0.3638077676296234,0.35476499998098876,0.025170018138053477,0.1080737481312134,92.1875,100.0,0.11147563396868654,0.025170018138053477,0.025170018138053477,0.10013601451044278,0.1080737481312134,0.1080737481312134,0
101,1,0.5761655569076538,0.3544288668351734,0.4858873656167816,0.27588096845855953,75.0,95.83333333333333,0.19324000101504563,0.4858873656167816,0.4858873656167816,0.4687098924934253,0.27588096845855953,0.27588096845855953,0
101,13,0.8320372104644775,0.3544288668351734,0.7,0.6322084814003285,71.73913043478261,97.82608695652173,0.6288692591433265,0.8533694796323414,0.7,0.6399999999999999,0.6322084814003285,0.6322084814003285,0
101,5,0.304166316986084,0.3544288668351734,0.0,0.09965162369184938,91.40625,100.0,0.1080737481312134,-0.15293301629359218,0.0,0.08,0.09965162369184938,0.09965162369184938,0
101,6,0.21512217819690704,0.3544288668351734,0.0,0.07999999999999996,90.625,100.0,0.07999999999999996,-0.49930151243190346,0.0,0.08,0.07999999999999996,0.07999999999999996,0
101,7,0.7379837036132812,0.3544288668351734,0.7,0.6379964839195917,66.796875,100.0,0.6371378341708454,0.7334140597588525,0.7,0.6399999999999999,0.6379964839195917,0.6379964839195917,0
101,15,1.3011143207550049,0.3544288668351734,0.7,0.6304779836865182,78.57142857142857,92.85714285714286,0.6263971195521689,1.3004686574632192,0.7,0.6399999999999999,0.6304779836865182,0.6304779836865182,0
101,2,0.20742763578891754,0.3544288668351734,0.0,0.09157894291247162,95.38461538461539,100.0,0.09654134701781661,-0.5357251124540763,0.0,0.08,0.09157894291247162,0.09157894291247162,0
101,19,0.2848840653896332,0.3544288668351734,0.0,0.08002613596901759,92.96875,100.0,0.08003733709859656,-0.2184253518200541,0.0,0.08,0.08002613596901759,0.08002613596901759,0
101,8,1.2932226657867432,0.3544288668351734,0.7,0.6399999999999147,49.21875,100.0,0.6399999999998782,1.294384884006618,0.7,0.6399999999999999,0.6399999999999147,0.6399999999999147,0
101,10,0.2154443860054016,0.3544288668351734,0.0,0.07999999999999996,91.015625,100.0,0.07999999999999996,-0.49780484325012064,0.0,0.08,0.07999999999999996,0.07999999999999996,0
101,12,0.4448561370372772,0.3544288668351734,0.2272432684966237,0.2407778882840126,82.421875,100.0,0.23177071977831848,0.2272432684966237,0.2272432684966237,0.261794614797299,0.2407778882840126,0.2407778882840126,0
101,14,0.2033940702676773,0.3544288668351734,0.0,0.07999999999999996,94.94949494949495,98.98989898989899,0.07999999999999996,-0.5553623170278843,0.0,0.08,0.07999999999999996,0.07999999999999996,0
101,0,0.2657370865345001,0.3544288668351734,0.0,0.11317969708229869,100.0,100.0,0.1273995672604267,-0.2880002351832996,0.0,0.08,0.11317969708229869,0.11317969708229869,0
101,3,0.3810504674911499,0.3544288668351734,0.07242415688107914,0.19324624503339236,86.15384615384616,100.0,0.21694921054561908,0.07242415688107914,0.07242415688107914,0.13793932550486332,0.19324624503339236,0.19324624503339236,0
101,17,0.17715273797512054,0.3544288668351734,0.0,0.07999999999999996,96.875,100.0,0.07999999999999996,-0.6934953529949686,0.0,0.08,0.07999999999999996,0.07999999999999996,0
101,4,0.3064165413379669,0.3544288668351734,0.0,0.08821495289622311,88.9908256880734,99.08256880733946,0.09173564699460443,-0.14556224118890204,0.0,0.08,0.08821495289622311,0.08821495289622311,0
101,18,0.20582689344882965,0.3544288668351734,0.0,0.07999999999999996,89.84375,100.0,0.07999999999999996,-0.54347215528261,0.0,0.08,0.07999999999999996,0.07999999999999996,0
101,16,0.46075382828712463,0.3544288668351734,0.26235623071188374,0.24955778370386525,89.54545454545455,99.0909090909091,0.2322746976185902,0.26235623071188374,0.26235623071188374,0.289884984569507,0.24955778370386525,0.24955778370386525,0
101,9,0.2224578559398651,0.3544288668351734,0.0,0.07999999999999996,91.015625,99.609375,0.07999999999999996,-0.46576997921164587,0.0,0.08,0.07999999999999996,0.07999999999999996,0
101,11,1.2216330766677856,0.3544288668351734,0.7,0.6399999999998065,50.390625,99.609375,0.6399999999997237,1.2374361419127935,0.7,0.6399999999999999,0.6399999999998065,0.6399999999998065,0
102,1,0.407591313123703,0.3495151230678586,0.15371815346878578,0.25400903475350023,91.66666666666667,100.0,0.27588096845855953,0.15371815346878578,0.15371815346878578,0.20297452277502864,0.25400903475350023,0.25400903475350023,0
102,18,0.21885265409946442,0.3495151230678586,0.0,0.07999999999999996,93.359375,99.609375,0.07999999999999996,-0.46814812319087,0.0,0.08,0.07999999999999996,0.07999999999999996,0
102,19,0.3410358130931854,0.3495151230678586,0.0,0.0800182951783123,91.796875,100.0,0.08002613596901759,-0.024559335104185048,0.0,0.08,0.0800182951783123,0.0800182951783123,0
102,10,0.28284695744514465,0.3495151230678586,0.0,0.07999999999999996,94.921875,100.0,0.07999999999999996,-0.21164085962179258,0.0,0.08,0.07999999999999996,0.07999999999999996,0
102,3,0.40411311388015747,0.3495151230678586,0.14514798844091711,0.19410788874919477,92.3076923076923,100.0,0.19324624503339236,0.14514798844091711,0.14514798844091711,0.19611839075273368,0.19410788874919477,0.19410788874919477,0
102,5,0.33058515191078186,0.3495151230678586,0.0,0.09375613658429455,90.625,100.0,0.09965162369184938,-0.05568255785206249,0.0,0.08,0.09375613658429455,0.09375613658429455,0
102,8,1.4269973039627075,0.3495151230678586,0.7,0.6399999999999403,49.21875,100.0,0.6399999999999147,1.4067808752492235,0.7,0.6399999999999999,0.6399999999999403,0.6399999999999403,0
102,13,0.7680263519287109,0.3495151230678586,0.7,0.6345459369802299,71.73913043478261,100.0,0.6322084814003285,0.7872771980573668,0.7,0.6399999999999999,0.6345459369802299,0.6345459369802299,0
102,0,0.031859032809734344,0.3495151230678586,0.0,0.10322578795760909,83.33333333333333,100.0,0.11317969708229869,-2.3952255995353395,0.0,0.08,0.10322578795760909,0.10322578795760909,0
102,2,0.31763771176338196,0.3495151230678586,0.0,0.08810526003873012,89.23076923076923,100.0,0.09157894291247162,-0.09563536631369832,0.0,0.08,0.08810526003873012,0.08810526003873012,0
102,16,0.4939378798007965,0.3495151230678586,0.34586292020595494,0.2816975494421349,87.27272727272727,100.0,0.24955778370386525,0.34586292020595494,0.34586292020595494,0.356690336164764,0.2816975494421349,0.2816975494421349,0
102,12,0.3625483214855194,0.3495151230678586,0.036610933714015415,0.2013311458901725,82.03125,100.0,0.2407778882840126,0.036610933714015415,0.036610933714015415,0.10928874697121234,0.2013311458901725,0.2013311458901725,0
102,6,0.3844858705997467,0.3495151230678586,0.09536020688514335,0.10288644965243438,87.890625,100.0,0.07999999999999996,0.09536020688514335,0.09536020688514335,0.1562881655081147,0.10288644965243438,0.10288644965243438,0
102,4,0.327833890914917,0.3495151230678586,0.0,0.08575046702735617,88.07339449541284,96.3302752293578,0.08821495289622311,-0.06403977945831613,0.0,0.08,0.08575046702735617,0.08575046702735617,0
102,14,0.25720685720443726,0.3495151230678586,0.0,0.07999999999999996,90.9090909090909,100.0,0.07999999999999996,-0.30666616806044983,0.0,0.08,0.07999999999999996,0.07999999999999996,0
102,11,1.1054495573043823,0.3495151230678586,0.7,0.6399999999998645,53.90625,100.0,0.6399999999998065,1.151460519521599,0.7,0.6399999999999999,0.6399999999998645,0.6399999999998645,0
102,9,0.1996791660785675,0.3495151230678586,0.0,0.07999999999999996,93.359375,100.0,0.07999999999999996,-0.5598349009657575,0.0,0.08,0.07999999999999996,0.07999999999999996,0
102,17,0.17703752219676971,0.3495151230678586,0.0,0.07999999999999996,97.265625,100.0,0.07999999999999996,-0.6801851035245888,0.0,0.08,0.07999999999999996,0.07999999999999996,0
102,15,0.9111946821212769,0.3495151230678586,0.7,0.6333345885805627,71.42857142857143,92.85714285714286,0.6304779836865182,0.9582097270345535,0.7,0.6399999999999999,0.6333345885805627,0.6333345885805627,0
102,7,0.8588378429412842,0.3495151230678586,0.7,0.6385975387437142,69.140625,100.0,0.6379964839195917,0.8990332816542409,0.7,0.6399999999999999,0.6385975387437142,0.6385975387437142,0
103,7,0.811094343662262,0.349742817490008,0.7,0.6390182771205999,68.75,100.0,0.6385975387437142,0.8411862839170227,0.7,0.6399999999999999,0.6390182771205999,0.6390182771205999,0
103,9,0.2263995260000229,0.349742817490008,0.0,0.07999999999999996,91.40625,100.0,0.07999999999999996,-0.43489680894431426,0.0,0.08,0.07999999999999996,0.07999999999999996,0
103,4,0.34945356845855713,0.349742817490008,0.0,0.08402532691914932,88.07339449541284,98.1651376146789,0.08575046702735617,-0.0008273756715295295,0.0,0.08,0.08402532691914932,0.08402532691914932,0
103,12,0.35061532258987427,0.349742817490008,0.002491598159282221,0.1655297856813485,86.71875,100.0,0.2013311458901725,0.002491598159282221,0.002491598159282221,0.08199327852742577,0.1655297856813485,0.1655297856813485,0
103,0,0.05411037802696228,0.349742817490008,0.0,0.09625805157032635,100.0,100.0,0.10322578795760909,-1.8661719230957086,0.0,0.08,0.09625805157032635,0.09625805157032635,0
103,5,0.30139195919036865,0.349742817490008,0.0,0.08962929560900618,90.625,100.0,0.09375613658429455,-0.14878646498596995,0.0,0.08,0.08962929560900618,0.08962929560900618,0
103,17,0.08637850731611252,0.349742817490008,0.0,0.07999999999999996,97.65625,100.0,0.07999999999999996,-1.3984591030825824,0.0,0.08,0.07999999999999996,0.07999999999999996,0
103,11,1.0568324327468872,0.349742817490008,0.7,0.6399999999999051,60.546875,100.0,0.6399999999998645,1.1058333459768703,0.7,0.6399999999999999,0.6399999999999051,0.6399999999999051,0
103,6,0.21227020025253296,0.349742817490008,0.0,0.09602051475670406,90.625,100.0,0.10288644965243438,-0.4993380660497657,0.0,0.08,0.09602051475670406,0.09602051475670406,0
103,19,0.27726292610168457,0.349742817490008,0.0,0.0800128066248186,89.84375,100.0,0.0800182951783123,-0.2322318220419438,0.0,0.08,0.0800128066248186,0.0800128066248186,0
103,16,0.4247012436389923,0.349742817490008,0.19418788333593537,0.26779337661011887,89.54545454545455,99.54545454545455,0.2816975494421349,0.19418788333593537,0.19418788333593537,0.2353503066687483,0.26779337661011887,0.26779337661011887,0
103,3,0.45281365513801575,0.349742817490008,0.2582825998239431,0.22186334608218267,87.6923076923077,99.48717948717949,0.19410788874919477,0.2582825998239431,0.2582825998239431,0.2866260798591545,0.22186334608218267,0.22186334608218267,0
103,2,0.30450719594955444,0.349742817490008,0.0,0.08567368202711108,93.84615384615384,100.0,0.08810526003873012,-0.13850335407247127,0.0,0.08,0.08567368202711108,0.08567368202711108,0
103,13,0.6875375509262085,0.349742817490008,0.6759183563214465,0.630402561403308,69.56521739130434,97.82608695652173,0.6345459369802299,0.6759183563214465,0.6759183563214465,0.6207346850571571,0.630402561403308,0.630402561403308,0
103,18,0.17465606331825256,0.349742817490008,0.0,0.07999999999999996,93.75,99.609375,0.07999999999999996,-0.6943793609289693,0.0,0.08,0.07999999999999996,0.07999999999999996,0
103,10,0.31948980689048767,0.349742817490008,0.0,0.07999999999999996,92.1875,100.0,0.07999999999999996,-0.09047270450896538,0.0,0.08,0.07999999999999996,0.07999999999999996,0
103,1,0.13315708935260773,0.349742817490008,0.0,0.20180632432745013,79.16666666666667,95.83333333333333,0.25400903475350023,-0.9656684765053786,0.0,0.08,0.20180632432745013,0.20180632432745013,0
103,14,0.19862130284309387,0.349742817490008,0.0,0.07999999999999996,89.8989898989899,100.0,0.07999999999999996,-0.5657980445247609,0.0,0.08,0.07999999999999996,0.07999999999999996,0
103,8,1.3218395709991455,0.349742817490008,0.7,0.6399999999999582,48.4375,100.0,0.6399999999999403,1.3295815615582722,0.7,0.6399999999999999,0.6399999999999582,0.6399999999999582,0
103,15,0.8954645991325378,0.349742817490008,0.7,0.6353342120063938,64.28571428571429,92.85714285714286,0.6333345885805627,0.940144594128402,0.7,0.6399999999999999,0.6353342120063938,0.6353342120063938,0
104,17,0.07313638180494308,0.3459683858830093,0.0,0.07999999999999996,95.703125,100.0,0.07999999999999996,-1.5540213507217773,0.0,0.08,0.07999999999999996,0.07999999999999996,0
104,19,0.2939368784427643,0.3459683858830093,0.0,0.08000896463737302,91.015625,99.609375,0.0800128066248186,-0.16298235037310826,0.0,0.08,0.08000896463737302,0.08000896463737302,0
104,11,1.0948742628097534,0.3459683858830093,0.7,0.6399999999999335,55.078125,100.0,0.6399999999999051,1.1520473867992707,0.7,0.6399999999999999,0.6399999999999335,0.6399999999999335,0
104,18,0.21846958994865417,0.3459683858830093,0.0,0.07999999999999996,92.578125,99.609375,0.07999999999999996,-0.4597005553209602,0.0,0.08,0.07999999999999996,0.07999999999999996,0
104,2,0.3898974359035492,0.3459683858830093,0.11953631581492444,0.11266029321455961,98.46153846153847,100.0,0.08567368202711108,0.11953631581492444,0.11953631581492444,0.17562905265193957,0.11266029321455961,0.11266029321455961,0
104,0,0.4447776973247528,0.3459683858830093,0.25122719374857516,0.15167516259888647,83.33333333333333,100.0,0.09625805157032635,0.25122719374857516,0.25122719374857516,0.28098175499886013,0.15167516259888647,0.15167516259888647,0
104,14,0.26363855600357056,0.3459683858830093,0.0,0.07999999999999996,92.92929292929293,100.0,0.07999999999999996,-0.2717683325593117,0.0,0.08,0.07999999999999996,0.07999999999999996,0
104,5,0.22286362946033478,0.3459683858830093,0.0,0.08674050692630433,92.1875,100.0,0.08962929560900618,-0.4397873273193066,0.0,0.08,0.08674050692630433,0.08674050692630433,0
104,9,0.21041136980056763,0.3459683858830093,0.0,0.07999999999999996,91.015625,100.0,0.07999999999999996,-0.4972828636017292,0.0,0.08,0.07999999999999996,0.07999999999999996,0
104,15,0.557869017124176,0.3459683858830093,0.47777678690791675,0.5834003772623757,71.42857142857143,85.71428571428571,0.6353342120063938,0.47777678690791675,0.47777678690791675,0.46222142952633344,0.5834003772623757,0.5834003772623757,0
104,8,1.2361267805099487,0.3459683858830093,0.7,0.6399999999999707,46.484375,100.0,0.6399999999999582,1.2733907845680004,0.7,0.6399999999999999,0.6399999999999707,0.6399999999999707,0
104,1,0.3132362365722656,0.3459683858830093,0.0,0.16526442702921507,87.5,100.0,0.20180632432745013,-0.09938974229028306,0.0,0.08,0.16526442702921507,0.16526442702921507,0
104,7,0.7800260782241821,0.3459683858830093,0.7,0.6393127939844199,64.453125,100.0,0.6390182771205999,0.8129799360583162,0.7,0.6399999999999999,0.6393127939844199,0.6393127939844199,0
104,4,0.4373124837875366,0.3459683858830093,0.23430059879285,0.13904987255368853,87.1559633027523,100.0,0.08402532691914932,0.23430059879285,0.23430059879285,0.26744047903428003,0.13904987255368853,0.13904987255368853,0
104,10,0.2798871695995331,0.3459683858830093,0.0,0.07999999999999996,92.578125,100.0,0.07999999999999996,-0.21196083753778397,0.0,0.08,0.07999999999999996,0.07999999999999996,0
104,3,0.47952112555503845,0.3459683858830093,0.3264405421660596,0.25765007237738213,88.2051282051282,99.48717948717949,0.22186334608218267,0.3264405421660596,0.3264405421660596,0.3411524337328477,0.25765007237738213,0.25765007237738213,0
104,16,0.4279276728630066,0.3459683858830093,0.21260678652494713,0.26248099239307054,87.27272727272727,99.54545454545455,0.26779337661011887,0.21260678652494713,0.21260678652494713,0.25008542921995774,0.26248099239307054,0.26248099239307054,0
104,13,0.46874767541885376,0.3459683858830093,0.30371720999205704,0.5381739233804093,71.73913043478261,100.0,0.630402561403308,0.30371720999205704,0.30371720999205704,0.32297376799364563,0.5381739233804093,0.5381739233804093,0
104,12,0.4255772829055786,0.3459683858830093,0.2070991539614561,0.1895746469276934,82.03125,100.0,0.1655297856813485,0.2070991539614561,0.2070991539614561,0.2456793231691649,0.1895746469276934,0.1895746469276934,0
104,6,0.20021162927150726,0.3459683858830093,0.0,0.09121436032969285,92.578125,100.0,0.09602051475670406,-0.5469724260967842,0.0,0.08,0.09121436032969285,0.09121436032969285,0
105,4,0.3699445128440857,0.35214528323516475,0.049309200830439284,0.1331691189868874,90.8256880733945,99.08256880733946,0.13904987255368853,0.049309200830439284,0.049309200830439284,0.11944736066435144,0.1331691189868874,0.1331691189868874,0
105,17,0.18290457129478455,0.35214528323516475,0.0,0.07999999999999996,96.09375,100.0,0.07999999999999996,-0.6550792521384085,0.0,0.08,0.07999999999999996,0.07999999999999996,0
105,7,0.688719630241394,0.35214528323516475,0.6707904246845279,0.6325086577133806,67.578125,100.0,0.6393127939844199,0.6707904246845279,0.6707904246845279,0.6166323397476223,0.6325086577133806,0.6325086577133806,0
105,6,0.18840321898460388,0.35214528323516475,0.0,0.08785005223078499,90.234375,100.0,0.09121436032969285,-0.6254593543272494,0.0,0.08,0.08785005223078499,0.08785005223078499,0
105,10,0.30487844347953796,0.35214528323516475,0.0,0.07999999999999996,94.921875,99.609375,0.07999999999999996,-0.1441306713086503,0.0,0.08,0.07999999999999996,0.07999999999999996,0
105,8,1.1049003601074219,0.35214528323516475,0.7,0.6399999999999795,51.953125,100.0,0.6399999999999707,1.143466591781492,0.7,0.6399999999999999,0.6399999999999795,0.6399999999999795,0
105,15,1.2113171815872192,0.35214528323516475,0.7,0.600380264083663,71.42857142857143,85.71428571428571,0.5834003772623757,1.2354197792902961,0.7,0.6399999999999999,0.600380264083663,0.600380264083663,0
105,18,0.18900279700756073,0.35214528323516475,0.0,0.07999999999999996,90.234375,99.21875,0.07999999999999996,-0.6222819884655286,0.0,0.08,0.07999999999999996,0.07999999999999996,0
105,9,0.23110362887382507,0.35214528323516475,0.0,0.07999999999999996,92.96875,100.0,0.07999999999999996,-0.4211775922662272,0.0,0.08,0.07999999999999996,0.07999999999999996,0
105,13,0.5768668055534363,0.35214528323516475,0.49356756229339366,0.5191779613167009,76.08695652173913,100.0,0.5381739233804093,0.49356756229339366,0.49356756229339366,0.47485404983471496,0.5191779613167009,0.5191779613167009,0
105,19,0.33177509903907776,0.35214528323516475,0.0,0.08000627524616111,94.53125,100.0,0.08000896463737302,-0.05958649832979027,0.0,0.08,0.08000627524616111,0.08000627524616111,0
105,11,1.1150877475738525,0.35214528323516475,0.7,0.6399999999999534,51.171875,100.0,0.6399999999999335,1.1526445318345613,0.7,0.6399999999999999,0.6399999999999534,0.6399999999999534,0
105,16,0.4390362799167633,0.35214528323516475,0.22053821931033202,0.26066586730962904,85.45454545454545,100.0,0.26248099239307054,0.22053821931033202,0.22053821931033202,0.25643057544826564,0.26066586730962904,0.26066586730962904,0
105,1,0.13126276433467865,0.35214528323516475,0.0,0.13968509892045053,95.83333333333333,100.0,0.16526442702921507,-0.9868426303068755,0.0,0.08,0.13968509892045053,0.13968509892045053,0
105,12,0.35191118717193604,0.35214528323516475,0.0,0.15670225284938538,85.546875,100.0,0.1895746469276934,-0.0006649922983313401,0.0,0.08,0.15670225284938538,0.15670225284938538,0
105,0,0.4913248121738434,0.35214528323516475,0.3330616060474153,0.21010739927060018,100.0,100.0,0.15167516259888647,0.3330616060474153,0.3330616060474153,0.34644928483793225,0.21010739927060018,0.21010739927060018,0
105,5,0.2660900950431824,0.35214528323516475,0.0,0.08471835484841303,83.984375,100.0,0.08674050692630433,-0.28020886312089544,0.0,0.08,0.08471835484841303,0.08471835484841303,0
105,14,0.18594636023044586,0.35214528323516475,0.0,0.07999999999999996,95.95959595959596,100.0,0.07999999999999996,-0.6385855552636046,0.0,0.08,0.07999999999999996,0.07999999999999996,0
105,3,0.40229859948158264,0.35214528323516475,0.13315076722141153,0.23631123479730626,88.71794871794872,100.0,0.25765007237738213,0.13315076722141153,0.13315076722141153,0.18652061377712925,0.23631123479730626,0.23631123479730626,0
105,2,0.38136202096939087,0.35214528323516475,0.07970528117191385,0.12199147273145104,93.84615384615384,98.46153846153847,0.11266029321455961,0.07970528117191385,0.07970528117191385,0.14376422493753108,0.12199147273145104,0.12199147273145104,0
106,12,0.3748691976070404,0.3530235399124494,0.06004241707701839,0.14810175709305418,86.328125,100.0,0.15670225284938538,0.06004241707701839,0.06004241707701839,0.12803393366161472,0.14810175709305418,0.14810175709305418,0
106,7,0.8161866068840027,0.3530235399124494,0.7,0.6347560603993664,72.265625,99.609375,0.6325086577133806,0.8381082576376233,0.7,0.6399999999999999,0.6347560603993664,0.6347560603993664,0
106,14,0.22575870156288147,0.3530235399124494,0.0,0.07999999999999996,92.92929292929293,100.0,0.07999999999999996,-0.4470679873626688,0.0,0.08,0.07999999999999996,0.07999999999999996,0
106,18,0.19929686188697815,0.3530235399124494,0.0,0.07999999999999996,90.625,100.0,0.07999999999999996,-0.5717392367448261,0.0,0.08,0.07999999999999996,0.07999999999999996,0
106,17,0.11489151418209076,0.3530235399124494,0.0,0.07999999999999996,97.265625,100.0,0.07999999999999996,-1.1225463531168116,0.0,0.08,0.07999999999999996,0.07999999999999996,0
106,11,1.1236733198165894,0.3530235399124494,0.7,0.6399999999999673,50.78125,100.0,0.6399999999999534,1.1578235880352026,0.7,0.6399999999999999,0.6399999999999673,0.6399999999999673,0
106,4,0.3925285041332245,0.3530235399124494,0.1060744137159043,0.1426762425826382,88.07339449541284,100.0,0.1331691189868874,0.1060744137159043,0.1060744137159043,0.16485953097272343,0.1426762425826382,0.1426762425826382,0
106,3,0.38016876578330994,0.3530235399124494,0.07408053257357917,0.20719719217577337,90.25641025641026,100.0,0.23631123479730626,0.07408053257357917,0.07408053257357917,0.13926442605886336,0.20719719217577337,0.20719719217577337,0
106,13,0.7875469326972961,0.3530235399124494,0.7,0.5554245729216906,82.6086956521739,95.65217391304348,0.5191779613167009,0.8023882103564981,0.7,0.6399999999999999,0.5554245729216906,0.5554245729216906,0
106,6,0.1825338751077652,0.3530235399124494,0.0,0.08549503656154948,91.015625,100.0,0.08785005223078499,-0.659598940730005,0.0,0.08,0.08549503656154948,0.08549503656154948,0
106,19,0.3497660160064697,0.3530235399124494,0.0,0.08000439267231277,86.71875,100.0,0.08000627524616111,-0.009270334525789039,0.0,0.08,0.08000439267231277,0.08000439267231277,0
106,9,0.17093461751937866,0.3530235399124494,0.0,0.07999999999999996,94.140625,99.609375,0.07999999999999996,-0.7252535801401371,0.0,0.08,0.07999999999999996,0.07999999999999996,0
106,0,0.15880532562732697,0.3530235399124494,0.0,0.1710751794894201,83.33333333333333,100.0,0.21010739927060018,-0.7988556204241575,0.0,0.08,0.1710751794894201,0.1710751794894201,0
106,10,0.29142552614212036,0.3530235399124494,0.0,0.07999999999999996,94.140625,100.0,0.07999999999999996,-0.19175024581093889,0.0,0.08,0.07999999999999996,0.07999999999999996,0
106,5,0.3561157286167145,0.3530235399124494,0.008721018148596592,0.0853958927495523,92.96875,100.0,0.08471835484841303,0.008721018148596592,0.008721018148596592,0.08697681451887727,0.0853958927495523,0.0853958927495523,0
106,15,0.5715213418006897,0.3530235399124494,0.48176707517700335,0.5598902829010448,64.28571428571429,85.71428571428571,0.600380264083663,0.48176707517700335,0.48176707517700335,0.46541366014160274,0.5598902829010448,0.5598902829010448,0
106,1,0.4364832937717438,0.3530235399124494,0.21221535597050062,0.17271125467723553,91.66666666666667,95.83333333333333,0.13968509892045053,0.21221535597050062,0.21221535597050062,0.2497722847764005,0.17271125467723553,0.17271125467723553,0
106,8,1.2508327960968018,0.3530235399124494,0.7,0.6399999999999856,45.703125,100.0,0.6399999999999795,1.2650300849901563,0.7,0.6399999999999999,0.6399999999999856,0.6399999999999856,0
106,16,0.506879985332489,0.3530235399124494,0.36173951163664836,0.29328358990953596,87.72727272727273,100.0,0.26066586730962904,0.36173951163664836,0.36173951163664836,0.3693916093093187,0.29328358990953596,0.29328358990953596,0
106,2,0.18312789499759674,0.3530235399124494,0.0,0.10939403091201572,87.6923076923077,100.0,0.12199147273145104,-0.656349925227429,0.0,0.08,0.10939403091201572,0.10939403091201572,0
107,3,0.38112673163414,0.3542704322323922,0.07307139244446192,0.1865751687097122,87.6923076923077,98.46153846153847,0.20719719217577337,0.07307139244446192,0.07307139244446192,0.13845711395556953,0.1865751687097122,0.1865751687097122,0
107,6,0.22285480797290802,0.3542704322323922,0.0,0.08384652559308464,92.578125,100.0,0.08549503656154948,-0.46354006361147415,0.0,0.08,0.08384652559308464,0.08384652559308464,0
107,13,0.7455121874809265,0.3542704322323922,0.7,0.5807972010451834,71.73913043478261,91.30434782608695,0.5554245729216906,0.7440109129752288,0.7,0.6399999999999999,0.5807972010451834,0.5807972010451834,0
107,5,0.35189419984817505,0.3542704322323922,0.0,0.08377712492468661,89.84375,100.0,0.0853958927495523,-0.006729992349688347,0.0,0.08,0.08377712492468661,0.08377712492468661,0
107,11,1.2225197553634644,0.3542704322323922,0.7,0.639999999999977,49.609375,99.609375,0.6399999999999673,1.238608806632321,0.7,0.6399999999999999,0.639999999999977,0.639999999999977,0
107,19,0.3107036352157593,0.3542704322323922,0.0,0.08000307487061893,89.0625,100.0,0.08000439267231277,-0.13122103397400514,0.0,0.08,0.08000307487061893,0.08000307487061893,0
107,7,0.7906147241592407,0.3542704322323922,0.7,0.6363292422795565,71.875,100.0,0.6347560603993664,0.8027502047964863,0.7,0.6399999999999999,0.6363292422795565,0.6363292422795565,0
107,17,0.08971528708934784,0.3542704322323922,0.0,0.07999999999999996,95.3125,100.0,0.07999999999999996,-1.3734192919342283,0.0,0.08,0.07999999999999996,0.07999999999999996,0
107,4,0.30143052339553833,0.3542704322323922,0.0,0.12387336980784674,92.66055045871559,99.08256880733946,0.1426762425826382,-0.1615209962837125,0.0,0.08,0.12387336980784674,0.12387336980784674,0
107,2,0.3089633882045746,0.3542704322323922,0.0,0.100575821638411,89.23076923076923,98.46153846153847,0.10939403091201572,-0.13683776510315498,0.0,0.08,0.100575821638411,0.100575821638411,0
107,18,0.20698709785938263,0.3542704322323922,0.0,0.07999999999999996,92.96875,98.4375,0.07999999999999996,-0.5374040721191923,0.0,0.08,0.07999999999999996,0.07999999999999996,0
107,14,0.275190144777298,0.3542704322323922,0.0,0.07999999999999996,94.94949494949495,100.0,0.07999999999999996,-0.2525982519450192,0.0,0.08,0.07999999999999996,0.07999999999999996,0
107,0,0.09126698970794678,0.3542704322323922,0.0,0.14375262564259406,100.0,100.0,0.1710751794894201,-1.3562713092919478,0.0,0.08,0.14375262564259406,0.14375262564259406,0
107,10,0.31245899200439453,0.3542704322323922,0.0,0.07999999999999996,90.625,99.609375,0.07999999999999996,-0.12558731558859199,0.0,0.08,0.07999999999999996,0.07999999999999996,0
107,1,0.24881678819656372,0.3542704322323922,0.0,0.14489787827406486,79.16666666666667,100.0,0.17271125467723553,-0.35334370711939855,0.0,0.08,0.14489787827406486,0.14489787827406486,0
107,8,1.244722843170166,0.3542704322323922,0.7,0.6399999999999898,49.21875,100.0,0.6399999999999856,1.2566075936500642,0.7,0.6399999999999999,0.6399999999999898,0.6399999999999898,0
107,16,0.4069685637950897,0.3542704322323922,0.1386753856262621,0.2625806054869781,87.27272727272727,99.54545454545455,0.29328358990953596,0.1386753856262621,0.1386753856262621,0.19094030850100968,0.2625806054869781,0.2625806054869781,0
107,12,0.3402877151966095,0.3542704322323922,0.0,0.1276712299651379,82.8125,99.609375,0.14810175709305418,-0.040269072252146605,0.0,0.08,0.1276712299651379,0.1276712299651379,0
107,15,0.9691246747970581,0.3542704322323922,0.7,0.5839231980307313,78.57142857142857,78.57142857142857,0.5598902829010448,1.0063326947217133,0.7,0.6399999999999999,0.5839231980307313,0.5839231980307313,0
107,9,0.2486923336982727,0.3542704322323922,0.0,0.07999999999999996,92.96875,100.0,0.07999999999999996,-0.3538440175274166,0.0,0.08,0.07999999999999996,0.07999999999999996,0
108,9,0.2330019623041153,0.3500015203701607,0.0,0.07999999999999996,93.359375,100.0,0.07999999999999996,-0.4068906086056701,0.0,0.08,0.07999999999999996,0.07999999999999996,0
108,6,0.1975426971912384,0.3500015203701607,0.0,0.08269256791515925,92.578125,99.609375,0.08384652559308464,-0.5719827270521881,0.0,0.08,0.08269256791515925,0.08269256791515925,0
108,19,0.2707400619983673,0.3500015203701607,0.0,0.08000215240943326,89.453125,100.0,0.08000307487061893,-0.25677831027069914,0.0,0.08,0.08000215240943326,0.08000215240943326,0
108,12,0.4036311209201813,0.3500015203701607,0.14256389164730604,0.14758519497095,85.15625,100.0,0.1276712299651379,0.14256389164730604,0.14256389164730604,0.19405111331784486,0.14758519497095,0.14758519497095,0
108,13,0.646954357624054,0.3500015203701607,0.6143382358789592,0.5779992173425785,71.73913043478261,100.0,0.5807972010451834,0.6143382358789592,0.6143382358789592,0.5714705887031674,0.5779992173425785,0.5779992173425785,0
108,14,0.20759865641593933,0.3500015203701607,0.0,0.07999999999999996,94.94949494949495,98.98989898989899,0.07999999999999996,-0.5223307995042938,0.0,0.08,0.07999999999999996,0.07999999999999996,0
108,18,0.17644670605659485,0.3500015203701607,0.0,0.07999999999999996,92.96875,99.21875,0.07999999999999996,-0.6849185881959186,0.0,0.08,0.07999999999999996,0.07999999999999996,0
108,1,0.20308107137680054,0.3500015203701607,0.0,0.12542851479184539,75.0,95.83333333333333,0.14489787827406486,-0.5443322120142192,0.0,0.08,0.12542851479184539,0.12542851479184539,0
108,11,1.0931153297424316,0.3500015203701607,0.7,0.6399999999999839,54.296875,100.0,0.639999999999977,1.1388494814883756,0.7,0.6399999999999999,0.6399999999999839,0.6399999999999839,0
108,10,0.3197132349014282,0.3500015203701607,0.0,0.07999999999999996,91.796875,100.0,0.07999999999999996,-0.0905130425956438,0.0,0.08,0.07999999999999996,0.07999999999999996,0
108,4,0.3446183502674103,0.3500015203701607,0.0,0.11071135886549271,91.74311926605505,100.0,0.12387336980784674,-0.01549992434531948,0.0,0.08,0.11071135886549271,0.11071135886549271,0
108,7,0.8016251921653748,0.3500015203701607,0.7,0.6374304695956895,68.75,100.0,0.6363292422795565,0.8287036427033704,0.7,0.6399999999999999,0.6374304695956895,0.6374304695956895,0
108,2,0.2787334620952606,0.3500015203701607,0.0,0.0944030751468877,90.76923076923077,100.0,0.100575821638411,-0.22768149887544079,0.0,0.08,0.0944030751468877,0.0944030751468877,0
108,8,1.2646795511245728,0.3500015203701607,0.7,0.6399999999999928,46.484375,100.0,0.6399999999999898,1.2846365307488303,0.7,0.6399999999999999,0.6399999999999928,0.6399999999999928,0
108,16,0.3827492892742157,0.3500015203701607,0.08944267680978824,0.22927266627523385,87.72727272727273,100.0,0.2625806054869781,0.08944267680978824,0.08944267680978824,0.15155414144783058,0.22927266627523385,0.22927266627523385,0
108,0,0.5619398951530457,0.3500015203701607,0.47345738688350314,0.2382566108018566,83.33333333333333,100.0,0.14375262564259406,0.47345738688350314,0.47345738688350314,0.45876590950680257,0.2382566108018566,0.2382566108018566,0
108,17,0.09563177078962326,0.3500015203701607,0.0,0.07999999999999996,96.484375,100.0,0.07999999999999996,-1.297432327109102,0.0,0.08,0.07999999999999996,0.07999999999999996,0
108,15,0.5091691017150879,0.3500015203701607,0.37484267746513,0.5227084812131432,35.714285714285715,85.71428571428571,0.5839231980307313,0.37484267746513,0.37484267746513,0.379874141972104,0.5227084812131432,0.5227084812131432,0
108,3,0.4189853072166443,0.3500015203701607,0.17989834990568715,0.19777822207416343,88.71794871794872,100.0,0.1865751687097122,0.17989834990568715,0.17989834990568715,0.22391867992454972,0.19777822207416343,0.19777822207416343,0
108,5,0.2965467870235443,0.3500015203701607,0.0,0.08264398744728063,90.625,100.0,0.08377712492468661,-0.16573248953102218,0.0,0.08,0.08264398744728063,0.08264398744728063,0
109,19,0.30380913615226746,0.34821794759158653,0.0,0.08000150668660327,89.0625,99.609375,0.08000215240943326,-0.1364289030973284,0.0,0.08,0.08000150668660327,0.08000150668660327,0
109,2,0.3442542552947998,0.34821794759158653,0.0,0.09008215260282137,95.38461538461539,100.0,0.0944030751468877,-0.011448070999136034,0.0,0.08,0.09008215260282137,0.09008215260282137,0
109,18,0.27020037174224854,0.34821794759158653,0.0,0.07999999999999996,93.75,99.609375,0.07999999999999996,-0.2536647603007428,0.0,0.08,0.07999999999999996,0.07999999999999996,0
109,6,0.2614053785800934,0.34821794759158653,0.0,0.08188479754061147,92.578125,100.0,0.08269256791515925,-0.2867561833539129,0.0,0.08,0.08188479754061147,0.08188479754061147,0
109,7,0.7817251682281494,0.34821794759158653,0.7,0.6382013287169825,63.671875,100.0,0.6374304695956895,0.8086746456473866,0.7,0.6399999999999999,0.6382013287169825,0.6382013287169825,0
109,9,0.2586623430252075,0.34821794759158653,0.0,0.07999999999999996,86.71875,99.609375,0.07999999999999996,-0.2973050437123789,0.0,0.08,0.07999999999999996,0.07999999999999996,0
109,14,0.24262821674346924,0.34821794759158653,0.0,0.07999999999999996,95.95959595959596,100.0,0.07999999999999996,-0.36129825793543,0.0,0.08,0.07999999999999996,0.07999999999999996,0
109,0,0.036643531173467636,0.34821794759158653,0.0,0.1907796275612996,83.33333333333333,100.0,0.2382566108018566,-2.2515914157561783,0.0,0.08,0.1907796275612996,0.1907796275612996,0
109,1,0.12178193777799606,0.34821794759158653,0.0,0.11179996035429177,91.66666666666667,95.83333333333333,0.12542851479184539,-1.0505964663514986,0.0,0.08,0.11179996035429177,0.11179996035429177,0
109,16,0.4304761290550232,0.34821794759158653,0.21206329757147097,0.23538605780981672,88.63636363636364,98.63636363636364,0.22927266627523385,0.21206329757147097,0.21206329757147097,0.2496506380571768,0.23538605780981672,0.23538605780981672,0
109,10,0.31222155690193176,0.34821794759158653,0.0,0.07999999999999996,92.1875,100.0,0.07999999999999996,-0.10911551254073502,0.0,0.08,0.07999999999999996,0.07999999999999996,0
109,13,0.5007744431495667,0.34821794759158653,0.3633272077636977,0.5157979820030925,76.08695652173913,95.65217391304348,0.5779992173425785,0.3633272077636977,0.3633272077636977,0.3706617662109582,0.5157979820030925,0.5157979820030925,0
109,17,0.14062105119228363,0.34821794759158653,0.0,0.07999999999999996,94.921875,100.0,0.07999999999999996,-0.906759835372394,0.0,0.08,0.07999999999999996,0.07999999999999996,0
109,8,1.1324924230575562,0.34821794759158653,0.7,0.6399999999999949,50.78125,100.0,0.6399999999999928,1.1793475770684905,0.7,0.6399999999999999,0.6399999999999949,0.6399999999999949,0
109,11,1.0182691812515259,0.34821794759158653,0.7,0.6399999999999887,58.59375,99.609375,0.6399999999999839,1.0730309949999302,0.7,0.6399999999999999,0.6399999999999887,0.6399999999999887,0
109,3,0.3603297770023346,0.34821794759158653,0.034191088476516196,0.1706506166862783,87.17948717948718,99.48717948717949,0.19777822207416343,0.034191088476516196,0.034191088476516196,0.10735287078121296,0.1706506166862783,0.1706506166862783,0
109,4,0.4136162996292114,0.34821794759158653,0.17211015711673738,0.14280438891386188,95.41284403669725,100.0,0.11071135886549271,0.17211015711673738,0.17211015711673738,0.2176881256933899,0.14280438891386188,0.14280438891386188,0
109,15,0.5921809077262878,0.34821794759158653,0.5309835938244171,0.5173319993670603,50.0,92.85714285714286,0.5227084812131432,0.5309835938244171,0.5309835938244171,0.5047868750595337,0.5173319993670603,0.5173319993670603,0
109,12,0.3538662791252136,0.34821794759158653,0.016090528806697934,0.13117136339327248,87.890625,100.0,0.14758519497095,0.016090528806697934,0.016090528806697934,0.09287242304535835,0.13117136339327248,0.13117136339327248,0
109,5,0.27563416957855225,0.34821794759158653,0.0,0.08185079121309644,94.53125,100.0,0.08264398744728063,-0.23375404839958283,0.0,0.08,0.08185079121309644,0.08185079121309644,0
110,5,0.33529019355773926,0.3462199434422645,0.0,0.0812955538491675,89.84375,100.0,0.08185079121309644,-0.03207784057558572,0.0,0.08,0.0812955538491675,0.0812955538491675,0
110,13,0.4189322590827942,0.3462199434422645,0.1906349812143079,0.4308109828935986,69.56521739130434,97.82608695652173,0.5157979820030925,0.1906349812143079,0.1906349812143079,0.23250798497144637,0.4308109828935986,0.4308109828935986,0
110,15,0.9023380875587463,0.3462199434422645,0.7,0.5541323995569422,78.57142857142857,92.85714285714286,0.5173319993670603,0.9579150041532789,0.7,0.6399999999999999,0.5541323995569422,0.5541323995569422,0
110,17,0.1555948257446289,0.3462199434422645,0.0,0.07999999999999996,96.875,100.0,0.07999999999999996,-0.7998188547825058,0.0,0.08,0.07999999999999996,0.07999999999999996,0
110,8,1.166020154953003,0.3462199434422645,0.7,0.6399999999999963,53.125,100.0,0.6399999999999949,1.2142773842145367,0.7,0.6399999999999999,0.6399999999999963,0.6399999999999963,0
110,12,0.43687155842781067,0.3462199434422645,0.23256498146833676,0.17163554992769156,84.375,99.21875,0.13117136339327248,0.23256498146833676,0.23256498146833676,0.26605198517466944,0.17163554992769156,0.17163554992769156,0
110,18,0.2142406702041626,0.3462199434422645,0.0,0.07999999999999996,93.75,99.21875,0.07999999999999996,-0.4799742197729092,0.0,0.08,0.07999999999999996,0.07999999999999996,0
110,0,0.16995000839233398,0.3462199434422645,0.0,0.15754573929290971,83.33333333333333,100.0,0.1907796275612996,-0.7115698923100001,0.0,0.08,0.15754573929290971,0.15754573929290971,0
110,10,0.3232351243495941,0.3462199434422645,0.0,0.07999999999999996,89.0625,100.0,0.07999999999999996,-0.06869424817063637,0.0,0.08,0.07999999999999996,0.07999999999999996,0
110,1,0.36049625277519226,0.3462199434422645,0.04040731321540554,0.11195772741970156,95.83333333333333,100.0,0.11179996035429177,0.04040731321540554,0.04040731321540554,0.11232585057232444,0.11195772741970156,0.11195772741970156,0
110,16,0.49290016293525696,0.3462199434422645,0.3532323878897426,0.2735460135604099,87.72727272727273,100.0,0.23538605780981672,0.3532323878897426,0.3532323878897426,0.3625859103117941,0.2735460135604099,0.2735460135604099,0
110,14,0.2701389491558075,0.3462199434422645,0.0,0.07999999999999996,91.91919191919192,100.0,0.07999999999999996,-0.24813778652960272,0.0,0.08,0.07999999999999996,0.07999999999999996,0
110,4,0.2656767964363098,0.3462199434422645,0.0,0.12396307223970332,85.3211009174312,99.08256880733946,0.14280438891386188,-0.2647937200169957,0.0,0.08,0.12396307223970332,0.12396307223970332,0
110,3,0.3466815948486328,0.3462199434422645,0.0013325167742906602,0.14377523570622455,86.15384615384616,100.0,0.1706506166862783,0.0013325167742906602,0.0013325167742906602,0.08106601341943254,0.14377523570622455,0.14377523570622455,0
110,2,0.28622302412986755,0.3462199434422645,0.0,0.08705750682197497,95.38461538461539,100.0,0.09008215260282137,-0.19030293015629354,0.0,0.08,0.08705750682197497,0.08705750682197497,0
110,7,0.737075924873352,0.3462199434422645,0.7,0.6387409301018877,74.609375,100.0,0.6382013287169825,0.7556166426003231,0.7,0.6399999999999999,0.6387409301018877,0.6387409301018877,0
110,19,0.3058869540691376,0.3462199434422645,0.0,0.0800010546806223,92.578125,100.0,0.08000150668660327,-0.1238586414330595,0.0,0.08,0.0800010546806223,0.0800010546806223,0
110,9,0.2049117535352707,0.3462199434422645,0.0,0.07999999999999996,89.453125,99.609375,0.07999999999999996,-0.5244948119729513,0.0,0.08,0.07999999999999996,0.07999999999999996,0
110,6,0.184233620762825,0.3462199434422645,0.0,0.08131935827842802,91.015625,100.0,0.08188479754061147,-0.6308695920869843,0.0,0.08,0.08131935827842802,0.08131935827842802,0
110,11,1.0812139511108398,0.3462199434422645,0.7,0.639999999999992,54.6875,100.0,0.6399999999999887,1.1387654502519164,0.7,0.6399999999999999,0.639999999999992,0.639999999999992,0
111,2,0.4684063792228699,0.34452421499340474,0.3071718648919584,0.1586615023494525,93.84615384615384,100.0,0.08705750682197497,0.3071718648919584,0.3071718648919584,0.32573749191356677,0.1586615023494525,0.1586615023494525,0
111,17,0.12762045860290527,0.34452421499340474,0.0,0.07999999999999996,94.921875,100.0,0.07999999999999996,-0.9931036369711276,0.0,0.08,0.07999999999999996,0.07999999999999996,0
111,5,0.3283556401729584,0.34452421499340474,0.0,0.08090688769441726,92.578125,100.0,0.0812955538491675,-0.04806708700157942,0.0,0.08,0.08090688769441726,0.08090688769441726,0
111,9,0.28184372186660767,0.34452421499340474,0.0,0.07999999999999996,92.578125,100.0,0.07999999999999996,-0.20081163223810075,0.0,0.08,0.07999999999999996,0.07999999999999996,0
111,4,0.3440081775188446,0.34452421499340474,0.0,0.11077415056779233,89.90825688073394,100.0,0.12396307223970332,-0.0014989492485874337,0.0,0.08,0.11077415056779233,0.11077415056779233,0
111,16,0.3603157699108124,0.34452421499340474,0.04481640611781575,0.2262381469605627,90.9090909090909,99.54545454545455,0.2735460135604099,0.04481640611781575,0.04481640611781575,0.1158531248942526,0.2262381469605627,0.2262381469605627,0
111,13,0.7344464063644409,0.34452421499340474,0.7,0.493567688025519,73.91304347826087,93.47826086956522,0.4308109828935986,0.7569526331540485,0.7,0.6399999999999999,0.493567688025519,0.493567688025519,0
111,0,0.08476027101278305,0.34452421499340474,0.0,0.1342820175050368,83.33333333333333,100.0,0.15754573929290971,-1.402337358477166,0.0,0.08,0.1342820175050368,0.1342820175050368,0
111,6,0.21896789968013763,0.34452421499340474,0.0,0.08092355079489962,89.0625,100.0,0.08131935827842802,-0.4532392193267817,0.0,0.08,0.08092355079489962,0.08092355079489962,0
111,14,0.30461254715919495,0.34452421499340474,0.0,0.07999999999999996,87.87878787878788,100.0,0.07999999999999996,-0.12312374257485892,0.0,0.08,0.07999999999999996,0.07999999999999996,0
111,3,0.5121344327926636,0.34452421499340474,0.39642276688427275,0.21978412904658265,81.53846153846153,99.48717948717949,0.14377523570622455,0.39642276688427275,0.39642276688427275,0.39713821350741824,0.21978412904658265,0.21978412904658265,0
111,12,0.3227265775203705,0.34452421499340474,0.0,0.14414488494938407,83.59375,100.0,0.17163554992769156,-0.0653589207731019,0.0,0.08,0.14414488494938407,0.14414488494938407,0
111,15,0.8411006331443787,0.34452421499340474,0.7,0.5798926796898595,71.42857142857143,92.85714285714286,0.5541323995569422,0.8925469163492241,0.7,0.6399999999999999,0.5798926796898595,0.5798926796898595,0
111,19,0.2710222899913788,0.34452421499340474,0.0,0.08000073827643561,88.28125,100.0,0.0800010546806223,-0.23996330198031005,0.0,0.08,0.08000073827643561,0.08000073827643561,0
111,1,0.2755602300167084,0.34452421499340474,0.0,0.10237040919379109,95.83333333333333,100.0,0.11195772741970156,-0.2233581455266778,0.0,0.08,0.10237040919379109,0.10237040919379109,0
111,7,0.8257974982261658,0.34452421499340474,0.7,0.6391186510713214,70.3125,100.0,0.6387409301018877,0.8741851887758647,0.7,0.6399999999999999,0.6391186510713214,0.6391186510713214,0
111,8,1.3938100337982178,0.34452421499340474,0.7,0.6399999999999973,54.296875,100.0,0.6399999999999963,1.3976319077669423,0.7,0.6399999999999999,0.6399999999999973,0.6399999999999973,0
111,10,0.27069005370140076,0.34452421499340474,0.0,0.07999999999999996,89.84375,100.0,0.07999999999999996,-0.24118991726141495,0.0,0.08,0.07999999999999996,0.07999999999999996,0
111,11,1.011368989944458,0.34452421499340474,0.7,0.6399999999999944,58.984375,100.0,0.639999999999992,1.0768957302722544,0.7,0.6399999999999999,0.6399999999999944,0.6399999999999944,0
111,18,0.1986660361289978,0.34452421499340474,0.0,0.07999999999999996,94.140625,99.609375,0.07999999999999996,-0.5505391523850162,0.0,0.08,0.07999999999999996,0.07999999999999996,0
112,11,1.179303765296936,0.3426259043787307,0.7,0.639999999999996,43.75,100.0,0.6399999999999944,1.2360402990297454,0.7,0.6399999999999999,0.639999999999996,0.639999999999996,0
112,4,0.27927982807159424,0.3426259043787307,0.0,0.10154190539745461,88.9908256880734,99.08256880733946,0.11077415056779233,-0.20442494037436984,0.0,0.08,0.10154190539745461,0.10154190539745461,0
112,5,0.2834160327911377,0.3426259043787307,0.0,0.08063482138609207,91.015625,100.0,0.08090688769441726,-0.18972328941374408,0.0,0.08,0.08063482138609207,0.08063482138609207,0
112,2,0.34741461277008057,0.3426259043787307,0.013879721583558496,0.13839418482467078,93.84615384615384,100.0,0.1586615023494525,0.013879721583558496,0.013879721583558496,0.09110377726684679,0.13839418482467078,0.13839418482467078,0
112,13,0.6531196236610413,0.3426259043787307,0.6451210953509577,0.5243264445020931,73.91304347826087,95.65217391304348,0.493567688025519,0.6451210953509577,0.6451210953509577,0.5960968762807661,0.5243264445020931,0.5243264445020931,0
112,12,0.3649664521217346,0.3426259043787307,0.0631662413985398,0.1400613174002184,85.546875,100.0,0.14414488494938407,0.0631662413985398,0.0631662413985398,0.13053299311883185,0.1400613174002184,0.1400613174002184,0
112,7,0.7258339524269104,0.3426259043787307,0.7,0.6393830557499249,73.4375,100.0,0.6391186510713214,0.7506820634129066,0.7,0.6399999999999999,0.6393830557499249,0.6393830557499249,0
112,9,0.22977901995182037,0.3426259043787307,0.0,0.07999999999999996,92.578125,100.0,0.07999999999999996,-0.3995211155868787,0.0,0.08,0.07999999999999996,0.07999999999999996,0
112,3,0.35007965564727783,0.3426259043787307,0.021521521353600487,0.18301405545747196,89.23076923076923,99.48717948717949,0.21978412904658265,0.021521521353600487,0.021521521353600487,0.09721721708288039,0.18301405545747196,0.18301405545747196,0
112,8,1.1882063150405884,0.3426259043787307,0.7,0.6399999999999981,50.0,100.0,0.6399999999999973,1.2435609357552324,0.7,0.6399999999999999,0.6399999999999981,0.6399999999999981,0
112,14,0.18711768090724945,0.3426259043787307,0.0,0.07999999999999996,91.91919191919192,100.0,0.07999999999999996,-0.6049014413352819,0.0,0.08,0.07999999999999996,0.07999999999999996,0
112,15,0.6934820413589478,0.3426259043787307,0.7,0.5979248757829015,57.142857142857146,100.0,0.5798926796898595,0.7050861348140415,0.7,0.6399999999999999,0.5979248757829015,0.5979248757829015,0
112,1,0.12049905210733414,0.3426259043787307,0.0,0.09565928643565375,95.83333333333333,100.0,0.10237040919379109,-1.044997253805522,0.0,0.08,0.09565928643565375,0.09565928643565375,0
112,0,0.053798478096723557,0.3426259043787307,0.0,0.11799741225352575,100.0,83.33333333333333,0.1342820175050368,-1.8513938588828376,0.0,0.08,0.11799741225352575,0.11799741225352575,0
112,6,0.19812092185020447,0.3426259043787307,0.0,0.08064648555642973,94.921875,100.0,0.08092355079489962,-0.5477616121917602,0.0,0.08,0.08064648555642973,0.08064648555642973,0
112,16,0.569841742515564,0.3426259043787307,0.5087194717530468,0.3044593760931251,87.27272727272727,100.0,0.2262381469605627,0.5087194717530468,0.5087194717530468,0.48697557740243747,0.3044593760931251,0.3044593760931251,0
112,18,0.22231587767601013,0.3426259043787307,0.0,0.07999999999999996,92.1875,99.21875,0.07999999999999996,-0.4325399354202792,0.0,0.08,0.07999999999999996,0.07999999999999996,0
112,10,0.31157100200653076,0.3426259043787307,0.0,0.07999999999999996,91.796875,100.0,0.07999999999999996,-0.09501194319930877,0.0,0.08,0.07999999999999996,0.07999999999999996,0
112,19,0.36857178807258606,0.3426259043787307,0.0729963080180516,0.09751963071783731,94.53125,100.0,0.08000073827643561,0.0729963080180516,0.0729963080180516,0.13839704641444128,0.09751963071783731,0.09751963071783731,0
112,17,0.09610768407583237,0.3426259043787307,0.0,0.07999999999999996,92.96875,100.0,0.07999999999999996,-1.271169847368896,0.0,0.08,0.07999999999999996,0.07999999999999996,0
113,18,0.21028485894203186,0.3413125946796882,0.0,0.07999999999999996,90.625,99.609375,0.07999999999999996,-0.4843356563611414,0.0,0.08,0.07999999999999996,0.07999999999999996,0
113,2,0.30021968483924866,0.3413125946796882,0.0,0.12087592937726954,90.76923076923077,100.0,0.13839418482467078,-0.12828426383540806,0.0,0.08,0.12087592937726954,0.12087592937726954,0
113,0,0.7918936610221863,0.3413125946796882,0.7,0.274598188577468,100.0,100.0,0.11799741225352575,0.8416283424318987,0.7,0.6399999999999999,0.274598188577468,0.274598188577468,0
113,14,0.289590984582901,0.3413125946796882,0.0,0.07999999999999996,89.8989898989899,100.0,0.07999999999999996,-0.16432922263526842,0.0,0.08,0.07999999999999996,0.07999999999999996,0
113,15,0.7171896696090698,0.3413125946796882,0.7,0.6105474130480311,50.0,78.57142857142857,0.5979248757829015,0.742541565180856,0.7,0.6399999999999999,0.6105474130480311,0.6105474130480311,0
113,19,0.22721260786056519,0.3413125946796882,0.0,0.09226374150248612,92.96875,100.0,0.09751963071783731,-0.40691256494678757,0.0,0.08,0.09226374150248612,0.09226374150248612,0
113,9,0.24486099183559418,0.3413125946796882,0.0,0.07999999999999996,90.625,100.0,0.07999999999999996,-0.33210807650956653,0.0,0.08,0.07999999999999996,0.07999999999999996,0
113,1,0.2944292724132538,0.3413125946796882,0.0,0.0909615005049576,91.66666666666667,95.83333333333333,0.09565928643565375,-0.14775993998245218,0.0,0.08,0.0909615005049576,0.0909615005049576,0
113,5,0.2579595446586609,0.3413125946796882,0.0,0.08044437497026444,90.625,100.0,0.08063482138609207,-0.27999597886601224,0.0,0.08,0.08044437497026444,0.08044437497026444,0
113,12,0.41685783863067627,0.3413125946796882,0.1999464864986651,0.17003007893983252,85.9375,99.609375,0.1400613174002184,0.1999464864986651,0.1999464864986651,0.2399571891989321,0.17003007893983252,0.17003007893983252,0
113,13,0.5883825421333313,0.3413125946796882,0.5445785486073257,0.5217273628172232,76.08695652173913,100.0,0.5243264445020931,0.5445785486073257,0.5445785486073257,0.5156628388858605,0.5217273628172232,0.5217273628172232,0
113,3,0.29811209440231323,0.3413125946796882,0.0,0.15210983882023035,89.74358974358974,99.48717948717949,0.18301405545747196,-0.1353291815763493,0.0,0.08,0.15210983882023035,0.15210983882023035,0
113,10,0.3120794892311096,0.3413125946796882,0.0,0.07999999999999996,92.1875,100.0,0.07999999999999996,-0.08954082602975968,0.0,0.08,0.07999999999999996,0.07999999999999996,0
113,6,0.20370759069919586,0.3413125946796882,0.0,0.0804525398895008,93.75,100.0,0.08064648555642973,-0.516113150871432,0.0,0.08,0.0804525398895008,0.0804525398895008,0
113,8,1.2426332235336304,0.3413125946796882,0.7,0.6399999999999987,51.171875,100.0,0.6399999999999981,1.2921891958203704,0.7,0.6399999999999999,0.6399999999999987,0.6399999999999987,0
113,17,0.15749041736125946,0.3413125946796882,0.0,0.07999999999999996,96.875,100.0,0.07999999999999996,-0.7734341088498987,0.0,0.08,0.07999999999999996,0.07999999999999996,0
113,7,0.7435435652732849,0.3413125946796882,0.7,0.6395681390249474,67.96875,100.0,0.6393830557499249,0.7786285858759974,0.7,0.6399999999999999,0.6395681390249474,0.6395681390249474,0
113,11,1.2466611862182617,0.3413125946796882,0.7,0.6399999999999971,46.875,100.0,0.639999999999996,1.2954254270608037,0.7,0.6399999999999999,0.6399999999999971,0.6399999999999971,0
113,4,0.2744087874889374,0.3413125946796882,0.0,0.09507933377821823,91.74311926605505,100.0,0.10154190539745461,-0.21817983045228312,0.0,0.08,0.09507933377821823,0.09507933377821823,0
113,16,0.39795273542404175,0.3413125946796882,0.1535344815352964,0.2739698388336587,80.9090909090909,100.0,0.3044593760931251,0.1535344815352964,0.1535344815352964,0.20282758522823713,0.2739698388336587,0.2739698388336587,0
114,2,0.2812797427177429,0.3370979241737975,0.0,0.10861315056408868,93.84615384615384,100.0,0.12087592937726954,-0.18102375862722772,0.0,0.08,0.10861315056408868,0.10861315056408868,0
114,13,1.2743991613388062,0.3370979241737975,0.7,0.5572091539720562,80.43478260869566,100.0,0.5217273628172232,1.3298566143676611,0.7,0.6399999999999999,0.5572091539720562,0.5572091539720562,0
114,9,0.264402836561203,0.3370979241737975,0.0,0.07999999999999996,94.921875,100.0,0.07999999999999996,-0.24289961995554604,0.0,0.08,0.07999999999999996,0.07999999999999996,0
114,19,0.3307543694972992,0.3370979241737975,0.0,0.08858461905174028,89.0625,100.0,0.09226374150248612,-0.018997449973718224,0.0,0.08,0.08858461905174028,0.08858461905174028,0
114,7,0.6827536821365356,0.3370979241737975,0.7,0.6396976973174631,71.09375,100.0,0.6395681390249474,0.7057606740905716,0.7,0.6399999999999999,0.6396976973174631,0.6396976973174631,0
114,15,1.0396826267242432,0.3370979241737975,0.7,0.6193831891336217,71.42857142857143,100.0,0.6105474130480311,1.1262972945780032,0.7,0.6399999999999999,0.6193831891336217,0.6193831891336217,0
114,5,0.41920098662376404,0.3370979241737975,0.21797701645456694,0.13262554642828117,89.84375,100.0,0.08044437497026444,0.21797701645456694,0.21797701645456694,0.25438161316365354,0.13262554642828117,0.13262554642828117,0
114,0,0.2828872501850128,0.3370979241737975,0.0,0.21621873200422756,83.33333333333333,83.33333333333333,0.274598188577468,-0.17532504962489967,0.0,0.08,0.21621873200422756,0.21621873200422756,0
114,4,0.2744346559047699,0.3370979241737975,0.0,0.09055553364475274,91.74311926605505,99.08256880733946,0.09507933377821823,-0.205660272647102,0.0,0.08,0.09055553364475274,0.09055553364475274,0
114,1,0.4194691479206085,0.3370979241737975,0.21861650816541453,0.14014101231316983,87.5,100.0,0.0909615005049576,0.21861650816541453,0.21861650816541453,0.25489320653233166,0.14014101231316983,0.14014101231316983,0
114,14,0.2664099931716919,0.3370979241737975,0.0,0.07999999999999996,94.94949494949495,100.0,0.07999999999999996,-0.23533700658706533,0.0,0.08,0.07999999999999996,0.07999999999999996,0
114,6,0.25001609325408936,0.3370979241737975,0.0,0.08031677792265055,89.84375,100.0,0.0804525398895008,-0.29884816518745005,0.0,0.08,0.08031677792265055,0.08031677792265055,0
114,17,0.1313742846250534,0.3370979241737975,0.0,0.07999999999999996,96.484375,100.0,0.07999999999999996,-0.9423230339807339,0.0,0.08,0.07999999999999996,0.07999999999999996,0
114,8,1.1409149169921875,0.3370979241737975,0.7,0.639999999999999,42.1875,100.0,0.6399999999999987,1.2192122930488087,0.7,0.6399999999999999,0.639999999999999,0.639999999999999,0
114,3,0.30611884593963623,0.3370979241737975,0.0,0.13047688717416125,85.12820512820512,100.0,0.15210983882023035,-0.09640004935064127,0.0,0.08,0.13047688717416125,0.13047688717416125,0
114,12,0.3573271632194519,0.3370979241737975,0.0582783196977495,0.15700785198534262,84.765625,99.609375,0.17003007893983252,0.0582783196977495,0.0582783196977495,0.1266226557581996,0.15700785198534262,0.15700785198534262,0
114,11,1.1082329750061035,0.3370979241737975,0.7,0.6399999999999979,51.5625,99.609375,0.6399999999999971,1.190148626487124,0.7,0.6399999999999999,0.6399999999999979,0.6399999999999979,0
114,16,0.38666313886642456,0.3370979241737975,0.1371804036400444,0.24870218405717176,83.18181818181819,100.0,0.2739698388336587,0.1371804036400444,0.1371804036400444,0.18974432291203552,0.24870218405717176,0.24870218405717176,0
114,10,0.2907456159591675,0.3370979241737975,0.0,0.07999999999999996,91.015625,100.0,0.07999999999999996,-0.14792474669855793,0.0,0.08,0.07999999999999996,0.07999999999999996,0
114,18,0.1665669083595276,0.3370979241737975,0.0,0.07999999999999996,95.703125,99.21875,0.07999999999999996,-0.7049763532469129,0.0,0.08,0.07999999999999996,0.07999999999999996,0
115,14,0.1849040538072586,0.3352317925282645,0.0,0.07999999999999996,94.94949494949495,100.0,0.07999999999999996,-0.5949851238275983,0.0,0.08,0.07999999999999996,0.07999999999999996,0
115,9,0.2810690104961395,0.3352317925282645,0.0,0.07999999999999996,91.015625,99.609375,0.07999999999999996,-0.1762219766706988,0.0,0.08,0.07999999999999996,0.07999999999999996,0
115,8,1.232561707496643,0.3352317925282645,0.7,0.6399999999999992,51.5625,100.0,0.639999999999999,1.3020277393260207,0.7,0.6399999999999999,0.6399999999999992,0.6399999999999992,0
115,2,0.274213969707489,0.3352317925282645,0.0,0.10002920539486207,95.38461538461539,100.0,0.10861315056408868,-0.2009134909405701,0.0,0.08,0.10002920539486207,0.10002920539486207,0
115,4,0.28988832235336304,0.3352317925282645,0.0,0.0873888735513269,88.07339449541284,100.0,0.09055553364475274,-0.1453264524100159,0.0,0.08,0.0873888735513269,0.0873888735513269,0
115,6,0.22324882447719574,0.3352317925282645,0.0,0.08022174454585537,91.40625,100.0,0.08031677792265055,-0.40653524134896685,0.0,0.08,0.08022174454585537,0.08022174454585537,0
115,1,0.4991588592529297,0.3352317925282645,0.3981021799521461,0.21764323180773396,79.16666666666667,91.66666666666667,0.14014101231316983,0.3981021799521461,0.3981021799521461,0.3984817439617169,0.21764323180773396,0.21764323180773396,0
115,18,0.16035106778144836,0.3352317925282645,0.0,0.07999999999999996,92.1875,99.609375,0.07999999999999996,-0.7374565928376001,0.0,0.08,0.07999999999999996,0.07999999999999996,0
115,7,0.6932071447372437,0.3352317925282645,0.7,0.639788388122224,65.625,100.0,0.6396976973174631,0.726506638720521,0.7,0.6399999999999999,0.639788388122224,0.639788388122224,0
115,19,0.250150591135025,0.3352317925282645,0.0,0.0860092333362182,91.015625,100.0,0.08858461905174028,-0.2927590993555296,0.0,0.08,0.0860092333362182,0.0860092333362182,0
115,17,0.07390076667070389,0.3352317925282645,0.0,0.07999999999999996,97.65625,100.0,0.07999999999999996,-1.5120989027337477,0.0,0.08,0.07999999999999996,0.07999999999999996,0
115,0,0.5972242951393127,0.3352317925282645,0.5774705229435932,0.31394603790942166,100.0,100.0,0.21621873200422756,0.5774705229435932,0.5774705229435932,0.5419764183548746,0.31394603790942166,0.31394603790942166,0
115,11,1.0215405225753784,0.3352317925282645,0.7,0.6399999999999985,55.859375,100.0,0.6399999999999979,1.1142448525522113,0.7,0.6399999999999999,0.6399999999999985,0.6399999999999985,0
115,16,0.3478834331035614,0.3352317925282645,0.037045249676132055,0.2069823887622919,89.0909090909091,99.0909090909091,0.24870218405717176,0.037045249676132055,0.037045249676132055,0.10963619974090565,0.2069823887622919,0.2069823887622919,0
115,12,0.36315521597862244,0.3352317925282645,0.08000812225229283,0.15310744573029011,87.5,100.0,0.15700785198534262,0.08000812225229283,0.08000812225229283,0.14400649780183428,0.15310744573029011,0.15310744573029011,0
115,10,0.2819373905658722,0.3352317925282645,0.0,0.07999999999999996,94.140625,100.0,0.07999999999999996,-0.17313717789800015,0.0,0.08,0.07999999999999996,0.07999999999999996,0
115,5,0.29996612668037415,0.3352317925282645,0.0,0.11683788249979682,91.796875,100.0,0.13262554642828117,-0.11115264983215319,0.0,0.08,0.11683788249979682,0.11683788249979682,0
115,3,0.4218956530094147,0.3352317925282645,0.22993579902754482,0.17051841278852364,85.12820512820512,100.0,0.13047688717416125,0.22993579902754482,0.22993579902754482,0.2639486392220359,0.17051841278852364,0.17051841278852364,0
115,15,0.7568002343177795,0.3352317925282645,0.7,0.6255682323935351,85.71428571428571,100.0,0.6193831891336217,0.8142771001825662,0.7,0.6399999999999999,0.6255682323935351,0.6255682323935351,0
115,13,0.6661261916160583,0.3352317925282645,0.6866569041199699,0.5788440647692321,78.26086956521739,100.0,0.5572091539720562,0.6866569041199699,0.6866569041199699,0.6293255232959759,0.5788440647692321,0.5788440647692321,0
116,8,1.323566198348999,0.33410109126463483,0.7,0.6399999999999995,50.390625,100.0,0.6399999999999992,1.3766414000436251,0.7,0.6399999999999999,0.6399999999999995,0.6399999999999995,0
116,3,0.41073378920555115,0.33410109126463483,0.20650166858679475,0.1929232894127973,88.2051282051282,98.97435897435898,0.17051841278852364,0.20650166858679475,0.20650166858679475,0.2452013348694358,0.1929232894127973,0.1929232894127973,0
116,5,0.3407784700393677,0.33410109126463483,0.019789001967120006,0.11053587822196656,90.625,100.0,0.11683788249979682,0.019789001967120006,0.019789001967120006,0.09583120157369601,0.11053587822196656,0.11053587822196656,0
116,4,0.36660459637641907,0.33410109126463483,0.09284025488611838,0.10745387265859724,92.66055045871559,99.08256880733946,0.0873888735513269,0.09284025488611838,0.09284025488611838,0.1542722039088947,0.10745387265859724,0.10745387265859724,0
116,2,0.21301372349262238,0.33410109126463483,0.0,0.09402044377640345,93.84615384615384,100.0,0.10002920539486207,-0.4500870054478035,0.0,0.08,0.09402044377640345,0.09402044377640345,0
116,7,0.7923393249511719,0.33410109126463483,0.7,0.6398518716855568,68.359375,100.0,0.639788388122224,0.8635461077058362,0.7,0.6399999999999999,0.6398518716855568,0.6398518716855568,0
116,13,0.6760260462760925,0.33410109126463483,0.7,0.5971908453384625,80.43478260869566,100.0,0.5788440647692321,0.7047879745173582,0.7,0.6399999999999999,0.5971908453384625,0.5971908453384625,0
116,1,0.555324137210846,0.33410109126463483,0.5081083467148381,0.2982962654769749,87.5,100.0,0.21764323180773396,0.5081083467148381,0.5081083467148381,0.4864866773718705,0.2982962654769749,0.2982962654769749,0
116,17,0.08965462446212769,0.33410109126463483,0.0,0.07999999999999996,96.09375,100.0,0.07999999999999996,-1.3154787517949103,0.0,0.08,0.07999999999999996,0.07999999999999996,0
116,16,0.39409375190734863,0.33410109126463483,0.16514520980076136,0.20852252248578707,88.18181818181819,100.0,0.2069823887622919,0.16514520980076136,0.16514520980076136,0.2121161678406091,0.20852252248578707,0.20852252248578707,0
116,14,0.1327623724937439,0.33410109126463483,0.0,0.07999999999999996,89.8989898989899,100.0,0.07999999999999996,-0.9228827130088236,0.0,0.08,0.07999999999999996,0.07999999999999996,0
116,9,0.17173118889331818,0.33410109126463483,0.0,0.07999999999999996,93.359375,99.609375,0.07999999999999996,-0.6655131883295339,0.0,0.08,0.07999999999999996,0.07999999999999996,0
116,18,0.1985197365283966,0.33410109126463483,0.0,0.07999999999999996,92.1875,99.609375,0.07999999999999996,-0.5205550716578532,0.0,0.08,0.07999999999999996,0.07999999999999996,0
116,15,0.8850026726722717,0.33410109126463483,0.7,0.6298977626754745,64.28571428571429,92.85714285714286,0.6255682323935351,0.9741470307015452,0.7,0.6399999999999999,0.6298977626754745,0.6298977626754745,0
116,19,0.2830764651298523,0.33410109126463483,0.0,0.08420646333535273,87.5,100.0,0.0860092333362182,-0.1657265542914234,0.0,0.08,0.08420646333535273,0.08420646333535273,0
116,10,0.26378318667411804,0.33410109126463483,0.0,0.07999999999999996,94.921875,100.0,0.07999999999999996,-0.23631610453257507,0.0,0.08,0.07999999999999996,0.07999999999999996,0
116,6,0.25919052958488464,0.33410109126463483,0.0,0.08015522118209875,90.234375,100.0,0.08022174454585537,-0.2538801802729667,0.0,0.08,0.08015522118209875,0.08015522118209875,0
116,0,0.21182696521282196,0.33410109126463483,0.0,0.24376222653659513,83.33333333333333,100.0,0.31394603790942166,-0.45567385878992017,0.0,0.08,0.24376222653659513,0.24376222653659513,0
116,11,1.0859582424163818,0.33410109126463483,0.7,0.6399999999999989,56.640625,100.0,0.6399999999999985,1.1787744125795478,0.7,0.6399999999999999,0.6399999999999989,0.6399999999999989,0
116,12,0.4419439136981964,0.33410109126463483,0.2797393589980993,0.19831265817074692,83.203125,100.0,0.15310744573029011,0.2797393589980993,0.2797393589980993,0.3037914871984795,0.19831265817074692,0.19831265817074692,0
117,4,0.41259580850601196,0.3360601354589607,0.20517831780153917,0.14846050713338743,88.9908256880734,100.0,0.10745387265859724,0.20517831780153917,0.20517831780153917,0.24414265424123133,0.14846050713338743,0.14846050713338743,0
117,0,0.09248318523168564,0.3360601354589607,0.0,0.19463355857561657,100.0,100.0,0.24376222653659513,-1.2902631934431397,0.0,0.08,0.19463355857561657,0.19463355857561657,0
117,17,0.08441327512264252,0.3360601354589607,0.0,0.07999999999999996,95.3125,100.0,0.07999999999999996,-1.381565352404821,0.0,0.08,0.07999999999999996,0.07999999999999996,0
117,19,0.30675002932548523,0.3360601354589607,0.0,0.0829445243347469,89.0625,100.0,0.08420646333535273,-0.09125693649453011,0.0,0.08,0.0829445243347469,0.0829445243347469,0
117,12,0.372572124004364,0.3360601354589607,0.10314051912007538,0.18757258530834092,87.5,100.0,0.19831265817074692,0.10314051912007538,0.10314051912007538,0.1625124152960603,0.18757258530834092,0.18757258530834092,0
117,18,0.15186849236488342,0.3360601354589607,0.0,0.07999999999999996,92.96875,100.0,0.07999999999999996,-0.7942751178890406,0.0,0.08,0.07999999999999996,0.07999999999999996,0
117,15,0.6492398381233215,0.3360601354589607,0.6585120658209125,0.622971329669851,57.142857142857146,85.71428571428571,0.6298977626754745,0.6585120658209125,0.6585120658209125,0.6068096526567299,0.622971329669851,0.622971329669851,0
117,6,0.23446622490882874,0.3360601354589607,0.0,0.08010865482746912,94.140625,100.0,0.08015522118209875,-0.3599785583624716,0.0,0.08,0.08010865482746912,0.08010865482746912,0
117,2,0.35160166025161743,0.3360601354589607,0.04520876794497659,0.10066441495027678,90.76923076923077,100.0,0.09402044377640345,0.04520876794497659,0.04520876794497659,0.11616701435598127,0.10066441495027678,0.10066441495027678,0
117,3,0.3760894238948822,0.3360601354589607,0.11253682292404285,0.18605514009072838,88.2051282051282,100.0,0.1929232894127973,0.11253682292404285,0.11253682292404285,0.17002945833923427,0.18605514009072838,0.18605514009072838,0
117,9,0.2759940028190613,0.3360601354589607,0.0,0.07999999999999996,91.015625,100.0,0.07999999999999996,-0.1969109754886838,0.0,0.08,0.07999999999999996,0.07999999999999996,0
117,5,0.420843243598938,0.3360601354589607,0.22497029682595243,0.15536798599360518,89.453125,100.0,0.11053587822196656,0.22497029682595243,0.22497029682595243,0.259976237460762,0.15536798599360518,0.15536798599360518,0
117,10,0.2839510142803192,0.3360601354589607,0.0,0.07999999999999996,88.671875,100.0,0.07999999999999996,-0.16848837471312555,0.0,0.08,0.07999999999999996,0.07999999999999996,0
117,7,0.8494638800621033,0.3360601354589607,0.7,0.6398963101798897,71.875,100.0,0.6398518716855568,0.9273152846383798,0.7,0.6399999999999999,0.6398963101798897,0.6398963101798897,0
117,16,0.3182844817638397,0.3360601354589607,0.0,0.16996576574005093,85.9090909090909,100.0,0.20852252248578707,-0.05434453725891433,0.0,0.08,0.16996576574005093,0.16996576574005093,0
117,11,0.9478030800819397,0.3360601354589607,0.7,0.6399999999999991,59.765625,100.0,0.6399999999999989,1.0368566215101152,0.7,0.6399999999999999,0.6399999999999991,0.6399999999999991,0
117,8,1.2968741655349731,0.3360601354589607,0.7,0.6399999999999996,53.515625,100.0,0.6399999999999995,1.3504220194008085,0.7,0.6399999999999999,0.6399999999999996,0.6399999999999996,0
117,1,0.32942429184913635,0.3360601354589607,0.0,0.2328073858338824,91.66666666666667,95.83333333333333,0.2982962654769749,-0.019943557158313256,0.0,0.08,0.2328073858338824,0.2328073858338824,0
117,14,0.35912901163101196,0.3360601354589607,0.06639156736639511,0.0959339761679348,92.92929292929293,100.0,0.07999999999999996,0.06639156736639511,0.06639156736639511,0.1331132538931161,0.0959339761679348,0.0959339761679348,0
117,13,0.6350549459457397,0.3360601354589607,0.636421391658364,0.594774725734931,71.73913043478261,100.0,0.5971908453384625,0.636421391658364,0.636421391658364,0.5891371133266912,0.594774725734931,0.594774725734931,0
118,10,0.2855529189109802,0.3379906555071961,0.0,0.07999999999999996,91.796875,100.0,0.07999999999999996,-0.16859087611452797,0.0,0.08,0.07999999999999996,0.07999999999999996,0
118,15,0.7986481785774231,0.3379906555071961,0.7,0.6280799307688957,64.28571428571429,85.71428571428571,0.622971329669851,0.8599022558686925,0.7,0.6399999999999999,0.6280799307688957,0.6280799307688957,0
118,0,1.223556399345398,0.3379906555071961,0.7,0.3282434910029316,66.66666666666667,100.0,0.19463355857561657,1.286498708461079,0.7,0.6399999999999999,0.3282434910029316,0.3282434910029316,0
118,7,0.8895426988601685,0.3379906555071961,0.7,0.6399274171259227,67.96875,100.0,0.6398963101798897,0.9676892421519309,0.7,0.6399999999999999,0.6399274171259227,0.6399274171259227,0
118,6,0.21730971336364746,0.3379906555071961,0.0,0.08007605837922838,94.140625,100.0,0.08010865482746912,-0.44169464573154193,0.0,0.08,0.08007605837922838,0.08007605837922838,0
118,2,0.22483162581920624,0.3379906555071961,0.0,0.09446509046519375,92.3076923076923,100.0,0.10066441495027678,-0.4076664414077511,0.0,0.08,0.09446509046519375,0.09446509046519375,0
118,18,0.230669766664505,0.3379906555071961,0.0,0.07999999999999996,91.796875,99.609375,0.07999999999999996,-0.3820311287507937,0.0,0.08,0.07999999999999996,0.07999999999999996,0
118,1,0.3613293170928955,0.3379906555071961,0.06677152762967917,0.20299033671484068,95.83333333333333,100.0,0.2328073858338824,0.06677152762967917,0.06677152762967917,0.13341722210374335,0.20299033671484068,0.20299033671484068,0
118,3,0.3124058246612549,0.3379906555071961,0.0,0.15423859806350984,84.1025641025641,100.0,0.18605514009072838,-0.07871518357531047,0.0,0.08,0.15423859806350984,0.15423859806350984,0
118,12,0.3040064573287964,0.3379906555071961,0.0,0.15530080971583862,86.71875,100.0,0.18757258530834092,-0.10596930297123772,0.0,0.08,0.15530080971583862,0.15530080971583862,0
118,5,0.3041720688343048,0.3379906555071961,0.0,0.13275759019552363,88.671875,100.0,0.15536798599360518,-0.10542468820096447,0.0,0.08,0.13275759019552363,0.13275759019552363,0
118,16,0.5144549012184143,0.3379906555071961,0.4200896370589711,0.24379754891218872,89.0909090909091,100.0,0.16996576574005093,0.4200896370589711,0.4200896370589711,0.41607170964717693,0.24379754891218872,0.24379754891218872,0
118,19,0.2616156339645386,0.3379906555071961,0.0,0.08206116703432283,90.234375,100.0,0.0829445243347469,-0.25614185937633605,0.0,0.08,0.08206116703432283,0.08206116703432283,0
118,8,1.3372167348861694,0.3379906555071961,0.7,0.6399999999999997,47.65625,100.0,0.6399999999999996,1.3753273985583006,0.7,0.6399999999999999,0.6399999999999997,0.6399999999999997,0
118,14,0.22558273375034332,0.3379906555071961,0.0,0.09115378331755436,93.93939393939394,98.98989898989899,0.0959339761679348,-0.4043312520290292,0.0,0.08,0.09115378331755436,0.09115378331755436,0
118,9,0.1741238534450531,0.3379906555071961,0.0,0.07999999999999996,93.75,99.609375,0.07999999999999996,-0.6632513734162604,0.0,0.08,0.07999999999999996,0.07999999999999996,0
118,17,0.11912725865840912,0.3379906555071961,0.0,0.07999999999999996,92.96875,100.0,0.07999999999999996,-1.042825872114219,0.0,0.08,0.07999999999999996,0.07999999999999996,0
118,13,0.7172576189041138,0.3379906555071961,0.7,0.6083423080144517,76.08695652173913,97.82608695652173,0.594774725734931,0.7524168128708678,0.7,0.6399999999999999,0.6083423080144517,0.6083423080144517,0
118,11,1.2002793550491333,0.3379906555071961,0.7,0.6399999999999993,55.859375,100.0,0.6399999999999991,1.2672913346299566,0.7,0.6399999999999999,0.6399999999999993,0.6399999999999993,0
118,4,0.3101031482219696,0.3379906555071961,0.0,0.1279223549933712,89.90825688073394,100.0,0.14846050713338743,-0.08611326767703659,0.0,0.08,0.1279223549933712,0.1279223549933712,0
119,10,0.2493068277835846,0.3349053508092902,0.0,0.07999999999999996,93.75,100.0,0.07999999999999996,-0.2951635687801808,0.0,0.08,0.07999999999999996,0.07999999999999996,0
119,5,0.31723159551620483,0.3349053508092902,0.0,0.11693031313686653,88.671875,100.0,0.13275759019552363,-0.05421586298896317,0.0,0.08,0.11693031313686653,0.11693031313686653,0
119,2,0.3386785089969635,0.3349053508092902,0.011203349030109869,0.09281436709286198,93.84615384615384,100.0,0.09446509046519375,0.011203349030109869,0.011203349030109869,0.0889626792240879,0.09281436709286198,0.09281436709286198,0
119,4,0.25816577672958374,0.3349053508092902,0.0,0.11354564849535984,91.74311926605505,100.0,0.1279223549933712,-0.26024602409013375,0.0,0.08,0.11354564849535984,0.11354564849535984,0
119,13,0.9132652878761292,0.3349053508092902,0.7,0.6178396156101161,67.3913043478261,100.0,0.6083423080144517,1.0031784296967814,0.7,0.6399999999999999,0.6178396156101161,0.6178396156101161,0
119,16,0.32808417081832886,0.3349053508092902,0.0,0.1946582842385321,89.54545454545455,98.63636363636364,0.24379754891218872,-0.02057776257427002,0.0,0.08,0.1946582842385321,0.1946582842385321,0
119,3,0.4055801033973694,0.3349053508092902,0.1914704341234746,0.1779199228340908,86.66666666666667,98.97435897435898,0.15423859806350984,0.1914704341234746,0.1914704341234746,0.23317634729877967,0.1779199228340908,0.1779199228340908,0
119,17,0.17481070756912231,0.3349053508092902,0.0,0.07999999999999996,94.53125,100.0,0.07999999999999996,-0.6501442121997553,0.0,0.08,0.07999999999999996,0.07999999999999996,0
119,11,1.1461107730865479,0.3349053508092902,0.7,0.6399999999999995,55.859375,100.0,0.6399999999999993,1.2302815750963891,0.7,0.6399999999999999,0.6399999999999995,0.6399999999999995,0
119,12,0.3137003183364868,0.3349053508092902,0.0,0.13271056680108703,82.8125,100.0,0.15530080971583862,-0.0654098250124262,0.0,0.08,0.13271056680108703,0.13271056680108703,0
119,7,0.781796932220459,0.3349053508092902,0.7,0.6399491919881458,66.015625,100.0,0.6399274171259227,0.8477470552807775,0.7,0.6399999999999999,0.6399491919881458,0.6399491919881458,0
119,6,0.25912296772003174,0.3349053508092902,0.0,0.08005324086545987,89.0625,100.0,0.08007605837922838,-0.25654522040484207,0.0,0.08,0.08005324086545987,0.08005324086545987,0
119,18,0.14708998799324036,0.3349053508092902,0.0,0.07999999999999996,94.140625,100.0,0.07999999999999996,-0.8228033561779254,0.0,0.08,0.07999999999999996,0.07999999999999996,0
119,1,0.6846662163734436,0.3349053508092902,0.7,0.3340932357003884,95.83333333333333,100.0,0.20299033671484068,0.7150834718773216,0.7,0.6399999999999999,0.3340932357003884,0.3340932357003884,0
119,9,0.20346692204475403,0.3349053508092902,0.0,0.07999999999999996,89.0625,99.609375,0.07999999999999996,-0.49834449128194963,0.0,0.08,0.07999999999999996,0.07999999999999996,0
119,0,0.021866172552108765,0.3349053508092902,0.0,0.2537704437020521,83.33333333333333,100.0,0.3282434910029316,-2.7289067192145198,0.0,0.08,0.2537704437020521,0.2537704437020521,0
119,15,0.8987794518470764,0.3349053508092902,0.7,0.631655951538227,57.142857142857146,85.71428571428571,0.6280799307688957,0.9871897025465591,0.7,0.6399999999999999,0.631655951538227,0.631655951538227,0
119,14,0.24308912456035614,0.3349053508092902,0.0,0.08780764832228805,92.92929292929293,100.0,0.09115378331755436,-0.3204198018931349,0.0,0.08,0.08780764832228805,0.08780764832228805,0
119,8,1.2404921054840088,0.3349053508092902,0.7,0.6399999999999997,51.5625,100.0,0.6399999999999997,1.3094154603277852,0.7,0.6399999999999999,0.6399999999999997,0.6399999999999997,0
119,19,0.25235381722450256,0.3349053508092902,0.0,0.08144281692402597,91.796875,100.0,0.08206116703432283,-0.2830158078603736,0.0,0.08,0.08144281692402597,0.08144281692402597,0
120,18,0.20754744112491608,0.3329614114209957,0.0,0.07999999999999996,89.84375,99.609375,0.07999999999999996,-0.4726666380330114,0.0,0.08,0.07999999999999996,0.07999999999999996,0
120,2,0.3812869191169739,0.3329614114209957,0.13552555480778658,0.12149619011887217,93.84615384615384,100.0,0.09281436709286198,0.13552555480778658,0.13552555480778658,0.18842044384622927,0.12149619011887217,0.12149619011887217,0
120,19,0.23837034404277802,0.3329614114209957,0.0,0.08100997184681817,90.625,100.0,0.08144281692402597,-0.3342010580693224,0.0,0.08,0.08100997184681817,0.08100997184681817,0
120,8,1.2135028839111328,0.3329614114209957,0.7,0.6399999999999997,48.4375,100.0,0.6399999999999997,1.2932397782472993,0.7,0.6399999999999999,0.6399999999999997,0.6399999999999997,0
120,17,0.07538540661334991,0.3329614114209957,0.0,0.07999999999999996,95.3125,100.0,0.07999999999999996,-1.485412788989493,0.0,0.08,0.07999999999999996,0.07999999999999996,0
120,12,0.25178462266921997,0.3329614114209957,0.0,0.11689739676076091,83.59375,100.0,0.13271056680108703,-0.2794525418404667,0.0,0.08,0.11689739676076091,0.11689739676076091,0
120,3,0.31995949149131775,0.3329614114209957,0.0,0.14854394598386356,87.17948717948718,99.48717948717949,0.1779199228340908,-0.03983220173550771,0.0,0.08,0.14854394598386356,0.14854394598386356,0
120,5,0.38998040556907654,0.3329614114209957,0.15806988969272587,0.14378799272206078,90.625,100.0,0.11693031313686653,0.15806988969272587,0.15806988969272587,0.2064559117541807,0.14378799272206078,0.14378799272206078,0
120,1,0.13089823722839355,0.3329614114209957,0.0,0.25786526499027185,79.16666666666667,100.0,0.3340932357003884,-0.9336063490117448,0.0,0.08,0.25786526499027185,0.25786526499027185,0
120,11,1.071349024772644,0.3329614114209957,0.7,0.6399999999999996,54.6875,100.0,0.6399999999999995,1.1686472818208653,0.7,0.6399999999999999,0.6399999999999996,0.6399999999999996,0
120,16,0.30682748556137085,0.3329614114209957,0.0,0.16026079896697246,89.0909090909091,100.0,0.1946582842385321,-0.08174094572927298,0.0,0.08,0.16026079896697246,0.16026079896697246,0
120,14,0.2270226776599884,0.3329614114209957,0.0,0.08546535382560164,93.93939393939394,100.0,0.08780764832228805,-0.3829766735546433,0.0,0.08,0.08546535382560164,0.08546535382560164,0
120,0,0.6018698215484619,0.3329614114209957,0.5920145635842525,0.34372280585165704,83.33333333333333,83.33333333333333,0.2537704437020521,0.5920145635842525,0.5920145635842525,0.553611650867402,0.34372280585165704,0.34372280585165704,0
120,4,0.3824751377105713,0.3329614114209957,0.13863704616950917,0.13675484502743407,88.07339449541284,100.0,0.11354564849535984,0.13863704616950917,0.13863704616950917,0.19090963693560736,0.13675484502743407,0.13675484502743407,0
120,6,0.1896912008523941,0.3329614114209957,0.0,0.0800372686058219,90.625,100.0,0.08005324086545987,-0.5626290876400389,0.0,0.08,0.0800372686058219,0.0800372686058219,0
120,13,0.5578025579452515,0.3329614114209957,0.5159784472047575,0.580322558256223,71.73913043478261,100.0,0.6178396156101161,0.5159784472047575,0.5159784472047575,0.49278275776380603,0.580322558256223,0.580322558256223,0
120,15,0.9653624296188354,0.3329614114209957,0.7,0.6341591660767588,50.0,85.71428571428571,0.631655951538227,1.064476984241269,0.7,0.6399999999999999,0.6341591660767588,0.6341591660767588,0
120,9,0.14237190783023834,0.3329614114209957,0.0,0.07999999999999996,96.09375,100.0,0.07999999999999996,-0.8495838583986887,0.0,0.08,0.07999999999999996,0.07999999999999996,0
120,7,0.7373072504997253,0.3329614114209957,0.7,0.639964434391702,67.96875,99.609375,0.6399491919881458,0.7949780806824667,0.7,0.6399999999999999,0.639964434391702,0.639964434391702,0
120,10,0.2532457113265991,0.3329614114209957,0.0,0.07999999999999996,91.40625,100.0,0.07999999999999996,-0.27366638375231056,0.0,0.08,0.07999999999999996,0.07999999999999996,0
121,7,0.7739488482475281,0.33100461913153056,0.7,0.6399751040741913,68.75,100.0,0.639964434391702,0.849373436220204,0.7,0.6399999999999999,0.6399751040741913,0.6399751040741913,0
121,10,0.22080020606517792,0.33100461913153056,0.0,0.07999999999999996,92.578125,100.0,0.07999999999999996,-0.4048740676123818,0.0,0.08,0.07999999999999996,0.07999999999999996,0
121,6,0.3019719421863556,0.33100461913153056,0.0,0.08002608802407532,92.1875,100.0,0.0800372686058219,-0.09179822106416274,0.0,0.08,0.08002608802407532,0.08002608802407532,0
121,4,0.23984800279140472,0.33100461913153056,0.0,0.11972839151920384,94.4954128440367,99.08256880733946,0.13675484502743407,-0.3221269178712249,0.0,0.08,0.11972839151920384,0.11972839151920384,0
121,0,0.19324763119220734,0.33100461913153056,0.0,0.26460596409615994,100.0,100.0,0.34372280585165704,-0.5381598791690303,0.0,0.08,0.26460596409615994,0.26460596409615994,0
121,17,0.12016519159078598,0.33100461913153056,0.0,0.07999999999999996,96.09375,100.0,0.07999999999999996,-1.0132648846206262,0.0,0.08,0.07999999999999996,0.07999999999999996,0
121,1,0.12028059363365173,0.33100461913153056,0.0,0.2045056854931903,95.83333333333333,100.0,0.25786526499027185,-1.012304983892734,0.0,0.08,0.2045056854931903,0.2045056854931903,0
121,5,0.3045884072780609,0.33100461913153056,0.0,0.12465159490544253,91.40625,100.0,0.14378799272206078,-0.0831709468405275,0.0,0.08,0.12465159490544253,0.12465159490544253,0
121,3,0.28279322385787964,0.33100461913153056,0.0,0.1279807621887045,89.74358974358974,99.48717948717949,0.14854394598386356,-0.15741635237261323,0.0,0.08,0.1279807621887045,0.1279807621887045,0
121,13,1.0368860960006714,0.33100461913153056,0.7,0.5982257907793561,65.21739130434783,100.0,0.580322558256223,1.1418450113478325,0.7,0.6399999999999999,0.5982257907793561,0.5982257907793561,0
121,15,0.878203272819519,0.33100461913153056,0.7,0.6359114162537312,71.42857142857143,92.85714285714286,0.6341591660767588,0.9757457356726144,0.7,0.6399999999999999,0.6359114162537312,0.6359114162537312,0
121,12,0.39325791597366333,0.33100461913153056,0.17233333621501193,0.1471881784241355,87.5,99.609375,0.11689739676076091,0.17233333621501193,0.17233333621501193,0.21786666897200957,0.1471881784241355,0.1471881784241355,0
121,8,1.3146750926971436,0.33100461913153056,0.7,0.6399999999999997,49.21875,100.0,0.6399999999999997,1.3792124833218076,0.7,0.6399999999999999,0.6399999999999997,0.6399999999999997,0
121,9,0.24275638163089752,0.33100461913153056,0.0,0.07999999999999996,91.796875,99.609375,0.07999999999999996,-0.31007392364971403,0.0,0.08,0.07999999999999996,0.07999999999999996,0
121,14,0.22744275629520416,0.33100461913153056,0.0,0.08382574767792114,90.9090909090909,100.0,0.08546535382560164,-0.3752337305550076,0.0,0.08,0.08382574767792114,0.08382574767792114,0
121,16,0.39897942543029785,0.33100461913153056,0.1867775147157723,0.18100916280866608,88.63636363636364,100.0,0.16026079896697246,0.1867775147157723,0.1867775147157723,0.22942201177261784,0.18100916280866608,0.18100916280866608,0
121,2,0.14240795373916626,0.33100461913153056,0.0,0.10904733308321052,92.3076923076923,100.0,0.12149619011887217,-0.8434364380221848,0.0,0.08,0.10904733308321052,0.10904733308321052,0
121,19,0.24192863702774048,0.33100461913153056,0.0,0.0807069802927727,92.578125,100.0,0.08100997184681817,-0.3134895248829449,0.0,0.08,0.0807069802927727,0.0807069802927727,0
121,11,1.1453475952148438,0.33100461913153056,0.7,0.6399999999999997,56.25,100.0,0.6399999999999996,1.241331094685207,0.7,0.6399999999999999,0.6399999999999997,0.6399999999999997,0
121,18,0.19651544094085693,0.33100461913153056,0.0,0.07999999999999996,90.234375,100.0,0.07999999999999996,-0.5213913016105471,0.0,0.08,0.07999999999999996,0.07999999999999996,0
122,17,0.19611473381519318,0.32418163749281637,0.0,0.07999999999999996,95.3125,100.0,0.07999999999999996,-0.5026040835389861,0.0,0.08,0.07999999999999996,0.07999999999999996,0
122,9,0.24346783757209778,0.32418163749281637,0.0,0.07999999999999996,95.703125,100.0,0.07999999999999996,-0.2863191081229742,0.0,0.08,0.07999999999999996,0.07999999999999996,0
122,14,0.22280274331569672,0.32418163749281637,0.0,0.0826780233745448,94.94949494949495,100.0,0.08382574767792114,-0.3750171333349846,0.0,0.08,0.0826780233745448,0.0826780233745448,0
122,3,0.4042760133743286,0.32418163749281637,0.22079387174034654,0.1665770627497763,88.71794871794872,100.0,0.1279807621887045,0.22079387174034654,0.22079387174034654,0.25663509739227724,0.1665770627497763,0.1665770627497763,0
122,10,0.22171372175216675,0.32418163749281637,0.0,0.07999999999999996,91.015625,100.0,0.07999999999999996,-0.37991694595789255,0.0,0.08,0.07999999999999996,0.07999999999999996,0
122,6,0.1854010671377182,0.32418163749281637,0.0,0.08001826161685271,91.796875,100.0,0.08002608802407532,-0.5587825361829536,0.0,0.08,0.08001826161685271,0.08001826161685271,0
122,19,0.31339824199676514,0.32418163749281637,0.0,0.08049488620494089,92.1875,100.0,0.0807069802927727,-0.03382924674278718,0.0,0.08,0.08049488620494089,0.08049488620494089,0
122,16,0.4645039737224579,0.32418163749281637,0.35966613548195014,0.2370262864817343,86.81818181818181,97.72727272727273,0.18100916280866608,0.35966613548195014,0.35966613548195014,0.36773290838556016,0.2370262864817343,0.2370262864817343,0
122,5,0.31355464458465576,0.32418163749281637,0.0,0.11125611643380975,87.890625,100.0,0.12465159490544253,-0.03333031743089392,0.0,0.08,0.11125611643380975,0.11125611643380975,0
122,2,0.3222256600856781,0.32418163749281637,0.0,0.10033313315824735,93.84615384615384,100.0,0.10904733308321052,-0.006051860255140761,0.0,0.08,0.10033313315824735,0.10033313315824735,0
122,1,0.2704308032989502,0.32418163749281637,0.0,0.1671539798452332,95.83333333333333,100.0,0.2045056854931903,-0.1812877069176977,0.0,0.08,0.1671539798452332,0.1671539798452332,0
122,8,1.2769057750701904,0.32418163749281637,0.7,0.6399999999999997,53.125,100.0,0.6399999999999997,1.3708910758767683,0.7,0.6399999999999999,0.6399999999999997,0.6399999999999997,0
122,7,0.8034669756889343,0.32418163749281637,0.7,0.6399825728519338,69.140625,100.0,0.6399751040741913,0.9076320971030194,0.7,0.6399999999999999,0.6399825728519338,0.6399825728519338,0
122,15,0.687191367149353,0.32418163749281637,0.7,0.6371379913776117,57.142857142857146,100.0,0.6359114162537312,0.7513088236855655,0.7,0.6399999999999999,0.6371379913776117,0.6371379913776117,0
122,18,0.21348080039024353,0.32418163749281637,0.0,0.07999999999999996,89.453125,100.0,0.07999999999999996,-0.4177570515491462,0.0,0.08,0.07999999999999996,0.07999999999999996,0
122,12,0.35368287563323975,0.32418163749281637,0.0870967092641545,0.14793493512029193,85.9375,100.0,0.1471881784241355,0.0870967092641545,0.0870967092641545,0.1496773674113236,0.14793493512029193,0.14793493512029193,0
122,0,0.1119920015335083,0.32418163749281637,0.0,0.20922417486731193,100.0,100.0,0.26460596409615994,-1.0628764559445094,0.0,0.08,0.20922417486731193,0.20922417486731193,0
122,11,1.1173274517059326,0.32418163749281637,0.7,0.6399999999999997,51.5625,100.0,0.6399999999999997,1.237390918781463,0.7,0.6399999999999999,0.6399999999999997,0.6399999999999997,0
122,13,0.5178871154785156,0.32418163749281637,0.4684533149310853,0.5551868491290097,69.56521739130434,100.0,0.5982257907793561,0.4684533149310853,0.4684533149310853,0.45476265194486826,0.5551868491290097,0.5551868491290097,0
122,4,0.27445587515830994,0.32418163749281637,0.0,0.10780987406344267,92.66055045871559,100.0,0.11972839151920384,-0.1665134608735487,0.0,0.08,0.10780987406344267,0.10780987406344267,0
123,11,1.2694733142852783,0.3231111180726058,0.7,0.6399999999999997,46.09375,100.0,0.6399999999999997,1.368361074339937,0.7,0.6399999999999999,0.6399999999999997,0.6399999999999997,0
123,10,0.2686747610569,0.3231111180726058,0.0,0.07999999999999996,93.359375,100.0,0.07999999999999996,-0.1844946952037477,0.0,0.08,0.07999999999999996,0.07999999999999996,0
123,5,0.3384634256362915,0.3231111180726058,0.046419753906650506,0.11302002244126294,91.015625,100.0,0.11125611643380975,0.046419753906650506,0.046419753906650506,0.1171358031253204,0.11302002244126294,0.11302002244126294,0
123,1,0.4469655454158783,0.3231111180726058,0.3244852205978372,0.21888423883514416,75.0,100.0,0.1671539798452332,0.3244852205978372,0.3244852205978372,0.3395881764782698,0.21888423883514416,0.21888423883514416,0
123,18,0.19535961747169495,0.3231111180726058,0.0,0.07999999999999996,91.796875,100.0,0.07999999999999996,-0.5031542103320907,0.0,0.08,0.07999999999999996,0.07999999999999996,0
123,0,0.28730958700180054,0.3231111180726058,0.0,0.17045692240711832,83.33333333333333,100.0,0.20922417486731193,-0.11743594427068771,0.0,0.08,0.17045692240711832,0.17045692240711832,0
123,16,0.38794034719467163,0.3231111180726058,0.1828552954254305,0.2338036714393173,85.0,100.0,0.2370262864817343,0.1828552954254305,0.1828552954254305,0.2262842363403444,0.2338036714393173,0.2338036714393173,0
123,7,0.754629373550415,0.3231111180726058,0.7,0.6399878009963537,74.21875,100.0,0.6399825728519338,0.8482304322004811,0.7,0.6399999999999999,0.6399878009963537,0.6399878009963537,0
123,12,0.3310200870037079,0.3231111180726058,0.024182775745707662,0.13335832076317417,84.375,100.0,0.14793493512029193,0.024182775745707662,0.024182775745707662,0.09934622059656613,0.13335832076317417,0.13335832076317417,0
123,14,0.2780296504497528,0.3231111180726058,0.0,0.08187461636218135,94.94949494949495,100.0,0.0826780233745448,-0.15026851354677873,0.0,0.08,0.08187461636218135,0.08187461636218135,0
123,3,0.28222042322158813,0.3231111180726058,0.0,0.1406039439248434,90.25641025641026,100.0,0.1665770627497763,-0.13530787013385193,0.0,0.08,0.1406039439248434,0.1406039439248434,0
123,6,0.16405008733272552,0.3231111180726058,0.0,0.0800127831317969,93.359375,100.0,0.08001826161685271,-0.677824461093223,0.0,0.08,0.0800127831317969,0.0800127831317969,0
123,15,0.8297322988510132,0.3231111180726058,0.7,0.6379965939643282,64.28571428571429,100.0,0.6371379913776117,0.9431068155019489,0.7,0.6399999999999999,0.6379965939643282,0.6379965939643282,0
123,8,1.1823630332946777,0.3231111180726058,0.7,0.6399999999999997,44.921875,100.0,0.6399999999999997,1.2972739802230275,0.7,0.6399999999999999,0.6399999999999997,0.6399999999999997,0
123,4,0.22908608615398407,0.3231111180726058,0.0,0.09946691184440987,91.74311926605505,99.08256880733946,0.10780987406344267,-0.3438984151767462,0.0,0.08,0.09946691184440987,0.09946691184440987,0
123,13,0.7130981683731079,0.3231111180726058,0.7,0.5806307943903067,76.08695652173913,100.0,0.5551868491290097,0.7916227947013476,0.7,0.6399999999999999,0.5806307943903067,0.5806307943903067,0
123,2,0.43526607751846313,0.3231111180726058,0.29796122571252764,0.16574388738177975,95.38461538461539,100.0,0.10033313315824735,0.29796122571252764,0.29796122571252764,0.3183689805700221,0.16574388738177975,0.16574388738177975,0
123,19,0.2035175859928131,0.3231111180726058,0.0,0.08034642034345862,93.75,100.0,0.08049488620494089,-0.46224384587173645,0.0,0.08,0.08034642034345862,0.08034642034345862,0
123,17,0.14266616106033325,0.3231111180726058,0.0,0.07999999999999996,97.265625,100.0,0.07999999999999996,-0.8174888807800145,0.0,0.08,0.07999999999999996,0.07999999999999996,0
123,9,0.2329048067331314,0.3231111180726058,0.0,0.07999999999999996,94.140625,100.0,0.07999999999999996,-0.3273664555844781,0.0,0.08,0.07999999999999996,0.07999999999999996,0
124,15,0.8680591583251953,0.32171648996562063,0.7,0.6385976157750297,57.142857142857146,78.57142857142857,0.6379965939643282,0.9925891557658124,0.7,0.6399999999999999,0.6385976157750297,0.6385976157750297,0
124,17,0.11702538281679153,0.32171648996562063,0.0,0.07999999999999996,99.609375,100.0,0.07999999999999996,-1.011279778972856,0.0,0.08,0.07999999999999996,0.07999999999999996,0
124,5,0.28051772713661194,0.32171648996562063,0.0,0.10311401570888407,87.109375,100.0,0.11302002244126294,-0.13703376588240698,0.0,0.08,0.10311401570888407,0.10311401570888407,0
124,11,1.1251291036605835,0.32171648996562063,0.7,0.6399999999999997,57.03125,100.0,0.6399999999999997,1.251982352906919,0.7,0.6399999999999999,0.6399999999999997,0.6399999999999997,0
124,6,0.20178118348121643,0.32171648996562063,0.0,0.08000894819225782,91.015625,100.0,0.0800127831317969,-0.46648681311717194,0.0,0.08,0.08000894819225782,0.08000894819225782,0
124,9,0.24616175889968872,0.32171648996562063,0.0,0.07999999999999996,92.96875,100.0,0.07999999999999996,-0.26768180588128615,0.0,0.08,0.07999999999999996,0.07999999999999996,0
124,7,0.6127665638923645,0.32171648996562063,0.6443133475737836,0.6266266641151557,67.578125,100.0,0.6399878009963537,0.6443133475737836,0.6443133475737836,0.5954506780590268,0.6266266641151557,0.6266266641151557,0
124,16,0.3673030436038971,0.32171648996562063,0.1325165435971602,0.21946654047084055,90.0,99.54545454545455,0.2338036714393173,0.1325165435971602,0.1325165435971602,0.18601323487772817,0.21946654047084055,0.21946654047084055,0
124,10,0.16635087132453918,0.32171648996562063,0.0,0.07999999999999996,92.578125,100.0,0.07999999999999996,-0.6595714223806776,0.0,0.08,0.07999999999999996,0.07999999999999996,0
124,13,0.6663451194763184,0.32171648996562063,0.7,0.5984415560732147,78.26086956521739,100.0,0.5806307943903067,0.728137025897014,0.7,0.6399999999999999,0.5984415560732147,0.5984415560732147,0
124,0,0.10642945021390915,0.32171648996562063,0.0,0.14331984568498282,100.0,100.0,0.17045692240711832,-1.1061883025520396,0.0,0.08,0.14331984568498282,0.14331984568498282,0
124,1,0.3512684106826782,0.32171648996562063,0.0878799396529748,0.19831015270131486,87.5,100.0,0.21888423883514416,0.0878799396529748,0.0878799396529748,0.15030395172237984,0.19831015270131486,0.19831015270131486,0
124,3,0.37721261382102966,0.32171648996562063,0.15913829453664433,0.160615951436185,87.6923076923077,99.48717948717949,0.1406039439248434,0.15913829453664433,0.15913829453664433,0.20731063562931545,0.160615951436185,0.160615951436185,0
124,2,0.175259530544281,0.32171648996562063,0.0,0.14002072116724582,86.15384615384616,100.0,0.16574388738177975,-0.6074027587866742,0.0,0.08,0.14002072116724582,0.14002072116724582,0
124,12,0.31129392981529236,0.32171648996562063,0.0,0.11735082453422191,84.375,100.0,0.13335832076317417,-0.03293311293219013,0.0,0.08,0.11735082453422191,0.11735082453422191,0
124,4,0.26449108123779297,0.32171648996562063,0.0,0.0936268382910869,88.9908256880734,99.08256880733946,0.09946691184440987,-0.1958631536341022,0.0,0.08,0.0936268382910869,0.0936268382910869,0
124,19,0.308243066072464,0.32171648996562063,0.0,0.08024249424042104,88.671875,100.0,0.08034642034345862,-0.04278204310443427,0.0,0.08,0.08024249424042104,0.08024249424042104,0
124,18,0.20214401185512543,0.32171648996562063,0.0,0.07999999999999996,94.140625,99.609375,0.07999999999999996,-0.46469030001168854,0.0,0.08,0.07999999999999996,0.07999999999999996,0
124,8,1.2678898572921753,0.32171648996562063,0.7,0.6399999999999997,44.921875,100.0,0.6399999999999997,1.3714385529326176,0.7,0.6399999999999999,0.6399999999999997,0.6399999999999997,0
124,14,0.16524221003055573,0.32171648996562063,0.0,0.08131223145352695,93.93939393939394,100.0,0.08187461636218135,-0.6662583252177288,0.0,0.08,0.08131223145352695,0.08131223145352695,0
125,17,0.20860688388347626,0.31898288062951236,0.0,0.07999999999999996,96.875,100.0,0.07999999999999996,-0.42468587659682566,0.0,0.08,0.07999999999999996,0.07999999999999996,0
125,13,0.5352599024772644,0.31898288062951236,0.5176149796830747,0.5671366843751882,80.43478260869566,100.0,0.5984415560732147,0.5176149796830747,0.5176149796830747,0.4940919837464598,0.5671366843751882,0.5671366843751882,0
125,8,1.1866967678070068,0.31898288062951236,0.7,0.6399999999999997,50.78125,100.0,0.6399999999999997,1.3137914424562784,0.7,0.6399999999999999,0.6399999999999997,0.6399999999999997,0
125,3,0.38339120149612427,0.31898288062951236,0.18391844084727263,0.18057159180867494,89.74358974358974,100.0,0.160615951436185,0.18391844084727263,0.18391844084727263,0.22713475267781813,0.18057159180867494,0.18057159180867494,0
125,6,0.23608443140983582,0.31898288062951236,0.0,0.08000626373458047,94.140625,100.0,0.08000894819225782,-0.3009479233426454,0.0,0.08,0.08000626373458047,0.08000626373458047,0
125,15,0.7055497765541077,0.31898288062951236,0.7,0.6390183310425207,57.142857142857146,85.71428571428571,0.6385976157750297,0.7938398710233788,0.7,0.6399999999999999,0.6390183310425207,0.6390183310425207,0
125,1,0.23362787067890167,0.31898288062951236,0.0,0.16281710689092038,91.66666666666667,95.83333333333333,0.19831015270131486,-0.31140787090273786,0.0,0.08,0.16281710689092038,0.16281710689092038,0
125,18,0.1988300085067749,0.31898288062951236,0.0,0.07999999999999996,92.1875,99.609375,0.07999999999999996,-0.4726871856078574,0.0,0.08,0.07999999999999996,0.07999999999999996,0
125,4,0.35436302423477173,0.31898288062951236,0.10518444112790758,0.11478305267445865,87.1559633027523,100.0,0.0936268382910869,0.10518444112790758,0.10518444112790758,0.16414755290232608,0.11478305267445865,0.11478305267445865,0
125,14,0.12533827126026154,0.31898288062951236,0.0,0.08091856201746886,94.94949494949495,100.0,0.08131223145352695,-0.9341211348732977,0.0,0.08,0.08091856201746886,0.08091856201746886,0
125,5,0.30444931983947754,0.31898288062951236,0.0,0.09617981099621883,91.796875,100.0,0.10311401570888407,-0.04663279812108778,0.0,0.08,0.09617981099621883,0.09617981099621883,0
125,0,0.8089241981506348,0.31898288062951236,0.7,0.29232389197948794,83.33333333333333,100.0,0.14331984568498282,0.9305677598675333,0.7,0.6399999999999999,0.29232389197948794,0.29232389197948794,0
125,16,0.3764469623565674,0.31898288062951236,0.16563972668986487,0.21738011273515595,90.9090909090909,100.0,0.21946654047084055,0.16563972668986487,0.16563972668986487,0.21251178135189192,0.21738011273515595,0.21738011273515595,0
125,11,1.0794689655303955,0.31898288062951236,0.7,0.6399999999999997,56.25,100.0,0.6399999999999997,1.2190870429194982,0.7,0.6399999999999999,0.6399999999999997,0.6399999999999997,0
125,2,0.15117470920085907,0.31898288062951236,0.0,0.12201450481707207,95.38461538461539,100.0,0.14002072116724582,-0.7467012182429669,0.0,0.08,0.12201450481707207,0.12201450481707207,0
125,12,0.3235837519168854,0.31898288062951236,0.014320537478612672,0.10958250616882237,85.546875,100.0,0.11735082453422191,0.014320537478612672,0.014320537478612672,0.09145642998289014,0.10958250616882237,0.10958250616882237,0
125,10,0.27012380957603455,0.31898288062951236,0.0,0.07999999999999996,95.703125,100.0,0.07999999999999996,-0.16625702205622672,0.0,0.08,0.07999999999999996,0.07999999999999996,0
125,19,0.25989335775375366,0.31898288062951236,0.0,0.08016974596829472,88.671875,100.0,0.08024249424042104,-0.20486604408858164,0.0,0.08,0.08016974596829472,0.08016974596829472,0
125,7,0.6776625514030457,0.31898288062951236,0.7,0.6306386648806089,73.046875,100.0,0.6266266641151557,0.753512000046231,0.7,0.6399999999999999,0.6306386648806089,0.6306386648806089,0
125,9,0.19515304267406464,0.31898288062951236,0.0,0.07999999999999996,94.140625,100.0,0.07999999999999996,-0.49135333074600535,0.0,0.08,0.07999999999999996,0.07999999999999996,0
126,8,1.1793856620788574,0.31848624615437926,0.7,0.6399999999999997,47.265625,100.0,0.6399999999999997,1.3091696427197976,0.7,0.6399999999999999,0.6399999999999997,0.6399999999999997,0
126,16,0.3717464804649353,0.31848624615437926,0.1546328224276175,0.21327795629723734,90.45454545454545,100.0,0.21738011273515595,0.1546328224276175,0.1546328224276175,0.20370625794209402,0.21327795629723734,0.21327795629723734,0
126,0,0.09948136657476425,0.31848624615437926,0.0,0.22862672438564155,83.33333333333333,100.0,0.29232389197948794,-1.1636088657463994,0.0,0.08,0.22862672438564155,0.22862672438564155,0
126,19,0.2679663300514221,0.31848624615437926,0.0,0.0801188221778063,91.40625,100.0,0.08016974596829472,-0.17271794648970137,0.0,0.08,0.0801188221778063,0.0801188221778063,0
126,2,0.2526988983154297,0.31848624615437926,0.0,0.10941015337195045,95.38461538461539,100.0,0.12201450481707207,-0.23138062798615003,0.0,0.08,0.10941015337195045,0.10941015337195045,0
126,7,0.7315515875816345,0.31848624615437926,0.7,0.6334470654164261,69.140625,100.0,0.6306386648806089,0.8315884323633128,0.7,0.6399999999999999,0.6334470654164261,0.6334470654164261,0
126,18,0.26117658615112305,0.31848624615437926,0.0,0.07999999999999996,87.5,99.609375,0.07999999999999996,-0.19838253016082152,0.0,0.08,0.07999999999999996,0.07999999999999996,0
126,4,0.30806007981300354,0.31848624615437926,0.0,0.10434813687212105,88.9908256880734,100.0,0.11478305267445865,-0.033284461549429156,0.0,0.08,0.10434813687212105,0.10434813687212105,0
126,12,0.4374763071537018,0.31848624615437926,0.31744324982279254,0.17689413427564588,86.328125,100.0,0.10958250616882237,0.31744324982279254,0.31744324982279254,0.33395459985823406,0.17689413427564588,0.17689413427564588,0
126,9,0.163056880235672,0.31848624615437926,0.0,0.07999999999999996,95.703125,100.0,0.07999999999999996,-0.669480162525314,0.0,0.08,0.07999999999999996,0.07999999999999996,0
126,17,0.08717341721057892,0.31848624615437926,0.0,0.07999999999999996,93.75,100.0,0.07999999999999996,-1.2956797716390538,0.0,0.08,0.07999999999999996,0.07999999999999996,0
126,10,0.22145715355873108,0.31848624615437926,0.0,0.07999999999999996,95.3125,100.0,0.07999999999999996,-0.3633501440184897,0.0,0.08,0.07999999999999996,0.07999999999999996,0
126,6,0.1763342022895813,0.31848624615437926,0.0,0.08000438461420634,93.359375,100.0,0.08000626373458047,-0.5911981944827928,0.0,0.08,0.08000438461420634,0.08000438461420634,0
126,1,0.44254109263420105,0.31848624615437926,0.32895402515358935,0.2169209408605057,83.33333333333333,100.0,0.16281710689092038,0.32895402515358935,0.32895402515358935,0.3431632201228715,0.2169209408605057,0.2169209408605057,0
126,3,0.30729302763938904,0.31848624615437926,0.0,0.15040011426607244,91.28205128205128,98.97435897435898,0.18057159180867494,-0.03577750996888806,0.0,0.08,0.15040011426607244,0.15040011426607244,0
126,5,0.5139412879943848,0.31848624615437926,0.4785297304069661,0.20617300299502506,90.234375,100.0,0.09617981099621883,0.4785297304069661,0.4785297304069661,0.4628237843255729,0.20617300299502506,0.20617300299502506,0
126,13,0.44860097765922546,0.31848624615437926,0.3425545014419694,0.5032087594087044,76.08695652173913,100.0,0.5671366843751882,0.3425545014419694,0.3425545014419694,0.3540436011535756,0.5032087594087044,0.5032087594087044,0
126,14,0.10394924134016037,0.31848624615437926,0.0,0.08064299341222819,95.95959595959596,100.0,0.08091856201746886,-1.1196765101263375,0.0,0.08,0.08064299341222819,0.08064299341222819,0
126,15,0.5985068082809448,0.31848624615437926,0.630858594925852,0.6227188945119689,64.28571428571429,78.57142857142857,0.6390183310425207,0.630858594925852,0.630858594925852,0.5846868759406816,0.6227188945119689,0.6227188945119689,0
126,11,1.1363091468811035,0.31848624615437926,0.7,0.6399999999999997,52.734375,100.0,0.6399999999999997,1.2719613851085765,0.7,0.6399999999999999,0.6399999999999997,0.6399999999999997,0
127,15,0.8026533722877502,0.31740527691156095,0.7,0.6279032261583782,50.0,92.85714285714286,0.6227188945119689,0.9277435024278669,0.7,0.6399999999999999,0.6279032261583782,0.6279032261583782,0
127,16,0.39730092883110046,0.31740527691156095,0.22451456095613437,0.22717806403753837,89.0909090909091,100.0,0.21327795629723734,0.22451456095613437,0.22451456095613437,0.2596116487649075,0.22717806403753837,0.22717806403753837,0
127,18,0.1688207983970642,0.31740527691156095,0.0,0.07999999999999996,91.796875,100.0,0.07999999999999996,-0.6313416178309349,0.0,0.08,0.07999999999999996,0.07999999999999996,0
127,1,0.18357640504837036,0.31740527691156095,0.0,0.175844658602354,95.83333333333333,100.0,0.2169209408605057,-0.5475484532971171,0.0,0.08,0.175844658602354,0.175844658602354,0
127,5,0.3846752345561981,0.31740527691156095,0.1922199928009957,0.2144539003687565,87.5,100.0,0.20617300299502506,0.1922199928009957,0.1922199928009957,0.2337759942407966,0.2144539003687565,0.2144539003687565,0
127,0,0.26664045453071594,0.31740527691156095,0.0,0.18403870706994907,100.0,100.0,0.22862672438564155,-0.17427828872745044,0.0,0.08,0.18403870706994907,0.18403870706994907,0
127,8,1.1168920993804932,0.31740527691156095,0.7,0.6399999999999997,57.03125,100.0,0.6399999999999997,1.2581257398817995,0.7,0.6399999999999999,0.6399999999999997,0.6399999999999997,0
127,2,0.2348494976758957,0.31740527691156095,0.0,0.1005871073603653,93.84615384615384,100.0,0.10941015337195045,-0.30123454875328587,0.0,0.08,0.1005871073603653,0.1005871073603653,0
127,7,0.5328068733215332,0.31740527691156095,0.5179795733999314,0.5917280434074819,71.875,100.0,0.6334470654164261,0.5179795733999314,0.5179795733999314,0.49438365871994516,0.5917280434074819,0.5917280434074819,0
127,6,0.18842895328998566,0.31740527691156095,0.0,0.08000306922994443,86.71875,100.0,0.08000438461420634,-0.5214583816015492,0.0,0.08,0.08000306922994443,0.08000306922994443,0
127,13,0.5707826614379883,0.31740527691156095,0.5868290618743022,0.5170851064359255,71.73913043478261,93.47826086956522,0.5032087594087044,0.5868290618743022,0.5868290618743022,0.5494632494994417,0.5170851064359255,0.5170851064359255,0
127,9,0.2405727058649063,0.31740527691156095,0.0,0.07999999999999996,90.625,100.0,0.07999999999999996,-0.2771570681747864,0.0,0.08,0.07999999999999996,0.07999999999999996,0
127,11,1.0884596109390259,0.31740527691156095,0.7,0.6399999999999997,50.390625,100.0,0.6399999999999997,1.2323393190370164,0.7,0.6399999999999999,0.6399999999999997,0.6399999999999997,0
127,12,0.31125807762145996,0.31740527691156095,0.0,0.1478258939929521,85.9375,100.0,0.17689413427564588,-0.01955703312251193,0.0,0.08,0.1478258939929521,0.1478258939929521,0
127,4,0.3265259861946106,0.31740527691156095,0.02833010146754475,0.10384292016269547,90.8256880733945,100.0,0.10434813687212105,0.02833010146754475,0.02833010146754475,0.1026640811740358,0.10384292016269547,0.10384292016269547,0
127,19,0.26792600750923157,0.31740527691156095,0.0,0.08008317552446441,88.671875,100.0,0.0801188221778063,-0.1694685765589317,0.0,0.08,0.08008317552446441,0.08008317552446441,0
127,14,0.14317229390144348,0.31740527691156095,0.0,0.08045009538855974,95.95959595959596,100.0,0.08064299341222819,-0.7961306375785837,0.0,0.08,0.08045009538855974,0.08045009538855974,0
127,3,0.40179985761642456,0.31740527691156095,0.2357746580146662,0.1858659979097706,82.05128205128206,100.0,0.15040011426607244,0.2357746580146662,0.2357746580146662,0.268619726411733,0.1858659979097706,0.1858659979097706,0
127,10,0.2944835126399994,0.31740527691156095,0.0,0.07999999999999996,93.75,100.0,0.07999999999999996,-0.07495641365207961,0.0,0.08,0.07999999999999996,0.07999999999999996,0
127,17,0.14694198966026306,0.31740527691156095,0.0,0.07999999999999996,97.65625,100.0,0.07999999999999996,-0.7701415161046775,0.0,0.08,0.07999999999999996,0.07999999999999996,0
128,14,0.17662085592746735,0.3159518287334778,0.0,0.08031506677199182,91.91919191919192,100.0,0.08045009538855974,-0.5815843581002572,0.0,0.08,0.08031506677199182,0.08031506677199182,0
128,13,0.5058136582374573,0.3159518287334778,0.4705785639785749,0.4988984298600059,65.21739130434783,100.0,0.5170851064359255,0.4705785639785749,0.4705785639785749,0.45646285118285995,0.4988984298600059,0.4988984298600059,0
128,18,0.17322894930839539,0.3159518287334778,0.0,0.07999999999999996,93.75,99.609375,0.07999999999999996,-0.6009756091988562,0.0,0.08,0.07999999999999996,0.07999999999999996,0
128,7,0.8056801557540894,0.3159518287334778,0.7,0.6062096303852372,73.4375,100.0,0.5917280434074819,0.9360970541715865,0.7,0.6399999999999999,0.6062096303852372,0.6062096303852372,0
128,8,1.268508791923523,0.3159518287334778,0.7,0.6399999999999997,50.0,100.0,0.6399999999999997,1.3900075249589945,0.7,0.6399999999999999,0.6399999999999997,0.6399999999999997,0
128,5,0.30662497878074646,0.3159518287334778,0.0,0.17411773025812954,91.796875,100.0,0.2144539003687565,-0.02996432691103782,0.0,0.08,0.17411773025812954,0.17411773025812954,0
128,4,0.3222696781158447,0.3159518287334778,0.019798942835124286,0.10144179039431665,88.9908256880734,100.0,0.10384292016269547,0.019798942835124286,0.019798942835124286,0.09583915426809943,0.10144179039431665,0.10144179039431665,0
128,11,0.9611973166465759,0.3159518287334778,0.7,0.6399999999999997,65.234375,100.0,0.6399999999999997,1.1125899296916826,0.7,0.6399999999999999,0.6399999999999997,0.6399999999999997,0
128,6,0.1713985800743103,0.3159518287334778,0.0,0.0800021484609611,92.96875,100.0,0.08000306922994443,-0.6115980127078632,0.0,0.08,0.0800021484609611,0.0800021484609611,0
128,0,0.10195260494947433,0.3159518287334778,0.0,0.15282709494896435,100.0,100.0,0.18403870706994907,-1.1310816468759164,0.0,0.08,0.15282709494896435,0.15282709494896435,0
128,2,0.16447244584560394,0.3159518287334778,0.0,0.09441097515225572,92.3076923076923,100.0,0.1005871073603653,-0.6528466783827525,0.0,0.08,0.09441097515225572,0.09441097515225572,0
128,10,0.2372407168149948,0.3159518287334778,0.0,0.07999999999999996,91.796875,100.0,0.07999999999999996,-0.2865144423068355,0.0,0.08,0.07999999999999996,0.07999999999999996,0
128,9,0.18221549689769745,0.3159518287334778,0.0,0.07999999999999996,92.578125,100.0,0.07999999999999996,-0.5503997024879227,0.0,0.08,0.07999999999999996,0.07999999999999996,0
128,12,0.48329195380210876,0.3159518287334778,0.42503115804953,0.22948560372695367,86.71875,100.0,0.1478258939929521,0.42503115804953,0.42503115804953,0.420024926439624,0.22948560372695367,0.22948560372695367,0
128,3,0.5995263457298279,0.3159518287334778,0.6405501434531243,0.3078382329655892,82.56410256410257,100.0,0.1858659979097706,0.6405501434531243,0.6405501434531243,0.5924401147624995,0.3078382329655892,0.3078382329655892,0
128,16,0.39091408252716064,0.3159518287334778,0.2128980307381559,0.23412017220343426,85.9090909090909,99.54545454545455,0.22717806403753837,0.2128980307381559,0.2128980307381559,0.2503184245905247,0.23412017220343426,0.23412017220343426,0
128,1,0.34875035285949707,0.3159518287334778,0.09876658069217671,0.1707952403877702,100.0,95.83333333333333,0.175844658602354,0.09876658069217671,0.09876658069217671,0.15901326455374137,0.1707952403877702,0.1707952403877702,0
128,19,0.32433387637138367,0.3159518287334778,0.026183705769534767,0.08634231225181344,90.625,100.0,0.08008317552446441,0.026183705769534767,0.026183705769534767,0.10094696461562781,0.08634231225181344,0.08634231225181344,0
128,15,0.9797931909561157,0.3159518287334778,0.7,0.6315322583108647,78.57142857142857,100.0,0.6279032261583782,1.131751737064153,0.7,0.6399999999999999,0.6315322583108647,0.6315322583108647,0
128,17,0.10629735887050629,0.3159518287334778,0.0,0.07999999999999996,97.265625,100.0,0.07999999999999996,-1.0893492597823697,0.0,0.08,0.07999999999999996,0.07999999999999996,0
129,17,0.16093184053897858,0.31668682358449146,0.0,0.07999999999999996,96.484375,100.0,0.07999999999999996,-0.6769323921075389,0.0,0.08,0.07999999999999996,0.07999999999999996,0
129,8,1.1811802387237549,0.31668682358449146,0.7,0.6399999999999997,52.34375,100.0,0.6399999999999997,1.3163560494627125,0.7,0.6399999999999999,0.6399999999999997,0.6399999999999997,0
129,7,0.7498317956924438,0.31668682358449146,0.7,0.616346741269666,67.96875,100.0,0.6062096303852372,0.8619355434014575,0.7,0.6399999999999999,0.616346741269666,0.616346741269666,0
129,10,0.22806428372859955,0.31668682358449146,0.0,0.07999999999999996,92.96875,100.0,0.07999999999999996,-0.32828579966189003,0.0,0.08,0.07999999999999996,0.07999999999999996,0
129,14,0.2898755669593811,0.31668682358449146,0.0,0.08022054674039428,92.92929292929293,100.0,0.08031506677199182,-0.08846159295558875,0.0,0.08,0.08022054674039428,0.08022054674039428,0
129,6,0.22747644782066345,0.31668682358449146,0.0,0.08000150392267277,94.140625,100.0,0.0800021484609611,-0.33086662797294164,0.0,0.08,0.08000150392267277,0.08000150392267277,0
129,2,0.24329520761966705,0.31668682358449146,0.0,0.09008768260657898,93.84615384615384,100.0,0.09441097515225572,-0.26363778561649304,0.0,0.08,0.09008768260657898,0.09008768260657898,0
129,4,0.3236836791038513,0.31668682358449146,0.021853391831824543,0.10025406731565956,91.74311926605505,99.08256880733946,0.10144179039431665,0.021853391831824543,0.021853391831824543,0.09748271346545964,0.10025406731565956,0.10025406731565956,0
129,9,0.25231045484542847,0.31668682358449146,0.0,0.07999999999999996,91.796875,100.0,0.07999999999999996,-0.22725304632941587,0.0,0.08,0.07999999999999996,0.07999999999999996,0
129,16,0.3856566250324249,0.31668682358449146,0.19703404813306072,0.23517229209433854,87.27272727272727,99.0909090909091,0.23412017220343426,0.19703404813306072,0.19703404813306072,0.23762723850644857,0.23517229209433854,0.23517229209433854,0
129,19,0.23521558940410614,0.31668682358449146,0.0,0.0844396185762694,89.453125,100.0,0.08634231225181344,-0.29741084108014765,0.0,0.08,0.0844396185762694,0.0844396185762694,0
129,0,0.054300155490636826,0.31668682358449146,0.0,0.13097896646427504,100.0,100.0,0.15282709494896435,-1.7633861042573826,0.0,0.08,0.13097896646427504,0.13097896646427504,0
129,15,1.0050408840179443,0.31668682358449146,0.7,0.6340725808176052,57.142857142857146,92.85714285714286,0.6315322583108647,1.154870131328126,0.7,0.6399999999999999,0.6340725808176052,0.6340725808176052,0
129,18,0.18773341178894043,0.31668682358449146,0.0,0.07999999999999996,95.3125,98.828125,0.07999999999999996,-0.522890391549834,0.0,0.08,0.07999999999999996,0.07999999999999996,0
129,12,0.46933072805404663,0.31668682358449146,0.39339433941786944,0.27905456406915624,85.15625,100.0,0.22948560372695367,0.39339433941786944,0.39339433941786944,0.3947154715342956,0.27905456406915624,0.27905456406915624,0
129,5,0.25278642773628235,0.31668682358449146,0.0,0.14588241118069067,89.0625,100.0,0.17411773025812954,-0.22536836626382956,0.0,0.08,0.14588241118069067,0.14588241118069067,0
129,1,0.29084858298301697,0.31668682358449146,0.0,0.14355666827143912,83.33333333333333,100.0,0.1707952403877702,-0.08511054616077839,0.0,0.08,0.14355666827143912,0.14355666827143912,0
129,11,0.9463191032409668,0.31668682358449146,0.7,0.6399999999999997,52.734375,100.0,0.6399999999999997,1.0946664622742748,0.7,0.6399999999999999,0.6399999999999997,0.6399999999999997,0
129,13,0.7646724581718445,0.31668682358449146,0.7,0.541228900902004,69.56521739130434,95.65217391304348,0.4988984298600059,0.8815342170628647,0.7,0.6399999999999999,0.541228900902004,0.541228900902004,0
129,3,0.355832576751709,0.31668682358449146,0.1165469794084776,0.2674580381339471,88.2051282051282,100.0,0.3078382329655892,0.1165469794084776,0.1165469794084776,0.1732375835267821,0.2674580381339471,0.2674580381339471,0
130,0,0.1072801873087883,0.3140543487231622,0.0,0.11568527652499253,100.0,100.0,0.13097896646427504,-1.0741220097117352,0.0,0.08,0.11568527652499253,0.11568527652499253,0
130,17,0.07834939658641815,0.3140543487231622,0.0,0.07999999999999996,97.265625,100.0,0.07999999999999996,-1.388387692985711,0.0,0.08,0.07999999999999996,0.07999999999999996,0
130,13,0.6662207841873169,0.3140543487231622,0.7,0.5708602306314028,76.08695652173913,100.0,0.541228900902004,0.7520550505246375,0.7,0.6399999999999999,0.5708602306314028,0.5708602306314028,0
130,10,0.26102158427238464,0.3140543487231622,0.0,0.07999999999999996,94.140625,100.0,0.07999999999999996,-0.1849629473019821,0.0,0.08,0.07999999999999996,0.07999999999999996,0
130,16,0.36441126465797424,0.3140543487231622,0.1487170173638985,0.22431268863337261,87.72727272727273,100.0,0.23517229209433854,0.1487170173638985,0.1487170173638985,0.1989736138911188,0.22431268863337261,0.22431268863337261,0
130,5,0.4109107255935669,0.3140543487231622,0.26880991469262333,0.19063206735271304,91.796875,100.0,0.14588241118069067,0.26880991469262333,0.26880991469262333,0.29504793175409866,0.19063206735271304,0.19063206735271304,0
130,18,0.22415055334568024,0.3140543487231622,0.0,0.07999999999999996,95.3125,99.609375,0.07999999999999996,-0.337248104026608,0.0,0.08,0.07999999999999996,0.07999999999999996,0
130,1,0.20885054767131805,0.3140543487231622,0.0,0.12448966779000739,87.5,100.0,0.14355666827143912,-0.4079471267381392,0.0,0.08,0.12448966779000739,0.12448966779000739,0
130,8,1.2842686176300049,0.3140543487231622,0.7,0.6399999999999997,53.90625,100.0,0.6399999999999997,1.4083785860400815,0.7,0.6399999999999999,0.6399999999999997,0.6399999999999997,0
130,4,0.23386570811271667,0.3140543487231622,0.0,0.0941778471209617,94.4954128440367,98.1651376146789,0.10025406731565956,-0.2948189914567981,0.0,0.08,0.0941778471209617,0.0941778471209617,0
130,9,0.18936854600906372,0.3140543487231622,0.0,0.07999999999999996,88.28125,100.0,0.07999999999999996,-0.5058709398682206,0.0,0.08,0.07999999999999996,0.07999999999999996,0
130,19,0.2963537275791168,0.3140543487231622,0.0,0.08310773300338858,87.890625,100.0,0.0844396185762694,-0.05801228768008635,0.0,0.08,0.08310773300338858,0.08310773300338858,0
130,14,0.15154294669628143,0.3140543487231622,0.0,0.08015438271827599,93.93939393939394,100.0,0.08022054674039428,-0.7286969605694442,0.0,0.08,0.08015438271827599,0.08015438271827599,0
130,2,0.1757606714963913,0.3140543487231622,0.0,0.0870613778246053,92.3076923076923,100.0,0.09008768260657898,-0.5804427823831652,0.0,0.08,0.0870613778246053,0.0870613778246053,0
130,15,0.7177962064743042,0.3140543487231622,0.7,0.6358508065723236,71.42857142857143,100.0,0.6340725808176052,0.8266196198189855,0.7,0.6399999999999999,0.6358508065723236,0.6358508065723236,0
130,6,0.29175642132759094,0.3140543487231622,0.0,0.08000105274587094,92.1875,100.0,0.08000150392267277,-0.07364677298653845,0.0,0.08,0.08000105274587094,0.08000105274587094,0
130,7,0.7621414661407471,0.3140543487231622,0.7,0.6234427188887662,73.828125,100.0,0.616346741269666,0.8865661148018904,0.7,0.6399999999999999,0.6234427188887662,0.6234427188887662,0
130,3,0.3735036849975586,0.3140543487231622,0.17336180954436556,0.25282746098441067,88.2051282051282,98.97435897435898,0.2674580381339471,0.17336180954436556,0.17336180954436556,0.21868944763549247,0.25282746098441067,0.25282746098441067,0
130,12,0.3333768844604492,0.3140543487231622,0.05970757727905709,0.23366801339538307,87.5,100.0,0.27905456406915624,0.05970757727905709,0.05970757727905709,0.12776606182324568,0.23366801339538307,0.23366801339538307,0
130,11,0.98549884557724,0.3140543487231622,0.7,0.6399999999999997,62.5,99.609375,0.6399999999999997,1.1435818774530668,0.7,0.6399999999999999,0.6399999999999997,0.6399999999999997,0
131,17,0.09510926902294159,0.31205442129618133,0.0,0.07999999999999996,98.828125,100.0,0.07999999999999996,-1.1881510958651267,0.0,0.08,0.07999999999999996,0.07999999999999996,0
131,11,1.0223028659820557,0.31205442129618133,0.7,0.6399999999999997,56.640625,100.0,0.6399999999999997,1.1866354511298025,0.7,0.6399999999999999,0.6399999999999997,0.6399999999999997,0
131,16,0.40449151396751404,0.31205442129618133,0.25945315005830166,0.2432876380573532,89.0909090909091,100.0,0.22431268863337261,0.25945315005830166,0.25945315005830166,0.28756252004664135,0.2432876380573532,0.2432876380573532,0
131,9,0.23111379146575928,0.31205442129618133,0.0,0.07999999999999996,92.578125,100.0,0.07999999999999996,-0.30026739562686283,0.0,0.08,0.07999999999999996,0.07999999999999996,0
131,8,1.1361570358276367,0.31205442129618133,0.7,0.6399999999999997,44.921875,100.0,0.6399999999999997,1.2922292024169149,0.7,0.6399999999999999,0.6399999999999997,0.6399999999999997,0
131,15,0.6984707117080688,0.31205442129618133,0.7,0.6370955646006264,85.71428571428571,92.85714285714286,0.6358508065723236,0.805715629991429,0.7,0.6399999999999999,0.6370955646006264,0.6370955646006264,0
131,5,0.33130165934562683,0.31205442129618133,0.05985171619068991,0.17180685903266468,88.28125,100.0,0.19063206735271304,0.05985171619068991,0.05985171619068991,0.12788137295255192,0.17180685903266468,0.17180685903266468,0
131,13,0.5285312533378601,0.31205442129618133,0.526924326534159,0.5500639998101801,71.73913043478261,100.0,0.5708602306314028,0.526924326534159,0.526924326534159,0.5015394612273272,0.5500639998101801,0.5500639998101801,0
131,1,0.2992164194583893,0.31205442129618133,0.0,0.11114276745300516,75.0,95.83333333333333,0.12448966779000739,-0.04201047599170344,0.0,0.08,0.11114276745300516,0.11114276745300516,0
131,12,0.4030514657497406,0.31205442129618133,0.25588665330279425,0.24898040616943878,85.546875,100.0,0.23366801339538307,0.25588665330279425,0.25588665330279425,0.2847093226422354,0.24898040616943878,0.24898040616943878,0
131,3,0.3597903847694397,0.31205442129618133,0.14234399325709654,0.23514178107079062,95.38461538461539,99.48717948717949,0.25282746098441067,0.14234399325709654,0.14234399325709654,0.19387519460567726,0.23514178107079062,0.23514178107079062,0
131,19,0.3089736998081207,0.31205442129618133,0.0,0.082175413102372,89.453125,100.0,0.08310773300338858,-0.00992144012487427,0.0,0.08,0.082175413102372,0.082175413102372,0
131,18,0.21441449224948883,0.31205442129618133,0.0,0.07999999999999996,92.1875,100.0,0.07999999999999996,-0.3752665638777386,0.0,0.08,0.07999999999999996,0.07999999999999996,0
131,4,0.2813168168067932,0.31205442129618133,0.0,0.08992449298467317,93.57798165137615,100.0,0.0941778471209617,-0.10369610015701611,0.0,0.08,0.08992449298467317,0.08992449298467317,0
131,7,0.8552747964859009,0.31205442129618133,0.7,0.6284099032221363,75.390625,100.0,0.6234427188887662,1.0082451965140364,0.7,0.6399999999999999,0.6284099032221363,0.6284099032221363,0
131,10,0.20601004362106323,0.31205442129618133,0.0,0.07999999999999996,91.40625,100.0,0.07999999999999996,-0.4152526602914147,0.0,0.08,0.07999999999999996,0.07999999999999996,0
131,6,0.21117548644542694,0.31205442129618133,0.0,0.08000073692210966,91.015625,100.0,0.08000105274587094,-0.3904881073929138,0.0,0.08,0.08000073692210966,0.08000073692210966,0
131,2,0.2521587610244751,0.31205442129618133,0.0,0.0849429644772237,95.38461538461539,100.0,0.0870613778246053,-0.21311869901075867,0.0,0.08,0.0849429644772237,0.0849429644772237,0
131,0,0.17413538694381714,0.31205442129618133,0.0,0.10497969356749476,83.33333333333333,83.33333333333333,0.11568527652499253,-0.5833444919026392,0.0,0.08,0.10497969356749476,0.10497969356749476,0
131,14,0.234830841422081,0.31205442129618133,0.0,0.08010806790279319,90.9090909090909,100.0,0.08015438271827599,-0.28431215808118426,0.0,0.08,0.08010806790279319,0.08010806790279319,0
132,17,0.09042899310588837,0.3112584851298887,0.0,0.07999999999999996,94.921875,100.0,0.07999999999999996,-1.2360586942361793,0.0,0.08,0.07999999999999996,0.07999999999999996,0
132,12,0.39984941482543945,0.3112584851298887,0.2504642973045766,0.2583977156717055,87.109375,100.0,0.24898040616943878,0.2504642973045766,0.2504642973045766,0.2803714378436613,0.2583977156717055,0.2583977156717055,0
132,16,0.37683260440826416,0.3112584851298887,0.19117735424517313,0.24018391165898878,89.0909090909091,100.0,0.2432876380573532,0.19117735424517313,0.19117735424517313,0.23294188339613853,0.24018391165898878,0.24018391165898878,0
132,8,1.2365740537643433,0.3112584851298887,0.7,0.6399999999999997,55.46875,100.0,0.6399999999999997,1.3794762420800954,0.7,0.6399999999999999,0.6399999999999997,0.6399999999999997,0
132,18,0.10842807590961456,0.3112584851298887,0.0,0.07999999999999996,94.140625,99.609375,0.07999999999999996,-1.0545365904431074,0.0,0.08,0.07999999999999996,0.07999999999999996,0
132,7,0.7715541124343872,0.3112584851298887,0.7,0.6318869322554953,67.96875,100.0,0.6284099032221363,0.9077830805618732,0.7,0.6399999999999999,0.6318869322554953,0.6318869322554953,0
132,13,0.6551715731620789,0.3112584851298887,0.7,0.577044799867126,69.56521739130434,100.0,0.5500639998101801,0.744273419359594,0.7,0.6399999999999999,0.577044799867126,0.577044799867126,0
132,3,0.45009249448776245,0.3112584851298887,0.3688293861705703,0.2771182994304903,84.1025641025641,100.0,0.23514178107079062,0.3688293861705703,0.3688293861705703,0.3750635089364563,0.2771182994304903,0.2771182994304903,0
132,4,0.3895869851112366,0.3112584851298887,0.2244634501101652,0.14081837311571088,91.74311926605505,99.08256880733946,0.08992449298467317,0.2244634501101652,0.2244634501101652,0.2595707600881322,0.14081837311571088,0.14081837311571088,0
132,5,0.25147032737731934,0.3112584851298887,0.0,0.14426480132286526,91.796875,100.0,0.17180685903266468,-0.2132987012461873,0.0,0.08,0.14426480132286526,0.14426480132286526,0
132,11,0.9697019457817078,0.3112584851298887,0.7,0.6399999999999997,63.28125,100.0,0.6399999999999997,1.1363650212055922,0.7,0.6399999999999999,0.6399999999999997,0.6399999999999997,0
132,6,0.20763593912124634,0.3112584851298887,0.0,0.08000051584547675,93.359375,100.0,0.08000073692210966,-0.4048374393721858,0.0,0.08,0.08000051584547675,0.08000051584547675,0
132,9,0.17607860267162323,0.3112584851298887,0.0,0.07999999999999996,92.578125,100.0,0.07999999999999996,-0.5696931827755379,0.0,0.08,0.07999999999999996,0.07999999999999996,0
132,15,1.0461562871932983,0.3112584851298887,0.7,0.6379668952204385,78.57142857142857,92.85714285714286,0.6370955646006264,1.2122543161687627,0.7,0.6399999999999999,0.6379668952204385,0.6379668952204385,0
132,1,0.6031330227851868,0.3112584851298887,0.6615140496156642,0.26056330912486303,79.16666666666667,100.0,0.11114276745300516,0.6615140496156642,0.6615140496156642,0.6092112396925313,0.26056330912486303,0.26056330912486303,0
132,19,0.22812917828559875,0.3112584851298887,0.0,0.08152278917166039,91.015625,100.0,0.082175413102372,-0.3107116572201334,0.0,0.08,0.08152278917166039,0.08152278917166039,0
132,0,0.06496717035770416,0.3112584851298887,0.0,0.09748578549724632,100.0,100.0,0.10497969356749476,-1.5667415161884055,0.0,0.08,0.09748578549724632,0.09748578549724632,0
132,10,0.252612829208374,0.3112584851298887,0.0,0.07999999999999996,93.75,100.0,0.07999999999999996,-0.20876570415176934,0.0,0.08,0.07999999999999996,0.07999999999999996,0
132,2,0.33561137318611145,0.3112584851298887,0.075330151931108,0.1015393115975225,96.92307692307692,100.0,0.0849429644772237,0.075330151931108,0.075330151931108,0.1402641215448864,0.1015393115975225,0.1015393115975225,0
132,14,0.1537155658006668,0.3112584851298887,0.0,0.08007564753195523,91.91919191919192,100.0,0.08010806790279319,-0.7055197566099931,0.0,0.08,0.08007564753195523,0.08007564753195523,0
133,9,0.18738824129104614,0.3157548354966186,0.0,0.07999999999999996,94.53125,100.0,0.07999999999999996,-0.5217834324821763,0.0,0.08,0.07999999999999996,0.07999999999999996,0
133,8,1.2782046794891357,0.3157548354966186,0.7,0.6399999999999997,51.953125,100.0,0.6399999999999997,1.3982456789283941,0.7,0.6399999999999999,0.6399999999999997,0.6399999999999997,0
133,12,0.3795408308506012,0.3157548354966186,0.18399610146624865,0.2490374653220935,88.28125,100.0,0.2583977156717055,0.18399610146624865,0.18399610146624865,0.2271968811729989,0.2490374653220935,0.2490374653220935,0
133,7,0.7526868581771851,0.3157548354966186,0.7,0.6343208525788466,74.609375,100.0,0.6318869322554953,0.8686831884941306,0.7,0.6399999999999999,0.6343208525788466,0.6343208525788466,0
133,19,0.30263301730155945,0.3157548354966186,0.0,0.08106595242016226,90.234375,99.609375,0.08152278917166039,-0.04244516662420044,0.0,0.08,0.08106595242016226,0.08106595242016226,0
133,4,0.32086285948753357,0.3157548354966186,0.016047726893137656,0.12642431563535064,88.07339449541284,100.0,0.14081837311571088,0.016047726893137656,0.016047726893137656,0.09283818151451012,0.12642431563535064,0.12642431563535064,0
133,1,0.34552323818206787,0.3157548354966186,0.0900938223556194,0.22801683375275278,100.0,100.0,0.26056330912486303,0.0900938223556194,0.0900938223556194,0.15207505788449552,0.22801683375275278,0.22801683375275278,0
133,2,0.3375346064567566,0.3157548354966186,0.06670196522847328,0.11108598977309933,98.46153846153847,100.0,0.1015393115975225,0.06670196522847328,0.06670196522847328,0.13336157218277864,0.11108598977309933,0.11108598977309933,0
133,15,0.9544735550880432,0.3157548354966186,0.7,0.6385768266543069,71.42857142857143,92.85714285714286,0.6379668952204385,1.106193840642462,0.7,0.6399999999999999,0.6385768266543069,0.6385768266543069,0
133,11,0.974211573600769,0.3157548354966186,0.7,0.6399999999999997,58.984375,100.0,0.6399999999999997,1.1266624045704023,0.7,0.6399999999999999,0.6399999999999997,0.6399999999999997,0
133,6,0.29999443888664246,0.3157548354966186,0.0,0.08000036109183373,92.1875,100.0,0.08000051584547675,-0.05120213632991293,0.0,0.08,0.08000036109183373,0.08000036109183373,0
133,14,0.30921927094459534,0.3157548354966186,0.0,0.08005295327236867,91.91919191919192,100.0,0.08007564753195523,-0.020915434816512497,0.0,0.08,0.08005295327236867,0.08005295327236867,0
133,17,0.10785339772701263,0.3157548354966186,0.0,0.07999999999999996,95.703125,100.0,0.07999999999999996,-1.0741931378552374,0.0,0.08,0.07999999999999996,0.07999999999999996,0
133,3,0.31284672021865845,0.3157548354966186,0.0,0.2179828096013432,89.74358974358974,100.0,0.2771182994304903,-0.009252716308479337,0.0,0.08,0.2179828096013432,0.2179828096013432,0
133,10,0.20437109470367432,0.3157548354966186,0.0,0.07999999999999996,91.40625,100.0,0.07999999999999996,-0.4350286251877313,0.0,0.08,0.07999999999999996,0.07999999999999996,0
133,5,0.38654622435569763,0.3157548354966186,0.20228537694074392,0.17353385139178423,90.234375,100.0,0.14426480132286526,0.20228537694074392,0.20228537694074392,0.24182830155259516,0.17353385139178423,0.17353385139178423,0
133,16,0.3368687331676483,0.3157548354966186,0.06472726122979279,0.20766328085644242,89.54545454545455,100.0,0.24018391165898878,0.06472726122979279,0.06472726122979279,0.13178180898383424,0.20766328085644242,0.20766328085644242,0
133,13,0.993497371673584,0.3157548354966186,0.7,0.5959313599069881,73.91304347826087,100.0,0.577044799867126,1.1462653194277868,0.7,0.6399999999999999,0.5959313599069881,0.5959313599069881,0
133,0,0.416051983833313,0.3157548354966186,0.27584413052377366,0.1584426411737781,100.0,100.0,0.09748578549724632,0.27584413052377366,0.27584413052377366,0.30067530441901896,0.1584426411737781,0.1584426411737781,0
133,18,0.2504112124443054,0.3157548354966186,0.0,0.07999999999999996,94.53125,99.609375,0.07999999999999996,-0.2318616508137701,0.0,0.08,0.07999999999999996,0.07999999999999996,0
134,18,0.23116938769817352,0.317899518928177,0.0,0.07999999999999996,92.578125,99.609375,0.07999999999999996,-0.3185846209514352,0.0,0.08,0.07999999999999996,0.07999999999999996,0
134,16,0.3463011384010315,0.317899518928177,0.08557338151394012,0.18990190816285532,91.81818181818181,100.0,0.20766328085644242,0.08557338151394012,0.08557338151394012,0.1484587052111521,0.18990190816285532,0.18990190816285532,0
134,5,0.28142866492271423,0.317899518928177,0.0,0.14547369597424895,86.71875,100.0,0.17353385139178423,-0.12185634566940451,0.0,0.08,0.14547369597424895,0.14547369597424895,0
134,8,1.250287413597107,0.317899518928177,0.7,0.6399999999999997,46.875,100.0,0.6399999999999997,1.3693933566503975,0.7,0.6399999999999999,0.6399999999999997,0.6399999999999997,0
134,15,0.8597331643104553,0.317899518928177,0.7,0.6390037786580148,64.28571428571429,92.85714285714286,0.6385768266543069,0.994886692584762,0.7,0.6399999999999999,0.6390037786580148,0.6390037786580148,0
134,12,0.472817063331604,0.317899518928177,0.39697319045560864,0.2935997914348115,87.5,100.0,0.2490374653220935,0.39697319045560864,0.39697319045560864,0.39757855236448697,0.2935997914348115,0.2935997914348115,0
134,1,0.17441768944263458,0.317899518928177,0.0,0.18361178362692693,95.83333333333333,100.0,0.22801683375275278,-0.6002823921365993,0.0,0.08,0.18361178362692693,0.18361178362692693,0
134,19,0.24576659500598907,0.317899518928177,0.0,0.08074616669411358,91.015625,100.0,0.08106595242016226,-0.25735306065541275,0.0,0.08,0.08074616669411358,0.08074616669411358,0
134,0,0.5822142958641052,0.317899518928177,0.6051032169963958,0.2801346209007797,100.0,100.0,0.1584426411737781,0.6051032169963958,0.6051032169963958,0.5640825735971167,0.2801346209007797,0.2801346209007797,0
134,14,0.19710658490657806,0.317899518928177,0.0,0.08003706729065807,93.93939393939394,100.0,0.08005295327236867,-0.4779907127943128,0.0,0.08,0.08003706729065807,0.08003706729065807,0
134,17,0.11483174562454224,0.317899518928177,0.0,0.07999999999999996,95.703125,100.0,0.07999999999999996,-1.018267323519167,0.0,0.08,0.07999999999999996,0.07999999999999996,0
134,9,0.21963632106781006,0.317899518928177,0.0,0.07999999999999996,92.96875,99.609375,0.07999999999999996,-0.36976224811939623,0.0,0.08,0.07999999999999996,0.07999999999999996,0
134,13,0.8319320678710938,0.317899518928177,0.7,0.6091519519348916,71.73913043478261,100.0,0.5959313599069881,0.9620154142228041,0.7,0.6399999999999999,0.6091519519348916,0.6091519519348916,0
134,7,0.8682752251625061,0.317899518928177,0.7,0.6360245968051926,71.09375,100.0,0.6343208525788466,1.0047733695068612,0.7,0.6399999999999999,0.6360245968051926,0.6360245968051926,0
134,11,1.149698257446289,0.317899518928177,0.7,0.6399999999999997,56.25,100.0,0.6399999999999997,1.2855194247052515,0.7,0.6399999999999999,0.6399999999999997,0.6399999999999997,0
134,3,0.4438815414905548,0.317899518928177,0.33382236482728167,0.25670533427948783,91.28205128205128,100.0,0.2179828096013432,0.33382236482728167,0.33382236482728167,0.34705789186182534,0.25670533427948783,0.25670533427948783,0
134,2,0.23947137594223022,0.317899518928177,0.0,0.10176019284116952,92.3076923076923,100.0,0.11108598977309933,-0.2833014505235536,0.0,0.08,0.10176019284116952,0.10176019284116952,0
134,4,0.2774353623390198,0.317899518928177,0.0,0.11249702094474545,93.57798165137615,99.08256880733946,0.12642431563535064,-0.13614737250091766,0.0,0.08,0.11249702094474545,0.11249702094474545,0
134,6,0.14271436631679535,0.317899518928177,0.0,0.0800002527642836,95.3125,100.0,0.08000036109183373,-0.8008901216462844,0.0,0.08,0.0800002527642836,0.0800002527642836,0
134,10,0.29899755120277405,0.317899518928177,0.0,0.07999999999999996,92.578125,100.0,0.07999999999999996,-0.061299969246782375,0.0,0.08,0.07999999999999996,0.07999999999999996,0
135,1,0.33196505904197693,0.31513087784163374,0.05204168017221504,0.16501825178018045,83.33333333333333,91.66666666666667,0.18361178362692693,0.05204168017221504,0.05204168017221504,0.12163334413777203,0.16501825178018045,0.16501825178018045,0
135,13,0.7774096131324768,0.31513087784163374,0.7,0.618406366354424,82.6086956521739,100.0,0.6091519519348916,0.9029793274729401,0.7,0.6399999999999999,0.618406366354424,0.618406366354424,0
135,3,0.3582805395126343,0.31513087784163374,0.12832826787779256,0.2344925182863117,88.2051282051282,99.48717948717949,0.25670533427948783,0.12832826787779256,0.12832826787779256,0.18266261430223407,0.2344925182863117,0.2344925182863117,0
135,0,0.7055394053459167,0.31513087784163374,0.7,0.3880942346305457,83.33333333333333,100.0,0.2801346209007797,0.8059745689212482,0.7,0.6399999999999999,0.3880942346305457,0.3880942346305457,0
135,10,0.29644957184791565,0.31513087784163374,0.0,0.07999999999999996,94.53125,100.0,0.07999999999999996,-0.061110909859125116,0.0,0.08,0.07999999999999996,0.07999999999999996,0
135,14,0.20866352319717407,0.31513087784163374,0.0,0.08002594710346064,93.93939393939394,100.0,0.08003706729065807,-0.4122650037876588,0.0,0.08,0.08002594710346064,0.08002594710346064,0
135,19,0.24438822269439697,0.31513087784163374,0.0,0.0805223166858795,85.546875,100.0,0.08074616669411358,-0.2542299910732345,0.0,0.08,0.0805223166858795,0.0805223166858795,0
135,15,1.6214596033096313,0.31513087784163374,0.7,0.6393026450606103,85.71428571428571,100.0,0.6390037786580148,1.6380939489635007,0.7,0.6399999999999999,0.6393026450606103,0.6393026450606103,0
135,12,0.3938177824020386,0.31513087784163374,0.22290027701993106,0.28301592048915153,86.71875,100.0,0.2935997914348115,0.22290027701993106,0.22290027701993106,0.25832022161594487,0.28301592048915153,0.28301592048915153,0
135,4,0.2820087671279907,0.31513087784163374,0.0,0.1027479146613218,94.4954128440367,100.0,0.11249702094474545,-0.11104987445883839,0.0,0.08,0.1027479146613218,0.1027479146613218,0
135,11,1.0352048873901367,0.31513087784163374,0.7,0.6399999999999997,58.203125,100.0,0.6399999999999997,1.1893665851192432,0.7,0.6399999999999999,0.6399999999999997,0.6399999999999997,0
135,2,0.2064194679260254,0.31513087784163374,0.0,0.09523213498881866,86.15384615384616,100.0,0.10176019284116952,-0.4230776705284424,0.0,0.08,0.09523213498881866,0.09523213498881866,0
135,8,1.164840817451477,0.31513087784163374,0.7,0.6399999999999997,54.296875,100.0,0.6399999999999997,1.3073516583882856,0.7,0.6399999999999999,0.6399999999999997,0.6399999999999997,0
135,5,0.3251098394393921,0.31513087784163374,0.031175054016305503,0.13331360014588758,91.796875,100.0,0.14547369597424895,0.031175054016305503,0.031175054016305503,0.1049400432130444,0.13331360014588758,0.13331360014588758,0
135,17,0.17151524126529694,0.31513087784163374,0.0,0.07999999999999996,96.875,100.0,0.07999999999999996,-0.6083158781672364,0.0,0.08,0.07999999999999996,0.07999999999999996,0
135,7,0.7951086759567261,0.31513087784163374,0.7,0.6372172177636348,69.53125,100.0,0.6360245968051926,0.9254907477254298,0.7,0.6399999999999999,0.6372172177636348,0.6372172177636348,0
135,6,0.19962117075920105,0.31513087784163374,0.0,0.08000017693499852,93.75,100.0,0.0800002527642836,-0.45656659520441817,0.0,0.08,0.08000017693499852,0.08000017693499852,0
135,16,0.2812792956829071,0.31513087784163374,0.0,0.1569313357139987,88.18181818181819,100.0,0.18990190816285532,-0.1136399234058689,0.0,0.08,0.1569313357139987,0.1569313357139987,0
135,9,0.2243248075246811,0.31513087784163374,0.0,0.07999999999999996,94.140625,100.0,0.07999999999999996,-0.33989298973788773,0.0,0.08,0.07999999999999996,0.07999999999999996,0
135,18,0.20793850719928741,0.31513087784163374,0.0,0.07999999999999996,91.015625,100.0,0.07999999999999996,-0.4157456238621086,0.0,0.08,0.07999999999999996,0.07999999999999996,0
136,11,1.0394905805587769,0.3146957606218358,0.7,0.6399999999999997,56.25,100.0,0.6399999999999997,1.194879690782311,0.7,0.6399999999999999,0.6399999999999997,0.6399999999999997,0
136,15,0.9070634841918945,0.3146957606218358,0.7,0.6395118515424272,85.71428571428571,92.85714285714286,0.6393026450606103,1.058606087703362,0.7,0.6399999999999999,0.6395118515424272,0.6395118515424272,0
136,18,0.19317561388015747,0.3146957606218358,0.0,0.07999999999999996,94.921875,100.0,0.07999999999999996,-0.48800662115757504,0.0,0.08,0.07999999999999996,0.07999999999999996,0
136,13,0.9184173345565796,0.3146957606218358,0.7,0.6248844564480968,69.56521739130434,100.0,0.618406366354424,1.0710455464271447,0.7,0.6399999999999999,0.6248844564480968,0.6248844564480968,0
136,3,0.3275536894798279,0.3146957606218358,0.04004564492810092,0.1977557175831624,85.12820512820512,100.0,0.2344925182863117,0.04004564492810092,0.04004564492810092,0.11203651594248074,0.1977557175831624,0.1977557175831624,0
136,14,0.202841654419899,0.3146957606218358,0.0,0.08001816297242245,86.86868686868686,100.0,0.08002594710346064,-0.43918066810987144,0.0,0.08,0.08001816297242245,0.08001816297242245,0
136,0,0.17332954704761505,0.3146957606218358,0.0,0.295665964241382,100.0,100.0,0.3880942346305457,-0.5964116281769994,0.0,0.08,0.295665964241382,0.295665964241382,0
136,5,0.48284342885017395,0.3146957606218358,0.4280860933561998,0.22006018250760925,90.234375,100.0,0.13331360014588758,0.4280860933561998,0.4280860933561998,0.42246887468495986,0.22006018250760925,0.22006018250760925,0
136,10,0.2795296013355255,0.3146957606218358,0.0,0.07999999999999996,93.75,100.0,0.07999999999999996,-0.11849813364442163,0.0,0.08,0.07999999999999996,0.07999999999999996,0
136,4,0.27899596095085144,0.3146957606218358,0.0,0.09592354026292527,85.3211009174312,100.0,0.1027479146613218,-0.12040902390256138,0.0,0.08,0.09592354026292527,0.09592354026292527,0
136,16,0.40943196415901184,0.3146957606218358,0.2631644056406981,0.19701139235356663,89.0909090909091,100.0,0.1569313357139987,0.2631644056406981,0.2631644056406981,0.2905315245125585,0.19701139235356663,0.19701139235356663,0
136,19,0.32755810022354126,0.3146957606218358,0.04005911054923044,0.08997980821193095,88.28125,100.0,0.0805223166858795,0.04005911054923044,0.04005911054923044,0.11204728843938436,0.08997980821193095,0.08997980821193095,0
136,6,0.2587728500366211,0.3146957606218358,0.0,0.08000012385449895,94.921875,100.0,0.08000017693499852,-0.19565567593853478,0.0,0.08,0.08000012385449895,0.08000012385449895,0
136,7,0.5698601603507996,0.3146957606218358,0.5937846509765914,0.6125603686689263,75.390625,100.0,0.6372172177636348,0.5937846509765914,0.5937846509765914,0.5550277207812732,0.6125603686689263,0.6125603686689263,0
136,8,1.0818843841552734,0.3146957606218358,0.7,0.6399999999999997,55.46875,100.0,0.6399999999999997,1.2348532445263858,0.7,0.6399999999999999,0.6399999999999997,0.6399999999999997,0
136,1,0.1987425833940506,0.3146957606218358,0.0,0.13951277624612632,100.0,100.0,0.16501825178018045,-0.4595958776851144,0.0,0.08,0.13951277624612632,0.13951277624612632,0
136,12,0.399507611989975,0.3146957606218358,0.23862647926451822,0.2793814993658904,86.328125,100.0,0.28301592048915153,0.23862647926451822,0.23862647926451822,0.27090118341161457,0.2793814993658904,0.2793814993658904,0
136,17,0.11709679663181305,0.3146957606218358,0.0,0.07999999999999996,96.875,100.0,0.07999999999999996,-0.9886053647885747,0.0,0.08,0.07999999999999996,0.07999999999999996,0
136,9,0.2395167052745819,0.3146957606218358,0.0,0.07999999999999996,93.75,99.609375,0.07999999999999996,-0.2729831577894717,0.0,0.08,0.07999999999999996,0.07999999999999996,0
136,2,0.3839535713195801,0.3146957606218358,0.19891529871737174,0.13840216618434226,95.38461538461539,100.0,0.09523213498881866,0.19891529871737174,0.19891529871737174,0.2391322389738974,0.13840216618434226,0.13840216618434226,0
137,4,0.3103007674217224,0.31598177404482064,0.0,0.09114647818404767,90.8256880733945,99.08256880733946,0.09592354026292527,-0.018142489658932486,0.0,0.08,0.09114647818404767,0.09114647818404767,0
137,17,0.07092051953077316,0.31598177404482064,0.0,0.07999999999999996,95.703125,100.0,0.07999999999999996,-1.4941246187264694,0.0,0.08,0.07999999999999996,0.07999999999999996,0
137,3,0.379799485206604,0.31598177404482064,0.18395890277653276,0.20657913897458152,90.76923076923077,99.48717948717949,0.1977557175831624,0.18395890277653276,0.18395890277653276,0.2271671222212262,0.20657913897458152,0.20657913897458152,0
137,5,0.3455824851989746,0.31598177404482064,0.08954681868362471,0.1995333642393964,92.96875,100.0,0.22006018250760925,0.08954681868362471,0.08954681868362471,0.15163745494689979,0.1995333642393964,0.1995333642393964,0
137,13,0.584374725818634,0.31598177404482064,0.6148578814702168,0.6089850110665197,71.73913043478261,100.0,0.6248844564480968,0.6148578814702168,0.6148578814702168,0.5718863051761734,0.6089850110665197,0.6089850110665197,0
137,2,0.32801514863967896,0.31598177404482064,0.03737525618355371,0.12985157781309248,84.61538461538461,100.0,0.13840216618434226,0.03737525618355371,0.03737525618355371,0.10990020494684297,0.12985157781309248,0.12985157781309248,0
137,11,1.0512982606887817,0.31598177404482064,0.7,0.6399999999999997,51.953125,100.0,0.6399999999999997,1.202096561156375,0.7,0.6399999999999999,0.6399999999999997,0.6399999999999997,0
137,18,0.17066869139671326,0.31598177404482064,0.0,0.07999999999999996,92.578125,99.609375,0.07999999999999996,-0.6159603079508723,0.0,0.08,0.07999999999999996,0.07999999999999996,0
137,9,0.16133300960063934,0.31598177404482064,0.0,0.07999999999999996,94.53125,100.0,0.07999999999999996,-0.6722138930750728,0.0,0.08,0.07999999999999996,0.07999999999999996,0
137,7,0.6885495781898499,0.31598177404482064,0.7,0.6207922580682483,70.3125,100.0,0.6125603686689263,0.7789027725922423,0.7,0.6399999999999999,0.6207922580682483,0.6207922580682483,0
137,14,0.2557447552680969,0.31598177404482064,0.0,0.08001271408069571,96.96969696969697,100.0,0.08001816297242245,-0.21150463003524134,0.0,0.08,0.08001271408069571,0.08001271408069571,0
137,1,0.23346030712127686,0.31598177404482064,0.0,0.12165894337228841,100.0,100.0,0.13951277624612632,-0.3026724519201786,0.0,0.08,0.12165894337228841,0.12165894337228841,0
137,10,0.25128859281539917,0.31598177404482064,0.0,0.07999999999999996,93.359375,100.0,0.07999999999999996,-0.22908247587980152,0.0,0.08,0.07999999999999996,0.07999999999999996,0
137,15,0.6898550391197205,0.31598177404482064,0.7,0.6396582960796989,57.142857142857146,92.85714285714286,0.6395118515424272,0.7807969352856231,0.7,0.6399999999999999,0.6396582960796989,0.6396582960796989,0
137,0,0.8253634572029114,0.31598177404482064,0.7,0.39896617496896736,83.33333333333333,100.0,0.295665964241382,0.9601392891228322,0.7,0.6399999999999999,0.39896617496896736,0.39896617496896736,0
137,16,0.3951103091239929,0.31598177404482064,0.22348044833116454,0.2155432822469761,90.0,100.0,0.19701139235356663,0.22348044833116454,0.22348044833116454,0.25878435866493166,0.2155432822469761,0.2155432822469761,0
137,6,0.2513294219970703,0.31598177404482064,0.0,0.08000008669814926,96.09375,100.0,0.08000012385449895,-0.2289200098362732,0.0,0.08,0.08000008669814926,0.08000008669814926,0
137,19,0.31068840622901917,0.31598177404482064,0.0,0.08698586574835165,90.234375,100.0,0.08997980821193095,-0.016894033609747255,0.0,0.08,0.08698586574835165,0.08698586574835165,0
137,12,0.3173520863056183,0.31598177404482064,0.004327304891257765,0.22060560273002514,83.203125,100.0,0.2793814993658904,0.004327304891257765,0.004327304891257765,0.08346184391300622,0.22060560273002514,0.22060560273002514,0
137,8,1.0860337018966675,0.31598177404482064,0.7,0.6399999999999997,55.859375,100.0,0.6399999999999997,1.2346029757766366,0.7,0.6399999999999999,0.6399999999999997,0.6399999999999997,0
138,10,0.20997254550457,0.3166519583876034,0.0,0.07999999999999996,90.234375,100.0,0.07999999999999996,-0.410826445127582,0.0,0.08,0.07999999999999996,0.07999999999999996,0
138,15,1.3130005598068237,0.3166519583876034,0.7,0.6397608072557892,57.142857142857146,100.0,0.6396582960796989,1.422267029044767,0.7,0.6399999999999999,0.6397608072557892,0.6397608072557892,0
138,19,0.22259952127933502,0.3166519583876034,0.0,0.08489010602384615,89.84375,100.0,0.08698586574835165,-0.35242894605528124,0.0,0.08,0.08489010602384615,0.08489010602384615,0
138,16,0.3999629318714142,0.3166519583876034,0.23356861826353045,0.23093676595613058,85.9090909090909,100.0,0.2155432822469761,0.23356861826353045,0.23356861826353045,0.2668548946108244,0.23093676595613058,0.23093676595613058,0
138,6,0.22047436237335205,0.3166519583876034,0.0,0.08000006068870448,94.140625,100.0,0.08000008669814926,-0.3620218161630626,0.0,0.08,0.08000006068870448,0.08000006068870448,0
138,7,0.7315295934677124,0.3166519583876034,0.7,0.6265545806477738,72.265625,100.0,0.6207922580682483,0.8373344099490748,0.7,0.6399999999999999,0.6265545806477738,0.6265545806477738,0
138,1,0.4028916358947754,0.3166519583876034,0.2408643778164013,0.1669687110365382,83.33333333333333,100.0,0.12165894337228841,0.2408643778164013,0.2408643778164013,0.27269150225312105,0.1669687110365382,0.1669687110365382,0
138,5,0.25300633907318115,0.3166519583876034,0.0,0.16367335496757748,88.671875,100.0,0.1995333642393964,-0.2243886956675883,0.0,0.08,0.16367335496757748,0.16367335496757748,0
138,3,0.34645694494247437,0.3166519583876034,0.08995530352160959,0.19019467012739336,86.15384615384616,100.0,0.20657913897458152,0.08995530352160959,0.08995530352160959,0.15196424281728768,0.19019467012739336,0.19019467012739336,0
138,17,0.06364402174949646,0.3166519583876034,0.0,0.07999999999999996,96.484375,100.0,0.07999999999999996,-1.6044977253248633,0.0,0.08,0.07999999999999996,0.07999999999999996,0
138,12,0.41196686029434204,0.3166519583876034,0.26313965497823466,0.2415774391057939,82.8125,100.0,0.22060560273002514,0.26313965497823466,0.26313965497823466,0.29051172398258773,0.2415774391057939,0.2415774391057939,0
138,8,1.2382526397705078,0.3166519583876034,0.7,0.6399999999999997,53.515625,100.0,0.6399999999999997,1.363653232166678,0.7,0.6399999999999999,0.6399999999999997,0.6399999999999997,0
138,14,0.18549473583698273,0.3166519583876034,0.0,0.08000889985648699,88.88888888888889,100.0,0.08001271408069571,-0.5347767219137298,0.0,0.08,0.08000889985648699,0.08000889985648699,0
138,2,0.25619423389434814,0.3166519583876034,0.0,0.11489610446916473,89.23076923076923,100.0,0.12985157781309248,-0.21186735725607753,0.0,0.08,0.11489610446916473,0.11489610446916473,0
138,13,0.5298304557800293,0.3166519583876034,0.5147538002570823,0.5738304198082635,80.43478260869566,100.0,0.6089850110665197,0.5147538002570823,0.5147538002570823,0.49180304020566584,0.5738304198082635,0.5738304198082635,0
138,0,0.8309701085090637,0.3166519583876034,0.7,0.4712763224782771,83.33333333333333,100.0,0.39896617496896736,0.9647905565049353,0.7,0.6399999999999999,0.4712763224782771,0.4712763224782771,0
138,18,0.19420234858989716,0.3166519583876034,0.0,0.07999999999999996,96.09375,99.609375,0.07999999999999996,-0.4889025782885718,0.0,0.08,0.07999999999999996,0.07999999999999996,0
138,9,0.19373159110546112,0.3166519583876034,0.0,0.07999999999999996,92.1875,100.0,0.07999999999999996,-0.49132957754319706,0.0,0.08,0.07999999999999996,0.07999999999999996,0
138,4,0.4244210720062256,0.3166519583876034,0.29292280112465985,0.1581040069987517,88.9908256880734,100.0,0.09114647818404767,0.29292280112465985,0.29292280112465985,0.3143382408997279,0.1581040069987517,0.1581040069987517,0
138,11,0.9830487370491028,0.3166519583876034,0.7,0.6399999999999997,58.203125,100.0,0.6399999999999997,1.1328554297669458,0.7,0.6399999999999999,0.6399999999999997,0.6399999999999997,0
139,19,0.3569357097148895,0.3223077563895375,0.10204882344359849,0.10791479184315594,89.84375,100.0,0.08489010602384615,0.10204882344359849,0.10204882344359849,0.1616390587548788,0.10791479184315594,0.10791479184315594,0
139,11,0.8589239120483398,0.3223077563895375,0.7,0.6399999999999997,58.203125,100.0,0.6399999999999997,0.980173467041372,0.7,0.6399999999999999,0.6399999999999997,0.6399999999999997,0
139,3,0.3239423632621765,0.3223077563895375,0.005058754368558493,0.15835037013762937,91.7948717948718,100.0,0.19019467012739336,0.005058754368558493,0.005058754368558493,0.0840470034948468,0.15835037013762937,0.15835037013762937,0
139,10,0.23796556890010834,0.3223077563895375,0.0,0.07999999999999996,95.3125,100.0,0.07999999999999996,-0.30338084856090203,0.0,0.08,0.07999999999999996,0.07999999999999996,0
139,9,0.22567465901374817,0.3223077563895375,0.0,0.07999999999999996,90.234375,99.609375,0.07999999999999996,-0.35641244076974216,0.0,0.08,0.07999999999999996,0.07999999999999996,0
139,16,0.2661481201648712,0.3223077563895375,0.0,0.1856557361692914,88.63636363636364,99.54545454545455,0.23093676595613058,-0.1914538512023667,0.0,0.08,0.1856557361692914,0.1856557361692914,0
139,7,0.9154974818229675,0.3223077563895375,0.7,0.6305882064534416,69.921875,100.0,0.6265545806477738,1.0439607391279935,0.7,0.6399999999999999,0.6305882064534416,0.6305882064534416,0
139,12,0.44487258791923523,0.3223077563895375,0.3222810590619497,0.2704516615489237,84.765625,100.0,0.2415774391057939,0.3222810590619497,0.3222810590619497,0.3378248472495598,0.2704516615489237,0.2704516615489237,0
139,2,0.1733667254447937,0.3223077563895375,0.0,0.10442727312841532,90.76923076923077,100.0,0.11489610446916473,-0.6200976764713947,0.0,0.08,0.10442727312841532,0.10442727312841532,0
139,15,1.2077093124389648,0.3223077563895375,0.7,0.6398325650790524,78.57142857142857,92.85714285714286,0.6397608072557892,1.32097383711652,0.7,0.6399999999999999,0.6398325650790524,0.6398325650790524,0
139,0,0.025928841903805733,0.3223077563895375,0.0,0.353893425734794,100.0,100.0,0.4712763224782771,-2.5201505634850734,0.0,0.08,0.353893425734794,0.353893425734794,0
139,8,1.2817072868347168,0.3223077563895375,0.7,0.6399999999999997,47.265625,100.0,0.6399999999999997,1.3804414085077314,0.7,0.6399999999999999,0.6399999999999997,0.6399999999999997,0
139,13,0.6026716828346252,0.3223077563895375,0.6258657068268705,0.5758890635042333,65.21739130434783,97.82608695652173,0.5738304198082635,0.6258657068268705,0.6258657068268705,0.5806925654614964,0.5758890635042333,0.5758890635042333,0
139,4,0.40954288840293884,0.3223077563895375,0.2395347705082949,0.19216114982111696,90.8256880733945,99.08256880733946,0.1581040069987517,0.2395347705082949,0.2395347705082949,0.2716278164066359,0.19216114982111696,0.19216114982111696,0
139,6,0.1865271031856537,0.3223077563895375,0.0,0.08000004248209314,91.796875,100.0,0.08000006068870448,-0.5469302777739137,0.0,0.08,0.08000004248209314,0.08000004248209314,0
139,17,0.07069721817970276,0.3223077563895375,0.0,0.07999999999999996,97.265625,100.0,0.07999999999999996,-1.5171005185478788,0.0,0.08,0.07999999999999996,0.07999999999999996,0
139,5,0.2568682134151459,0.3223077563895375,0.0,0.13857134847730423,89.84375,100.0,0.16367335496757748,-0.22694368126592157,0.0,0.08,0.13857134847730423,0.13857134847730423,0
139,1,0.15998141467571259,0.3223077563895375,0.0,0.14087809772557675,91.66666666666667,100.0,0.1669687110365382,-0.700449172585433,0.0,0.08,0.14087809772557675,0.14087809772557675,0
139,14,0.21200355887413025,0.3223077563895375,0.0,0.08000622989954088,92.92929292929293,100.0,0.08000889985648699,-0.41890377646057514,0.0,0.08,0.08000622989954088,0.08000622989954088,0
139,18,0.18410468101501465,0.3223077563895375,0.0,0.07999999999999996,94.140625,99.609375,0.07999999999999996,-0.5600023165898667,0.0,0.08,0.07999999999999996,0.07999999999999996,0
140,3,0.3670286536216736,0.3162277974295846,0.1489770840723907,0.17059975927371432,83.58974358974359,100.0,0.15835037013762937,0.1489770840723907,0.1489770840723907,0.19918166725791256,0.17059975927371432,0.17059975927371432,0
140,17,0.12183180451393127,0.3162277974295846,0.0,0.07999999999999996,95.703125,100.0,0.07999999999999996,-0.9538213393696129,0.0,0.08,0.07999999999999996,0.07999999999999996,0
140,6,0.27086612582206726,0.3162277974295846,0.0,0.0800000297374652,91.40625,100.0,0.08000004248209314,-0.15483812836050462,0.0,0.08,0.0800000297374652,0.0800000297374652,0
140,12,0.371606707572937,0.3162277974295846,0.16137322076244207,0.2520457360672327,88.671875,100.0,0.2704516615489237,0.16137322076244207,0.16137322076244207,0.20909857660995368,0.2520457360672327,0.2520457360672327,0
140,13,0.6634799838066101,0.3162277974295846,0.7,0.5951223444529633,73.91304347826087,100.0,0.5758890635042333,0.7410358373594279,0.7,0.6399999999999999,0.5951223444529633,0.5951223444529633,0
140,19,0.24331310391426086,0.3162277974295846,0.0,0.09954035429020916,89.453125,100.0,0.10791479184315594,-0.26211371492487606,0.0,0.08,0.09954035429020916,0.09954035429020916,0
140,10,0.22764930129051208,0.3162277974295846,0.0,0.07999999999999996,91.796875,100.0,0.07999999999999996,-0.32865652696724373,0.0,0.08,0.07999999999999996,0.07999999999999996,0
140,4,0.2674175798892975,0.3162277974295846,0.0,0.15851280487478187,88.9908256880734,99.08256880733946,0.19216114982111696,-0.1676514197527515,0.0,0.08,0.15851280487478187,0.15851280487478187,0
140,7,0.8150954842567444,0.3162277974295846,0.7,0.6334117445174091,72.265625,100.0,0.6305882064534416,0.9468424138003547,0.7,0.6399999999999999,0.6334117445174091,0.6334117445174091,0
140,15,0.8088106513023376,0.3162277974295846,0.7,0.6398827955553367,64.28571428571429,100.0,0.6398325650790524,0.9391019858056676,0.7,0.6399999999999999,0.6398827955553367,0.6398827955553367,0
140,0,0.692593514919281,0.3162277974295846,0.7,0.43972539801435573,100.0,100.0,0.353893425734794,0.783980419533872,0.7,0.6399999999999999,0.43972539801435573,0.43972539801435573,0
140,11,1.1289424896240234,0.3162277974295846,0.7,0.6399999999999997,58.59375,100.0,0.6399999999999997,1.2725737690493684,0.7,0.6399999999999999,0.6399999999999997,0.6399999999999997,0
140,16,0.41413015127182007,0.3162277974295846,0.2697174601758258,0.21869120576070217,89.54545454545455,100.0,0.1856557361692914,0.2697174601758258,0.2697174601758258,0.29577396814066065,0.21869120576070217,0.21869120576070217,0
140,18,0.2084096521139145,0.3162277974295846,0.0,0.07999999999999996,94.53125,100.0,0.07999999999999996,-0.41695719132871245,0.0,0.08,0.07999999999999996,0.07999999999999996,0
140,9,0.22855117917060852,0.3162277974295846,0.0,0.07999999999999996,91.40625,100.0,0.07999999999999996,-0.3247026555702884,0.0,0.08,0.07999999999999996,0.07999999999999996,0
140,8,1.1983520984649658,0.3162277974295846,0.7,0.6399999999999997,50.78125,100.0,0.6399999999999997,1.3322397856243176,0.7,0.6399999999999999,0.6399999999999997,0.6399999999999997,0
140,1,0.5698587894439697,0.3162277974295846,0.5889257464234142,0.26395684754952314,79.16666666666667,100.0,0.14087809772557675,0.5889257464234142,0.5889257464234142,0.5511405971387314,0.26395684754952314,0.26395684754952314,0
140,2,0.2586861848831177,0.3162277974295846,0.0,0.09709909118989071,92.3076923076923,100.0,0.10442727312841532,-0.2008471390960999,0.0,0.08,0.09709909118989071,0.09709909118989071,0
140,14,0.34216663241386414,0.3162277974295846,0.07883501346708134,0.09892476416177814,86.86868686868686,100.0,0.08000622989954088,0.07883501346708134,0.07883501346708134,0.14306801077366507,0.09892476416177814,0.09892476416177814,0
140,5,0.262504518032074,0.3162277974295846,0.0,0.12099994393411295,92.578125,100.0,0.13857134847730423,-0.18619453191480825,0.0,0.08,0.12099994393411295,0.12099994393411295,0
141,6,0.18972137570381165,0.32006478198840305,0.0,0.08000002081622563,89.84375,100.0,0.0800000297374652,-0.5229668453378759,0.0,0.08,0.08000002081622563,0.08000002081622563,0
141,9,0.2472972273826599,0.32006478198840305,0.0,0.07999999999999996,90.625,100.0,0.07999999999999996,-0.2579324469146982,0.0,0.08,0.07999999999999996,0.07999999999999996,0
141,16,0.3097023367881775,0.32006478198840305,0.0,0.1770838440324915,87.27272727272727,100.0,0.21869120576070217,-0.032911785694173835,0.0,0.08,0.1770838440324915,0.1770838440324915,0
141,14,0.29534727334976196,0.32006478198840305,0.0,0.09324733491324469,92.92929292929293,100.0,0.09892476416177814,-0.08037155462219335,0.0,0.08,0.09324733491324469,0.09324733491324469,0
141,8,1.3179696798324585,0.32006478198840305,0.7,0.6399999999999997,50.0,100.0,0.6399999999999997,1.415324267443556,0.7,0.6399999999999999,0.6399999999999997,0.6399999999999997,0
141,5,0.2577195465564728,0.32006478198840305,0.0,0.10869996075387905,92.96875,100.0,0.12099994393411295,-0.2166514466340048,0.0,0.08,0.10869996075387905,0.10869996075387905,0
141,10,0.22381308674812317,0.32006478198840305,0.0,0.07999999999999996,93.359375,100.0,0.07999999999999996,-0.35771213622120046,0.0,0.08,0.07999999999999996,0.07999999999999996,0
141,13,0.9116512537002563,0.32006478198840305,0.7,0.6085856411170742,73.91304347826087,100.0,0.5951223444529633,1.0467340803902285,0.7,0.6399999999999999,0.6085856411170742,0.6085856411170742,0
141,19,0.3084336519241333,0.32006478198840305,0.0,0.09367824800314642,90.625,100.0,0.09954035429020916,-0.037016664321563954,0.0,0.08,0.09367824800314642,0.09367824800314642,0
141,1,0.5361340045928955,0.32006478198840305,0.515860706782513,0.3325763629124693,95.83333333333333,95.83333333333333,0.26395684754952314,0.515860706782513,0.515860706782513,0.4926885654260104,0.3325763629124693,0.3325763629124693,0
141,15,1.1674115657806396,0.32006478198840305,0.7,0.6399179568887357,71.42857142857143,92.85714285714286,0.6398827955553367,1.2940207983231478,0.7,0.6399999999999999,0.6399179568887357,0.6399179568887357,0
141,17,0.14380468428134918,0.32006478198840305,0.0,0.07999999999999996,97.65625,100.0,0.07999999999999996,-0.800067360992476,0.0,0.08,0.07999999999999996,0.07999999999999996,0
141,2,0.2576389014720917,0.32006478198840305,0.0,0.0919693638329235,86.15384615384616,100.0,0.09709909118989071,-0.2169644135882409,0.0,0.08,0.0919693638329235,0.0919693638329235,0
141,12,0.28023576736450195,0.32006478198840305,0.0,0.20043201524706286,85.546875,100.0,0.2520457360672327,-0.13289213941223332,0.0,0.08,0.20043201524706286,0.20043201524706286,0
141,11,1.1000516414642334,0.32006478198840305,0.7,0.6399999999999997,55.859375,100.0,0.6399999999999997,1.2345889632984022,0.7,0.6399999999999999,0.6399999999999997,0.6399999999999997,0
141,4,0.3672628104686737,0.32006478198840305,0.13755427355934527,0.16797198906659017,90.8256880733945,100.0,0.15851280487478187,0.13755427355934527,0.13755427355934527,0.19004341884747622,0.16797198906659017,0.16797198906659017,0
141,0,0.14722122251987457,0.32006478198840305,0.0,0.331807778610049,83.33333333333333,100.0,0.43972539801435573,-0.776587011707248,0.0,0.08,0.331807778610049,0.331807778610049,0
141,7,0.8125147819519043,0.32006478198840305,0.7,0.6353882211621863,66.40625,100.0,0.6334117445174091,0.931610669255199,0.7,0.6399999999999999,0.6353882211621863,0.6353882211621863,0
141,18,0.17473463714122772,0.32006478198840305,0.0,0.07999999999999996,93.75,100.0,0.07999999999999996,-0.6052549291382125,0.0,0.08,0.07999999999999996,0.07999999999999996,0
141,3,0.3283698558807373,0.32006478198840305,0.02561716269390234,0.14956795053813657,92.82051282051282,100.0,0.17059975927371432,0.02561716269390234,0.02561716269390234,0.10049373015512188,0.14956795053813657,0.14956795053813657,0
142,1,0.026671884581446648,0.31824735005325755,0.0,0.2568034540387285,87.5,100.0,0.3325763629124693,-2.4792185686098187,0.0,0.08,0.2568034540387285,0.2568034540387285,0
142,9,0.2661541998386383,0.31824735005325755,0.0,0.07999999999999996,94.140625,100.0,0.07999999999999996,-0.1787530651701263,0.0,0.08,0.07999999999999996,0.07999999999999996,0
142,12,0.40759778022766113,0.31824735005325755,0.24745193770490206,0.22369087572212049,86.328125,100.0,0.20043201524706286,0.24745193770490206,0.24745193770490206,0.27796155016392166,0.22369087572212049,0.22369087572212049,0
142,15,1.01595938205719,0.31824735005325755,0.7,0.639942569822115,64.28571428571429,100.0,0.6399179568887357,1.160759716686843,0.7,0.6399999999999999,0.639942569822115,0.639942569822115,0
142,16,0.3252939283847809,0.31824735005325755,0.021900257177308646,0.1532147525452981,92.72727272727273,100.0,0.1770838440324915,0.021900257177308646,0.021900257177308646,0.09752020574184692,0.1532147525452981,0.1532147525452981,0
142,17,0.0659005343914032,0.31824735005325755,0.0,0.07999999999999996,95.703125,100.0,0.07999999999999996,-1.5746822398597708,0.0,0.08,0.07999999999999996,0.07999999999999996,0
142,6,0.2316770851612091,0.31824735005325755,0.0,0.08000001457135794,91.015625,100.0,0.08000002081622563,-0.31748437123728684,0.0,0.08,0.08000001457135794,0.08000001457135794,0
142,19,0.20533543825149536,0.31824735005325755,0.0,0.08957477360220248,88.671875,100.0,0.09367824800314642,-0.4381839674666967,0.0,0.08,0.08957477360220248,0.08957477360220248,0
142,3,0.38758164644241333,0.31824735005325755,0.19709761069155832,0.1760009919426696,89.23076923076923,100.0,0.14956795053813657,0.19709761069155832,0.19709761069155832,0.23767808855324668,0.1760009919426696,0.1760009919426696,0
142,10,0.2260970175266266,0.31824735005325755,0.0,0.07999999999999996,89.84375,100.0,0.07999999999999996,-0.34186470972758926,0.0,0.08,0.07999999999999996,0.07999999999999996,0
142,18,0.22221072018146515,0.31824735005325755,0.0,0.07999999999999996,91.015625,100.0,0.07999999999999996,-0.35920277551994506,0.0,0.08,0.07999999999999996,0.07999999999999996,0
142,0,0.24224640429019928,0.31824735005325755,0.0,0.2562654450270343,100.0,100.0,0.331807778610049,-0.272873493235491,0.0,0.08,0.2562654450270343,0.2562654450270343,0
142,11,1.0118370056152344,0.31824735005325755,0.7,0.6399999999999997,59.765625,100.0,0.6399999999999997,1.1566938429084037,0.7,0.6399999999999999,0.6399999999999997,0.6399999999999997,0
142,2,0.2653871178627014,0.31824735005325755,0.0,0.08837855468304645,92.3076923076923,100.0,0.0919693638329235,-0.18163932237739278,0.0,0.08,0.08837855468304645,0.08837855468304645,0
142,13,0.6317937970161438,0.31824735005325755,0.6857341439877391,0.6145861433390094,73.91304347826087,100.0,0.6085856411170742,0.6857341439877391,0.6857341439877391,0.6285873151901913,0.6145861433390094,0.6145861433390094,0
142,8,1.1429857015609741,0.31824735005325755,0.7,0.6399999999999997,49.609375,100.0,0.6399999999999997,1.2785702206899532,0.7,0.6399999999999999,0.6399999999999997,0.6399999999999997,0
142,14,0.3204168379306793,0.31824735005325755,0.006793855659840749,0.09090365979763307,94.94949494949495,100.0,0.09324733491324469,0.006793855659840749,0.006793855659840749,0.0854350845278726,0.09090365979763307,0.09090365979763307,0
142,5,0.2512827217578888,0.31824735005325755,0.0,0.10008997252771534,87.890625,100.0,0.10869996075387905,-0.2362502156637384,0.0,0.08,0.10008997252771534,0.10008997252771534,0
142,7,0.7276883125305176,0.31824735005325755,0.7,0.6367717548135303,70.703125,100.0,0.6353882211621863,0.8270438859262368,0.7,0.6399999999999999,0.6367717548135303,0.6367717548135303,0
142,4,0.28013449907302856,0.31824735005325755,0.0,0.1415803923466131,94.4954128440367,100.0,0.16797198906659017,-0.12755906483951424,0.0,0.08,0.1415803923466131,0.1415803923466131,0
143,16,0.4317030608654022,0.31373704999351515,0.3191827694138186,0.20785419144102513,91.36363636363636,100.0,0.1532147525452981,0.3191827694138186,0.3191827694138186,0.3353462155310549,0.20785419144102513,0.20785419144102513,0
143,18,0.2059110552072525,0.31373704999351515,0.0,0.07999999999999996,92.578125,99.609375,0.07999999999999996,-0.42111089327112877,0.0,0.08,0.07999999999999996,0.07999999999999996,0
143,13,0.5694804191589355,0.31373704999351515,0.5961691707962489,0.5972909013284062,80.43478260869566,100.0,0.6145861433390094,0.5961691707962489,0.5961691707962489,0.5569353366369991,0.5972909013284062,0.5972909013284062,0
143,8,1.1449010372161865,0.31373704999351515,0.7,0.6399999999999997,53.515625,100.0,0.6399999999999997,1.294518244061604,0.7,0.6399999999999999,0.6399999999999997,0.6399999999999997,0
143,2,0.317277729511261,0.31373704999351515,0.011222293612894433,0.08855833874522717,90.76923076923077,100.0,0.08837855468304645,0.011222293612894433,0.011222293612894433,0.08897783489031555,0.08855833874522717,0.08855833874522717,0
143,11,0.8671345710754395,0.31373704999351515,0.7,0.6399999999999997,54.296875,100.0,0.6399999999999997,1.0166389443412,0.7,0.6399999999999999,0.6399999999999997,0.6399999999999997,0
143,19,0.31197184324264526,0.31373704999351515,0.0,0.08670234152154174,88.671875,100.0,0.08957477360220248,-0.005642276772841168,0.0,0.08,0.08670234152154174,0.08670234152154174,0
143,17,0.0587739422917366,0.31373704999351515,0.0,0.07999999999999996,96.875,100.0,0.07999999999999996,-1.6748564780263844,0.0,0.08,0.07999999999999996,0.07999999999999996,0
143,15,0.9113181233406067,0.31373704999351515,0.7,0.6399597988754804,57.142857142857146,92.85714285714286,0.639942569822115,1.0663368030789393,0.7,0.6399999999999999,0.6399597988754804,0.6399597988754804,0
143,4,0.27704155445098877,0.31373704999351515,0.0,0.12310627464262916,92.66055045871559,100.0,0.1415803923466131,-0.1243876994466462,0.0,0.08,0.12310627464262916,0.12310627464262916,0
143,1,0.11564460396766663,0.31373704999351515,0.0,0.20376241782710994,100.0,100.0,0.2568034540387285,-0.9980334307856481,0.0,0.08,0.20376241782710994,0.20376241782710994,0
143,0,0.08416654914617538,0.31373704999351515,0.0,0.203385811518924,100.0,100.0,0.2562654450270343,-1.3157575639716133,0.0,0.08,0.203385811518924,0.203385811518924,0
143,3,0.4130702018737793,0.31373704999351515,0.2750623365019765,0.21321565512034307,87.17948717948718,99.48717948717949,0.1760009919426696,0.2750623365019765,0.2750623365019765,0.3000498692015812,0.21321565512034307,0.21321565512034307,0
143,5,0.26509734988212585,0.31373704999351515,0.0,0.09406298076940073,91.015625,100.0,0.10008997252771534,-0.1684580922523937,0.0,0.08,0.09406298076940073,0.09406298076940073,0
143,9,0.11226386576890945,0.31373704999351515,0.0,0.07999999999999996,94.53125,100.0,0.07999999999999996,-1.0277031126964529,0.0,0.08,0.07999999999999996,0.07999999999999996,0
143,7,0.8260365724563599,0.31373704999351515,0.7,0.6377402283694712,69.53125,100.0,0.6367717548135303,0.9680838146814318,0.7,0.6399999999999999,0.6377402283694712,0.6377402283694712,0
143,10,0.20685362815856934,0.31373704999351515,0.0,0.07999999999999996,94.921875,100.0,0.07999999999999996,-0.4165437654036988,0.0,0.08,0.07999999999999996,0.07999999999999996,0
143,6,0.2675955295562744,0.31373704999351515,0.0,0.08000001019995055,91.796875,100.0,0.08000001457135794,-0.1590785867565971,0.0,0.08,0.08000001019995055,0.08000001019995055,0
143,12,0.3293134272098541,0.31373704999351515,0.048454747377478506,0.19221275237607915,86.71875,100.0,0.22369087572212049,0.048454747377478506,0.048454747377478506,0.11876379790198281,0.19221275237607915,0.19221275237607915,0
143,14,0.1866830438375473,0.31373704999351515,0.0,0.08763256185834314,94.94949494949495,100.0,0.09090365979763307,-0.5191429669235788,0.0,0.08,0.08763256185834314,0.08763256185834314,0
144,0,0.07833417505025864,0.31181401487884536,0.0,0.16637006806324678,100.0,100.0,0.203385811518924,-1.3814228375814561,0.0,0.08,0.16637006806324678,0.16637006806324678,0
144,16,0.4290171265602112,0.31181401487884536,0.3190899275115999,0.24607951661150157,89.54545454545455,100.0,0.20785419144102513,0.3190899275115999,0.3190899275115999,0.33527194200927996,0.24607951661150157,0.24607951661150157,0
144,2,0.3403840661048889,0.31181401487884536,0.08766767967419806,0.10703108024346655,95.38461538461539,100.0,0.08855833874522717,0.08766767967419806,0.08766767967419806,0.15013414373935846,0.10703108024346655,0.10703108024346655,0
144,19,0.2212446630001068,0.31181401487884536,0.0,0.08469163906507922,90.234375,100.0,0.08670234152154174,-0.3431377292179082,0.0,0.08,0.08469163906507922,0.08469163906507922,0
144,11,0.8905240893363953,0.31181401487884536,0.7,0.6399999999999997,63.28125,100.0,0.6399999999999997,1.049403229085405,0.7,0.6399999999999999,0.6399999999999997,0.6399999999999997,0
144,5,0.2953290045261383,0.31181401487884536,0.0,0.0898440865385805,91.40625,100.0,0.09406298076940073,-0.05431689765103345,0.0,0.08,0.0898440865385805,0.0898440865385805,0
144,9,0.2084602415561676,0.31181401487884536,0.0,0.07999999999999996,94.140625,99.609375,0.07999999999999996,-0.4026585529340627,0.0,0.08,0.07999999999999996,0.07999999999999996,0
144,17,0.13904936611652374,0.31181401487884536,0.0,0.07999999999999996,95.703125,100.0,0.07999999999999996,-0.8075778420669032,0.0,0.08,0.07999999999999996,0.07999999999999996,0
144,4,0.35962995886802673,0.31181401487884536,0.14266870259953018,0.14441488087372764,84.40366972477064,100.0,0.12310627464262916,0.14266870259953018,0.14266870259953018,0.19413496207962416,0.14441488087372764,0.14441488087372764,0
144,15,0.7279295325279236,0.31181401487884536,0.7,0.6399718592128362,92.85714285714286,100.0,0.6399597988754804,0.8477973252906995,0.7,0.6399999999999999,0.6399718592128362,0.6399718592128362,0
144,10,0.269531786441803,0.31181401487884536,0.0,0.07999999999999996,92.578125,100.0,0.07999999999999996,-0.14572056950435752,0.0,0.08,0.07999999999999996,0.07999999999999996,0
144,14,0.19666290283203125,0.31181401487884536,0.0,0.0853427933008402,93.93939393939394,100.0,0.08763256185834314,-0.4609157752256855,0.0,0.08,0.0853427933008402,0.0853427933008402,0
144,3,0.4402400851249695,0.31181401487884536,0.3449133128463134,0.2560301536673554,90.76923076923077,100.0,0.21321565512034307,0.3449133128463134,0.3449133128463134,0.35593065027705073,0.2560301536673554,0.2560301536673554,0
144,18,0.16038689017295837,0.31181401487884536,0.0,0.07999999999999996,92.96875,100.0,0.07999999999999996,-0.6648179136278095,0.0,0.08,0.07999999999999996,0.07999999999999996,0
144,6,0.2097328007221222,0.31181401487884536,0.0,0.08000000713996538,95.703125,100.0,0.08000001019995055,-0.3965725452565029,0.0,0.08,0.08000000713996538,0.08000000713996538,0
144,12,0.27896106243133545,0.31181401487884536,0.0,0.1585489266632554,85.9375,100.0,0.19221275237607915,-0.1113346892293347,0.0,0.08,0.1585489266632554,0.1585489266632554,0
144,1,0.3374806344509125,0.31181401487884536,0.07910122291252923,0.18561798597798396,87.5,100.0,0.20376241782710994,0.07910122291252923,0.07910122291252923,0.1432809783300234,0.18561798597798396,0.18561798597798396,0
144,7,0.7075290679931641,0.31181401487884536,0.7,0.6384181598586298,73.828125,100.0,0.6377402283694712,0.819371792329387,0.7,0.6399999999999999,0.6384181598586298,0.6384181598586298,0
144,13,0.5182276964187622,0.31181401487884536,0.5080077973697124,0.5640255022986154,80.43478260869566,100.0,0.5972909013284062,0.5080077973697124,0.5080077973697124,0.4864062378957699,0.5640255022986154,0.5640255022986154,0
144,8,1.0537693500518799,0.31181401487884536,0.7,0.6399999999999997,59.765625,100.0,0.6399999999999997,1.2177219456953468,0.7,0.6399999999999999,0.6399999999999997,0.6399999999999997,0
145,4,0.32287633419036865,0.3122730953398134,0.033391272046041955,0.13310432190265942,88.07339449541284,100.0,0.14441488087372764,0.033391272046041955,0.033391272046041955,0.10671301763683357,0.13310432190265942,0.13310432190265942,0
145,2,0.28217586874961853,0.3122730953398134,0.0,0.09892175617042659,96.92307692307692,100.0,0.10703108024346655,-0.10134758251485897,0.0,0.08,0.09892175617042659,0.09892175617042659,0
145,6,0.24460814893245697,0.3122730953398134,0.0,0.08000000499797577,94.140625,100.0,0.08000000713996538,-0.24422056363148975,0.0,0.08,0.08000000499797577,0.08000000499797577,0
145,7,0.8153311610221863,0.3122730953398134,0.7,0.6388927119010408,69.140625,100.0,0.6384181598586298,0.9597162329651383,0.7,0.6399999999999999,0.6388927119010408,0.6388927119010408,0
145,9,0.22413912415504456,0.3122730953398134,0.0,0.07999999999999996,94.140625,100.0,0.07999999999999996,-0.3316111489010191,0.0,0.08,0.07999999999999996,0.07999999999999996,0
145,0,0.7098127007484436,0.3122730953398134,0.7,0.30845904764427273,100.0,100.0,0.16637006806324678,0.8211230050064959,0.7,0.6399999999999999,0.30845904764427273,0.30845904764427273,0
145,11,1.054832100868225,0.3122730953398134,0.7,0.6399999999999997,54.6875,100.0,0.6399999999999997,1.217258754076268,0.7,0.6399999999999999,0.6399999999999997,0.6399999999999997,0
145,16,0.3375987708568573,0.3122730953398134,0.07798000895676281,0.21497086377767416,87.72727272727273,100.0,0.24607951661150157,0.07798000895676281,0.07798000895676281,0.14238400716541025,0.21497086377767416,0.21497086377767416,0
145,13,0.9812496304512024,0.3122730953398134,0.7,0.5868178516090307,73.91304347826087,100.0,0.5640255022986154,1.1449487601248667,0.7,0.6399999999999999,0.5868178516090307,0.5868178516090307,0
145,14,0.2229640632867813,0.3122730953398134,0.0,0.08373995531058814,93.93939393939394,100.0,0.0853427933008402,-0.3368674904087322,0.0,0.08,0.08373995531058814,0.08373995531058814,0
145,15,0.3934382498264313,0.3122730953398134,0.23104601293493326,0.5274313445533693,50.0,92.85714285714286,0.6399718592128362,0.23104601293493326,0.23104601293493326,0.26483681034794665,0.5274313445533693,0.5274313445533693,0
145,5,0.3194863200187683,0.3122730953398134,0.02283634480597341,0.09237158333043997,91.40625,100.0,0.0898440865385805,0.02283634480597341,0.02283634480597341,0.09826907584477873,0.09237158333043997,0.09237158333043997,0
145,8,1.1546204090118408,0.3122730953398134,0.7,0.6399999999999997,49.21875,100.0,0.6399999999999997,1.3076487848407083,0.7,0.6399999999999999,0.6399999999999997,0.6399999999999997,0
145,18,0.18562842905521393,0.3122730953398134,0.0,0.07999999999999996,95.703125,100.0,0.07999999999999996,-0.5201311062704088,0.0,0.08,0.07999999999999996,0.07999999999999996,0
145,19,0.2681056559085846,0.3122730953398134,0.0,0.08328414734555545,88.28125,100.0,0.08469163906507922,-0.15249696396964033,0.0,0.08,0.08328414734555545,0.08328414734555545,0
145,1,0.2640879452228546,0.3122730953398134,0.0,0.15393259018458877,95.83333333333333,100.0,0.18561798597798396,-0.1675959311699865,0.0,0.08,0.15393259018458877,0.15393259018458877,0
145,3,0.3246176540851593,0.3122730953398134,0.03876992905462565,0.21252589054025892,90.25641025641026,100.0,0.2560301536673554,0.03876992905462565,0.03876992905462565,0.11101594324370052,0.21252589054025892,0.21252589054025892,0
145,12,0.39159756898880005,0.3122730953398134,0.22635658572720938,0.189309829238809,90.625,100.0,0.1585489266632554,0.22635658572720938,0.22635658572720938,0.2610852685817675,0.189309829238809,0.189309829238809,0
145,10,0.219289630651474,0.3122730953398134,0.0,0.07999999999999996,90.625,100.0,0.07999999999999996,-0.35348472649581886,0.0,0.08,0.07999999999999996,0.07999999999999996,0
145,17,0.042182017117738724,0.3122730953398134,0.0,0.07999999999999996,96.09375,100.0,0.07999999999999996,-2.0018839099146555,0.0,0.08,0.07999999999999996,0.07999999999999996,0
146,13,0.3798731565475464,0.3131639185162889,0.19311063804415468,0.48111904925691856,76.08695652173913,100.0,0.5868178516090307,0.19311063804415468,0.19311063804415468,0.23448851043532376,0.48111904925691856,0.48111904925691856,0
146,11,0.9696057438850403,0.3131639185162889,0.7,0.6399999999999997,61.71875,100.0,0.6399999999999997,1.1301627628661937,0.7,0.6399999999999999,0.6399999999999997,0.6399999999999997,0
146,14,0.15173785388469696,0.3131639185162889,0.0,0.0826179687174117,88.88888888888889,100.0,0.08373995531058814,-0.7245723343778192,0.0,0.08,0.0826179687174117,0.0826179687174117,0
146,12,0.34378764033317566,0.3131639185162889,0.09329738450634172,0.17890825274868832,89.453125,100.0,0.189309829238809,0.09329738450634172,0.09329738450634172,0.15463790760507337,0.17890825274868832,0.17890825274868832,0
146,4,0.3471536934375763,0.3131639185162889,0.10304084454294198,0.14190282802216767,81.65137614678899,99.08256880733946,0.13310432190265942,0.10304084454294198,0.10304084454294198,0.1624326756343536,0.14190282802216767,0.14190282802216767,0
146,7,0.7473438382148743,0.3131639185162889,0.7,0.6392248983307285,74.21875,100.0,0.6388927119010408,0.8697985980146438,0.7,0.6399999999999999,0.6392248983307285,0.6392248983307285,0
146,17,0.10273025929927826,0.3131639185162889,0.0,0.07999999999999996,94.921875,100.0,0.07999999999999996,-1.114619978066085,0.0,0.08,0.07999999999999996,0.07999999999999996,0
146,0,0.5217410922050476,0.3131639185162889,0.5104447053415628,0.362428062632966,83.33333333333333,100.0,0.30845904764427273,0.5104447053415628,0.5104447053415628,0.4883557642732503,0.362428062632966,0.362428062632966,0
146,9,0.22226370871067047,0.3131639185162889,0.0,0.07999999999999996,94.140625,100.0,0.07999999999999996,-0.3428621877474052,0.0,0.08,0.07999999999999996,0.07999999999999996,0
146,6,0.1194114238023758,0.3131639185162889,0.0,0.08000000349858304,92.96875,100.0,0.08000000499797577,-0.9641518298559568,0.0,0.08,0.08000000349858304,0.08000000349858304,0
146,8,1.193147897720337,0.3131639185162889,0.7,0.6399999999999997,53.515625,100.0,0.6399999999999997,1.3376236073426784,0.7,0.6399999999999999,0.6399999999999997,0.6399999999999997,0
146,2,0.20066118240356445,0.3131639185162889,0.0,0.0932452293192986,90.76923076923077,100.0,0.09892175617042659,-0.44510891083093806,0.0,0.08,0.0932452293192986,0.0932452293192986,0
146,5,0.29371052980422974,0.3131639185162889,0.0,0.08866010833130797,89.84375,100.0,0.09237158333043997,-0.06413206286503118,0.0,0.08,0.08866010833130797,0.08866010833130797,0
146,1,0.502269446849823,0.3131639185162889,0.4724099555985387,0.2451312024728614,87.5,100.0,0.15393259018458877,0.4724099555985387,0.4724099555985387,0.457927964478831,0.2451312024728614,0.2451312024728614,0
146,3,0.42439305782318115,0.3131639185162889,0.3039332858236659,0.24571211197586107,87.6923076923077,98.97435897435898,0.21252589054025892,0.3039332858236659,0.3039332858236659,0.32314662865893273,0.24571211197586107,0.24571211197586107,0
146,19,0.24603047966957092,0.3131639185162889,0.0,0.08229890314188881,89.84375,100.0,0.08328414734555545,-0.24127131672018265,0.0,0.08,0.08229890314188881,0.08229890314188881,0
146,16,0.40059956908226013,0.3131639185162889,0.24623558579426869,0.2335761452349964,87.27272727272727,99.54545454545455,0.21497086377767416,0.24623558579426869,0.24623558579426869,0.276988468635415,0.2335761452349964,0.2335761452349964,0
146,15,0.9558700323104858,0.3131639185162889,0.7,0.5612019411873584,64.28571428571429,92.85714285714286,0.5274313445533693,1.1158951780864643,0.7,0.6399999999999999,0.5612019411873584,0.5612019411873584,0
146,18,0.22372561693191528,0.3131639185162889,0.0,0.07999999999999996,94.140625,100.0,0.07999999999999996,-0.33630636541018194,0.0,0.08,0.07999999999999996,0.07999999999999996,0
146,10,0.2773117125034332,0.3131639185162889,0.0,0.07999999999999996,94.53125,100.0,0.07999999999999996,-0.12158456126723789,0.0,0.08,0.07999999999999996,0.07999999999999996,0
147,16,0.30805104970932007,0.3163945933531976,0.0,0.18750330166449747,90.0,100.0,0.2335761452349964,-0.026724631831325982,0.0,0.08,0.18750330166449747,0.18750330166449747,0
147,0,0.7393161654472351,0.3163945933531976,0.7,0.44569964384307614,83.33333333333333,100.0,0.362428062632966,0.8487354923907084,0.7,0.6399999999999999,0.44569964384307614,0.44569964384307614,0
147,6,0.27872225642204285,0.3163945933531976,0.0,0.08000000244900812,90.625,100.0,0.08000000349858304,-0.1267743541739563,0.0,0.08,0.08000000244900812,0.08000000244900812,0
147,1,0.3035467565059662,0.3163945933531976,0.0,0.19559184173100297,83.33333333333333,100.0,0.2451312024728614,-0.041454490084189145,0.0,0.08,0.19559184173100297,0.19559184173100297,0
147,2,0.09044630080461502,0.3163945933531976,0.0,0.08927166052350902,90.76923076923077,100.0,0.0932452293192986,-1.252233755456939,0.0,0.08,0.08927166052350902,0.08927166052350902,0
147,14,0.3849542737007141,0.3163945933531976,0.1961344042604783,0.12890483512470297,91.91919191919192,100.0,0.0826179687174117,0.1961344042604783,0.1961344042604783,0.23690752340838267,0.12890483512470297,0.12890483512470297,0
147,9,0.20877011120319366,0.3163945933531976,0.0,0.07999999999999996,95.703125,100.0,0.07999999999999996,-0.4157564312590348,0.0,0.08,0.07999999999999996,0.07999999999999996,0
147,11,0.8584409356117249,0.3163945933531976,0.7,0.6399999999999997,61.71875,100.0,0.6399999999999997,0.9981277107571325,0.7,0.6399999999999999,0.6399999999999997,0.6399999999999997,0
147,12,0.32281172275543213,0.3163945933531976,0.020079103219048197,0.1540547616966534,89.84375,100.0,0.17890825274868832,0.020079103219048197,0.020079103219048197,0.09606328257523856,0.1540547616966534,0.1540547616966534,0
147,10,0.2406797856092453,0.3163945933531976,0.0,0.07999999999999996,95.703125,100.0,0.07999999999999996,-0.2735227782124387,0.0,0.08,0.07999999999999996,0.07999999999999996,0
147,5,0.26447373628616333,0.3163945933531976,0.0,0.08606207583191558,91.015625,100.0,0.08866010833130797,-0.17924819086755375,0.0,0.08,0.08606207583191558,0.08606207583191558,0
147,7,0.797173798084259,0.3163945933531976,0.7,0.6394574288315099,65.625,100.0,0.6392248983307285,0.9240825535699125,0.7,0.6399999999999999,0.6394574288315099,0.6394574288315099,0
147,8,1.0777455568313599,0.3163945933531976,0.7,0.6399999999999997,50.78125,100.0,0.6399999999999997,1.2256365209213025,0.7,0.6399999999999999,0.6399999999999997,0.6399999999999997,0
147,15,0.8796485662460327,0.3163945933531976,0.7,0.5848413588311508,71.42857142857143,100.0,0.5612019411873584,1.0225323031955564,0.7,0.6399999999999999,0.5848413588311508,0.5848413588311508,0
147,3,0.45562997460365295,0.3163945933531976,0.36469086350605767,0.28352428562455656,88.71794871794872,98.97435897435898,0.24571211197586107,0.36469086350605767,0.36469086350605767,0.3717526908048462,0.28352428562455656,0.28352428562455656,0
147,19,0.2752717137336731,0.3163945933531976,0.0,0.08160923219932217,92.578125,100.0,0.08229890314188881,-0.13923148320732595,0.0,0.08,0.08160923219932217,0.08160923219932217,0
147,4,0.32639437913894653,0.3163945933531976,0.03111625346195467,0.13079988044638646,90.8256880733945,100.0,0.14190282802216767,0.03111625346195467,0.03111625346195467,0.10489300276956373,0.13079988044638646,0.13079988044638646,0
147,18,0.19406448304653168,0.3163945933531976,0.0,0.07999999999999996,94.140625,99.609375,0.07999999999999996,-0.48879963714009783,0.0,0.08,0.07999999999999996,0.07999999999999996,0
147,17,0.08479306101799011,0.3163945933531976,0.0,0.07999999999999996,98.046875,100.0,0.07999999999999996,-1.3167763495762879,0.0,0.08,0.07999999999999996,0.07999999999999996,0
147,13,0.4012072682380676,0.3163945933531976,0.23748801775267195,0.41778045874048425,69.56521739130434,100.0,0.48111904925691856,0.23748801775267195,0.23748801775267195,0.2699904142021376,0.41778045874048425,0.41778045874048425,0
148,16,0.38476723432540894,0.31629827264111543,0.19595289050237824,0.20228100488571898,89.54545454545455,100.0,0.18750330166449747,0.19595289050237824,0.19595289050237824,0.2367623124019026,0.20228100488571898,0.20228100488571898,0
148,12,0.24958132207393646,0.31629827264111543,0.0,0.13183833318765736,88.28125,100.0,0.1540547616966534,-0.23690085844364975,0.0,0.08,0.13183833318765736,0.13183833318765736,0
148,13,0.7817097306251526,0.31629827264111543,0.7,0.48444632111833896,71.73913043478261,100.0,0.41778045874048425,0.9047977951999494,0.7,0.6399999999999999,0.48444632111833896,0.48444632111833896,0
148,4,0.2917490303516388,0.31629827264111543,0.0,0.1155599163124705,88.07339449541284,100.0,0.13079988044638646,-0.08079171889336338,0.0,0.08,0.1155599163124705,0.1155599163124705,0
148,3,0.41261738538742065,0.31629827264111543,0.2658350593924292,0.2862674141913726,89.74358974358974,100.0,0.28352428562455656,0.2658350593924292,0.2658350593924292,0.2926680475139434,0.2862674141913726,0.2862674141913726,0
148,1,0.7271978259086609,0.31629827264111543,0.7,0.32891428921170207,95.83333333333333,100.0,0.19559184173100297,0.8325128661641961,0.7,0.6399999999999999,0.32891428921170207,0.32891428921170207,0
148,8,1.0449507236480713,0.31629827264111543,0.7,0.6399999999999997,53.515625,100.0,0.6399999999999997,1.1950393176817158,0.7,0.6399999999999999,0.6399999999999997,0.6399999999999997,0
148,15,0.6141827702522278,0.31629827264111543,0.6636068707826985,0.5926546001696532,64.28571428571429,100.0,0.5848413588311508,0.6636068707826985,0.6636068707826985,0.6108854966261588,0.5926546001696532,0.5926546001696532,0
148,0,0.3004929721355438,0.31629827264111543,0.0,0.3359897506901533,66.66666666666667,100.0,0.44569964384307614,-0.05126130102716396,0.0,0.08,0.3359897506901533,0.3359897506901533,0
148,14,0.2100275456905365,0.31629827264111543,0.0,0.11423338458729207,85.85858585858585,100.0,0.12890483512470297,-0.40944696108828227,0.0,0.08,0.11423338458729207,0.11423338458729207,0
148,9,0.16201940178871155,0.31629827264111543,0.0,0.07999999999999996,92.1875,100.0,0.07999999999999996,-0.6689695468613778,0.0,0.08,0.07999999999999996,0.07999999999999996,0
148,11,0.9201682806015015,0.31629827264111543,0.7,0.6399999999999997,56.25,100.0,0.6399999999999997,1.0678708771098155,0.7,0.6399999999999999,0.6399999999999997,0.6399999999999997,0
148,7,0.6424477100372314,0.31629827264111543,0.7,0.6396202001820569,68.359375,100.0,0.6394574288315099,0.708599743095371,0.7,0.6399999999999999,0.6396202001820569,0.6396202001820569,0
148,10,0.27366819977760315,0.31629827264111543,0.0,0.07999999999999996,92.1875,100.0,0.07999999999999996,-0.14476924135162783,0.0,0.08,0.07999999999999996,0.07999999999999996,0
148,17,0.09979435801506042,0.31629827264111543,0.0,0.07999999999999996,95.3125,100.0,0.07999999999999996,-1.1535739517612542,0.0,0.08,0.07999999999999996,0.07999999999999996,0
148,19,0.2573918104171753,0.31629827264111543,0.0,0.08112646253952552,88.28125,100.0,0.08160923219932217,-0.2060861838254091,0.0,0.08,0.08112646253952552,0.08112646253952552,0
148,2,0.12291508913040161,0.31629827264111543,0.0,0.0864901623664563,95.38461538461539,100.0,0.08927166052350902,-0.9451918347042704,0.0,0.08,0.0864901623664563,0.0864901623664563,0
148,5,0.3468400537967682,0.31629827264111543,0.09217806167465163,0.1063661878842573,87.890625,100.0,0.08606207583191558,0.09217806167465163,0.09217806167465163,0.1537424493397213,0.1063661878842573,0.1063661878842573,0
148,18,0.19316346943378448,0.31629827264111543,0.0,0.07999999999999996,94.140625,100.0,0.07999999999999996,-0.49314882670727306,0.0,0.08,0.07999999999999996,0.07999999999999996,0
148,6,0.16979876160621643,0.31629827264111543,0.0,0.08000000171430569,90.625,100.0,0.08000000244900812,-0.6220716612771763,0.0,0.08,0.08000000171430569,0.08000000171430569,0
149,1,0.5240129232406616,0.31428054550136303,0.5112302899309079,0.3769352720316093,91.66666666666667,100.0,0.32891428921170207,0.5112302899309079,0.5112302899309079,0.48898423194472634,0.3769352720316093,0.3769352720316093,0
149,10,0.20500962436199188,0.31428054550136303,0.0,0.07999999999999996,94.921875,100.0,0.07999999999999996,-0.42722910092067834,0.0,0.08,0.07999999999999996,0.07999999999999996,0
149,4,0.40129679441452026,0.31428054550136303,0.24441523831495549,0.16355159861431867,93.57798165137615,98.1651376146789,0.1155599163124705,0.24441523831495549,0.24441523831495549,0.2755321906519644,0.16355159861431867,0.16355159861431867,0
149,6,0.19571413099765778,0.31428054550136303,0.0,0.08000000120001398,95.703125,100.0,0.08000000171430569,-0.47363094550397467,0.0,0.08,0.08000000120001398,0.08000000120001398,0
149,7,0.6469283103942871,0.31428054550136303,0.7,0.6397341401274398,72.65625,100.0,0.6396202001820569,0.7219494248768942,0.7,0.6399999999999999,0.6397341401274398,0.6397341401274398,0
149,11,1.0207622051239014,0.31428054550136303,0.7,0.6399999999999997,62.5,100.0,0.6399999999999997,1.1780188210980918,0.7,0.6399999999999999,0.6399999999999997,0.6399999999999997,0
149,9,0.2174236923456192,0.31428054550136303,0.0,0.07999999999999996,91.015625,100.0,0.07999999999999996,-0.3684380806695816,0.0,0.08,0.07999999999999996,0.07999999999999996,0
149,3,0.29232004284858704,0.31428054550136303,0.0,0.22438718993396078,87.17948717948718,99.48717948717949,0.2862674141913726,-0.07243680242266688,0.0,0.08,0.22438718993396078,0.22438718993396078,0
149,19,0.26075059175491333,0.31428054550136303,0.0,0.08078852377766786,91.796875,100.0,0.08112646253952552,-0.18672167417941124,0.0,0.08,0.08078852377766786,0.08078852377766786,0
149,14,0.32453015446662903,0.31428054550136303,0.032092412735265266,0.11166554826756811,90.9090909090909,100.0,0.11423338458729207,0.032092412735265266,0.032092412735265266,0.10567393018821222,0.11166554826756811,0.11166554826756811,0
149,0,0.21706344187259674,0.31428054550136303,0.0,0.2591928254831073,100.0,100.0,0.3359897506901533,-0.37009636010122454,0.0,0.08,0.2591928254831073,0.2591928254831073,0
149,12,0.31789153814315796,0.31428054550136303,0.011424205194083405,0.11902864247794018,88.671875,100.0,0.13183833318765736,0.011424205194083405,0.011424205194083405,0.08913936415526673,0.11902864247794018,0.11902864247794018,0
149,13,0.4435742497444153,0.31428054550136303,0.3445791521259846,0.4458114212930736,63.04347826086956,100.0,0.48444632111833896,0.3445791521259846,0.3445791521259846,0.35566332170078774,0.4458114212930736,0.4458114212930736,0
149,8,1.2425678968429565,0.31428054550136303,0.7,0.6399999999999997,51.5625,100.0,0.6399999999999997,1.3746493340295423,0.7,0.6399999999999999,0.6399999999999997,0.6399999999999997,0
149,16,0.43706467747688293,0.31428054550136303,0.32979513456114135,0.2447475357146772,87.72727272727273,100.0,0.20228100488571898,0.32979513456114135,0.32979513456114135,0.3438361076489131,0.2447475357146772,0.2447475357146772,0
149,5,0.3066543936729431,0.31428054550136303,0.0,0.09845633151898009,89.0625,100.0,0.1063661878842573,-0.024564683290110304,0.0,0.08,0.09845633151898009,0.09845633151898009,0
149,17,0.09432680159807205,0.31428054550136303,0.0,0.07999999999999996,96.484375,100.0,0.07999999999999996,-1.203520604260109,0.0,0.08,0.07999999999999996,0.07999999999999996,0
149,18,0.18848471343517303,0.31428054550136303,0.0,0.07999999999999996,92.578125,99.609375,0.07999999999999996,-0.511269115022839,0.0,0.08,0.07999999999999996,0.07999999999999996,0
149,2,0.26453137397766113,0.31428054550136303,0.0,0.08454311365651941,96.92307692307692,100.0,0.0864901623664563,-0.1723261776031901,0.0,0.08,0.08454311365651941,0.08454311365651941,0
149,15,0.5882073640823364,0.31428054550136303,0.6267934868909518,0.5892886569725857,85.71428571428571,100.0,0.5926546001696532,0.6267934868909518,0.6267934868909518,0.5814347895127614,0.5892886569725857,0.5892886569725857,0
150,2,0.2990219295024872,0.31407978754203175,0.0,0.08318017955956358,90.76923076923077,100.0,0.08454311365651941,-0.049130138960295534,0.0,0.08,0.08318017955956358,0.08318017955956358,0
150,13,0.524899423122406,0.31407978754203175,0.5135596023635417,0.45932229947240155,71.73913043478261,100.0,0.4458114212930736,0.5135596023635417,0.5135596023635417,0.4908476818908334,0.45932229947240155,0.45932229947240155,0
150,4,0.2589777112007141,0.31407978754203175,0.0,0.13848611903002306,89.90825688073394,100.0,0.16355159861431867,-0.19290504645190415,0.0,0.08,0.13848611903002306,0.13848611903002306,0
150,10,0.2658235728740692,0.31407978754203175,0.0,0.07999999999999996,95.703125,100.0,0.07999999999999996,-0.1668142194469966,0.0,0.08,0.07999999999999996,0.07999999999999996,0
150,15,0.822910487651825,0.31407978754203175,0.7,0.60450205988081,57.142857142857146,85.71428571428571,0.5892886569725857,0.9632003575072842,0.7,0.6399999999999999,0.60450205988081,0.60450205988081,0
150,8,1.1031371355056763,0.31407978754203175,0.7,0.6399999999999997,55.078125,100.0,0.6399999999999997,1.2562662642296079,0.7,0.6399999999999999,0.6399999999999997,0.6399999999999997,0
150,14,0.20113056898117065,0.31407978754203175,0.0,0.10216588378729768,94.94949494949495,100.0,0.11166554826756811,-0.44569274211905957,0.0,0.08,0.10216588378729768,0.10216588378729768,0
150,17,0.13666266202926636,0.31407978754203175,0.0,0.07999999999999996,96.875,100.0,0.07999999999999996,-0.8321314443726565,0.0,0.08,0.07999999999999996,0.07999999999999996,0
150,18,0.16668197512626648,0.31407978754203175,0.0,0.07999999999999996,94.921875,99.609375,0.07999999999999996,-0.6335593696334285,0.0,0.08,0.07999999999999996,0.07999999999999996,0
150,9,0.17299827933311462,0.31407978754203175,0.0,0.07999999999999996,95.3125,100.0,0.07999999999999996,-0.596365379720577,0.0,0.08,0.07999999999999996,0.07999999999999996,0
150,7,0.740603506565094,0.31407978754203175,0.7,0.6398138980892077,70.3125,100.0,0.6397341401274398,0.8578183308117121,0.7,0.6399999999999999,0.6398138980892077,0.6398138980892077,0
150,5,0.3739277124404907,0.31407978754203175,0.17441543730999645,0.1347791370176852,93.75,100.0,0.09845633151898009,0.17441543730999645,0.17441543730999645,0.2195323498479972,0.1347791370176852,0.1347791370176852,0
150,11,0.8893612027168274,0.31407978754203175,0.7,0.6399999999999997,67.96875,100.0,0.6399999999999997,1.040856380586587,0.7,0.6399999999999999,0.6399999999999997,0.6399999999999997,0
150,3,0.3441472351551056,0.31407978754203175,0.09142251811117451,0.2030124373004544,87.6923076923077,100.0,0.22438718993396078,0.09142251811117451,0.09142251811117451,0.1531380144889396,0.2030124373004544,0.2030124373004544,0
150,6,0.22707974910736084,0.31407978754203175,0.0,0.08000000084000977,91.40625,100.0,0.08000000120001398,-0.3243457684468055,0.0,0.08,0.08000000084000977,0.08000000084000977,0
150,16,0.35010969638824463,0.31407978754203175,0.10859946627124818,0.2213871469053736,90.45454545454545,100.0,0.2447475357146772,0.10859946627124818,0.10859946627124818,0.16687957301699857,0.2213871469053736,0.2213871469053736,0
150,0,0.16435550153255463,0.31407978754203175,0.0,0.20543497783817508,100.0,83.33333333333333,0.2591928254831073,-0.6476152510371378,0.0,0.08,0.20543497783817508,0.20543497783817508,0
150,12,0.26431113481521606,0.31407978754203175,0.0,0.10732004973455811,88.28125,100.0,0.11902864247794018,-0.1725200979085715,0.0,0.08,0.10732004973455811,0.10732004973455811,0
150,1,0.2259644716978073,0.31407978754203175,0.0,0.2878546904221265,91.66666666666667,100.0,0.3769352720316093,-0.32926925962948567,0.0,0.08,0.2878546904221265,0.2878546904221265,0
150,19,0.29891934990882874,0.31407978754203175,0.0,0.0805519666443675,89.0625,100.0,0.08078852377766786,-0.0494732482078614,0.0,0.08,0.0805519666443675,0.0805519666443675,0
151,3,0.4648723006248474,0.3109089549269735,0.40226261501831406,0.26265173371471345,89.74358974358974,99.48717948717949,0.2030124373004544,0.40226261501831406,0.40226261501831406,0.4018100920146513,0.26265173371471345,0.26265173371471345,0
151,10,0.1982213854789734,0.3109089549269735,0.0,0.07999999999999996,91.40625,100.0,0.07999999999999996,-0.4501155870474524,0.0,0.08,0.07999999999999996,0.07999999999999996,0
151,0,0.12751330435276031,0.3109089549269735,0.0,0.16780448448672253,100.0,100.0,0.20543497783817508,-0.8912793666099634,0.0,0.08,0.16780448448672253,0.16780448448672253,0
151,14,0.32217615842819214,0.3109089549269735,0.035598350803276634,0.10405972284389478,86.86868686868686,100.0,0.10216588378729768,0.035598350803276634,0.035598350803276634,0.10847868064262131,0.10405972284389478,0.10405972284389478,0
151,13,0.7309343814849854,0.3109089549269735,0.7,0.5135256096306811,73.91304347826087,100.0,0.45932229947240155,0.8548235519387674,0.7,0.6399999999999999,0.5135256096306811,0.5135256096306811,0
151,7,0.8082106709480286,0.3109089549269735,0.7,0.6398697286624454,69.921875,100.0,0.6398138980892077,0.9553226162283551,0.7,0.6399999999999999,0.6398697286624454,0.6398697286624454,0
151,9,0.2277791053056717,0.3109089549269735,0.0,0.07999999999999996,90.625,100.0,0.07999999999999996,-0.3111237851998829,0.0,0.08,0.07999999999999996,0.07999999999999996,0
151,12,0.34939324855804443,0.3109089549269735,0.1166979511225211,0.12713154308359573,87.5,100.0,0.10732004973455811,0.1166979511225211,0.1166979511225211,0.17335836089801687,0.12713154308359573,0.12713154308359573,0
151,19,0.24154283106327057,0.3109089549269735,0.0,0.08038637665105725,88.28125,100.0,0.0805519666443675,-0.25245329898556346,0.0,0.08,0.08038637665105725,0.08038637665105725,0
151,16,0.3532549738883972,0.3109089549269735,0.12768997808459043,0.2096165975740632,88.63636363636364,100.0,0.2213871469053736,0.12768997808459043,0.12768997808459043,0.18215198246767234,0.2096165975740632,0.2096165975740632,0
151,2,0.32201439142227173,0.3109089549269735,0.035096117405608966,0.09064919386904066,95.38461538461539,100.0,0.08318017955956358,0.035096117405608966,0.035096117405608966,0.10807689392448717,0.09064919386904066,0.09064919386904066,0
151,15,0.5276629328727722,0.3109089549269735,0.5289575620402553,0.5741012568062283,64.28571428571429,85.71428571428571,0.60450205988081,0.5289575620402553,0.5289575620402553,0.5031660496322042,0.5741012568062283,0.5741012568062283,0
151,6,0.2344174087047577,0.3109089549269735,0.0,0.08000000058800684,92.1875,100.0,0.08000000084000977,-0.28239678523032535,0.0,0.08,0.08000000058800684,0.08000000058800684,0
151,4,0.34707024693489075,0.3109089549269735,0.11002707695310723,0.14734678178976188,90.8256880733945,100.0,0.13848611903002306,0.11002707695310723,0.11002707695310723,0.1680216615624858,0.14734678178976188,0.14734678178976188,0
151,18,0.19921451807022095,0.3109089549269735,0.0,0.07999999999999996,94.921875,100.0,0.07999999999999996,-0.445117877482052,0.0,0.08,0.07999999999999996,0.07999999999999996,0
151,1,0.26335301995277405,0.3109089549269735,0.0,0.22549828329548854,87.5,95.83333333333333,0.2878546904221265,-0.1660047007677624,0.0,0.08,0.22549828329548854,0.22549828329548854,0
151,8,1.4114965200424194,0.3109089549269735,0.7,0.6399999999999997,47.265625,100.0,0.6399999999999997,1.512905637290405,0.7,0.6399999999999999,0.6399999999999997,0.6399999999999997,0
151,17,0.06667173653841019,0.3109089549269735,0.0,0.07999999999999996,97.265625,100.0,0.07999999999999996,-1.5397188789994036,0.0,0.08,0.07999999999999996,0.07999999999999996,0
151,5,0.25751420855522156,0.3109089549269735,0.0,0.11834539591237964,93.359375,100.0,0.1347791370176852,-0.18842521578302632,0.0,0.08,0.11834539591237964,0.11834539591237964,0
151,11,0.8072582483291626,0.3109089549269735,0.7,0.6399999999999997,59.375,100.0,0.6399999999999997,0.9541434877337625,0.7,0.6399999999999999,0.6399999999999997,0.6399999999999997,0
152,19,0.26946890354156494,0.3120275869267994,0.0,0.08027046365574006,91.796875,100.0,0.08038637665105725,-0.1466386005302693,0.0,0.08,0.08027046365574006,0.08027046365574006,0
152,3,0.39888161420822144,0.3120275869267994,0.24557305610257046,0.2667937470649163,87.17948717948718,100.0,0.26265173371471345,0.24557305610257046,0.24557305610257046,0.2764584448820564,0.2667937470649163,0.2667937470649163,0
152,6,0.16780149936676025,0.3120275869267994,0.0,0.0800000004116048,92.96875,100.0,0.08000000058800684,-0.6203098465593432,0.0,0.08,0.0800000004116048,0.0800000004116048,0
152,0,0.6356866955757141,0.3120275869267994,0.7,0.3094631391407057,83.33333333333333,100.0,0.16780448448672253,0.7116142050898758,0.7,0.6399999999999999,0.3094631391407057,0.3094631391407057,0
152,7,0.6887059807777405,0.3120275869267994,0.7,0.6399088100637117,73.828125,100.0,0.6398697286624454,0.7917228256018866,0.7,0.6399999999999999,0.6399088100637117,0.6399088100637117,0
152,12,0.3121870458126068,0.3120275869267994,0.0005109104330578237,0.11311469866245089,89.84375,100.0,0.12713154308359573,0.0005109104330578237,0.0005109104330578237,0.08040872834644626,0.11311469866245089,0.11311469866245089,0
152,10,0.22202511131763458,0.3120275869267994,0.0,0.07999999999999996,91.796875,100.0,0.07999999999999996,-0.34030110102760525,0.0,0.08,0.07999999999999996,0.07999999999999996,0
152,17,0.14932364225387573,0.3120275869267994,0.0,0.07999999999999996,94.921875,100.0,0.07999999999999996,-0.7369755225979968,0.0,0.08,0.07999999999999996,0.07999999999999996,0
152,9,0.18375569581985474,0.3120275869267994,0.0,0.07999999999999996,94.921875,100.0,0.07999999999999996,-0.5294844458946396,0.0,0.08,0.07999999999999996,0.07999999999999996,0
152,16,0.3456321954727173,0.3120275869267994,0.10228358413363257,0.19527967849391603,90.9090909090909,100.0,0.2096165975740632,0.10228358413363257,0.10228358413363257,0.16182686730690607,0.19527967849391603,0.19527967849391603,0
152,4,0.31840160489082336,0.3120275869267994,0.020221890264333502,0.13199600091627334,90.8256880733945,100.0,0.14734678178976188,0.020221890264333502,0.020221890264333502,0.09617751221146681,0.13199600091627334,0.13199600091627334,0
152,18,0.18969373404979706,0.3120275869267994,0.0,0.07999999999999996,90.234375,99.609375,0.07999999999999996,-0.49768073731356616,0.0,0.08,0.07999999999999996,0.07999999999999996,0
152,15,1.0923207998275757,0.3120275869267994,0.7,0.5938708797643597,71.42857142857143,100.0,0.5741012568062283,1.2529682594664622,0.7,0.6399999999999999,0.5938708797643597,0.5938708797643597,0
152,14,0.23875820636749268,0.3120275869267994,0.0,0.09684180599072634,94.94949494949495,100.0,0.10405972284389478,-0.26764024271295267,0.0,0.08,0.09684180599072634,0.09684180599072634,0
152,13,0.6290270090103149,0.3120275869267994,0.7,0.5514679267414767,82.6086956521739,100.0,0.5135256096306811,0.7010825756928533,0.7,0.6399999999999999,0.5514679267414767,0.5514679267414767,0
152,11,1.1485075950622559,0.3120275869267994,0.7,0.6399999999999997,65.234375,100.0,0.6399999999999997,1.3031270082555664,0.7,0.6399999999999999,0.6399999999999997,0.6399999999999997,0
152,8,1.0831913948059082,0.3120275869267994,0.7,0.6399999999999997,53.125,100.0,0.6399999999999997,1.244575331538275,0.7,0.6399999999999999,0.6399999999999997,0.6399999999999997,0
152,2,0.17310157418251038,0.3120275869267994,0.0,0.08745443570832845,89.23076923076923,100.0,0.09064919386904066,-0.5892130216117764,0.0,0.08,0.08745443570832845,0.08745443570832845,0
152,5,0.39115262031555176,0.3120275869267994,0.22600620709214822,0.1610832668407813,89.453125,100.0,0.11834539591237964,0.22600620709214822,0.22600620709214822,0.2608049656737186,0.1610832668407813,0.1610832668407813,0
152,1,0.4533630609512329,0.3120275869267994,0.3736016500107751,0.271513194309428,79.16666666666667,100.0,0.22549828329548854,0.3736016500107751,0.3736016500107751,0.3788813200086201,0.271513194309428,0.271513194309428,0
153,12,0.36809226870536804,0.3140265182522965,0.15885619686657262,0.14130577631169305,84.765625,100.0,0.11311469866245089,0.15885619686657262,0.15885619686657262,0.20708495749325811,0.14130577631169305,0.14130577631169305,0
153,0,0.7597072720527649,0.3140265182522965,0.7,0.408624197398494,100.0,100.0,0.3094631391407057,0.8834557366758021,0.7,0.6399999999999999,0.408624197398494,0.408624197398494,0
153,9,0.23388615250587463,0.3140265182522965,0.0,0.07999999999999996,90.625,100.0,0.07999999999999996,-0.2946429552516891,0.0,0.08,0.07999999999999996,0.07999999999999996,0
153,14,0.22532273828983307,0.3140265182522965,0.0,0.09178926419350844,89.8989898989899,100.0,0.09684180599072634,-0.33194365599315906,0.0,0.08,0.09178926419350844,0.09178926419350844,0
153,15,0.3612157702445984,0.3140265182522965,0.13999804175381253,0.4733091458559668,78.57142857142857,100.0,0.5938708797643597,0.13999804175381253,0.13999804175381253,0.19199843340305003,0.4733091458559668,0.4733091458559668,0
153,7,0.6741448044776917,0.3140265182522965,0.7,0.6399361670445981,72.65625,100.0,0.6399088100637117,0.7639674788895485,0.7,0.6399999999999999,0.6399361670445981,0.6399361670445981,0
153,8,1.241997480392456,0.3140265182522965,0.7,0.6399999999999997,51.171875,100.0,0.6399999999999997,1.3749987746538603,0.7,0.6399999999999999,0.6399999999999997,0.6399999999999997,0
153,1,0.3127085566520691,0.3140265182522965,0.0,0.21405923601659957,83.33333333333333,100.0,0.271513194309428,-0.0042058073776542245,0.0,0.08,0.21405923601659957,0.21405923601659957,0
153,13,0.7929471731185913,0.3140265182522965,0.7,0.5780275487190336,80.43478260869566,100.0,0.5514679267414767,0.9262791483114176,0.7,0.6399999999999999,0.5780275487190336,0.5780275487190336,0
153,3,0.41744837164878845,0.3140265182522965,0.2846834326583538,0.2790796467834463,91.28205128205128,99.48717948717949,0.2667937470649163,0.2846834326583538,0.2846834326583538,0.307746746126683,0.2790796467834463,0.2790796467834463,0
153,6,0.23156580328941345,0.3140265182522965,0.0,0.08000000028812335,93.359375,100.0,0.0800000004116048,-0.30461334342916485,0.0,0.08,0.08000000028812335,0.08000000028812335,0
153,19,0.2342786192893982,0.3140265182522965,0.0,0.08018932455901803,92.578125,100.0,0.08027046365574006,-0.2929663367517992,0.0,0.08,0.08018932455901803,0.08018932455901803,0
153,2,0.323149174451828,0.3140265182522965,0.02863662074126442,0.09209089397373336,92.3076923076923,100.0,0.08745443570832845,0.02863662074126442,0.02863662074126442,0.10290929659301154,0.09209089397373336,0.09209089397373336,0
153,16,0.3184811770915985,0.3140265182522965,0.014085938831818034,0.16407640026537754,90.45454545454545,100.0,0.19527967849391603,0.014085938831818034,0.014085938831818034,0.09126875106545443,0.16407640026537754,0.16407640026537754,0
153,10,0.20363301038742065,0.3140265182522965,0.0,0.07999999999999996,94.53125,100.0,0.07999999999999996,-0.43315801304393464,0.0,0.08,0.07999999999999996,0.07999999999999996,0
153,5,0.29303213953971863,0.3140265182522965,0.0,0.1367582867885469,92.96875,100.0,0.1610832668407813,-0.069195138830324,0.0,0.08,0.1367582867885469,0.1367582867885469,0
153,4,0.2925261855125427,0.3140265182522965,0.0,0.11639720064139134,90.8256880733945,100.0,0.13199600091627334,-0.0709232472497987,0.0,0.08,0.11639720064139134,0.11639720064139134,0
153,18,0.18958304822444916,0.3140265182522965,0.0,0.07999999999999996,94.53125,100.0,0.07999999999999996,-0.504650236747319,0.0,0.08,0.07999999999999996,0.07999999999999996,0
153,17,0.05973666533827782,0.3140265182522965,0.0,0.07999999999999996,96.484375,100.0,0.07999999999999996,-1.659531308168394,0.0,0.08,0.07999999999999996,0.07999999999999996,0
153,11,1.0708929300308228,0.3140265182522965,0.7,0.6399999999999997,54.296875,100.0,0.6399999999999997,1.2267706356086727,0.7,0.6399999999999999,0.6399999999999997,0.6399999999999997,0
154,1,0.2507421374320984,0.3141833531142502,0.0,0.1738414652116197,95.83333333333333,100.0,0.21405923601659957,-0.22555166440410773,0.0,0.08,0.1738414652116197,0.1738414652116197,0
154,0,0.2512269914150238,0.3141833531142502,0.0,0.3100369381789458,83.33333333333333,100.0,0.408624197398494,-0.2236198559062195,0.0,0.08,0.3100369381789458,0.3100369381789458,0
154,16,0.4695468842983246,0.3141833531142502,0.4017914005869426,0.23528341632663052,90.0,99.54545454545455,0.16407640026537754,0.4017914005869426,0.4017914005869426,0.40143312046955415,0.23528341632663052,0.23528341632663052,0
154,5,0.3727201819419861,0.3141833531142502,0.17085120805161336,0.16073509068437003,90.625,100.0,0.1367582867885469,0.17085120805161336,0.17085120805161336,0.2166809664412907,0.16073509068437003,0.16073509068437003,0
154,13,0.7154947519302368,0.3141833531142502,0.7,0.5966192841033234,69.56521739130434,100.0,0.5780275487190336,0.8229975036843407,0.7,0.6399999999999999,0.5966192841033234,0.5966192841033234,0
154,8,1.0633158683776855,0.3141833531142502,0.7,0.6399999999999997,53.515625,100.0,0.6399999999999997,1.2191707172241089,0.7,0.6399999999999999,0.6399999999999997,0.6399999999999997,0
154,6,0.18372507393360138,0.3141833531142502,0.0,0.08000000020168634,91.796875,100.0,0.08000000028812335,-0.5365362431746576,0.0,0.08,0.08000000020168634,0.08000000020168634,0
154,9,0.1596621572971344,0.3141833531142502,0.0,0.07999999999999996,94.140625,100.0,0.07999999999999996,-0.676916645854825,0.0,0.08,0.07999999999999996,0.07999999999999996,0
154,19,0.2553194463253021,0.3141833531142502,0.0,0.08013252719131261,91.796875,99.609375,0.08018932455901803,-0.20746124343302721,0.0,0.08,0.08013252719131261,0.08013252719131261,0
154,4,0.24224840104579926,0.3141833531142502,0.0,0.10547804044897394,91.74311926605505,99.08256880733946,0.11639720064139134,-0.2600130828342511,0.0,0.08,0.10547804044897394,0.10547804044897394,0
154,17,0.056403324007987976,0.3141833531142502,0.0,0.07999999999999996,97.65625,100.0,0.07999999999999996,-1.7174485040594676,0.0,0.08,0.07999999999999996,0.07999999999999996,0
154,7,0.781591534614563,0.3141833531142502,0.7,0.6399553169312187,69.53125,100.0,0.6399361670445981,0.9113555081900354,0.7,0.6399999999999999,0.6399553169312187,0.6399553169312187,0
154,14,0.2495354562997818,0.3141833531142502,0.0,0.0882524849354559,90.9090909090909,100.0,0.09178926419350844,-0.23037571984573366,0.0,0.08,0.0882524849354559,0.0882524849354559,0
154,12,0.25415852665901184,0.3141833531142502,0.0,0.12291404341818513,89.0625,100.0,0.14130577631169305,-0.21201854204664636,0.0,0.08,0.12291404341818513,0.12291404341818513,0
154,11,1.0305333137512207,0.3141833531142502,0.7,0.6399999999999997,51.171875,100.0,0.6399999999999997,1.1878549628332509,0.7,0.6399999999999999,0.6399999999999997,0.6399999999999997,0
154,10,0.25416988134384155,0.3141833531142502,0.0,0.07999999999999996,91.015625,100.0,0.07999999999999996,-0.2119738674457148,0.0,0.08,0.07999999999999996,0.07999999999999996,0
154,18,0.1492144912481308,0.3141833531142502,0.0,0.07999999999999996,91.40625,99.609375,0.07999999999999996,-0.7445918980343721,0.0,0.08,0.07999999999999996,0.07999999999999996,0
154,15,0.874579906463623,0.3141833531142502,0.7,0.5233164020991767,64.28571428571429,92.85714285714286,0.4733091458559668,1.023766901171592,0.7,0.6399999999999999,0.5233164020991767,0.5233164020991767,0
154,3,0.40928924083709717,0.3141833531142502,0.26444534641176637,0.28282263588723633,89.23076923076923,98.97435897435898,0.2790796467834463,0.26444534641176637,0.26444534641176637,0.2915562771294131,0.28282263588723633,0.28282263588723633,0
154,2,0.2430577278137207,0.3141833531142502,0.0,0.08846362578161335,92.3076923076923,100.0,0.09209089397373336,-0.25667775514430996,0.0,0.08,0.08846362578161335,0.08846362578161335,0
155,5,0.3890514373779297,0.30818143820296784,0.23302286328965746,0.1924400506685768,93.359375,100.0,0.16073509068437003,0.23302286328965746,0.23302286328965746,0.266418290631726,0.1924400506685768,0.1924400506685768,0
155,19,0.2127848118543625,0.30818143820296784,0.0,0.08009276903391882,91.015625,100.0,0.08013252719131261,-0.3704072980027399,0.0,0.08,0.08009276903391882,0.08009276903391882,0
155,9,0.19229984283447266,0.30818143820296784,0.0,0.07999999999999996,95.3125,100.0,0.07999999999999996,-0.47163283975097414,0.0,0.08,0.07999999999999996,0.07999999999999996,0
155,2,0.33355090022087097,0.30818143820296784,0.07910678098657477,0.10491016548390728,95.38461538461539,100.0,0.08846362578161335,0.07910678098657477,0.07910678098657477,0.14328542478925982,0.10491016548390728,0.10491016548390728,0
155,6,0.19005875289440155,0.30818143820296784,0.0,0.08000000014118043,94.921875,100.0,0.08000000020168634,-0.48335542431869116,0.0,0.08,0.08000000014118043,0.08000000014118043,0
155,3,0.33876490592956543,0.30818143820296784,0.09461767643485729,0.24468408746543116,89.23076923076923,98.46153846153847,0.28282263588723633,0.09461767643485729,0.09461767643485729,0.15569414114788582,0.24468408746543116,0.24468408746543116,0
155,15,1.1758941411972046,0.30818143820296784,0.7,0.5583214814694236,57.142857142857146,92.85714285714286,0.5233164020991767,1.3390953898682236,0.7,0.6399999999999999,0.5583214814694236,0.5583214814694236,0
155,13,0.6575627326965332,0.30818143820296784,0.7,0.6096334988723263,65.21739130434783,100.0,0.5966192841033234,0.7578514585994954,0.7,0.6399999999999999,0.6096334988723263,0.6096334988723263,0
155,14,0.17741291224956512,0.30818143820296784,0.0,0.08577673945481912,90.9090909090909,100.0,0.0882524849354559,-0.552208817387467,0.0,0.08,0.08577673945481912,0.08577673945481912,0
155,8,1.2660307884216309,0.30818143820296784,0.7,0.6399999999999997,50.0,100.0,0.6399999999999997,1.4129532027014147,0.7,0.6399999999999999,0.6399999999999997,0.6399999999999997,0
155,0,0.26480528712272644,0.30818143820296784,0.0,0.24102585672526203,100.0,100.0,0.3100369381789458,-0.15169389895138694,0.0,0.08,0.24102585672526203,0.24102585672526203,0
155,17,0.1130075603723526,0.30818143820296784,0.0,0.07999999999999996,98.828125,100.0,0.07999999999999996,-1.0032339161401505,0.0,0.08,0.07999999999999996,0.07999999999999996,0
155,4,0.2697290778160095,0.30818143820296784,0.0,0.09783462831428175,93.57798165137615,100.0,0.10547804044897394,-0.13327065023605375,0.0,0.08,0.09783462831428175,0.09783462831428175,0
155,11,0.9738132953643799,0.30818143820296784,0.7,0.6399999999999997,58.59375,100.0,0.6399999999999997,1.150530879945189,0.7,0.6399999999999999,0.6399999999999997,0.6399999999999997,0
155,10,0.29894858598709106,0.30818143820296784,0.0,0.07999999999999996,92.1875,100.0,0.07999999999999996,-0.030417088218888826,0.0,0.08,0.07999999999999996,0.07999999999999996,0
155,1,0.41773366928100586,0.30818143820296784,0.3041553715098615,0.21868631481050055,87.5,91.66666666666667,0.1738414652116197,0.3041553715098615,0.3041553715098615,0.3233242972078892,0.21868631481050055,0.21868631481050055,0
155,16,0.3933461010456085,0.30818143820296784,0.24400118691906422,0.24725867628921677,87.72727272727273,100.0,0.23528341632663052,0.24400118691906422,0.24400118691906422,0.27520094953525137,0.24725867628921677,0.24725867628921677,0
155,18,0.19212064146995544,0.30818143820296784,0.0,0.07999999999999996,94.140625,100.0,0.07999999999999996,-0.4725651593098484,0.0,0.08,0.07999999999999996,0.07999999999999996,0
155,12,0.31731435656547546,0.30818143820296784,0.029204248056499925,0.11704884992628956,86.328125,100.0,0.12291404341818513,0.029204248056499925,0.029204248056499925,0.10336339844519994,0.11704884992628956,0.11704884992628956,0
155,7,0.7531288266181946,0.30818143820296784,0.7,0.639968721851853,69.53125,100.0,0.6399553169312187,0.8935475838768054,0.7,0.6399999999999999,0.639968721851853,0.639968721851853,0
156,10,0.19930338859558105,0.30990655722198834,0.0,0.07999999999999996,97.265625,100.0,0.07999999999999996,-0.44144257625659244,0.0,0.08,0.07999999999999996,0.07999999999999996,0
156,6,0.17328648269176483,0.30990655722198834,0.0,0.0800000000988263,94.140625,100.0,0.08000000014118043,-0.5813246040753077,0.0,0.08,0.0800000000988263,0.0800000000988263,0
156,17,0.05620045214891434,0.30990655722198834,0.0,0.07999999999999996,97.65625,100.0,0.07999999999999996,-1.7073458758360445,0.0,0.08,0.07999999999999996,0.07999999999999996,0
156,2,0.4191729724407196,0.30990655722198834,0.30201282465311113,0.16992019375548176,90.76923076923077,100.0,0.10491016548390728,0.30201282465311113,0.30201282465311113,0.3216102597224889,0.16992019375548176,0.16992019375548176,0
156,14,0.2287183254957199,0.30990655722198834,0.0,0.08404371761837337,90.9090909090909,100.0,0.08577673945481912,-0.3037795854804603,0.0,0.08,0.08404371761837337,0.08404371761837337,0
156,3,0.3304811120033264,0.30990655722198834,0.06427868216237012,0.21070574494477062,91.28205128205128,99.48717948717949,0.24468408746543116,0.06427868216237012,0.06427868216237012,0.1314229457298961,0.21070574494477062,0.21070574494477062,0
156,0,0.07040440291166306,0.30990655722198834,0.0,0.19271809970768342,100.0,83.33333333333333,0.24102585672526203,-1.4820149113883907,0.0,0.08,0.19271809970768342,0.19271809970768342,0
156,19,0.25442904233932495,0.30990655722198834,0.0,0.08006493832374317,89.453125,100.0,0.08009276903391882,-0.1972488315994309,0.0,0.08,0.08006493832374317,0.08006493832374317,0
156,16,0.2820521593093872,0.30990655722198834,0.0,0.19708107340245173,90.9090909090909,100.0,0.24725867628921677,-0.09417880461297434,0.0,0.08,0.19708107340245173,0.19708107340245173,0
156,4,0.27443790435791016,0.30990655722198834,0.0,0.0924842398199972,90.8256880733945,100.0,0.09783462831428175,-0.12154579782701831,0.0,0.08,0.0924842398199972,0.0924842398199972,0
156,12,0.32045403122901917,0.30990655722198834,0.033468012984863627,0.11396651806476996,88.671875,100.0,0.11704884992628956,0.033468012984863627,0.033468012984863627,0.1067744103878909,0.11396651806476996,0.11396651806476996,0
156,18,0.18003790080547333,0.30990655722198834,0.0,0.07999999999999996,94.53125,100.0,0.07999999999999996,-0.543103411692345,0.0,0.08,0.07999999999999996,0.07999999999999996,0
156,9,0.2559645175933838,0.30990655722198834,0.0,0.07999999999999996,90.625,100.0,0.07999999999999996,-0.19123198520184187,0.0,0.08,0.07999999999999996,0.07999999999999996,0
156,7,0.7093754410743713,0.30990655722198834,0.7,0.6399781052962971,67.96875,100.0,0.639968721851853,0.8281140805531615,0.7,0.6399999999999999,0.6399781052962971,0.6399781052962971,0
156,1,0.3638458549976349,0.30990655722198834,0.1604594741565352,0.21559069416491883,95.83333333333333,100.0,0.21868631481050055,0.1604594741565352,0.1604594741565352,0.20836757932522815,0.21559069416491883,0.21559069416491883,0
156,15,1.5027410984039307,0.30990655722198834,0.7,0.5828250370285964,78.57142857142857,100.0,0.5583214814694236,1.5787752690265031,0.7,0.6399999999999999,0.5828250370285964,0.5828250370285964,0
156,11,0.9674363136291504,0.30990655722198834,0.7,0.6399999999999997,56.640625,100.0,0.6399999999999997,1.1383787513754537,0.7,0.6399999999999999,0.6399999999999997,0.6399999999999997,0
156,5,0.28400546312332153,0.30990655722198834,0.0,0.15870803546800374,94.53125,100.0,0.1924400506685768,-0.08727734645566645,0.0,0.08,0.15870803546800374,0.15870803546800374,0
156,8,1.0535025596618652,0.30990655722198834,0.7,0.6399999999999997,59.375,100.0,0.6399999999999997,1.2236048164155588,0.7,0.6399999999999999,0.6399999999999997,0.6399999999999997,0
156,13,0.742059051990509,0.30990655722198834,0.7,0.6187434492106284,80.43478260869566,100.0,0.6096334988723263,0.8731579823773871,0.7,0.6399999999999999,0.6187434492106284,0.6187434492106284,0
157,7,0.7150192260742188,0.30721878262142494,0.7,0.6399846737074079,73.046875,100.0,0.6399781052962971,0.8447492726320801,0.7,0.6399999999999999,0.6399846737074079,0.6399846737074079,0
157,6,0.1666160523891449,0.30721878262142494,0.0,0.0800000000691784,90.234375,100.0,0.0800000000988263,-0.6118680353149913,0.0,0.08,0.0800000000691784,0.0800000000691784,0
157,18,0.23870731890201569,0.30721878262142494,0.0,0.07999999999999996,93.359375,100.0,0.07999999999999996,-0.2523219370250682,0.0,0.08,0.07999999999999996,0.07999999999999996,0
157,12,0.37355107069015503,0.30721878262142494,0.195494584144071,0.150695262839916,85.546875,100.0,0.11396651806476996,0.195494584144071,0.195494584144071,0.2363956673152568,0.150695262839916,0.150695262839916,0
157,2,0.24557346105575562,0.30721878262142494,0.0,0.14294413562883723,92.3076923076923,100.0,0.16992019375548176,-0.22396399973555262,0.0,0.08,0.14294413562883723,0.14294413562883723,0
157,5,0.2977086305618286,0.30721878262142494,0.0,0.13509562482760262,89.0625,100.0,0.15870803546800374,-0.03144488130669776,0.0,0.08,0.13509562482760262,0.13509562482760262,0
157,13,0.4644967019557953,0.30721878262142494,0.41339430625421764,0.5563350479484521,69.56521739130434,100.0,0.6187434492106284,0.41339430625421764,0.41339430625421764,0.41071544500337415,0.5563350479484521,0.5563350479484521,0
157,16,0.3526562452316284,0.30721878262142494,0.1379336279864946,0.19506082209847492,88.18181818181819,100.0,0.19708107340245173,0.1379336279864946,0.1379336279864946,0.19034690238919572,0.19506082209847492,0.19506082209847492,0
157,8,1.1410032510757446,0.30721878262142494,0.7,0.6399999999999997,53.125,100.0,0.6399999999999997,1.312103034643319,0.7,0.6399999999999999,0.6399999999999997,0.6399999999999997,0
157,14,0.16266506910324097,0.30721878262142494,0.0,0.08283060233286135,91.91919191919192,100.0,0.08404371761837337,-0.6358668157741495,0.0,0.08,0.08283060233286135,0.08283060233286135,0
157,11,1.0450220108032227,0.30721878262142494,0.7,0.6399999999999997,58.203125,100.0,0.6399999999999997,1.2242330634155194,0.7,0.6399999999999999,0.6399999999999997,0.6399999999999997,0
157,1,0.3333810567855835,0.30721878262142494,0.08172600711824739,0.19452772762382256,95.83333333333333,95.83333333333333,0.21559069416491883,0.08172600711824739,0.08172600711824739,0.1453808056945979,0.19452772762382256,0.19452772762382256,0
157,17,0.09602067619562149,0.30721878262142494,0.0,0.07999999999999996,94.921875,100.0,0.07999999999999996,-1.1629965238408515,0.0,0.08,0.07999999999999996,0.07999999999999996,0
157,15,0.8027670979499817,0.30721878262142494,0.7,0.5999775259200175,71.42857142857143,100.0,0.5828250370285964,0.9605044711207765,0.7,0.6399999999999999,0.5999775259200175,0.5999775259200175,0
157,9,0.21517600119113922,0.30721878262142494,0.0,0.07999999999999996,95.3125,100.0,0.07999999999999996,-0.3561038233863255,0.0,0.08,0.07999999999999996,0.07999999999999996,0
157,19,0.21515440940856934,0.30721878262142494,0.0,0.08004545682662022,93.359375,100.0,0.08006493832374317,-0.35620417316897013,0.0,0.08,0.08004545682662022,0.08004545682662022,0
157,4,0.30303341150283813,0.30721878262142494,0.0,0.08873896787399804,88.07339449541284,100.0,0.0924842398199972,-0.013717071884221395,0.0,0.08,0.08873896787399804,0.08873896787399804,0
157,10,0.248366579413414,0.30721878262142494,0.0,0.07999999999999996,91.40625,100.0,0.07999999999999996,-0.2126543354539868,0.0,0.08,0.07999999999999996,0.07999999999999996,0
157,3,0.30141377449035645,0.30721878262142494,0.0,0.1714940214613394,90.76923076923077,100.0,0.21070574494477062,-0.019076153281963985,0.0,0.08,0.1714940214613394,0.1714940214613394,0
157,0,0.057874489575624466,0.30721878262142494,0.0,0.15890266979537837,83.33333333333333,100.0,0.19271809970768342,-1.6692833075728002,0.0,0.08,0.15890266979537837,0.15890266979537837,0
158,10,0.20599792897701263,0.30645302461189167,0.0,0.07999999999999996,93.359375,100.0,0.07999999999999996,-0.3971983485790087,0.0,0.08,0.07999999999999996,0.07999999999999996,0
158,3,0.31003832817077637,0.30645302461189167,0.011631448998551851,0.14683736278259002,87.6923076923077,100.0,0.1714940214613394,0.011631448998551851,0.011631448998551851,0.08930515919884148,0.14683736278259002,0.14683736278259002,0
158,14,0.28559866547584534,0.30645302461189167,0.0,0.08198142163300294,91.91919191919192,100.0,0.08283060233286135,-0.07047691958752363,0.0,0.08,0.08198142163300294,0.08198142163300294,0
158,8,1.1371326446533203,0.30645302461189167,0.7,0.6399999999999997,54.6875,100.0,0.6399999999999997,1.3112006453517473,0.7,0.6399999999999999,0.6399999999999997,0.6399999999999997,0
158,18,0.1417538970708847,0.30645302461189167,0.0,0.07999999999999996,92.578125,99.609375,0.07999999999999996,-0.7709720070142779,0.0,0.08,0.07999999999999996,0.07999999999999996,0
158,4,0.38618946075439453,0.30645302461189167,0.2312635935580903,0.1416205399657403,90.8256880733945,99.08256880733946,0.08873896787399804,0.2312635935580903,0.2312635935580903,0.2650108748464723,0.1416205399657403,0.1416205399657403,0
158,9,0.21037067472934723,0.30645302461189167,0.0,0.07999999999999996,94.53125,100.0,0.07999999999999996,-0.3761933723307923,0.0,0.08,0.07999999999999996,0.07999999999999996,0
158,1,0.19722650945186615,0.30645302461189167,0.0,0.16016940933667578,87.5,100.0,0.19452772762382256,-0.4407115992466311,0.0,0.08,0.16016940933667578,0.16016940933667578,0
158,2,0.44938239455223083,0.30645302461189167,0.3828096934328324,0.21593522136406584,86.15384615384616,100.0,0.14294413562883723,0.3828096934328324,0.3828096934328324,0.38624775474626594,0.21593522136406584,0.21593522136406584,0
158,5,0.2924518287181854,0.30645302461189167,0.0,0.11856693737932184,91.796875,100.0,0.13509562482760262,-0.04676451319254266,0.0,0.08,0.11856693737932184,0.11856693737932184,0
158,7,0.8054383397102356,0.30645302461189167,0.7,0.6399892715951855,66.015625,100.0,0.6399846737074079,0.9663221506627855,0.7,0.6399999999999999,0.6399892715951855,0.6399892715951855,0
158,6,0.18803611397743225,0.30645302461189167,0.0,0.08000000004842488,95.703125,100.0,0.0800000000691784,-0.48843041916472274,0.0,0.08,0.08000000004842488,0.08000000004842488,0
158,17,0.12550592422485352,0.30645302461189167,0.0,0.07999999999999996,95.703125,100.0,0.07999999999999996,-0.89271147023844,0.0,0.08,0.07999999999999996,0.07999999999999996,0
158,12,0.3082948625087738,0.30645302461189167,0.005992190901944116,0.13092480980440777,85.9375,100.0,0.150695262839916,0.005992190901944116,0.005992190901944116,0.08479375272155529,0.13092480980440777,0.13092480980440777,0
158,16,0.30018797516822815,0.30645302461189167,0.0,0.1605425754689324,89.54545454545455,100.0,0.19506082209847492,-0.020655616711553235,0.0,0.08,0.1605425754689324,0.1605425754689324,0
158,0,0.4501121938228607,0.30645302461189167,0.38443238115985584,0.22749564033513026,100.0,100.0,0.15890266979537837,0.38443238115985584,0.38443238115985584,0.3875459049278847,0.22749564033513026,0.22749564033513026,0
158,11,1.1360212564468384,0.30645302461189167,0.7,0.6399999999999997,54.296875,100.0,0.6399999999999997,1.3102228072170554,0.7,0.6399999999999999,0.6399999999999997,0.6399999999999997,0
158,13,0.659610390663147,0.30645302461189167,0.7,0.5814345335639164,73.91304347826087,100.0,0.5563350479484521,0.7665848463455188,0.7,0.6399999999999999,0.5814345335639164,0.5814345335639164,0
158,15,0.8177174925804138,0.30645302461189167,0.7,0.6119842681440122,50.0,92.85714285714286,0.5999775259200175,0.9814524132339609,0.7,0.6399999999999999,0.6119842681440122,0.6119842681440122,0
158,19,0.3016965091228485,0.30645302461189167,0.0,0.08003181977863415,93.359375,100.0,0.08004545682662022,-0.015642903798544085,0.0,0.08,0.08003181977863415,0.08003181977863415,0
159,11,0.8096021413803101,0.3063072907322836,0.7,0.6399999999999997,57.03125,100.0,0.6399999999999997,0.9719541070779779,0.7,0.6399999999999999,0.6399999999999997,0.6399999999999997,0
159,6,0.20377492904663086,0.3063072907322836,0.0,0.0800000000338974,94.140625,100.0,0.08000000004842488,-0.4075727039294935,0.0,0.08,0.0800000000338974,0.0800000000338974,0
159,17,0.06701930612325668,0.3063072907322836,0.0,0.07999999999999996,96.875,100.0,0.07999999999999996,-1.5196079706015106,0.0,0.08,0.07999999999999996,0.07999999999999996,0
159,18,0.13161703944206238,0.3063072907322836,0.0,0.07999999999999996,94.140625,100.0,0.07999999999999996,-0.8446922832584742,0.0,0.08,0.07999999999999996,0.07999999999999996,0
159,2,0.4672223925590515,0.3063072907322836,0.4222165322582894,0.27648662269683555,95.38461538461539,100.0,0.21593522136406584,0.4222165322582894,0.4222165322582894,0.41777322580663157,0.27648662269683555,0.27648662269683555,0
159,5,0.2539580762386322,0.3063072907322836,0.0,0.10699685616552529,91.015625,100.0,0.11856693737932184,-0.18741961019547157,0.0,0.08,0.10699685616552529,0.10699685616552529,0
159,0,0.06815312057733536,0.3063072907322836,0.0,0.18324694823459117,100.0,100.0,0.22749564033513026,-1.5028317551302237,0.0,0.08,0.18324694823459117,0.18324694823459117,0
159,9,0.25244882702827454,0.3063072907322836,0.0,0.07999999999999996,93.359375,100.0,0.07999999999999996,-0.19338024623555997,0.0,0.08,0.07999999999999996,0.07999999999999996,0
159,14,0.2373484969139099,0.3063072907322836,0.0,0.08138699514310205,89.8989898989899,100.0,0.08198142163300294,-0.25505929446280823,0.0,0.08,0.08138699514310205,0.08138699514310205,0
159,7,0.651599645614624,0.3063072907322836,0.7,0.6399924901166297,75.390625,100.0,0.6399892715951855,0.7548414994160421,0.7,0.6399999999999999,0.6399924901166297,0.6399924901166297,0
159,1,0.4081127941608429,0.3063072907322836,0.28695476818774024,0.2049877309007307,91.66666666666667,100.0,0.16016940933667578,0.28695476818774024,0.28695476818774024,0.3095638145501922,0.2049877309007307,0.2049877309007307,0
159,13,0.7490766048431396,0.3063072907322836,0.7,0.5990041734947414,80.43478260869566,100.0,0.5814345335639164,0.8942524190071722,0.7,0.6399999999999999,0.5990041734947414,0.5990041734947414,0
159,12,0.31313979625701904,0.3063072907322836,0.022060907383733397,0.12094198463518145,86.71875,100.0,0.13092480980440777,0.022060907383733397,0.022060907383733397,0.09764872590698673,0.12094198463518145,0.12094198463518145,0
159,10,0.27478599548339844,0.3063072907322836,0.0,0.07999999999999996,95.3125,100.0,0.07999999999999996,-0.10859621592612642,0.0,0.08,0.07999999999999996,0.07999999999999996,0
159,4,0.29866495728492737,0.3063072907322836,0.0,0.1231343779760182,91.74311926605505,100.0,0.1416205399657403,-0.02526641439261509,0.0,0.08,0.1231343779760182,0.1231343779760182,0
159,19,0.25746381282806396,0.3063072907322836,0.0,0.0800222738450439,92.96875,100.0,0.08003181977863415,-0.17370963242702586,0.0,0.08,0.0800222738450439,0.0800222738450439,0
159,3,0.3606424629688263,0.3063072907322836,0.16329823920620037,0.1659777313573011,87.17948717948718,98.97435897435898,0.14683736278259002,0.16329823920620037,0.16329823920620037,0.21063859136496033,0.1659777313573011,0.1659777313573011,0
159,15,0.8109789490699768,0.3063072907322836,0.7,0.6203889877008085,50.0,100.0,0.6119842681440122,0.9736532605631563,0.7,0.6399999999999999,0.6203889877008085,0.6203889877008085,0
159,16,0.3918951451778412,0.3063072907322836,0.2464054939462658,0.19551712137535648,89.0909090909091,100.0,0.1605425754689324,0.2464054939462658,0.2464054939462658,0.27712439515701265,0.19551712137535648,0.19551712137535648,0
159,8,1.1207808256149292,0.3063072907322836,0.7,0.6399999999999997,51.953125,100.0,0.6399999999999997,1.29719204724294,0.7,0.6399999999999999,0.6399999999999997,0.6399999999999997,0
160,7,0.7444541454315186,0.30626679933615253,0.7,0.6399947430816407,75.0,100.0,0.6399924901166297,0.8881946245863412,0.7,0.6399999999999999,0.6399947430816407,0.6399947430816407,0
160,14,0.4087270498275757,0.30626679933615253,0.28859094990961154,0.1502327245784782,87.87878787878788,100.0,0.08138699514310205,0.28859094990961154,0.28859094990961154,0.31087275992768926,0.1502327245784782,0.1502327245784782,0
160,4,0.2804007828235626,0.30626679933615253,0.0,0.11019406458321274,92.66055045871559,99.08256880733946,0.1231343779760182,-0.08823666535100562,0.0,0.08,0.11019406458321274,0.11019406458321274,0
160,8,1.2433011531829834,0.30626679933615253,0.7,0.6399999999999997,53.515625,100.0,0.6399999999999997,1.4010687015385286,0.7,0.6399999999999999,0.6399999999999997,0.6399999999999997,0
160,0,0.5952838063240051,0.30626679933615253,0.6645816460605326,0.3117724588187416,83.33333333333333,83.33333333333333,0.18324694823459117,0.6645816460605326,0.6645816460605326,0.6116653168484261,0.3117724588187416,0.3117724588187416,0
160,16,0.34159865975379944,0.30626679933615253,0.10917991976256283,0.18706516570576462,89.54545454545455,100.0,0.19551712137535648,0.10917991976256283,0.10917991976256283,0.16734393581005028,0.18706516570576462,0.18706516570576462,0
160,3,0.3220568001270294,0.30626679933615253,0.05027131096765934,0.152249526582349,91.28205128205128,99.48717948717949,0.1659777313573011,0.05027131096765934,0.05027131096765934,0.12021704877412748,0.152249526582349,0.152249526582349,0
160,1,0.2870130240917206,0.30626679933615253,0.0,0.16749141163051146,91.66666666666667,100.0,0.2049877309007307,-0.06492901829879553,0.0,0.08,0.16749141163051146,0.16749141163051146,0
160,18,0.1644466519355774,0.30626679933615253,0.0,0.07999999999999996,93.359375,100.0,0.07999999999999996,-0.6218703739065201,0.0,0.08,0.07999999999999996,0.07999999999999996,0
160,10,0.20944106578826904,0.30626679933615253,0.0,0.07999999999999996,94.140625,100.0,0.07999999999999996,-0.3800142093339103,0.0,0.08,0.07999999999999996,0.07999999999999996,0
160,6,0.27499067783355713,0.30626679933615253,0.0,0.08000000002372817,91.015625,100.0,0.0800000000338974,-0.10771941331112124,0.0,0.08,0.08000000002372817,0.08000000002372817,0
160,2,0.12487664073705673,0.30626679933615253,0.0,0.21754063588778486,98.46153846153847,100.0,0.27648662269683555,-0.8971301919840039,0.0,0.08,0.21754063588778486,0.21754063588778486,0
160,11,0.9819966554641724,0.30626679933615253,0.7,0.6399999999999997,63.671875,100.0,0.6399999999999997,1.165131264710116,0.7,0.6399999999999999,0.6399999999999997,0.6399999999999997,0
160,13,0.6008340120315552,0.30626679933615253,0.6738620787477905,0.6050298203457887,82.6086956521739,100.0,0.5990041734947414,0.6738620787477905,0.6738620787477905,0.6190896629982323,0.6050298203457887,0.6050298203457887,0
160,17,0.05212779343128204,0.30626679933615253,0.0,0.07999999999999996,96.09375,100.0,0.07999999999999996,-1.7707581864538677,0.0,0.08,0.07999999999999996,0.07999999999999996,0
160,9,0.23709844052791595,0.30626679933615253,0.0,0.07999999999999996,90.625,100.0,0.07999999999999996,-0.25598119003038194,0.0,0.08,0.07999999999999996,0.07999999999999996,0
160,12,0.29295793175697327,0.30626679933615253,0.0,0.10865938924462701,87.109375,100.0,0.12094198463518145,-0.04442759275876368,0.0,0.08,0.10865938924462701,0.10865938924462701,0
160,19,0.2407645583152771,0.30626679933615253,0.0,0.08001559169153072,92.578125,100.0,0.0800222738450439,-0.24063708692048535,0.0,0.08,0.08001559169153072,0.08001559169153072,0
160,5,0.24348068237304688,0.30626679933615253,0.0,0.0988977993158677,92.1875,100.0,0.10699685616552529,-0.2294190007045365,0.0,0.08,0.0988977993158677,0.0988977993158677,0
160,15,1.0078262090682983,0.30626679933615253,0.7,0.626272291390566,71.42857142857143,92.85714285714286,0.6203889877008085,1.1910943840695523,0.7,0.6399999999999999,0.626272291390566,0.626272291390566,0
161,15,1.1465226411819458,0.304638667194972,0.7,0.6303906039733961,78.57142857142857,92.85714285714286,0.626272291390566,1.3253624495094698,0.7,0.6399999999999999,0.6303906039733961,0.6303906039733961,0
161,6,0.22372710704803467,0.304638667194972,0.0,0.08000000001660972,93.75,100.0,0.08000000002372817,-0.30869932765406644,0.0,0.08,0.08000000001660972,0.08000000001660972,0
161,5,0.3298588693141937,0.304638667194972,0.07953851515259514,0.11231770315773022,90.234375,100.0,0.0988977993158677,0.07953851515259514,0.07953851515259514,0.14363081212207612,0.11231770315773022,0.11231770315773022,0
161,16,0.3079507350921631,0.304638667194972,0.010813442250605952,0.15754084213418065,89.0909090909091,100.0,0.18706516570576462,0.010813442250605952,0.010813442250605952,0.08865075380048476,0.15754084213418065,0.15754084213418065,0
161,14,0.3274853229522705,0.304638667194972,0.07231685979117189,0.14651895355481598,94.94949494949495,100.0,0.1502327245784782,0.07231685979117189,0.07231685979117189,0.13785348783293752,0.14651895355481598,0.14651895355481598,0
161,3,0.3446333408355713,0.304638667194972,0.12335469130693669,0.1601797945213091,89.74358974358974,100.0,0.152249526582349,0.12335469130693669,0.12335469130693669,0.17868375304554934,0.1601797945213091,0.1601797945213091,0
161,12,0.4244142472743988,0.304638667194972,0.3315835907276219,0.17964163424586815,87.109375,100.0,0.10865938924462701,0.3315835907276219,0.3315835907276219,0.34526687258209754,0.17964163424586815,0.17964163424586815,0
161,1,0.11695487052202225,0.304638667194972,0.0,0.14124398814135802,70.83333333333333,100.0,0.16749141163051146,-0.957338185545757,0.0,0.08,0.14124398814135802,0.14124398814135802,0
161,7,0.8549321889877319,0.304638667194972,0.7,0.6399963201571485,73.828125,100.0,0.6399947430816407,1.0318957569601421,0.7,0.6399999999999999,0.6399963201571485,0.6399963201571485,0
161,8,1.0811710357666016,0.304638667194972,0.7,0.6399999999999997,57.421875,100.0,0.6399999999999997,1.2666736249208863,0.7,0.6399999999999999,0.6399999999999997,0.6399999999999997,0
161,10,0.12457310408353806,0.304638667194972,0.0,0.07999999999999996,92.1875,100.0,0.07999999999999996,-0.8942336041534512,0.0,0.08,0.07999999999999996,0.07999999999999996,0
161,13,0.5086755156517029,0.304638667194972,0.5126839297130946,0.5705650173731948,86.95652173913044,100.0,0.6050298203457887,0.5126839297130946,0.5126839297130946,0.49014714377047575,0.5705650173731948,0.5705650173731948,0
161,2,0.25823017954826355,0.304638667194972,0.0,0.17627844512144938,93.84615384615384,100.0,0.21754063588778486,-0.16527501471024528,0.0,0.08,0.17627844512144938,0.17627844512144938,0
161,17,0.02608031965792179,0.304638667194972,0.0,0.07999999999999996,95.703125,100.0,0.07999999999999996,-2.4579450321663963,0.0,0.08,0.07999999999999996,0.07999999999999996,0
161,11,1.1681791543960571,0.304638667194972,0.7,0.6399999999999997,54.296875,100.0,0.6399999999999997,1.3440751363964967,0.7,0.6399999999999999,0.6399999999999997,0.6399999999999997,0
161,19,0.2354816198348999,0.304638667194972,0.0,0.0800109141840715,91.796875,100.0,0.08001559169153072,-0.25749350393611686,0.0,0.08,0.0800109141840715,0.0800109141840715,0
161,0,0.17426808178424835,0.304638667194972,0.0,0.2422407211731191,100.0,100.0,0.3117724588187416,-0.5585315385562739,0.0,0.08,0.2422407211731191,0.2422407211731191,0
161,18,0.24416685104370117,0.304638667194972,0.0,0.07999999999999996,95.703125,100.0,0.07999999999999996,-0.22127456109648513,0.0,0.08,0.07999999999999996,0.07999999999999996,0
161,4,0.2448129951953888,0.304638667194972,0.0,0.10113584520824892,91.74311926605505,99.08256880733946,0.11019406458321274,-0.21863173437749617,0.0,0.08,0.10113584520824892,0.10113584520824892,0
161,9,0.21991531550884247,0.304638667194972,0.0,0.07999999999999996,92.578125,100.0,0.07999999999999996,-0.32588382118792997,0.0,0.08,0.07999999999999996,0.07999999999999996,0
162,7,0.8261204957962036,0.30248384620749613,0.7,0.6399974241100038,72.65625,100.0,0.6399963201571485,1.0047127455367115,0.7,0.6399999999999999,0.6399974241100038,0.6399974241100038,0
162,10,0.22561851143836975,0.30248384620749613,0.0,0.07999999999999996,93.75,100.0,0.07999999999999996,-0.2931822933093406,0.0,0.08,0.07999999999999996,0.07999999999999996,0
162,5,0.28181350231170654,0.30248384620749613,0.0,0.10262239221041114,89.0625,100.0,0.11231770315773022,-0.07078235981660395,0.0,0.08,0.10262239221041114,0.10262239221041114,0
162,6,0.16332189738750458,0.30248384620749613,0.0,0.0800000000116268,94.921875,100.0,0.08000000001660972,-0.6163047629184415,0.0,0.08,0.0800000000116268,0.0800000000116268,0
162,0,0.26670852303504944,0.30248384620749613,0.0,0.19356850482118335,50.0,100.0,0.2422407211731191,-0.1258714825794566,0.0,0.08,0.19356850482118335,0.19356850482118335,0
162,16,0.3153974115848541,0.30248384620749613,0.04180559129397296,0.14431193140447995,88.63636363636364,100.0,0.15754084213418065,0.04180559129397296,0.04180559129397296,0.11344447303517838,0.14431193140447995,0.14431193140447995,0
162,17,0.11925693601369858,0.30248384620749613,0.0,0.07999999999999996,98.046875,100.0,0.07999999999999996,-0.9307475325712161,0.0,0.08,0.07999999999999996,0.07999999999999996,0
162,8,1.2309731245040894,0.30248384620749613,0.7,0.6399999999999997,55.46875,100.0,0.6399999999999997,1.4035323936852246,0.7,0.6399999999999999,0.6399999999999997,0.6399999999999997,0
162,4,0.2897108197212219,0.30248384620749613,0.0,0.09479509164577424,97.24770642201835,100.0,0.10113584520824892,-0.04314462152320652,0.0,0.08,0.09479509164577424,0.09479509164577424,0
162,2,0.22804810106754303,0.30248384620749613,0.0,0.14739491158501455,95.38461538461539,100.0,0.17627844512144938,-0.28247128798930554,0.0,0.08,0.14739491158501455,0.14739491158501455,0
162,3,0.3869643807411194,0.30248384620749613,0.2463047670697582,0.19523900026165833,90.76923076923077,100.0,0.1601797945213091,0.2463047670697582,0.2463047670697582,0.2770438136558066,0.19523900026165833,0.19523900026165833,0
162,18,0.2281140238046646,0.30248384620749613,0.0,0.07999999999999996,92.578125,100.0,0.07999999999999996,-0.2821822559496172,0.0,0.08,0.07999999999999996,0.07999999999999996,0
162,15,0.8484110236167908,0.30248384620749613,0.7,0.6332734227813772,71.42857142857143,92.85714285714286,0.6303906039733961,1.0313373196743096,0.7,0.6399999999999999,0.6332734227813772,0.6332734227813772,0
162,19,0.24102883040905,0.30248384620749613,0.0,0.08000763992885004,89.84375,100.0,0.0800109141840715,-0.2271113120597775,0.0,0.08,0.08000763992885004,0.08000763992885004,0
162,12,0.3283851444721222,0.30248384620749613,0.08215926279188145,0.16946736704215926,87.890625,100.0,0.17964163424586815,0.08215926279188145,0.08215926279188145,0.14572741023350516,0.16946736704215926,0.16946736704215926,0
162,1,0.12977144122123718,0.30248384620749613,0.0,0.1228707916989506,87.5,100.0,0.14124398814135802,-0.8462530724254262,0.0,0.08,0.1228707916989506,0.1228707916989506,0
162,13,0.5132899880409241,0.30248384620749613,0.528813075637575,0.5503106503142543,76.08695652173913,100.0,0.5705650173731948,0.528813075637575,0.528813075637575,0.50305046051006,0.5503106503142543,0.5503106503142543,0
162,11,0.9867857098579407,0.30248384620749613,0.7,0.6399999999999997,58.59375,100.0,0.6399999999999997,1.182425005251429,0.7,0.6399999999999999,0.6399999999999997,0.6399999999999997,0
162,9,0.2499823272228241,0.30248384620749613,0.0,0.07999999999999996,95.3125,100.0,0.07999999999999996,-0.19063764388003926,0.0,0.08,0.07999999999999996,0.07999999999999996,0
162,14,0.1716809868812561,0.30248384620749613,0.0,0.12656326748837118,94.94949494949495,100.0,0.14651895355481598,-0.5663898226478666,0.0,0.08,0.12656326748837118,0.12656326748837118,0
163,4,0.2732468247413635,0.29966156285408435,0.0,0.09035656415204196,90.8256880733945,100.0,0.09479509164577424,-0.09227820415340383,0.0,0.08,0.09035656415204196,0.09035656415204196,0
163,15,1.1725751161575317,0.29966156285408435,0.7,0.635291395946964,50.0,92.85714285714286,0.6332734227813772,1.3643038243529138,0.7,0.6399999999999999,0.635291395946964,0.635291395946964,0
163,10,0.21292930841445923,0.29966156285408435,0.0,0.07999999999999996,93.75,100.0,0.07999999999999996,-0.34169347518770493,0.0,0.08,0.07999999999999996,0.07999999999999996,0
163,12,0.32272571325302124,0.29966156285408435,0.07414906107493757,0.1604229315874965,88.671875,100.0,0.16946736704215926,0.07414906107493757,0.07414906107493757,0.13931924885995006,0.1604229315874965,0.1604229315874965,0
163,16,0.36865320801734924,0.29966156285408435,0.20720266619470315,0.17474699186986473,89.54545454545455,100.0,0.14431193140447995,0.20720266619470315,0.20720266619470315,0.24576213295576255,0.17474699186986473,0.17474699186986473,0
163,1,0.2964033782482147,0.29966156285408435,0.0,0.11000955418926542,91.66666666666667,100.0,0.1228707916989506,-0.010932422703454703,0.0,0.08,0.11000955418926542,0.11000955418926542,0
163,11,0.9297947883605957,0.29966156285408435,0.7,0.6399999999999997,61.328125,100.0,0.6399999999999997,1.1323101674802911,0.7,0.6399999999999999,0.6399999999999997,0.6399999999999997,0
163,6,0.19784043729305267,0.29966156285408435,0.0,0.08000000000813876,92.96875,100.0,0.0800000000116268,-0.41519286330340355,0.0,0.08,0.08000000000813876,0.08000000000813876,0
163,19,0.2748510241508484,0.29966156285408435,0.0,0.08000534795019502,91.015625,100.0,0.08000763992885004,-0.08642449049634796,0.0,0.08,0.08000534795019502,0.08000534795019502,0
163,7,0.6216297745704651,0.29966156285408435,0.7,0.6399981968770027,76.5625,100.0,0.6399974241100038,0.7296909664843496,0.7,0.6399999999999999,0.6399981968770027,0.6399981968770027,0
163,18,0.16780364513397217,0.29966156285408435,0.0,0.07999999999999996,94.140625,99.609375,0.07999999999999996,-0.5798591709193412,0.0,0.08,0.07999999999999996,0.07999999999999996,0
163,2,0.3561320900917053,0.29966156285408435,0.17264798229997108,0.16861195386150324,87.6923076923077,100.0,0.14739491158501455,0.17264798229997108,0.17264798229997108,0.2181183858399769,0.16861195386150324,0.16861195386150324,0
163,9,0.21903569996356964,0.29966156285408435,0.0,0.07999999999999996,94.140625,100.0,0.07999999999999996,-0.3134189716786288,0.0,0.08,0.07999999999999996,0.07999999999999996,0
163,13,0.7998227477073669,0.29966156285408435,0.7,0.5772174552199779,73.91304347826087,100.0,0.5503106503142543,0.9817364028588682,0.7,0.6399999999999999,0.5772174552199779,0.5772174552199779,0
163,8,1.1641645431518555,0.29966156285408435,0.7,0.6399999999999997,49.609375,100.0,0.6399999999999997,1.3571052395901269,0.7,0.6399999999999999,0.6399999999999997,0.6399999999999997,0
163,0,0.0735141709446907,0.29966156285408435,0.0,0.15949795337482833,83.33333333333333,100.0,0.19356850482118335,-1.405175421765159,0.0,0.08,0.15949795337482833,0.15949795337482833,0
163,5,0.3848347067832947,0.29966156285408435,0.25016018765594356,0.15587411958471425,89.453125,100.0,0.10262239221041114,0.25016018765594356,0.25016018765594356,0.28012815012475484,0.15587411958471425,0.15587411958471425,0
163,14,0.1540902554988861,0.29966156285408435,0.0,0.11259428724185983,85.85858585858585,100.0,0.12656326748837118,-0.6651151770927425,0.0,0.08,0.11259428724185983,0.11259428724185983,0
163,17,0.0806722491979599,0.29966156285408435,0.0,0.07999999999999996,96.09375,100.0,0.07999999999999996,-1.3122589834110372,0.0,0.08,0.07999999999999996,0.07999999999999996,0
163,3,0.3687001168727875,0.29966156285408435,0.20732990195168882,0.2104264766515661,88.2051282051282,100.0,0.19523900026165833,0.20732990195168882,0.20732990195168882,0.24586392156135106,0.2104264766515661,0.2104264766515661,0
164,1,0.22517961263656616,0.3006518611437377,0.0,0.1010066879324858,83.33333333333333,100.0,0.11000955418926542,-0.28905461458397663,0.0,0.08,0.1010066879324858,0.1010066879324858,0
164,8,1.1615698337554932,0.3006518611437377,0.7,0.6399999999999997,56.25,100.0,0.6399999999999997,1.3515746616518431,0.7,0.6399999999999999,0.6399999999999997,0.6399999999999997,0
164,7,0.7316610813140869,0.3006518611437377,0.7,0.6399987378139018,73.828125,100.0,0.6399981968770027,0.8893643956128624,0.7,0.6399999999999999,0.6399987378139018,0.6399987378139018,0
164,14,0.17175275087356567,0.3006518611437377,0.0,0.10281600106930186,91.91919191919192,100.0,0.11259428724185983,-0.5598970151988872,0.0,0.08,0.10281600106930186,0.10281600106930186,0
164,19,0.2273631989955902,0.3006518611437377,0.0,0.08000374356513651,92.578125,100.0,0.08000534795019502,-0.279404242717458,0.0,0.08,0.08000374356513651,0.08000374356513651,0
164,2,0.28148338198661804,0.3006518611437377,0.0,0.14202836770305227,90.76923076923077,100.0,0.16861195386150324,-0.06587957355946437,0.0,0.08,0.14202836770305227,0.14202836770305227,0
164,4,0.298199862241745,0.3006518611437377,0.0,0.08724959490642936,88.07339449541284,100.0,0.09035656415204196,-0.008189047228296309,0.0,0.08,0.08724959490642936,0.08724959490642936,0
164,11,0.8324998021125793,0.3006518611437377,0.7,0.6399999999999997,61.328125,100.0,0.6399999999999997,1.018479975036574,0.7,0.6399999999999999,0.6399999999999997,0.6399999999999997,0
164,3,0.39213651418685913,0.3006518611437377,0.2656570340159405,0.23505622181992197,89.23076923076923,100.0,0.2104264766515661,0.2656570340159405,0.2656570340159405,0.2925256272127524,0.23505622181992197,0.23505622181992197,0
164,13,0.7950525879859924,0.3006518611437377,0.7,0.5960522186539845,89.1304347826087,100.0,0.5772174552199779,0.9724552523270561,0.7,0.6399999999999999,0.5960522186539845,0.5960522186539845,0
164,10,0.20014017820358276,0.3006518611437377,0.0,0.07999999999999996,93.75,100.0,0.07999999999999996,-0.406934959105874,0.0,0.08,0.07999999999999996,0.07999999999999996,0
164,5,0.3064846992492676,0.3006518611437377,0.019214844747525897,0.13772344644870618,90.625,100.0,0.15587411958471425,0.019214844747525897,0.019214844747525897,0.09537187579802073,0.13772344644870618,0.13772344644870618,0
164,6,0.19146938621997833,0.3006518611437377,0.0,0.08000000000569712,92.578125,100.0,0.08000000000813876,-0.4512250361395516,0.0,0.08,0.08000000000569712,0.08000000000569712,0
164,0,0.4346730411052704,0.3006518611437377,0.36864112070883726,0.22412243633250079,100.0,100.0,0.15949795337482833,0.36864112070883726,0.36864112070883726,0.37491289656706983,0.22412243633250079,0.22412243633250079,0
164,18,0.16881819069385529,0.3006518611437377,0.0,0.07999999999999996,95.703125,100.0,0.07999999999999996,-0.5771306207624083,0.0,0.08,0.07999999999999996,0.07999999999999996,0
164,12,0.46316441893577576,0.3006518611437377,0.43212910800245347,0.24000703803183637,86.328125,100.0,0.1604229315874965,0.43212910800245347,0.43212910800245347,0.4257032864019628,0.24000703803183637,0.24000703803183637,0
164,16,0.28755518794059753,0.3006518611437377,0.0,0.1463228943089053,91.36363636363636,100.0,0.17474699186986473,-0.04453818648140379,0.0,0.08,0.1463228943089053,0.1463228943089053,0
164,15,0.8157543540000916,0.3006518611437377,0.7,0.6367039771628747,50.0,92.85714285714286,0.635291395946964,0.9981602640100392,0.7,0.6399999999999999,0.6367039771628747,0.6367039771628747,0
164,9,0.18789945542812347,0.3006518611437377,0.0,0.07999999999999996,93.359375,100.0,0.07999999999999996,-0.47004595969274726,0.0,0.08,0.07999999999999996,0.07999999999999996,0
164,17,0.059431713074445724,0.3006518611437377,0.0,0.07999999999999996,96.484375,100.0,0.07999999999999996,-1.6211248788249348,0.0,0.08,0.07999999999999996,0.07999999999999996,0
165,11,1.038700819015503,0.2998744275384811,0.7,0.6399999999999997,55.859375,100.0,0.6399999999999997,1.2423621628565507,0.7,0.6399999999999999,0.6399999999999997,0.6399999999999997,0
165,14,0.19351227581501007,0.2998744275384811,0.0,0.09597120074851129,93.93939393939394,100.0,0.10281600106930186,-0.4380228424665486,0.0,0.08,0.09597120074851129,0.09597120074851129,0
165,10,0.28826460242271423,0.2998744275384811,0.0,0.07999999999999996,95.3125,100.0,0.07999999999999996,-0.03948499406652478,0.0,0.08,0.07999999999999996,0.07999999999999996,0
165,13,0.5018544793128967,0.2998744275384811,0.514946370242293,0.5648236819159395,67.3913043478261,100.0,0.5960522186539845,0.514946370242293,0.514946370242293,0.4919570961938344,0.5648236819159395,0.5648236819159395,0
165,12,0.3532932996749878,0.2998744275384811,0.16393477201236256,0.23134927190525245,86.328125,100.0,0.24000703803183637,0.16393477201236256,0.16393477201236256,0.21114781760989004,0.23134927190525245,0.23134927190525245,0
165,15,0.7577040791511536,0.2998744275384811,0.7,0.6376927840140123,64.28571428571429,85.71428571428571,0.6367039771628747,0.9269290802123659,0.7,0.6399999999999999,0.6376927840140123,0.6376927840140123,0
165,4,0.29382646083831787,0.2998744275384811,0.0,0.08507471643450054,88.9908256880734,100.0,0.08724959490642936,-0.02037448766737635,0.0,0.08,0.08507471643450054,0.08507471643450054,0
165,18,0.14804552495479584,0.2998744275384811,0.0,0.07999999999999996,92.1875,99.609375,0.07999999999999996,-0.7058439504475295,0.0,0.08,0.07999999999999996,0.07999999999999996,0
165,16,0.37246930599212646,0.2998744275384811,0.2167908157464108,0.17845582179537228,90.0,100.0,0.1463228943089053,0.2167908157464108,0.2167908157464108,0.25343265259712866,0.17845582179537228,0.17845582179537228,0
165,6,0.1432735174894333,0.2998744275384811,0.0,0.08000000000398799,98.828125,100.0,0.08000000000569712,-0.7386082626321042,0.0,0.08,0.08000000000398799,0.08000000000398799,0
165,1,0.14054615795612335,0.2998744275384811,0.0,0.09470468155274006,79.16666666666667,100.0,0.1010066879324858,-0.7578278131549196,0.0,0.08,0.09470468155274006,0.09470468155274006,0
165,8,0.9593951106071472,0.2998744275384811,0.7,0.6399999999999997,52.734375,100.0,0.6399999999999997,1.1629391576706196,0.7,0.6399999999999999,0.6399999999999997,0.6399999999999997,0
165,0,0.15385019779205322,0.2998744275384811,0.0,0.18088570543275054,83.33333333333333,100.0,0.22412243633250079,-0.6673843931231285,0.0,0.08,0.18088570543275054,0.18088570543275054,0
165,2,0.3342067301273346,0.2998744275384811,0.10839593839842114,0.14943488260775767,92.3076923076923,100.0,0.14202836770305227,0.10839593839842114,0.10839593839842114,0.16671675071873693,0.14943488260775767,0.14943488260775767,0
165,19,0.15907220542430878,0.2998744275384811,0.0,0.08000262049559556,87.109375,100.0,0.08000374356513651,-0.6340055613368843,0.0,0.08,0.08000262049559556,0.08000262049559556,0
165,7,0.537810742855072,0.2998744275384811,0.5841428922822713,0.6121934106174763,71.484375,100.0,0.6399987378139018,0.5841428922822713,0.5841428922822713,0.5473143138258171,0.6121934106174763,0.6121934106174763,0
165,9,0.17905041575431824,0.2998744275384811,0.0,0.07999999999999996,92.578125,100.0,0.07999999999999996,-0.5156963712116931,0.0,0.08,0.07999999999999996,0.07999999999999996,0
165,3,0.39302265644073486,0.2998744275384811,0.2705034401229676,0.2534601809034576,88.2051282051282,99.48717948717949,0.23505622181992197,0.2705034401229676,0.2705034401229676,0.29640275209837413,0.2534601809034576,0.2534601809034576,0
165,17,0.1652958244085312,0.2998744275384811,0.0,0.07999999999999996,95.3125,100.0,0.07999999999999996,-0.5956270411857733,0.0,0.08,0.07999999999999996,0.07999999999999996,0
165,5,0.38292932510375977,0.2998744275384811,0.2444866230073709,0.17908320203586334,90.234375,100.0,0.13772344644870618,0.2444866230073709,0.2444866230073709,0.27558929840589674,0.17908320203586334,0.17908320203586334,0
166,13,0.8823913335800171,0.3012886443329156,0.7,0.5873765773411576,69.56521739130434,100.0,0.5648236819159395,1.074566868093317,0.7,0.6399999999999999,0.5873765773411576,0.5873765773411576,0
166,8,1.0707319974899292,0.3012886443329156,0.7,0.6399999999999997,58.203125,100.0,0.6399999999999997,1.268029022990838,0.7,0.6399999999999999,0.6399999999999997,0.6399999999999997,0
166,9,0.2375810146331787,0.3012886443329156,0.0,0.07999999999999996,92.96875,100.0,0.07999999999999996,-0.23756006806742064,0.0,0.08,0.07999999999999996,0.07999999999999996,0
166,6,0.25732332468032837,0.3012886443329156,0.0,0.08000000000279159,92.96875,100.0,0.08000000000398799,-0.1577353839791409,0.0,0.08,0.08000000000279159,0.08000000000279159,0
166,10,0.2444303035736084,0.3012886443329156,0.0,0.07999999999999996,95.703125,100.0,0.07999999999999996,-0.20913853748047798,0.0,0.08,0.07999999999999996,0.07999999999999996,0
166,12,0.35789307951927185,0.3012886443329156,0.17216551946161823,0.22726421500446506,87.109375,100.0,0.23134927190525245,0.17216551946161823,0.17216551946161823,0.21773241556929457,0.22726421500446506,0.22726421500446506,0
166,18,0.19703960418701172,0.3012886443329156,0.0,0.07999999999999996,96.875,100.0,0.07999999999999996,-0.4246639939453741,0.0,0.08,0.07999999999999996,0.07999999999999996,0
166,5,0.30699020624160767,0.3012886443329156,0.018747088447780565,0.15385754265257165,93.75,100.0,0.17908320203586334,0.018747088447780565,0.018747088447780565,0.09499767075822446,0.15385754265257165,0.15385754265257165,0
166,17,0.06244124472141266,0.3012886443329156,0.0,0.07999999999999996,98.046875,100.0,0.07999999999999996,-1.5738425994327714,0.0,0.08,0.07999999999999996,0.07999999999999996,0
166,7,0.7828924655914307,0.3012886443329156,0.7,0.6205353874322334,75.390625,100.0,0.6121934106174763,0.9549265732112824,0.7,0.6399999999999999,0.6205353874322334,0.6205353874322334,0
166,11,1.1141200065612793,0.3012886443329156,0.7,0.6399999999999997,54.6875,100.0,0.6399999999999997,1.307751359767191,0.7,0.6399999999999999,0.6399999999999997,0.6399999999999997,0
166,2,0.2155478596687317,0.3012886443329156,0.0,0.12860441782543036,90.76923076923077,100.0,0.14943488260775767,-0.3348857718022763,0.0,0.08,0.12860441782543036,0.12860441782543036,0
166,1,0.14160944521427155,0.3012886443329156,0.0,0.09029327708691803,91.66666666666667,100.0,0.09470468155274006,-0.7549958365693324,0.0,0.08,0.09029327708691803,0.09029327708691803,0
166,3,0.33192214369773865,0.3012886443329156,0.09683167489671514,0.22466172860763195,88.2051282051282,100.0,0.2534601809034576,0.09683167489671514,0.09683167489671514,0.1574653399173721,0.22466172860763195,0.22466172860763195,0
166,4,0.3375072777271271,0.3012886443329156,0.11351831363326781,0.11079669677613466,88.9908256880734,100.0,0.08507471643450054,0.11351831363326781,0.11351831363326781,0.17081465090661424,0.11079669677613466,0.11079669677613466,0
166,19,0.22845451533794403,0.3012886443329156,0.0,0.08000183434691689,91.015625,100.0,0.08000262049559556,-0.2767316130216888,0.0,0.08,0.08000183434691689,0.08000183434691689,0
166,0,0.020250288769602776,0.3012886443329156,0.0,0.15061999380292537,100.0,100.0,0.18088570543275054,-2.6998992422135806,0.0,0.08,0.15061999380292537,0.15061999380292537,0
166,16,0.3423377275466919,0.3012886443329156,0.1277289967435254,0.17957403447520667,88.18181818181819,100.0,0.17845582179537228,0.1277289967435254,0.1277289967435254,0.1821831973948203,0.17957403447520667,0.17957403447520667,0
166,15,0.7771660089492798,0.3012886443329156,0.7,0.6383849488098086,71.42857142857143,100.0,0.6376927840140123,0.9475852044338328,0.7,0.6399999999999999,0.6383849488098086,0.6383849488098086,0
166,14,0.19745957851409912,0.3012886443329156,0.0,0.09117984052395789,92.92929292929293,100.0,0.09597120074851129,-0.4225348414255854,0.0,0.08,0.09117984052395789,0.09117984052395789,0
167,0,0.08150257915258408,0.29937545644572083,0.0,0.12943399566204775,100.0,100.0,0.15061999380292537,-1.30106373774344,0.0,0.08,0.12943399566204775,0.12943399566204775,0
167,17,0.11178220063447952,0.29937545644572083,0.0,0.07999999999999996,96.484375,100.0,0.07999999999999996,-0.985146095928154,0.0,0.08,0.07999999999999996,0.07999999999999996,0
167,4,0.19986110925674438,0.29937545644572083,0.0,0.10155768774329427,94.4954128440367,100.0,0.11079669677613466,-0.4040758046071774,0.0,0.08,0.10155768774329427,0.10155768774329427,0
167,13,0.9676019549369812,0.29937545644572083,0.7,0.6031636041388102,69.56521739130434,100.0,0.5873765773411576,1.1731222832375274,0.7,0.6399999999999999,0.6031636041388102,0.6031636041388102,0
167,1,0.5190463662147522,0.29937545644572083,0.5502947098132988,0.2192760243160343,87.5,100.0,0.09029327708691803,0.5502947098132988,0.5502947098132988,0.520235767850639,0.2192760243160343,0.2192760243160343,0
167,9,0.17943629622459412,0.29937545644572083,0.0,0.07999999999999996,94.53125,100.0,0.07999999999999996,-0.5118782212456772,0.0,0.08,0.07999999999999996,0.07999999999999996,0
167,11,1.2525911331176758,0.29937545644572083,0.7,0.6399999999999997,58.203125,100.0,0.6399999999999997,1.4312710730387117,0.7,0.6399999999999999,0.6399999999999997,0.6399999999999997,0
167,10,0.19974473118782043,0.29937545644572083,0.0,0.07999999999999996,91.015625,100.0,0.07999999999999996,-0.40465826889879075,0.0,0.08,0.07999999999999996,0.07999999999999996,0
167,16,0.40043556690216064,0.29937545644572083,0.2908543706668312,0.21950687309268413,88.18181818181819,100.0,0.17957403447520667,0.2908543706668312,0.2908543706668312,0.31268349653346494,0.21950687309268413,0.21950687309268413,0
167,12,0.35796838998794556,0.29937545644572083,0.17874618808573406,0.22598403564370173,90.625,100.0,0.22726421500446506,0.17874618808573406,0.17874618808573406,0.22299695046858725,0.22598403564370173,0.22598403564370173,0
167,2,0.36179351806640625,0.29937545644572083,0.18937515841964256,0.15947313049851547,89.23076923076923,100.0,0.12860441782543036,0.18937515841964256,0.18937515841964256,0.23150012673571407,0.15947313049851547,0.15947313049851547,0
167,18,0.2410096377134323,0.29937545644572083,0.0,0.07999999999999996,92.96875,100.0,0.07999999999999996,-0.21686156153366534,0.0,0.08,0.07999999999999996,0.07999999999999996,0
167,6,0.16566146910190582,0.29937545644572083,0.0,0.0800000000019541,94.140625,100.0,0.08000000000279159,-0.59175210255893,0.0,0.08,0.0800000000019541,0.0800000000019541,0
167,15,0.9352844953536987,0.29937545644572083,0.7,0.638869464166866,64.28571428571429,92.85714285714286,0.6383849488098086,1.1391522405755035,0.7,0.6399999999999999,0.638869464166866,0.638869464166866,0
167,5,0.27119457721710205,0.29937545644572083,0.0,0.13170027985680016,89.453125,100.0,0.15385754265257165,-0.09886192900094425,0.0,0.08,0.13170027985680016,0.13170027985680016,0
167,3,0.39172104001045227,0.29937545644572083,0.26885145313274156,0.24578755877720032,92.3076923076923,100.0,0.22466172860763195,0.26885145313274156,0.26885145313274156,0.29508116250619326,0.24578755877720032,0.24578755877720032,0
167,8,1.1003193855285645,0.29937545644572083,0.7,0.6399999999999997,48.828125,100.0,0.6399999999999997,1.3016572499826977,0.7,0.6399999999999999,0.6399999999999997,0.6399999999999997,0
167,7,0.5580057501792908,0.29937545644572083,0.6226707590009809,0.6078157533627988,69.140625,100.0,0.6205353874322334,0.6226707590009809,0.6226707590009809,0.5781366072007847,0.6078157533627988,0.6078157533627988,0
167,14,0.24861958622932434,0.29937545644572083,0.0,0.08782588836677052,93.93939393939394,100.0,0.09117984052395789,-0.18577452391419816,0.0,0.08,0.08782588836677052,0.08782588836677052,0
167,19,0.169669970870018,0.29937545644572083,0.0,0.08000128404284182,93.359375,100.0,0.08000183434691689,-0.5678432649223323,0.0,0.08,0.08000128404284182,0.08000128404284182,0
168,0,0.17081212997436523,0.30089605916140116,0.0,0.11460379696343342,100.0,100.0,0.12943399566204775,-0.5662005639842583,0.0,0.08,0.11460379696343342,0.11460379696343342,0
168,9,0.19562813639640808,0.30089605916140116,0.0,0.07999999999999996,93.75,100.0,0.07999999999999996,-0.43054927496557494,0.0,0.08,0.07999999999999996,0.07999999999999996,0
168,11,0.8321497440338135,0.30089605916140116,0.7,0.6399999999999997,59.375,100.0,0.6399999999999997,1.0172474975073917,0.7,0.6399999999999999,0.6399999999999997,0.6399999999999997,0
168,15,0.41383475065231323,0.30089605916140116,0.3187018453468899,0.5476970678000597,78.57142857142857,85.71428571428571,0.638869464166866,0.3187018453468899,0.3187018453468899,0.33496147627751194,0.5476970678000597,0.5476970678000597,0
168,19,0.23685210943222046,0.30089605916140116,0.0,0.08000089882998927,94.140625,100.0,0.08000128404284182,-0.23932894220089085,0.0,0.08,0.08000089882998927,0.08000089882998927,0
168,5,0.3517007827758789,0.30089605916140116,0.15601587365657313,0.15363400557733764,91.796875,100.0,0.13170027985680016,0.15601587365657313,0.15601587365657313,0.2048126989252585,0.15363400557733764,0.15363400557733764,0
168,17,0.15110532939434052,0.30089605916140116,0.0,0.07999999999999996,97.65625,100.0,0.07999999999999996,-0.6887877144662417,0.0,0.08,0.07999999999999996,0.07999999999999996,0
168,12,0.2625681757926941,0.30089605916140116,0.0,0.1821888249505912,90.234375,100.0,0.22598403564370173,-0.13625411624432923,0.0,0.08,0.1821888249505912,0.1821888249505912,0
168,8,1.2385921478271484,0.30089605916140116,0.7,0.6399999999999997,46.484375,100.0,0.6399999999999997,1.4149657370563709,0.7,0.6399999999999999,0.6399999999999997,0.6399999999999997,0
168,14,0.24962589144706726,0.30089605916140116,0.0,0.08547812185673936,92.92929292929293,100.0,0.08782588836677052,-0.18680151701161843,0.0,0.08,0.08547812185673936,0.08547812185673936,0
168,1,0.5931026935577393,0.30089605916140116,0.6786026572387351,0.34035785475852043,87.5,95.83333333333333,0.2192760243160343,0.6786026572387351,0.6786026572387351,0.6228821257909881,0.34035785475852043,0.34035785475852043,0
168,13,0.38416045904159546,0.30089605916140116,0.24429543347980118,0.5048454269323194,89.1304347826087,100.0,0.6031636041388102,0.24429543347980118,0.24429543347980118,0.27543634678384094,0.5048454269323194,0.5048454269323194,0
168,2,0.25549235939979553,0.30089605916140116,0.0,0.13563119134896082,90.76923076923077,100.0,0.15947313049851547,-0.16357237611120917,0.0,0.08,0.13563119134896082,0.13563119134896082,0
168,4,0.3330754339694977,0.30089605916140116,0.10160410284075597,0.11947536610208742,88.07339449541284,99.08256880733946,0.10155768774329427,0.10160410284075597,0.10160410284075597,0.1612832822726048,0.11947536610208742,0.11947536610208742,0
168,10,0.2564600110054016,0.30089605916140116,0.0,0.07999999999999996,93.359375,100.0,0.07999999999999996,-0.15979213101001094,0.0,0.08,0.07999999999999996,0.07999999999999996,0
168,18,0.20109249651432037,0.30089605916140116,0.0,0.07999999999999996,92.578125,99.609375,0.07999999999999996,-0.40299988634654343,0.0,0.08,0.07999999999999996,0.07999999999999996,0
168,7,0.7615912556648254,0.30089605916140116,0.7,0.6174710273539591,69.53125,100.0,0.6078157533627988,0.9286450950629614,0.7,0.6399999999999999,0.6174710273539591,0.6174710273539591,0
168,6,0.19364552199840546,0.30089605916140116,0.0,0.08000000000136787,90.625,100.0,0.0800000000019541,-0.4407355868133787,0.0,0.08,0.08000000000136787,0.08000000000136787,0
168,16,0.36036261916160583,0.30089605916140116,0.1803459077412222,0.2209378290227722,91.81818181818181,100.0,0.21950687309268413,0.1803459077412222,0.1803459077412222,0.22427672619297778,0.2209378290227722,0.2209378290227722,0
168,3,0.4400829076766968,0.30089605916140116,0.38019823847704043,0.2872988683785299,87.17948717948718,99.48717948717949,0.24578755877720032,0.38019823847704043,0.38019823847704043,0.3841585907816324,0.2872988683785299,0.2872988683785299,0
169,5,0.20444856584072113,0.30058863373337064,0.0,0.13154380390413634,90.234375,100.0,0.15363400557733764,-0.3854262169612685,0.0,0.08,0.13154380390413634,0.13154380390413634,0
169,16,0.3430750072002411,0.30058863373337064,0.13220643435073445,0.21038602456011682,91.36363636363636,100.0,0.2209378290227722,0.13220643435073445,0.13220643435073445,0.1857651474805876,0.21038602456011682,0.21038602456011682,0
169,12,0.3472552001476288,0.30058863373337064,0.14431728760626886,0.18616832649091836,88.28125,100.0,0.1821888249505912,0.14431728760626886,0.14431728760626886,0.1954538300850151,0.18616832649091836,0.18616832649091836,0
169,2,0.1506362408399582,0.30058863373337064,0.0,0.11894183394427257,95.38461538461539,100.0,0.13563119134896082,-0.6908747021118741,0.0,0.08,0.11894183394427257,0.11894183394427257,0
169,11,0.9905329346656799,0.30058863373337064,0.7,0.6399999999999997,63.28125,100.0,0.6399999999999997,1.1925004282867855,0.7,0.6399999999999999,0.6399999999999997,0.6399999999999997,0
169,15,0.5902800559997559,0.30058863373337064,0.6748544144656987,0.5693530069318093,71.42857142857143,92.85714285714286,0.5476970678000597,0.6748544144656987,0.6748544144656987,0.6198835315725589,0.5693530069318093,0.5693530069318093,0
169,6,0.23668411374092102,0.30058863373337064,0.0,0.0800000000009575,90.625,100.0,0.08000000000136787,-0.23901625700794452,0.0,0.08,0.0800000000009575,0.0800000000009575,0
169,13,0.7119026780128479,0.30058863373337064,0.7,0.5453917988526236,69.56521739130434,100.0,0.5048454269323194,0.862198529991482,0.7,0.6399999999999999,0.5453917988526236,0.5453917988526236,0
169,14,0.18742775917053223,0.30058863373337064,0.0,0.08383468529971755,88.88888888888889,100.0,0.08547812185673936,-0.47234915784106185,0.0,0.08,0.08383468529971755,0.08383468529971755,0
169,8,1.2632933855056763,0.30058863373337064,0.7,0.6399999999999997,46.875,100.0,0.6399999999999997,1.4357346979119923,0.7,0.6399999999999999,0.6399999999999997,0.6399999999999997,0
169,17,0.058913059532642365,0.30058863373337064,0.0,0.07999999999999996,96.09375,100.0,0.07999999999999996,-1.6296797383044261,0.0,0.08,0.07999999999999996,0.07999999999999996,0
169,10,0.2002798616886139,0.30058863373337064,0.0,0.07999999999999996,94.921875,100.0,0.07999999999999996,-0.40602695113894177,0.0,0.08,0.07999999999999996,0.07999999999999996,0
169,1,0.20117604732513428,0.30058863373337064,0.0,0.2622504983309643,83.33333333333333,100.0,0.34035785475852043,-0.40156226617393787,0.0,0.08,0.2622504983309643,0.2622504983309643,0
169,7,0.7336755990982056,0.30058863373337064,0.7,0.6242297191477714,74.609375,100.0,0.6174710273539591,0.8923242835281112,0.7,0.6399999999999999,0.6242297191477714,0.6242297191477714,0
169,19,0.2583560347557068,0.30058863373337064,0.0,0.08000062918099249,89.84375,100.0,0.08000089882998927,-0.1514040459361689,0.0,0.08,0.08000062918099249,0.08000062918099249,0
169,4,0.27384576201438904,0.30058863373337064,0.0,0.10763275627146118,92.66055045871559,99.08256880733946,0.11947536610208742,-0.09317762588638498,0.0,0.08,0.10763275627146118,0.10763275627146118,0
169,0,0.40406301617622375,0.30058863373337064,0.29582817323979355,0.17522141945195385,100.0,100.0,0.11460379696343342,0.29582817323979355,0.29582817323979355,0.31666253859183485,0.17522141945195385,0.17522141945195385,0
169,18,0.12652911245822906,0.30058863373337064,0.0,0.07999999999999996,94.53125,99.609375,0.07999999999999996,-0.8652701992076809,0.0,0.08,0.07999999999999996,0.07999999999999996,0
169,3,0.3773283362388611,0.30058863373337064,0.22737305538573985,0.2796787411575485,85.64102564102564,100.0,0.2872988683785299,0.22737305538573985,0.22737305538573985,0.2618984443085919,0.2796787411575485,0.2796787411575485,0
169,9,0.2536681890487671,0.30058863373337064,0.0,0.07999999999999996,92.578125,100.0,0.07999999999999996,-0.16971558783702162,0.0,0.08,0.07999999999999996,0.07999999999999996,0
170,15,1.2355706691741943,0.29713986019853833,0.7,0.5905471048522665,71.42857142857143,100.0,0.5693530069318093,1.4250852593591992,0.7,0.6399999999999999,0.5905471048522665,0.5905471048522665,0
170,17,0.090599425137043,0.29713986019853833,0.0,0.07999999999999996,98.4375,100.0,0.07999999999999996,-1.1877549930340456,0.0,0.08,0.07999999999999996,0.07999999999999996,0
170,2,0.263430655002594,0.29713986019853833,0.0,0.10725928376099081,89.23076923076923,100.0,0.11894183394427257,-0.1204127689366134,0.0,0.08,0.10725928376099081,0.10725928376099081,0
170,9,0.2271554321050644,0.29713986019853833,0.0,0.07999999999999996,94.921875,100.0,0.07999999999999996,-0.2685684212549386,0.0,0.08,0.07999999999999996,0.07999999999999996,0
170,6,0.16850638389587402,0.29713986019853833,0.0,0.08000000000067024,93.359375,100.0,0.0800000000009575,-0.5672292763310038,0.0,0.08,0.08000000000067024,0.08000000000067024,0
170,8,1.1204394102096558,0.29713986019853833,0.7,0.6399999999999997,57.421875,100.0,0.6399999999999997,1.3272732554439721,0.7,0.6399999999999999,0.6399999999999997,0.6399999999999997,0
170,3,0.3237523138523102,0.29713986019853833,0.0857758195371111,0.2403613154991906,85.64102564102564,100.0,0.2796787411575485,0.0857758195371111,0.0857758195371111,0.14862065562968887,0.2403613154991906,0.2403613154991906,0
170,1,0.21267181634902954,0.29713986019853833,0.0,0.207575348831675,91.66666666666667,100.0,0.2622504983309643,-0.3344527151614097,0.0,0.08,0.207575348831675,0.207575348831675,0
170,11,0.9166392087936401,0.29713986019853833,0.7,0.6399999999999997,63.671875,100.0,0.6399999999999997,1.126510987036923,0.7,0.6399999999999999,0.6399999999999997,0.6399999999999997,0
170,10,0.16606634855270386,0.29713986019853833,0.0,0.07999999999999996,95.3125,100.0,0.07999999999999996,-0.5818155125779039,0.0,0.08,0.07999999999999996,0.07999999999999996,0
170,0,0.7457645535469055,0.29713986019853833,0.7,0.3146549936163677,100.0,100.0,0.17522141945195385,0.9202069805564234,0.7,0.6399999999999999,0.3146549936163677,0.3146549936163677,0
170,13,0.5611270666122437,0.29713986019853833,0.6357444265236828,0.5583529215625204,69.56521739130434,100.0,0.5453917988526236,0.6357444265236828,0.6357444265236828,0.5885955412189462,0.5583529215625204,0.5583529215625204,0
170,5,0.3571660816669464,0.29713986019853833,0.18399794497926658,0.16024016952791942,90.625,100.0,0.13154380390413634,0.18399794497926658,0.18399794497926658,0.22719835598341326,0.16024016952791942,0.16024016952791942,0
170,18,0.15246430039405823,0.29713986019853833,0.0,0.07999999999999996,92.578125,100.0,0.07999999999999996,-0.6672724329178409,0.0,0.08,0.07999999999999996,0.07999999999999996,0
170,14,0.1649928241968155,0.29713986019853833,0.0,0.08268427970980227,89.8989898989899,100.0,0.08383468529971755,-0.5883009275257686,0.0,0.08,0.08268427970980227,0.08268427970980227,0
170,19,0.3002002537250519,0.29713986019853833,0.010246826323747855,0.08245967874439422,91.015625,100.0,0.08000062918099249,0.010246826323747855,0.010246826323747855,0.08819746105899828,0.08245967874439422,0.08245967874439422,0
170,12,0.2845354974269867,0.29713986019853833,0.0,0.15431782854364284,87.890625,100.0,0.18616832649091836,-0.04334491917261092,0.0,0.08,0.15431782854364284,0.15431782854364284,0
170,7,0.650431215763092,0.29713986019853833,0.7,0.62896080340344,72.65625,100.0,0.6242297191477714,0.7834325957989393,0.7,0.6399999999999999,0.62896080340344,0.62896080340344,0
170,4,0.3477771282196045,0.29713986019853833,0.15735889583805682,0.13710906439115644,89.90825688073394,99.08256880733946,0.10763275627146118,0.15735889583805682,0.15735889583805682,0.20588711667044546,0.13710906439115644,0.13710906439115644,0
170,16,0.3235608637332916,0.29713986019853833,0.08518429714790296,0.1917144485075785,90.45454545454545,100.0,0.21038602456011682,0.08518429714790296,0.08518429714790296,0.14814743771832237,0.1917144485075785,0.1917144485075785,0
171,16,0.340617299079895,0.2986139300516017,0.13160801759858617,0.1897860381789656,90.45454545454545,100.0,0.1917144485075785,0.13160801759858617,0.13160801759858617,0.18528641407886895,0.1897860381789656,0.1897860381789656,0
171,12,0.3528726398944855,0.2986139300516017,0.16695565795445572,0.17209183788961935,84.765625,100.0,0.15431782854364284,0.16695565795445572,0.16695565795445572,0.2135645263635646,0.17209183788961935,0.17209183788961935,0
171,3,0.3747488260269165,0.2986139300516017,0.22710446226299305,0.24675799179255176,88.71794871794872,99.48717948717949,0.2403613154991906,0.22710446226299305,0.22710446226299305,0.2616835698103945,0.24675799179255176,0.24675799179255176,0
171,15,1.1919081211090088,0.2986139300516017,0.7,0.6053829733965865,71.42857142857143,92.85714285714286,0.5905471048522665,1.3841592047218798,0.7,0.6399999999999999,0.6053829733965865,0.6053829733965865,0
171,5,0.3077698349952698,0.2986139300516017,0.030200678413397828,0.14341628148875907,91.796875,100.0,0.16024016952791942,0.030200678413397828,0.030200678413397828,0.10416054273071826,0.14341628148875907,0.14341628148875907,0
171,10,0.21740642189979553,0.2986139300516017,0.0,0.07999999999999996,94.921875,100.0,0.07999999999999996,-0.31738300891089943,0.0,0.08,0.07999999999999996,0.07999999999999996,0
171,18,0.13483156263828278,0.2986139300516017,0.0,0.07999999999999996,93.359375,100.0,0.07999999999999996,-0.7951251792777518,0.0,0.08,0.07999999999999996,0.07999999999999996,0
171,13,0.627682089805603,0.2986139300516017,0.7,0.5828470450937642,76.08695652173913,100.0,0.5583529215625204,0.7428822590837743,0.7,0.6399999999999999,0.5828470450937642,0.5828470450937642,0
171,2,0.2718135714530945,0.2986139300516017,0.0,0.09908149863269355,96.92307692307692,100.0,0.10725928376099081,-0.09403509969291353,0.0,0.08,0.09908149863269355,0.09908149863269355,0
171,9,0.2127504199743271,0.2986139300516017,0.0,0.07999999999999996,89.0625,100.0,0.07999999999999996,-0.3390317802336459,0.0,0.08,0.07999999999999996,0.07999999999999996,0
171,6,0.18780967593193054,0.2986139300516017,0.0,0.08000000000046917,93.75,100.0,0.08000000000067024,-0.46372242748944636,0.0,0.08,0.08000000000046917,0.08000000000046917,0
171,4,0.25893792510032654,0.2986139300516017,0.0,0.1199763450738095,89.90825688073394,100.0,0.13710906439115644,-0.14256316855026735,0.0,0.08,0.1199763450738095,0.1199763450738095,0
171,7,0.6659888625144958,0.2986139300516017,0.7,0.6322725623824079,71.484375,100.0,0.62896080340344,0.8021213937486158,0.7,0.6399999999999999,0.6322725623824079,0.6322725623824079,0
171,1,0.19453559815883636,0.2986139300516017,0.0,0.16930274418217248,91.66666666666667,100.0,0.207575348831675,-0.4285363470469828,0.0,0.08,0.16930274418217248,0.16930274418217248,0
171,19,0.2127089947462082,0.2986139300516017,0.0,0.08172177512107595,92.578125,100.0,0.08245967874439422,-0.33922651197476716,0.0,0.08,0.08172177512107595,0.08172177512107595,0
171,0,0.07953756302595139,0.2986139300516017,0.0,0.24425849553145734,66.66666666666667,100.0,0.3146549936163677,-1.3229220420251677,0.0,0.08,0.24425849553145734,0.24425849553145734,0
171,17,0.044791776686906815,0.2986139300516017,0.0,0.07999999999999996,97.65625,100.0,0.07999999999999996,-1.8971267789841337,0.0,0.08,0.07999999999999996,0.07999999999999996,0
171,11,0.8585106730461121,0.2986139300516017,0.7,0.6399999999999997,64.0625,100.0,0.6399999999999997,1.0560475553951376,0.7,0.6399999999999999,0.6399999999999997,0.6399999999999997,0
171,14,0.2822895348072052,0.2986139300516017,0.0,0.08187899579686159,94.94949494949495,100.0,0.08268427970980227,-0.05621826989441697,0.0,0.08,0.08187899579686159,0.08187899579686159,0
171,8,1.1790803670883179,0.2986139300516017,0.7,0.6399999999999997,60.15625,100.0,0.6399999999999997,1.3733385034487064,0.7,0.6399999999999999,0.6399999999999997,0.6399999999999997,0
172,12,0.3515673577785492,0.2964576923594565,0.17049679906177218,0.18538351829755886,89.0625,100.0,0.17209183788961935,0.17049679906177218,0.17049679906177218,0.21639743924941773,0.18538351829755886,0.18538351829755886,0
172,13,0.6079608798027039,0.2964576923594565,0.7,0.5999929315656348,78.26086956521739,100.0,0.5828470450937642,0.7182060021139055,0.7,0.6399999999999999,0.5999929315656348,0.5999929315656348,0
172,1,0.2721840441226959,0.2964576923594565,0.0,0.1425119209275207,91.66666666666667,100.0,0.16930274418217248,-0.08542604477375626,0.0,0.08,0.1425119209275207,0.1425119209275207,0
172,0,0.14398004114627838,0.2964576923594565,0.0,0.1949809468720201,83.33333333333333,100.0,0.24425849553145734,-0.7222297955279415,0.0,0.08,0.1949809468720201,0.1949809468720201,0
172,5,0.29195812344551086,0.2964576923594565,0.0,0.12439139704213134,92.96875,100.0,0.14341628148875907,-0.015294138423539869,0.0,0.08,0.12439139704213134,0.12439139704213134,0
172,11,0.9993689060211182,0.2964576923594565,0.7,0.6399999999999997,58.59375,100.0,0.6399999999999997,1.2152194439850796,0.7,0.6399999999999999,0.6399999999999997,0.6399999999999997,0
172,2,0.2680565416812897,0.2964576923594565,0.0,0.09335704904288547,92.3076923076923,100.0,0.09908149863269355,-0.10070657981411665,0.0,0.08,0.09335704904288547,0.09335704904288547,0
172,3,0.40479981899261475,0.2964576923594565,0.3114881437232305,0.2714877487483615,88.71794871794872,98.97435897435898,0.24675799179255176,0.3114881437232305,0.3114881437232305,0.3291905149785844,0.2714877487483615,0.2714877487483615,0
172,7,0.762684166431427,0.2964576923594565,0.7,0.6345907936676854,69.921875,100.0,0.6322725623824079,0.9449394703748126,0.7,0.6399999999999999,0.6345907936676854,0.6345907936676854,0
172,14,0.34674307703971863,0.2964576923594565,0.15667957075617814,0.11891839403928586,89.8989898989899,100.0,0.08187899579686159,0.15667957075617814,0.15667957075617814,0.20534365660494253,0.11891839403928586,0.11891839403928586,0
172,15,0.9976397752761841,0.2964576923594565,0.7,0.6157680813776105,57.142857142857146,85.71428571428571,0.6053829733965865,1.2134877227603007,0.7,0.6399999999999999,0.6157680813776105,0.6157680813776105,0
172,6,0.23974347114562988,0.2964576923594565,0.0,0.08000000000032842,94.921875,100.0,0.08000000000046917,-0.21233502862332562,0.0,0.08,0.08000000000032842,0.08000000000032842,0
172,8,1.0766040086746216,0.2964576923594565,0.7,0.6399999999999997,53.90625,100.0,0.6399999999999997,1.2896623870652866,0.7,0.6399999999999999,0.6399999999999997,0.6399999999999997,0
172,18,0.20465371012687683,0.2964576923594565,0.0,0.07999999999999996,96.09375,100.0,0.07999999999999996,-0.3705851710316898,0.0,0.08,0.07999999999999996,0.07999999999999996,0
172,19,0.2946278154850006,0.2964576923594565,0.0,0.08120524258475316,91.40625,100.0,0.08172177512107595,-0.00619160048448229,0.0,0.08,0.08120524258475316,0.08120524258475316,0
172,10,0.2739799916744232,0.2964576923594565,0.0,0.07999999999999996,92.578125,100.0,0.07999999999999996,-0.07884943466613857,0.0,0.08,0.07999999999999996,0.07999999999999996,0
172,16,0.39424246549606323,0.2964576923594565,0.2850615882445877,0.22526500790397697,89.54545454545455,100.0,0.1897860381789656,0.2850615882445877,0.2850615882445877,0.30804927059567017,0.22526500790397697,0.22526500790397697,0
172,4,0.44168609380722046,0.2964576923594565,0.398694905603122,0.20367021889641593,95.41284403669725,100.0,0.1199763450738095,0.398694905603122,0.398694905603122,0.3989559244824976,0.20367021889641593,0.20367021889641593,0
172,9,0.19771283864974976,0.2964576923594565,0.0,0.07999999999999996,94.921875,100.0,0.07999999999999996,-0.4050888330949691,0.0,0.08,0.07999999999999996,0.07999999999999996,0
172,17,0.09979937970638275,0.2964576923594565,0.0,0.07999999999999996,97.65625,100.0,0.07999999999999996,-1.0887424836686468,0.0,0.08,0.07999999999999996,0.07999999999999996,0
173,12,0.3946186900138855,0.29888046774974686,0.2778762287566611,0.22045875770988987,86.328125,100.0,0.18538351829755886,0.2778762287566611,0.2778762287566611,0.3023009830053289,0.22045875770988987,0.22045875770988987,0
173,14,0.2568676769733429,0.29888046774974686,0.0,0.10724287582750011,93.93939393939394,100.0,0.11891839403928586,-0.15148263786425345,0.0,0.08,0.10724287582750011,0.10724287582750011,0
173,19,0.2390868216753006,0.29888046774974686,0.0,0.08084366980932721,89.453125,100.0,0.08120524258475316,-0.22321695510748546,0.0,0.08,0.08084366980932721,0.08084366980932721,0
173,11,1.004232406616211,0.29888046774974686,0.7,0.6399999999999997,56.25,100.0,0.6399999999999997,1.2119350106094782,0.7,0.6399999999999999,0.6399999999999997,0.6399999999999997,0
173,13,0.564557671546936,0.29888046774974686,0.6359988065233236,0.596634765661542,71.73913043478261,100.0,0.5999929315656348,0.6359988065233236,0.6359988065233236,0.5887990452186589,0.596634765661542,0.596634765661542,0
173,10,0.25316330790519714,0.29888046774974686,0.0,0.07999999999999996,92.96875,100.0,0.07999999999999996,-0.1660089477233075,0.0,0.08,0.07999999999999996,0.07999999999999996,0
173,0,0.47632136940956116,0.29888046774974686,0.46604903972968115,0.27233843234553756,100.0,100.0,0.1949809468720201,0.46604903972968115,0.46604903972968115,0.45283923178374497,0.27233843234553756,0.27233843234553756,0
173,3,0.43961960077285767,0.29888046774974686,0.3858660785217889,0.3066492829690824,85.12820512820512,100.0,0.2714877487483615,0.3858660785217889,0.3858660785217889,0.38869286281743115,0.3066492829690824,0.3066492829690824,0
173,17,0.0669664740562439,0.29888046774974686,0.0,0.07999999999999996,95.703125,100.0,0.07999999999999996,-1.495851497242262,0.0,0.08,0.07999999999999996,0.07999999999999996,0
173,7,0.6426137089729309,0.29888046774974686,0.7,0.6362135555673798,75.78125,100.0,0.6345907936676854,0.7655000421121271,0.7,0.6399999999999999,0.6362135555673798,0.6362135555673798,0
173,6,0.16036616265773773,0.29888046774974686,0.0,0.08000000000022989,92.578125,100.0,0.08000000000032842,-0.6225839739697473,0.0,0.08,0.08000000000022989,0.08000000000022989,0
173,1,0.34321412444114685,0.29888046774974686,0.13831079752886866,0.15695293605619298,95.83333333333333,100.0,0.1425119209275207,0.13831079752886866,0.13831079752886866,0.19064863802309495,0.15695293605619298,0.15695293605619298,0
173,15,0.5415632128715515,0.29888046774974686,0.5944160611918541,0.5976975116503723,57.142857142857146,100.0,0.6157680813776105,0.5944160611918541,0.5944160611918541,0.5555328489534833,0.5976975116503723,0.5976975116503723,0
173,16,0.36469367146492004,0.29888046774974686,0.1990140188636022,0.2294488700600484,86.81818181818181,100.0,0.22526500790397697,0.1990140188636022,0.1990140188636022,0.23921121509088178,0.2294488700600484,0.2294488700600484,0
173,2,0.20175273716449738,0.29888046774974686,0.0,0.08934993433001984,90.76923076923077,100.0,0.09335704904288547,-0.39300082977204664,0.0,0.08,0.08934993433001984,0.08934993433001984,0
173,9,0.22442425787448883,0.29888046774974686,0.0,0.07999999999999996,92.96875,100.0,0.07999999999999996,-0.28650544009650025,0.0,0.08,0.07999999999999996,0.07999999999999996,0
173,18,0.11700905114412308,0.29888046774974686,0.0,0.07999999999999996,95.3125,100.0,0.07999999999999996,-0.9377923760307056,0.0,0.08,0.07999999999999996,0.07999999999999996,0
173,5,0.24883215129375458,0.29888046774974686,0.0,0.11107397792949195,88.28125,100.0,0.12439139704213134,-0.18326513534488656,0.0,0.08,0.11107397792949195,0.11107397792949195,0
173,8,1.2105252742767334,0.29888046774974686,0.7,0.6399999999999997,54.6875,100.0,0.6399999999999997,1.3987659101192973,0.7,0.6399999999999999,0.6399999999999997,0.6399999999999997,0
173,4,0.15844573080539703,0.29888046774974686,0.0,0.16656915322749113,91.74311926605505,98.1651376146789,0.20367021889641593,-0.6346315481001711,0.0,0.08,0.16656915322749113,0.16656915322749113,0
174,14,0.13849841058254242,0.2989965110454966,0.0,0.09907001307925006,92.92929292929293,100.0,0.10724287582750011,-0.7695730161974392,0.0,0.08,0.09907001307925006,0.09907001307925006,0
174,18,0.12318403273820877,0.2989965110454966,0.0,0.07999999999999996,93.75,100.0,0.07999999999999996,-0.8867524185419168,0.0,0.08,0.07999999999999996,0.07999999999999996,0
174,16,0.3334636688232422,0.2989965110454966,0.10910201232526545,0.2107986920000976,92.72727272727273,100.0,0.2294488700600484,0.10910201232526545,0.10910201232526545,0.16728160986021237,0.2107986920000976,0.2107986920000976,0
174,7,0.7339040040969849,0.2989965110454966,0.7,0.6373494888971658,69.53125,100.0,0.6362135555673798,0.8979463110545572,0.7,0.6399999999999999,0.6373494888971658,0.6373494888971658,0
174,19,0.27476173639297485,0.2989965110454966,0.0,0.08059056886652904,89.0625,100.0,0.08084366980932721,-0.08452759263115071,0.0,0.08,0.08059056886652904,0.08059056886652904,0
174,13,0.5459878444671631,0.2989965110454966,0.6021647929082024,0.586163886261048,78.26086956521739,100.0,0.596634765661542,0.6021647929082024,0.6021647929082024,0.5617318343265619,0.586163886261048,0.586163886261048,0
174,4,0.40437403321266174,0.2989965110454966,0.3019083611394679,0.21305641393271607,94.4954128440367,100.0,0.16656915322749113,0.3019083611394679,0.3019083611394679,0.3215266889115743,0.21305641393271607,0.21305641393271607,0
174,6,0.22965122759342194,0.2989965110454966,0.0,0.08000000000016091,91.015625,100.0,0.08000000000022989,-0.2638701382246913,0.0,0.08,0.08000000000016091,0.08000000000016091,0
174,12,0.3328518867492676,0.2989965110454966,0.10726569851746591,0.20406489804111472,88.28125,100.0,0.22045875770988987,0.10726569851746591,0.10726569851746591,0.16581255881397272,0.20406489804111472,0.20406489804111472,0
174,11,0.921423614025116,0.2989965110454966,0.7,0.6399999999999997,62.109375,100.0,0.6399999999999997,1.125487953421369,0.7,0.6399999999999999,0.6399999999999997,0.6399999999999997,0
174,1,0.4596766531467438,0.2989965110454966,0.43009139810236713,0.23708899078390322,95.83333333333333,100.0,0.15695293605619298,0.43009139810236713,0.43009139810236713,0.4240731184818937,0.23708899078390322,0.23708899078390322,0
174,8,1.2560166120529175,0.2989965110454966,0.7,0.6399999999999997,53.90625,100.0,0.6399999999999997,1.435268643035485,0.7,0.6399999999999999,0.6399999999999997,0.6399999999999997,0
174,15,1.270443320274353,0.2989965110454966,0.7,0.6103882581552605,57.142857142857146,100.0,0.5976975116503723,1.4466892594712837,0.7,0.6399999999999999,0.6103882581552605,0.6103882581552605,0
174,10,0.18221749365329742,0.2989965110454966,0.0,0.07999999999999996,93.359375,100.0,0.07999999999999996,-0.4952308894624622,0.0,0.08,0.07999999999999996,0.07999999999999996,0
174,5,0.30554813146591187,0.2989965110454966,0.021675410712982124,0.10695388312176006,90.234375,100.0,0.11107397792949195,0.021675410712982124,0.021675410712982124,0.0973403285703857,0.10695388312176006,0.10695388312176006,0
174,9,0.2638859152793884,0.2989965110454966,0.0,0.07999999999999996,92.96875,100.0,0.07999999999999996,-0.12491502947440625,0.0,0.08,0.07999999999999996,0.07999999999999996,0
174,2,0.2243870049715042,0.2989965110454966,0.0,0.0865449540310139,84.61538461538461,100.0,0.08934993433001984,-0.28705963159526887,0.0,0.08,0.0865449540310139,0.0865449540310139,0
174,3,0.4090692400932312,0.2989965110454966,0.31345251931824675,0.31388310271473685,88.71794871794872,98.97435897435898,0.3066492829690824,0.31345251931824675,0.31345251931824675,0.33076201545459744,0.31388310271473685,0.31388310271473685,0
174,0,0.4864194691181183,0.2989965110454966,0.4866394393554491,0.33143036808718407,100.0,100.0,0.27233843234553756,0.4866394393554491,0.4866394393554491,0.4693115514843593,0.33143036808718407,0.33143036808718407,0
174,17,0.10503723472356796,0.2989965110454966,0.0,0.07999999999999996,97.265625,100.0,0.07999999999999996,-1.0461169391084075,0.0,0.08,0.07999999999999996,0.07999999999999996,0
175,10,0.18023432791233063,0.30241263771957244,0.0,0.07999999999999996,95.3125,100.0,0.07999999999999996,-0.5175345864267556,0.0,0.08,0.07999999999999996,0.07999999999999996,0
175,4,0.20881812274456024,0.30241263771957244,0.0,0.17313948975290122,94.4954128440367,100.0,0.21305641393271607,-0.37032877301600414,0.0,0.08,0.17313948975290122,0.17313948975290122,0
175,17,0.13009698688983917,0.30241263771957244,0.0,0.07999999999999996,96.875,100.0,0.07999999999999996,-0.8435121657393708,0.0,0.08,0.07999999999999996,0.07999999999999996,0
175,18,0.24803954362869263,0.30241263771957244,0.0,0.07999999999999996,96.09375,99.609375,0.07999999999999996,-0.1982042440142337,0.0,0.08,0.07999999999999996,0.07999999999999996,0
175,1,0.2645947337150574,0.30241263771957244,0.0,0.18996229354873223,79.16666666666667,100.0,0.23708899078390322,-0.1335930814391606,0.0,0.08,0.18996229354873223,0.18996229354873223,0
175,14,0.21506553888320923,0.30241263771957244,0.0,0.09334900915547503,92.92929292929293,100.0,0.09907001307925006,-0.3408496077120413,0.0,0.08,0.09334900915547503,0.09334900915547503,0
175,8,1.1303730010986328,0.30241263771957244,0.7,0.6399999999999997,51.171875,100.0,0.6399999999999997,1.3185104876530527,0.7,0.6399999999999999,0.6399999999999997,0.6399999999999997,0
175,2,0.32363003492355347,0.30241263771957244,0.06780855884424714,0.10085552194432904,92.3076923076923,100.0,0.0865449540310139,0.06780855884424714,0.06780855884424714,0.13424684707539772,0.10085552194432904,0.10085552194432904,0
175,11,0.9280776977539062,0.30241263771957244,0.7,0.6399999999999997,58.59375,100.0,0.6399999999999997,1.1213229981840036,0.7,0.6399999999999999,0.6399999999999997,0.6399999999999997,0
175,9,0.2525426149368286,0.30241263771957244,0.0,0.07999999999999996,95.3125,100.0,0.07999999999999996,-0.18021242180090585,0.0,0.08,0.07999999999999996,0.07999999999999996,0
175,7,0.6586354970932007,0.30241263771957244,0.7,0.638144642228016,71.484375,100.0,0.6373494888971658,0.7783778135757095,0.7,0.6399999999999999,0.638144642228016,0.638144642228016,0
175,3,0.34619244933128357,0.30241263771957244,0.13520239335474624,0.2761667463054549,88.2051282051282,100.0,0.31388310271473685,0.13520239335474624,0.13520239335474624,0.188161914683797,0.2761667463054549,0.2761667463054549,0
175,16,0.26258814334869385,0.30241263771957244,0.0,0.1715590844000683,88.18181818181819,100.0,0.2107986920000976,-0.1412056199635089,0.0,0.08,0.1715590844000683,0.1715590844000683,0
175,13,0.7166767120361328,0.30241263771957244,0.7,0.6023147203827336,65.21739130434783,100.0,0.586163886261048,0.8628323952030164,0.7,0.6399999999999999,0.6023147203827336,0.6023147203827336,0
175,5,0.3244836926460266,0.30241263771957244,0.07044284401204211,0.11577400074812214,91.796875,100.0,0.10695388312176006,0.07044284401204211,0.07044284401204211,0.1363542752096337,0.11577400074812214,0.11577400074812214,0
175,19,0.2848336696624756,0.30241263771957244,0.0,0.08041339820657033,91.40625,99.609375,0.08059056886652904,-0.059887038112422,0.0,0.08,0.08041339820657033,0.08041339820657033,0
175,12,0.36487048864364624,0.30241263771957244,0.1877500244898753,0.21190543450635035,87.109375,100.0,0.20406489804111472,0.1877500244898753,0.1877500244898753,0.23020001959190023,0.21190543450635035,0.21190543450635035,0
175,0,0.11226961016654968,0.30241263771957244,0.0,0.2560012576610288,100.0,100.0,0.33143036808718407,-0.9908891666494093,0.0,0.08,0.2560012576610288,0.2560012576610288,0
175,15,0.9238599538803101,0.30241263771957244,0.7,0.6192717807086824,71.42857142857143,92.85714285714286,0.6103882581552605,1.116768038013846,0.7,0.6399999999999999,0.6192717807086824,0.6192717807086824,0
175,6,0.21310728788375854,0.30241263771957244,0.0,0.08000000000011263,95.703125,100.0,0.08000000000016091,-0.3499966830950694,0.0,0.08,0.08000000000011263,0.08000000000011263,0
176,16,0.292569100856781,0.29964279411649186,0.0,0.1440913590800478,89.0909090909091,100.0,0.1715590844000683,-0.023890197124338333,0.0,0.08,0.1440913590800478,0.1440913590800478,0
176,13,0.6215384006500244,0.29964279411649186,0.7,0.6136203042679135,69.56521739130434,100.0,0.6023147203827336,0.7296065998578318,0.7,0.6399999999999999,0.6136203042679135,0.6136203042679135,0
176,11,1.0253372192382812,0.29964279411649186,0.7,0.6399999999999997,58.59375,100.0,0.6399999999999997,1.230185729276616,0.7,0.6399999999999999,0.6399999999999997,0.6399999999999997,0
176,10,0.2528822422027588,0.29964279411649186,0.0,0.07999999999999996,94.53125,100.0,0.07999999999999996,-0.16966713824162735,0.0,0.08,0.07999999999999996,0.07999999999999996,0
176,6,0.3121087849140167,0.29964279411649186,0.040760716353873364,0.08978257192500844,93.359375,100.0,0.08000000000011263,0.040760716353873364,0.040760716353873364,0.11260857308309868,0.08978257192500844,0.08978257192500844,0
176,17,0.10496151447296143,0.29964279411649186,0.0,0.07999999999999996,97.265625,100.0,0.07999999999999996,-1.048997262907322,0.0,0.08,0.07999999999999996,0.07999999999999996,0
176,14,0.18337218463420868,0.29964279411649186,0.0,0.08934430640883251,91.91919191919192,100.0,0.09334900915547503,-0.49107317449297555,0.0,0.08,0.08934430640883251,0.08934430640883251,0
176,19,0.2666237950325012,0.29964279411649186,0.0,0.08028937874459922,88.28125,100.0,0.08041339820657033,-0.11675241736774339,0.0,0.08,0.08028937874459922,0.08028937874459922,0
176,3,0.33778393268585205,0.29964279411649186,0.11981535594927362,0.24607240784164408,88.71794871794872,100.0,0.2761667463054549,0.11981535594927362,0.11981535594927362,0.1758522847594189,0.24607240784164408,0.24607240784164408,0
176,8,1.1326748132705688,0.29964279411649186,0.7,0.6399999999999997,57.421875,100.0,0.6399999999999997,1.3297461024564967,0.7,0.6399999999999999,0.6399999999999997,0.6399999999999997,0
176,15,1.8031740188598633,0.29964279411649186,0.7,0.6254902464960777,64.28571428571429,100.0,0.6192717807086824,1.7947126280547836,0.7,0.6399999999999999,0.6254902464960777,0.6254902464960777,0
176,9,0.2093707025051117,0.29964279411649186,0.0,0.07999999999999996,93.359375,100.0,0.07999999999999996,-0.35848468753867246,0.0,0.08,0.07999999999999996,0.07999999999999996,0
176,0,0.7004936337471008,0.29964279411649186,0.7,0.37120088036272014,100.0,100.0,0.2560012576610288,0.8491941795351438,0.7,0.6399999999999999,0.37120088036272014,0.37120088036272014,0
176,4,0.24675984680652618,0.29964279411649186,0.0,0.14519764282703085,88.07339449541284,100.0,0.17313948975290122,-0.1941754882740511,0.0,0.08,0.14519764282703085,0.14519764282703085,0
176,7,0.724205732345581,0.29964279411649186,0.7,0.6387012495596112,72.65625,100.0,0.638144642228016,0.8824844142054509,0.7,0.6399999999999999,0.6387012495596112,0.6387012495596112,0
176,12,0.2914544343948364,0.29964279411649186,0.0,0.17233380415444524,88.28125,100.0,0.21190543450635035,-0.027707398692348204,0.0,0.08,0.17233380415444524,0.17233380415444524,0
176,18,0.21279603242874146,0.29964279411649186,0.0,0.07999999999999996,94.921875,100.0,0.07999999999999996,-0.34225695263555456,0.0,0.08,0.07999999999999996,0.07999999999999996,0
176,1,0.5995696783065796,0.29964279411649186,0.6936210994386173,0.3234426693493807,91.66666666666667,100.0,0.18996229354873223,0.6936210994386173,0.6936210994386173,0.6348968795508938,0.3234426693493807,0.3234426693493807,0
176,2,0.29889774322509766,0.29964279411649186,0.0,0.09459886536103032,90.76923076923077,100.0,0.10085552194432904,-0.002489559870483647,0.0,0.08,0.09459886536103032,0.09459886536103032,0
176,5,0.2146068513393402,0.29964279411649186,0.0,0.1050418005236855,85.9375,100.0,0.11577400074812214,-0.3337833099450173,0.0,0.08,0.1050418005236855,0.1050418005236855,0
177,19,0.19392149150371552,0.2992518569089366,0.0,0.08020256512121945,93.75,100.0,0.08028937874459922,-0.4338321372911799,0.0,0.08,0.08020256512121945,0.08020256512121945,0
177,17,0.0852498710155487,0.2992518569089366,0.0,0.07999999999999996,97.265625,100.0,0.07999999999999996,-1.2556988625943633,0.0,0.08,0.07999999999999996,0.07999999999999996,0
177,10,0.19171547889709473,0.2992518569089366,0.0,0.07999999999999996,96.09375,100.0,0.07999999999999996,-0.445273138672065,0.0,0.08,0.07999999999999996,0.07999999999999996,0
177,5,0.31033414602279663,0.2992518569089366,0.03636405654692207,0.10625663393784116,89.453125,100.0,0.1050418005236855,0.03636405654692207,0.03636405654692207,0.10909124523753766,0.10625663393784116,0.10625663393784116,0
177,7,0.8673387765884399,0.2992518569089366,0.7,0.6390908746917278,72.265625,100.0,0.6387012495596112,1.0641440747205824,0.7,0.6399999999999999,0.6390908746917278,0.6390908746917278,0
177,11,0.8360827565193176,0.2992518569089366,0.7,0.6399999999999997,62.109375,100.0,0.6399999999999997,1.0274420281527878,0.7,0.6399999999999999,0.6399999999999997,0.6399999999999997,0
177,2,0.18517544865608215,0.2992518569089366,0.0,0.09021920575272122,96.92307692307692,100.0,0.09459886536103032,-0.4799817822696194,0.0,0.08,0.09021920575272122,0.09021920575272122,0
177,0,0.09048038721084595,0.2992518569089366,0.0,0.2838406162539041,83.33333333333333,100.0,0.37120088036272014,-1.1961523612064526,0.0,0.08,0.2838406162539041,0.2838406162539041,0
177,3,0.3189094662666321,0.2992518569089366,0.06362170600972726,0.21151989493148537,90.76923076923077,100.0,0.24607240784164408,0.06362170600972726,0.06362170600972726,0.1308973648077818,0.21151989493148537,0.21151989493148537,0
177,9,0.2076476663351059,0.2992518569089366,0.0,0.07999999999999996,95.3125,100.0,0.07999999999999996,-0.36544280332648754,0.0,0.08,0.07999999999999996,0.07999999999999996,0
177,15,0.4911951422691345,0.2992518569089366,0.4955559245803273,0.5807765944465328,64.28571428571429,92.85714285714286,0.6254902464960777,0.4955559245803273,0.4955559245803273,0.4764447396642619,0.5807765944465328,0.5807765944465328,0
177,6,0.2602529227733612,0.2992518569089366,0.0,0.08684780034750592,90.234375,100.0,0.08978257192500844,-0.1396316065514873,0.0,0.08,0.08684780034750592,0.08684780034750592,0
177,4,0.26072829961776733,0.2992518569089366,0.0,0.1256383499789216,90.8256880733945,99.08256880733946,0.14519764282703085,-0.13780667721562134,0.0,0.08,0.1256383499789216,0.1256383499789216,0
177,1,0.49230703711509705,0.2992518569089366,0.49781701829293173,0.36988595293487014,95.83333333333333,100.0,0.3234426693493807,0.49781701829293173,0.49781701829293173,0.4782536146343454,0.36988595293487014,0.36988595293487014,0
177,8,1.3019670248031616,0.2992518569089366,0.7,0.6399999999999997,51.953125,100.0,0.6399999999999997,1.4703459205114282,0.7,0.6399999999999999,0.6399999999999997,0.6399999999999997,0
177,12,0.40443509817123413,0.2992518569089366,0.3012057157911426,0.21692303469798588,87.5,100.0,0.17233380415444524,0.3012057157911426,0.3012057157911426,0.32096457263291406,0.21692303469798588,0.21692303469798588,0
177,14,0.2617529034614563,0.2992518569089366,0.0,0.08654101448618276,92.92929292929293,100.0,0.08934430640883251,-0.13388460265348257,0.0,0.08,0.08654101448618276,0.08654101448618276,0
177,16,0.3296342194080353,0.2992518569089366,0.09669806095749105,0.1480714859858313,91.36363636363636,100.0,0.1440913590800478,0.09669806095749105,0.09669806095749105,0.15735844876599286,0.1480714859858313,0.1480714859858313,0
177,13,0.7444972395896912,0.2992518569089366,0.7,0.6215342129875394,73.91304347826087,100.0,0.6136203042679135,0.9114235747669456,0.7,0.6399999999999999,0.6215342129875394,0.6215342129875394,0
177,18,0.16743364930152893,0.2992518569089366,0.0,0.07999999999999996,94.53125,100.0,0.07999999999999996,-0.5806983741053358,0.0,0.08,0.07999999999999996,0.07999999999999996,0
178,12,0.4458872377872467,0.29793102369225555,0.40320408324859125,0.272615104268252,89.84375,100.0,0.21692303469798588,0.40320408324859125,0.40320408324859125,0.40256326659887304,0.272615104268252,0.272615104268252,0
178,14,0.2795826494693756,0.29793102369225555,0.0,0.08457871014032793,92.92929292929293,100.0,0.08654101448618276,-0.06356403978710516,0.0,0.08,0.08457871014032793,0.08457871014032793,0
178,9,0.1972356140613556,0.29793102369225555,0.0,0.07999999999999996,96.09375,100.0,0.07999999999999996,-0.4124629539065662,0.0,0.08,0.07999999999999996,0.07999999999999996,0
178,19,0.22708559036254883,0.29793102369225555,0.0,0.08014179558485361,91.796875,100.0,0.08020256512121945,-0.27153498865088505,0.0,0.08,0.08014179558485361,0.08014179558485361,0
178,7,0.589293360710144,0.29793102369225555,0.6820621131909896,0.6350585194500469,77.734375,100.0,0.6390908746917278,0.6820621131909896,0.6820621131909896,0.6256496905527917,0.6350585194500469,0.6350585194500469,0
178,11,0.9844896793365479,0.29793102369225555,0.7,0.6399999999999997,58.984375,100.0,0.6399999999999997,1.195261395871147,0.7,0.6399999999999999,0.6399999999999997,0.6399999999999997,0
178,17,0.10383923351764679,0.29793102369225555,0.0,0.07999999999999996,97.265625,100.0,0.07999999999999996,-1.054018061305666,0.0,0.08,0.07999999999999996,0.07999999999999996,0
178,2,0.1986069679260254,0.29793102369225555,0.0,0.08715344402690484,93.84615384615384,100.0,0.09021920575272122,-0.40553414258530496,0.0,0.08,0.08715344402690484,0.08715344402690484,0
178,4,0.19169102609157562,0.29793102369225555,0.0,0.1119468449852451,92.66055045871559,100.0,0.1256383499789216,-0.4409771402856839,0.0,0.08,0.1119468449852451,0.1119468449852451,0
178,5,0.2807038128376007,0.29793102369225555,0.0,0.0983796437564888,90.234375,100.0,0.10625663393784116,-0.05956192693914761,0.0,0.08,0.0983796437564888,0.0983796437564888,0
178,13,0.47943389415740967,0.29793102369225555,0.47574401240512837,0.5732525120685084,69.56521739130434,100.0,0.6215342129875394,0.47574401240512837,0.47574401240512837,0.46059520992410274,0.5732525120685084,0.5732525120685084,0
178,8,1.0311756134033203,0.29793102369225555,0.7,0.6399999999999997,58.984375,100.0,0.6399999999999997,1.2415927831291844,0.7,0.6399999999999999,0.6399999999999997,0.6399999999999997,0
178,18,0.10316826403141022,0.29793102369225555,0.0,0.07999999999999996,94.140625,100.0,0.07999999999999996,-1.0605006455509975,0.0,0.08,0.07999999999999996,0.07999999999999996,0
178,0,0.04369698464870453,0.29793102369225555,0.0,0.22268843137773287,83.33333333333333,100.0,0.2838406162539041,-1.919582701762557,0.0,0.08,0.22268843137773287,0.22268843137773287,0
178,1,0.2689912021160126,0.29793102369225555,0.0,0.2829201670544091,87.5,100.0,0.36988595293487014,-0.10218331880382114,0.0,0.08,0.2829201670544091,0.2829201670544091,0
178,16,0.3418472707271576,0.29793102369225555,0.13750206059081388,0.16065053473187724,86.81818181818181,100.0,0.1480714859858313,0.13750206059081388,0.13750206059081388,0.1900016484726511,0.16065053473187724,0.16065053473187724,0
178,3,0.3177322447299957,0.29793102369225555,0.06434703271130936,0.187507214302754,93.84615384615384,100.0,0.21151989493148537,0.06434703271130936,0.06434703271130936,0.13147762616904748,0.187507214302754,0.187507214302754,0
178,10,0.24156050384044647,0.29793102369225555,0.0,0.07999999999999996,91.40625,100.0,0.07999999999999996,-0.20974201254565902,0.0,0.08,0.07999999999999996,0.07999999999999996,0
178,6,0.1803198903799057,0.29793102369225555,0.0,0.08479346024325414,94.921875,100.0,0.08684780034750592,-0.5021295313298171,0.0,0.08,0.08479346024325414,0.08479346024325414,0
178,15,0.8397379517555237,0.29793102369225555,0.7,0.5985436161125729,64.28571428571429,100.0,0.5807765944465328,1.0362278637213844,0.7,0.6399999999999999,0.5985436161125729,0.5985436161125729,0
179,6,0.2053954005241394,0.2955666139022994,0.0,0.08335542217027789,89.453125,100.0,0.08479346024325414,-0.3639573198758899,0.0,0.08,0.08335542217027789,0.08335542217027789,0
179,5,0.3279966115951538,0.2955666139022994,0.10410903528451101,0.1178519190978248,86.328125,100.0,0.0983796437564888,0.10410903528451101,0.10410903528451101,0.16328722822760883,0.1178519190978248,0.1178519190978248,0
179,18,0.2020445168018341,0.2955666139022994,0.0,0.07999999999999996,93.75,100.0,0.07999999999999996,-0.3804061702096168,0.0,0.08,0.07999999999999996,0.07999999999999996,0
179,10,0.24262817203998566,0.2955666139022994,0.0,0.07999999999999996,93.359375,100.0,0.07999999999999996,-0.19736411657460282,0.0,0.08,0.07999999999999996,0.07999999999999996,0
179,12,0.35650596022605896,0.2955666139022994,0.18745671345947673,0.25982018421805075,88.671875,100.0,0.272615104268252,0.18745671345947673,0.18745671345947673,0.2299653707675814,0.25982018421805075,0.25982018421805075,0
179,19,0.278486967086792,0.2955666139022994,0.0,0.08009925690939752,95.3125,100.0,0.08014179558485361,-0.05952297566698392,0.0,0.08,0.08009925690939752,0.08009925690939752,0
179,9,0.16506078839302063,0.2955666139022994,0.0,0.07999999999999996,95.3125,100.0,0.07999999999999996,-0.5825803918922969,0.0,0.08,0.07999999999999996,0.07999999999999996,0
179,4,0.3091505765914917,0.2955666139022994,0.04493422040422339,0.11314700438668518,92.66055045871559,99.08256880733946,0.1119468449852451,0.04493422040422339,0.04493422040422339,0.1159473763233787,0.11314700438668518,0.11314700438668518,0
179,7,0.6430776715278625,0.2955666139022994,0.7,0.6365409636150328,74.609375,100.0,0.6350585194500469,0.7773712549940585,0.7,0.6399999999999999,0.6365409636150328,0.6365409636150328,0
179,3,0.35252976417541504,0.2955666139022994,0.1762408113993391,0.19755284474776913,88.2051282051282,99.48717948717949,0.187507214302754,0.1762408113993391,0.1762408113993391,0.22099264911947125,0.19755284474776913,0.19755284474776913,0
179,17,0.12417435646057129,0.2955666139022994,0.0,0.07999999999999996,94.53125,100.0,0.07999999999999996,-0.8672075140399674,0.0,0.08,0.07999999999999996,0.07999999999999996,0
179,0,0.21370452642440796,0.2955666139022994,0.0,0.17988190196441298,100.0,100.0,0.22268843137773287,-0.3242998829282403,0.0,0.08,0.17988190196441298,0.17988190196441298,0
179,11,1.0706086158752441,0.2955666139022994,0.7,0.6399999999999997,53.90625,100.0,0.6399999999999997,1.2870883019426889,0.7,0.6399999999999999,0.6399999999999997,0.6399999999999997,0
179,8,1.0954729318618774,0.2955666139022994,0.7,0.6399999999999997,54.296875,100.0,0.6399999999999997,1.3100471863484946,0.7,0.6399999999999999,0.6399999999999997,0.6399999999999997,0
179,15,1.297642707824707,0.2955666139022994,0.7,0.610980531278801,57.142857142857146,100.0,0.5985436161125729,1.4794103304291923,0.7,0.6399999999999999,0.610980531278801,0.610980531278801,0
179,13,0.6159335970878601,0.2955666139022994,0.7,0.5932767584479558,76.08695652173913,100.0,0.5732525120685084,0.7342449039914247,0.7,0.6399999999999999,0.5932767584479558,0.5932767584479558,0
179,16,0.31712740659713745,0.2955666139022994,0.0704093651885556,0.1533536219575674,92.27272727272727,100.0,0.16065053473187724,0.0704093651885556,0.0704093651885556,0.1363274921508445,0.1533536219575674,0.1533536219575674,0
179,2,0.2891126573085785,0.2955666139022994,0.0,0.08500741081883338,95.38461538461539,100.0,0.08715344402690484,-0.0220778086132166,0.0,0.08,0.08500741081883338,0.08500741081883338,0
179,14,0.14422044157981873,0.2955666139022994,0.0,0.08320509709822954,94.94949494949495,100.0,0.08457871014032793,-0.7175512303608959,0.0,0.08,0.08320509709822954,0.08320509709822954,0
179,1,0.16741766035556793,0.2955666139022994,0.0,0.22204411693808634,83.33333333333333,100.0,0.2829201670544091,-0.5684025628676399,0.0,0.08,0.22204411693808634,0.22204411693808634,0
180,19,0.2827201783657074,0.29592311420707296,0.0,0.08006947983657826,91.796875,100.0,0.08009925690939752,-0.04564203024192935,0.0,0.08,0.08006947983657826,0.08006947983657826,0
180,12,0.3301354944705963,0.29592311420707296,0.10940348471173364,0.2321309652834516,87.109375,100.0,0.25982018421805075,0.10940348471173364,0.10940348471173364,0.16752278776938692,0.2321309652834516,0.2321309652834516,0
180,16,0.3379957973957062,0.29592311420707296,0.13293378617587157,0.16325164405250636,88.18181818181819,100.0,0.1533536219575674,0.13293378617587157,0.13293378617587157,0.18634702894069727,0.16325164405250636,0.16325164405250636,0
180,18,0.11959094554185867,0.29592311420707296,0.0,0.07999999999999996,95.703125,100.0,0.07999999999999996,-0.9060224889782083,0.0,0.08,0.07999999999999996,0.07999999999999996,0
180,0,0.48752155900001526,0.29592311420707296,0.4992348284862563,0.2697336902117906,100.0,100.0,0.17988190196441298,0.4992348284862563,0.4992348284862563,0.4793878627890051,0.2697336902117906,0.2697336902117906,0
180,11,0.9609124660491943,0.29592311420707296,0.7,0.6399999999999997,60.9375,100.0,0.6399999999999997,1.1777836238357822,0.7,0.6399999999999999,0.6399999999999997,0.6399999999999997,0
180,10,0.18582700192928314,0.29592311420707296,0.0,0.07999999999999996,96.484375,100.0,0.07999999999999996,-0.46528350751194747,0.0,0.08,0.07999999999999996,0.07999999999999996,0
180,3,0.3022572696208954,0.29592311420707296,0.02117886889659956,0.1673699198586223,89.74358974358974,99.48717948717949,0.19755284474776913,0.02117886889659956,0.02117886889659956,0.09694309511727965,0.1673699198586223,0.1673699198586223,0
180,13,0.5955924391746521,0.29592311420707296,0.6994569179754361,0.6071633912276737,76.08695652173913,100.0,0.5932767584479558,0.6994569179754361,0.6994569179754361,0.6395655343803488,0.6071633912276737,0.6071633912276737,0
180,4,0.24361102283000946,0.29592311420707296,0.0,0.10320290307067961,92.66055045871559,100.0,0.11314700438668518,-0.19452687950176767,0.0,0.08,0.10320290307067961,0.10320290307067961,0
180,5,0.2648850977420807,0.29592311420707296,0.0,0.10649634336847735,91.40625,100.0,0.1178519190978248,-0.11080352879198124,0.0,0.08,0.10649634336847735,0.10649634336847735,0
180,1,0.34795594215393066,0.29592311420707296,0.16197619241746164,0.21830516803685124,83.33333333333333,100.0,0.22204411693808634,0.16197619241746164,0.16197619241746164,0.2095809539339693,0.21830516803685124,0.21830516803685124,0
180,7,0.6793925166130066,0.29592311420707296,0.7,0.6375786745305229,72.65625,100.0,0.6365409636150328,0.831099350609628,0.7,0.6399999999999999,0.6375786745305229,0.6375786745305229,0
180,9,0.1683197021484375,0.29592311420707296,0.0,0.07999999999999996,93.75,100.0,0.07999999999999996,-0.5642344856723559,0.0,0.08,0.07999999999999996,0.07999999999999996,0
180,14,0.17856240272521973,0.29592311420707296,0.0,0.08224356796876067,90.9090909090909,100.0,0.08320509709822954,-0.5051615138478348,0.0,0.08,0.08224356796876067,0.08224356796876067,0
180,17,0.1327206790447235,0.29592311420707296,0.0,0.07999999999999996,96.484375,100.0,0.07999999999999996,-0.8018528674894614,0.0,0.08,0.07999999999999996,0.07999999999999996,0
180,2,0.130181223154068,0.29592311420707296,0.0,0.08350518757318337,93.84615384615384,100.0,0.08500741081883338,-0.8211721242916257,0.0,0.08,0.08350518757318337,0.08350518757318337,0
180,8,1.1105221509933472,0.29592311420707296,0.7,0.6399999999999997,48.4375,100.0,0.6399999999999997,1.3224858939296076,0.7,0.6399999999999999,0.6399999999999997,0.6399999999999997,0
180,6,0.2977975904941559,0.29592311420707296,0.006314357701235414,0.08386424136749102,92.96875,100.0,0.08335542217027789,0.006314357701235414,0.006314357701235414,0.08505148616098833,0.08386424136749102,0.08386424136749102,0
180,15,0.6613124012947083,0.29592311420707296,0.7,0.6196863718951606,64.28571428571429,100.0,0.610980531278801,0.804126657453661,0.7,0.6399999999999999,0.6196863718951606,0.6196863718951606,0
181,16,0.2492235004901886,0.29633354579211824,0.0,0.13827615083675446,88.63636363636364,100.0,0.16325164405250636,-0.1731355712257682,0.0,0.08,0.13827615083675446,0.13827615083675446,0
181,17,0.05969671532511711,0.29633354579211824,0.0,0.07999999999999996,98.4375,100.0,0.07999999999999996,-1.602208530831546,0.0,0.08,0.07999999999999996,0.07999999999999996,0
181,14,0.26040714979171753,0.29633354579211824,0.0,0.08157049757813246,89.8989898989899,100.0,0.08224356796876067,-0.129239292233752,0.0,0.08,0.08157049757813246,0.08157049757813246,0
181,15,0.6711128354072571,0.29633354579211824,0.7,0.6257804603266124,57.142857142857146,100.0,0.6196863718951606,0.8174516002553398,0.7,0.6399999999999999,0.6257804603266124,0.6257804603266124,0
181,2,0.21987007558345795,0.29633354579211824,0.0,0.08245363130122835,95.38461538461539,100.0,0.08350518757318337,-0.2984488456985545,0.0,0.08,0.08245363130122835,0.08245363130122835,0
181,7,0.7694848775863647,0.29633354579211824,0.7,0.6383050721713659,70.703125,100.0,0.6375786745305229,0.9542356162720236,0.7,0.6399999999999999,0.6383050721713659,0.6383050721713659,0
181,8,1.3052988052368164,0.29633354579211824,0.7,0.6399999999999997,58.203125,100.0,0.6399999999999997,1.4827015731884061,0.7,0.6399999999999999,0.6399999999999997,0.6399999999999997,0
181,4,0.25041839480400085,0.29633354579211824,0.0,0.09624203214947571,89.90825688073394,100.0,0.10320290307067961,-0.16835255941181995,0.0,0.08,0.09624203214947571,0.09624203214947571,0
181,13,0.6568620800971985,0.29633354579211824,0.7,0.6170143738593715,69.56521739130434,100.0,0.6071633912276737,0.7959883903728019,0.7,0.6399999999999999,0.6170143738593715,0.6170143738593715,0
181,11,0.8385298848152161,0.29633354579211824,0.7,0.6399999999999997,68.75,100.0,0.6399999999999997,1.040164535808971,0.7,0.6399999999999999,0.6399999999999997,0.6399999999999997,0
181,3,0.3098793625831604,0.29633354579211824,0.044697403502530604,0.15188632074164293,88.2051282051282,100.0,0.1673699198586223,0.044697403502530604,0.044697403502530604,0.11575792280202449,0.15188632074164293,0.15188632074164293,0
181,18,0.15516376495361328,0.29633354579211824,0.0,0.07999999999999996,94.140625,100.0,0.07999999999999996,-0.6470045258490682,0.0,0.08,0.07999999999999996,0.07999999999999996,0
181,6,0.23353835940361023,0.29633354579211824,0.0,0.0827049689572437,89.0625,100.0,0.08386424136749102,-0.23813931101298863,0.0,0.08,0.0827049689572437,0.0827049689572437,0
181,1,0.22443342208862305,0.29633354579211824,0.0,0.17681361762579584,87.5,100.0,0.21830516803685124,-0.2779065506464466,0.0,0.08,0.17681361762579584,0.17681361762579584,0
181,12,0.2957687973976135,0.29633354579211824,0.0,0.1864916756984161,87.109375,100.0,0.2321309652834516,-0.00190760449838494,0.0,0.08,0.1864916756984161,0.1864916756984161,0
181,5,0.31653571128845215,0.29633354579211824,0.06595040113617738,0.11437553663061673,90.625,100.0,0.10649634336847735,0.06595040113617738,0.06595040113617738,0.1327603209089419,0.11437553663061673,0.11437553663061673,0
181,10,0.18592365086078644,0.29633354579211824,0.0,0.07999999999999996,94.140625,100.0,0.07999999999999996,-0.4661495335641052,0.0,0.08,0.07999999999999996,0.07999999999999996,0
181,0,0.1658383458852768,0.29633354579211824,0.0,0.2128135831482534,100.0,100.0,0.2697336902117906,-0.5804721433327827,0.0,0.08,0.2128135831482534,0.2128135831482534,0
181,9,0.1884208768606186,0.29633354579211824,0.0,0.07999999999999996,95.3125,100.0,0.07999999999999996,-0.45280747711216873,0.0,0.08,0.07999999999999996,0.07999999999999996,0
181,19,0.2786486744880676,0.29633354579211824,0.0,0.08004863588560479,88.671875,100.0,0.08006947983657826,-0.061533904564629836,0.0,0.08,0.08004863588560479,0.08004863588560479,0
182,13,0.5951301455497742,0.2922414684426924,0.7,0.62391006170156,78.26086956521739,100.0,0.6170143738593715,0.7111996889706923,0.7,0.6399999999999999,0.62391006170156,0.62391006170156,0
182,16,0.3894358277320862,0.2922414684426924,0.2871186804375392,0.18970178889073752,90.9090909090909,100.0,0.13827615083675446,0.2871186804375392,0.2871186804375392,0.30969494435003136,0.18970178889073752,0.18970178889073752,0
182,6,0.2107686698436737,0.2922414684426924,0.0,0.0818934782700706,92.578125,100.0,0.0827049689572437,-0.3268192134392693,0.0,0.08,0.0818934782700706,0.0818934782700706,0
182,0,0.030802125111222267,0.2922414684426924,0.0,0.17296950820377738,83.33333333333333,83.33333333333333,0.2128135831482534,-2.249996432106237,0.0,0.08,0.17296950820377738,0.17296950820377738,0
182,11,0.9501317739486694,0.2922414684426924,0.7,0.6399999999999997,63.671875,100.0,0.6399999999999997,1.1790202534437804,0.7,0.6399999999999999,0.6399999999999997,0.6399999999999997,0
182,19,0.28855806589126587,0.2922414684426924,0.0,0.08003404511992335,90.625,100.0,0.08004863588560479,-0.012684072870611565,0.0,0.08,0.08003404511992335,0.08003404511992335,0
182,7,0.6761608719825745,0.2922414684426924,0.7,0.638813550519956,68.359375,100.0,0.6383050721713659,0.8388505973500061,0.7,0.6399999999999999,0.638813550519956,0.638813550519956,0
182,14,0.1931014358997345,0.2922414684426924,0.0,0.08109934830469273,94.94949494949495,100.0,0.08157049757813246,-0.41436476424085217,0.0,0.08,0.08109934830469273,0.08109934830469273,0
182,3,0.46521124243736267,0.2922414684426924,0.4649111672623432,0.24189910466211242,87.17948717948718,100.0,0.15188632074164293,0.4649111672623432,0.4649111672623432,0.4519289338098746,0.24189910466211242,0.24189910466211242,0
182,5,0.2887275815010071,0.2922414684426924,0.0,0.10406287564143171,91.796875,100.0,0.11437553663061673,-0.01209678784280499,0.0,0.08,0.10406287564143171,0.10406287564143171,0
182,1,0.3240605294704437,0.2922414684426924,0.10334990707936854,0.17257351003710553,87.5,100.0,0.17681361762579584,0.10334990707936854,0.10334990707936854,0.16267992566349485,0.17257351003710553,0.17257351003710553,0
182,10,0.20877885818481445,0.2922414684426924,0.0,0.07999999999999996,91.015625,100.0,0.07999999999999996,-0.3363047966006675,0.0,0.08,0.07999999999999996,0.07999999999999996,0
182,15,0.6385726928710938,0.2922414684426924,0.7,0.6300463222286287,64.28571428571429,92.85714285714286,0.6257804603266124,0.7816550926218322,0.7,0.6399999999999999,0.6300463222286287,0.6300463222286287,0
182,8,1.091707706451416,0.2922414684426924,0.7,0.6399999999999997,50.390625,100.0,0.6399999999999997,1.3179180200744798,0.7,0.6399999999999999,0.6399999999999997,0.6399999999999997,0
182,4,0.16510510444641113,0.2922414684426924,0.0,0.09136942250463301,90.8256880733945,98.1651376146789,0.09624203214947571,-0.5709981131593251,0.0,0.08,0.09136942250463301,0.09136942250463301,0
182,9,0.16560475528240204,0.2922414684426924,0.0,0.07999999999999996,94.921875,100.0,0.07999999999999996,-0.5679764240789942,0.0,0.08,0.07999999999999996,0.07999999999999996,0
182,17,0.06644211709499359,0.2922414684426924,0.0,0.07999999999999996,96.484375,100.0,0.07999999999999996,-1.481249141966591,0.0,0.08,0.07999999999999996,0.07999999999999996,0
182,18,0.11505087465047836,0.2922414684426924,0.0,0.07999999999999996,94.53125,100.0,0.07999999999999996,-0.9322059357545449,0.0,0.08,0.07999999999999996,0.07999999999999996,0
182,2,0.24774152040481567,0.2922414684426924,0.0,0.08171754191085984,95.38461538461539,100.0,0.08245363130122835,-0.16519445490554568,0.0,0.08,0.08171754191085984,0.08171754191085984,0
182,12,0.29055869579315186,0.2922414684426924,0.0,0.15454417298889125,87.109375,100.0,0.1864916756984161,-0.005774800254101306,0.0,0.08,0.15454417298889125,0.15454417298889125,0
183,17,0.08891583979129791,0.2918816039680368,0.0,0.07999999999999996,98.828125,100.0,0.07999999999999996,-1.1886578739477665,0.0,0.08,0.07999999999999996,0.07999999999999996,0
183,4,0.20629183948040009,0.2918816039680368,0.0,0.08795859575324311,89.90825688073394,100.0,0.09136942250463301,-0.34705637723867777,0.0,0.08,0.08795859575324311,0.08795859575324311,0
183,2,0.3207448124885559,0.2918816039680368,0.09429757303240698,0.10383369686537955,95.38461538461539,100.0,0.08171754191085984,0.09429757303240698,0.09429757303240698,0.1554380584259256,0.10383369686537955,0.10383369686537955,0
183,10,0.22654566168785095,0.2918816039680368,0.0,0.07999999999999996,92.96875,100.0,0.07999999999999996,-0.25340172284011275,0.0,0.08,0.07999999999999996,0.07999999999999996,0
183,1,0.2952301800251007,0.2918816039680368,0.011407068787500188,0.1475391535349739,91.66666666666667,100.0,0.17257351003710553,0.011407068787500188,0.011407068787500188,0.08912565503000015,0.1475391535349739,0.1475391535349739,0
183,13,0.6331846714019775,0.2918816039680368,0.7,0.628737043191092,86.95652173913044,100.0,0.62391006170156,0.7744138469187044,0.7,0.6399999999999999,0.628737043191092,0.628737043191092,0
183,7,0.6582645773887634,0.2918816039680368,0.7,0.6391694853639691,77.34375,100.0,0.638813550519956,0.8132586705525737,0.7,0.6399999999999999,0.6391694853639691,0.6391694853639691,0
183,5,0.38505619764328003,0.2918816039680368,0.2770410290680138,0.1633338599253255,89.84375,100.0,0.10406287564143171,0.2770410290680138,0.2770410290680138,0.30163282325441104,0.1633338599253255,0.1633338599253255,0
183,15,0.7154812812805176,0.2918816039680368,0.7,0.63303242556004,85.71428571428571,100.0,0.6300463222286287,0.8966071624562064,0.7,0.6399999999999999,0.63303242556004,0.63303242556004,0
183,0,0.22700317203998566,0.2918816039680368,0.0,0.14507865574264417,66.66666666666667,100.0,0.17296950820377738,-0.2513842532619027,0.0,0.08,0.14507865574264417,0.14507865574264417,0
183,11,0.9423303604125977,0.2918816039680368,0.7,0.6399999999999997,59.765625,100.0,0.6399999999999997,1.1720076363396983,0.7,0.6399999999999999,0.6399999999999997,0.6399999999999997,0
183,19,0.2114979475736618,0.2918816039680368,0.0,0.08002383158394634,91.015625,100.0,0.08003404511992335,-0.32213294686476496,0.0,0.08,0.08002383158394634,0.08002383158394634,0
183,14,0.2247881293296814,0.2918816039680368,0.0,0.08076954381328491,93.93939393939394,100.0,0.08109934830469273,-0.26118993280368646,0.0,0.08,0.08076954381328491,0.08076954381328491,0
183,3,0.312658429145813,0.2918816039680368,0.06876305751696293,0.2098325070675498,91.28205128205128,98.97435897435898,0.24189910466211242,0.06876305751696293,0.06876305751696293,0.13501044601357035,0.2098325070675498,0.2098325070675498,0
183,12,0.3295024037361145,0.2918816039680368,0.12123539092441056,0.1612774149140824,87.109375,100.0,0.15454417298889125,0.12123539092441056,0.12123539092441056,0.17698831273952847,0.1612774149140824,0.1612774149140824,0
183,18,0.20136603713035583,0.2918816039680368,0.0,0.07999999999999996,95.3125,99.609375,0.07999999999999996,-0.37122390662822413,0.0,0.08,0.07999999999999996,0.07999999999999996,0
183,6,0.18069589138031006,0.2918816039680368,0.0,0.08132543478904941,92.578125,100.0,0.0818934782700706,-0.4795327730033981,0.0,0.08,0.08132543478904941,0.08132543478904941,0
183,9,0.2010975182056427,0.2918816039680368,0.0,0.07999999999999996,94.53125,100.0,0.07999999999999996,-0.3725582831085395,0.0,0.08,0.07999999999999996,0.07999999999999996,0
183,8,0.958246648311615,0.2918816039680368,0.7,0.6399999999999997,56.640625,100.0,0.6399999999999997,1.188756928529807,0.7,0.6399999999999999,0.6399999999999997,0.6399999999999997,0
183,16,0.2583444118499756,0.2918816039680368,0.0,0.15679125222351625,90.0,100.0,0.18970178889073752,-0.12205462538806337,0.0,0.08,0.15679125222351625,0.15679125222351625,0
184,11,0.9363126158714294,0.290372173164987,0.7,0.6399999999999997,53.125,100.0,0.6399999999999997,1.1707859323474104,0.7,0.6399999999999999,0.6399999999999997,0.6399999999999997,0
184,2,0.24364352226257324,0.290372173164987,0.0,0.09668358780576569,93.84615384615384,100.0,0.10383369686537955,-0.17545726662386563,0.0,0.08,0.09668358780576569,0.09668358780576569,0
184,19,0.16571758687496185,0.290372173164987,0.0,0.08001668210876244,93.359375,100.0,0.08002383158394634,-0.5608783743758337,0.0,0.08,0.08001668210876244,0.08001668210876244,0
184,17,0.07572895288467407,0.290372173164987,0.0,0.07999999999999996,95.703125,100.0,0.07999999999999996,-1.344002802238615,0.0,0.08,0.07999999999999996,0.07999999999999996,0
184,4,0.17504271864891052,0.290372173164987,0.0,0.08557101702727017,90.8256880733945,100.0,0.08795859575324311,-0.5061333825348544,0.0,0.08,0.08557101702727017,0.08557101702727017,0
184,13,0.5086718201637268,0.290372173164987,0.560639583804163,0.5986694303467635,80.43478260869566,100.0,0.628737043191092,0.560639583804163,0.560639583804163,0.5285116670433304,0.5986694303467635,0.5986694303467635,0
184,5,0.3783290982246399,0.290372173164987,0.26460098313353636,0.20183793789977658,88.671875,100.0,0.1633338599253255,0.26460098313353636,0.26460098313353636,0.2916807865068291,0.20183793789977658,0.20183793789977658,0
184,3,0.48826152086257935,0.290372173164987,0.519687695832629,0.2956078019471158,89.23076923076923,100.0,0.2098325070675498,0.519687695832629,0.519687695832629,0.4957501566661032,0.2956078019471158,0.2956078019471158,0
184,1,0.09946262836456299,0.290372173164987,0.0,0.12727740747448174,95.83333333333333,100.0,0.1475391535349739,-1.0713814105377204,0.0,0.08,0.12727740747448174,0.12727740747448174,0
184,15,1.1309136152267456,0.290372173164987,0.7,0.6351226978920279,78.57142857142857,100.0,0.63303242556004,1.359617612568312,0.7,0.6399999999999999,0.6351226978920279,0.6351226978920279,0
184,7,0.7031852602958679,0.290372173164987,0.7,0.6394186397547783,74.21875,100.0,0.6391694853639691,0.88445690911003,0.7,0.6399999999999999,0.6394186397547783,0.6394186397547783,0
184,10,0.17847326397895813,0.290372173164987,0.0,0.07999999999999996,91.796875,100.0,0.07999999999999996,-0.48672462596170324,0.0,0.08,0.07999999999999996,0.07999999999999996,0
184,6,0.18432341516017914,0.290372173164987,0.0,0.08092780435233458,90.625,100.0,0.08132543478904941,-0.45447153034518745,0.0,0.08,0.08092780435233458,0.08092780435233458,0
184,9,0.14967606961727142,0.290372173164987,0.0,0.07999999999999996,94.921875,100.0,0.07999999999999996,-0.6626900005011107,0.0,0.08,0.07999999999999996,0.07999999999999996,0
184,14,0.2654324173927307,0.290372173164987,0.0,0.08053868066929944,96.96969696969697,100.0,0.08076954381328491,-0.08980319283653124,0.0,0.08,0.08053868066929944,0.08053868066929944,0
184,0,1.0571402311325073,0.290372173164987,0.7,0.2935550590198509,100.0,100.0,0.14507865574264417,1.2921591651661795,0.7,0.6399999999999999,0.2935550590198509,0.2935550590198509,0
184,12,0.3235103487968445,0.290372173164987,0.10806764407531055,0.1628304250179322,85.546875,100.0,0.1612774149140824,0.10806764407531055,0.10806764407531055,0.16645411526024845,0.1628304250179322,0.1628304250179322,0
184,8,1.2388492822647095,0.290372173164987,0.7,0.6399999999999997,50.390625,100.0,0.6399999999999997,1.4507747472772645,0.7,0.6399999999999999,0.6399999999999997,0.6399999999999997,0
184,18,0.1550011932849884,0.290372173164987,0.0,0.07999999999999996,93.75,100.0,0.07999999999999996,-0.6277306103452504,0.0,0.08,0.07999999999999996,0.07999999999999996,0
184,16,0.2531457245349884,0.290372173164987,0.0,0.13375387655646137,92.27272727272727,100.0,0.15679125222351625,-0.137198141645004,0.0,0.08,0.13375387655646137,0.13375387655646137,0
185,4,0.2750605046749115,0.28726386294487427,0.0,0.08389971191908913,91.74311926605505,100.0,0.08557101702727017,-0.043410084458546584,0.0,0.08,0.08389971191908913,0.08389971191908913,0
185,1,0.6443530321121216,0.28726386294487427,0.7,0.2810941852321372,91.66666666666667,100.0,0.12727740747448174,0.807845566653724,0.7,0.6399999999999999,0.2810941852321372,0.2810941852321372,0
185,10,0.245289608836174,0.28726386294487427,0.0,0.07999999999999996,94.53125,100.0,0.07999999999999996,-0.15796158118782913,0.0,0.08,0.07999999999999996,0.07999999999999996,0
185,11,0.8889989852905273,0.28726386294487427,0.7,0.6399999999999997,62.5,100.0,0.6399999999999997,1.1296948940761367,0.7,0.6399999999999999,0.6399999999999997,0.6399999999999997,0
185,12,0.2712870240211487,0.28726386294487427,0.0,0.13798129751255253,87.890625,100.0,0.1628304250179322,-0.05722378479153198,0.0,0.08,0.13798129751255253,0.13798129751255253,0
185,3,0.4414680600166321,0.28726386294487427,0.42970448455530746,0.3340545376562548,89.23076923076923,99.48717948717949,0.2956078019471158,0.42970448455530746,0.42970448455530746,0.423763587644246,0.3340545376562548,0.3340545376562548,0
185,14,0.2536810040473938,0.28726386294487427,0.0,0.08037707646850961,92.92929292929293,100.0,0.08053868066929944,-0.12432358370953613,0.0,0.08,0.08037707646850961,0.08037707646850961,0
185,15,1.0043389797210693,0.28726386294487427,0.7,0.6365858885244194,78.57142857142857,92.85714285714286,0.6351226978920279,1.2516836711485682,0.7,0.6399999999999999,0.6365858885244194,0.6365858885244194,0
185,13,0.6397609710693359,0.28726386294487427,0.7,0.6110686012427343,84.78260869565217,100.0,0.5986694303467635,0.8006934282381146,0.7,0.6399999999999999,0.6110686012427343,0.6110686012427343,0
185,16,0.3255707621574402,0.28726386294487427,0.1251786527176973,0.14767059024177032,89.54545454545455,100.0,0.13375387655646137,0.1251786527176973,0.1251786527176973,0.18014292217415784,0.14767059024177032,0.14767059024177032,0
185,5,0.28649958968162537,0.28726386294487427,0.0,0.1652865565298436,89.84375,100.0,0.20183793789977658,-0.0026640723982380965,0.0,0.08,0.1652865565298436,0.1652865565298436,0
185,6,0.1398198902606964,0.28726386294487427,0.0,0.0806494630466342,91.796875,100.0,0.08092780435233458,-0.7200460435374072,0.0,0.08,0.0806494630466342,0.0806494630466342,0
185,17,0.0672370195388794,0.28726386294487427,0.0,0.07999999999999996,96.875,100.0,0.07999999999999996,-1.452177080710315,0.0,0.08,0.07999999999999996,0.07999999999999996,0
185,2,0.26319819688796997,0.28726386294487427,0.0,0.09167851146403597,95.38461538461539,100.0,0.09668358780576569,-0.08749382458796345,0.0,0.08,0.09167851146403597,0.09167851146403597,0
185,8,1.3841067552566528,0.28726386294487427,0.7,0.6399999999999997,50.390625,100.0,0.6399999999999997,1.572409064448524,0.7,0.6399999999999999,0.6399999999999997,0.6399999999999997,0
185,9,0.19753693044185638,0.28726386294487427,0.0,0.07999999999999996,93.75,100.0,0.07999999999999996,-0.37447560421697446,0.0,0.08,0.07999999999999996,0.07999999999999996,0
185,19,0.23984327912330627,0.28726386294487427,0.0,0.08001167747613369,92.96875,100.0,0.08001668210876244,-0.18041546319699694,0.0,0.08,0.08001167747613369,0.08001167747613369,0
185,0,0.19583113491535187,0.28726386294487427,0.0,0.22948854131389562,83.33333333333333,100.0,0.2935550590198509,-0.3831484288928087,0.0,0.08,0.22948854131389562,0.22948854131389562,0
185,18,0.17272703349590302,0.28726386294487427,0.0,0.07999999999999996,89.453125,100.0,0.07999999999999996,-0.5086886460539444,0.0,0.08,0.07999999999999996,0.07999999999999996,0
185,7,0.7348884344100952,0.28726386294487427,0.7,0.6395930478283448,69.140625,100.0,0.6394186397547783,0.9393175001006085,0.7,0.6399999999999999,0.6395930478283448,0.6395930478283448,0
186,10,0.13452641665935516,0.2858548530851899,0.0,0.07999999999999996,92.578125,100.0,0.07999999999999996,-0.753723549801608,0.0,0.08,0.07999999999999996,0.07999999999999996,0
186,15,0.7793014645576477,0.2858548530851899,0.7,0.6376101219670935,71.42857142857143,100.0,0.6365858885244194,1.0029137627219475,0.7,0.6399999999999999,0.6376101219670935,0.6376101219670935,0
186,0,0.11771929264068604,0.2858548530851899,0.0,0.18464197891972692,100.0,100.0,0.22948854131389562,-0.8871812108160261,0.0,0.08,0.18464197891972692,0.18464197891972692,0
186,9,0.18945945799350739,0.2858548530851899,0.0,0.07999999999999996,95.703125,100.0,0.07999999999999996,-0.4113090978537891,0.0,0.08,0.07999999999999996,0.07999999999999996,0
186,12,0.4256250262260437,0.2858548530851899,0.3980745517339679,0.21612480067493905,90.234375,100.0,0.13798129751255253,0.3980745517339679,0.3980745517339679,0.3984596413871743,0.21612480067493905,0.21612480067493905,0
186,19,0.2489982545375824,0.2858548530851899,0.0,0.08000817423329358,92.578125,100.0,0.08001167747613369,-0.13803828357055536,0.0,0.08,0.08000817423329358,0.08000817423329358,0
186,14,0.17240887880325317,0.2858548530851899,0.0,0.08026395352795673,91.91919191919192,100.0,0.08037707646850961,-0.5056152941983229,0.0,0.08,0.08026395352795673,0.08026395352795673,0
186,11,0.9322786927223206,0.2858548530851899,0.7,0.6399999999999997,57.421875,100.0,0.6399999999999997,1.1821475969561819,0.7,0.6399999999999999,0.6399999999999997,0.6399999999999997,0
186,4,0.2799922227859497,0.2858548530851899,0.0,0.08272979834336239,93.57798165137615,100.0,0.08389971191908913,-0.020722347548081874,0.0,0.08,0.08272979834336239,0.08272979834336239,0
186,7,0.6590944528579712,0.2858548530851899,0.7,0.6397151334798413,76.171875,100.0,0.6395930478283448,0.8353826566758631,0.7,0.6399999999999999,0.6397151334798413,0.6397151334798413,0
186,8,1.0413250923156738,0.2858548530851899,0.7,0.6399999999999997,55.859375,100.0,0.6399999999999997,1.292765107671507,0.7,0.6399999999999999,0.6399999999999997,0.6399999999999997,0
186,16,0.3307946026325226,0.2858548530851899,0.14601346685944755,0.16241264521550663,92.72727272727273,100.0,0.14767059024177032,0.14601346685944755,0.14601346685944755,0.19681077348755804,0.16241264521550663,0.16241264521550663,0
186,13,0.6116578578948975,0.2858548530851899,0.7,0.619748020869914,76.08695652173913,100.0,0.6110686012427343,0.7606888765217334,0.7,0.6399999999999999,0.619748020869914,0.619748020869914,0
186,18,0.1476423740386963,0.2858548530851899,0.0,0.07999999999999996,94.53125,100.0,0.07999999999999996,-0.6606911846033323,0.0,0.08,0.07999999999999996,0.07999999999999996,0
186,6,0.22218790650367737,0.2858548530851899,0.0,0.08045462413264394,94.921875,100.0,0.0806494630466342,-0.25196071572713846,0.0,0.08,0.08045462413264394,0.08045462413264394,0
186,17,0.09758215397596359,0.2858548530851899,0.0,0.07999999999999996,95.3125,100.0,0.07999999999999996,-1.0747894797113686,0.0,0.08,0.07999999999999996,0.07999999999999996,0
186,1,0.47556987404823303,0.2858548530851899,0.5090296305113006,0.34293304098520816,79.16666666666667,100.0,0.2810941852321372,0.5090296305113006,0.5090296305113006,0.4872237044090405,0.34293304098520816,0.34293304098520816,0
186,5,0.28353169560432434,0.2858548530851899,0.0,0.13970058957089052,87.890625,100.0,0.1652865565298436,-0.008160257020977793,0.0,0.08,0.13970058957089052,0.13970058957089052,0
186,3,0.34639012813568115,0.2858548530851899,0.19208149641540817,0.3039377354990763,84.61538461538461,100.0,0.3340545376562548,0.19208149641540817,0.19208149641540817,0.23366519713232653,0.3039377354990763,0.3039377354990763,0
186,2,0.18959467113018036,0.2858548530851899,0.0,0.08817495802482517,90.76923076923077,100.0,0.09167851146403597,-0.41059567396582713,0.0,0.08,0.08817495802482517,0.08817495802482517,0
187,10,0.20810595154762268,0.2854455636961846,0.0,0.07999999999999996,94.140625,100.0,0.07999999999999996,-0.3160039953802017,0.0,0.08,0.07999999999999996,0.07999999999999996,0
187,16,0.26894012093544006,0.2854455636961846,0.0,0.13768885165085465,89.54545454545455,100.0,0.16241264521550663,-0.059562582630216576,0.0,0.08,0.13768885165085465,0.13768885165085465,0
187,7,0.8002755045890808,0.2854455636961846,0.7,0.6398005934358889,72.265625,100.0,0.6397151334798413,1.0309046857312776,0.7,0.6399999999999999,0.6398005934358889,0.6398005934358889,0
187,18,0.19458594918251038,0.2854455636961846,0.0,0.07999999999999996,91.796875,100.0,0.07999999999999996,-0.3831773609312135,0.0,0.08,0.07999999999999996,0.07999999999999996,0
187,12,0.3011494278907776,0.2854455636961846,0.0535552370623965,0.18814061736743248,86.328125,100.0,0.21612480067493905,0.0535552370623965,0.0535552370623965,0.12284418964991721,0.18814061736743248,0.18814061736743248,0
187,19,0.23972107470035553,0.2854455636961846,0.0,0.08000572196330549,90.234375,100.0,0.08000817423329358,-0.17457527543969273,0.0,0.08,0.08000572196330549,0.08000572196330549,0
187,9,0.18059475719928741,0.2854455636961846,0.0,0.07999999999999996,94.921875,100.0,0.07999999999999996,-0.4577957098534397,0.0,0.08,0.07999999999999996,0.07999999999999996,0
187,15,0.5091082453727722,0.2854455636961846,0.5786093005147941,0.609193317500516,42.857142857142854,100.0,0.6376101219670935,0.5786093005147941,0.5786093005147941,0.5428874404118352,0.609193317500516,0.609193317500516,0
187,17,0.0832035094499588,0.2854455636961846,0.0,0.07999999999999996,95.703125,100.0,0.07999999999999996,-1.2327617278695298,0.0,0.08,0.07999999999999996,0.07999999999999996,0
187,8,1.1344999074935913,0.2854455636961846,0.7,0.6399999999999997,52.34375,100.0,0.6399999999999997,1.3798958556117227,0.7,0.6399999999999999,0.6399999999999997,0.6399999999999997,0
187,0,0.15743808448314667,0.2854455636961846,0.0,0.15324938524380882,83.33333333333333,83.33333333333333,0.18464197891972692,-0.5950190457829829,0.0,0.08,0.15324938524380882,0.15324938524380882,0
187,3,0.31678158044815063,0.2854455636961846,0.10416117140938055,0.26175509598760477,87.17948717948718,100.0,0.3039377354990763,0.10416117140938055,0.10416117140938055,0.16332893712750446,0.26175509598760477,0.26175509598760477,0
187,1,0.14570896327495575,0.2854455636961846,0.0,0.2640531286896457,91.66666666666667,100.0,0.34293304098520816,-0.6724400772418354,0.0,0.08,0.2640531286896457,0.2640531286896457,0
187,13,0.6129361987113953,0.2854455636961846,0.7,0.6258236146089398,80.43478260869566,100.0,0.619748020869914,0.7642094905455651,0.7,0.6399999999999999,0.6258236146089398,0.6258236146089398,0
187,14,0.16566741466522217,0.2854455636961846,0.0,0.0801847674695697,93.93939393939394,100.0,0.08026395352795673,-0.5440690630212138,0.0,0.08,0.0801847674695697,0.0801847674695697,0
187,2,0.19175642728805542,0.2854455636961846,0.0,0.08572247061737762,87.6923076923077,100.0,0.08817495802482517,-0.3978253649448726,0.0,0.08,0.08572247061737762,0.08572247061737762,0
187,6,0.20454666018486023,0.2854455636961846,0.0,0.08031823689285075,92.1875,100.0,0.08045462413264394,-0.33325521037484424,0.0,0.08,0.08031823689285075,0.08031823689285075,0
187,4,0.21466897428035736,0.2854455636961846,0.0,0.08191085884035366,90.8256880733945,100.0,0.08272979834336239,-0.2849541421682301,0.0,0.08,0.08191085884035366,0.08191085884035366,0
187,5,0.2802754044532776,0.2854455636961846,0.0,0.12179041269962335,90.625,100.0,0.13970058957089052,-0.01827863310675334,0.0,0.08,0.12179041269962335,0.12179041269962335,0
187,11,1.082250714302063,0.2854455636961846,0.7,0.6399999999999997,53.125,100.0,0.6399999999999997,1.3327467796943788,0.7,0.6399999999999999,0.6399999999999997,0.6399999999999997,0
188,2,0.25486892461776733,0.2796205097756018,0.0,0.08400572943216433,92.3076923076923,100.0,0.08572247061737762,-0.09268396628878296,0.0,0.08,0.08400572943216433,0.08400572943216433,0
188,14,0.32949894666671753,0.2796205097756018,0.16413979010181484,0.11952288685313436,89.8989898989899,100.0,0.0801847674695697,0.16413979010181484,0.16413979010181484,0.21131183208145188,0.11952288685313436,0.11952288685313436,0
188,12,0.36213621497154236,0.2796205097756018,0.2585870556920937,0.21775932552330524,88.28125,100.0,0.18814061736743248,0.2585870556920937,0.2585870556920937,0.286869644553675,0.21775932552330524,0.21775932552330524,0
188,13,0.6776235103607178,0.2796205097756018,0.7,0.6300765302262578,71.73913043478261,100.0,0.6258236146089398,0.88515845658944,0.7,0.6399999999999999,0.6300765302262578,0.6300765302262578,0
188,3,0.39415237307548523,0.2796205097756018,0.34330419617862684,0.28962157427419377,86.66666666666667,100.0,0.26175509598760477,0.34330419617862684,0.34330419617862684,0.3546433569429015,0.28962157427419377,0.28962157427419377,0
188,6,0.09619103372097015,0.2796205097756018,0.0,0.08022276582499552,95.3125,100.0,0.08031823689285075,-1.0670971446982163,0.0,0.08,0.08022276582499552,0.08022276582499552,0
188,18,0.14096368849277496,0.2796205097756018,0.0,0.07999999999999996,91.40625,100.0,0.07999999999999996,-0.684930997689883,0.0,0.08,0.07999999999999996,0.07999999999999996,0
188,0,0.13372844457626343,0.2796205097756018,0.0,0.13127456967066617,100.0,100.0,0.15324938524380882,-0.7376221119022371,0.0,0.08,0.13127456967066617,0.13127456967066617,0
188,16,0.35661202669143677,0.2796205097756018,0.24321506147942198,0.17875381091065953,87.27272727272727,100.0,0.13768885165085465,0.24321506147942198,0.24321506147942198,0.2745720491835376,0.17875381091065953,0.17875381091065953,0
188,11,1.0304429531097412,0.2796205097756018,0.7,0.6399999999999997,57.421875,100.0,0.6399999999999997,1.304310652623301,0.7,0.6399999999999999,0.6399999999999997,0.6399999999999997,0
188,17,0.09643544256687164,0.2796205097756018,0.0,0.07999999999999996,96.875,100.0,0.07999999999999996,-1.0645594981981712,0.0,0.08,0.07999999999999996,0.07999999999999996,0
188,7,0.5890946984291077,0.2796205097756018,0.7,0.6398604154051222,71.09375,100.0,0.6398005934358889,0.7451535685988775,0.7,0.6399999999999999,0.6398604154051222,0.6398604154051222,0
188,19,0.2252168357372284,0.2796205097756018,0.0,0.08000400537431385,91.015625,100.0,0.08000572196330549,-0.21636970050295287,0.0,0.08,0.08000400537431385,0.08000400537431385,0
188,9,0.179144486784935,0.2796205097756018,0.0,0.07999999999999996,92.96875,100.0,0.07999999999999996,-0.4452406726194895,0.0,0.08,0.07999999999999996,0.07999999999999996,0
188,1,0.3143039047718048,0.2796205097756018,0.11692700182976817,0.23689967052189634,87.5,100.0,0.2640531286896457,0.11692700182976817,0.11692700182976817,0.17354160146381453,0.23689967052189634,0.23689967052189634,0
188,8,1.0514014959335327,0.2796205097756018,0.7,0.6399999999999997,56.25,100.0,0.6399999999999997,1.3244459232748536,0.7,0.6399999999999999,0.6399999999999997,0.6399999999999997,0
188,15,0.3374425768852234,0.2796205097756018,0.18796198548693674,0.495546198767226,57.142857142857146,100.0,0.609193317500516,0.18796198548693674,0.18796198548693674,0.2303695883895494,0.495546198767226,0.495546198767226,0
188,10,0.20797507464885712,0.2796205097756018,0.0,0.07999999999999996,95.703125,100.0,0.07999999999999996,-0.2960151102376824,0.0,0.08,0.07999999999999996,0.07999999999999996,0
188,4,0.24686920642852783,0.2796205097756018,0.0,0.08133760118824757,90.8256880733945,100.0,0.08191085884035366,-0.12457468916611383,0.0,0.08,0.08133760118824757,0.08133760118824757,0
188,5,0.34315770864486694,0.2796205097756018,0.20475676518053496,0.15839491253306473,93.75,100.0,0.12179041269962335,0.20475676518053496,0.20475676518053496,0.24380541214442797,0.15839491253306473,0.15839491253306473,0
189,19,0.23872140049934387,0.28384860136996776,0.0,0.08000280376201968,92.96875,100.0,0.08000400537431385,-0.17314381188749584,0.0,0.08,0.08000280376201968,0.08000280376201968,0
189,8,1.0994110107421875,0.28384860136996776,0.7,0.6399999999999997,52.34375,100.0,0.6399999999999997,1.354088842222132,0.7,0.6399999999999999,0.6399999999999997,0.6399999999999997,0
189,18,0.15893785655498505,0.28384860136996776,0.0,0.07999999999999996,92.96875,100.0,0.07999999999999996,-0.5799276880150307,0.0,0.08,0.07999999999999996,0.07999999999999996,0
189,11,0.9393206834793091,0.28384860136996776,0.7,0.6399999999999997,58.203125,100.0,0.6399999999999997,1.1967159100248292,0.7,0.6399999999999999,0.6399999999999997,0.6399999999999997,0
189,16,0.32743653655052185,0.28384860136996776,0.14285324783385348,0.1834124471175865,91.36363636363636,100.0,0.17875381091065953,0.14285324783385348,0.14285324783385348,0.19428259826708277,0.1834124471175865,0.1834124471175865,0
189,9,0.15921616554260254,0.28384860136996776,0.0,0.07999999999999996,92.1875,100.0,0.07999999999999996,-0.5781781640626035,0.0,0.08,0.07999999999999996,0.07999999999999996,0
189,0,0.147390678524971,0.28384860136996776,0.0,0.11589219876946633,100.0,100.0,0.13127456967066617,-0.6553542311910787,0.0,0.08,0.11589219876946633,0.11589219876946633,0
189,4,0.2973819673061371,0.28384860136996776,0.04657639385760885,0.09211465535759941,92.66055045871559,100.0,0.08133760118824757,0.04657639385760885,0.04657639385760885,0.11726111508608708,0.09211465535759941,0.09211465535759941,0
189,15,0.7437540888786316,0.28384860136996776,0.7,0.5388823391370582,57.142857142857146,92.85714285714286,0.495546198767226,0.9632694304634412,0.7,0.6399999999999999,0.5388823391370582,0.5388823391370582,0
189,13,0.8058937788009644,0.28384860136996776,0.7,0.6330535711583803,71.73913043478261,100.0,0.6300765302262578,1.0435109206637325,0.7,0.6399999999999999,0.6330535711583803,0.6330535711583803,0
189,5,0.3982403874397278,0.28384860136996776,0.33861479913072917,0.2161439905645203,93.359375,100.0,0.15839491253306473,0.33861479913072917,0.33861479913072917,0.35089183930458334,0.2161439905645203,0.2161439905645203,0
189,6,0.19145238399505615,0.28384860136996776,0.0,0.08015593607749685,92.96875,100.0,0.08022276582499552,-0.3938018550888492,0.0,0.08,0.08015593607749685,0.08015593607749685,0
189,7,0.628725528717041,0.28384860136996776,0.7,0.6399022907835855,72.65625,100.0,0.6398604154051222,0.7952537785536278,0.7,0.6399999999999999,0.6399022907835855,0.6399022907835855,0
189,2,0.3630306124687195,0.28384860136996776,0.24604615264622298,0.14185508723760853,96.92307692307692,100.0,0.08400572943216433,0.24604615264622298,0.24604615264622298,0.2768369221169784,0.14185508723760853,0.14185508723760853,0
189,3,0.4104374945163727,0.28384860136996776,0.36878263747646045,0.31524293498628614,89.23076923076923,100.0,0.28962157427419377,0.36878263747646045,0.36878263747646045,0.37502610998116837,0.31524293498628614,0.31524293498628614,0
189,14,0.23263956606388092,0.28384860136996776,0.0,0.10766602079719406,90.9090909090909,100.0,0.11952288685313436,-0.19895066541890613,0.0,0.08,0.10766602079719406,0.10766602079719406,0
189,12,0.342957466840744,0.28384860136996776,0.1891654277767322,0.22183123053272935,89.0625,100.0,0.21775932552330524,0.1891654277767322,0.1891654277767322,0.23133234222138577,0.22183123053272935,0.22183123053272935,0
189,10,0.17960263788700104,0.28384860136996776,0.0,0.07999999999999996,96.09375,100.0,0.07999999999999996,-0.4576941384730053,0.0,0.08,0.07999999999999996,0.07999999999999996,0
189,17,0.11412806063890457,0.28384860136996776,0.0,0.07999999999999996,97.265625,100.0,0.07999999999999996,-0.911119792998483,0.0,0.08,0.07999999999999996,0.07999999999999996,0
189,1,0.2173565775156021,0.28384860136996776,0.0,0.18982976936532742,87.5,100.0,0.23689967052189634,-0.2669017721726668,0.0,0.08,0.18982976936532742,0.18982976936532742,0
190,9,0.19227378070354462,0.28670466642580394,0.0,0.07999999999999996,94.140625,100.0,0.07999999999999996,-0.399532334460343,0.0,0.08,0.07999999999999996,0.07999999999999996,0
190,7,0.7240005731582642,0.28670466642580394,0.7,0.6399316035485098,74.609375,100.0,0.6399022907835855,0.9263395138796935,0.7,0.6399999999999999,0.6399316035485098,0.6399316035485098,0
190,14,0.25542959570884705,0.28670466642580394,0.0,0.09936621455803585,90.9090909090909,100.0,0.10766602079719406,-0.11550582810725608,0.0,0.08,0.09936621455803585,0.09936621455803585,0
190,10,0.16389453411102295,0.28670466642580394,0.0,0.07999999999999996,91.40625,100.0,0.07999999999999996,-0.559229486690407,0.0,0.08,0.07999999999999996,0.07999999999999996,0
190,13,0.5063140392303467,0.28670466642580394,0.5687044434434501,0.6036265662372942,73.91304347826087,100.0,0.6330535711583803,0.5687044434434501,0.5687044434434501,0.5349635547547601,0.6036265662372942,0.6036265662372942,0
190,3,0.31178411841392517,0.28670466642580394,0.08385836825677538,0.2647960628720264,88.71794871794872,100.0,0.31524293498628614,0.08385836825677538,0.08385836825677538,0.14708669460542032,0.2647960628720264,0.2647960628720264,0
190,11,1.1169888973236084,0.28670466642580394,0.7,0.6399999999999997,57.8125,100.0,0.6399999999999997,1.3599391842713344,0.7,0.6399999999999999,0.6399999999999997,0.6399999999999997,0
190,1,0.09686855226755142,0.28670466642580394,0.0,0.15688083855572918,95.83333333333333,95.83333333333333,0.18982976936532742,-1.0850976525199414,0.0,0.08,0.15688083855572918,0.15688083855572918,0
190,19,0.22815151512622833,0.28670466642580394,0.0,0.08000196263341378,91.796875,100.0,0.08000280376201968,-0.2284426918695846,0.0,0.08,0.08000196263341378,0.08000196263341378,0
190,16,0.2295701950788498,0.28670466642580394,0.0,0.15238871298231055,88.63636363636364,100.0,0.1834124471175865,-0.22224379676854533,0.0,0.08,0.15238871298231055,0.15238871298231055,0
190,0,0.13471882045269012,0.28670466642580394,0.0,0.10512453913862643,100.0,100.0,0.11589219876946633,-0.7552628148356858,0.0,0.08,0.10512453913862643,0.10512453913862643,0
190,4,0.48049941658973694,0.28670466642580394,0.5163733510750912,0.21240986300834147,91.74311926605505,100.0,0.09211465535759941,0.5163733510750912,0.5163733510750912,0.49309868086007297,0.21240986300834147,0.21240986300834147,0
190,2,0.21473674476146698,0.28670466642580394,0.0,0.12329856106632597,95.38461538461539,100.0,0.14185508723760853,-0.2890398024893005,0.0,0.08,0.12329856106632597,0.12329856106632597,0
190,17,0.11578642576932907,0.28670466642580394,0.0,0.07999999999999996,98.046875,100.0,0.07999999999999996,-0.9067052606747439,0.0,0.08,0.07999999999999996,0.07999999999999996,0
190,15,0.5838735699653625,0.28670466642580394,0.7,0.5692176373959407,64.28571428571429,100.0,0.5388823391370582,0.7112318027596739,0.7,0.6399999999999999,0.5692176373959407,0.5692176373959407,0
190,8,1.289559245109558,0.28670466642580394,0.7,0.6399999999999997,43.75,100.0,0.6399999999999997,1.5036030922970345,0.7,0.6399999999999999,0.6399999999999997,0.6399999999999997,0
190,12,0.3253558278083801,0.28670466642580394,0.12646678497101851,0.20963388976595498,87.109375,100.0,0.22183123053272935,0.12646678497101851,0.12646678497101851,0.18117342797681482,0.20963388976595498,0.20963388976595498,0
190,5,0.26670050621032715,0.28670466642580394,0.0,0.1753007933951642,90.625,100.0,0.2161439905645203,-0.07232631724003531,0.0,0.08,0.1753007933951642,0.1753007933951642,0
190,6,0.1614883542060852,0.28670466642580394,0.0,0.08010915525424779,93.359375,100.0,0.08015593607749685,-0.5740195921653379,0.0,0.08,0.08010915525424779,0.08010915525424779,0
190,18,0.13692545890808105,0.28670466642580394,0.0,0.07999999999999996,92.96875,100.0,0.07999999999999996,-0.73901592874751,0.0,0.08,0.07999999999999996,0.07999999999999996,0
191,8,1.122091293334961,0.2822841893226084,0.7,0.6399999999999997,51.5625,100.0,0.6399999999999997,1.3800350958272267,0.7,0.6399999999999999,0.6399999999999997,0.6399999999999997,0
191,15,0.5441822409629822,0.2822841893226084,0.6563698484358007,0.5799811098017507,78.57142857142857,92.85714285714286,0.5692176373959407,0.6563698484358007,0.6563698484358007,0.6050958787486406,0.5799811098017507,0.5799811098017507,0
191,4,0.3140566051006317,0.2822841893226084,0.10665891005793612,0.1982850425197437,90.8256880733945,100.0,0.21240986300834147,0.10665891005793612,0.10665891005793612,0.16532712804634891,0.1982850425197437,0.1982850425197437,0
191,19,0.2891460359096527,0.2822841893226084,0.024017547168929246,0.08576558516393265,92.96875,100.0,0.08000196263341378,0.024017547168929246,0.024017547168929246,0.0992140377351434,0.08576558516393265,0.08576558516393265,0
191,14,0.1631167083978653,0.2822841893226084,0.0,0.09355635019062508,93.93939393939394,100.0,0.09936621455803585,-0.5484483541199706,0.0,0.08,0.09355635019062508,0.09355635019062508,0
191,0,0.059144277125597,0.2822841893226084,0.0,0.09758717739703851,66.66666666666667,100.0,0.10512453913862643,-1.5629343595361322,0.0,0.08,0.09758717739703851,0.09758717739703851,0
191,2,0.2190328985452652,0.2822841893226084,0.0,0.11030899274642816,96.92307692307692,100.0,0.12329856106632597,-0.2536923766084879,0.0,0.08,0.11030899274642816,0.11030899274642816,0
191,6,0.17323139309883118,0.2822841893226084,0.0,0.08007640867797344,94.140625,100.0,0.08010915525424779,-0.4882860715783403,0.0,0.08,0.08007640867797344,0.08007640867797344,0
191,18,0.13152547180652618,0.2822841893226084,0.0,0.07999999999999996,93.75,100.0,0.07999999999999996,-0.7637137516242772,0.0,0.08,0.07999999999999996,0.07999999999999996,0
191,1,0.09267999976873398,0.2822841893226084,0.0,0.13381658698901042,87.5,95.83333333333333,0.15688083855572918,-1.1137615574989659,0.0,0.08,0.13381658698901042,0.13381658698901042,0
191,11,0.9403913617134094,0.2822841893226084,0.7,0.6399999999999997,64.0625,100.0,0.6399999999999997,1.2033817790338805,0.7,0.6399999999999999,0.6399999999999997,0.6399999999999997,0
191,17,0.03654129058122635,0.2822841893226084,0.0,0.07999999999999996,95.3125,100.0,0.07999999999999996,-2.044471218793582,0.0,0.08,0.07999999999999996,0.07999999999999996,0
191,5,0.4307049810886383,0.2822841893226084,0.42250901784513417,0.24811271965944715,91.40625,100.0,0.1753007933951642,0.42250901784513417,0.42250901784513417,0.4180072142761074,0.24811271965944715,0.24811271965944715,0
191,13,0.6504641175270081,0.2822841893226084,0.7,0.6145385963661059,73.91304347826087,100.0,0.6036265662372942,0.8347717879660134,0.7,0.6399999999999999,0.6145385963661059,0.6145385963661059,0
191,9,0.1879904568195343,0.2822841893226084,0.0,0.07999999999999996,94.53125,100.0,0.07999999999999996,-0.4065231093284603,0.0,0.08,0.07999999999999996,0.07999999999999996,0
191,10,0.16654850542545319,0.2822841893226084,0.0,0.07999999999999996,91.015625,100.0,0.07999999999999996,-0.5276277115528626,0.0,0.08,0.07999999999999996,0.07999999999999996,0
191,16,0.2906663715839386,0.2822841893226084,0.02926179198522443,0.13769492916407125,88.63636363636364,100.0,0.15238871298231055,0.02926179198522443,0.02926179198522443,0.10340943358817954,0.13769492916407125,0.13769492916407125,0
191,3,0.344625860452652,0.2822841893226084,0.19954503267140478,0.25724805185155564,90.25641025641026,98.97435897435898,0.2647960628720264,0.19954503267140478,0.19954503267140478,0.23963602613712381,0.25724805185155564,0.25724805185155564,0
191,7,0.6993417739868164,0.2822841893226084,0.7,0.6399521224839567,76.5625,100.0,0.6399316035485098,0.9072252216197279,0.7,0.6399999999999999,0.6399521224839567,0.6399521224839567,0
191,12,0.41153302788734436,0.2822841893226084,0.37697494091037825,0.26121770865465926,83.984375,100.0,0.20963388976595498,0.37697494091037825,0.37697494091037825,0.38157995272830264,0.26121770865465926,0.26121770865465926,0
192,19,0.22240597009658813,0.28304639076502713,0.0,0.08403590961475285,94.921875,100.0,0.08576558516393265,-0.24110639356523142,0.0,0.08,0.08403590961475285,0.08403590961475285,0
192,7,0.6627295613288879,0.28304639076502713,0.7,0.6399664857387697,73.4375,100.0,0.6399521224839567,0.8507561760921515,0.7,0.6399999999999999,0.6399664857387697,0.6399664857387697,0
192,1,0.19107957184314728,0.28304639076502713,0.0,0.1176716108923073,95.83333333333333,100.0,0.13381658698901042,-0.39292084437059155,0.0,0.08,0.1176716108923073,0.1176716108923073,0
192,15,0.8939737677574158,0.28304639076502713,0.7,0.5979867768612254,85.71428571428571,92.85714285714286,0.5799811098017507,1.1500655988721316,0.7,0.6399999999999999,0.5979867768612254,0.5979867768612254,0
192,5,0.27416664361953735,0.28304639076502713,0.0,0.19767890376161298,87.5,100.0,0.24811271965944715,-0.0318746981205633,0.0,0.08,0.19767890376161298,0.19767890376161298,0
192,16,0.20538534224033356,0.28304639076502713,0.0,0.12038645041484988,92.72727272727273,100.0,0.13769492916407125,-0.3207228628903258,0.0,0.08,0.12038645041484988,0.12038645041484988,0
192,13,0.7971803545951843,0.28304639076502713,0.7,0.6221770174562741,86.95652173913044,100.0,0.6145385963661059,1.0354701130690003,0.7,0.6399999999999999,0.6221770174562741,0.6221770174562741,0
192,18,0.14907856285572052,0.28304639076502713,0.0,0.07999999999999996,96.875,100.0,0.07999999999999996,-0.6411373429480854,0.0,0.08,0.07999999999999996,0.07999999999999996,0
192,2,0.3065476417541504,0.28304639076502713,0.07976236943804788,0.12035926358763119,95.38461538461539,100.0,0.11030899274642816,0.07976236943804788,0.07976236943804788,0.1438098955504383,0.12035926358763119,0.12035926358763119,0
192,3,0.3082103431224823,0.28304639076502713,0.0851716700390464,0.22451483710546008,87.6923076923077,100.0,0.25724805185155564,0.0851716700390464,0.0851716700390464,0.14813733603123713,0.22451483710546008,0.22451483710546008,0
192,14,0.19416841864585876,0.28304639076502713,0.0,0.08948944513343757,92.92929292929293,100.0,0.09355635019062508,-0.3768848732021472,0.0,0.08,0.08948944513343757,0.08948944513343757,0
192,0,0.07076189666986465,0.28304639076502713,0.0,0.09231102417792694,100.0,100.0,0.09758717739703851,-1.3862900299862908,0.0,0.08,0.09231102417792694,0.09231102417792694,0
192,17,0.04475385695695877,0.28304639076502713,0.0,0.07999999999999996,97.65625,100.0,0.07999999999999996,-1.8444329910701358,0.0,0.08,0.07999999999999996,0.07999999999999996,0
192,9,0.244749054312706,0.28304639076502713,0.0,0.07999999999999996,93.75,100.0,0.07999999999999996,-0.14537738613322018,0.0,0.08,0.07999999999999996,0.07999999999999996,0
192,12,0.35233452916145325,0.28304639076502713,0.21897027509975775,0.2594052620822033,84.765625,100.0,0.26121770865465926,0.21897027509975775,0.21897027509975775,0.2551762200798062,0.2594052620822033,0.2594052620822033,0
192,6,0.19265547394752502,0.28304639076502713,0.0,0.0800534860745814,93.359375,100.0,0.08007640867797344,-0.38470730797874114,0.0,0.08,0.0800534860745814,0.0800534860745814,0
192,10,0.2639847993850708,0.28304639076502713,0.0,0.07999999999999996,95.703125,100.0,0.07999999999999996,-0.06971928322091613,0.0,0.08,0.07999999999999996,0.07999999999999996,0
192,8,1.1717374324798584,0.28304639076502713,0.7,0.6399999999999997,58.203125,100.0,0.6399999999999997,1.420632075348067,0.7,0.6399999999999999,0.6399999999999997,0.6399999999999997,0
192,11,0.984295666217804,0.28304639076502713,0.7,0.6399999999999997,55.46875,100.0,0.6399999999999997,1.2463154913735066,0.7,0.6399999999999999,0.6399999999999997,0.6399999999999997,0
192,4,0.3085603415966034,0.28304639076502713,0.08630660887129696,0.18351311589293184,91.74311926605505,100.0,0.1982850425197437,0.08630660887129696,0.08630660887129696,0.14904528709703757,0.18351311589293184,0.18351311589293184,0
193,6,0.22935087978839874,0.28164932383875485,0.0,0.08003744025220698,94.921875,100.0,0.0800534860745814,-0.2054096994834827,0.0,0.08,0.08003744025220698,0.08003744025220698,0
193,2,0.18464408814907074,0.28164932383875485,0.0,0.10825148451134184,90.76923076923077,100.0,0.12035926358763119,-0.42223262170695486,0.0,0.08,0.10825148451134184,0.10825148451134184,0
193,1,0.16759146749973297,0.28164932383875485,0.0,0.10637012762461509,95.83333333333333,100.0,0.1176716108923073,-0.5191334636136545,0.0,0.08,0.10637012762461509,0.10637012762461509,0
193,16,0.40478700399398804,0.28164932383875485,0.3626982372758392,0.19531809223659632,88.18181818181819,100.0,0.12038645041484988,0.3626982372758392,0.3626982372758392,0.3701585898206714,0.19531809223659632,0.19531809223659632,0
193,11,0.8323026299476624,0.28164932383875485,0.7,0.6399999999999997,60.9375,100.0,0.6399999999999997,1.0835333244888699,0.7,0.6399999999999999,0.6399999999999997,0.6399999999999997,0
193,14,0.20602276921272278,0.28164932383875485,0.0,0.0866426115934063,92.92929292929293,100.0,0.08948944513343757,-0.3126760587497185,0.0,0.08,0.0866426115934063,0.0866426115934063,0
193,12,0.37047073245048523,0.28164932383875485,0.2741116737445826,0.2713704851562421,86.71875,100.0,0.2594052620822033,0.2741116737445826,0.2741116737445826,0.2992893389956661,0.2713704851562421,0.2713704851562421,0
193,4,0.2859260141849518,0.28164932383875485,0.0150703205380039,0.1560760580541732,91.74311926605505,100.0,0.18351311589293184,0.0150703205380039,0.0150703205380039,0.09205625643040312,0.1560760580541732,0.1560760580541732,0
193,15,1.0758106708526611,0.28164932383875485,0.7,0.6105907438028577,71.42857142857143,100.0,0.5979867768612254,1.3401669779497942,0.7,0.6399999999999999,0.6105907438028577,0.6105907438028577,0
193,10,0.19177788496017456,0.28164932383875485,0.0,0.07999999999999996,92.96875,100.0,0.07999999999999996,-0.38432489478929965,0.0,0.08,0.07999999999999996,0.07999999999999996,0
193,7,0.7688356041908264,0.28164932383875485,0.7,0.6399765400171388,71.875,100.0,0.6399664857387697,1.0042143808444106,0.7,0.6399999999999999,0.6399765400171388,0.6399765400171388,0
193,13,0.39522022008895874,0.28164932383875485,0.338780353931465,0.5408311971629435,69.56521739130434,100.0,0.6221770174562741,0.338780353931465,0.338780353931465,0.35102428314517203,0.5408311971629435,0.5408311971629435,0
193,9,0.1919769048690796,0.28164932383875485,0.0,0.07999999999999996,92.96875,100.0,0.07999999999999996,-0.38328767038637274,0.0,0.08,0.07999999999999996,0.07999999999999996,0
193,5,0.30191150307655334,0.28164932383875485,0.06947117125485337,0.17904831373429392,91.015625,100.0,0.19767890376161298,0.06947117125485337,0.06947117125485337,0.1355769370038827,0.17904831373429392,0.17904831373429392,0
193,19,0.2104584127664566,0.28164932383875485,0.0,0.08282513673032699,94.921875,100.0,0.08403590961475285,-0.2913746830638894,0.0,0.08,0.08282513673032699,0.08282513673032699,0
193,8,1.0918917655944824,0.28164932383875485,0.7,0.6399999999999997,52.34375,100.0,0.6399999999999997,1.3550042446665445,0.7,0.6399999999999999,0.6399999999999997,0.6399999999999997,0
193,3,0.34069621562957764,0.28164932383875485,0.19032844619584152,0.226839213060824,88.2051282051282,100.0,0.22451483710546008,0.19032844619584152,0.19032844619584152,0.23226275695667326,0.226839213060824,0.226839213060824,0
193,18,0.19514897465705872,0.28164932383875485,0.0,0.07999999999999996,92.578125,100.0,0.07999999999999996,-0.3668995094000338,0.0,0.08,0.07999999999999996,0.07999999999999996,0
193,0,0.3700866401195526,0.28164932383875485,0.2730743676040279,0.15415556514951556,83.33333333333333,100.0,0.09231102417792694,0.2730743676040279,0.2730743676040279,0.29845949408322237,0.15415556514951556,0.15415556514951556,0
193,17,0.09938540309667587,0.28164932383875485,0.0,0.07999999999999996,95.3125,100.0,0.07999999999999996,-1.0416574467651247,0.0,0.08,0.07999999999999996,0.07999999999999996,0
194,1,0.30049818754196167,0.2828762673179546,0.06043213633182119,0.11296280205686764,91.66666666666667,100.0,0.10637012762461509,0.06043213633182119,0.06043213633182119,0.12834570906545695,0.11296280205686764,0.11296280205686764,0
194,10,0.13201190531253815,0.2828762673179546,0.0,0.07999999999999996,95.3125,100.0,0.07999999999999996,-0.7621174333972529,0.0,0.08,0.07999999999999996,0.07999999999999996,0
194,4,0.3064063489437103,0.2828762673179546,0.0799025719548318,0.15242985790708088,88.9908256880734,99.08256880733946,0.1560760580541732,0.0799025719548318,0.0799025719548318,0.14392205756386545,0.15242985790708088,0.15242985790708088,0
194,8,1.0857840776443481,0.2828762673179546,0.7,0.6399999999999997,49.609375,100.0,0.6399999999999997,1.3450480469749038,0.7,0.6399999999999999,0.6399999999999997,0.6399999999999997,0
194,15,0.7428404092788696,0.2828762673179546,0.7,0.6194135206620004,64.28571428571429,100.0,0.6105907438028577,0.9654716233225965,0.7,0.6399999999999999,0.6194135206620004,0.6194135206620004,0
194,2,0.2492769956588745,0.2828762673179546,0.0,0.09977603915793928,96.92307692307692,100.0,0.10825148451134184,-0.12644486877768923,0.0,0.08,0.09977603915793928,0.09977603915793928,0
194,11,1.007130742073059,0.2828762673179546,0.7,0.6399999999999997,60.9375,100.0,0.6399999999999997,1.2698511080315456,0.7,0.6399999999999999,0.6399999999999997,0.6399999999999997,0
194,12,0.3772962987422943,0.2828762673179546,0.28802122414408354,0.2830844334039495,87.5,100.0,0.2713704851562421,0.28802122414408354,0.28802122414408354,0.31041697931526685,0.2830844334039495,0.2830844334039495,0
194,18,0.18615543842315674,0.2828762673179546,0.0,0.07999999999999996,94.921875,100.0,0.07999999999999996,-0.4184275505449977,0.0,0.08,0.07999999999999996,0.07999999999999996,0
194,16,0.3171158730983734,0.2828762673179546,0.1142576494713734,0.18814450043874703,92.72727272727273,100.0,0.19531809223659632,0.1142576494713734,0.1142576494713734,0.17140611957709873,0.18814450043874703,0.18814450043874703,0
194,19,0.21327894926071167,0.2828762673179546,0.0,0.0819775957112289,94.140625,100.0,0.08282513673032699,-0.28240864269582727,0.0,0.08,0.0819775957112289,0.0819775957112289,0
194,7,0.6844677329063416,0.2828762673179546,0.7,0.6399835780119971,77.34375,100.0,0.6399765400171388,0.883631899143579,0.7,0.6399999999999999,0.6399835780119971,0.6399835780119971,0
194,5,0.2927950322628021,0.2828762673179546,0.034463230352260066,0.15760499489854818,94.140625,100.0,0.17904831373429392,0.034463230352260066,0.034463230352260066,0.10757058428180806,0.15760499489854818,0.15760499489854818,0
194,17,0.07781630754470825,0.2828762673179546,0.0,0.07999999999999996,98.046875,100.0,0.07999999999999996,-1.290658473157873,0.0,0.08,0.07999999999999996,0.07999999999999996,0
194,3,0.31596609950065613,0.2828762673179546,0.11062533999075957,0.20933753074035907,90.25641025641026,100.0,0.226839213060824,0.11062533999075957,0.11062533999075957,0.16850027199260767,0.20933753074035907,0.20933753074035907,0
194,9,0.21141092479228973,0.2828762673179546,0.0,0.07999999999999996,92.1875,100.0,0.07999999999999996,-0.291205821728443,0.0,0.08,0.07999999999999996,0.07999999999999996,0
194,13,0.5577596426010132,0.2828762673179546,0.6789185200557569,0.5655222828274421,80.43478260869566,100.0,0.5408311971629435,0.6789185200557569,0.6789185200557569,0.6231348160446055,0.5655222828274421,0.5655222828274421,0
194,0,0.02997339703142643,0.2828762673179546,0.0,0.13190889560466088,83.33333333333333,100.0,0.15415556514951556,-2.2446990631660433,0.0,0.08,0.13190889560466088,0.13190889560466088,0
194,6,0.14724142849445343,0.2828762673179546,0.0,0.08002620817654488,93.75,100.0,0.08003744025220698,-0.6529359412399071,0.0,0.08,0.08002620817654488,0.08002620817654488,0
194,14,0.21086832880973816,0.2828762673179546,0.0,0.0846498281153844,93.93939393939394,100.0,0.0866426115934063,-0.29377566739733735,0.0,0.08,0.0846498281153844,0.0846498281153844,0
195,2,0.1439385563135147,0.28425330157639733,0.0,0.0938432274105575,93.84615384615384,100.0,0.09977603915793928,-0.6804791970637962,0.0,0.08,0.0938432274105575,0.0938432274105575,0
195,15,0.9676380157470703,0.28425330157639733,0.7,0.6255894644634002,57.142857142857146,100.0,0.6194135206620004,1.2249922942119418,0.7,0.6399999999999999,0.6255894644634002,0.6255894644634002,0
195,17,0.06877875328063965,0.28425330157639733,0.0,0.07999999999999996,97.65625,100.0,0.07999999999999996,-1.4189707587441858,0.0,0.08,0.07999999999999996,0.07999999999999996,0
195,7,0.5468472242355347,0.28425330157639733,0.654303701351785,0.6290213929328263,71.484375,100.0,0.6399835780119971,0.654303701351785,0.654303701351785,0.6034429610814279,0.6290213929328263,0.6290213929328263,0
195,14,0.22709743678569794,0.28425330157639733,0.0,0.08325487968076908,87.87878787878788,100.0,0.0846498281153844,-0.22448657642663292,0.0,0.08,0.08325487968076908,0.08325487968076908,0
195,10,0.13477014005184174,0.28425330157639733,0.0,0.07999999999999996,93.359375,100.0,0.07999999999999996,-0.7462950476151127,0.0,0.08,0.07999999999999996,0.07999999999999996,0
195,5,0.24942736327648163,0.28425330157639733,0.0,0.13432349642898372,92.578125,100.0,0.15760499489854818,-0.13069799904286677,0.0,0.08,0.13432349642898372,0.13432349642898372,0
195,18,0.131403848528862,0.28425330157639733,0.0,0.07999999999999996,93.75,100.0,0.07999999999999996,-0.7715903124127821,0.0,0.08,0.07999999999999996,0.07999999999999996,0
195,12,0.4492551386356354,0.28425330157639733,0.4577252033238011,0.3320131521804769,87.5,100.0,0.2830844334039495,0.4577252033238011,0.4577252033238011,0.4461801626590409,0.3320131521804769,0.3320131521804769,0
195,13,0.5610874891281128,0.28425330157639733,0.6800110804984122,0.5830682572988284,86.95652173913044,100.0,0.5655222828274421,0.6800110804984122,0.6800110804984122,0.6240088643987297,0.5830682572988284,0.5830682572988284,0
195,1,0.21247808635234833,0.28425330157639733,0.0,0.10307396143980735,87.5,95.83333333333333,0.11296280205686764,-0.29102687572474717,0.0,0.08,0.10307396143980735,0.10307396143980735,0
195,0,0.39948225021362305,0.28425330157639733,0.34030357646066695,0.1980090852738227,66.66666666666667,100.0,0.13190889560466088,0.34030357646066695,0.34030357646066695,0.3522428611685336,0.1980090852738227,0.1980090852738227,0
195,3,0.48037615418434143,0.28425330157639733,0.5247036895851891,0.29646515701869675,87.17948717948718,100.0,0.20933753074035907,0.5247036895851891,0.5247036895851891,0.4997629516681513,0.29646515701869675,0.29646515701869675,0
195,9,0.17660434544086456,0.28425330157639733,0.0,0.07999999999999996,94.921875,100.0,0.07999999999999996,-0.47595383217628323,0.0,0.08,0.07999999999999996,0.07999999999999996,0
195,6,0.2594617009162903,0.28425330157639733,0.0,0.08001834572358141,93.359375,100.0,0.08002620817654488,-0.091256640523652,0.0,0.08,0.08001834572358141,0.08001834572358141,0
195,16,0.2942010462284088,0.28425330157639733,0.03439761554465971,0.16395657803784122,94.54545454545455,100.0,0.18814450043874703,0.03439761554465971,0.03439761554465971,0.10751809243572777,0.16395657803784122,0.16395657803784122,0
195,11,0.9386259317398071,0.28425330157639733,0.7,0.6399999999999997,66.796875,100.0,0.6399999999999997,1.1945512589504486,0.7,0.6399999999999999,0.6399999999999997,0.6399999999999997,0
195,19,0.18677759170532227,0.28425330157639733,0.0,0.08138431699786022,92.1875,100.0,0.0819775957112289,-0.4199471693997987,0.0,0.08,0.08138431699786022,0.08138431699786022,0
195,4,0.36277148127555847,0.28425330157639733,0.2439073526402753,0.1892386651686227,88.9908256880734,99.08256880733946,0.15242985790708088,0.2439073526402753,0.2439073526402753,0.2751258821122203,0.1892386651686227,0.1892386651686227,0
195,8,1.0249345302581787,0.28425330157639733,0.7,0.6399999999999997,57.421875,100.0,0.6399999999999997,1.2825182435828426,0.7,0.6399999999999999,0.6399999999999997,0.6399999999999997,0
196,5,0.23780693113803864,0.28351110877599256,0.0,0.1180264475002886,91.796875,100.0,0.13432349642898372,-0.17579216926235797,0.0,0.08,0.1180264475002886,0.1180264475002886,0
196,19,0.2173052281141281,0.28351110877599256,0.0,0.08096902189850215,91.40625,100.0,0.08138431699786022,-0.26594834964600944,0.0,0.08,0.08096902189850215,0.08096902189850215,0
196,0,0.1314496546983719,0.28351110877599256,0.0,0.16260635969167586,100.0,100.0,0.1980090852738227,-0.7686273416866528,0.0,0.08,0.16260635969167586,0.16260635969167586,0
196,3,0.3708139955997467,0.28351110877599256,0.2684492622158454,0.2959534328448906,90.76923076923077,99.48717948717949,0.29646515701869675,0.2684492622158454,0.2684492622158454,0.29475940977267634,0.2959534328448906,0.2959534328448906,0
196,8,1.0487388372421265,0.28351110877599256,0.7,0.6399999999999997,50.390625,100.0,0.6399999999999997,1.3080922813236444,0.7,0.6399999999999999,0.6399999999999997,0.6399999999999997,0
196,17,0.10648079961538315,0.28351110877599256,0.0,0.07999999999999996,95.703125,100.0,0.07999999999999996,-0.9792865645589347,0.0,0.08,0.07999999999999996,0.07999999999999996,0
196,10,0.16882379353046417,0.28351110877599256,0.0,0.07999999999999996,93.75,100.0,0.07999999999999996,-0.5183957536713937,0.0,0.08,0.07999999999999996,0.07999999999999996,0
196,16,0.3225943446159363,0.28351110877599256,0.12914432383022906,0.16976424234574383,92.27272727272727,100.0,0.16395657803784122,0.12914432383022906,0.12914432383022906,0.18331545906418326,0.16976424234574383,0.16976424234574383,0
196,13,0.7345329523086548,0.28351110877599256,0.7,0.6001477801091798,80.43478260869566,100.0,0.5830682572988284,0.9519835297469948,0.7,0.6399999999999999,0.6001477801091798,0.6001477801091798,0
196,2,0.1553758978843689,0.28351110877599256,0.0,0.08969025918739024,92.3076923076923,100.0,0.0938432274105575,-0.6014039490715571,0.0,0.08,0.08969025918739024,0.08969025918739024,0
196,6,0.14658109843730927,0.28351110877599256,0.0,0.08001284200650699,96.875,100.0,0.08001834572358141,-0.6596724256024667,0.0,0.08,0.08001284200650699,0.08001284200650699,0
196,14,0.23997561633586884,0.28351110877599256,0.0,0.08227841577653836,95.95959595959596,100.0,0.08325487968076908,-0.16671398081628291,0.0,0.08,0.08227841577653836,0.08227841577653836,0
196,18,0.1834987998008728,0.28351110877599256,0.0,0.07999999999999996,93.359375,100.0,0.07999999999999996,-0.43504316069233545,0.0,0.08,0.07999999999999996,0.07999999999999996,0
196,12,0.3467540144920349,0.28351110877599256,0.2013643233821064,0.30473664413803936,89.84375,100.0,0.3320131521804769,0.2013643233821064,0.2013643233821064,0.24109145870568516,0.30473664413803936,0.30473664413803936,0
196,9,0.1793304681777954,0.28351110877599256,0.0,0.07999999999999996,92.96875,100.0,0.07999999999999996,-0.4580209916418658,0.0,0.08,0.07999999999999996,0.07999999999999996,0
196,11,0.851436972618103,0.28351110877599256,0.7,0.6399999999999997,61.328125,100.0,0.6399999999999997,1.0996741478020255,0.7,0.6399999999999999,0.6399999999999997,0.6399999999999997,0
196,4,0.3759453594684601,0.28351110877599256,0.2821924967997024,0.22419326484996444,89.90825688073394,100.0,0.1892386651686227,0.2821924967997024,0.2821924967997024,0.3057539974397619,0.22419326484996444,0.22419326484996444,0
196,7,0.7452095746994019,0.28351110877599256,0.7,0.6323149750529784,73.4375,100.0,0.6290213929328263,0.9664141584930414,0.7,0.6399999999999999,0.6323149750529784,0.6323149750529784,0
196,15,0.7423271536827087,0.28351110877599256,0.7,0.6299126251243801,64.28571428571429,100.0,0.6255894644634002,0.9625387253282297,0.7,0.6399999999999999,0.6299126251243801,0.6299126251243801,0
196,1,0.14691409468650818,0.28351110877599256,0.0,0.09615177300786515,75.0,100.0,0.10307396143980735,-0.6574032479314417,0.0,0.08,0.09615177300786515,0.09615177300786515,0
197,9,0.1679067611694336,0.2790491252720887,0.0,0.07999999999999996,94.921875,100.0,0.07999999999999996,-0.5079789865464004,0.0,0.08,0.07999999999999996,0.07999999999999996,0
197,12,0.28864678740501404,0.2790491252720887,0.03381590796310097,0.24543146880777178,89.453125,100.0,0.30473664413803936,0.03381590796310097,0.03381590796310097,0.10705272637048079,0.24543146880777178,0.24543146880777178,0
197,10,0.217732772231102,0.2790491252720887,0.0,0.07999999999999996,94.140625,100.0,0.07999999999999996,-0.24811933706481393,0.0,0.08,0.07999999999999996,0.07999999999999996,0
197,1,0.3594549596309662,0.2790491252720887,0.2532010325855021,0.1520744889260261,91.66666666666667,100.0,0.09615177300786515,0.2532010325855021,0.2532010325855021,0.28256082606840166,0.1520744889260261,0.1520744889260261,0
197,17,0.07713369280099869,0.2790491252720887,0.0,0.07999999999999996,96.09375,100.0,0.07999999999999996,-1.2858475623347791,0.0,0.08,0.07999999999999996,0.07999999999999996,0
197,8,1.059983491897583,0.2790491252720887,0.7,0.6399999999999997,52.34375,100.0,0.6399999999999997,1.3346207443356335,0.7,0.6399999999999999,0.6399999999999997,0.6399999999999997,0
197,18,0.20214086771011353,0.2790491252720887,0.0,0.07999999999999996,94.53125,99.609375,0.07999999999999996,-0.3224230096744999,0.0,0.08,0.07999999999999996,0.07999999999999996,0
197,3,0.3583071231842041,0.2790491252720887,0.25000265412346123,0.2911680399810541,87.17948717948718,98.97435897435898,0.2959534328448906,0.25000265412346123,0.25000265412346123,0.280002123298769,0.2911680399810541,0.2911680399810541,0
197,16,0.2953766882419586,0.2790491252720887,0.05686360653253903,0.15648223520983004,89.54545454545455,100.0,0.16976424234574383,0.05686360653253903,0.05686360653253903,0.12549088522603125,0.15648223520983004,0.15648223520983004,0
197,14,0.23012293875217438,0.2790491252720887,0.0,0.08159489104357684,94.94949494949495,100.0,0.08227841577653836,-0.1927741525127227,0.0,0.08,0.08159489104357684,0.08159489104357684,0
197,19,0.29499977827072144,0.2790491252720887,0.05558676021140216,0.09401913777968801,92.578125,100.0,0.08096902189850215,0.05558676021140216,0.05558676021140216,0.12446940816912173,0.09401913777968801,0.09401913777968801,0
197,11,1.011997938156128,0.2790491252720887,0.7,0.6399999999999997,58.984375,100.0,0.6399999999999997,1.2882939439298557,0.7,0.6399999999999999,0.6399999999999997,0.6399999999999997,0
197,5,0.3594253659248352,0.2790491252720887,0.2531186998125152,0.16736700120520567,91.796875,100.0,0.1180264475002886,0.2531186998125152,0.2531186998125152,0.2824949598500122,0.16736700120520567,0.16736700120520567,0
197,0,0.8053984045982361,0.2790491252720887,0.7,0.30582445178417306,83.33333333333333,100.0,0.16260635969167586,1.0599492015485588,0.7,0.6399999999999999,0.30582445178417306,0.30582445178417306,0
197,2,0.26935333013534546,0.2790491252720887,0.0,0.08678318143117317,92.3076923076923,100.0,0.08969025918739024,-0.03536382862689002,0.0,0.08,0.08678318143117317,0.08678318143117317,0
197,4,0.39665666222572327,0.2790491252720887,0.3516832226486418,0.2653392588306491,87.1559633027523,100.0,0.22419326484996444,0.3516832226486418,0.3516832226486418,0.36134657811891346,0.2653392588306491,0.2653392588306491,0
197,7,0.6638028621673584,0.2790491252720887,0.7,0.6346204825370848,69.53125,100.0,0.6323149750529784,0.8665973477312422,0.7,0.6399999999999999,0.6346204825370848,0.6346204825370848,0
197,15,1.1787601709365845,0.2790491252720887,0.7,0.632938837587066,57.142857142857146,92.85714285714286,0.6299126251243801,1.4408305925703655,0.7,0.6399999999999999,0.632938837587066,0.632938837587066,0
197,13,0.5010687708854675,0.2790491252720887,0.58535550045659,0.5845887661860074,69.56521739130434,100.0,0.6001477801091798,0.58535550045659,0.58535550045659,0.548284400365272,0.5845887661860074,0.5845887661860074,0
197,6,0.16874569654464722,0.2790491252720887,0.0,0.08000898940455489,94.921875,100.0,0.08001284200650699,-0.5029949916712106,0.0,0.08,0.08000898940455489,0.08000898940455489,0
198,9,0.1832738220691681,0.28382840331618797,0.0,0.07999999999999996,94.140625,100.0,0.07999999999999996,-0.43738849257782036,0.0,0.08,0.07999999999999996,0.07999999999999996,0
198,6,0.20027412474155426,0.28382840331618797,0.0,0.08000629258318842,93.75,100.0,0.08000898940455489,-0.3486827753676201,0.0,0.08,0.08000629258318842,0.08000629258318842,0
198,5,0.20777657628059387,0.28382840331618797,0.0,0.14115690084364396,90.625,100.0,0.16736700120520567,-0.3119064790901774,0.0,0.08,0.14115690084364396,0.14115690084364396,0
198,16,0.23068341612815857,0.28382840331618797,0.0,0.13353756464688102,88.18181818181819,100.0,0.15648223520983004,-0.20732355617256276,0.0,0.08,0.13353756464688102,0.13353756464688102,0
198,4,0.2334447205066681,0.28382840331618797,0.0,0.20973748118145438,92.66055045871559,100.0,0.2653392588306491,-0.1954245282022567,0.0,0.08,0.20973748118145438,0.20973748118145438,0
198,3,0.33616015315055847,0.28382840331618797,0.16921784532487552,0.26842991086470797,86.15384615384616,100.0,0.2911680399810541,0.16921784532487552,0.16921784532487552,0.2153742762599004,0.26842991086470797,0.26842991086470797,0
198,14,0.1746782660484314,0.28382840331618797,0.0,0.08111642373050379,94.94949494949495,100.0,0.08159489104357684,-0.48542401773741817,0.0,0.08,0.08111642373050379,0.08111642373050379,0
198,13,0.6003552079200745,0.28382840331618797,0.7,0.6012121363302051,80.43478260869566,100.0,0.5845887661860074,0.7491516327946708,0.7,0.6399999999999999,0.6012121363302051,0.6012121363302051,0
198,10,0.18895223736763,0.28382840331618797,0.0,0.07999999999999996,92.96875,100.0,0.07999999999999996,-0.4068755534023808,0.0,0.08,0.07999999999999996,0.07999999999999996,0
198,8,1.1045509576797485,0.28382840331618797,0.7,0.6399999999999997,56.25,100.0,0.6399999999999997,1.358824290165143,0.7,0.6399999999999999,0.6399999999999997,0.6399999999999997,0
198,1,0.3982086479663849,0.28382840331618797,0.33860625704437763,0.21171764393886888,95.83333333333333,100.0,0.1520744889260261,0.33860625704437763,0.33860625704437763,0.3508850056355021,0.21171764393886888,0.21171764393886888,0
198,15,0.9659179449081421,0.28382840331618797,0.7,0.6350571863109462,92.85714285714286,100.0,0.632938837587066,1.2247090206904938,0.7,0.6399999999999999,0.6350571863109462,0.6350571863109462,0
198,2,0.12640026211738586,0.28382840331618797,0.0,0.08474822700182122,95.38461538461539,100.0,0.08678318143117317,-0.8089162425698634,0.0,0.08,0.08474822700182122,0.08474822700182122,0
198,17,0.07865666598081589,0.28382840331618797,0.0,0.07999999999999996,96.09375,100.0,0.07999999999999996,-1.2832773690593022,0.0,0.08,0.07999999999999996,0.07999999999999996,0
198,12,0.22389543056488037,0.28382840331618797,0.0,0.19580202816544023,90.234375,100.0,0.24543146880777178,-0.23719071742236955,0.0,0.08,0.19580202816544023,0.19580202816544023,0
198,11,0.9352154731750488,0.28382840331618797,0.7,0.6399999999999997,58.59375,100.0,0.6399999999999997,1.1924070889172023,0.7,0.6399999999999999,0.6399999999999997,0.6399999999999997,0
198,18,0.1466788500547409,0.28382840331618797,0.0,0.07999999999999996,94.140625,99.609375,0.07999999999999996,-0.6601243055823229,0.0,0.08,0.07999999999999996,0.07999999999999996,0
198,7,0.6385420560836792,0.28382840331618797,0.7,0.6362343377759593,70.703125,100.0,0.6346204825370848,0.8108176788629561,0.7,0.6399999999999999,0.6362343377759593,0.6362343377759593,0
198,0,0.43146786093711853,0.28382840331618797,0.41882317163339605,0.3385946774409362,100.0,100.0,0.30582445178417306,0.41882317163339605,0.41882317163339605,0.4150585373067169,0.3385946774409362,0.3385946774409362,0
198,19,0.24056851863861084,0.28382840331618797,0.0,0.0898133964457816,89.453125,100.0,0.09401913777968801,-0.16536488578598618,0.0,0.08,0.0898133964457816,0.0898133964457816,0
199,12,0.4205806255340576,0.27865196981631046,0.4116726030897696,0.25986284445735286,85.546875,100.0,0.19580202816544023,0.4116726030897696,0.4116726030897696,0.40933808247181575,0.25986284445735286,0.25986284445735286,0
199,15,1.093324899673462,0.27865196981631046,0.7,0.6365400304176623,42.857142857142854,100.0,0.6350571863109462,1.367015089094212,0.7,0.6399999999999999,0.6365400304176623,0.6365400304176623,0
199,19,0.2871895730495453,0.27865196981631046,0.030178946778185677,0.09411232473881168,89.0625,100.0,0.0898133964457816,0.030178946778185677,0.030178946778185677,0.10414315742254854,0.09411232473881168,0.09411232473881168,0
199,13,0.46489250659942627,0.27865196981631046,0.5118426127515089,0.5676907224915057,65.21739130434783,100.0,0.6012121363302051,0.5118426127515089,0.5118426127515089,0.48947409020120713,0.5676907224915057,0.5676907224915057,0
199,17,0.08158928900957108,0.27865196981631046,0.0,0.07999999999999996,97.265625,100.0,0.07999999999999996,-1.2282655052373077,0.0,0.08,0.07999999999999996,0.07999999999999996,0
199,2,0.19612771272659302,0.27865196981631046,0.0,0.08332375890127486,90.76923076923077,100.0,0.08474822700182122,-0.35119752545389255,0.0,0.08,0.08332375890127486,0.08332375890127486,0
199,8,1.1212401390075684,0.27865196981631046,0.7,0.6399999999999997,50.0,100.0,0.6399999999999997,1.3922270085917177,0.7,0.6399999999999999,0.6399999999999997,0.6399999999999997,0
199,16,0.3209085762500763,0.27865196981631046,0.14119268551667358,0.15136253977681835,94.0909090909091,100.0,0.13353756464688102,0.14119268551667358,0.14119268551667358,0.19295414841333886,0.15136253977681835,0.15136253977681835,0
199,4,0.34419190883636475,0.27865196981631046,0.21123578637789966,0.22151282555771395,91.74311926605505,99.08256880733946,0.20973748118145438,0.21123578637789966,0.21123578637789966,0.24898862910231973,0.22151282555771395,0.22151282555771395,0
199,18,0.16862748563289642,0.27865196981631046,0.0,0.07999999999999996,93.75,99.609375,0.07999999999999996,-0.5022715047022587,0.0,0.08,0.07999999999999996,0.07999999999999996,0
199,5,0.2761979103088379,0.27865196981631046,0.0,0.12280983059055076,92.578125,100.0,0.14115690084364396,-0.008845907729021121,0.0,0.08,0.12280983059055076,0.12280983059055076,0
199,7,0.6247924566268921,0.27865196981631046,0.7,0.6373640364431714,75.78125,100.0,0.6362343377759593,0.8074559221782611,0.7,0.6399999999999999,0.6373640364431714,0.6373640364431714,0
199,3,0.3629952073097229,0.27865196981631046,0.2644260397035133,0.27536318713413876,85.64102564102564,99.48717948717949,0.26842991086470797,0.2644260397035133,0.2644260397035133,0.29154083176281065,0.27536318713413876,0.27536318713413876,0
199,9,0.14927691221237183,0.27865196981631046,0.0,0.07999999999999996,95.3125,100.0,0.07999999999999996,-0.6241604996811627,0.0,0.08,0.07999999999999996,0.07999999999999996,0
199,11,0.8722203969955444,0.27865196981631046,0.7,0.6399999999999997,66.796875,100.0,0.6399999999999997,1.1410785332672326,0.7,0.6399999999999999,0.6399999999999997,0.6399999999999997,0
199,6,0.19405777752399445,0.27865196981631046,0.0,0.0800044048082319,90.625,100.0,0.08000629258318842,-0.3618076304764833,0.0,0.08,0.0800044048082319,0.0800044048082319,0
199,14,0.22804288566112518,0.27865196981631046,0.0,0.08078149661135264,95.95959595959596,100.0,0.08111642373050379,-0.2004298688961034,0.0,0.08,0.08078149661135264,0.08078149661135264,0
199,0,0.20185977220535278,0.27865196981631046,0.0,0.2610162742086553,83.33333333333333,100.0,0.3385946774409362,-0.32239031014820263,0.0,0.08,0.2610162742086553,0.2610162742086553,0
199,10,0.20953583717346191,0.27865196981631046,0.0,0.07999999999999996,95.703125,100.0,0.07999999999999996,-0.2850687860678336,0.0,0.08,0.07999999999999996,0.07999999999999996,0
199,1,0.14726175367832184,0.27865196981631046,0.0,0.1722023507572082,83.33333333333333,100.0,0.21171764393886888,-0.6377519105218196,0.0,0.08,0.1722023507572082,0.1722023507572082,0
200,2,0.13247625529766083,0.2789561470025986,0.0,0.0823266312308924,93.84615384615384,100.0,0.08332375890127486,-0.7446511265615545,0.0,0.08,0.0823266312308924,0.0823266312308924,0
200,10,0.2099989354610443,0.2789561470025986,0.0,0.07999999999999996,92.96875,100.0,0.07999999999999996,-0.28395211702240686,0.0,0.08,0.07999999999999996,0.07999999999999996,0
200,3,0.3162336051464081,0.2789561470025986,0.12542660277263332,0.24685661565932912,89.23076923076923,100.0,0.27536318713413876,0.12542660277263332,0.12542660277263332,0.18034128221810666,0.24685661565932912,0.24685661565932912,0
200,15,0.45500126481056213,0.2789561470025986,0.48924559461528816,0.5869969640000328,57.142857142857146,92.85714285714286,0.6365400304176623,0.48924559461528816,0.48924559461528816,0.4713964756922306,0.5869969640000328,0.5869969640000328,0
200,1,0.2711198329925537,0.2789561470025986,0.0,0.14454164553004573,87.5,100.0,0.1722023507572082,-0.02849367792140359,0.0,0.08,0.14454164553004573,0.14454164553004573,0
200,5,0.35494014620780945,0.2789561470025986,0.24089457508951045,0.16778157943486804,85.546875,100.0,0.12280983059055076,0.24089457508951045,0.24089457508951045,0.27271566007160836,0.16778157943486804,0.16778157943486804,0
200,17,0.17700901627540588,0.2789561470025986,0.0,0.07999999999999996,96.09375,100.0,0.07999999999999996,-0.4548538989333624,0.0,0.08,0.07999999999999996,0.07999999999999996,0
200,7,0.5137702226638794,0.2789561470025986,0.6107215212359096,0.6167279906068383,79.296875,100.0,0.6373640364431714,0.6107215212359096,0.6107215212359096,0.5685772169887277,0.6167279906068383,0.6167279906068383,0
200,9,0.18427321314811707,0.2789561470025986,0.0,0.07999999999999996,93.75,100.0,0.07999999999999996,-0.41463506147685525,0.0,0.08,0.07999999999999996,0.07999999999999996,0
200,4,0.2081715613603592,0.2789561470025986,0.0,0.17905897789039976,95.41284403669725,100.0,0.22151282555771395,-0.2926920241144076,0.0,0.08,0.17905897789039976,0.17905897789039976,0
200,13,0.5252992510795593,0.2789561470025986,0.632913495182036,0.5732827445877426,73.91304347826087,100.0,0.5676907224915057,0.632913495182036,0.632913495182036,0.5863307961456288,0.5732827445877426,0.5732827445877426,0
200,18,0.1344393789768219,0.2789561470025986,0.0,0.07999999999999996,96.09375,100.0,0.07999999999999996,-0.7299411682173604,0.0,0.08,0.07999999999999996,0.07999999999999996,0
200,6,0.18552030622959137,0.2789561470025986,0.0,0.08000308336576233,94.140625,100.0,0.0800044048082319,-0.4078902286094164,0.0,0.08,0.08000308336576233,0.08000308336576233,0
200,0,0.1482558697462082,0.2789561470025986,0.0,0.2067113919460587,100.0,100.0,0.2610162742086553,-0.6321149280018811,0.0,0.08,0.2067113919460587,0.2067113919460587,0
200,16,0.3226141631603241,0.2789561470025986,0.14540247277379412,0.16485037130948343,92.27272727272727,100.0,0.15136253977681835,0.14540247277379412,0.14540247277379412,0.1963219782190353,0.16485037130948343,0.16485037130948343,0
200,12,0.3294542133808136,0.2789561470025986,0.16638279065396092,0.2458358608770976,85.546875,100.0,0.25986284445735286,0.16638279065396092,0.16638279065396092,0.21310623252316874,0.2458358608770976,0.2458358608770976,0
200,11,0.9097232222557068,0.2789561470025986,0.7,0.6399999999999997,64.453125,100.0,0.6399999999999997,1.1820857867592944,0.7,0.6399999999999999,0.6399999999999997,0.6399999999999997,0
200,14,0.29216229915618896,0.2789561470025986,0.046254875000501613,0.09164821762806723,91.91919191919192,100.0,0.08078149661135264,0.046254875000501613,0.046254875000501613,0.11700390000040128,0.09164821762806723,0.09164821762806723,0
200,19,0.1883123368024826,0.2789561470025986,0.0,0.08987862731716817,91.796875,100.0,0.09411232473881168,-0.39295262275114085,0.0,0.08,0.08987862731716817,0.08987862731716817,0
200,8,0.9261924624443054,0.2789561470025986,0.7,0.6399999999999997,58.203125,100.0,0.6399999999999997,1.200027440545979,0.7,0.6399999999999999,0.6399999999999997,0.6399999999999997,0
