round,client_id,Li,Lg,g_pos,mu_final,acc_global,mu_prev,g_raw,g_pos_clipped,mu_star,mu_smoothed,mu_bounded,warmup_active
0,2,2.286226272583008,0.0,0.0,0.05,26.153846153846153,0.05,0.0,0.0,0.08,0.059,0.059,1
0,14,2.3289883136749268,0.0,0.0,0.05,0.0,0.05,0.0,0.0,0.08,0.059,0.059,1
0,17,2.3483052253723145,0.0,0.0,0.05,0.0,0.05,0.0,0.0,0.08,0.059,0.059,1
0,18,2.306756019592285,0.0,0.0,0.05,0.390625,0.05,0.0,0.0,0.08,0.059,0.059,1
0,0,2.3344666957855225,0.0,0.0,0.05,0.0,0.05,0.0,0.0,0.08,0.059,0.059,1
0,5,2.351747989654541,0.0,0.0,0.05,0.0,0.05,0.0,0.0,0.08,0.059,0.059,1
0,6,2.291081428527832,0.0,0.0,0.05,6.640625,0.05,0.0,0.0,0.08,0.059,0.059,1
0,12,2.3296334743499756,0.0,0.0,0.05,0.0,0.05,0.0,0.0,0.08,0.059,0.059,1
0,10,2.2884035110473633,0.0,0.0,0.05,22.65625,0.05,0.0,0.0,0.08,0.059,0.059,1
0,4,2.3212945461273193,0.0,0.0,0.05,0.0,0.05,0.0,0.0,0.08,0.059,0.059,1
0,15,2.2947185039520264,0.0,0.0,0.05,0.0,0.05,0.0,0.0,0.08,0.059,0.059,1
0,9,2.3176374435424805,0.0,0.0,0.05,6.640625,0.05,0.0,0.0,0.08,0.059,0.059,1
0,11,2.310260772705078,0.0,0.0,0.05,0.390625,0.05,0.0,0.0,0.08,0.059,0.059,1
0,8,2.30436635017395,0.0,0.0,0.05,0.0,0.05,0.0,0.0,0.08,0.059,0.059,1
0,7,2.321948766708374,0.0,0.0,0.05,0.0,0.05,0.0,0.0,0.08,0.059,0.059,1
0,13,2.293621301651001,0.0,0.0,0.05,8.695652173913043,0.05,0.0,0.0,0.08,0.059,0.059,1
0,19,2.2996838092803955,0.0,0.0,0.05,6.25,0.05,0.0,0.0,0.08,0.059,0.059,1
0,1,2.3411736488342285,0.0,0.0,0.05,0.0,0.05,0.0,0.0,0.08,0.059,0.059,1
0,3,2.3018009662628174,0.0,0.0,0.05,0.0,0.05,0.0,0.0,0.08,0.059,0.059,1
0,16,2.2742083072662354,0.0,0.0,0.05,30.90909090909091,0.05,0.0,0.0,0.08,0.059,0.059,1
1,4,1.8145419359207153,2.3085083961486816,0.0,0.05,82.56880733944953,0.05,-0.24076853987596922,0.0,0.08,0.059,0.059,1
1,17,2.087735652923584,2.3085083961486816,0.0,0.05,0.390625,0.05,-0.10052154055873161,0.0,0.08,0.059,0.059,1
1,11,2.359380006790161,2.3085083961486816,0.021797275426430632,0.05,5.859375,0.05,0.021797275426430632,0.021797275426430632,0.09743782034114451,0.06423134610234335,0.06423134610234335,1
1,2,2.2976009845733643,2.3085083961486816,0.0,0.05,0.0,0.05,-0.0047360716016472335,0.0,0.08,0.059,0.059,1
1,16,2.3087902069091797,2.3085083961486816,0.00012206737482427697,0.05,10.909090909090908,0.05,0.00012206737482427697,0.00012206737482427697,0.08009765389985943,0.05902929616995782,0.05902929616995782,1
1,8,2.2546682357788086,2.3085083961486816,0.0,0.05,12.5,0.05,-0.023598761605251036,0.0,0.08,0.059,0.059,1
1,7,2.0065126419067383,2.3085083961486816,0.0,0.05,37.109375,0.05,-0.14020338818264175,0.0,0.08,0.059,0.059,1
1,15,2.2023561000823975,2.3085083961486816,0.0,0.05,14.285714285714286,0.05,-0.04707385792319543,0.0,0.08,0.059,0.059,1
1,5,1.8330402374267578,2.3085083961486816,0.0,0.05,41.015625,0.05,-0.23062567859763122,0.0,0.08,0.059,0.059,1
1,14,1.7623045444488525,2.3085083961486816,0.0,0.05,70.70707070707071,0.05,-0.2699792458856537,0.0,0.08,0.059,0.059,1
1,6,2.248785972595215,2.3085083961486816,0.0,0.05,3.515625,0.05,-0.026211097039560295,0.0,0.08,0.059,0.059,1
1,10,2.3080015182495117,2.3085083961486816,0.0,0.05,2.734375,0.05,-0.00021959354941709553,0.0,0.08,0.059,0.059,1
1,0,2.0602309703826904,2.3085083961486816,0.0,0.05,16.666666666666668,0.05,-0.11378350143305983,0.0,0.08,0.059,0.059,1
1,9,1.9037528038024902,2.3085083961486816,0.0,0.05,53.125,0.05,-0.19277450109056507,0.0,0.08,0.059,0.059,1
1,12,2.6652042865753174,2.3085083961486816,0.14367910945912707,0.05,8.984375,0.05,0.14367910945912707,0.14367910945912707,0.19494328756730167,0.0934829862701905,0.0934829862701905,1
1,13,2.2332355976104736,2.3085083961486816,0.0,0.05,26.08695652173913,0.05,-0.033150125363163266,0.0,0.08,0.059,0.059,1
1,3,1.7566509246826172,2.3085083961486816,0.0,0.05,85.64102564102564,0.05,-0.27319248609180213,0.0,0.08,0.059,0.059,1
1,19,1.9942622184753418,2.3085083961486816,0.0,0.05,43.359375,0.05,-0.14632743269112902,0.0,0.08,0.059,0.059,1
1,18,2.073056221008301,2.3085083961486816,0.0,0.05,11.328125,0.05,-0.10757764583636631,0.0,0.08,0.059,0.059,1
1,1,2.3360164165496826,2.3085083961486816,0.011845492506429486,0.05,8.333333333333334,0.05,0.011845492506429486,0.011845492506429486,0.0894763940051436,0.06184291820154307,0.06184291820154307,1
2,4,1.2751275300979614,2.2921621441841125,0.0,0.059,58.71559633027523,0.05,-0.5864493391918469,0.0,0.08,0.059,0.059,0
2,19,1.6210169792175293,2.2921621441841125,0.0,0.059,37.890625,0.05,-0.34644182084844366,0.0,0.08,0.059,0.059,0
2,17,2.2200117111206055,2.2921621441841125,0.0,0.059,1.171875,0.05,-0.031983068594499425,0.0,0.08,0.059,0.059,0
2,18,1.446022868156433,2.2921621441841125,0.0,0.059,73.828125,0.05,-0.4606785989524477,0.0,0.08,0.059,0.059,0
2,10,2.375084400177002,2.2921621441841125,0.03553743373338627,0.0675289840960127,14.453125,0.05,0.03553743373338627,0.03553743373338627,0.10842994698670902,0.0675289840960127,0.0675289840960127,0
2,16,2.3716957569122314,2.2921621441841125,0.03410966850559008,0.06718632044134162,15.909090909090908,0.05,0.03410966850559008,0.03410966850559008,0.10728773480447207,0.06718632044134162,0.06718632044134162,0
2,8,2.271233320236206,2.2921621441841125,0.0,0.059,6.640625,0.05,-0.009172543014218814,0.0,0.08,0.059,0.059,0
2,2,2.0478060245513916,2.2921621441841125,0.0,0.059,29.23076923076923,0.05,-0.11272655124849407,0.0,0.08,0.059,0.059,0
2,13,1.8403193950653076,2.2921621441841125,0.0,0.059,28.26086956521739,0.05,-0.21955639798345558,0.0,0.08,0.059,0.059,0
2,7,1.5445350408554077,2.2921621441841125,0.0,0.059,39.453125,0.05,-0.39477261714767614,0.0,0.08,0.059,0.059,0
2,3,1.381583333015442,2.2921621441841125,0.0,0.059,64.1025641025641,0.05,-0.506265352771498,0.0,0.08,0.059,0.059,0
2,5,1.139944314956665,2.2921621441841125,0.0,0.059,81.25,0.05,-0.6985161207923154,0.0,0.08,0.059,0.059,0
2,6,1.7907840013504028,2.2921621441841125,0.0,0.059,8.59375,0.05,-0.24684202512020398,0.0,0.08,0.059,0.059,0
2,14,0.9956333041191101,2.2921621441841125,0.0,0.059,81.81818181818181,0.05,-0.8338717919482787,0.0,0.08,0.059,0.059,0
2,11,2.5176987648010254,2.2921621441841125,0.0938497554646881,0.08152394131152516,5.46875,0.05,0.0938497554646881,0.0938497554646881,0.1550798043717505,0.08152394131152516,0.08152394131152516,0
2,1,2.3798859119415283,2.2921621441841125,0.037557010328463335,0.06801368247883119,8.333333333333334,0.05,0.037557010328463335,0.037557010328463335,0.11004560826277067,0.06801368247883119,0.06801368247883119,0
2,9,1.2916337251663208,2.2921621441841125,0.0,0.059,58.984375,0.05,-0.5735876657917239,0.0,0.08,0.059,0.059,0
2,0,1.1120342016220093,2.2921621441841125,0.0,0.059,66.66666666666667,0.05,-0.7233045830465438,0.0,0.08,0.059,0.059,0
2,15,1.9495359659194946,2.2921621441841125,0.0,0.059,35.714285714285715,0.05,-0.1619041610573035,0.0,0.08,0.059,0.059,0
2,12,2.614231824874878,2.2921621441841125,0.13147475672017267,0.09055394161284144,12.5,0.05,0.13147475672017267,0.13147475672017267,0.18517980537613815,0.09055394161284144,0.09055394161284144,0
3,12,2.121792793273926,2.2445010995864867,0.0,0.087387759128989,17.578125,0.09055394161284144,-0.056221880362704264,0.0,0.08,0.087387759128989,0.087387759128989,0
3,14,0.8057721853256226,2.2445010995864867,0.0,0.0653,77.77777777777777,0.059,-1.0244374860947474,0.0,0.08,0.0653,0.0653,0
3,0,0.8430114388465881,2.2445010995864867,0.0,0.0653,66.66666666666667,0.059,-0.9792580135947805,0.0,0.08,0.0653,0.0653,0
3,19,1.2429769039154053,2.2445010995864867,0.0,0.0653,58.984375,0.059,-0.5909740341173919,0.0,0.08,0.0653,0.0653,0
3,2,1.7521076202392578,2.2445010995864867,0.0,0.0653,47.69230769230769,0.059,-0.24766385018545992,0.0,0.08,0.0653,0.0653,0
3,9,0.9616631269454956,2.2445010995864867,0.0,0.0653,65.625,0.059,-0.8475743327331191,0.0,0.08,0.0653,0.0653,0
3,6,1.216989278793335,2.2445010995864867,0.0,0.0653,64.453125,0.059,-0.6121032609512345,0.0,0.08,0.0653,0.0653,0
3,10,1.9375396966934204,2.2445010995864867,0.0,0.07127028886720889,22.265625,0.0675289840960127,-0.1470642977850881,0.0,0.08,0.07127028886720889,0.07127028886720889,0
3,7,1.4564738273620605,2.2445010995864867,0.0,0.0653,47.265625,0.059,-0.43246493901792366,0.0,0.08,0.0653,0.0653,0
3,13,1.4080442190170288,2.2445010995864867,0.0,0.0653,41.30434782608695,0.059,-0.46628160370108446,0.0,0.08,0.0653,0.0653,0
3,18,0.7671220302581787,2.2445010995864867,0.0,0.0653,85.9375,0.059,-1.0735926501042887,0.0,0.08,0.0653,0.0653,0
3,15,1.8522144556045532,2.2445010995864867,0.0,0.0653,14.285714285714286,0.059,-0.19210134191598727,0.0,0.08,0.0653,0.0653,0
3,3,1.0609079599380493,2.2445010995864867,0.0,0.0653,75.38461538461539,0.059,-0.7493581567118359,0.0,0.08,0.0653,0.0653,0
3,16,2.0545132160186768,2.2445010995864867,0.0,0.07103042430893913,25.454545454545453,0.06718632044134162,-0.08844432669195841,0.0,0.08,0.07103042430893913,0.07103042430893913,0
3,11,2.363960027694702,2.2445010995864867,0.051854921274792944,0.09351194002401791,7.03125,0.08152394131152516,0.051854921274792944,0.051854921274792944,0.12148393701983436,0.09351194002401791,0.09351194002401791,0
3,4,1.0966475009918213,2.2445010995864867,0.0,0.0653,74.31192660550458,0.059,-0.7162254648218,0.0,0.08,0.0653,0.0653,0
3,17,2.062534809112549,2.2445010995864867,0.0,0.0653,1.171875,0.059,-0.08454755251954506,0.0,0.08,0.0653,0.0653,0
3,5,0.87702476978302,2.2445010995864867,0.0,0.0653,89.453125,0.059,-0.9397033054380516,0.0,0.08,0.0653,0.0653,0
3,8,2.1096608638763428,2.2445010995864867,0.0,0.0653,10.9375,0.059,-0.06195606230845748,0.0,0.08,0.0653,0.0653,0
3,1,1.9010118246078491,2.2445010995864867,0.0,0.07160957773518184,8.333333333333334,0.06801368247883119,-0.16609698464638079,0.0,0.08,0.07160957773518184,0.07160957773518184,0
4,1,1.8212604522705078,2.1632768919467926,0.0,0.07412670441462729,8.333333333333334,0.07160957773518184,-0.17209533325534812,0.0,0.08,0.07412670441462729,0.07412670441462729,0
4,12,1.6714293956756592,2.1632768919467926,0.0,0.08517143139029229,34.375,0.087387759128989,-0.2579449644505069,0.0,0.08,0.08517143139029229,0.08517143139029229,0
4,15,1.629186749458313,2.1632768919467926,0.0,0.06971,21.428571428571427,0.0653,-0.2835431865823042,0.0,0.08,0.06971,0.06971,0
4,13,1.262459635734558,2.1632768919467926,0.0,0.06971,50.0,0.0653,-0.5385622384390506,0.0,0.08,0.06971,0.06971,0
4,3,0.9000356197357178,2.1632768919467926,0.0,0.06971,85.64102564102564,0.0653,-0.8769450841671608,0.0,0.08,0.06971,0.06971,0
4,5,0.7651434540748596,2.1632768919467926,0.0,0.06971,77.34375,0.0653,-1.0393160843206322,0.0,0.08,0.06971,0.06971,0
4,4,0.8928073048591614,2.1632768919467926,0.0,0.06971,77.06422018348624,0.0653,-0.8850086505429996,0.0,0.08,0.06971,0.06971,0
4,17,1.8723323345184326,2.1632768919467926,0.0,0.06971,1.171875,0.0653,-0.14443925955797188,0.0,0.08,0.06971,0.06971,0
4,16,1.7336249351501465,2.1632768919467926,0.0,0.07372129701625739,45.0,0.07103042430893913,-0.22140959596542953,0.0,0.08,0.07372129701625739,0.07372129701625739,0
4,9,0.7828500866889954,2.1632768919467926,0.0,0.06971,73.4375,0.0653,-1.0164382050366136,0.0,0.08,0.06971,0.06971,0
4,0,0.5630853176116943,2.1632768919467926,0.0,0.06971,83.33333333333333,0.0653,-1.3459482598343355,0.0,0.08,0.06971,0.06971,0
4,7,1.3624351024627686,2.1632768919467926,0.0,0.06971,49.609375,0.0653,-0.4623505337802965,0.0,0.08,0.06971,0.06971,0
4,2,1.3262542486190796,2.1632768919467926,0.0,0.06971,66.15384615384616,0.0653,-0.4892655343571996,0.0,0.08,0.06971,0.06971,0
4,19,0.9569061398506165,2.1632768919467926,0.0,0.06971,67.96875,0.0653,-0.8156741156907859,0.0,0.08,0.06971,0.06971,0
4,10,1.7217326164245605,2.1632768919467926,0.0,0.07388920220704623,34.765625,0.07127028886720889,-0.22829303157851322,0.0,0.08,0.07388920220704623,0.07388920220704623,0
4,14,0.5042981505393982,2.1632768919467926,0.0,0.06971,85.85858585858585,0.0653,-1.4562117537793327,0.0,0.08,0.06971,0.06971,0
4,18,0.5373694896697998,2.1632768919467926,0.0,0.06971,82.03125,0.0653,-1.3926934960918702,0.0,0.08,0.06971,0.06971,0
4,6,0.9118483066558838,2.1632768919467926,0.0,0.06971,72.265625,0.0653,-0.8639057785176566,0.0,0.08,0.06971,0.06971,0
4,11,2.137084484100342,2.1632768919467926,0.0,0.08945835801681254,9.765625,0.09351194002401791,-0.012181642113113796,0.0,0.08,0.08945835801681254,0.08945835801681254,0
4,8,2.04628849029541,2.1632768919467926,0.0,0.06971,12.109375,0.0653,-0.05559649174508074,0.0,0.08,0.06971,0.06971,0
5,9,0.6706797480583191,2.0763848969697953,0.0,0.072797,73.4375,0.06971,-1.13009187275276,0.0,0.08,0.072797,0.072797,0
5,19,0.8783888220787048,2.0763848969697953,0.0,0.072797,68.75,0.06971,-0.860294278342898,0.0,0.08,0.072797,0.072797,0
5,12,1.4743508100509644,2.0763848969697953,0.0,0.0836200019732046,50.390625,0.08517143139029229,-0.3424105851889815,0.0,0.08,0.0836200019732046,0.0836200019732046,0
5,18,0.4161672592163086,2.0763848969697953,0.0,0.072797,87.109375,0.06971,-1.6072963661742021,0.0,0.08,0.072797,0.072797,0
5,0,0.8015928268432617,2.0763848969697953,0.0,0.072797,100.0,0.06971,-0.9517828408645425,0.0,0.08,0.072797,0.072797,0
5,14,0.7238062024116516,2.0763848969697953,0.0,0.072797,86.86868686868686,0.06971,-1.0538599409385476,0.0,0.08,0.072797,0.072797,0
5,8,1.941123127937317,2.0763848969697953,0.0,0.072797,10.9375,0.06971,-0.06736161346239522,0.0,0.08,0.072797,0.072797,0
5,10,1.2914320230484009,2.0763848969697953,0.0,0.07572244154493235,48.046875,0.07388920220704623,-0.4748766502962916,0.0,0.08,0.07572244154493235,0.07572244154493235,0
5,11,2.1397476196289062,2.0763848969697953,0.03005953590020745,0.09383513922781857,7.421875,0.08945835801681254,0.03005953590020745,0.03005953590020745,0.10404762872016596,0.09383513922781857,0.09383513922781857,0
5,4,0.7524694800376892,2.0763848969697953,0.0,0.072797,79.81651376146789,0.06971,-1.0150231840807855,0.0,0.08,0.072797,0.072797,0
5,13,1.3060252666473389,2.0763848969697953,0.0,0.072797,54.34782608695652,0.06971,-0.46363997118477573,0.0,0.08,0.072797,0.072797,0
5,7,1.3891927003860474,2.0763848969697953,0.0,0.072797,42.578125,0.06971,-0.40190556157192936,0.0,0.08,0.072797,0.072797,0
5,3,0.8445802927017212,2.0763848969697953,0.0,0.072797,86.66666666666667,0.06971,-0.8995438143054515,0.0,0.08,0.072797,0.072797,0
5,17,1.4379009008407593,2.0763848969697953,0.0,0.072797,23.046875,0.06971,-0.36744400679585665,0.0,0.08,0.072797,0.072797,0
5,15,1.9082363843917847,2.0763848969697953,0.0,0.072797,21.428571428571427,0.06971,-0.08444889431598483,0.0,0.08,0.072797,0.072797,0
5,2,0.9659902453422546,2.0763848969697953,0.0,0.072797,66.15384615384616,0.06971,-0.7652298885572207,0.0,0.08,0.072797,0.072797,0
5,1,1.6021404266357422,2.0763848969697953,0.0,0.0758886930902391,20.833333333333332,0.07412670441462729,-0.2592878479771492,0.0,0.08,0.0758886930902391,0.0758886930902391,0
5,6,0.7991273999214172,2.0763848969697953,0.0,0.072797,69.140625,0.06971,-0.9548632402989032,0.0,0.08,0.072797,0.072797,0
5,5,0.5730149745941162,2.0763848969697953,0.0,0.072797,83.984375,0.06971,-1.2874717675845235,0.0,0.08,0.072797,0.072797,0
5,16,1.295279622077942,2.0763848969697953,0.0,0.07560490791138016,60.0,0.07372129701625739,-0.47190175215126556,0.0,0.08,0.07560490791138016,0.07560490791138016,0
6,19,0.8208727240562439,1.9816175206923488,0.0,0.0749579,72.265625,0.072797,-0.8813006407653324,0.0,0.08,0.0749579,0.0749579,0
6,18,0.40790465474128723,1.9816175206923488,0.0,0.0749579,84.765625,0.072797,-1.5806352426216734,0.0,0.08,0.0749579,0.0749579,0
6,7,1.2831002473831177,1.9816175206923488,0.0,0.0749579,46.875,0.072797,-0.4346342203764669,0.0,0.08,0.0749579,0.0749579,0
6,1,1.2344088554382324,1.9816175206923488,0.0,0.07712208516316738,33.333333333333336,0.0758886930902391,-0.47332124186728614,0.0,0.08,0.07712208516316738,0.07712208516316738,0
6,15,1.2277451753616333,1.9816175206923488,0.0,0.0749579,42.857142857142854,0.072797,-0.4787341414741358,0.0,0.08,0.0749579,0.0749579,0
6,16,1.2600377798080444,1.9816175206923488,0.0,0.07692343553796611,64.54545454545455,0.07560490791138016,-0.45277173346524285,0.0,0.08,0.07692343553796611,0.07692343553796611,0
6,12,1.247161865234375,1.9816175206923488,0.0,0.08253400138124321,56.25,0.0836200019732046,-0.46304297588127685,0.0,0.08,0.08253400138124321,0.08253400138124321,0
6,10,1.0623992681503296,1.9816175206923488,0.0,0.07700570908145264,63.28125,0.07572244154493235,-0.6233836256020996,0.0,0.08,0.07700570908145264,0.07700570908145264,0
6,0,0.8946215510368347,1.9816175206923488,0.0,0.0749579,83.33333333333333,0.072797,-0.7952679328483617,0.0,0.08,0.0749579,0.0749579,0
6,11,2.007634401321411,1.9816175206923488,0.013043673288420918,0.09281507904869402,8.59375,0.09383513922781857,0.013043673288420918,0.013043673288420918,0.09043493863073673,0.09281507904869402,0.09281507904869402,0
6,8,1.8720611333847046,1.9816175206923488,0.0,0.0749579,12.5,0.072797,-0.05687340630354185,0.0,0.08,0.0749579,0.0749579,0
6,13,1.1298396587371826,1.9816175206923488,0.0,0.0749579,52.17391304347826,0.072797,-0.5618377093058493,0.0,0.08,0.0749579,0.0749579,0
6,2,0.966431736946106,1.9816175206923488,0.0,0.0749579,75.38461538461539,0.072797,-0.7180580475005315,0.0,0.08,0.0749579,0.0749579,0
6,5,0.635800838470459,1.9816175206923488,0.0,0.0749579,83.59375,0.072797,-1.1367833419036522,0.0,0.08,0.0749579,0.0749579,0
6,9,0.6947157382965088,1.9816175206923488,0.0,0.0749579,84.765625,0.072797,-1.0481659582255665,0.0,0.08,0.0749579,0.0749579,0
6,17,1.2100802659988403,1.9816175206923488,0.0,0.0749579,36.71875,0.072797,-0.4932267446813359,0.0,0.08,0.0749579,0.0749579,0
6,6,0.7510631680488586,1.9816175206923488,0.0,0.0749579,66.40625,0.072797,-0.9701789514148558,0.0,0.08,0.0749579,0.0749579,0
6,4,0.6986724138259888,1.9816175206923488,0.0,0.0749579,86.23853211009174,0.072797,-1.0424867279243384,0.0,0.08,0.0749579,0.0749579,0
6,3,0.8593469858169556,1.9816175206923488,0.0,0.0749579,91.7948717948718,0.072797,-0.8354959312339103,0.0,0.08,0.0749579,0.0749579,0
6,14,0.5677916407585144,1.9816175206923488,0.0,0.0749579,87.87878787878788,0.072797,-1.2499141854878766,0.0,0.08,0.0749579,0.0749579,0
7,16,1.0156021118164062,1.8848973188779357,0.0,0.07784640487657628,68.18181818181819,0.07692343553796611,-0.6183916919071005,0.0,0.08,0.07784640487657628,0.07784640487657628,0
7,3,0.7778099775314331,1.8848973188779357,0.0,0.07647053,89.74358974358974,0.0749579,-0.8851463685757759,0.0,0.08,0.07647053,0.07647053,0
7,2,0.9994570016860962,1.8848973188779357,0.0,0.07647053,78.46153846153847,0.0749579,-0.6344164877632527,0.0,0.08,0.07647053,0.07647053,0
7,13,1.004468560218811,1.8848973188779357,0.0,0.07647053,54.34782608695652,0.0749579,-0.6294147361752421,0.0,0.08,0.07647053,0.07647053,0
7,17,1.1277309656143188,1.8848973188779357,0.0,0.07647053,46.09375,0.0749579,-0.5136657241426414,0.0,0.08,0.07647053,0.07647053,0
7,5,0.5475713610649109,1.8848973188779357,0.0,0.07647053,79.296875,0.0749579,-1.236135819655743,0.0,0.08,0.07647053,0.07647053,0
7,11,1.927276849746704,1.8848973188779357,0.02223470110768453,0.0943068835999301,8.203125,0.09281507904869402,0.02223470110768453,0.02223470110768453,0.09778776088614763,0.0943068835999301,0.0943068835999301,0
7,10,1.083411693572998,1.8848973188779357,0.0,0.07790399635701685,65.625,0.07700570908145264,-0.5537583051611202,0.0,0.08,0.07790399635701685,0.07790399635701685,0
7,9,0.5699660181999207,1.8848973188779357,0.0,0.07647053,83.984375,0.0749579,-1.1960518715567412,0.0,0.08,0.07647053,0.07647053,0
7,4,0.6058861017227173,1.8848973188779357,0.0,0.07647053,83.4862385321101,0.0749579,-1.1349365970034841,0.0,0.08,0.07647053,0.07647053,0
7,12,0.994591474533081,1.8848973188779357,0.0,0.08177380096687024,57.8125,0.08253400138124321,-0.6392965464160582,0.0,0.08,0.08177380096687024,0.08177380096687024,0
7,6,0.5376133918762207,1.8848973188779357,0.0,0.07647053,73.4375,0.0749579,-1.254488912976498,0.0,0.08,0.07647053,0.07647053,0
7,1,1.4100080728530884,1.8848973188779357,0.0,0.07798545961421716,41.666666666666664,0.07712208516316738,-0.2902779150842414,0.0,0.08,0.07798545961421716,0.07798545961421716,0
7,0,1.1268342733383179,1.8848973188779357,0.0,0.07647053,66.66666666666667,0.0749579,-0.5144611700227028,0.0,0.08,0.07647053,0.07647053,0
7,7,1.1504548788070679,1.8848973188779357,0.0,0.07647053,48.828125,0.0749579,-0.4937159323296895,0.0,0.08,0.07647053,0.07647053,0
7,15,1.4623053073883057,1.8848973188779357,0.0,0.07647053,50.0,0.0749579,-0.25385917703038546,0.0,0.08,0.07647053,0.07647053,0
7,19,0.7877203822135925,1.8848973188779357,0.0,0.07647053,80.859375,0.0749579,-0.8724854362861659,0.0,0.08,0.07647053,0.07647053,0
7,18,0.5228800177574158,1.8848973188779357,0.0,0.07647053,83.59375,0.0749579,-1.2822765856427303,0.0,0.08,0.07647053,0.07647053,0
7,8,1.838119626045227,1.8848973188779357,0.0,0.07647053,14.84375,0.0749579,-0.025130239822430237,0.0,0.08,0.07647053,0.07647053,0
7,14,0.5690283179283142,1.8848973188779357,0.0,0.07647053,91.91919191919192,0.0749579,-1.1976984126101027,0.0,0.08,0.07647053,0.07647053,0
8,12,1.0110042095184326,1.7966038650853875,0.0,0.08124166067680916,60.546875,0.08177380096687024,-0.5749540330716403,0.0,0.08,0.08124166067680916,0.08124166067680916,0
8,14,0.45328256487846375,1.7966038650853875,0.0,0.07752937099999999,86.86868686868686,0.07647053,-1.3771377090788026,0.0,0.08,0.07752937099999999,0.07752937099999999,0
8,16,0.9638921022415161,1.7966038650853875,0.0,0.07849248341360339,67.27272727272727,0.07784640487657628,-0.6226740541066539,0.0,0.08,0.07849248341360339,0.07849248341360339,0
8,0,0.6661588549613953,1.7966038650853875,0.0,0.07752937099999999,100.0,0.07647053,-0.9921252476188614,0.0,0.08,0.07752937099999999,0.07752937099999999,0
8,5,0.5295481085777283,1.7966038650853875,0.0,0.07752937099999999,85.546875,0.07647053,-1.2216293892787022,0.0,0.08,0.07752937099999999,0.07752937099999999,0
8,10,0.7669298648834229,1.7966038650853875,0.0,0.07853279744991179,73.828125,0.07790399635701685,-0.8512580562968052,0.0,0.08,0.07853279744991179,0.07853279744991179,0
8,17,0.8676627278327942,1.7966038650853875,0.0,0.07752937099999999,61.328125,0.07647053,-0.7278503374211198,0.0,0.08,0.07752937099999999,0.07752937099999999,0
8,4,0.6168920993804932,1.7966038650853875,0.0,0.07752937099999999,82.56880733944953,0.07647053,-1.0689592803178014,0.0,0.08,0.07752937099999999,0.07752937099999999,0
8,9,0.5118467211723328,1.7966038650853875,0.0,0.07752937099999999,82.03125,0.07647053,-1.255628198646775,0.0,0.08,0.07752937099999999,0.07752937099999999,0
8,15,1.5319081544876099,1.7966038650853875,0.0,0.07752937099999999,42.857142857142854,0.07647053,-0.15938402203979607,0.0,0.08,0.07752937099999999,0.07752937099999999,0
8,7,1.274659276008606,1.7966038650853875,0.0,0.07752937099999999,48.828125,0.07647053,-0.34321923047093505,0.0,0.08,0.07752937099999999,0.07752937099999999,0
8,1,1.226081132888794,1.7966038650853875,0.0,0.078589821729952,50.0,0.07798545961421716,-0.38207512632184754,0.0,0.08,0.078589821729952,0.078589821729952,0
8,2,0.6380001306533813,1.7966038650853875,0.0,0.07752937099999999,83.07692307692308,0.07647053,-1.0353149218875277,0.0,0.08,0.07752937099999999,0.07752937099999999,0
8,18,0.3818902373313904,1.7966038650853875,0.0,0.07752937099999999,82.03125,0.07647053,-1.5485201690179862,0.0,0.08,0.07752937099999999,0.07752937099999999,0
8,8,1.8933035135269165,1.7966038650853875,0.05242505261493573,0.09011138362758456,16.40625,0.07647053,0.05242505261493573,0.05242505261493573,0.12194004209194859,0.09011138362758456,0.09011138362758456,0
8,13,0.9020777940750122,1.7966038650853875,0.0,0.07752937099999999,34.78260869565217,0.07647053,-0.6889526520600905,0.0,0.08,0.07752937099999999,0.07752937099999999,0
8,3,0.8813081979751587,1.7966038650853875,0.0,0.07752937099999999,83.07692307692308,0.07647053,-0.7122460221439543,0.0,0.08,0.07752937099999999,0.07752937099999999,0
8,6,0.6584081649780273,1.7966038650853875,0.0,0.07752937099999999,71.875,0.07647053,-1.003828359975579,0.0,0.08,0.07752937099999999,0.07752937099999999,0
8,19,0.7890390157699585,1.7966038650853875,0.0,0.07752937099999999,76.171875,0.07647053,-0.8228376437501456,0.0,0.08,0.07752937099999999,0.07752937099999999,0
8,11,1.8494670391082764,1.7966038650853875,0.02899936931367348,0.0969746671552327,14.0625,0.0943068835999301,0.02899936931367348,0.02899936931367348,0.10319949545093879,0.0969746671552327,0.0969746671552327,0
9,4,0.7865667939186096,1.6997785657569864,0.0,0.07827055969999999,86.23853211009174,0.07752937099999999,-0.7705756148841897,0.0,0.08,0.07827055969999999,0.07827055969999999,0
9,3,0.7228968143463135,1.6997785657569864,0.0,0.07827055969999999,88.2051282051282,0.07752937099999999,-0.8549867649461298,0.0,0.08,0.07827055969999999,0.07827055969999999,0
9,2,0.6794910430908203,1.6997785657569864,0.0,0.07827055969999999,80.0,0.07752937099999999,-0.9169092054027963,0.0,0.08,0.07827055969999999,0.07827055969999999,0
9,15,1.5313862562179565,1.6997785657569864,0.0,0.07827055969999999,50.0,0.07752937099999999,-0.10432461148958269,0.0,0.08,0.07827055969999999,0.07827055969999999,0
9,7,1.1441278457641602,1.6997785657569864,0.0,0.07827055969999999,44.53125,0.07752937099999999,-0.39585534427994246,0.0,0.08,0.07827055969999999,0.07827055969999999,0
9,5,0.4920898377895355,1.6997785657569864,0.0,0.07827055969999999,83.59375,0.07752937099999999,-1.2395919547282084,0.0,0.08,0.07827055969999999,0.07827055969999999,0
9,0,0.9260930418968201,1.6997785657569864,0.0,0.07827055969999999,83.33333333333333,0.07752937099999999,-0.6072785543992612,0.0,0.08,0.07827055969999999,0.07827055969999999,0
9,11,1.8781689405441284,1.6997785657569864,0.09979934673143788,0.11583411022420798,10.9375,0.0969746671552327,0.09979934673143788,0.09979934673143788,0.1598394773851503,0.11583411022420798,0.11583411022420798,0
9,8,1.7453148365020752,1.6997785657569864,0.02643697414989232,0.09342284233528335,14.84375,0.09011138362758456,0.02643697414989232,0.02643697414989232,0.10114957931991386,0.09342284233528335,0.09342284233528335,0
9,13,1.0961202383041382,1.6997785657569864,0.0,0.07827055969999999,58.69565217391305,0.07752937099999999,-0.43872109491077427,0.0,0.08,0.07827055969999999,0.07827055969999999,0
9,1,0.8550085425376892,1.6997785657569864,0.0,0.0790128752109664,58.333333333333336,0.078589821729952,-0.6871418001515952,0.0,0.08,0.0790128752109664,0.0790128752109664,0
9,18,0.40267908573150635,1.6997785657569864,0.0,0.07827055969999999,83.984375,0.07752937099999999,-1.4401133157732255,0.0,0.08,0.07827055969999999,0.07827055969999999,0
9,6,0.7449654936790466,1.6997785657569864,0.0,0.07827055969999999,71.484375,0.07752937099999999,-0.8249153584853921,0.0,0.08,0.07827055969999999,0.07827055969999999,0
9,17,0.6415327787399292,1.6997785657569864,0.0,0.07827055969999999,75.390625,0.07752937099999999,-0.9743929766459399,0.0,0.08,0.07827055969999999,0.07827055969999999,0
9,19,0.7657660245895386,1.6997785657569864,0.0,0.07827055969999999,80.859375,0.07752937099999999,-0.7973765867941048,0.0,0.08,0.07827055969999999,0.07827055969999999,0
9,14,0.5584420561790466,1.6997785657569864,0.0,0.07827055969999999,80.8080808080808,0.07752937099999999,-1.113102389980442,0.0,0.08,0.07827055969999999,0.07827055969999999,0
9,12,0.9277570247650146,1.6997785657569864,0.0,0.08086916247376641,71.484375,0.08124166067680916,-0.6054833894859473,0.0,0.08,0.08086916247376641,0.08086916247376641,0
9,9,0.513648509979248,1.6997785657569864,0.0,0.07827055969999999,78.125,0.07752937099999999,-1.1967140537280965,0.0,0.08,0.07827055969999999,0.07827055969999999,0
9,16,0.9824705123901367,1.6997785657569864,0.0,0.07894473838952237,75.0,0.07849248341360339,-0.5481829313694053,0.0,0.08,0.07894473838952237,0.07894473838952237,0
9,10,0.6864563822746277,1.6997785657569864,0.0,0.07897295821493824,75.390625,0.07853279744991179,-0.906710570630043,0.0,0.08,0.07897295821493824,0.07897295821493824,0
10,16,0.8677194118499756,1.607417350106695,0.0,0.07926131687266566,70.45454545454545,0.07894473838952237,-0.6165156301481933,0.0,0.08,0.07926131687266566,0.07926131687266566,0
10,12,0.9194223284721375,1.607417350106695,0.0,0.08060841373163649,68.359375,0.08086916247376641,-0.5586384659657686,0.0,0.08,0.08060841373163649,0.08060841373163649,0
10,2,0.6837368607521057,1.607417350106695,0.0,0.07878939179,81.53846153846153,0.07827055969999999,-0.8548108941096847,0.0,0.08,0.07878939179,0.07878939179,0
10,9,0.4671318233013153,1.607417350106695,0.0,0.07878939179,86.328125,0.07827055969999999,-1.2357725297164577,0.0,0.08,0.07878939179,0.07878939179,0
10,19,0.6093705296516418,1.607417350106695,0.0,0.07878939179,85.15625,0.07827055969999999,-0.9699575236571443,0.0,0.08,0.07878939179,0.07878939179,0
10,15,1.2189769744873047,1.607417350106695,0.0,0.07878939179,21.428571428571427,0.07827055969999999,-0.2766167971836979,0.0,0.08,0.07878939179,0.07878939179,0
10,13,1.0887256860733032,1.607417350106695,0.0,0.07878939179,52.17391304347826,0.07827055969999999,-0.389620840698863,0.0,0.08,0.07878939179,0.07878939179,0
10,8,1.7824910879135132,1.607417350106695,0.10338311228161876,0.11420793658228684,14.84375,0.09342284233528335,0.10338311228161876,0.10338311228161876,0.162706489825295,0.11420793658228684,0.11420793658228684,0
10,3,0.6682156920433044,1.607417350106695,0.0,0.07878939179,90.25641025641026,0.07827055969999999,-0.8777730171726686,0.0,0.08,0.07878939179,0.07878939179,0
10,18,0.42536890506744385,1.607417350106695,0.0,0.07878939179,82.03125,0.07827055969999999,-1.3294272179841167,0.0,0.08,0.07878939179,0.07878939179,0
10,7,1.095926284790039,1.607417350106695,0.0,0.07878939179,46.09375,0.07827055969999999,-0.38302882986897924,0.0,0.08,0.07878939179,0.07878939179,0
10,4,0.6975682377815247,1.607417350106695,0.0,0.07878939179,85.3211009174312,0.07827055969999999,-0.834783690645803,0.0,0.08,0.07878939179,0.07878939179,0
10,0,0.7124614119529724,1.607417350106695,0.0,0.07878939179,100.0,0.07827055969999999,-0.8136582797869192,0.0,0.08,0.07878939179,0.07878939179,0
10,11,1.8367879390716553,1.607417350106695,0.13338959943956674,0.1370973810224416,12.5,0.11583411022420798,0.13338959943956674,0.13338959943956674,0.1867116795516534,0.1370973810224416,0.1370973810224416,0
10,14,0.38751256465911865,1.607417350106695,0.0,0.07878939179,94.94949494949495,0.07827055969999999,-1.4226357468363469,0.0,0.08,0.07878939179,0.07878939179,0
10,1,0.9089059233665466,1.607417350106695,0.0,0.07930901264767648,50.0,0.0790128752109664,-0.5701424406589306,0.0,0.08,0.07930901264767648,0.07930901264767648,0
10,17,0.5480470657348633,1.607417350106695,0.0,0.07878939179,71.875,0.07827055969999999,-1.076022857952357,0.0,0.08,0.07878939179,0.07878939179,0
10,5,0.5130364298820496,1.607417350106695,0.0,0.07878939179,80.859375,0.07827055969999999,-1.1420371702799137,0.0,0.08,0.07878939179,0.07878939179,0
10,6,0.5150049924850464,1.607417350106695,0.0,0.07878939179,76.953125,0.07827055969999999,-1.1382074316566877,0.0,0.08,0.07878939179,0.07878939179,0
10,10,0.7535927295684814,1.607417350106695,0.0,0.07928107075045676,80.078125,0.07897295821493824,-0.7575319569512728,0.0,0.08,0.07928107075045676,0.07928107075045676,0
11,11,1.873705267906189,1.5171770975827505,0.21106646033150034,0.17062411719526918,15.234375,0.1370973810224416,0.21106646033150034,0.21106646033150034,0.24885316826520026,0.17062411719526918,0.17062411719526918,0
11,14,0.5399104356765747,1.5171770975827505,0.0,0.07915257425299999,81.81818181818181,0.07878939179,-1.0332034366398584,0.0,0.08,0.07915257425299999,0.07915257425299999,0
11,16,0.8389235138893127,1.5171770975827505,0.0,0.07948292181086596,73.63636363636364,0.07926131687266566,-0.5924871702952578,0.0,0.08,0.07948292181086596,0.07948292181086596,0
11,4,0.6540660858154297,1.5171770975827505,0.0,0.07915257425299999,87.1559633027523,0.07878939179,-0.8413983108167575,0.0,0.08,0.07915257425299999,0.07915257425299999,0
11,12,0.7228574156761169,1.5171770975827505,0.0,0.08042588961214554,73.4375,0.08060841373163649,-0.7413947166276398,0.0,0.08,0.08042588961214554,0.08042588961214554,0
11,0,0.7091365456581116,1.5171770975827505,0.0,0.07915257425299999,66.66666666666667,0.07878939179,-0.7605586099338665,0.0,0.08,0.07915257425299999,0.07915257425299999,0
11,2,0.5347671508789062,1.5171770975827505,0.0,0.07915257425299999,84.61538461538461,0.07878939179,-1.0427752822525551,0.0,0.08,0.07915257425299999,0.07915257425299999,0
11,7,1.1218163967132568,1.5171770975827505,0.0,0.07915257425299999,52.34375,0.07878939179,-0.3019022787919176,0.0,0.08,0.07915257425299999,0.07915257425299999,0
11,9,0.6012202501296997,1.5171770975827505,0.0,0.07915257425299999,84.375,0.07878939179,-0.9256453643104366,0.0,0.08,0.07915257425299999,0.07915257425299999,0
11,15,1.2172820568084717,1.5171770975827505,0.0,0.07915257425299999,57.142857142857146,0.07878939179,-0.22023088273906574,0.0,0.08,0.07915257425299999,0.07915257425299999,0
11,18,0.40884360671043396,1.5171770975827505,0.0,0.07915257425299999,85.15625,0.07878939179,-1.3112739934101172,0.0,0.08,0.07915257425299999,0.07915257425299999,0
11,17,0.5199004411697388,1.5171770975827505,0.0,0.07915257425299999,83.59375,0.07878939179,-1.070969367915015,0.0,0.08,0.07915257425299999,0.07915257425299999,0
11,8,1.7291810512542725,1.5171770975827505,0.13079647931167257,0.13533671064240219,15.625,0.11420793658228684,0.13079647931167257,0.13079647931167257,0.18463718344933805,0.13533671064240219,0.13533671064240219,0
11,1,0.9099000096321106,1.5171770975827505,0.0,0.07951630885337353,75.0,0.07930901264767648,-0.5112719961665426,0.0,0.08,0.07951630885337353,0.07951630885337353,0
11,10,0.7582862377166748,1.5171770975827505,0.0,0.07949674952531974,79.6875,0.07928107075045676,-0.6935457712391526,0.0,0.08,0.07949674952531974,0.07949674952531974,0
11,6,0.690575361251831,1.5171770975827505,0.0,0.07915257425299999,70.703125,0.07878939179,-0.7870815996121204,0.0,0.08,0.07915257425299999,0.07915257425299999,0
11,5,0.39302903413772583,1.5171770975827505,0.0,0.07915257425299999,84.375,0.07878939179,-1.3507232083084506,0.0,0.08,0.07915257425299999,0.07915257425299999,0
11,3,0.8364182114601135,1.5171770975827505,0.0,0.07915257425299999,83.58974358974359,0.07878939179,-0.5954779682069328,0.0,0.08,0.07915257425299999,0.07915257425299999,0
11,13,1.0151578187942505,1.5171770975827505,0.0,0.07915257425299999,63.04347826086956,0.07878939179,-0.40180734536870777,0.0,0.08,0.07915257425299999,0.07915257425299999,0
11,19,0.8068752288818359,1.5171770975827505,0.0,0.07915257425299999,77.34375,0.07878939179,-0.6314376634463972,0.0,0.08,0.07915257425299999,0.07915257425299999,0
12,4,0.6290526986122131,1.4395165704941153,0.0,0.07940680197709998,87.1559633027523,0.07915257425299999,-0.8278475775519817,0.0,0.08,0.07940680197709998,0.07940680197709998,0
12,1,0.7478013634681702,1.4395165704941153,0.0,0.07966141619736147,79.16666666666667,0.07951630885337353,-0.6549252289974961,0.0,0.08,0.07966141619736147,0.07966141619736147,0
12,9,0.4253101646900177,1.4395165704941153,0.0,0.07940680197709998,89.0625,0.07915257425299999,-1.2192439026840007,0.0,0.08,0.07940680197709998,0.07940680197709998,0
12,3,0.7122894525527954,1.4395165704941153,0.0,0.07940680197709998,85.64102564102564,0.07915257425299999,-0.7035782508945856,0.0,0.08,0.07940680197709998,0.07940680197709998,0
12,0,0.23943156003952026,1.4395165704941153,0.0,0.07940680197709998,83.33333333333333,0.07915257425299999,-1.7937949722776074,0.0,0.08,0.07940680197709998,0.07940680197709998,0
12,2,0.7027359008789062,1.4395165704941153,0.0,0.07940680197709998,80.0,0.07915257425299999,-0.7170814671853133,0.0,0.08,0.07940680197709998,0.07940680197709998,0
12,10,0.7816081643104553,1.4395165704941153,0.0,0.07964772466772381,79.6875,0.07949674952531974,-0.6107090691114173,0.0,0.08,0.07964772466772381,0.07964772466772381,0
12,15,0.6859375834465027,1.4395165704941153,0.0,0.07940680197709998,64.28571428571429,0.07915257425299999,-0.7412759762819215,0.0,0.08,0.07940680197709998,0.07940680197709998,0
12,6,0.6587994694709778,1.4395165704941153,0.0,0.07940680197709998,72.65625,0.07915257425299999,-0.7816434200310464,0.0,0.08,0.07940680197709998,0.07940680197709998,0
12,18,0.3519573211669922,1.4395165704941153,0.0,0.07940680197709998,87.109375,0.07915257425299999,-1.408552678242329,0.0,0.08,0.07940680197709998,0.07940680197709998,0
12,19,0.7020500302314758,1.4395165704941153,0.0,0.07940680197709998,78.125,0.07915257425299999,-0.7180579443509439,0.0,0.08,0.07940680197709998,0.07940680197709998,0
12,17,0.4355102777481079,1.4395165704941153,0.0,0.07940680197709998,82.03125,0.07915257425299999,-1.1955442093608069,0.0,0.08,0.07940680197709998,0.07940680197709998,0
12,11,1.7178878784179688,1.4395165704941153,0.17678821516494694,0.18586605367627568,18.75,0.17062411719526918,0.17678821516494694,0.17678821516494694,0.22143057213195755,0.18586605367627568,0.18586605367627568,0
12,16,0.8702806234359741,1.4395165704941153,0.0,0.07963804526760616,74.54545454545455,0.07948292181086596,-0.5032469014144948,0.0,0.08,0.07963804526760616,0.07963804526760616,0
12,5,0.5133280158042908,1.4395165704941153,0.0,0.07940680197709998,83.984375,0.07915257425299999,-1.0311475608734835,0.0,0.08,0.07940680197709998,0.07940680197709998,0
12,13,1.2640117406845093,1.4395165704941153,0.0,0.07940680197709998,54.34782608695652,0.07915257425299999,-0.1300167571260973,0.0,0.08,0.07940680197709998,0.07940680197709998,0
12,8,1.6588531732559204,1.4395165704941153,0.14181916092377478,0.15277229607138748,19.921875,0.13533671064240219,0.14181916092377478,0.14181916092377478,0.19345532873901983,0.15277229607138748,0.15277229607138748,0
12,7,1.2045881748199463,1.4395165704941153,0.0,0.07940680197709998,50.390625,0.07915257425299999,-0.17816959604035906,0.0,0.08,0.07940680197709998,0.07940680197709998,0
12,14,0.39264848828315735,1.4395165704941153,0.0,0.07940680197709998,89.8989898989899,0.07915257425299999,-1.2991478229722906,0.0,0.08,0.07940680197709998,0.07940680197709998,0
12,12,0.7411301732063293,1.4395165704941153,0.0,0.08029812272850187,71.09375,0.08042588961214554,-0.6638863325136681,0.0,0.08,0.08029812272850187,0.08029812272850187,0
13,12,0.7749702334403992,1.3658042100002228,0.0,0.08020868590995131,71.09375,0.08029812272850187,-0.566674073231176,0.0,0.08,0.08020868590995131,0.08020868590995131,0
13,8,1.7818175554275513,1.3658042100002228,0.26589052020004167,0.19475433209798124,18.359375,0.15277229607138748,0.26589052020004167,0.26589052020004167,0.29271241616003335,0.19475433209798124,0.19475433209798124,0
13,6,0.7445875406265259,1.3658042100002228,0.0,0.07958476138396998,63.28125,0.07940680197709998,-0.6066682645331346,0.0,0.08,0.07958476138396998,0.07958476138396998,0
13,16,0.8333501219749451,1.3658042100002228,0.0,0.07974663168732432,72.72727272727273,0.07963804526760616,-0.49404482593168,0.0,0.08,0.07974663168732432,0.07974663168732432,0
13,3,0.7151068449020386,1.3658042100002228,0.0,0.07958476138396998,87.6923076923077,0.07940680197709998,-0.6470667273433256,0.0,0.08,0.07958476138396998,0.07958476138396998,0
13,15,1.6259632110595703,1.3658042100002228,0.1743569642907598,0.12143043281375232,57.142857142857146,0.07940680197709998,0.1743569642907598,0.1743569642907598,0.21948557143260783,0.12143043281375232,0.12143043281375232,0
13,5,0.4864809215068817,1.3658042100002228,0.0,0.07958476138396998,83.59375,0.07940680197709998,-1.032301000686922,0.0,0.08,0.07958476138396998,0.07958476138396998,0
13,19,0.7300387620925903,1.3658042100002228,0.0,0.07958476138396998,74.21875,0.07940680197709998,-0.6264010610989958,0.0,0.08,0.07958476138396998,0.07958476138396998,0
13,14,0.5061752796173096,1.3658042100002228,0.0,0.07958476138396998,88.88888888888889,0.07940680197709998,-0.9926156748208629,0.0,0.08,0.07958476138396998,0.07958476138396998,0
13,1,0.8666595816612244,1.3658042100002228,0.0,0.07976299133815302,79.16666666666667,0.07966141619736147,-0.4548524344462949,0.0,0.08,0.07976299133815302,0.07976299133815302,0
13,0,0.15040399134159088,1.3658042100002228,0.0,0.07958476138396998,100.0,0.07940680197709998,-2.206173690459945,0.0,0.08,0.07958476138396998,0.07958476138396998,0
13,18,0.39883291721343994,1.3658042100002228,0.0,0.07958476138396998,85.9375,0.07940680197709998,-1.2309561058765062,0.0,0.08,0.07958476138396998,0.07958476138396998,0
13,9,0.568212628364563,1.3658042100002228,0.0,0.07958476138396998,88.28125,0.07940680197709998,-0.8770029943040385,0.0,0.08,0.07958476138396998,0.07958476138396998,0
13,2,0.7090854644775391,1.3658042100002228,0.0,0.07958476138396998,78.46153846153847,0.07940680197709998,-0.6555226306350191,0.0,0.08,0.07958476138396998,0.07958476138396998,0
13,7,1.1767699718475342,1.3658042100002228,0.0,0.07958476138396998,51.171875,0.07940680197709998,-0.14897004561200905,0.0,0.08,0.07958476138396998,0.07958476138396998,0
13,13,1.1459147930145264,1.3658042100002228,0.0,0.07958476138396998,54.34782608695652,0.07940680197709998,-0.17554015469476786,0.0,0.08,0.07958476138396998,0.07958476138396998,0
13,17,0.41663816571235657,1.3658042100002228,0.0,0.07958476138396998,85.546875,0.07940680197709998,-1.1872805452866284,0.0,0.08,0.07958476138396998,0.07958476138396998,0
13,11,1.6926555633544922,1.3658042100002228,0.21455521353959567,0.20559948882289591,15.625,0.18586605367627568,0.21455521353959567,0.21455521353959567,0.25164417083167656,0.20559948882289591,0.20559948882289591,0
13,10,0.5509191751480103,1.3658042100002228,0.0,0.07975340726740666,85.546875,0.07964772466772381,-0.9079105773135653,0.0,0.08,0.07975340726740666,0.07975340726740666,0
13,4,0.5050155520439148,1.3658042100002228,0.0,0.07958476138396998,86.23853211009174,0.07940680197709998,-0.9949094615575163,0.0,0.08,0.07958476138396998,0.07958476138396998,0
14,18,0.4023086428642273,1.301481069349932,0.0,0.079709332968779,83.984375,0.07958476138396998,-1.1740385995456564,0.0,0.08,0.079709332968779,0.079709332968779,0
14,12,0.7382991313934326,1.301481069349932,0.0,0.08014608013696592,74.609375,0.08020868590995131,-0.566909103643209,0.0,0.08,0.08014608013696592,0.08014608013696592,0
14,11,1.7773724794387817,1.301481069349932,0.31163323644796975,0.24271161892353987,15.234375,0.20559948882289591,0.31163323644796975,0.31163323644796975,0.3293065891583758,0.24271161892353987,0.24271161892353987,0
14,7,1.014811396598816,1.301481069349932,0.0,0.079709332968779,46.484375,0.07958476138396998,-0.24880011885169187,0.0,0.08,0.079709332968779,0.079709332968779,0
14,5,0.5043755769729614,1.301481069349932,0.0,0.079709332968779,83.203125,0.07958476138396998,-0.9479369839703311,0.0,0.08,0.079709332968779,0.079709332968779,0
14,10,0.5894521474838257,1.301481069349932,0.0,0.07982738508718466,83.203125,0.07975340726740666,-0.7920646278611613,0.0,0.08,0.07982738508718466,0.07982738508718466,0
14,3,0.6837682723999023,1.301481069349932,0.0,0.079709332968779,85.12820512820512,0.07958476138396998,-0.6436390949504931,0.0,0.08,0.079709332968779,0.079709332968779,0
14,1,0.5304041504859924,1.301481069349932,0.0,0.07983409393670712,83.33333333333333,0.07976299133815302,-0.8976189038624452,0.0,0.08,0.07983409393670712,0.07983409393670712,0
14,15,1.0074961185455322,1.301481069349932,0.0,0.10900130296962662,42.857142857142854,0.12143043281375232,-0.25603473557811623,0.0,0.08,0.10900130296962662,0.10900130296962662,0
14,4,0.6182808876037598,1.301481069349932,0.0,0.079709332968779,88.07339449541284,0.07958476138396998,-0.744315305698294,0.0,0.08,0.079709332968779,0.079709332968779,0
14,16,0.8672014474868774,1.301481069349932,0.0,0.07982264218112703,78.18181818181819,0.07974663168732432,-0.40598687539153205,0.0,0.08,0.07982264218112703,0.07982264218112703,0
14,17,0.5818614959716797,1.301481069349932,0.0,0.079709332968779,83.59375,0.07958476138396998,-0.8050257295909072,0.0,0.08,0.079709332968779,0.079709332968779,0
14,19,0.7065590620040894,1.301481069349932,0.0,0.079709332968779,79.6875,0.07958476138396998,-0.6108513759491148,0.0,0.08,0.079709332968779,0.079709332968779,0
14,8,1.5271159410476685,1.301481069349932,0.15987804946739015,0.1986987643407605,21.09375,0.19475433209798124,0.15987804946739015,0.15987804946739015,0.20790243957391213,0.1986987643407605,0.1986987643407605,0
14,13,0.8611083030700684,1.301481069349932,0.0,0.079709332968779,54.34782608695652,0.07958476138396998,-0.4130378910889548,0.0,0.08,0.079709332968779,0.079709332968779,0
14,9,0.3710959553718567,1.301481069349932,0.0,0.079709332968779,88.671875,0.07958476138396998,-1.2547974908274069,0.0,0.08,0.079709332968779,0.079709332968779,0
14,6,0.5273122787475586,1.301481069349932,0.0,0.079709332968779,76.5625,0.07958476138396998,-0.9034652354520613,0.0,0.08,0.079709332968779,0.079709332968779,0
14,2,0.5449609160423279,1.301481069349932,0.0,0.079709332968779,81.53846153846153,0.07958476138396998,-0.8705440899990313,0.0,0.08,0.079709332968779,0.079709332968779,0
14,14,0.5008353590965271,1.301481069349932,0.0,0.079709332968779,84.84848484848484,0.07958476138396998,-0.9549807442720708,0.0,0.08,0.079709332968779,0.079709332968779,0
14,0,0.2762065827846527,1.301481069349932,0.0,0.079709332968779,100.0,0.07958476138396998,-1.5501090764624457,0.0,0.08,0.079709332968779,0.079709332968779,0
15,16,0.800098717212677,1.2317196141693179,0.0,0.07987584952678892,80.9090909090909,0.07982264218112703,-0.43143141133955937,0.0,0.08,0.07987584952678892,0.07987584952678892,0
15,10,0.6859744191169739,1.2317196141693179,0.0,0.07987916956102925,80.46875,0.07982738508718466,-0.5853261887176125,0.0,0.08,0.07987916956102925,0.07987916956102925,0
15,11,1.6647309064865112,1.2317196141693179,0.3012522372250831,0.26619867018049787,19.53125,0.24271161892353987,0.3012522372250831,0.3012522372250831,0.3210017897800665,0.26619867018049787,0.26619867018049787,0
15,4,0.6423318982124329,1.2317196141693179,0.0,0.0797965330781453,83.4862385321101,0.079709332968779,-0.6510613793278046,0.0,0.08,0.0797965330781453,0.0797965330781453,0
15,17,0.4218588173389435,1.2317196141693179,0.0,0.0797965330781453,89.453125,0.079709332968779,-1.0714958147136635,0.0,0.08,0.0797965330781453,0.0797965330781453,0
15,3,0.7756163477897644,1.2317196141693179,0.0,0.0797965330781453,83.07692307692308,0.079709332968779,-0.46250852676559595,0.0,0.08,0.0797965330781453,0.0797965330781453,0
15,6,0.5712968707084656,1.2317196141693179,0.0,0.0797965330781453,72.265625,0.079709332968779,-0.7682575346822385,0.0,0.08,0.0797965330781453,0.0797965330781453,0
15,1,1.1709861755371094,1.2317196141693179,0.0,0.07988386575569498,75.0,0.07983409393670712,-0.05056497403114197,0.0,0.08,0.07988386575569498,0.07988386575569498,0
15,9,0.49939095973968506,1.2317196141693179,0.0,0.0797965330781453,83.59375,0.079709332968779,-0.9027772449461724,0.0,0.08,0.0797965330781453,0.0797965330781453,0
15,13,1.2065012454986572,1.2317196141693179,0.0,0.0797965330781453,52.17391304347826,0.079709332968779,-0.02068661473229046,0.0,0.08,0.0797965330781453,0.0797965330781453,0
15,14,0.40169310569763184,1.2317196141693179,0.0,0.0797965330781453,92.92929292929293,0.079709332968779,-1.1204781371104477,0.0,0.08,0.0797965330781453,0.0797965330781453,0
15,5,0.5270745158195496,1.2317196141693179,0.0,0.0797965330781453,84.375,0.079709332968779,-0.8488245866485321,0.0,0.08,0.0797965330781453,0.0797965330781453,0
15,12,0.8887837529182434,1.2317196141693179,0.0,0.08010225609587614,75.78125,0.08014608013696592,-0.32631257079434894,0.0,0.08,0.08010225609587614,0.08010225609587614,0
15,18,0.35515695810317993,1.2317196141693179,0.0,0.0797965330781453,90.234375,0.079709332968779,-1.2436066849882716,0.0,0.08,0.0797965330781453,0.0797965330781453,0
15,7,1.0447142124176025,1.2317196141693179,0.0,0.0797965330781453,51.953125,0.079709332968779,-0.16466788478098485,0.0,0.08,0.0797965330781453,0.0797965330781453,0
15,0,0.20477432012557983,1.2317196141693179,0.0,0.0797965330781453,33.333333333333336,0.079709332968779,-1.794257996283269,0.0,0.08,0.0797965330781453,0.0797965330781453,0
15,15,1.2246131896972656,1.2317196141693179,0.0,0.10030091207873862,71.42857142857143,0.10900130296962662,-0.005786222640626928,0.0,0.08,0.10030091207873862,0.10030091207873862,0
15,2,0.696675181388855,1.2317196141693179,0.0,0.0797965330781453,89.23076923076923,0.079709332968779,-0.569847247749852,0.0,0.08,0.0797965330781453,0.0797965330781453,0
15,8,1.777692198753357,1.2317196141693179,0.36690474974198567,0.2511462749766089,18.75,0.1986987643407605,0.36690474974198567,0.36690474974198567,0.3735237997935886,0.2511462749766089,0.2511462749766089,0
15,19,0.7221350073814392,1.2317196141693179,0.0,0.0797965330781453,81.640625,0.079709332968779,-0.5339544143160029,0.0,0.08,0.0797965330781453,0.0797965330781453,0
16,15,1.1118839979171753,1.1794881621909008,0.0,0.09421063845511704,28.571428571428573,0.10030091207873862,-0.05902471103842257,0.0,0.08,0.09421063845511704,0.09421063845511704,0
16,12,0.730359673500061,1.1794881621909008,0.0,0.0800715792671133,73.046875,0.08010225609587614,-0.479298741060759,0.0,0.08,0.0800715792671133,0.0800715792671133,0
16,2,0.5408100485801697,1.1794881621909008,0.0,0.07985757315470171,84.61538461538461,0.0797965330781453,-0.7797677469799761,0.0,0.08,0.07985757315470171,0.07985757315470171,0
16,0,0.7154395580291748,1.1794881621909008,0.0,0.07985757315470171,83.33333333333333,0.0797965330781453,-0.49993873672704064,0.0,0.08,0.07985757315470171,0.07985757315470171,0
16,5,0.4303026497364044,1.1794881621909008,0.0,0.07985757315470171,87.5,0.0797965330781453,-1.0083470500348035,0.0,0.08,0.07985757315470171,0.07985757315470171,0
16,18,0.3908802568912506,1.1794881621909008,0.0,0.07985757315470171,85.9375,0.0797965330781453,-1.1044345806762734,0.0,0.08,0.07985757315470171,0.07985757315470171,0
16,10,0.5132256150245667,1.1794881621909008,0.0,0.07991541869272048,85.546875,0.07987916956102925,-0.8321203076380775,0.0,0.08,0.07991541869272048,0.07991541869272048,0
16,7,1.0897600650787354,1.1794881621909008,0.0,0.07985757315470171,53.90625,0.0797965330781453,-0.07912303459359393,0.0,0.08,0.07985757315470171,0.07985757315470171,0
16,1,0.6402634978294373,1.1794881621909008,0.0,0.07991870602898649,66.66666666666667,0.07988386575569498,-0.6109560483820723,0.0,0.08,0.07991870602898649,0.07991870602898649,0
16,14,0.29458263516426086,1.1794881621909008,0.0,0.07985757315470171,90.9090909090909,0.0797965330781453,-1.387276278517458,0.0,0.08,0.07985757315470171,0.07985757315470171,0
16,13,1.2221460342407227,1.1794881621909008,0.03552777408110085,0.08838423893416592,45.65217391304348,0.0797965330781453,0.03552777408110085,0.03552777408110085,0.10842221926488069,0.08838423893416592,0.08838423893416592,0
16,16,0.8022101521492004,1.1794881621909008,0.0,0.07991309466875224,75.45454545454545,0.07987584952678892,-0.3854652498757137,0.0,0.08,0.07991309466875224,0.07991309466875224,0
16,3,0.7390168309211731,1.1794881621909008,0.0,0.07985757315470171,82.05128205128206,0.0797965330781453,-0.4675151614955446,0.0,0.08,0.07985757315470171,0.07985757315470171,0
16,9,0.4267049729824066,1.1794881621909008,0.0,0.07985757315470171,87.5,0.0797965330781453,-1.0167430029029,0.0,0.08,0.07985757315470171,0.07985757315470171,0
16,17,0.3475739061832428,1.1794881621909008,0.0,0.07985757315470171,85.9375,0.0797965330781453,-1.2218585201547427,0.0,0.08,0.07985757315470171,0.07985757315470171,0
16,4,0.7208638787269592,1.1794881621909008,0.0,0.07985757315470171,88.9908256880734,0.0797965330781453,-0.49238553275642893,0.0,0.08,0.07985757315470171,0.07985757315470171,0
16,11,1.7319499254226685,1.1794881621909008,0.3841673120781507,0.3025392240251047,19.921875,0.26619867018049787,0.3841673120781507,0.3841673120781507,0.3873338496625206,0.3025392240251047,0.3025392240251047,0
16,6,0.6347179412841797,1.1794881621909008,0.0,0.07985757315470171,70.3125,0.0797965330781453,-0.6196551419679172,0.0,0.08,0.07985757315470171,0.07985757315470171,0
16,19,0.6380072832107544,1.1794881621909008,0.0,0.07985757315470171,80.46875,0.0797965330781453,-0.6144861563370716,0.0,0.08,0.07985757315470171,0.07985757315470171,0
16,8,1.6229925155639648,1.1794881621909008,0.3191910912016116,0.276408254372013,16.40625,0.2511462749766089,0.3191910912016116,0.3191910912016116,0.3353528729612893,0.276408254372013,0.276408254372013,0
17,0,0.7451040744781494,1.1293244987647413,0.0,0.0799003012082912,83.33333333333333,0.07985757315470171,-0.4158510337807095,0.0,0.08,0.0799003012082912,0.0799003012082912,0
17,1,0.7141408324241638,1.1293244987647413,0.0,0.07994309422029053,87.5,0.07991870602898649,-0.45829475192668945,0.0,0.08,0.07994309422029053,0.07994309422029053,0
17,13,1.2381718158721924,1.1293244987647413,0.09201628361473178,0.10795287532145176,47.82608695652174,0.08838423893416592,0.09201628361473178,0.09201628361473178,0.15361302689178544,0.10795287532145176,0.10795287532145176,0
17,3,0.7480009198188782,1.1293244987647413,0.0,0.0799003012082912,90.25641025641026,0.07985757315470171,-0.41197073206349105,0.0,0.08,0.0799003012082912,0.0799003012082912,0
17,14,0.36299920082092285,1.1293244987647413,0.0,0.0799003012082912,92.92929292929293,0.07985757315470171,-1.1349742928951192,0.0,0.08,0.0799003012082912,0.0799003012082912,0
17,11,1.770258903503418,1.1293244987647413,0.4495061405751002,0.3436589305555973,19.140625,0.3025392240251047,0.4495061405751002,0.4495061405751002,0.4396049124600802,0.3436589305555973,0.3436589305555973,0
17,8,1.6785513162612915,1.1293244987647413,0.3963114414903815,0.3126005240181007,19.53125,0.276408254372013,0.3963114414903815,0.3963114414903815,0.3970491531923052,0.3126005240181007,0.3126005240181007,0
17,16,0.8484014272689819,1.1293244987647413,0.0,0.07993916626812655,82.27272727272727,0.07991309466875224,-0.28602103632790316,0.0,0.08,0.07993916626812655,0.07993916626812655,0
17,19,0.6748932003974915,1.1293244987647413,0.0,0.0799003012082912,76.171875,0.07985757315470171,-0.5148204815725824,0.0,0.08,0.0799003012082912,0.0799003012082912,0
17,15,1.1169357299804688,1.1293244987647413,0.0,0.08994744691858192,35.714285714285715,0.09421063845511704,-0.011030684809502258,0.0,0.08,0.08994744691858192,0.08994744691858192,0
17,4,0.472257524728775,1.1293244987647413,0.0,0.0799003012082912,88.07339449541284,0.07985757315470171,-0.8718504918985198,0.0,0.08,0.0799003012082912,0.0799003012082912,0
17,9,0.4519062340259552,1.1293244987647413,0.0,0.0799003012082912,89.84375,0.07985757315470171,-0.9159002195151519,0.0,0.08,0.0799003012082912,0.0799003012082912,0
17,7,1.1808099746704102,1.1293244987647413,0.0445809565522073,0.09059973078082095,46.484375,0.07985757315470171,0.0445809565522073,0.0445809565522073,0.11566476524176583,0.09059973078082095,0.09059973078082095,0
17,5,0.5499740839004517,1.1293244987647413,0.0,0.0799003012082912,84.765625,0.07985757315470171,-0.7195037779925584,0.0,0.08,0.0799003012082912,0.0799003012082912,0
17,2,0.4847162663936615,1.1293244987647413,0.0,0.0799003012082912,76.92307692307692,0.07985757315470171,-0.8458112304771314,0.0,0.08,0.0799003012082912,0.0799003012082912,0
17,12,0.7098990082740784,1.1293244987647413,0.0,0.0800501054869793,70.3125,0.0800715792671133,-0.4642522209735196,0.0,0.08,0.0800501054869793,0.0800501054869793,0
17,6,0.7039704918861389,1.1293244987647413,0.0,0.0799003012082912,70.703125,0.07985757315470171,-0.47263849856029627,0.0,0.08,0.0799003012082912,0.0799003012082912,0
17,17,0.29207512736320496,1.1293244987647413,0.0,0.0799003012082912,88.28125,0.07985757315470171,-1.3523638642063225,0.0,0.08,0.0799003012082912,0.0799003012082912,0
17,18,0.3258471190929413,1.1293244987647413,0.0,0.0799003012082912,86.328125,0.07985757315470171,-1.242946610888275,0.0,0.08,0.0799003012082912,0.0799003012082912,0
17,10,0.5336864590644836,1.1293244987647413,0.0,0.07994079308490433,83.203125,0.07991541869272048,-0.7495664231659125,0.0,0.08,0.07994079308490433,0.07994079308490433,0
18,19,0.5667716860771179,1.087085523896278,0.0,0.07993021084580383,82.03125,0.0799003012082912,-0.6512990018423324,0.0,0.08,0.07993021084580383,0.07993021084580383,0
18,11,1.7071696519851685,1.087085523896278,0.4513365376998226,0.37288202043687557,22.265625,0.3436589305555973,0.4513365376998226,0.4513365376998226,0.44106923015985816,0.37288202043687557,0.37288202043687557,0
18,10,0.6120383739471436,1.087085523896278,0.0,0.07995855515943304,81.25,0.07994079308490433,-0.5744605726490607,0.0,0.08,0.07995855515943304,0.07995855515943304,0
18,15,0.8188940286636353,1.087085523896278,0.0,0.08696321284300734,21.428571428571427,0.08994744691858192,-0.28330087550070787,0.0,0.08,0.08696321284300734,0.08696321284300734,0
18,17,0.3153705894947052,1.087085523896278,0.0,0.07993021084580383,87.5,0.0799003012082912,-1.2375071184457185,0.0,0.08,0.07993021084580383,0.07993021084580383,0
18,7,0.8756815791130066,1.087085523896278,0.0,0.08741981154657466,48.828125,0.09059973078082095,-0.2162530299497064,0.0,0.08,0.08741981154657466,0.08741981154657466,0
18,6,0.6496681571006775,1.087085523896278,0.0,0.07993021084580383,75.0,0.0799003012082912,-0.5147938516813398,0.0,0.08,0.07993021084580383,0.07993021084580383,0
18,16,0.6814727187156677,1.087085523896278,0.0,0.07995741638768858,74.0909090909091,0.07993916626812655,-0.4669993382847,0.0,0.08,0.07995741638768858,0.07995741638768858,0
18,12,0.7435268759727478,1.087085523896278,0.0,0.08003507384088551,77.734375,0.0800501054869793,-0.37985064545398345,0.0,0.08,0.08003507384088551,0.08003507384088551,0
18,3,0.6161805987358093,1.087085523896278,0.0,0.07993021084580383,91.7948717948718,0.0799003012082912,-0.5677154555028597,0.0,0.08,0.07993021084580383,0.07993021084580383,0
18,18,0.36200442910194397,1.087085523896278,0.0,0.07993021084580383,86.328125,0.0799003012082912,-1.0995990975993855,0.0,0.08,0.07993021084580383,0.07993021084580383,0
18,5,0.4623197913169861,1.087085523896278,0.0,0.07993021084580383,85.9375,0.0799003012082912,-0.8549987098052422,0.0,0.08,0.07993021084580383,0.07993021084580383,0
18,0,0.5630493760108948,1.087085523896278,0.0,0.07993021084580383,100.0,0.0799003012082912,-0.657888228390032,0.0,0.08,0.07993021084580383,0.07993021084580383,0
18,1,0.6842396259307861,1.087085523896278,0.0,0.07996016595420337,79.16666666666667,0.07994309422029053,-0.4629473708683761,0.0,0.08,0.07996016595420337,0.07996016595420337,0
18,4,0.43089431524276733,1.087085523896278,0.0,0.07993021084580383,92.66055045871559,0.0799003012082912,-0.9253926970731274,0.0,0.08,0.07993021084580383,0.07993021084580383,0
18,13,1.0311064720153809,1.087085523896278,0.0,0.09956701272501622,43.47826086956522,0.10795287532145176,-0.052867813053311515,0.0,0.08,0.09956701272501622,0.09956701272501622,0
18,14,0.33632564544677734,1.087085523896278,0.0,0.07993021084580383,90.9090909090909,0.0799003012082912,-1.1731756688434063,0.0,0.08,0.07993021084580383,0.07993021084580383,0
18,8,1.5361965894699097,1.087085523896278,0.3458093279010605,0.325814605508925,20.703125,0.3126005240181007,0.3458093279010605,0.3458093279010605,0.35664746232084843,0.325814605508925,0.325814605508925,0
18,9,0.36739498376846313,1.087085523896278,0.0,0.07993021084580383,88.28125,0.0799003012082912,-1.0848180254808573,0.0,0.08,0.07993021084580383,0.07993021084580383,0
18,2,0.6271489858627319,1.087085523896278,0.0,0.07993021084580383,89.23076923076923,0.0799003012082912,-0.5500714267049247,0.0,0.08,0.07993021084580383,0.07993021084580383,0
19,12,0.876130998134613,1.0405434507365774,0.0,0.08002455168861985,74.21875,0.08003507384088551,-0.17198278163028846,0.0,0.08,0.08002455168861985,0.08002455168861985,0
19,5,0.3910621404647827,1.0405434507365774,0.0,0.07995114759206268,86.71875,0.07993021084580383,-0.9786319141007856,0.0,0.08,0.07995114759206268,0.07995114759206268,0
19,0,0.2184598445892334,1.0405434507365774,0.0,0.07995114759206268,83.33333333333333,0.07993021084580383,-1.5608961482520542,0.0,0.08,0.07995114759206268,0.07995114759206268,0
19,8,1.736127257347107,1.0405434507365774,0.5119137891671376,0.37492953325636047,16.40625,0.325814605508925,0.5119137891671376,0.5119137891671376,0.4895310313337101,0.37492953325636047,0.37492953325636047,0
19,13,1.0183732509613037,1.0405434507365774,0.0,0.09369690890751134,56.52173913043478,0.09956701272501622,-0.021536623080966426,0.0,0.08,0.09369690890751134,0.09369690890751134,0
19,18,0.3193114399909973,1.0405434507365774,0.0,0.07995114759206268,86.71875,0.07993021084580383,-1.181331455307201,0.0,0.08,0.07995114759206268,0.07995114759206268,0
19,2,0.3475458025932312,1.0405434507365774,0.0,0.07995114759206268,80.0,0.07993021084580383,-1.09660192293381,0.0,0.08,0.07995114759206268,0.07995114759206268,0
19,9,0.35231250524520874,1.0405434507365774,0.0,0.07995114759206268,86.71875,0.07993021084580383,-1.0829798049362496,0.0,0.08,0.07995114759206268,0.07995114759206268,0
19,6,0.5719470381736755,1.0405434507365774,0.0,0.07995114759206268,78.515625,0.07993021084580383,-0.5984520000781812,0.0,0.08,0.07995114759206268,0.07995114759206268,0
19,1,0.5924649238586426,1.0405434507365774,0.0,0.07997211616794236,75.0,0.07996016595420337,-0.5632067261529371,0.0,0.08,0.07997211616794236,0.07997211616794236,0
19,3,0.6959651112556458,1.0405434507365774,0.0,0.07995114759206268,90.76923076923077,0.07993021084580383,-0.40219886810960387,0.0,0.08,0.07995114759206268,0.07995114759206268,0
19,4,0.429627925157547,1.0405434507365774,0.0,0.07995114759206268,88.9908256880734,0.07993021084580383,-0.8845788469973767,0.0,0.08,0.07995114759206268,0.07995114759206268,0
19,19,0.5201677083969116,1.0405434507365774,0.0,0.07995114759206268,81.640625,0.07993021084580383,-0.6933471190990826,0.0,0.08,0.07995114759206268,0.07995114759206268,0
19,11,1.8346147537231445,1.0405434507365774,0.5670913863731859,0.42111934703537746,15.625,0.37288202043687557,0.5670913863731859,0.5670913863731859,0.5336731090985487,0.42111934703537746,0.42111934703537746,0
19,10,0.56489497423172,1.0405434507365774,0.0,0.07997098861160312,85.546875,0.07995855515943304,-0.6108585687955742,0.0,0.08,0.07997098861160312,0.07997098861160312,0
19,14,0.32807987928390503,1.0405434507365774,0.0,0.07995114759206268,90.9090909090909,0.07993021084580383,-1.1542412704328926,0.0,0.08,0.07995114759206268,0.07995114759206268,0
19,15,0.9610463380813599,1.0405434507365774,0.0,0.08487424899010514,35.714285714285715,0.08696321284300734,-0.07947577722970584,0.0,0.08,0.08487424899010514,0.08487424899010514,0
19,16,0.7486546039581299,1.0405434507365774,0.0,0.079970191471382,75.0,0.07995741638768858,-0.3292206664475009,0.0,0.08,0.079970191471382,0.079970191471382,0
19,17,0.30312463641166687,1.0405434507365774,0.0,0.07995114759206268,87.890625,0.07993021084580383,-1.2333543188357865,0.0,0.08,0.07995114759206268,0.07995114759206268,0
19,7,1.1077895164489746,1.0405434507365774,0.062623477134487,0.10022350259487914,51.953125,0.08741981154657466,0.062623477134487,0.062623477134487,0.1300987817075896,0.10022350259487914,0.10022350259487914,0
20,13,0.6652685403823853,0.9933312062831894,0.0,0.08958783623525793,56.52173913043478,0.09369690890751134,-0.400873365272672,0.0,0.08,0.08958783623525793,0.08958783623525793,0
20,4,0.5324798226356506,0.9933312062831894,0.0,0.07996580331444386,89.90825688073394,0.07995114759206268,-0.6235191356888482,0.0,0.08,0.07996580331444386,0.07996580331444386,0
20,16,0.7925397753715515,0.9933312062831894,0.0,0.0799791340299674,68.63636363636364,0.079970191471382,-0.22582145271761658,0.0,0.08,0.0799791340299674,0.0799791340299674,0
20,7,1.0017969608306885,0.9933312062831894,0.008486477621805976,0.09619320644564883,56.25,0.10022350259487914,0.008486477621805976,0.008486477621805976,0.08678918209744478,0.09619320644564883,0.09619320644564883,0
20,2,0.46308597922325134,0.9933312062831894,0.0,0.07996580331444386,89.23076923076923,0.07995114759206268,-0.7631514008639978,0.0,0.08,0.07996580331444386,0.07996580331444386,0
20,3,0.6314895749092102,0.9933312062831894,0.0,0.07996580331444386,90.25641025641026,0.07995114759206268,-0.45298271053798905,0.0,0.08,0.07996580331444386,0.07996580331444386,0
20,10,0.6166714429855347,0.9933312062831894,0.0,0.07997969202812219,81.640625,0.07997098861160312,-0.47672776859823096,0.0,0.08,0.07997969202812219,0.07997969202812219,0
20,8,1.6599462032318115,0.9933312062831894,0.5134763195875249,0.4096849899804583,19.921875,0.37492953325636047,0.5134763195875249,0.5134763195875249,0.49078105567002,0.4096849899804583,0.4096849899804583,0
20,9,0.41358646750450134,0.9933312062831894,0.0,0.07996580331444386,90.234375,0.07995114759206268,-0.8761975315324084,0.0,0.08,0.07996580331444386,0.07996580331444386,0
20,18,0.3475083112716675,0.9933312062831894,0.0,0.07996580331444386,85.546875,0.07995114759206268,-1.0502755487468738,0.0,0.08,0.07996580331444386,0.07996580331444386,0
20,11,1.7545305490493774,0.9933312062831894,0.5688924528270571,0.45531773160325795,24.21875,0.42111934703537746,0.5688924528270571,0.5688924528270571,0.5351139622616458,0.45531773160325795,0.45531773160325795,0
20,1,0.9042360782623291,0.9933312062831894,0.0,0.07998048131755965,83.33333333333333,0.07997211616794236,-0.09397367369236366,0.0,0.08,0.07998048131755965,0.07998048131755965,0
20,0,0.1365673989057541,0.9933312062831894,0.0,0.07996580331444386,83.33333333333333,0.07995114759206268,-1.984245828706051,0.0,0.08,0.07996580331444386,0.07996580331444386,0
20,6,0.4765540063381195,0.9933312062831894,0.0,0.07996580331444386,72.65625,0.07995114759206268,-0.7344830822754643,0.0,0.08,0.07996580331444386,0.07996580331444386,0
20,15,1.3888968229293823,0.9933312062831894,0.33520090607643566,0.16386019175141817,28.571428571428573,0.08487424899010514,0.33520090607643566,0.33520090607643566,0.3481607248611486,0.16386019175141817,0.16386019175141817,0
20,5,0.4119853675365448,0.9933312062831894,0.0,0.07996580331444386,87.109375,0.07995114759206268,-0.8800763022669975,0.0,0.08,0.07996580331444386,0.07996580331444386,0
20,14,0.45645007491111755,0.9933312062831894,0.0,0.07996580331444386,93.93939393939394,0.07995114759206268,-0.7775848085344489,0.0,0.08,0.07996580331444386,0.07996580331444386,0
20,17,0.2366311401128769,0.9933312062831894,0.0,0.07996580331444386,91.015625,0.07995114759206268,-1.4345615594104952,0.0,0.08,0.07996580331444386,0.07996580331444386,0
20,19,0.5461839437484741,0.9933312062831894,0.0,0.07996580331444386,79.296875,0.07995114759206268,-0.598108328940366,0.0,0.08,0.07996580331444386,0.07996580331444386,0
20,12,0.7359933257102966,0.9933312062831894,0.0,0.08001718618203389,73.4375,0.08002455168861985,-0.2998430956240981,0.0,0.08,0.08001718618203389,0.08001718618203389,0
21,15,1.0012627840042114,0.9521408549915709,0.05030428505921644,0.15077516264020466,57.142857142857146,0.16386019175141817,0.05030428505921644,0.05030428505921644,0.12024342804737316,0.15077516264020466,0.15077516264020466,0
21,4,0.5349948406219482,0.9521408549915709,0.0,0.0799760623201107,84.40366972477064,0.07996580331444386,-0.5764558694294041,0.0,0.08,0.0799760623201107,0.0799760623201107,0
21,10,0.6153407692909241,0.9521408549915709,0.0,0.07998578441968553,86.71875,0.07997969202812219,-0.436536764262435,0.0,0.08,0.07998578441968553,0.07998578441968553,0
21,5,0.37678924202919006,0.9521408549915709,0.0,0.0799760623201107,88.28125,0.07996580331444386,-0.9270269733166722,0.0,0.08,0.0799760623201107,0.0799760623201107,0
21,12,0.6731061339378357,0.9521408549915709,0.0,0.08001203032742371,75.78125,0.08001718618203389,-0.3468099564751177,0.0,0.08,0.08001203032742371,0.08001203032742371,0
21,17,0.2763427793979645,0.9521408549915709,0.0,0.0799760623201107,89.453125,0.07996580331444386,-1.237070905616179,0.0,0.08,0.0799760623201107,0.0799760623201107,0
21,18,0.2968877851963043,0.9521408549915709,0.0,0.0799760623201107,89.0625,0.07996580331444386,-1.1653587178046376,0.0,0.08,0.0799760623201107,0.0799760623201107,0
21,13,1.0388754606246948,0.9521408549915709,0.0871811376134858,0.10763495839191714,45.65217391304348,0.08958783623525793,0.0871811376134858,0.0871811376134858,0.14974491009078864,0.10763495839191714,0.10763495839191714,0
21,2,0.47910380363464355,0.9521408549915709,0.0,0.0799760623201107,78.46153846153847,0.07996580331444386,-0.6867956874188214,0.0,0.08,0.0799760623201107,0.0799760623201107,0
21,6,0.5308099985122681,0.9521408549915709,0.0,0.0799760623201107,78.90625,0.07996580331444386,-0.5843088334688537,0.0,0.08,0.0799760623201107,0.0799760623201107,0
21,1,0.43595394492149353,0.9521408549915709,0.0,0.07998633692229176,87.5,0.07998048131755965,-0.7811763614794927,0.0,0.08,0.07998633692229176,0.07998633692229176,0
21,14,0.44523921608924866,0.9521408549915709,0.0,0.0799760623201107,88.88888888888889,0.07996580331444386,-0.7601012668377057,0.0,0.08,0.0799760623201107,0.0799760623201107,0
21,7,1.0260096788406372,0.9521408549915709,0.07471947772720235,0.10926791916648274,48.4375,0.09619320644564883,0.07471947772720235,0.07471947772720235,0.1397755821817619,0.10926791916648274,0.10926791916648274,0
21,8,1.7323524951934814,0.9521408549915709,0.5985226020791037,0.45442491748530567,20.3125,0.4096849899804583,0.5985226020791037,0.5985226020791037,0.558818081663283,0.45442491748530567,0.45442491748530567,0
21,9,0.3340778648853302,0.9521408549915709,0.0,0.0799760623201107,84.375,0.07996580331444386,-1.0473388671345547,0.0,0.08,0.0799760623201107,0.0799760623201107,0
21,0,0.1910216361284256,0.9521408549915709,0.0,0.0799760623201107,50.0,0.07996580331444386,-1.6063262391328563,0.0,0.08,0.0799760623201107,0.0799760623201107,0
21,11,1.5213035345077515,0.9521408549915709,0.46860985011328227,0.4551887761494683,19.53125,0.45531773160325795,0.46860985011328227,0.46860985011328227,0.45488788009062586,0.4551887761494683,0.4551887761494683,0
21,19,0.5459710955619812,0.9521408549915709,0.0,0.0799760623201107,80.078125,0.07996580331444386,-0.5561469371449564,0.0,0.08,0.0799760623201107,0.0799760623201107,0
21,16,0.5983643531799316,0.9521408549915709,0.0,0.07998539382097718,75.9090909090909,0.0799791340299674,-0.46451311989597144,0.0,0.08,0.07998539382097718,0.07998539382097718,0
21,3,0.6344443559646606,0.9521408549915709,0.0,0.0799760623201107,85.64102564102564,0.07996580331444386,-0.40596338965799034,0.0,0.08,0.0799760623201107,0.0799760623201107,0
22,9,0.3350350260734558,0.9109750663016102,0.0,0.0799832436240775,88.671875,0.0799760623201107,-1.0002804266202638,0.0,0.08,0.0799832436240775,0.0799832436240775,0
22,19,0.532863199710846,0.9109750663016102,0.0,0.0799832436240775,81.640625,0.0799760623201107,-0.5362507892365013,0.0,0.08,0.0799832436240775,0.0799832436240775,0
22,18,0.3678009510040283,0.9109750663016102,0.0,0.0799832436240775,83.59375,0.0799760623201107,-0.9069736132597465,0.0,0.08,0.0799832436240775,0.0799832436240775,0
22,4,0.5769136548042297,0.9109750663016102,0.0,0.0799832436240775,88.9908256880734,0.0799760623201107,-0.45682291068011793,0.0,0.08,0.0799832436240775,0.0799832436240775,0
22,16,0.6975892782211304,0.9109750663016102,0.0,0.07998977567468402,79.54545454545455,0.07998539382097718,-0.2668850209812896,0.0,0.08,0.07998977567468402,0.07998977567468402,0
22,2,0.3765634298324585,0.9109750663016102,0.0,0.0799832436240775,84.61538461538461,0.0799760623201107,-0.8834290063339709,0.0,0.08,0.0799832436240775,0.0799832436240775,0
22,6,0.5714543461799622,0.9109750663016102,0.0,0.0799832436240775,80.078125,0.0799760623201107,-0.4663309249269455,0.0,0.08,0.0799832436240775,0.0799832436240775,0
22,14,0.3669995367527008,0.9109750663016102,0.0,0.0799832436240775,91.91919191919192,0.0799760623201107,-0.9091549252230249,0.0,0.08,0.0799832436240775,0.0799832436240775,0
22,13,0.8539462685585022,0.9109750663016102,0.0,0.099344470874342,54.34782608695652,0.10763495839191714,-0.06464725212984351,0.0,0.08,0.099344470874342,0.099344470874342,0
22,10,0.6496706604957581,0.9109750663016102,0.0,0.07999004909377987,87.890625,0.07998578441968553,-0.338049964552583,0.0,0.08,0.07999004909377987,0.07999004909377987,0
22,17,0.23949672281742096,0.9109750663016102,0.0,0.0799832436240775,89.84375,0.0799760623201107,-1.335975763193561,0.0,0.08,0.0799832436240775,0.0799832436240775,0
22,1,0.8817256093025208,0.9109750663016102,0.0,0.07999043584560422,79.16666666666667,0.07998633692229176,-0.032634619888234274,0.0,0.08,0.07999043584560422,0.07999043584560422,0
22,5,0.4009619653224945,0.9109750663016102,0.0,0.0799832436240775,84.765625,0.0799760623201107,-0.8206489400923214,0.0,0.08,0.0799832436240775,0.0799832436240775,0
22,15,0.844896137714386,0.9109750663016102,0.0,0.12954261384814325,42.857142857142854,0.15077516264020466,-0.07530182057962992,0.0,0.08,0.12954261384814325,0.12954261384814325,0
22,8,1.716758370399475,0.9109750663016102,0.6336775907674369,0.4941800640238988,21.484375,0.45442491748530567,0.6336775907674369,0.6336775907674369,0.5869420726139495,0.4941800640238988,0.4941800640238988,0
22,11,1.7594367265701294,0.9109750663016102,0.6582334624994683,0.5006081743045002,19.140625,0.4551887761494683,0.6582334624994683,0.6582334624994683,0.6065867699995746,0.5006081743045002,0.5006081743045002,0
22,3,0.5203133225440979,0.9109750663016102,0.0,0.0799832436240775,88.71794871794872,0.0799760623201107,-0.5600843455782317,0.0,0.08,0.0799832436240775,0.0799832436240775,0
22,12,0.6879034042358398,0.9109750663016102,0.0,0.0800084212291966,77.34375,0.08001203032742371,-0.28086709647741737,0.0,0.08,0.0800084212291966,0.0800084212291966,0
22,0,0.21338117122650146,0.9109750663016102,0.0,0.0799832436240775,83.33333333333333,0.0799760623201107,-1.451435388734303,0.0,0.08,0.0799832436240775,0.0799832436240775,0
22,7,1.1552472114562988,0.9109750663016102,0.2375541063319678,0.1575005289362102,53.90625,0.10926791916648274,0.2375541063319678,0.2375541063319678,0.27004328506557423,0.1575005289362102,0.1575005289362102,0
23,16,0.6706969738006592,0.8772959597206588,0.0,0.07999284297227881,75.9090909090909,0.07998977567468402,-0.26852696916182717,0.0,0.08,0.07999284297227881,0.07999284297227881,0
23,11,1.6028237342834473,0.8772959597206588,0.6026777777386728,0.5190683886704316,22.65625,0.5006081743045002,0.6026777777386728,0.6026777777386728,0.5621422221909382,0.5190683886704316,0.5190683886704316,0
23,19,0.5829631090164185,0.8772959597206588,0.0,0.07998827053685424,87.5,0.0799832436240775,-0.408720491508599,0.0,0.08,0.07998827053685424,0.07998827053685424,0
23,12,0.6034949421882629,0.8772959597206588,0.0,0.08000589486043762,71.875,0.0800084212291966,-0.3741067388914243,0.0,0.08,0.08000589486043762,0.08000589486043762,0
23,0,0.912956178188324,0.8772959597206588,0.03984347762752494,0.08955070516746022,83.33333333333333,0.0799832436240775,0.03984347762752494,0.03984347762752494,0.11187478210201995,0.08955070516746022,0.08955070516746022,0
23,5,0.4823058247566223,0.8772959597206588,0.0,0.07998827053685424,83.59375,0.0799832436240775,-0.5982659903895905,0.0,0.08,0.07998827053685424,0.07998827053685424,0
23,10,0.5501870512962341,0.8772959597206588,0.0,0.0799930343656459,86.71875,0.07999004909377987,-0.4665860833163723,0.0,0.08,0.0799930343656459,0.0799930343656459,0
23,4,0.4403649568557739,0.8772959597206588,0.0,0.07998827053685424,88.07339449541284,0.0799832436240775,-0.6892405619469671,0.0,0.08,0.07998827053685424,0.07998827053685424,0
23,8,1.8762586116790771,0.8772959597206588,0.7,0.5379260448167291,16.015625,0.4941800640238988,0.7601905629367117,0.7,0.6399999999999999,0.5379260448167291,0.5379260448167291,0
23,17,0.19296471774578094,0.8772959597206588,0.0,0.07998827053685424,85.546875,0.0799832436240775,-1.514337000757036,0.0,0.08,0.07998827053685424,0.07998827053685424,0
23,18,0.33984971046447754,0.8772959597206588,0.0,0.07998827053685424,87.109375,0.0799832436240775,-0.9483408938996715,0.0,0.08,0.07998827053685424,0.07998827053685424,0
23,1,0.399798184633255,0.8772959597206588,0.0,0.07999330509192296,79.16666666666667,0.07999043584560422,-0.7858845087843956,0.0,0.08,0.07999330509192296,0.07999330509192296,0
23,3,0.6174518465995789,0.8772959597206588,0.0,0.07998827053685424,91.7948717948718,0.0799832436240775,-0.3512433147240226,0.0,0.08,0.07998827053685424,0.07998827053685424,0
23,2,0.5172237753868103,0.8772959597206588,0.0,0.07998827053685424,86.15384615384616,0.0799832436240775,-0.5283687805652806,0.0,0.08,0.07998827053685424,0.07998827053685424,0
23,14,0.3197680115699768,0.8772959597206588,0.0,0.07998827053685424,89.8989898989899,0.0799832436240775,-1.0092486148565425,0.0,0.08,0.07998827053685424,0.07998827053685424,0
23,6,0.46116697788238525,0.8772959597206588,0.0,0.07998827053685424,78.515625,0.0799832436240775,-0.6430842080786889,0.0,0.08,0.07998827053685424,0.07998827053685424,0
23,7,1.1123791933059692,0.8772959597206588,0.23741201168121434,0.1912292530588386,50.0,0.1575005289362102,0.23741201168121434,0.23741201168121434,0.2699296093449715,0.1912292530588386,0.1912292530588386,0
23,9,0.3449520170688629,0.8772959597206588,0.0,0.07998827053685424,88.671875,0.0799832436240775,-0.9334390597773726,0.0,0.08,0.07998827053685424,0.07998827053685424,0
23,15,0.9629335403442383,0.8772959597206588,0.09313999149372569,0.13703342765219442,57.142857142857146,0.12954261384814325,0.09313999149372569,0.09313999149372569,0.15451199319498055,0.13703342765219442,0.13703342765219442,0
23,13,0.9820189476013184,0.8772959597206588,0.11276619809531736,0.12060501715491556,56.52173913043478,0.099344470874342,0.11276619809531736,0.11276619809531736,0.1702129584762539,0.12060501715491556,0.12060501715491556,0
24,17,0.27837008237838745,0.8462238717642255,0.0,0.07999178937579796,88.671875,0.07998827053685424,-1.1118324643636746,0.0,0.08,0.07999178937579796,0.07999178937579796,0
24,11,1.7041876316070557,0.8462238717642255,0.7,0.555347872069302,14.0625,0.5190683886704316,0.7000598593891866,0.7,0.6399999999999999,0.555347872069302,0.555347872069302,0
24,4,0.4480403959751129,0.8462238717642255,0.0,0.07999178937579796,90.8256880733945,0.07998827053685424,-0.635900539994824,0.0,0.08,0.07999178937579796,0.07999178937579796,0
24,16,0.6561554670333862,0.8462238717642255,0.0,0.07999499008059516,77.72727272727273,0.07999284297227881,-0.2543861917164452,0.0,0.08,0.07999499008059516,0.07999499008059516,0
24,5,0.4710139334201813,0.8462238717642255,0.0,0.07999178937579796,87.5,0.07998827053685424,-0.585896262808762,0.0,0.08,0.07999178937579796,0.07999178937579796,0
24,12,0.6574211120605469,0.8462238717642255,0.0,0.08000412640230634,69.53125,0.08000589486043762,-0.25245916984396544,0.0,0.08,0.08000412640230634,0.08000412640230634,0
24,18,0.36395323276519775,0.8462238717642255,0.0,0.07999178937579796,85.15625,0.07998827053685424,-0.8437585548074357,0.0,0.08,0.07999178937579796,0.07999178937579796,0
24,9,0.3146370053291321,0.8462238717642255,0.0,0.07999178937579796,87.109375,0.07998827053685424,-0.9893643181596761,0.0,0.08,0.07999178937579796,0.07999178937579796,0
24,6,0.5441542863845825,0.8462238717642255,0.0,0.07999178937579796,80.078125,0.07998827053685424,-0.44155112055191276,0.0,0.08,0.07999178937579796,0.07999178937579796,0
24,3,0.5097801685333252,0.8462238717642255,0.0,0.07999178937579796,91.28205128205128,0.07998827053685424,-0.5068043499336935,0.0,0.08,0.07999178937579796,0.07999178937579796,0
24,10,0.4743921160697937,0.8462238717642255,0.0,0.07999512405595212,88.671875,0.0799930343656459,-0.5787497103663619,0.0,0.08,0.07999512405595212,0.07999512405595212,0
24,13,1.0021862983703613,0.8462238717642255,0.16915524060663087,0.1490207697540323,43.47826086956522,0.12060501715491556,0.16915524060663087,0.16915524060663087,0.2153241924853047,0.1490207697540323,0.1490207697540323,0
24,7,1.1387649774551392,0.8462238717642255,0.2969156495578077,0.22912023303506085,50.78125,0.1912292530588386,0.2969156495578077,0.2969156495578077,0.3175325196462462,0.22912023303506085,0.22912023303506085,0
24,19,0.4836282730102539,0.8462238717642255,0.0,0.07999178937579796,85.546875,0.07998827053685424,-0.5594673589152646,0.0,0.08,0.07999178937579796,0.07999178937579796,0
24,8,1.594109296798706,0.8462238717642255,0.6332864706489013,0.5525369843274467,19.53125,0.5379260448167291,0.6332864706489013,0.6332864706489013,0.586629176519121,0.5525369843274467,0.5525369843274467,0
24,1,0.4373069107532501,0.8462238717642255,0.0,0.07999531356434607,75.0,0.07999330509192296,-0.6601486758584942,0.0,0.08,0.07999531356434607,0.07999531356434607,0
24,14,0.42558857798576355,0.8462238717642255,0.0,0.07999178937579796,93.93939393939394,0.07998827053685424,-0.687310836526788,0.0,0.08,0.07999178937579796,0.07999178937579796,0
24,0,0.37930575013160706,0.8462238717642255,0.0,0.08668549361722216,83.33333333333333,0.08955070516746022,-0.8024413254562749,0.0,0.08,0.08668549361722216,0.08668549361722216,0
24,15,0.9986394643783569,0.8462238717642255,0.1656098667536973,0.15966976737742344,28.571428571428573,0.13703342765219442,0.1656098667536973,0.1656098667536973,0.21248789340295782,0.15966976737742344,0.15966976737742344,0
24,2,0.6266062259674072,0.8462238717642255,0.0,0.07999178937579796,84.61538461538461,0.07998827053685424,-0.3004656297123769,0.0,0.08,0.07999178937579796,0.07999178937579796,0
25,12,0.8074753284454346,0.811271906664982,0.0,0.08000288848161444,74.609375,0.08000412640230634,-0.004690769567642456,0.0,0.08,0.08000288848161444,0.08000288848161444,0
25,5,0.43144917488098145,0.811271906664982,0.0,0.07999425256305856,87.109375,0.07999178937579796,-0.6314535438755805,0.0,0.08,0.07999425256305856,0.07999425256305856,0
25,9,0.28988218307495117,0.811271906664982,0.0,0.07999425256305856,91.796875,0.07999178937579796,-1.029128673902816,0.0,0.08,0.07999425256305856,0.07999425256305856,0
25,17,0.28898411989212036,0.811271906664982,0.0,0.07999425256305856,91.015625,0.07999178937579796,-1.032231510836716,0.0,0.08,0.07999425256305856,0.07999425256305856,0
25,6,0.5900115370750427,0.811271906664982,0.0,0.07999425256305856,75.78125,0.07999178937579796,-0.3184611755513496,0.0,0.08,0.07999425256305856,0.07999425256305856,0
25,1,0.49162861704826355,0.811271906664982,0.0,0.07999671949504225,66.66666666666667,0.07999531356434607,-0.50087967517593,0.0,0.08,0.07999671949504225,0.07999671949504225,0
25,7,1.055469274520874,0.811271906664982,0.26313748288515754,0.2475371590169804,53.515625,0.22912023303506085,0.26313748288515754,0.26313748288515754,0.290509986308126,0.2475371590169804,0.2475371590169804,0
25,19,0.518073558807373,0.811271906664982,0.0,0.07999425256305856,82.03125,0.07999178937579796,-0.44848602667364573,0.0,0.08,0.07999425256305856,0.07999425256305856,0
25,3,0.5499840974807739,0.811271906664982,0.0,0.07999425256305856,88.71794871794872,0.07999178937579796,-0.38871390125369887,0.0,0.08,0.07999425256305856,0.07999425256305856,0
25,10,0.5009711384773254,0.811271906664982,0.0,0.07999658683916648,87.890625,0.07999512405595212,-0.48205477201622093,0.0,0.08,0.07999658683916648,0.07999658683916648,0
25,2,0.572533905506134,0.811271906664982,0.0,0.07999425256305856,80.0,0.07999178937579796,-0.348531308840769,0.0,0.08,0.07999425256305856,0.07999425256305856,0
25,13,1.1787121295928955,0.811271906664982,0.3735744307433535,0.21797240220622746,60.869565217391305,0.1490207697540323,0.3735744307433535,0.3735744307433535,0.37885954459468285,0.21797240220622746,0.21797240220622746,0
25,8,1.52656888961792,0.811271906664982,0.6321746632646895,0.5624978082127381,18.75,0.5525369843274467,0.6321746632646895,0.6321746632646895,0.5857397306117516,0.5624978082127381,0.5624978082127381,0
25,11,1.7077794075012207,0.811271906664982,0.7,0.5807435104485114,26.171875,0.555347872069302,0.7443459357730873,0.7,0.6399999999999999,0.5807435104485114,0.5807435104485114,0
25,18,0.31716668605804443,0.811271906664982,0.0,0.07999425256305856,87.109375,0.07999178937579796,-0.9391757928365823,0.0,0.08,0.07999425256305856,0.07999425256305856,0
25,14,0.39635494351387024,0.811271906664982,0.0,0.07999425256305856,88.88888888888889,0.07999178937579796,-0.7162931265408131,0.0,0.08,0.07999425256305856,0.07999425256305856,0
25,4,0.43699243664741516,0.811271906664982,0.0,0.07999425256305856,90.8256880733945,0.07999178937579796,-0.6186873731867113,0.0,0.08,0.07999425256305856,0.07999425256305856,0
25,0,0.41511523723602295,0.811271906664982,0.0,0.08467984553205551,100.0,0.08668549361722216,-0.6700470977120141,0.0,0.08,0.08467984553205551,0.08467984553205551,0
25,16,0.8143786191940308,0.811271906664982,0.003822120712256773,0.08091380202735823,74.54545454545455,0.07999499008059516,0.003822120712256773,0.003822120712256773,0.08305769656980543,0.08091380202735823,0.08091380202735823,0
25,15,1.3459742069244385,0.811271906664982,0.5062700711169501,0.25727365423226445,42.857142857142854,0.15966976737742344,0.5062700711169501,0.5062700711169501,0.48501605689356014,0.25727365423226445,0.25727365423226445,0
26,2,0.8249313831329346,0.783547598812891,0.05146839880846537,0.09234839250817267,89.23076923076923,0.07999425256305856,0.05146839880846537,0.05146839880846537,0.1211747190467723,0.09234839250817267,0.09234839250817267,0
26,18,0.2728518843650818,0.783547598812891,0.0,0.07999597679414099,85.9375,0.07999425256305856,-1.0549026877402348,0.0,0.08,0.07999597679414099,0.07999597679414099,0
26,1,0.7308173775672913,0.783547598812891,0.0,0.07999770364652957,79.16666666666667,0.07999671949504225,-0.06966820749721765,0.0,0.08,0.07999770364652957,0.07999770364652957,0
26,4,0.563149094581604,0.783547598812891,0.0,0.07999597679414099,91.74311926605505,0.07999425256305856,-0.3302873917545085,0.0,0.08,0.07999597679414099,0.07999597679414099,0
26,0,0.6881553530693054,0.783547598812891,0.0,0.08327589187243886,50.0,0.08467984553205551,-0.12981719337448602,0.0,0.08,0.08327589187243886,0.08327589187243886,0
26,19,0.4726116955280304,0.783547598812891,0.0,0.07999597679414099,83.203125,0.07999425256305856,-0.5055576914209851,0.0,0.08,0.07999597679414099,0.07999597679414099,0
26,3,0.6434998512268066,0.783547598812891,0.0,0.07999597679414099,88.71794871794872,0.07999425256305856,-0.19691001284697748,0.0,0.08,0.07999597679414099,0.07999597679414099,0
26,14,0.35190513730049133,0.783547598812891,0.0,0.07999597679414099,89.8989898989899,0.07999425256305856,-0.800470152840609,0.0,0.08,0.07999597679414099,0.07999597679414099,0
26,5,0.43606141209602356,0.783547598812891,0.0,0.07999597679414099,89.0625,0.07999425256305856,-0.5860487144354602,0.0,0.08,0.07999597679414099,0.07999597679414099,0
26,10,0.5070714950561523,0.783547598812891,0.0,0.07999761078741653,85.546875,0.07999658683916648,-0.43517979496906856,0.0,0.08,0.07999761078741653,0.07999761078741653,0
26,16,0.6667606234550476,0.783547598812891,0.0,0.08063966141915076,81.81818181818181,0.08091380202735823,-0.16140071310537704,0.0,0.08,0.08063966141915076,0.08063966141915076,0
26,6,0.4850893020629883,0.783547598812891,0.0,0.07999597679414099,80.078125,0.07999425256305856,-0.4794988016616824,0.0,0.08,0.07999597679414099,0.07999597679414099,0
26,7,1.1116914749145508,0.783547598812891,0.34980617046349743,0.28122949222312565,51.171875,0.2475371590169804,0.34980617046349743,0.34980617046349743,0.35984493637079795,0.28122949222312565,0.28122949222312565,0
26,12,0.6764379143714905,0.783547598812891,0.0,0.0800020219371301,69.921875,0.08000288848161444,-0.14699114081175427,0.0,0.08,0.0800020219371301,0.0800020219371301,0
26,15,1.2087604999542236,0.783547598812891,0.4335189173952371,0.308136098137442,28.571428571428573,0.25727365423226445,0.4335189173952371,0.4335189173952371,0.42681513391618975,0.308136098137442,0.308136098137442,0
26,9,0.3168662190437317,0.783547598812891,0.0,0.07999597679414099,90.234375,0.07999425256305856,-0.9053521298134245,0.0,0.08,0.07999597679414099,0.07999597679414099,0
26,17,0.17448648810386658,0.783547598812891,0.0,0.07999597679414099,88.671875,0.07999425256305856,-1.5019844603434194,0.0,0.08,0.07999597679414099,0.07999597679414099,0
26,8,1.6974700689315796,0.783547598812891,0.7,0.5857484657489166,19.53125,0.5624978082127381,0.7730624084982447,0.7,0.6399999999999999,0.5857484657489166,0.5857484657489166,0
26,11,1.6204748153686523,0.783547598812891,0.7,0.5985204573139579,27.734375,0.5807435104485114,0.7266426631304442,0.7,0.6399999999999999,0.5985204573139579,0.5985204573139579,0
26,13,0.8531519174575806,0.783547598812891,0.08510581696607704,0.19700607761621772,50.0,0.21797240220622746,0.08510581696607704,0.08510581696607704,0.14808465357286163,0.19700607761621772,0.19700607761621772,0
27,9,0.3714017868041992,0.7707058626656947,0.0,0.07999718375589868,90.625,0.07999597679414099,-0.7300223258374711,0.0,0.08,0.07999718375589868,0.07999718375589868,0
27,14,0.42856961488723755,0.7707058626656947,0.0,0.07999718375589868,90.9090909090909,0.07999597679414099,-0.5868536026766572,0.0,0.08,0.07999718375589868,0.07999718375589868,0
27,2,0.3499760627746582,0.7707058626656947,0.0,0.08864387475572086,86.15384615384616,0.09234839250817267,-0.7894420240206965,0.0,0.08,0.08864387475572086,0.08864387475572086,0
27,11,1.535338282585144,0.7707058626656947,0.6891992091225247,0.6083721303091764,24.21875,0.5985204573139579,0.6891992091225247,0.6891992091225247,0.6313593672980198,0.6083721303091764,0.6083721303091764,0
27,15,1.2810646295547485,0.7707058626656947,0.5081399481874634,0.3616488562612007,35.714285714285715,0.308136098137442,0.5081399481874634,0.5081399481874634,0.4865119585499708,0.3616488562612007,0.3616488562612007,0
27,4,0.4730437397956848,0.7707058626656947,0.0,0.07999718375589868,84.40366972477064,0.07999597679414099,-0.4881189341690564,0.0,0.08,0.07999718375589868,0.07999718375589868,0
27,5,0.42257794737815857,0.7707058626656947,0.0,0.07999718375589868,87.109375,0.07999597679414099,-0.6009328683852504,0.0,0.08,0.07999718375589868,0.07999718375589868,0
27,10,0.4425875246524811,0.7707058626656947,0.0,0.07999832755119157,86.328125,0.07999761078741653,-0.5546685493581028,0.0,0.08,0.07999832755119157,0.07999832755119157,0
27,16,0.7237290740013123,0.7707058626656947,0.0,0.08044776299340553,80.9090909090909,0.08063966141915076,-0.06288968367673387,0.0,0.08,0.08044776299340553,0.08044776299340553,0
27,6,0.45153653621673584,0.7707058626656947,0.0,0.07999718375589868,77.734375,0.07999597679414099,-0.5346504990834078,0.0,0.08,0.07999718375589868,0.07999718375589868,0
27,7,1.0150330066680908,0.7707058626656947,0.2753696070175863,0.2869493502404087,52.734375,0.28122949222312565,0.2753696070175863,0.2753696070175863,0.30029568561406905,0.2869493502404087,0.2869493502404087,0
27,0,0.7878095507621765,0.7707058626656947,0.02194957382401035,0.08756102202846969,100.0,0.08327589187243886,0.02194957382401035,0.02194957382401035,0.09755965905920828,0.08756102202846969,0.08756102202846969,0
27,12,0.8273267149925232,0.7707058626656947,0.07089287687914393,0.09701570580698561,77.734375,0.0800020219371301,0.07089287687914393,0.07089287687914393,0.13671430150331515,0.09701570580698561,0.09701570580698561,0
27,8,1.5846384763717651,0.7707058626656947,0.7,0.6020239260242416,23.046875,0.5857484657489166,0.7208047633218759,0.7,0.6399999999999999,0.6020239260242416,0.6020239260242416,0
27,3,0.6762940287590027,0.7707058626656947,0.0,0.07999718375589868,82.56410256410257,0.07999597679414099,-0.13067886261632763,0.0,0.08,0.07999718375589868,0.07999718375589868,0
27,18,0.4355633854866028,0.7707058626656947,0.0,0.07999718375589868,88.671875,0.07999597679414099,-0.5706664575383051,0.0,0.08,0.07999718375589868,0.07999718375589868,0
27,19,0.49300652742385864,0.7707058626656947,0.0,0.07999718375589868,83.59375,0.07999597679414099,-0.446784378216876,0.0,0.08,0.07999718375589868,0.07999718375589868,0
27,17,0.13594061136245728,0.7707058626656947,0.0,0.07999718375589868,91.796875,0.07999597679414099,-1.7350886299000903,0.0,0.08,0.07999718375589868,0.07999718375589868,0
27,13,1.0758557319641113,0.7707058626656947,0.3335648502608271,0.24195981839395092,63.04347826086956,0.19700607761621772,0.3335648502608271,0.3335648502608271,0.3468518802086617,0.24195981839395092,0.24195981839395092,0
27,1,0.4939171373844147,0.7707058626656947,0.0,0.07999839255257069,62.5,0.07999770364652957,-0.44493902738989133,0.0,0.08,0.07999839255257069,0.07999839255257069,0
28,12,0.7187075614929199,0.7429814596395389,0.0,0.09191099406488992,73.4375,0.09701570580698561,-0.03321654508409537,0.0,0.08,0.09191099406488992,0.09191099406488992,0
28,8,1.5935218334197998,0.7429814596395389,0.7,0.6134167482169691,20.3125,0.6020239260242416,0.7630307371019681,0.7,0.6399999999999999,0.6134167482169691,0.6134167482169691,0
28,13,1.1701487302780151,0.7429814596395389,0.45421504366752674,0.3023834833559721,58.69565217391305,0.24195981839395092,0.45421504366752674,0.45421504366752674,0.44337203493402144,0.3023834833559721,0.3023834833559721,0
28,15,1.563156247138977,0.7429814596395389,0.7,0.4451541993828404,50.0,0.3616488562612007,0.7437911935153845,0.7,0.6399999999999999,0.4451541993828404,0.4451541993828404,0
28,19,0.5121855139732361,0.7429814596395389,0.0,0.07999802862912907,87.109375,0.07999718375589868,-0.3719841935706068,0.0,0.08,0.07999802862912907,0.07999802862912907,0
28,4,0.49427032470703125,0.7429814596395389,0.0,0.07999802862912907,90.8256880733945,0.07999718375589868,-0.40758850072906583,0.0,0.08,0.07999802862912907,0.07999802862912907,0
28,9,0.298675537109375,0.7429814596395389,0.0,0.07999802862912907,89.453125,0.07999718375589868,-0.9113132469969625,0.0,0.08,0.07999802862912907,0.07999802862912907,0
28,5,0.3947652280330658,0.7429814596395389,0.0,0.07999802862912907,91.40625,0.07999718375589868,-0.6323798503657878,0.0,0.08,0.07999802862912907,0.07999802862912907,0
28,11,1.5180308818817139,0.7429814596395389,0.7,0.6178604912164234,28.90625,0.6083721303091764,0.7144982036448323,0.7,0.6399999999999999,0.6178604912164234,0.6178604912164234,0
28,2,0.48363083600997925,0.7429814596395389,0.0,0.0860507123290046,86.15384615384616,0.08864387475572086,-0.4293492036406294,0.0,0.08,0.0860507123290046,0.0860507123290046,0
28,3,0.5773341059684753,0.7429814596395389,0.0,0.07999802862912907,88.2051282051282,0.07999718375589868,-0.25224994842994064,0.0,0.08,0.07999802862912907,0.07999802862912907,0
28,7,1.1212033033370972,0.7429814596395389,0.41148666996981925,0.3236213459610427,53.90625,0.2869493502404087,0.41148666996981925,0.41148666996981925,0.40918933597585544,0.3236213459610427,0.3236213459610427,0
28,1,0.5968188643455505,0.7429814596395389,0.0,0.07999887478679948,75.0,0.07999839255257069,-0.21905743018329857,0.0,0.08,0.07999887478679948,0.07999887478679948,0
28,16,0.7852905988693237,0.7429814596395389,0.055382747168831035,0.09360529341590332,79.0909090909091,0.08044776299340553,0.055382747168831035,0.055382747168831035,0.12430619773506484,0.09360529341590332,0.09360529341590332,0
28,17,0.22224566340446472,0.7429814596395389,0.0,0.07999802862912907,92.578125,0.07999718375589868,-1.2068876975288656,0.0,0.08,0.07999802862912907,0.07999802862912907,0
28,0,0.6250876784324646,0.7429814596395389,0.0,0.08529271541992878,66.66666666666667,0.08756102202846969,-0.1727791630998763,0.0,0.08,0.08529271541992878,0.08529271541992878,0
28,10,0.5888836979866028,0.7429814596395389,0.0,0.0799988292858341,88.671875,0.07999832755119157,-0.232442380080193,0.0,0.08,0.0799988292858341,0.0799988292858341,0
28,6,0.4660114347934723,0.7429814596395389,0.0,0.07999802862912907,80.078125,0.07999718375589868,-0.46646091102018017,0.0,0.08,0.07999802862912907,0.07999802862912907,0
28,14,0.3161792755126953,0.7429814596395389,0.0,0.07999802862912907,87.87878787878788,0.07999718375589868,-0.8543616925699747,0.0,0.08,0.07999802862912907,0.07999802862912907,0
28,18,0.29716363549232483,0.7429814596395389,0.0,0.07999802862912907,85.9375,0.07999718375589868,-0.9163881225025013,0.0,0.08,0.07999802862912907,0.07999802862912907,0
29,2,0.3112803101539612,0.7269942038733389,0.0,0.08423549863030322,90.76923076923077,0.0860507123290046,-0.8482246614093573,0.0,0.08,0.08423549863030322,0.08423549863030322,0
29,19,0.4928975999355316,0.7269942038733389,0.0,0.07999862004039035,81.25,0.07999802862912907,-0.3886170538780386,0.0,0.08,0.07999862004039035,0.07999862004039035,0
29,14,0.3534894585609436,0.7269942038733389,0.0,0.07999862004039035,92.92929292929293,0.07999802862912907,-0.7210648256070649,0.0,0.08,0.07999862004039035,0.07999862004039035,0
29,9,0.43516701459884644,0.7269942038733389,0.0,0.07999862004039035,86.71875,0.07999802862912907,-0.5131885966049055,0.0,0.08,0.07999862004039035,0.07999862004039035,0
29,0,0.21571165323257446,0.7269942038733389,0.0,0.08370490079395014,66.66666666666667,0.08529271541992878,-1.214975895113326,0.0,0.08,0.08370490079395014,0.08370490079395014,0
29,10,0.4946344196796417,0.7269942038733389,0.0,0.07999918050008387,82.421875,0.0799988292858341,-0.3850995547687166,0.0,0.08,0.07999918050008387,0.07999918050008387,0
29,12,0.7913233041763306,0.7269942038733389,0.08478810671999427,0.10868684145822156,71.09375,0.09191099406488992,0.08478810671999427,0.08478810671999427,0.1478304853759954,0.10868684145822156,0.10868684145822156,0
29,7,1.1363770961761475,0.7269942038733389,0.44668198526368286,0.35773861863601375,57.03125,0.3236213459610427,0.44668198526368286,0.44668198526368286,0.4373455882109463,0.35773861863601375,0.35773861863601375,0
29,8,1.5411368608474731,0.7269942038733389,0.7,0.6213917237518783,28.90625,0.6134167482169691,0.751357132281485,0.7,0.6399999999999999,0.6213917237518783,0.6213917237518783,0
29,11,1.500544786453247,0.7269942038733389,0.7,0.6245023438514963,33.59375,0.6178604912164234,0.7246650001924066,0.7,0.6399999999999999,0.6245023438514963,0.6245023438514963,0
29,17,0.20730122923851013,0.7269942038733389,0.0,0.07999862004039035,91.40625,0.07999802862912907,-1.2547455211735243,0.0,0.08,0.07999862004039035,0.07999862004039035,0
29,16,0.5774592757225037,0.7269942038733389,0.0,0.08952370539113233,80.45454545454545,0.09360529341590332,-0.2302805795958685,0.0,0.08,0.08952370539113233,0.08952370539113233,0
29,15,1.4224528074264526,0.7269942038733389,0.6712194780885424,0.49670061430923845,50.0,0.4451541993828404,0.6712194780885424,0.6712194780885424,0.616975582470834,0.49670061430923845,0.49670061430923845,0
29,1,0.32876428961753845,0.7269942038733389,0.0,0.07999921235075963,75.0,0.07999887478679948,-0.7935774391116092,0.0,0.08,0.07999921235075963,0.07999921235075963,0
29,13,0.8539479970932007,0.7269942038733389,0.16095179171822446,0.2742968683615543,73.91304347826087,0.3023834833559721,0.16095179171822446,0.16095179171822446,0.20876143337457959,0.2742968683615543,0.2742968683615543,0
29,6,0.5855806469917297,0.7269942038733389,0.0,0.07999862004039035,76.953125,0.07999802862912907,-0.21631458758489172,0.0,0.08,0.07999862004039035,0.07999862004039035,0
29,5,0.4293741285800934,0.7269942038733389,0.0,0.07999862004039035,86.328125,0.07999802862912907,-0.5265898618366192,0.0,0.08,0.07999862004039035,0.07999862004039035,0
29,4,0.4864925742149353,0.7269942038733389,0.0,0.07999862004039035,88.9908256880734,0.07999802862912907,-0.4016968602179835,0.0,0.08,0.07999862004039035,0.07999862004039035,0
29,18,0.28058165311813354,0.7269942038733389,0.0,0.07999862004039035,87.890625,0.07999802862912907,-0.9520537018906651,0.0,0.08,0.07999862004039035,0.07999862004039035,0
29,3,0.5474461913108826,0.7269942038733389,0.0,0.07999862004039035,89.74358974358974,0.07999802862912907,-0.2836543241763885,0.0,0.08,0.07999862004039035,0.07999862004039035,0
30,8,1.7777626514434814,0.7036713844667637,0.7,0.6269742066263148,24.609375,0.6213917237518783,0.9267994429474762,0.7,0.6399999999999999,0.6269742066263148,0.6269742066263148,0
30,18,0.3690654933452606,0.7036713844667637,0.0,0.07999903402827324,87.890625,0.07999862004039035,-0.6453373338367614,0.0,0.08,0.07999903402827324,0.07999903402827324,0
30,16,0.5759332776069641,0.7036713844667637,0.0,0.08666659377379263,81.36363636363636,0.08952370539113233,-0.20031964410260672,0.0,0.08,0.08666659377379263,0.08666659377379263,0
30,3,0.5387767553329468,0.7036713844667637,0.0,0.07999903402827324,89.74358974358974,0.07999862004039035,-0.2670101573477211,0.0,0.08,0.07999903402827324,0.07999903402827324,0
30,2,0.4284786283969879,0.7036713844667637,0.0,0.08296484904121225,87.6923076923077,0.08423549863030322,-0.49607059321788743,0.0,0.08,0.08296484904121225,0.08296484904121225,0
30,9,0.4108778238296509,0.7036713844667637,0.0,0.07999903402827324,90.625,0.07999862004039035,-0.5380155489431316,0.0,0.08,0.07999903402827324,0.07999903402827324,0
30,14,0.3599220812320709,0.7036713844667637,0.0,0.07999903402827324,94.94949494949495,0.07999862004039035,-0.6704238831788478,0.0,0.08,0.07999903402827324,0.07999903402827324,0
30,17,0.20996244251728058,0.7036713844667637,0.0,0.07999903402827324,94.921875,0.07999862004039035,-1.2093827607695065,0.0,0.08,0.07999903402827324,0.07999903402827324,0
30,13,1.0949726104736328,0.7036713844667637,0.44217315984029315,0.3221293662147584,60.869565217391305,0.2742968683615543,0.44217315984029315,0.44217315984029315,0.43373852787223455,0.3221293662147584,0.3221293662147584,0
30,5,0.4371075928211212,0.7036713844667637,0.0,0.07999903402827324,87.890625,0.07999862004039035,-0.47613208246629907,0.0,0.08,0.07999903402827324,0.07999903402827324,0
30,19,0.4726240336894989,0.7036713844667637,0.0,0.07999903402827324,82.421875,0.07999862004039035,-0.39801123915725783,0.0,0.08,0.07999903402827324,0.07999903402827324,0
30,10,0.4559655785560608,0.7036713844667637,0.0,0.0799994263500587,90.625,0.07999918050008387,-0.4338941349900215,0.0,0.08,0.0799994263500587,0.0799994263500587,0
30,4,0.5016283392906189,0.7036713844667637,0.0,0.07999903402827324,89.90825688073394,0.07999862004039035,-0.33845197251786674,0.0,0.08,0.07999903402827324,0.07999903402827324,0
30,1,0.44541287422180176,0.7036713844667637,0.0,0.07999944864553174,66.66666666666667,0.07999921235075963,-0.4573097962538026,0.0,0.08,0.07999944864553174,0.07999944864553174,0
30,15,0.9990993738174438,0.7036713844667637,0.35054277903713205,0.4558206969853786,57.142857142857146,0.49670061430923845,0.35054277903713205,0.35054277903713205,0.36043422322970564,0.4558206969853786,0.4558206969853786,0
30,12,0.6962720155715942,0.7036713844667637,0.0,0.1000807890207551,72.65625,0.10868684145822156,-0.010571052649694079,0.0,0.08,0.1000807890207551,0.1000807890207551,0
30,6,0.5453135371208191,0.7036713844667637,0.0,0.07999903402827324,76.953125,0.07999862004039035,-0.2549505329134682,0.0,0.08,0.07999903402827324,0.07999903402827324,0
30,11,1.5360455513000488,0.7036713844667637,0.7,0.6291516406960473,28.90625,0.6245023438514963,0.7806550976083886,0.7,0.6399999999999999,0.6291516406960473,0.6291516406960473,0
30,7,0.9787648916244507,0.7036713844667637,0.32997999438416176,0.35361223169740846,54.296875,0.35773861863601375,0.32997999438416176,0.32997999438416176,0.34398399550732944,0.35361223169740846,0.35361223169740846,0
30,0,0.5440471768379211,0.7036713844667637,0.0,0.0825934305557651,100.0,0.08370490079395014,-0.2572754943589442,0.0,0.08,0.0825934305557651,0.0825934305557651,0
31,19,0.6258997321128845,0.6853245007512656,0.0,0.07999932381979127,83.984375,0.07999903402827324,-0.09070226250216526,0.0,0.08,0.07999932381979127,0.07999932381979127,0
31,15,0.9546986818313599,0.6853245007512656,0.3315033203558434,0.42263528477516743,42.857142857142854,0.4558206969853786,0.3315033203558434,0.3315033203558434,0.3452026562846747,0.42263528477516743,0.42263528477516743,0
31,8,1.6285849809646606,0.6853245007512656,0.7,0.6308819446384203,27.734375,0.6269742066263148,0.8655743486712466,0.7,0.6399999999999999,0.6308819446384203,0.6308819446384203,0
31,11,1.5149409770965576,0.6853245007512656,0.7,0.6324061484872331,29.6875,0.6291516406960473,0.7932393003666226,0.7,0.6399999999999999,0.6324061484872331,0.6324061484872331,0
31,14,0.3985532522201538,0.6853245007512656,0.0,0.07999932381979127,87.87878787878788,0.07999903402827324,-0.5420513183444219,0.0,0.08,0.07999932381979127,0.07999932381979127,0
31,7,0.86167311668396,0.6853245007512656,0.2289835309583632,0.3264846096181931,55.46875,0.35361223169740846,0.2289835309583632,0.2289835309583632,0.2631868247666906,0.3264846096181931,0.3264846096181931,0
31,9,0.29863259196281433,0.6853245007512656,0.0,0.07999932381979127,87.109375,0.07999903402827324,-0.8306784025327972,0.0,0.08,0.07999932381979127,0.07999932381979127,0
31,13,0.983498752117157,0.6853245007512656,0.36122391477107524,0.3361842958953889,69.56521739130434,0.3221293662147584,0.36122391477107524,0.36122391477107524,0.3689791318168602,0.3361842958953889,0.3361842958953889,0
31,5,0.5043128132820129,0.6853245007512656,0.0,0.07999932381979127,85.9375,0.07999903402827324,-0.3066957077630508,0.0,0.08,0.07999932381979127,0.07999932381979127,0
31,2,0.44861042499542236,0.6853245007512656,0.0,0.08207539432884857,86.15384615384616,0.08296484904121225,-0.4237375813440591,0.0,0.08,0.08207539432884857,0.08207539432884857,0
31,10,0.424490749835968,0.6853245007512656,0.0,0.07999959844504109,82.03125,0.0799994263500587,-0.47900222606303977,0.0,0.08,0.07999959844504109,0.07999959844504109,0
31,16,0.5836723446846008,0.6853245007512656,0.0,0.08466661564165484,84.0909090909091,0.08666659377379263,-0.16055267551727875,0.0,0.08,0.08466661564165484,0.08466661564165484,0
31,0,0.3569716513156891,0.6853245007512656,0.0,0.08181540138903556,100.0,0.0825934305557651,-0.652236065845892,0.0,0.08,0.08181540138903556,0.08181540138903556,0
31,1,0.8661025166511536,0.6853245007512656,0.23411082820023904,0.13618621281992957,70.83333333333333,0.07999944864553174,0.23411082820023904,0.23411082820023904,0.26728866256019124,0.13618621281992957,0.13618621281992957,0
31,17,0.15195371210575104,0.6853245007512656,0.0,0.07999932381979127,93.75,0.07999903402827324,-1.5063164497482817,0.0,0.08,0.07999932381979127,0.07999932381979127,0
31,12,0.596649169921875,0.6853245007512656,0.0,0.09405655231452856,73.4375,0.1000807890207551,-0.13856316206295355,0.0,0.08,0.09405655231452856,0.09405655231452856,0
31,4,0.45622488856315613,0.6853245007512656,0.0,0.07999932381979127,88.07339449541284,0.07999903402827324,-0.40690657787132706,0.0,0.08,0.07999932381979127,0.07999932381979127,0
31,18,0.2595366835594177,0.6853245007512656,0.0,0.07999932381979127,89.0625,0.07999903402827324,-0.9709943707972217,0.0,0.08,0.07999932381979127,0.07999932381979127,0
31,3,0.5749120712280273,0.6853245007512656,0.0,0.07999932381979127,86.15384615384616,0.07999903402827324,-0.17567533751217973,0.0,0.08,0.07999932381979127,0.07999932381979127,0
31,6,0.5609220862388611,0.6853245007512656,0.0,0.07999932381979127,75.78125,0.07999903402827324,-0.20031043441111535,0.0,0.08,0.07999932381979127,0.07999932381979127,0
32,14,0.3486367464065552,0.6735837585494835,0.0,0.07999952667385389,89.8989898989899,0.07999932381979127,-0.6585817984741483,0.0,0.08,0.07999952667385389,0.07999952667385389,0
32,15,0.9935647249221802,0.6735837585494835,0.3886868522549127,0.41312954388379625,57.142857142857146,0.42263528477516743,0.3886868522549127,0.3886868522549127,0.3909494818039302,0.41312954388379625,0.41312954388379625,0
32,6,0.5448471903800964,0.6735837585494835,0.0,0.07999952667385389,85.9375,0.07999932381979127,-0.21210697698813816,0.0,0.08,0.07999952667385389,0.07999952667385389,0
32,0,0.538484513759613,0.6735837585494835,0.0,0.08127078097232489,83.33333333333333,0.08181540138903556,-0.22385360941936916,0.0,0.08,0.08127078097232489,0.08127078097232489,0
32,9,0.3091689646244049,0.6735837585494835,0.0,0.07999952667385389,92.578125,0.07999932381979127,-0.7787243951883266,0.0,0.08,0.07999952667385389,0.07999952667385389,0
32,17,0.21312767267227173,0.6735837585494835,0.0,0.07999952667385389,93.359375,0.07999932381979127,-1.1507209307892194,0.0,0.08,0.07999952667385389,0.07999952667385389,0
32,19,0.5063841938972473,0.6735837585494835,0.0,0.07999952667385389,84.375,0.07999932381979127,-0.2853166886588269,0.0,0.08,0.07999952667385389,0.07999952667385389,0
32,18,0.4058948755264282,0.6735837585494835,0.0,0.07999952667385389,88.671875,0.07999932381979127,-0.5065181426299665,0.0,0.08,0.07999952667385389,0.07999952667385389,0
32,11,1.4690799713134766,0.6735837585494835,0.7,0.6346843039410631,25.390625,0.6324061484872331,0.7797792547203309,0.7,0.6399999999999999,0.6346843039410631,0.6346843039410631,0
32,5,0.39366739988327026,0.6735837585494835,0.0,0.07999952667385389,88.28125,0.07999932381979127,-0.5371059506050937,0.0,0.08,0.07999952667385389,0.07999952667385389,0
32,4,0.4719253182411194,0.6735837585494835,0.0,0.07999952667385389,90.8256880733945,0.07999932381979127,-0.35579159587518266,0.0,0.08,0.07999952667385389,0.07999952667385389,0
32,13,1.1615705490112305,0.6735837585494835,0.5449159324791478,0.3901088309217677,52.17391304347826,0.3361842958953889,0.5449159324791478,0.5449159324791478,0.5159327459833183,0.3901088309217677,0.3901088309217677,0
32,3,0.4857449233531952,0.6735837585494835,0.0,0.07999952667385389,87.6923076923077,0.07999932381979127,-0.32692870842791116,0.0,0.08,0.07999952667385389,0.07999952667385389,0
32,10,0.4357382655143738,0.6735837585494835,0.0,0.07999971891152877,88.28125,0.07999959844504109,-0.4355705884783017,0.0,0.08,0.07999971891152877,0.07999971891152877,0
32,8,1.75315260887146,0.6735837585494835,0.7,0.6336173612468942,20.3125,0.6308819446384203,0.9565585766005859,0.7,0.6399999999999999,0.6336173612468942,0.6336173612468942,0
32,7,1.0835669040679932,0.6735837585494835,0.475401210334016,0.366635517212899,50.0,0.3264846096181931,0.475401210334016,0.475401210334016,0.46032096826721286,0.366635517212899,0.366635517212899,0
32,1,0.32282063364982605,0.6735837585494835,0.0,0.1193303489739507,79.16666666666667,0.13618621281992957,-0.7355154798881771,0.0,0.08,0.1193303489739507,0.1193303489739507,0
32,12,0.661482572555542,0.6735837585494835,0.0,0.08983958662017,78.125,0.09405655231452856,-0.01812871308393222,0.0,0.08,0.08983958662017,0.08983958662017,0
32,16,0.6724215149879456,0.6735837585494835,0.0,0.08326663094915839,77.72727272727273,0.08466661564165484,-0.001726952867081841,0.0,0.08,0.08326663094915839,0.08326663094915839,0
32,2,0.430301308631897,0.6735837585494835,0.0,0.08145277603019399,86.15384615384616,0.08207539432884857,-0.44812666177867955,0.0,0.08,0.08145277603019399,0.08145277603019399,0
33,1,0.31967175006866455,0.6558318385570573,0.0,0.1075312442817655,87.5,0.1193303489739507,-0.7186097081002158,0.0,0.08,0.1075312442817655,0.1075312442817655,0
33,7,1.0008859634399414,0.6558318385570573,0.42273643251204607,0.3821016058519204,54.296875,0.366635517212899,0.42273643251204607,0.42273643251204607,0.4181891460096369,0.3821016058519204,0.3821016058519204,0
33,19,0.4860227406024933,0.6558318385570573,0.0,0.07999966867169772,86.328125,0.07999952667385389,-0.29964899292308916,0.0,0.08,0.07999966867169772,0.07999966867169772,0
33,10,0.476804256439209,0.6558318385570573,0.0,0.07999980323807013,82.8125,0.07999971891152877,-0.3187983638873078,0.0,0.08,0.07999980323807013,0.07999980323807013,0
33,5,0.40162941813468933,0.6558318385570573,0.0,0.07999966867169772,87.5,0.07999952667385389,-0.49037458474653833,0.0,0.08,0.07999966867169772,0.07999966867169772,0
33,12,0.722068727016449,0.6558318385570573,0.09621591031791464,0.1099795291104185,71.875,0.08983958662017,0.09621591031791464,0.09621591031791464,0.15697272825433173,0.1099795291104185,0.1099795291104185,0
33,2,0.3205223083496094,0.6558318385570573,0.0,0.08101694322113578,87.6923076923077,0.08145277603019399,-0.7159525176947537,0.0,0.08,0.08101694322113578,0.08101694322113578,0
33,6,0.3441043794155121,0.6558318385570573,0.0,0.07999966867169772,78.515625,0.07999952667385389,-0.6449593587245396,0.0,0.08,0.07999966867169772,0.07999966867169772,0
33,15,1.0340704917907715,0.6558318385570573,0.4553538086268261,0.4224755947890956,28.571428571428573,0.41312954388379625,0.4553538086268261,0.4553538086268261,0.4442830469014609,0.4224755947890956,0.4224755947890956,0
33,13,1.042897343635559,0.6558318385570573,0.463853607951266,0.4084010475535412,65.21739130434783,0.3901088309217677,0.463853607951266,0.463853607951266,0.45108288636101285,0.4084010475535412,0.4084010475535412,0
33,3,0.5272915363311768,0.6558318385570573,0.0,0.07999966867169772,85.64102564102564,0.07999952667385389,-0.2181508132502555,0.0,0.08,0.07999966867169772,0.07999966867169772,0
33,8,1.7121328115463257,0.6558318385570573,0.7,0.6355321528728258,23.4375,0.6336173612468942,0.9595907087040106,0.7,0.6399999999999999,0.6355321528728258,0.6355321528728258,0
33,17,0.2425386607646942,0.6558318385570573,0.0,0.07999966867169772,91.40625,0.07999952667385389,-0.9947432629323049,0.0,0.08,0.07999966867169772,0.07999966867169772,0
33,14,0.3047853410243988,0.6558318385570573,0.0,0.07999966867169772,91.91919191919192,0.07999952667385389,-0.7662966659532713,0.0,0.08,0.07999966867169772,0.07999966867169772,0
33,18,0.28457289934158325,0.6558318385570573,0.0,0.07999966867169772,89.84375,0.07999952667385389,-0.8349149350819531,0.0,0.08,0.07999966867169772,0.07999966867169772,0
33,4,0.5303060412406921,0.6558318385570573,0.0,0.07999966867169772,90.8256880733945,0.07999952667385389,-0.2124501326130201,0.0,0.08,0.07999966867169772,0.07999966867169772,0
33,0,1.2424571514129639,0.6558318385570573,0.6389418519731428,0.2342355911541817,100.0,0.08127078097232489,0.6389418519731428,0.6389418519731428,0.5911534815785142,0.2342355911541817,0.2342355911541817,0
33,11,1.2770447731018066,0.6558318385570573,0.6663994967416462,0.6282148919767392,39.453125,0.6346843039410631,0.6663994967416462,0.6663994967416462,0.613119597393317,0.6282148919767392,0.6282148919767392,0
33,9,0.2692882716655731,0.6558318385570573,0.0,0.07999966867169772,91.796875,0.07999952667385389,-0.8901219428492647,0.0,0.08,0.07999966867169772,0.07999966867169772,0
33,16,0.6530474424362183,0.6558318385570573,0.0,0.08228664166441087,80.9090909090909,0.08326663094915839,-0.00425463267539327,0.0,0.08,0.08228664166441087,0.08228664166441087,0
34,13,0.9055941104888916,0.6409143685480351,0.3456953418441312,0.3928476153300703,52.17391304347826,0.4084010475535412,0.3456953418441312,0.3456953418441312,0.356556273475305,0.3928476153300703,0.3928476153300703,0
34,14,0.27362218499183655,0.6409143685480351,0.0,0.07999976807018841,91.91919191919192,0.07999966867169772,-0.851147568686337,0.0,0.08,0.07999976807018841,0.07999976807018841,0
34,10,0.48636141419410706,0.6409143685480351,0.0,0.07999986226664908,83.203125,0.07999980323807013,-0.2759438544953138,0.0,0.08,0.07999986226664908,0.07999986226664908,0
34,1,0.4708988666534424,0.6409143685480351,0.0,0.09927187099723583,87.5,0.1075312442817655,-0.30825250147506045,0.0,0.08,0.09927187099723583,0.09927187099723583,0
34,8,1.5589120388031006,0.6409143685480351,0.7,0.636872507010978,31.25,0.6355321528728258,0.8888475791397594,0.7,0.6399999999999999,0.636872507010978,0.636872507010978,0
34,7,0.8645644783973694,0.6409143685480351,0.2993300253302069,0.36331033017559394,60.9375,0.3821016058519204,0.2993300253302069,0.2993300253302069,0.31946402026416554,0.36331033017559394,0.36331033017559394,0
34,0,1.0374013185501099,0.6409143685480351,0.4815782693794392,0.30354369845899254,66.66666666666667,0.2342355911541817,0.4815782693794392,0.4815782693794392,0.4652626155035514,0.30354369845899254,0.30354369845899254,0
34,2,0.49685898423194885,0.6409143685480351,0.0,0.08071186025479504,92.3076923076923,0.08101694322113578,-0.25458960116747054,0.0,0.08,0.08071186025479504,0.08071186025479504,0
34,6,0.5008278489112854,0.6409143685480351,0.0,0.07999976807018841,81.25,0.07999966867169772,-0.24663342613557526,0.0,0.08,0.07999976807018841,0.07999976807018841,0
34,15,1.3101537227630615,0.6409143685480351,0.7,0.4877329163523668,57.142857142857146,0.4224755947890956,0.7150038893733849,0.7,0.6399999999999999,0.4877329163523668,0.4877329163523668,0
34,9,0.33120784163475037,0.6409143685480351,0.0,0.07999976807018841,89.453125,0.07999966867169772,-0.6601497443339347,0.0,0.08,0.07999976807018841,0.07999976807018841,0
34,3,0.5496761202812195,0.6409143685480351,0.0,0.07999976807018841,80.51282051282051,0.07999966867169772,-0.15356662244096136,0.0,0.08,0.07999976807018841,0.07999976807018841,0
34,19,0.46110185980796814,0.6409143685480351,0.0,0.07999976807018841,80.46875,0.07999966867169772,-0.32927687888331986,0.0,0.08,0.07999976807018841,0.07999976807018841,0
34,16,0.7477641701698303,0.6409143685480351,0.1541917879240043,0.11860667826684863,84.0909090909091,0.08228664166441087,0.1541917879240043,0.1541917879240043,0.20335343033920344,0.11860667826684863,0.11860667826684863,0
34,5,0.3838874399662018,0.6409143685480351,0.0,0.07999976807018841,88.671875,0.07999966867169772,-0.5125464626112465,0.0,0.08,0.07999976807018841,0.07999976807018841,0
34,11,1.3522140979766846,0.6409143685480351,0.7,0.6317504243837174,32.8125,0.6282148919767392,0.7466027347620494,0.7,0.6399999999999999,0.6317504243837174,0.6317504243837174,0
34,4,0.521719217300415,0.6409143685480351,0.0,0.07999976807018841,90.8256880733945,0.07999966867169772,-0.20576630875156113,0.0,0.08,0.07999976807018841,0.07999976807018841,0
34,12,0.6667923927307129,0.6409143685480351,0.03958288399582211,0.11048556253629024,76.5625,0.1099795291104185,0.03958288399582211,0.03958288399582211,0.11166630719665768,0.11048556253629024,0.11048556253629024,0
34,17,0.1963534653186798,0.6409143685480351,0.0,0.07999976807018841,92.578125,0.07999966867169772,-1.1829793927120156,0.0,0.08,0.07999976807018841,0.07999976807018841,0
34,18,0.2323870211839676,0.6409143685480351,0.0,0.07999976807018841,89.0625,0.07999966867169772,-1.0144916536256015,0.0,0.08,0.07999976807018841,0.07999976807018841,0
35,7,0.9394248127937317,0.6279502850038167,0.40280678208487214,0.3749908588232851,54.6875,0.36331033017559394,0.40280678208487214,0.40280678208487214,0.4022454256678977,0.3749908588232851,0.3749908588232851,0
35,12,0.7099199295043945,0.6279502850038167,0.1226911871631866,0.13078577869456795,72.65625,0.11048556253629024,0.1226911871631866,0.1226911871631866,0.1781529497305493,0.13078577869456795,0.13078577869456795,0
35,6,0.446553498506546,0.6279502850038167,0.0,0.07999983764913188,85.15625,0.07999976807018841,-0.3409017822361183,0.0,0.08,0.07999983764913188,0.07999983764913188,0
35,17,0.15677103400230408,0.6279502850038167,0.0,0.07999983764913188,92.96875,0.07999976807018841,-1.3876745927423744,0.0,0.08,0.07999983764913188,0.07999983764913188,0
35,15,1.277443528175354,0.6279502850038167,0.7,0.5334130414466567,50.0,0.4877329163523668,0.7101551087253978,0.7,0.6399999999999999,0.5334130414466567,0.5334130414466567,0
35,9,0.3151899576187134,0.6279502850038167,0.0,0.07999983764913188,88.28125,0.07999976807018841,-0.6892854863963799,0.0,0.08,0.07999983764913188,0.07999983764913188,0
35,8,1.5391021966934204,0.6279502850038167,0.7,0.6378107549076846,23.046875,0.636872507010978,0.8964935274878656,0.7,0.6399999999999999,0.6378107549076846,0.6378107549076846,0
35,2,0.4815511405467987,0.6279502850038167,0.0,0.08049830217835652,84.61538461538461,0.08071186025479504,-0.26544855799152284,0.0,0.08,0.08049830217835652,0.08049830217835652,0
35,5,0.3549259603023529,0.6279502850038167,0.0,0.07999983764913188,89.0625,0.07999976807018841,-0.5705517818831959,0.0,0.08,0.07999983764913188,0.07999983764913188,0
35,3,0.5583833456039429,0.6279502850038167,0.0,0.07999983764913188,86.66666666666667,0.07999976807018841,-0.11741527154834226,0.0,0.08,0.07999983764913188,0.07999983764913188,0
35,10,0.46065258979797363,0.6279502850038167,0.0,0.07999990358665435,86.71875,0.07999986226664908,-0.30981683595386716,0.0,0.08,0.07999990358665435,0.07999990358665435,0
35,4,0.558256208896637,0.6279502850038167,0.0,0.07999983764913188,87.1559633027523,0.07999976807018841,-0.11764298460949212,0.0,0.08,0.07999983764913188,0.07999983764913188,0
35,0,0.14629463851451874,0.6279502850038167,0.0,0.23648058892129475,100.0,0.30354369845899254,-1.4568382867438021,0.0,0.08,0.23648058892129475,0.23648058892129475,0
35,19,0.4502837061882019,0.6279502850038167,0.0,0.07999983764913188,82.8125,0.07999976807018841,-0.3325831507394161,0.0,0.08,0.07999983764913188,0.07999983764913188,0
35,16,0.7608957886695862,0.6279502850038167,0.1920354063868213,0.15311317231963115,84.0909090909091,0.11860667826684863,0.1920354063868213,0.1920354063868213,0.23362832510945702,0.15311317231963115,0.15311317231963115,0
35,1,0.5990077257156372,0.6279502850038167,0.0,0.09349030969806507,87.5,0.09927187099723583,-0.04718650283730229,0.0,0.08,0.09349030969806507,0.09349030969806507,0
35,11,1.4249742031097412,0.6279502850038167,0.7,0.6342252970686021,34.375,0.6317504243837174,0.8194479812229463,0.7,0.6399999999999999,0.6342252970686021,0.6342252970686021,0
35,18,0.2944989502429962,0.6279502850038167,0.0,0.07999983764913188,90.234375,0.07999976807018841,-0.7571855427513742,0.0,0.08,0.07999983764913188,0.07999983764913188,0
35,14,0.3170335590839386,0.6279502850038167,0.0,0.07999983764913188,90.9090909090909,0.07999976807018841,-0.6834533508182077,0.0,0.08,0.07999983764913188,0.07999983764913188,0
35,13,0.8063415288925171,0.6279502850038167,0.2500463830233336,0.35900446265664926,50.0,0.3928476153300703,0.2500463830233336,0.2500463830233336,0.2800371064186669,0.35900446265664926,0.35900446265664926,0
36,3,0.5935252904891968,0.6171456239756068,0.0,0.07999988635439231,87.6923076923077,0.07999983764913188,-0.03902518922970622,0.0,0.08,0.07999988635439231,0.07999988635439231,0
36,9,0.35042518377304077,0.6171456239756068,0.0,0.07999988635439231,89.453125,0.07999983764913188,-0.5659577751554618,0.0,0.08,0.07999988635439231,0.07999988635439231,0
36,16,0.673708438873291,0.6171456239756068,0.08769241722010697,0.15222540075656749,85.45454545454545,0.15311317231963115,0.08769241722010697,0.08769241722010697,0.15015393377608557,0.15222540075656749,0.15222540075656749,0
36,7,0.9997937679290771,0.6171456239756068,0.4824440039742881,0.40228016213012874,51.5625,0.3749908588232851,0.4824440039742881,0.4824440039742881,0.4659552031794305,0.40228016213012874,0.40228016213012874,0
36,19,0.4835171401500702,0.6171456239756068,0.0,0.07999988635439231,82.03125,0.07999983764913188,-0.24401824656817003,0.0,0.08,0.07999988635439231,0.07999988635439231,0
36,1,0.5331348776817322,0.6171456239756068,0.0,0.08944321678864556,79.16666666666667,0.09349030969806507,-0.14633056694824217,0.0,0.08,0.08944321678864556,0.08944321678864556,0
36,12,0.686294436454773,0.6171456239756068,0.10620172620341829,0.14103845937501797,68.75,0.13078577869456795,0.10620172620341829,0.10620172620341829,0.16496138096273466,0.14103845937501797,0.14103845937501797,0
36,13,0.7431753277778625,0.6171456239756068,0.18582697144923094,0.3199015970074699,58.69565217391305,0.35900446265664926,0.18582697144923094,0.18582697144923094,0.22866157715938473,0.3199015970074699,0.3199015970074699,0
36,2,0.2966964542865753,0.6171456239756068,0.0,0.08034881152484956,83.07692307692308,0.08049830217835652,-0.7323954212406341,0.0,0.08,0.08034881152484956,0.08034881152484956,0
36,14,0.36691880226135254,0.6171456239756068,0.0,0.07999988635439231,88.88888888888889,0.07999983764913188,-0.5199644280847282,0.0,0.08,0.07999988635439231,0.07999988635439231,0
36,18,0.2949558198451996,0.6171456239756068,0.0,0.07999988635439231,86.328125,0.07999983764913188,-0.7382794158792741,0.0,0.08,0.07999988635439231,0.07999988635439231,0
36,0,0.11613728851079941,0.6171456239756068,0.0,0.1895364122449063,83.33333333333333,0.23648058892129475,-1.6703319326236947,0.0,0.08,0.1895364122449063,0.1895364122449063,0
36,5,0.37846285104751587,0.6171456239756068,0.0,0.07999988635439231,87.5,0.07999983764913188,-0.4889870850137751,0.0,0.08,0.07999988635439231,0.07999988635439231,0
36,8,1.6243880987167358,0.6171456239756068,0.7,0.6384675284353791,28.515625,0.6378107549076846,0.9677814436994165,0.7,0.6399999999999999,0.6384675284353791,0.6384675284353791,0
36,15,1.1528552770614624,0.6171456239756068,0.6248919708011242,0.5473632020049295,28.571428571428573,0.5334130414466567,0.6248919708011242,0.6248919708011242,0.5799135766408994,0.5473632020049295,0.5473632020049295,0
36,6,0.4507281482219696,0.6171456239756068,0.0,0.07999988635439231,82.03125,0.07999983764913188,-0.3142406272844989,0.0,0.08,0.07999988635439231,0.07999988635439231,0
36,10,0.4087011516094208,0.6171456239756068,0.0,0.07999993251065804,87.109375,0.07999990358665435,-0.41212079889845804,0.0,0.08,0.07999993251065804,0.07999993251065804,0
36,17,0.2418060451745987,0.6171456239756068,0.0,0.07999988635439231,96.484375,0.07999983764913188,-0.9369690517245144,0.0,0.08,0.07999988635439231,0.07999988635439231,0
36,4,0.4209774136543274,0.6171456239756068,0.0,0.07999988635439231,89.90825688073394,0.07999983764913188,-0.38252582494991244,0.0,0.08,0.07999988635439231,0.07999988635439231,0
36,11,1.3861414194107056,0.6171456239756068,0.7,0.6359577079480214,31.640625,0.6342252970686021,0.8091741842956112,0.7,0.6399999999999999,0.6359577079480214,0.6359577079480214,0
37,14,0.3516540825366974,0.6021433259966481,0.0,0.07999992044807461,89.8989898989899,0.07999988635439231,-0.5378475158468164,0.0,0.08,0.07999992044807461,0.07999992044807461,0
37,9,0.3013748228549957,0.6021433259966481,0.0,0.07999992044807461,94.140625,0.07999988635439231,-0.6921407347366805,0.0,0.08,0.07999992044807461,0.07999992044807461,0
37,1,0.5495986342430115,0.6021433259966481,0.0,0.08661025175205189,75.0,0.08944321678864556,-0.09130724253145191,0.0,0.08,0.08661025175205189,0.08661025175205189,0
37,12,0.596946656703949,0.6021433259966481,0.0,0.12272692156251258,71.484375,0.14103845937501797,-0.0086677427321261,0.0,0.08,0.12272692156251258,0.12272692156251258,0
37,4,0.45213887095451355,0.6021433259966481,0.0,0.07999992044807461,95.41284403669725,0.07999988635439231,-0.2865061252429488,0.0,0.08,0.07999992044807461,0.07999992044807461,0
37,10,0.5232635140419006,0.6021433259966481,0.0,0.07999995275746062,83.984375,0.07999993251065804,-0.1404103094037765,0.0,0.08,0.07999995275746062,0.07999995275746062,0
37,7,1.0623390674591064,0.6021433259966481,0.567732916188999,0.44185201337644986,48.828125,0.40228016213012874,0.567732916188999,0.567732916188999,0.5341863329511992,0.44185201337644986,0.44185201337644986,0
37,0,0.32056328654289246,0.6021433259966481,0.0,0.1566754885714344,83.33333333333333,0.1895364122449063,-0.6304157666547253,0.0,0.08,0.1566754885714344,0.1566754885714344,0
37,8,1.6523000001907349,0.6021433259966481,0.7,0.6389272699047653,23.046875,0.6384675284353791,1.0094280251947494,0.7,0.6399999999999999,0.6389272699047653,0.6389272699047653,0
37,13,0.7534860372543335,0.6021433259966481,0.22421498401823362,0.30174271406960496,50.0,0.3199015970074699,0.22421498401823362,0.22421498401823362,0.25937198721458693,0.30174271406960496,0.30174271406960496,0
37,18,0.3161492645740509,0.6021433259966481,0.0,0.07999992044807461,87.109375,0.07999988635439231,-0.6442810266903582,0.0,0.08,0.07999992044807461,0.07999992044807461,0
37,11,1.7259069681167603,0.6021433259966481,0.7,0.637170395563615,24.609375,0.6359577079480214,1.053012459074978,0.7,0.6399999999999999,0.637170395563615,0.637170395563615,0
37,15,1.5007020235061646,0.6021433259966481,0.7,0.5751542414034506,50.0,0.5473632020049295,0.9131927833096496,0.7,0.6399999999999999,0.5751542414034506,0.5751542414034506,0
37,3,0.5004399418830872,0.6021433259966481,0.0,0.07999992044807461,86.15384615384616,0.07999988635439231,-0.18500790132982098,0.0,0.08,0.07999992044807461,0.07999992044807461,0
37,19,0.38625481724739075,0.6021433259966481,0.0,0.07999992044807461,87.890625,0.07999988635439231,-0.4439981907680696,0.0,0.08,0.07999992044807461,0.07999992044807461,0
37,6,0.38836246728897095,0.6021433259966481,0.0,0.07999992044807461,80.859375,0.07999988635439231,-0.4385563933013306,0.0,0.08,0.07999992044807461,0.07999992044807461,0
37,17,0.2307414412498474,0.6021433259966481,0.0,0.07999992044807461,92.578125,0.07999988635439231,-0.9591976916044221,0.0,0.08,0.07999992044807461,0.07999992044807461,0
37,5,0.3907817304134369,0.6021433259966481,0.0,0.07999992044807461,88.28125,0.07999988635439231,-0.43234632116217997,0.0,0.08,0.07999992044807461,0.07999992044807461,0
37,16,0.6748688220977783,0.6021433259966481,0.1140228325414972,0.15792326033955656,78.63636363636364,0.15222540075656749,0.1140228325414972,0.1140228325414972,0.17121826603319779,0.15792326033955656,0.15792326033955656,0
37,2,0.4591841995716095,0.6021433259966481,0.0,0.08024416806739468,87.6923076923077,0.08034881152484956,-0.2710440590370929,0.0,0.08,0.08024416806739468,0.08024416806739468,0
38,15,1.1860361099243164,0.5899102004697181,0.6984016946682686,0.5942243757027998,28.571428571428573,0.5751542414034506,0.6984016946682686,0.6984016946682686,0.6387213557346149,0.5942243757027998,0.5942243757027998,0
38,10,0.3502892553806305,0.5899102004697181,0.0,0.07999996693022243,90.625,0.07999995275746062,-0.5212110540146134,0.0,0.08,0.07999996693022243,0.07999996693022243,0
38,3,0.6385331153869629,0.5899102004697181,0.07920321446396862,0.0990087157850047,85.64102564102564,0.07999992044807461,0.07920321446396862,0.07920321446396862,0.1433625715711749,0.0990087157850047,0.0990087157850047,0
38,13,0.9620541334152222,0.5899102004697181,0.4891003915445228,0.35260399381940893,63.04347826086956,0.30174271406960496,0.4891003915445228,0.4891003915445228,0.47128031323561825,0.35260399381940893,0.35260399381940893,0
38,18,0.23278699815273285,0.5899102004697181,0.0,0.07999994431365222,89.84375,0.07999992044807461,-0.9298464322778585,0.0,0.08,0.07999994431365222,0.07999994431365222,0
38,19,0.41820845007896423,0.5899102004697181,0.0,0.07999994431365222,87.109375,0.07999992044807461,-0.3439903231398387,0.0,0.08,0.07999994431365222,0.07999994431365222,0
38,7,1.0313000679016113,0.5899102004697181,0.5586051571855051,0.46736164708803607,56.640625,0.44185201337644986,0.5586051571855051,0.5586051571855051,0.526884125748404,0.46736164708803607,0.46736164708803607,0
38,8,1.534557819366455,0.5899102004697181,0.7,0.6392490889333357,25.0,0.6389272699047653,0.9560272198058576,0.7,0.6399999999999999,0.6392490889333357,0.6392490889333357,0
38,4,0.501724898815155,0.5899102004697181,0.0,0.07999994431365222,91.74311926605505,0.07999992044807461,-0.16191836059175668,0.0,0.08,0.07999994431365222,0.07999994431365222,0
38,9,0.3702501952648163,0.5899102004697181,0.0,0.07999994431365222,85.9375,0.07999992044807461,-0.46579133213087254,0.0,0.08,0.07999994431365222,0.07999994431365222,0
38,6,0.4574345350265503,0.5899102004697181,0.0,0.07999994431365222,88.28125,0.07999992044807461,-0.2543365361740803,0.0,0.08,0.07999994431365222,0.07999994431365222,0
38,14,0.3125605583190918,0.5899102004697181,0.0,0.07999994431365222,86.86868686868686,0.07999992044807461,-0.6351720706566617,0.0,0.08,0.07999994431365222,0.07999994431365222,0
38,12,0.6908957958221436,0.5899102004697181,0.15801868520205567,0.14783332954225215,72.265625,0.12272692156251258,0.15801868520205567,0.15801868520205567,0.20641494816164452,0.14783332954225215,0.14783332954225215,0
38,5,0.309795618057251,0.5899102004697181,0.0,0.07999994431365222,90.625,0.07999992044807461,-0.6440575239363545,0.0,0.08,0.07999994431365222,0.07999994431365222,0
38,1,0.44376787543296814,0.5899102004697181,0.0,0.08462717622643631,83.33333333333333,0.08661025175205189,-0.2846686944953617,0.0,0.08,0.08462717622643631,0.08462717622643631,0
38,17,0.15002037584781647,0.5899102004697181,0.0,0.07999994431365222,93.75,0.07999992044807461,-1.3691991491597804,0.0,0.08,0.07999994431365222,0.07999994431365222,0
38,11,1.3989838361740112,0.5899102004697181,0.7,0.6380192768945304,37.5,0.637170395563615,0.8635310882302342,0.7,0.6399999999999999,0.6380192768945304,0.6380192768945304,0
38,16,0.569379448890686,0.5899102004697181,0.0,0.13454628223768958,81.36363636363636,0.15792326033955656,-0.035423240488167196,0.0,0.08,0.13454628223768958,0.13454628223768958,0
38,2,0.39479660987854004,0.5899102004697181,0.0,0.08017091764717627,89.23076923076923,0.08024416806739468,-0.40159959375564214,0.0,0.08,0.08017091764717627,0.08017091764717627,0
38,0,0.20461225509643555,0.5899102004697181,0.0,0.13367284200000407,100.0,0.1566754885714344,-1.0588535412451192,0.0,0.08,0.13367284200000407,0.13367284200000407,0
39,5,0.4287390410900116,0.5759793009457223,0.0,0.07999996101955656,89.453125,0.07999994431365222,-0.29522328021601657,0.0,0.08,0.07999996101955656,0.07999996101955656,0
39,9,0.30600690841674805,0.5759793009457223,0.0,0.07999996101955656,91.40625,0.07999994431365222,-0.6324640306519411,0.0,0.08,0.07999996101955656,0.07999996101955656,0
39,15,1.2639033794403076,0.5759793009457223,0.7,0.6079570629919598,28.571428571428573,0.5942243757027998,0.7858883978270811,0.7,0.6399999999999999,0.6079570629919598,0.6079570629919598,0
39,6,0.384088933467865,0.5759793009457223,0.0,0.07999996101955656,86.328125,0.07999994431365222,-0.40519759217244605,0.0,0.08,0.07999996101955656,0.07999996101955656,0
39,10,0.41838961839675903,0.5759793009457223,0.0,0.0799999768511557,86.71875,0.07999996693022243,-0.31965861783700444,0.0,0.08,0.0799999768511557,0.0799999768511557,0
39,14,0.25582218170166016,0.5759793009457223,0.0,0.07999996101955656,100.0,0.07999994431365222,-0.8115891020607153,0.0,0.08,0.07999996101955656,0.07999996101955656,0
39,11,1.4738062620162964,0.5759793009457223,0.7,0.6386134938261713,40.625,0.6380192768945304,0.9395318924467305,0.7,0.6399999999999999,0.6386134938261713,0.6386134938261713,0
39,2,0.40639033913612366,0.5759793009457223,0.0,0.08011964235302338,86.15384615384616,0.08017091764717627,-0.34875759277591395,0.0,0.08,0.08011964235302338,0.08011964235302338,0
39,4,0.38104447722435,0.5759793009457223,0.0,0.07999996101955656,88.9908256880734,0.07999994431365222,-0.4131556088751513,0.0,0.08,0.07999996101955656,0.07999996101955656,0
39,18,0.2968768775463104,0.5759793009457223,0.0,0.07999996101955656,88.671875,0.07999994431365222,-0.6627542087343735,0.0,0.08,0.07999996101955656,0.07999996101955656,0
39,8,1.70003342628479,0.5759793009457223,0.7,0.6394743622533349,21.875,0.6392490889333357,1.0823314566999078,0.7,0.6399999999999999,0.6394743622533349,0.6394743622533349,0
39,16,0.514558732509613,0.5759793009457223,0.0,0.11818239756638271,81.36363636363636,0.13454628223768958,-0.11276201882306378,0.0,0.08,0.11818239756638271,0.11818239756638271,0
39,13,0.9694601893424988,0.5759793009457223,0.5206676795193305,0.3957830387582255,54.34782608695652,0.35260399381940893,0.5206676795193305,0.5206676795193305,0.4965341436154644,0.3957830387582255,0.3957830387582255,0
39,17,0.15128248929977417,0.5759793009457223,0.0,0.07999996101955656,93.75,0.07999994431365222,-1.336922796320934,0.0,0.08,0.07999996101955656,0.07999996101955656,0
39,19,0.4510253965854645,0.5759793009457223,0.0,0.07999996101955656,87.109375,0.07999994431365222,-0.24454806974543009,0.0,0.08,0.07999996101955656,0.07999996101955656,0
39,12,0.5861873030662537,0.5759793009457223,0.017567643817778946,0.13169956519584344,75.78125,0.14783332954225215,0.017567643817778946,0.017567643817778946,0.09405411505422316,0.13169956519584344,0.13169956519584344,0
39,3,0.6268084645271301,0.5759793009457223,0.08456928914160067,0.11360273044348745,90.76923076923077,0.0990087157850047,0.08456928914160067,0.08456928914160067,0.14765543131328054,0.11360273044348745,0.11360273044348745,0
39,1,0.6680849194526672,0.5759793009457223,0.1483435638004596,0.11884147867061573,70.83333333333333,0.08462717622643631,0.1483435638004596,0.1483435638004596,0.1986748510403677,0.11884147867061573,0.11884147867061573,0
39,7,0.9575968980789185,0.5759793009457223,0.5083551838615695,0.4731583970884019,54.6875,0.46736164708803607,0.5083551838615695,0.5083551838615695,0.48668414708925567,0.4731583970884019,0.4731583970884019,0
39,0,0.0881567969918251,0.5759793009457223,0.0,0.11757098940000285,83.33333333333333,0.13367284200000407,-1.8769546151373844,0.0,0.08,0.11757098940000285,0.11757098940000285,0
40,1,0.3464559316635132,0.5623695927349238,0.0,0.107189035069431,70.83333333333333,0.11884147867061573,-0.4844036317855006,0.0,0.08,0.107189035069431,0.107189035069431,0
40,13,1.013116478919983,0.5623695927349238,0.5886272017907468,0.44231865556053707,50.0,0.3957830387582255,0.5886272017907468,0.5886272017907468,0.5509017614325974,0.44231865556053707,0.44231865556053707,0
40,16,0.6291254758834839,0.5623695927349238,0.11217144756787026,0.13364882571275677,79.0909090909091,0.11818239756638271,0.11217144756787026,0.11217144756787026,0.16973715805429623,0.13364882571275677,0.13364882571275677,0
40,3,0.5738009214401245,0.5623695927349238,0.02012323698489562,0.10835148818681617,90.25641025641026,0.11360273044348745,0.02012323698489562,0.02012323698489562,0.0960985895879165,0.10835148818681617,0.10835148818681617,0
40,11,1.4149837493896484,0.5623695927349238,0.7,0.6390294456783199,36.71875,0.6386134938261713,0.922714042703683,0.7,0.6399999999999999,0.6390294456783199,0.6390294456783199,0
40,17,0.19016392529010773,0.5623695927349238,0.0,0.07999997271368958,96.484375,0.07999996101955656,-1.0842727723806898,0.0,0.08,0.07999997271368958,0.07999997271368958,0
40,12,0.554731011390686,0.5623695927349238,0.0,0.11618969563709042,75.78125,0.13169956519584344,-0.013675939720016397,0.0,0.08,0.11618969563709042,0.11618969563709042,0
40,8,1.6676967144012451,0.5623695927349238,0.7,0.6396320535773343,21.09375,0.6394743622533349,1.087039456639477,0.7,0.6399999999999999,0.6396320535773343,0.6396320535773343,0
40,5,0.3174484968185425,0.5623695927349238,0.0,0.07999997271368958,89.84375,0.07999996101955656,-0.5718436679137063,0.0,0.08,0.07999997271368958,0.07999997271368958,0
40,14,0.23234879970550537,0.5623695927349238,0.0,0.07999997271368958,95.95959595959596,0.07999996101955656,-0.8839195571780557,0.0,0.08,0.07999997271368958,0.07999997271368958,0
40,6,0.3919888734817505,0.5623695927349238,0.0,0.07999997271368958,85.546875,0.07999996101955656,-0.3609258089212109,0.0,0.08,0.07999997271368958,0.07999997271368958,0
40,10,0.43033987283706665,0.5623695927349238,0.0,0.07999998379580898,87.890625,0.0799999768511557,-0.26758396817603963,0.0,0.08,0.07999998379580898,0.07999998379580898,0
40,18,0.30498066544532776,0.5623695927349238,0.0,0.07999997271368958,90.625,0.07999996101955656,-0.6119108744401561,0.0,0.08,0.07999997271368958,0.07999997271368958,0
40,4,0.40904539823532104,0.5623695927349238,0.0,0.07999997271368958,90.8256880733945,0.07999996101955656,-0.3183331173841441,0.0,0.08,0.07999997271368958,0.07999997271368958,0
40,2,0.365612268447876,0.5623695927349238,0.0,0.08008374964711637,86.15384615384616,0.08011964235302338,-0.4305858664525615,0.0,0.08,0.08008374964711637,0.08008374964711637,0
40,15,1.2118185758590698,0.5623695927349238,0.7,0.6175699440943718,35.714285714285715,0.6079570629919598,0.7677181839467727,0.7,0.6399999999999999,0.6175699440943718,0.6175699440943718,0
40,0,0.2772364914417267,0.5623695927349238,0.0,0.10629969258000199,83.33333333333333,0.11757098940000285,-0.7072883521151154,0.0,0.08,0.10629969258000199,0.10629969258000199,0
40,9,0.34286463260650635,0.5623695927349238,0.0,0.07999997271368958,92.578125,0.07999996101955656,-0.49482354853418015,0.0,0.08,0.07999997271368958,0.07999997271368958,0
40,7,1.133537769317627,0.5623695927349238,0.7,0.5232108779618813,51.953125,0.4731583970884019,0.7009395093381001,0.7,0.6399999999999999,0.5232108779618813,0.5232108779618813,0
40,19,0.3798729479312897,0.5623695927349238,0.0,0.07999997271368958,87.5,0.07999996101955656,-0.3923224142554616,0.0,0.08,0.07999997271368958,0.07999997271368958,0
41,11,1.4687920808792114,0.546184347047285,0.7,0.6393206119748238,29.296875,0.6390294456783199,0.9892390660781021,0.7,0.6399999999999999,0.6393206119748238,0.6393206119748238,0
41,9,0.2701326906681061,0.546184347047285,0.0,0.07999998089958271,91.796875,0.07999997271368958,-0.704043246807991,0.0,0.08,0.07999998089958271,0.07999998089958271,0
41,14,0.26660364866256714,0.546184347047285,0.0,0.07999998089958271,92.92929292929293,0.07999997271368958,-0.7171934379577102,0.0,0.08,0.07999998089958271,0.07999998089958271,0
41,18,0.2656167149543762,0.546184347047285,0.0,0.07999998089958271,85.9375,0.07999997271368958,-0.7209021829431576,0.0,0.08,0.07999998089958271,0.07999998089958271,0
41,13,0.8543401956558228,0.546184347047285,0.4473729127162395,0.4409925579442734,58.69565217391305,0.44231865556053707,0.4473729127162395,0.4473729127162395,0.4378983301729917,0.4409925579442734,0.4409925579442734,0
41,0,0.8202566504478455,0.546184347047285,0.4066607228063661,0.19600835827952925,100.0,0.10629969258000199,0.4066607228063661,0.4066607228063661,0.40532857824509294,0.19600835827952925,0.19600835827952925,0
41,1,0.19871801137924194,0.546184347047285,0.0,0.0990323245486017,79.16666666666667,0.107189035069431,-1.0110697271555757,0.0,0.08,0.0990323245486017,0.0990323245486017,0
41,12,0.45666345953941345,0.546184347047285,0.0,0.10533278694596329,73.828125,0.11618969563709042,-0.17900983990266386,0.0,0.08,0.10533278694596329,0.10533278694596329,0
41,4,0.3971569240093231,0.546184347047285,0.0,0.07999998089958271,95.41284403669725,0.07999997271368958,-0.3186250666752195,0.0,0.08,0.07999998089958271,0.07999998089958271,0
41,17,0.18985868990421295,0.546184347047285,0.0,0.07999998089958271,93.75,0.07999997271368958,-1.056676458248473,0.0,0.08,0.07999998089958271,0.07999998089958271,0
41,16,0.6012635827064514,0.546184347047285,0.09607685955277083,0.14061262429159474,80.9090909090909,0.13364882571275677,0.09607685955277083,0.09607685955277083,0.1568614876422167,0.14061262429159474,0.14061262429159474,0
41,2,0.3986048102378845,0.546184347047285,0.0,0.08005862475298145,86.15384615384616,0.08008374964711637,-0.3149860683981273,0.0,0.08,0.08005862475298145,0.08005862475298145,0
41,6,0.44878318905830383,0.546184347047285,0.0,0.07999998089958271,85.9375,0.07999997271368958,-0.19641665076919762,0.0,0.08,0.07999998089958271,0.07999998089958271,0
41,5,0.3611561357975006,0.546184347047285,0.0,0.07999998089958271,86.71875,0.07999997271368958,-0.4136461673726628,0.0,0.08,0.07999998089958271,0.07999998089958271,0
41,3,0.5236737132072449,0.546184347047285,0.0,0.0998460417307713,91.28205128205128,0.10835148818681617,-0.04208774427437638,0.0,0.08,0.0998460417307713,0.0998460417307713,0
41,7,1.0543696880340576,0.546184347047285,0.6577418557248284,0.5481056599472757,56.25,0.5232108779618813,0.6577418557248284,0.6577418557248284,0.6061934845798627,0.5481056599472757,0.5481056599472757,0
41,19,0.46985679864883423,0.546184347047285,0.0,0.07999998089958271,87.109375,0.07999997271368958,-0.15052858318785087,0.0,0.08,0.07999998089958271,0.07999998089958271,0
41,8,1.6143847703933716,0.546184347047285,0.7,0.639742437504134,21.484375,0.6396320535773343,1.0837526531237969,0.7,0.6399999999999999,0.639742437504134,0.639742437504134,0
41,15,0.8544847369194031,0.546184347047285,0.44754208307357457,0.5637090608037181,42.857142857142854,0.6175699440943718,0.44754208307357457,0.44754208307357457,0.4380336664588597,0.5637090608037181,0.5637090608037181,0
41,10,0.3678733706474304,0.546184347047285,0.0,0.07999998865706628,90.234375,0.07999998379580898,-0.39521776438949074,0.0,0.08,0.07999998865706628,0.07999998865706628,0
42,12,0.654693067073822,0.5368382447724424,0.1984696935975575,0.14536567732558808,80.078125,0.10533278694596329,0.1984696935975575,0.1984696935975575,0.23877575487804603,0.14536567732558808,0.14536567732558808,0
42,3,0.47314485907554626,0.5368382447724424,0.0,0.09389222921153992,89.23076923076923,0.0998460417307713,-0.12629522888350256,0.0,0.08,0.09389222921153992,0.09389222921153992,0
42,14,0.3746625483036041,0.5368382447724424,0.0,0.07999998662970789,91.91919191919192,0.07999998089958271,-0.35967107125392744,0.0,0.08,0.07999998662970789,0.07999998662970789,0
42,10,0.4291420876979828,0.5368382447724424,0.0,0.0799999920599464,89.84375,0.07999998865706628,-0.22390875344881703,0.0,0.08,0.0799999920599464,0.0799999920599464,0
42,15,0.8949116468429565,0.5368382447724424,0.511028158367424,0.5412431005707844,57.142857142857146,0.5637090608037181,0.511028158367424,0.511028158367424,0.4888225266939392,0.5412431005707844,0.5412431005707844,0
42,2,0.3182932138442993,0.5368382447724424,0.0,0.080041037327087,90.76923076923077,0.08005862475298145,-0.5227238021182096,0.0,0.08,0.080041037327087,0.080041037327087,0
42,4,0.34317654371261597,0.5368382447724424,0.0,0.07999998662970789,91.74311926605505,0.07999998089958271,-0.44745179900556026,0.0,0.08,0.07999998662970789,0.07999998662970789,0
42,17,0.15954142808914185,0.5368382447724424,0.0,0.07999998662970789,95.703125,0.07999998089958271,-1.2133931591828295,0.0,0.08,0.07999998662970789,0.07999998662970789,0
42,0,0.7827281951904297,0.5368382447724424,0.3770886683254026,0.2517071311937671,100.0,0.19600835827952925,0.3770886683254026,0.3770886683254026,0.38167093466032215,0.2517071311937671,0.2517071311937671,0
42,7,0.9926745295524597,0.5368382447724424,0.6147060079937027,0.5552034038815816,55.078125,0.5481056599472757,0.6147060079937027,0.6147060079937027,0.5717648063949622,0.5552034038815816,0.5552034038815816,0
42,16,0.5554639101028442,0.5368382447724424,0.034106809062916514,0.13061447117921626,80.9090909090909,0.14061262429159474,0.034106809062916514,0.034106809062916514,0.10728544725033322,0.13061447117921626,0.13061447117921626,0
42,11,1.5834013223648071,0.5368382447724424,0.7,0.6395244283823767,27.734375,0.6393206119748238,1.0816337065976176,0.7,0.6399999999999999,0.6395244283823767,0.6395244283823767,0
42,18,0.2799321413040161,0.5368382447724424,0.0,0.07999998662970789,88.671875,0.07999998089958271,-0.6511495905630682,0.0,0.08,0.07999998662970789,0.07999998662970789,0
42,19,0.4578630030155182,0.5368382447724424,0.0,0.07999998662970789,86.71875,0.07999998089958271,-0.1591268064414954,0.0,0.08,0.07999998662970789,0.07999998662970789,0
42,1,0.24975572526454926,0.5368382447724424,0.0,0.09332262718402118,87.5,0.0990323245486017,-0.7652134663102813,0.0,0.08,0.09332262718402118,0.09332262718402118,0
42,9,0.37996625900268555,0.5368382447724424,0.0,0.07999998662970789,90.625,0.07999998089958271,-0.3456143645993845,0.0,0.08,0.07999998662970789,0.07999998662970789,0
42,8,1.4784224033355713,0.5368382447724424,0.7,0.6398197062528937,23.828125,0.639742437504134,1.01303401371043,0.7,0.6399999999999999,0.6398197062528937,0.6398197062528937,0
42,13,0.8879132270812988,0.5368382447724424,0.5031771846316063,0.4534573148725769,43.47826086956522,0.4409925579442734,0.5031771846316063,0.5031771846316063,0.4825417477052851,0.4534573148725769,0.4534573148725769,0
42,6,0.4065666198730469,0.5368382447724424,0.0,0.07999998662970789,82.421875,0.07999998089958271,-0.2779490209147834,0.0,0.08,0.07999998662970789,0.07999998662970789,0
42,5,0.3604080080986023,0.5368382447724424,0.0,0.07999998662970789,88.28125,0.07999998089958271,-0.3984600743344236,0.0,0.08,0.07999998662970789,0.07999998662970789,0
43,4,0.4049932360649109,0.5275046748308732,0.0,0.07999999064079552,89.90825688073394,0.07999998662970789,-0.26428735592220154,0.0,0.08,0.07999999064079552,0.07999999064079552,0
43,8,1.613693356513977,0.5275046748308732,0.7,0.6398737943770255,28.515625,0.6398197062528937,1.118123100701472,0.7,0.6399999999999999,0.6398737943770255,0.6398737943770255,0
43,15,1.228164792060852,0.5275046748308732,0.7,0.570870170399549,64.28571428571429,0.5412431005707844,0.8451185568284495,0.7,0.6399999999999999,0.570870170399549,0.570870170399549,0
43,1,0.5782143473625183,0.5275046748308732,0.09178691390265799,0.11135469836545274,70.83333333333333,0.09332262718402118,0.09178691390265799,0.09178691390265799,0.1534295311221264,0.11135469836545274,0.11135469836545274,0
43,11,1.397621750831604,0.5275046748308732,0.7,0.6396670998676636,37.5,0.6395244283823767,0.9743695823347004,0.7,0.6399999999999999,0.6396670998676636,0.6396670998676636,0
43,2,0.4915940463542938,0.5275046748308732,0.0,0.08002872612896089,81.53846153846153,0.080041037327087,-0.07050445929826743,0.0,0.08,0.08002872612896089,0.08002872612896089,0
43,18,0.2660667896270752,0.5275046748308732,0.0,0.07999999064079552,88.671875,0.07999998662970789,-0.6844103428344379,0.0,0.08,0.07999999064079552,0.07999999064079552,0
43,14,0.23568573594093323,0.5275046748308732,0.0,0.07999999064079552,88.88888888888889,0.07999998662970789,-0.8056584138242948,0.0,0.08,0.07999999064079552,0.07999999064079552,0
43,5,0.4214039444923401,0.5275046748308732,0.0,0.07999999064079552,89.84375,0.07999998662970789,-0.22456586100333323,0.0,0.08,0.07999999064079552,0.07999999064079552,0
43,12,0.6040034294128418,0.5275046748308732,0.13542214580397213,0.15825728912086495,75.78125,0.14536567732558808,0.13542214580397213,0.13542214580397213,0.18833771664317772,0.15825728912086495,0.15825728912086495,0
43,3,0.5528005361557007,0.5275046748308732,0.04683951392686533,0.10096604379052562,89.23076923076923,0.09389222921153992,0.04683951392686533,0.04683951392686533,0.11747161114149227,0.10096604379052562,0.10096604379052562,0
43,17,0.21618297696113586,0.5275046748308732,0.0,0.07999999064079552,94.53125,0.07999998662970789,-0.8920325356045468,0.0,0.08,0.07999999064079552,0.07999999064079552,0
43,9,0.32686346769332886,0.5275046748308732,0.0,0.07999999064079552,87.109375,0.07999998662970789,-0.4786151621954223,0.0,0.08,0.07999999064079552,0.07999999064079552,0
43,19,0.5044302344322205,0.5275046748308732,0.0,0.07999999064079552,83.984375,0.07999998662970789,-0.04472818300775916,0.0,0.08,0.07999999064079552,0.07999999064079552,0
43,7,0.8880178928375244,0.5275046748308732,0.5208341571352588,0.5376425804295693,54.6875,0.5552034038815816,0.5208341571352588,0.5208341571352588,0.4966673257082071,0.5376425804295693,0.5376425804295693,0
43,13,0.9225366115570068,0.5275046748308732,0.558969326784756,0.47557275883914524,65.21739130434783,0.4534573148725769,0.558969326784756,0.558969326784756,0.5271754614278048,0.47557275883914524,0.47557275883914524,0
43,16,0.6308882832527161,0.5275046748308732,0.17897106906735158,0.15838318640161575,78.18181818181819,0.13061447117921626,0.17897106906735158,0.17897106906735158,0.22317685525388126,0.15838318640161575,0.15838318640161575,0
43,6,0.3839285373687744,0.5275046748308732,0.0,0.07999999064079552,82.8125,0.07999998662970789,-0.31770128579352747,0.0,0.08,0.07999999064079552,0.07999999064079552,0
43,10,0.47615233063697815,0.5275046748308732,0.0,0.07999999444196249,87.109375,0.0799999920599464,-0.10241990012328606,0.0,0.08,0.07999999444196249,0.07999999444196249,0
43,0,0.38959935307502747,0.5275046748308732,0.0,0.20019499183563694,83.33333333333333,0.2517071311937671,-0.30303880955739976,0.0,0.08,0.20019499183563694,0.20019499183563694,0
44,0,0.2573324739933014,0.5245554213871115,0.0,0.16413649428494584,83.33333333333333,0.20019499183563694,-0.7121821456912726,0.0,0.08,0.16413649428494584,0.16413649428494584,0
44,12,0.5788297653198242,0.5245554213871115,0.09845733012835553,0.1584098616154108,76.5625,0.15825728912086495,0.09845733012835553,0.09845733012835553,0.15876586410268445,0.1584098616154108,0.1584098616154108,0
44,11,1.4431763887405396,0.5245554213871115,0.7,0.6397669699073645,32.421875,0.6396670998676636,1.0120506892537386,0.7,0.6399999999999999,0.6397669699073645,0.6397669699073645,0
44,5,0.39629679918289185,0.5245554213871115,0.0,0.07999999344855686,84.765625,0.07999999064079552,-0.2803876578536751,0.0,0.08,0.07999999344855686,0.07999999344855686,0
44,9,0.2765800356864929,0.5245554213871115,0.0,0.07999999344855686,92.1875,0.07999999064079552,-0.6400508312781816,0.0,0.08,0.07999999344855686,0.07999999344855686,0
44,1,0.15517480671405792,0.5245554213871115,0.0,0.10194828885581692,79.16666666666667,0.11135469836545274,-1.217998775355693,0.0,0.08,0.10194828885581692,0.10194828885581692,0
44,7,0.9619589447975159,0.5245554213871115,0.6064206767264888,0.5458907687150558,53.125,0.5376425804295693,0.6064206767264888,0.6064206767264888,0.5651365413811911,0.5458907687150558,0.5458907687150558,0
44,18,0.23191000521183014,0.5245554213871115,0.0,0.07999999344855686,89.453125,0.07999999064079552,-0.8162016755375319,0.0,0.08,0.07999999344855686,0.07999999344855686,0
44,15,1.2450045347213745,0.5245554213871115,0.7,0.5916091192796843,50.0,0.570870170399549,0.8643433527724328,0.7,0.6399999999999999,0.5916091192796843,0.5916091192796843,0
44,6,0.3329775929450989,0.5245554213871115,0.0,0.07999999344855686,85.9375,0.07999999064079552,-0.45447587720295846,0.0,0.08,0.07999999344855686,0.07999999344855686,0
44,17,0.18239262700080872,0.5245554213871115,0.0,0.07999999344855686,92.1875,0.07999999064079552,-1.0563893969930054,0.0,0.08,0.07999999344855686,0.07999999344855686,0
44,10,0.46952036023139954,0.5245554213871115,0.0,0.07999999610937374,87.109375,0.07999999444196249,-0.11083942171686746,0.0,0.08,0.07999999610937374,0.07999999610937374,0
44,16,0.7092129588127136,0.5245554213871115,0.3016047540724789,0.20725337145852596,79.0909090909091,0.15838318640161575,0.3016047540724789,0.3016047540724789,0.3212838032579831,0.20725337145852596,0.20725337145852596,0
44,8,1.5895522832870483,0.5245554213871115,0.7,0.6399116560639178,24.21875,0.6398737943770255,1.1086565725168047,0.7,0.6399999999999999,0.6399116560639178,0.6399116560639178,0
44,4,0.4603593051433563,0.5245554213871115,0.0,0.07999999344855686,87.1559633027523,0.07999999064079552,-0.13054380205368216,0.0,0.08,0.07999999344855686,0.07999999344855686,0
44,19,0.4036768972873688,0.5245554213871115,0.0,0.07999999344855686,84.375,0.07999999064079552,-0.2619362829325667,0.0,0.08,0.07999999344855686,0.07999999344855686,0
44,2,0.2631720304489136,0.5245554213871115,0.0,0.08002010829027262,84.61538461538461,0.08002872612896089,-0.6897431419873368,0.0,0.08,0.08002010829027262,0.08002010829027262,0
44,13,0.9450289011001587,0.5245554213871115,0.5886644142842185,0.49818039061561403,56.52173913043478,0.47557275883914524,0.5886644142842185,0.5886644142842185,0.5509315314273747,0.49818039061561403,0.49818039061561403,0
44,14,0.30690982937812805,0.5245554213871115,0.0,0.07999999344855686,89.8989898989899,0.07999999064079552,-0.5359970848517709,0.0,0.08,0.07999999344855686,0.07999999344855686,0
44,3,0.47012102603912354,0.5245554213871115,0.0,0.09467623065336794,90.76923076923077,0.10096604379052562,-0.10956092146020709,0.0,0.08,0.09467623065336794,0.09467623065336794,0
45,17,0.16794277727603912,0.5153016893699367,0.0,0.0799999954139898,90.625,0.07999999344855686,-1.121129183681183,0.0,0.08,0.0799999954139898,0.0799999954139898,0
45,4,0.40475788712501526,0.5153016893699367,0.0,0.0799999954139898,87.1559633027523,0.07999999344855686,-0.24146344966971,0.0,0.08,0.0799999954139898,0.0799999954139898,0
45,11,1.482086420059204,0.5153016893699367,0.7,0.6398368789351551,31.640625,0.6397669699073645,1.0564535708783727,0.7,0.6399999999999999,0.6398368789351551,0.6398368789351551,0
45,18,0.3076992630958557,0.5153016893699367,0.0,0.0799999954139898,89.453125,0.07999999344855686,-0.5156296332093305,0.0,0.08,0.0799999954139898,0.0799999954139898,0
45,10,0.5310237407684326,0.5153016893699367,0.030054195463990664,0.08721300418791937,86.71875,0.07999999610937374,0.030054195463990664,0.030054195463990664,0.10404335637119254,0.08721300418791937,0.08721300418791937,0
45,16,0.6574518084526062,0.5153016893699367,0.2436189282916978,0.22754590281097564,80.0,0.20725337145852596,0.2436189282916978,0.2436189282916978,0.27489514263335824,0.22754590281097564,0.22754590281097564,0
45,1,0.4621487855911255,0.5153016893699367,0.0,0.09536380219907184,87.5,0.10194828885581692,-0.1088656455472158,0.0,0.08,0.09536380219907184,0.09536380219907184,0
45,0,0.18291223049163818,0.5153016893699367,0.0,0.13889554599946208,100.0,0.16413649428494584,-1.0357460754944356,0.0,0.08,0.13889554599946208,0.13889554599946208,0
45,2,0.3214094042778015,0.5153016893699367,0.0,0.08001407580319084,84.61538461538461,0.08002010829027262,-0.47203680881274396,0.0,0.08,0.08001407580319084,0.08001407580319084,0
45,13,0.8096232414245605,0.5153016893699367,0.45181646461063435,0.48116222493748206,63.04347826086956,0.49818039061561403,0.45181646461063435,0.45181646461063435,0.4414531716885075,0.48116222493748206,0.48116222493748206,0
45,8,1.5267964601516724,0.5153016893699367,0.7,0.6399381592447424,28.125,0.6399116560639178,1.0861744557874646,0.7,0.6399999999999999,0.6399381592447424,0.6399381592447424,0
45,19,0.4478343725204468,0.5153016893699367,0.0,0.0799999954139898,86.71875,0.07999999344855686,-0.14032907096333386,0.0,0.08,0.0799999954139898,0.0799999954139898,0
45,6,0.3991999328136444,0.5153016893699367,0.0,0.0799999954139898,83.984375,0.07999999344855686,-0.25529015197022203,0.0,0.08,0.0799999954139898,0.0799999954139898,0
45,12,0.582886815071106,0.5153016893699367,0.12324048925820841,0.16446462055275757,72.65625,0.1584098616154108,0.12324048925820841,0.12324048925820841,0.17859239140656674,0.16446462055275757,0.16446462055275757,0
45,5,0.37893247604370117,0.5153016893699367,0.0,0.0799999954139898,91.015625,0.07999999344855686,-0.30739450102885585,0.0,0.08,0.0799999954139898,0.0799999954139898,0
45,9,0.2731117904186249,0.5153016893699367,0.0,0.0799999954139898,91.40625,0.07999999344855686,-0.6348713164598352,0.0,0.08,0.0799999954139898,0.0799999954139898,0
45,15,1.359514832496643,0.5153016893699367,0.7,0.606126383495779,50.0,0.5916091192796843,0.9701306284721034,0.7,0.6399999999999999,0.606126383495779,0.606126383495779,0
45,7,0.9479918479919434,0.5153016893699367,0.609593360446919,0.5524259446077996,57.03125,0.5458907687150558,0.609593360446919,0.609593360446919,0.5676746883575352,0.5524259446077996,0.5524259446077996,0
45,3,0.5320172309875488,0.5153016893699367,0.03192334353272635,0.09793496390521188,88.71794871794872,0.09467623065336794,0.03192334353272635,0.03192334353272635,0.10553867482618108,0.09793496390521188,0.09793496390521188,0
45,14,0.3027224838733673,0.5153016893699367,0.0,0.0799999954139898,96.96969696969697,0.07999999344855686,-0.5319360291074999,0.0,0.08,0.0799999954139898,0.0799999954139898,0
46,10,0.401325523853302,0.5092706783385217,0.0,0.08504910293154355,91.40625,0.08721300418791937,-0.23820677630272882,0.0,0.08,0.08504910293154355,0.08504910293154355,0
46,13,1.1856460571289062,0.5092706783385217,0.7,0.5288135574562374,73.91304347826087,0.48116222493748206,0.8450634299333404,0.7,0.6399999999999999,0.5288135574562374,0.5288135574562374,0
46,11,1.3592662811279297,0.5092706783385217,0.7,0.6398858152546085,33.59375,0.6398368789351551,0.9817206619401264,0.7,0.6399999999999999,0.6398858152546085,0.6398858152546085,0
46,17,0.2172182947397232,0.5092706783385217,0.0,0.07999999678979286,95.3125,0.0799999954139898,-0.8520768189198635,0.0,0.08,0.07999999678979286,0.07999999678979286,0
46,1,0.29462912678718567,0.5092706783385217,0.0,0.09075466153935027,83.33333333333333,0.09536380219907184,-0.5472622773805225,0.0,0.08,0.09075466153935027,0.09075466153935027,0
46,12,0.522599995136261,0.5092706783385217,0.025836683520595153,0.14532603843187314,68.75,0.16446462055275757,0.025836683520595153,0.025836683520595153,0.10066934681647613,0.14532603843187314,0.14532603843187314,0
46,14,0.3533478081226349,0.5092706783385217,0.0,0.07999999678979286,90.9090909090909,0.0799999954139898,-0.36552678710975417,0.0,0.08,0.07999999678979286,0.07999999678979286,0
46,3,0.4693976640701294,0.5092706783385217,0.0,0.0925544747336483,86.15384615384616,0.09793496390521188,-0.08152935110218852,0.0,0.08,0.0925544747336483,0.0925544747336483,0
46,0,0.10503900051116943,0.5092706783385217,0.0,0.12122688219962344,83.33333333333333,0.13889554599946208,-1.5786478695585626,0.0,0.08,0.12122688219962344,0.12122688219962344,0
46,15,1.7858830690383911,0.5092706783385217,0.7,0.6162884684470452,50.0,0.606126383495779,1.2546886146352412,0.7,0.6399999999999999,0.6162884684470452,0.6162884684470452,0
46,8,1.6090716123580933,0.5092706783385217,0.7,0.6399567114713196,22.65625,0.6399381592447424,1.1504329801923756,0.7,0.6399999999999999,0.6399567114713196,0.6399567114713196,0
46,2,0.2969076931476593,0.5092706783385217,0.0,0.08000985306223359,92.3076923076923,0.08001407580319084,-0.5395583527011758,0.0,0.08,0.08000985306223359,0.08000985306223359,0
46,18,0.26943257451057434,0.5092706783385217,0.0,0.07999999678979286,87.890625,0.0799999954139898,-0.6366614705769948,0.0,0.08,0.07999999678979286,0.07999999678979286,0
46,16,0.6204913854598999,0.5092706783385217,0.19753205804697924,0.23068982589895792,78.63636363636364,0.22754590281097564,0.19753205804697924,0.19753205804697924,0.2380256464375834,0.23068982589895792,0.23068982589895792,0
46,7,1.1278117895126343,0.5092706783385217,0.7,0.5786981612254597,58.59375,0.5524259446077996,0.7950548943400347,0.7,0.6399999999999999,0.5786981612254597,0.5786981612254597,0
46,6,0.32402321696281433,0.5092706783385217,0.0,0.07999999678979286,84.375,0.0799999954139898,-0.4521644780145099,0.0,0.08,0.07999999678979286,0.07999999678979286,0
46,9,0.29481175541877747,0.5092706783385217,0.0,0.07999999678979286,92.1875,0.0799999954139898,-0.5466426100423646,0.0,0.08,0.07999999678979286,0.07999999678979286,0
46,4,0.42487168312072754,0.5092706783385217,0.0,0.07999999678979286,88.07339449541284,0.0799999954139898,-0.18119245458978644,0.0,0.08,0.07999999678979286,0.07999999678979286,0
46,19,0.4261528253555298,0.5092706783385217,0.0,0.07999999678979286,87.109375,0.0799999954139898,-0.17818162902662743,0.0,0.08,0.07999999678979286,0.07999999678979286,0
46,5,0.33983850479125977,0.5092706783385217,0.0,0.07999999678979286,89.84375,0.0799999954139898,-0.4045091311078518,0.0,0.08,0.07999999678979286,0.07999999678979286,0
47,5,0.3494865894317627,0.49965347085337103,0.0,0.07999999775285499,89.84375,0.07999999678979286,-0.3574496010403619,0.0,0.08,0.07999999775285499,0.07999999775285499,0
47,13,0.9857552647590637,0.49965347085337103,0.6794933038875078,0.557247883152368,56.52173913043478,0.5288135574562374,0.6794933038875078,0.6794933038875078,0.6235946431100062,0.557247883152368,0.557247883152368,0
47,18,0.3059975504875183,0.49965347085337103,0.0,0.07999999775285499,91.015625,0.07999999678979286,-0.49033769020929213,0.0,0.08,0.07999999775285499,0.07999999775285499,0
47,11,1.4443751573562622,0.49965347085337103,0.7,0.6399200706782259,28.515625,0.6398858152546085,1.0615172770293546,0.7,0.6399999999999999,0.6399200706782259,0.6399200706782259,0
47,7,0.88847416639328,0.49965347085337103,0.5755907630322703,0.5672304959855666,57.421875,0.5786981612254597,0.5755907630322703,0.5755907630322703,0.5404726104258163,0.5672304959855666,0.5672304959855666,0
47,19,0.41477376222610474,0.49965347085337103,0.0,0.07999999775285499,83.203125,0.07999999678979286,-0.18618157543802963,0.0,0.08,0.07999999775285499,0.07999999775285499,0
47,1,0.39517712593078613,0.49965347085337103,0.0,0.08752826307754519,83.33333333333333,0.09075466153935027,-0.23458071009294978,0.0,0.08,0.08752826307754519,0.08752826307754519,0
47,9,0.344574511051178,0.49965347085337103,0.0,0.07999999775285499,91.015625,0.07999999678979286,-0.37160443625708234,0.0,0.08,0.07999999775285499,0.07999999775285499,0
47,12,0.5226918458938599,0.49965347085337103,0.04507728488856036,0.1365467752755657,72.265625,0.14532603843187314,0.04507728488856036,0.04507728488856036,0.11606182791084829,0.1365467752755657,0.1365467752755657,0
47,17,0.10441965609788895,0.49965347085337103,0.0,0.07999999775285499,94.140625,0.07999999678979286,-1.5654967895730885,0.0,0.08,0.07999999775285499,0.07999999775285499,0
47,6,0.37193208932876587,0.49965347085337103,0.0,0.07999999775285499,83.59375,0.07999999678979286,-0.29520351094023695,0.0,0.08,0.07999999775285499,0.07999999775285499,0
47,2,0.45953992009162903,0.49965347085337103,0.0,0.08000689714356352,90.76923076923077,0.08000985306223359,-0.08368898284418301,0.0,0.08,0.08000689714356352,0.08000689714356352,0
47,15,0.8153153657913208,0.49965347085337103,0.4896601826837885,0.5729203717570409,42.857142857142854,0.6162884684470452,0.4896601826837885,0.4896601826837885,0.47172814614703085,0.5729203717570409,0.5729203717570409,0
47,8,1.4108998775482178,0.49965347085337103,0.7,0.6399696980299237,33.59375,0.6399567114713196,1.0380681780500631,0.7,0.6399999999999999,0.6399696980299237,0.6399696980299237,0
47,4,0.3226177990436554,0.49965347085337103,0.0,0.07999999775285499,91.74311926605505,0.07999999678979286,-0.43744645097645013,0.0,0.08,0.07999999775285499,0.07999999775285499,0
47,14,0.4871933162212372,0.49965347085337103,0.0,0.07999999775285499,89.8989898989899,0.07999999678979286,-0.02525380179728841,0.0,0.08,0.07999999775285499,0.07999999775285499,0
47,10,0.3792104721069336,0.49965347085337103,0.0,0.08353437205208047,87.5,0.08504910293154355,-0.2758234071810063,0.0,0.08,0.08353437205208047,0.08353437205208047,0
47,16,0.6217389702796936,0.49965347085337103,0.21860553894375262,0.23794820747577117,80.9090909090909,0.23068982589895792,0.21860553894375262,0.21860553894375262,0.2548844311550021,0.23794820747577117,0.23794820747577117,0
47,0,0.37741294503211975,0.49965347085337103,0.0,0.10885881753973639,100.0,0.12122688219962344,-0.28057486046245156,0.0,0.08,0.10885881753973639,0.10885881753973639,0
47,3,0.35297316312789917,0.49965347085337103,0.0,0.08878813231355381,87.17948717948718,0.0925544747336483,-0.3475227626263071,0.0,0.08,0.08878813231355381,0.08878813231355381,0
48,9,0.3433031141757965,0.49018566817587844,0.0,0.07999999842699848,91.015625,0.07999999775285499,-0.3561704535328015,0.0,0.08,0.07999999842699848,0.07999999842699848,0
48,5,0.27226918935775757,0.49018566817587844,0.0,0.07999999842699848,89.0625,0.07999999775285499,-0.5879929739961928,0.0,0.08,0.07999999842699848,0.07999999842699848,0
48,15,1.5832157135009766,0.49018566817587844,0.7,0.5930442602299286,28.571428571428573,0.5729203717570409,1.1724290713278387,0.7,0.6399999999999999,0.5930442602299286,0.5930442602299286,0
48,8,1.5589202642440796,0.49018566817587844,0.7,0.6399787886209465,27.34375,0.6399696980299237,1.156964474335173,0.7,0.6399999999999999,0.6399787886209465,0.6399787886209465,0
48,18,0.2881869375705719,0.49018566817587844,0.0,0.07999999842699848,91.40625,0.07999999775285499,-0.5311748613243918,0.0,0.08,0.07999999842699848,0.07999999842699848,0
48,0,0.6253864765167236,0.49018566817587844,0.2435855826662741,0.15866171211772123,83.33333333333333,0.10885881753973639,0.2435855826662741,0.2435855826662741,0.2748684661330193,0.15866171211772123,0.15866171211772123,0
48,13,1.0379558801651,0.49018566817587844,0.7,0.5820735182066575,63.04347826086956,0.557247883152368,0.7502243134191761,0.7,0.6399999999999999,0.5820735182066575,0.5820735182066575,0
48,10,0.4108755886554718,0.49018566817587844,0.0,0.08247406043645633,84.765625,0.08353437205208047,-0.1764937653706176,0.0,0.08,0.08247406043645633,0.08247406043645633,0
48,17,0.12113436311483383,0.49018566817587844,0.0,0.07999999842699848,93.359375,0.07999999775285499,-1.3978838033457757,0.0,0.08,0.07999999842699848,0.07999999842699848,0
48,6,0.28823545575141907,0.49018566817587844,0.0,0.07999999842699848,85.15625,0.07999999775285499,-0.531006518873299,0.0,0.08,0.07999999842699848,0.07999999842699848,0
48,3,0.4474056661128998,0.49018566817587844,0.0,0.08615169261948766,87.6923076923077,0.08878813231355381,-0.09131851851794807,0.0,0.08,0.08615169261948766,0.08615169261948766,0
48,7,1.0326184034347534,0.49018566817587844,0.7,0.5890613471898966,58.59375,0.5672304959855666,0.7450687500148597,0.7,0.6399999999999999,0.5890613471898966,0.5890613471898966,0
48,14,0.27505937218666077,0.49018566817587844,0.0,0.07999999842699848,88.88888888888889,0.07999999775285499,-0.577797244799593,0.0,0.08,0.07999999842699848,0.07999999842699848,0
48,4,0.32864803075790405,0.49018566817587844,0.0,0.07999999842699848,91.74311926605505,0.07999999775285499,-0.39979686117306923,0.0,0.08,0.07999999842699848,0.07999999842699848,0
48,12,0.5571252107620239,0.49018566817587844,0.1280057731391416,0.15030412824628997,78.90625,0.1365467752755657,0.1280057731391416,0.1280057731391416,0.1824046185113133,0.15030412824628997,0.15030412824628997,0
48,16,0.6802438497543335,0.49018566817587844,0.32766709678839706,0.2692038484622551,79.0909090909091,0.23794820747577117,0.32766709678839706,0.32766709678839706,0.34213367743071765,0.2692038484622551,0.2692038484622551,0
48,19,0.3636273443698883,0.49018566817587844,0.0,0.07999999842699848,86.328125,0.07999999775285499,-0.29865466286579784,0.0,0.08,0.07999999842699848,0.07999999842699848,0
48,11,1.4211645126342773,0.49018566817587844,0.7,0.639944049474758,33.59375,0.6399200706782259,1.0644476464906567,0.7,0.6399999999999999,0.639944049474758,0.639944049474758,0
48,2,0.2621399462223053,0.49018566817587844,0.0,0.08000482800049447,87.6923076923077,0.08000689714356352,-0.6259057091895455,0.0,0.08,0.08000482800049447,0.08000482800049447,0
48,1,0.46106162667274475,0.49018566817587844,0.0,0.08526978415428163,95.83333333333333,0.08752826307754519,-0.06125251821033703,0.0,0.08,0.08526978415428163,0.08526978415428163,0
49,1,0.8121674060821533,0.4840811640967092,0.5174538886212298,0.2078777821770923,70.83333333333333,0.08526978415428163,0.5174538886212298,0.5174538886212298,0.49396311089698386,0.2078777821770923,0.2078777821770923,0
49,13,0.7237582802772522,0.4840811640967092,0.4022048757062361,0.527980632914157,60.869565217391305,0.5820735182066575,0.4022048757062361,0.4022048757062361,0.4017639005649889,0.527980632914157,0.527980632914157,0
49,17,0.13725291192531586,0.4840811640967092,0.0,0.07999999889889893,94.53125,0.07999999842699848,-1.2604272384935056,0.0,0.08,0.07999999889889893,0.07999999889889893,0
49,15,1.215293049812317,0.4840811640967092,0.7,0.60713098216095,50.0,0.5930442602299286,0.9204879204519884,0.7,0.6399999999999999,0.60713098216095,0.60713098216095,0
49,19,0.3172863721847534,0.4840811640967092,0.0,0.07999999889889893,87.5,0.07999999842699848,-0.42244782785323254,0.0,0.08,0.07999999889889893,0.07999999889889893,0
49,9,0.2446424961090088,0.4840811640967092,0.0,0.07999999889889893,91.796875,0.07999999842699848,-0.6824546215327223,0.0,0.08,0.07999999889889893,0.07999999889889893,0
49,8,1.6670446395874023,0.4840811640967092,0.7,0.6399851520346624,22.65625,0.6399787886209465,1.2365550590577845,0.7,0.6399999999999999,0.6399851520346624,0.6399851520346624,0
49,10,0.34831851720809937,0.4840811640967092,0.0,0.08173184230551943,89.84375,0.08247406043645633,-0.32913523852514526,0.0,0.08,0.08173184230551943,0.08173184230551943,0
49,6,0.41461125016212463,0.4840811640967092,0.0,0.07999999889889893,84.765625,0.07999999842699848,-0.15491124899877226,0.0,0.08,0.07999999889889893,0.07999999889889893,0
49,12,0.553752601146698,0.4840811640967092,0.1344654290074229,0.16148459273418447,74.609375,0.15030412824628997,0.1344654290074229,0.1344654290074229,0.18757234320593832,0.16148459273418447,0.16148459273418447,0
49,2,0.22198370099067688,0.4840811640967092,0.0,0.08000337960034612,89.23076923076923,0.08000482800049447,-0.7796486024654641,0.0,0.08,0.08000337960034612,0.08000337960034612,0
49,11,1.2925195693969727,0.4840811640967092,0.7,0.6399608346323306,34.375,0.639944049474758,0.9820961470075824,0.7,0.6399999999999999,0.6399608346323306,0.6399608346323306,0
49,18,0.34983330965042114,0.4840811640967092,0.0,0.07999999889889893,90.625,0.07999999842699848,-0.3247957962499589,0.0,0.08,0.07999999889889893,0.07999999889889893,0
49,7,0.8689265847206116,0.4840811640967092,0.58500604299021,0.5767443933505779,58.59375,0.5890613471898966,0.58500604299021,0.58500604299021,0.548004834392168,0.5767443933505779,0.5767443933505779,0
49,14,0.3202176094055176,0.4840811640967092,0.0,0.07999999889889893,93.93939393939394,0.07999999842699848,-0.4132517824303148,0.0,0.08,0.07999999889889893,0.07999999889889893,0
49,4,0.3421996533870697,0.4840811640967092,0.0,0.07999999889889893,93.57798165137615,0.07999999842699848,-0.34685822994535365,0.0,0.08,0.07999999889889893,0.07999999889889893,0
49,0,0.49844038486480713,0.4840811640967092,0.029231405545759113,0.14207873581338704,100.0,0.15866171211772123,0.029231405545759113,0.029231405545759113,0.1033851244366073,0.14207873581338704,0.14207873581338704,0
49,5,0.46661433577537537,0.4840811640967092,0.0,0.07999999889889893,85.546875,0.07999999842699848,-0.03674950327575058,0.0,0.08,0.07999999889889893,0.07999999889889893,0
49,16,0.5491312146186829,0.4840811640967092,0.12608483002412077,0.24270305312936752,82.72727272727273,0.2692038484622551,0.12608483002412077,0.12608483002412077,0.1808678640192966,0.24270305312936752,0.24270305312936752,0
49,3,0.48629674315452576,0.4840811640967092,0.0045664330269474356,0.08540212876010875,89.23076923076923,0.08615169261948766,0.0045664330269474356,0.0045664330269474356,0.08365314642155795,0.08540212876010875,0.08540212876010875,0
50,1,0.6156315803527832,0.48331860163353335,0.24197262941723685,0.22758787858410143,83.33333333333333,0.2078777821770923,0.24197262941723685,0.24197262941723685,0.2735781035337895,0.22758787858410143,0.22758787858410143,0
50,14,0.2797490060329437,0.48331860163353335,0.0,0.07999999922922925,87.87878787878788,0.07999999889889893,-0.5467832577160571,0.0,0.08,0.07999999922922925,0.07999999922922925,0
50,16,0.5483811497688293,0.48331860163353335,0.12629450459730904,0.22420281829391142,82.72727272727273,0.24270305312936752,0.12629450459730904,0.12629450459730904,0.18103560367784724,0.22420281829391142,0.22420281829391142,0
50,6,0.33229783177375793,0.48331860163353335,0.0,0.07999999922922925,86.71875,0.07999999889889893,-0.37464440706658203,0.0,0.08,0.07999999922922925,0.07999999922922925,0
50,18,0.21300701797008514,0.48331860163353335,0.0,0.07999999922922925,88.671875,0.07999999889889893,-0.8193509272635782,0.0,0.08,0.07999999922922925,0.07999999922922925,0
50,0,0.6184703707695007,0.48331860163353335,0.24657321427999476,0.18263268649656966,83.33333333333333,0.14207873581338704,0.24657321427999476,0.24657321427999476,0.27725857142399585,0.18263268649656966,0.18263268649656966,0
50,4,0.3279438316822052,0.48331860163353335,0.0,0.07999999922922925,87.1559633027523,0.07999999889889893,-0.3878337082516265,0.0,0.08,0.07999999922922925,0.07999999922922925,0
50,3,0.5162448287010193,0.48331860163353335,0.06590505895830148,0.09959870428206848,86.15384615384616,0.08540212876010875,0.06590505895830148,0.06590505895830148,0.13272404716664118,0.09959870428206848,0.09959870428206848,0
50,5,0.39817675948143005,0.48331860163353335,0.0,0.07999999922922925,84.765625,0.07999999889889893,-0.193780036486193,0.0,0.08,0.07999999922922925,0.07999999922922925,0
50,2,0.3330629765987396,0.48331860163353335,0.0,0.08000236572024227,87.6923076923077,0.08000337960034612,-0.3723444665541921,0.0,0.08,0.08000236572024227,0.08000236572024227,0
50,10,0.3737947642803192,0.48331860163353335,0.0,0.08121228961386359,89.0625,0.08173184230551943,-0.25696917265809743,0.0,0.08,0.08121228961386359,0.08121228961386359,0
50,19,0.3798278272151947,0.48331860163353335,0.0,0.07999999922922925,88.28125,0.07999999889889893,-0.2409579974956493,0.0,0.08,0.07999999922922925,0.07999999922922925,0
50,12,0.51677405834198,0.48331860163353335,0.0669296862592229,0.1531023396161426,77.34375,0.16148459273418447,0.0669296862592229,0.0669296862592229,0.1335437490073783,0.1531023396161426,0.1531023396161426,0
50,7,0.9164470434188843,0.48331860163353335,0.6398282076072089,0.5812798451711346,60.546875,0.5767443933505779,0.6398282076072089,0.6398282076072089,0.5918625660857671,0.5812798451711346,0.5812798451711346,0
50,11,1.2327264547348022,0.48331860163353335,0.7,0.6399725842426314,37.5,0.6399608346323306,0.9363075456512883,0.7,0.6399999999999999,0.6399725842426314,0.6399725842426314,0
50,15,1.5342668294906616,0.48331860163353335,0.7,0.616991687512665,64.28571428571429,0.60713098216095,1.1551318293305297,0.7,0.6399999999999999,0.616991687512665,0.616991687512665,0
50,13,0.8123672604560852,0.48331860163353335,0.5192764538272281,0.5182127919584446,60.869565217391305,0.527980632914157,0.5192764538272281,0.5192764538272281,0.4954211630617825,0.5182127919584446,0.5182127919584446,0
50,9,0.3036861717700958,0.48331860163353335,0.0,0.07999999922922925,91.796875,0.07999999889889893,-0.46468121618138686,0.0,0.08,0.07999999922922925,0.07999999922922925,0
50,17,0.1730579137802124,0.48331860163353335,0.0,0.07999999922922925,94.53125,0.07999999889889893,-1.0270497295963683,0.0,0.08,0.07999999922922925,0.07999999922922925,0
50,8,1.4114772081375122,0.48331860163353335,0.7,0.6399896064242636,29.296875,0.6399851520346624,1.0717160197910172,0.7,0.6399999999999999,0.6399896064242636,0.6399896064242636,0
51,17,0.12168852984905243,0.48070782087930247,0.0,0.07999999946046046,94.140625,0.07999999922922925,-1.3737948370047948,0.0,0.08,0.07999999946046046,0.07999999946046046,0
51,0,0.580043613910675,0.48070782087930247,0.18784364900913908,0.19692535630979213,66.66666666666667,0.18263268649656966,0.18784364900913908,0.18784364900913908,0.2302749192073113,0.19692535630979213,0.19692535630979213,0
51,12,0.4889746606349945,0.48070782087930247,0.017051024498832428,0.1352638836110196,80.46875,0.1531023396161426,0.017051024498832428,0.017051024498832428,0.09364081959906595,0.1352638836110196,0.1352638836110196,0
51,11,1.4494130611419678,0.48070782087930247,0.7,0.6399808089698419,33.59375,0.6399725842426314,1.1036543096048823,0.7,0.6399999999999999,0.6399808089698419,0.6399808089698419,0
51,3,0.4149683117866516,0.48070782087930247,0.0,0.09371909299744793,87.6923076923077,0.09959870428206848,-0.14705748106904679,0.0,0.08,0.09371909299744793,0.09371909299744793,0
51,8,1.539140224456787,0.48070782087930247,0.7,0.6399927244969845,25.78125,0.6399896064242636,1.1637195848503763,0.7,0.6399999999999999,0.6399927244969845,0.6399927244969845,0
51,10,0.3146001100540161,0.48070782087930247,0.0,0.08084860272970451,87.890625,0.08121228961386359,-0.42395729310946945,0.0,0.08,0.08084860272970451,0.08084860272970451,0
51,1,0.6857700347900391,0.48070782087930247,0.3552826945115477,0.2685793616916425,95.83333333333333,0.22758787858410143,0.3552826945115477,0.3552826945115477,0.3642261556092382,0.2685793616916425,0.2685793616916425,0
51,19,0.355608195066452,0.48070782087930247,0.0,0.07999999946046046,85.15625,0.07999999922922925,-0.30143008810330185,0.0,0.08,0.07999999946046046,0.07999999946046046,0
51,7,0.932188093662262,0.48070782087930247,0.6622749569428512,0.5898418812860785,56.640625,0.5812798451711346,0.6622749569428512,0.6622749569428512,0.609819965554281,0.5898418812860785,0.5898418812860785,0
51,15,1.1207679510116577,0.48070782087930247,0.7,0.6238941812588654,57.142857142857146,0.616991687512665,0.8465097434510503,0.7,0.6399999999999999,0.6238941812588654,0.6238941812588654,0
51,13,0.7082957625389099,0.48070782087930247,0.3876020989385175,0.4797734581161554,58.69565217391305,0.5182127919584446,0.3876020989385175,0.3876020989385175,0.39008167915081404,0.4797734581161554,0.4797734581161554,0
51,6,0.33500075340270996,0.48070782087930247,0.0,0.07999999946046046,87.109375,0.07999999922922925,-0.36112685470548744,0.0,0.08,0.07999999946046046,0.07999999946046046,0
51,2,0.3500668704509735,0.48070782087930247,0.0,0.08000165600416959,90.76923076923077,0.08000236572024227,-0.31713544211057193,0.0,0.08,0.08000165600416959,0.08000165600416959,0
51,9,0.2132972925901413,0.48070782087930247,0.0,0.07999999946046046,88.671875,0.07999999922922925,-0.812572686029338,0.0,0.08,0.07999999946046046,0.07999999946046046,0
51,14,0.3100058138370514,0.48070782087930247,0.0,0.07999999946046046,93.93939393939394,0.07999999922922925,-0.43866858146815685,0.0,0.08,0.07999999946046046,0.07999999946046046,0
51,5,0.41148945689201355,0.48070782087930247,0.0,0.07999999946046046,89.453125,0.07999999922922925,-0.155476242412732,0.0,0.08,0.07999999946046046,0.07999999946046046,0
51,4,0.35847461223602295,0.48070782087930247,0.0,0.07999999946046046,92.66055045871559,0.07999999922922925,-0.29340179654989956,0.0,0.08,0.07999999946046046,0.07999999946046046,0
51,16,0.5620134472846985,0.48070782087930247,0.15626612961142766,0.21844584391248062,82.27272727272727,0.22420281829391142,0.15626612961142766,0.15626612961142766,0.20501290368914216,0.21844584391248062,0.21844584391248062,0
51,18,0.29156479239463806,0.48070782087930247,0.0,0.07999999946046046,89.0625,0.07999999922922925,-0.49999737758679375,0.0,0.08,0.07999999946046046,0.07999999946046046,0
52,19,0.36166322231292725,0.47395992722530544,0.0,0.07999999962232232,87.890625,0.07999999946046046,-0.27040931614888214,0.0,0.08,0.07999999962232232,0.07999999962232232,0
52,1,0.43866071105003357,0.47395992722530544,0.0,0.2120055531841497,62.5,0.2685793616916425,-0.07739652821329977,0.0,0.08,0.2120055531841497,0.2120055531841497,0
52,7,0.9515233635902405,0.47395992722530544,0.6969414539255712,0.604155265842392,55.46875,0.5898418812860785,0.6969414539255712,0.6969414539255712,0.637553163140457,0.604155265842392,0.604155265842392,0
52,8,1.680768609046936,0.47395992722530544,0.7,0.6399949071478891,26.171875,0.6399927244969845,1.2658836816070762,0.7,0.6399999999999999,0.6399949071478891,0.6399949071478891,0
52,10,0.3369997441768646,0.47395992722530544,0.0,0.08059402191079315,87.5,0.08084860272970451,-0.3410405965946989,0.0,0.08,0.08059402191079315,0.08059402191079315,0
52,2,0.3535550534725189,0.47395992722530544,0.0,0.0800011592029187,90.76923076923077,0.08000165600416959,-0.29308355775323053,0.0,0.08,0.0800011592029187,0.0800011592029187,0
52,0,0.3636668622493744,0.47395992722530544,0.0,0.16184774941685448,100.0,0.19692535630979213,-0.26488453503115017,0.0,0.08,0.16184774941685448,0.16184774941685448,0
52,13,0.9062838554382324,0.47395992722530544,0.6482297767288298,0.5154165670962279,54.34782608695652,0.4797734581161554,0.6482297767288298,0.6482297767288298,0.5985838213830638,0.5154165670962279,0.5154165670962279,0
52,14,0.3572286069393158,0.47395992722530544,0.0,0.07999999962232232,89.8989898989899,0.07999999946046046,-0.28274683709620285,0.0,0.08,0.07999999962232232,0.07999999962232232,0
52,18,0.28179702162742615,0.47395992722530544,0.0,0.07999999962232232,91.796875,0.07999999946046046,-0.5199357317067156,0.0,0.08,0.07999999962232232,0.07999999962232232,0
52,15,0.8819131255149841,0.47395992722530544,0.6209707678447809,0.6097589111639532,57.142857142857146,0.6238941812588654,0.6209707678447809,0.6209707678447809,0.5767766142758247,0.6097589111639532,0.6097589111639532,0
52,16,0.533747673034668,0.47395992722530544,0.1188004261134687,0.20542419300596892,80.45454545454545,0.21844584391248062,0.1188004261134687,0.1188004261134687,0.17504034089077497,0.20542419300596892,0.20542419300596892,0
52,5,0.2651897668838501,0.47395992722530544,0.0,0.07999999962232232,92.96875,0.07999999946046046,-0.580677088636033,0.0,0.08,0.07999999962232232,0.07999999962232232,0
52,3,0.3928837776184082,0.47395992722530544,0.0,0.08960336509821354,88.71794871794872,0.09371909299744793,-0.18760893516718746,0.0,0.08,0.08960336509821354,0.08960336509821354,0
52,17,0.14286741614341736,0.47395992722530544,0.0,0.07999999962232232,92.1875,0.07999999946046046,-1.1992056871611958,0.0,0.08,0.07999999962232232,0.07999999962232232,0
52,11,1.5270302295684814,0.47395992722530544,0.7,0.6399865662788893,34.375,0.6399808089698419,1.169957310775015,0.7,0.6399999999999999,0.6399865662788893,0.6399865662788893,0
52,12,0.5145909786224365,0.47395992722530544,0.08224959077141249,0.13842462031285271,81.640625,0.1352638836110196,0.08224959077141249,0.08224959077141249,0.14579967261713,0.13842462031285271,0.13842462031285271,0
52,4,0.4177039563655853,0.47395992722530544,0.0,0.07999999962232232,90.8256880733945,0.07999999946046046,-0.12634983031524416,0.0,0.08,0.07999999962232232,0.07999999962232232,0
52,9,0.3154469430446625,0.47395992722530544,0.0,0.07999999962232232,89.0625,0.07999999946046046,-0.4071322658065279,0.0,0.08,0.07999999962232232,0.07999999962232232,0
52,6,0.3153097331523895,0.47395992722530544,0.0,0.07999999962232232,85.546875,0.07999999946046046,-0.4075673302149266,0.0,0.08,0.07999999962232232,0.07999999962232232,0
53,3,0.429468035697937,0.46439146649616403,0.0,0.08672235556874947,86.66666666666667,0.08960336509821354,-0.0781805560412869,0.0,0.08,0.08672235556874947,0.08672235556874947,0
53,11,1.484812617301941,0.46439146649616403,0.7,0.6399905963952225,30.078125,0.6399865662788893,1.1623159705175683,0.7,0.6399999999999999,0.6399905963952225,0.6399905963952225,0
53,6,0.3174612820148468,0.46439146649616403,0.0,0.07999999973562562,84.375,0.07999999962232232,-0.38037199987055614,0.0,0.08,0.07999999973562562,0.07999999973562562,0
53,7,0.8739850521087646,0.46439146649616403,0.6323353882435326,0.5986691792681222,59.375,0.604155265842392,0.6323353882435326,0.6323353882435326,0.5858683105948261,0.5986691792681222,0.5986691792681222,0
53,14,0.2986066937446594,0.46439146649616403,0.0,0.07999999973562562,91.91919191919192,0.07999999962232232,-0.4416005604191999,0.0,0.08,0.07999999973562562,0.07999999973562562,0
53,5,0.3964962959289551,0.46439146649616403,0.0,0.07999999973562562,87.890625,0.07999999962232232,-0.15806117152443125,0.0,0.08,0.07999999973562562,0.07999999973562562,0
53,8,1.4096965789794922,0.46439146649616403,0.7,0.6399964350035223,32.03125,0.6399949071478891,1.1104018792384394,0.7,0.6399999999999999,0.6399964350035223,0.6399964350035223,0
53,1,0.2807692587375641,0.46439146649616403,0.0,0.1724038872289048,79.16666666666667,0.2120055531841497,-0.5031946715125354,0.0,0.08,0.1724038872289048,0.1724038872289048,0
53,15,1.2305700778961182,0.46439146649616403,0.7,0.6188312378147672,64.28571428571429,0.6097589111639532,0.9745049312271584,0.7,0.6399999999999999,0.6188312378147672,0.6188312378147672,0
53,18,0.2530946731567383,0.46439146649616403,0.0,0.07999999973562562,90.625,0.07999999962232232,-0.6069642354144165,0.0,0.08,0.07999999973562562,0.07999999973562562,0
53,2,0.2681233286857605,0.46439146649616403,0.0,0.08000081144204309,95.38461538461539,0.0800011592029187,-0.5492808022379049,0.0,0.08,0.08000081144204309,0.08000081144204309,0
53,12,0.4798174500465393,0.46439146649616403,0.03267784414584278,0.12873991681399916,78.125,0.13842462031285271,0.03267784414584278,0.03267784414584278,0.10614227531667422,0.12873991681399916,0.12873991681399916,0
53,0,0.3307674825191498,0.46439146649616403,0.0,0.13729342459179814,100.0,0.16184774941685448,-0.3393122068255619,0.0,0.08,0.13729342459179814,0.13729342459179814,0
53,16,0.5699251294136047,0.46439146649616403,0.2047771219841795,0.21694344438038132,81.81818181818181,0.20542419300596892,0.2047771219841795,0.2047771219841795,0.24382169758734362,0.21694344438038132,0.21694344438038132,0
53,17,0.15319639444351196,0.46439146649616403,0.0,0.07999999973562562,96.09375,0.07999999962232232,-1.1090071085160034,0.0,0.08,0.07999999973562562,0.07999999973562562,0
53,19,0.3809559643268585,0.46439146649616403,0.0,0.07999999973562562,86.71875,0.07999999962232232,-0.1980440803551402,0.0,0.08,0.07999999973562562,0.07999999973562562,0
53,9,0.23944275081157684,0.46439146649616403,0.0,0.07999999973562562,91.40625,0.07999999962232232,-0.662413502093667,0.0,0.08,0.07999999973562562,0.07999999973562562,0
53,13,1.0793415307998657,0.46439146649616403,0.7,0.5527915969673595,60.869565217391305,0.5154165670962279,0.8433785538833511,0.7,0.6399999999999999,0.5527915969673595,0.5527915969673595,0
53,4,0.3474186956882477,0.46439146649616403,0.0,0.07999999973562562,90.8256880733945,0.07999999962232232,-0.29019719868617366,0.0,0.08,0.07999999973562562,0.07999999973562562,0
53,10,0.3315122723579407,0.46439146649616403,0.0,0.08041581533755521,90.625,0.08059402191079315,-0.3370630360641394,0.0,0.08,0.08041581533755521,0.08041581533755521,0
54,13,0.7592512369155884,0.45437105284730295,0.5134185629586656,0.5341745729872314,67.3913043478261,0.5527915969673595,0.5134185629586656,0.5134185629586656,0.49073485036693254,0.5341745729872314,0.5341745729872314,0
54,11,1.4752527475357056,0.45437105284730295,0.7,0.6399934174766557,32.03125,0.6399905963952225,1.1776704318695108,0.7,0.6399999999999999,0.6399934174766557,0.6399934174766557,0
54,18,0.29963770508766174,0.45437105284730295,0.0,0.07999999981493794,86.71875,0.07999999973562562,-0.41634005473942287,0.0,0.08,0.07999999981493794,0.07999999981493794,0
54,3,0.4834124743938446,0.45437105284730295,0.06195611088908309,0.09957511551150457,88.71794871794872,0.08672235556874947,0.06195611088908309,0.06195611088908309,0.12956488871126648,0.09957511551150457,0.09957511551150457,0
54,2,0.4057953655719757,0.45437105284730295,0.0,0.08000056800943016,86.15384615384616,0.08000081144204309,-0.11306515176867636,0.0,0.08,0.08000056800943016,0.08000056800943016,0
54,15,0.8237088918685913,0.45437105284730295,0.5949030097970985,0.5999585888216407,42.857142857142854,0.6188312378147672,0.5949030097970985,0.5949030097970985,0.5559224078376789,0.5999585888216407,0.5999585888216407,0
54,17,0.17113171517848969,0.45437105284730295,0.0,0.07999999981493794,94.140625,0.07999999973562562,-0.976480600627289,0.0,0.08,0.07999999981493794,0.07999999981493794,0
54,5,0.3162769675254822,0.45437105284730295,0.0,0.07999999981493794,90.234375,0.07999999973562562,-0.36229584243302326,0.0,0.08,0.07999999981493794,0.07999999981493794,0
54,12,0.5255091786384583,0.45437105284730295,0.14545349241481637,0.14902677994935531,84.375,0.12873991681399916,0.14545349241481637,0.14545349241481637,0.1963627939318531,0.14902677994935531,0.14902677994935531,0
54,1,0.6051317453384399,0.45437105284730295,0.2865320284747512,0.21345040789417363,91.66666666666667,0.1724038872289048,0.2865320284747512,0.2865320284747512,0.309225622779801,0.21345040789417363,0.21345040789417363,0
54,6,0.30958622694015503,0.45437105284730295,0.0,0.07999999981493794,87.5,0.07999999973562562,-0.38367749686515507,0.0,0.08,0.07999999981493794,0.07999999981493794,0
54,19,0.40486547350883484,0.45437105284730295,0.0,0.07999999981493794,88.671875,0.07999999973562562,-0.11535931081329395,0.0,0.08,0.07999999981493794,0.07999999981493794,0
54,16,0.4551345109939575,0.45437105284730295,0.001678842526173602,0.17626333327254856,84.0909090909091,0.21694344438038132,0.001678842526173602,0.001678842526173602,0.08134307402093888,0.17626333327254856,0.17626333327254856,0
54,14,0.24557407200336456,0.45437105284730295,0.0,0.07999999981493794,93.93939393939394,0.07999999973562562,-0.6153155218628222,0.0,0.08,0.07999999981493794,0.07999999981493794,0
54,8,1.3526890277862549,0.45437105284730295,0.7,0.6399975045024656,39.0625,0.6399964350035223,1.0909355868469424,0.7,0.6399999999999999,0.6399975045024656,0.6399975045024656,0
54,9,0.3038853704929352,0.45437105284730295,0.0,0.07999999981493794,89.84375,0.07999999973562562,-0.40226359080754714,0.0,0.08,0.07999999981493794,0.07999999981493794,0
54,4,0.3130844831466675,0.45437105284730295,0.0,0.07999999981493794,87.1559633027523,0.07999999973562562,-0.3724410829982069,0.0,0.08,0.07999999981493794,0.07999999981493794,0
54,0,0.3471149504184723,0.45437105284730295,0.0,0.1201053972142587,100.0,0.13729342459179814,-0.26925816014921367,0.0,0.08,0.1201053972142587,0.1201053972142587,0
54,10,0.36546310782432556,0.45437105284730295,0.0,0.08029107073628863,87.890625,0.08041581533755521,-0.21774881799211918,0.0,0.08,0.08029107073628863,0.08029107073628863,0
54,7,0.9889488220214844,0.45437105284730295,0.7,0.6110684254876855,63.671875,0.5986691792681222,0.7777284099328965,0.7,0.6399999999999999,0.6110684254876855,0.6110684254876855,0
55,13,0.9593310356140137,0.4494669895166132,0.7,0.565922201091062,76.08695652173913,0.5341745729872314,0.7581737788436109,0.7,0.6399999999999999,0.565922201091062,0.565922201091062,0
55,1,0.7470169067382812,0.4494669895166132,0.5080253958766292,0.29534138053631254,83.33333333333333,0.21345040789417363,0.5080253958766292,0.5080253958766292,0.4864203167013034,0.29534138053631254,0.29534138053631254,0
55,10,0.34422531723976135,0.4494669895166132,0.0,0.08020374951540205,87.109375,0.08029107073628863,-0.26676597124918716,0.0,0.08,0.08020374951540205,0.08020374951540205,0
55,12,0.5504541397094727,0.4494669895166132,0.2026812290104833,0.1769622409270647,81.640625,0.14902677994935531,0.2026812290104833,0.2026812290104833,0.24214498320838668,0.1769622409270647,0.1769622409270647,0
55,11,1.4110276699066162,0.4494669895166132,0.7,0.639995392233659,38.671875,0.6399934174766557,1.1440111336511645,0.7,0.6399999999999999,0.639995392233659,0.639995392233659,0
55,7,0.9796068668365479,0.4494669895166132,0.7,0.6197478978413797,61.328125,0.6110684254876855,0.7790889098630962,0.7,0.6399999999999999,0.6197478978413797,0.6197478978413797,0
55,5,0.29027849435806274,0.4494669895166132,0.0,0.07999999987045656,89.0625,0.07999999981493794,-0.4372216132503378,0.0,0.08,0.07999999987045656,0.07999999987045656,0
55,14,0.3875853717327118,0.4494669895166132,0.0,0.07999999987045656,90.9090909090909,0.07999999981493794,-0.14812627075824736,0.0,0.08,0.07999999987045656,0.07999999987045656,0
55,15,1.1926138401031494,0.4494669895166132,0.7,0.6119710121751484,35.714285714285715,0.5999585888216407,0.9758402547542154,0.7,0.6399999999999999,0.6119710121751484,0.6119710121751484,0
55,6,0.25985532999038696,0.4494669895166132,0.0,0.07999999987045656,89.84375,0.07999999981493794,-0.5479373437119586,0.0,0.08,0.07999999987045656,0.07999999987045656,0
55,0,0.46443700790405273,0.4494669895166132,0.03276352266024883,0.11593702348844079,100.0,0.1201053972142587,0.03276352266024883,0.03276352266024883,0.10621081812819907,0.11593702348844079,0.11593702348844079,0
55,4,0.4296850860118866,0.4494669895166132,0.0,0.07999999987045656,93.57798165137615,0.07999999981493794,-0.04500982969238439,0.0,0.08,0.07999999987045656,0.07999999987045656,0
55,18,0.2899012565612793,0.4494669895166132,0.0,0.07999999987045656,89.84375,0.07999999981493794,-0.4385220303584607,0.0,0.08,0.07999999987045656,0.07999999987045656,0
55,8,1.6591516733169556,0.4494669895166132,0.7,0.6399982531517259,24.609375,0.6399975045024656,1.305999281345972,0.7,0.6399999999999999,0.6399982531517259,0.6399982531517259,0
55,9,0.2848950922489166,0.4494669895166132,0.0,0.07999999987045656,93.359375,0.07999999981493794,-0.4559413850031518,0.0,0.08,0.07999999987045656,0.07999999987045656,0
55,3,0.4406014084815979,0.4494669895166132,0.0,0.09370258085805319,88.71794871794872,0.09957511551150457,-0.01992178144101199,0.0,0.08,0.09370258085805319,0.09370258085805319,0
55,2,0.16699190437793732,0.4494669895166132,0.0,0.0800003976066011,96.92307692307692,0.08000056800943016,-0.9901170408897114,0.0,0.08,0.0800003976066011,0.0800003976066011,0
55,19,0.3237161636352539,0.4494669895166132,0.0,0.07999999987045656,88.671875,0.07999999981493794,-0.32819531066064167,0.0,0.08,0.07999999987045656,0.07999999987045656,0
55,16,0.49046969413757324,0.4494669895166132,0.08730107659722733,0.16833659167411855,85.0,0.17626333327254856,0.08730107659722733,0.08730107659722733,0.14984086127778187,0.16833659167411855,0.16833659167411855,0
55,17,0.14825008809566498,0.4494669895166132,0.0,0.07999999987045656,92.578125,0.07999999981493794,-1.1091617356673096,0.0,0.08,0.07999999987045656,0.07999999987045656,0
56,7,0.8250254988670349,0.44803461528962607,0.6105437876742118,0.6043540375307765,62.5,0.6197478978413797,0.6105437876742118,0.6105437876742118,0.5684350301393695,0.6043540375307765,0.6043540375307765,0
56,14,0.267964631319046,0.44803461528962607,0.0,0.07999999990931958,90.9090909090909,0.07999999987045656,-0.5140154815913657,0.0,0.08,0.07999999990931958,0.07999999990931958,0
56,19,0.30106469988822937,0.44803461528962607,0.0,0.07999999990931958,90.234375,0.07999999987045656,-0.3975452933605794,0.0,0.08,0.07999999990931958,0.07999999990931958,0
56,18,0.207210972905159,0.44803461528962607,0.0,0.07999999990931958,90.625,0.07999999987045656,-0.7711330027417175,0.0,0.08,0.07999999990931958,0.07999999990931958,0
56,11,1.342874526977539,0.44803461528962607,0.7,0.6399967745635612,42.96875,0.639995392233659,1.0976972541659809,0.7,0.6399999999999999,0.6399967745635612,0.6399967745635612,0
56,10,0.39737075567245483,0.44803461528962607,0.0,0.08014262466078143,89.453125,0.08020374951540205,-0.12000075459430111,0.0,0.08,0.08014262466078143,0.08014262466078143,0
56,3,0.42775434255599976,0.44803461528962607,0.0,0.08959180660063723,92.3076923076923,0.09370258085805319,-0.04632142983378014,0.0,0.08,0.08959180660063723,0.08959180660063723,0
56,1,0.5304449200630188,0.44803461528962607,0.16884562703459746,0.27126191686372214,79.16666666666667,0.29534138053631254,0.16884562703459746,0.16884562703459746,0.215076501627678,0.27126191686372214,0.27126191686372214,0
56,17,0.17841295897960663,0.44803461528962607,0.0,0.07999999990931958,94.921875,0.07999999987045656,-0.9207696044435855,0.0,0.08,0.07999999990931958,0.07999999990931958,0
56,12,0.5668570399284363,0.44803461528962607,0.23523663739141537,0.20433036162288498,81.640625,0.1769622409270647,0.23523663739141537,0.23523663739141537,0.26818930991313233,0.20433036162288498,0.20433036162288498,0
56,15,0.7283725142478943,0.44803461528962607,0.4859421084286461,0.5690058145454788,64.28571428571429,0.6119710121751484,0.4859421084286461,0.4859421084286461,0.4687536867429169,0.5690058145454788,0.5690058145454788,0
56,9,0.2752029597759247,0.44803461528962607,0.0,0.07999999990931958,94.140625,0.07999999987045656,-0.48736162068339284,0.0,0.08,0.07999999990931958,0.07999999990931958,0
56,5,0.32293015718460083,0.44803461528962607,0.0,0.07999999990931958,90.234375,0.07999999987045656,-0.32743441884023833,0.0,0.08,0.07999999990931958,0.07999999990931958,0
56,13,1.0274765491485596,0.44803461528962607,0.7,0.5881455407637434,58.69565217391305,0.565922201091062,0.8299906146081465,0.7,0.6399999999999999,0.5881455407637434,0.5881455407637434,0
56,2,0.402736634016037,0.44803461528962607,0.0,0.08000027832462077,93.84615384615384,0.0800003976066011,-0.1065876584854321,0.0,0.08,0.08000027832462077,0.08000027832462077,0
56,16,0.4862634837627411,0.44803461528962607,0.0818801271951985,0.16148684469873062,84.0909090909091,0.16833659167411855,0.0818801271951985,0.0818801271951985,0.1455041017561588,0.16148684469873062,0.16148684469873062,0
56,0,0.12595531344413757,0.44803461528962607,0.0,0.10515591644190855,83.33333333333333,0.11593702348844079,-1.2689432497868678,0.0,0.08,0.10515591644190855,0.10515591644190855,0
56,8,1.5460755825042725,0.44803461528962607,0.7,0.639998777206208,32.421875,0.6399982531517259,1.2386046054703612,0.7,0.6399999999999999,0.639998777206208,0.639998777206208,0
56,6,0.2822321653366089,0.44803461528962607,0.0,0.07999999990931958,87.890625,0.07999999987045656,-0.46214046902605194,0.0,0.08,0.07999999990931958,0.07999999990931958,0
56,4,0.411916047334671,0.44803461528962607,0.0,0.07999999990931958,90.8256880733945,0.07999999987045656,-0.08405093376378384,0.0,0.08,0.07999999990931958,0.07999999990931958,0
57,18,0.2194063365459442,0.4439637878281989,0.0,0.07999999993652371,91.015625,0.07999999990931958,-0.7048175484347596,0.0,0.08,0.07999999993652371,0.07999999993652371,0
57,14,0.20238788425922394,0.4439637878281989,0.0,0.07999999993652371,89.8989898989899,0.07999999990931958,-0.7855568980326253,0.0,0.08,0.07999999993652371,0.07999999993652371,0
57,4,0.37179237604141235,0.4439637878281989,0.0,0.07999999993652371,89.90825688073394,0.07999999990931958,-0.1774074262479548,0.0,0.08,0.07999999993652371,0.07999999993652371,0
57,11,1.4337916374206543,0.4439637878281989,0.7,0.6399977421944928,26.5625,0.6399967745635612,1.1723346932325596,0.7,0.6399999999999999,0.6399977421944928,0.6399977421944928,0
57,15,1.0089788436889648,0.4439637878281989,0.7,0.5903040701818352,71.42857142857143,0.5690058145454788,0.8209510397572101,0.7,0.6399999999999999,0.5903040701818352,0.5903040701818352,0
57,1,0.3172275722026825,0.4439637878281989,0.0,0.21388334180460547,83.33333333333333,0.27126191686372214,-0.3361235814629213,0.0,0.08,0.21388334180460547,0.21388334180460547,0
57,19,0.36976009607315063,0.4439637878281989,0.0,0.07999999993652371,90.234375,0.07999999990931958,-0.18288858928867616,0.0,0.08,0.07999999993652371,0.07999999993652371,0
57,8,1.5887484550476074,0.4439637878281989,0.7,0.6399991440443455,33.203125,0.639998777206208,1.2749588336798165,0.7,0.6399999999999999,0.6399991440443455,0.6399991440443455,0
57,12,0.510361909866333,0.4439637878281989,0.1393770981499028,0.20048175669199614,80.859375,0.20433036162288498,0.1393770981499028,0.1393770981499028,0.19150167851992222,0.20048175669199614,0.20048175669199614,0
57,5,0.35184353590011597,0.4439637878281989,0.0,0.07999999993652371,89.453125,0.07999999990931958,-0.2325564177684506,0.0,0.08,0.07999999993652371,0.07999999993652371,0
57,7,1.1024210453033447,0.4439637878281989,0.7,0.6150478262715435,58.59375,0.6043540375307765,0.90952097690522,0.7,0.6399999999999999,0.6150478262715435,0.6150478262715435,0
57,3,0.4529501497745514,0.4439637878281989,0.020039074172398058,0.0915236424218216,88.2051282051282,0.08959180660063723,0.020039074172398058,0.020039074172398058,0.09603125933791845,0.0915236424218216,0.0915236424218216,0
57,0,0.14426833391189575,0.4439637878281989,0.0,0.09760914150933597,100.0,0.10515591644190855,-1.1240679578817228,0.0,0.08,0.09760914150933597,0.09760914150933597,0
57,13,1.1396591663360596,0.4439637878281989,0.7,0.6037018785346203,58.69565217391305,0.5881455407637434,0.9427415058774234,0.7,0.6399999999999999,0.6037018785346203,0.6037018785346203,0
57,17,0.1531279981136322,0.4439637878281989,0.0,0.07999999993652371,91.796875,0.07999999990931958,-1.0644687967552195,0.0,0.08,0.07999999993652371,0.07999999993652371,0
57,6,0.3068598508834839,0.4439637878281989,0.0,0.07999999993652371,83.203125,0.07999999990931958,-0.36935185852302027,0.0,0.08,0.07999999993652371,0.07999999993652371,0
57,10,0.3626498579978943,0.4439637878281989,0.0,0.08009983726254699,88.671875,0.08014262466078143,-0.20230520486874143,0.0,0.08,0.08009983726254699,0.08009983726254699,0
57,9,0.31273123621940613,0.4439637878281989,0.0,0.07999999993652371,96.09375,0.07999999990931958,-0.3503988392624731,0.0,0.08,0.07999999993652371,0.07999999993652371,0
57,16,0.4185107350349426,0.4439637878281989,0.0,0.13704079128911142,81.36363636363636,0.16148684469873062,-0.059040457971681004,0.0,0.08,0.13704079128911142,0.13704079128911142,0
57,2,0.4110617935657501,0.4439637878281989,0.0,0.08000019482723453,95.38461538461539,0.08000027832462077,-0.07699944585442754,0.0,0.08,0.08000019482723453,0.08000019482723453,0
58,9,0.31807398796081543,0.43664503265110716,0.0,0.07999999995556659,94.140625,0.07999999993652371,-0.3168365519543958,0.0,0.08,0.07999999995556659,0.07999999995556659,0
58,5,0.28715282678604126,0.43664503265110716,0.0,0.07999999995556659,87.5,0.07999999993652371,-0.4191059992844493,0.0,0.08,0.07999999995556659,0.07999999995556659,0
58,16,0.5297063589096069,0.43664503265110716,0.19320222644001736,0.16629708824798217,85.45454545454545,0.13704079128911142,0.19320222644001736,0.19320222644001736,0.23456178115201393,0.16629708824798217,0.16629708824798217,0
58,0,0.07573722302913666,0.43664503265110716,0.0,0.09232639905653517,83.33333333333333,0.09760914150933597,-1.7518507163391932,0.0,0.08,0.09232639905653517,0.09232639905653517,0
58,1,0.774290144443512,0.43664503265110716,0.5728260742284969,0.311196597078063,79.16666666666667,0.21388334180460547,0.5728260742284969,0.5728260742284969,0.5382608593827974,0.311196597078063,0.311196597078063,0
58,13,0.837337851524353,0.43664503265110716,0.6511070411222175,0.6028570048435664,65.21739130434783,0.6037018785346203,0.6511070411222175,0.6511070411222175,0.600885632897774,0.6028570048435664,0.6028570048435664,0
58,18,0.24587035179138184,0.43664503265110716,0.0,0.07999999995556659,90.625,0.07999999993652371,-0.5743161932152769,0.0,0.08,0.07999999995556659,0.07999999995556659,0
58,3,0.5999027490615845,0.43664503265110716,0.3176469681963988,0.16430182206241084,90.25641025641026,0.0915236424218216,0.3176469681963988,0.3176469681963988,0.3341175745571191,0.16430182206241084,0.16430182206241084,0
58,6,0.279523640871048,0.43664503265110716,0.0,0.07999999995556659,83.203125,0.07999999993652371,-0.44603369813830385,0.0,0.08,0.07999999995556659,0.07999999995556659,0
58,11,1.2916916608810425,0.43664503265110716,0.7,0.6399984195361449,37.5,0.6399977421944928,1.0845874053788438,0.7,0.6399999999999999,0.6399984195361449,0.6399984195361449,0
58,17,0.15056657791137695,0.43664503265110716,0.0,0.07999999995556659,94.53125,0.07999999993652371,-1.0647151747215315,0.0,0.08,0.07999999995556659,0.07999999995556659,0
58,14,0.2899990379810333,0.43664503265110716,0.0,0.07999999995556659,92.92929292929293,0.07999999993652371,-0.4092429655034722,0.0,0.08,0.07999999995556659,0.07999999995556659,0
58,7,0.8314491510391235,0.43664503265110716,0.6440495498453666,0.6091053703529684,66.015625,0.6150478262715435,0.6440495498453666,0.6440495498453666,0.5952396398762932,0.6091053703529684,0.6091053703529684,0
58,10,0.4354481101036072,0.43664503265110716,0.0,0.08006988608378289,90.625,0.08009983726254699,-0.002744943660052084,0.0,0.08,0.08006988608378289,0.08006988608378289,0
58,8,1.468137264251709,0.43664503265110716,0.7,0.6399994008310418,32.03125,0.6399991440443455,1.2126291102186393,0.7,0.6399999999999999,0.6399994008310418,0.6399994008310418,0
58,4,0.3726387023925781,0.43664503265110716,0.0,0.07999999995556659,88.07339449541284,0.07999999993652371,-0.1585112548900782,0.0,0.08,0.07999999995556659,0.07999999995556659,0
58,15,1.0664985179901123,0.43664503265110716,0.7,0.6052128491272846,57.142857142857146,0.5903040701818352,0.8930155520309425,0.7,0.6399999999999999,0.6052128491272846,0.6052128491272846,0
58,2,0.3674218952655792,0.43664503265110716,0.0,0.08000013637906417,90.76923076923077,0.08000019482723453,-0.17260981226227845,0.0,0.08,0.08000013637906417,0.08000013637906417,0
58,19,0.3651965260505676,0.43664503265110716,0.0,0.07999999995556659,87.5,0.07999999993652371,-0.1786849420538666,0.0,0.08,0.07999999995556659,0.07999999995556659,0
58,12,0.5774984955787659,0.43664503265110716,0.27958524899562337,0.23143768944334692,76.171875,0.20048175669199614,0.27958524899562337,0.27958524899562337,0.30366819919649873,0.23143768944334692,0.23143768944334692,0
59,16,0.39978963136672974,0.43338487001080567,0.0,0.14040796177358753,83.63636363636364,0.16629708824798217,-0.08068768938546059,0.0,0.08,0.14040796177358753,0.14040796177358753,0
59,7,0.8862462639808655,0.43338487001080567,0.7,0.6183737592470778,58.59375,0.6091053703529684,0.7153686720064396,0.7,0.6399999999999999,0.6183737592470778,0.6183737592470778,0
59,19,0.33336180448532104,0.43338487001080567,0.0,0.0799999999688966,89.0625,0.07999999995556659,-0.2623977714582513,0.0,0.08,0.0799999999688966,0.0799999999688966,0
59,2,0.4311838150024414,0.43338487001080567,0.0,0.08000009546534492,93.84615384615384,0.08000013637906417,-0.00509169427683298,0.0,0.08,0.08000009546534492,0.08000009546534492,0
59,17,0.14051257073879242,0.43338487001080567,0.0,0.0799999999688966,94.140625,0.07999999995556659,-1.1263291741882018,0.0,0.08,0.0799999999688966,0.0799999999688966,0
59,6,0.2420869767665863,0.43338487001080567,0.0,0.0799999999688966,90.234375,0.07999999995556659,-0.5823290905592441,0.0,0.08,0.0799999999688966,0.0799999999688966,0
59,12,0.48095786571502686,0.43338487001080567,0.1041534882165244,0.21100321978230868,84.765625,0.23143768944334692,0.1041534882165244,0.1041534882165244,0.16332279057321952,0.21100321978230868,0.21100321978230868,0
59,18,0.2638799548149109,0.43338487001080567,0.0,0.0799999999688966,90.234375,0.07999999995556659,-0.49613188056095714,0.0,0.08,0.0799999999688966,0.0799999999688966,0
59,10,0.38216423988342285,0.43338487001080567,0.0,0.08004892025864802,89.0625,0.08006988608378289,-0.1257757118668924,0.0,0.08,0.08004892025864802,0.08004892025864802,0
59,0,0.15998311340808868,0.43338487001080567,0.0,0.08862847933957463,100.0,0.09232639905653517,-0.9965578706070458,0.0,0.08,0.08862847933957463,0.08862847933957463,0
59,9,0.40307000279426575,0.43338487001080567,0.0,0.0799999999688966,94.53125,0.07999999995556659,-0.07251592570258385,0.0,0.08,0.0799999999688966,0.0799999999688966,0
59,13,0.8123718500137329,0.43338487001080567,0.6283319894357577,0.5967995808550783,65.21739130434783,0.6028570048435664,0.6283319894357577,0.6283319894357577,0.5826655915486062,0.5967995808550783,0.5967995808550783,0
59,3,0.5266954302787781,0.43338487001080567,0.19499626772311104,0.18581037969723424,88.2051282051282,0.16430182206241084,0.19499626772311104,0.19499626772311104,0.23599701417848884,0.18581037969723424,0.18581037969723424,0
59,4,0.4310535192489624,0.43338487001080567,0.0,0.0799999999688966,88.9908256880734,0.07999999995556659,-0.005393921392901079,0.0,0.08,0.0799999999688966,0.0799999999688966,0
59,8,1.4542646408081055,0.43338487001080567,0.7,0.6399995805817292,30.859375,0.6399994008310418,1.2106294556389166,0.7,0.6399999999999999,0.6399995805817292,0.6399995805817292,0
59,1,0.4601001739501953,0.43338487001080567,0.05981805538800016,0.2561939512477641,70.83333333333333,0.311196597078063,0.05981805538800016,0.05981805538800016,0.12785444431040013,0.2561939512477641,0.2561939512477641,0
59,5,0.3205903172492981,0.43338487001080567,0.0,0.0799999999688966,88.28125,0.07999999995556659,-0.3014621326335911,0.0,0.08,0.0799999999688966,0.0799999999688966,0
59,14,0.37569576501846313,0.43338487001080567,0.0,0.0799999999688966,93.93939393939394,0.07999999995556659,-0.14284649468706428,0.0,0.08,0.0799999999688966,0.0799999999688966,0
59,11,1.3750489950180054,0.43338487001080567,0.7,0.6399988936753014,39.84375,0.6399984195361449,1.1546184479005186,0.7,0.6399999999999999,0.6399988936753014,0.6399988936753014,0
59,15,1.2525173425674438,0.43338487001080567,0.7,0.6156489943890991,50.0,0.6052128491272846,1.0612844856301562,0.7,0.6399999999999999,0.6156489943890991,0.6156489943890991,0
60,15,1.2388794422149658,0.4317525591118865,0.7,0.6229542960723694,50.0,0.6156489943890991,1.0541099150059254,0.7,0.6399999999999999,0.6229542960723694,0.6229542960723694,0
60,10,0.3278065025806427,0.4317525591118865,0.0,0.08003424418105361,91.796875,0.08004892025864802,-0.2754291338153776,0.0,0.08,0.08003424418105361,0.08003424418105361,0
60,3,0.523565411567688,0.4317525591118865,0.19280932459743597,0.2003415036914486,85.64102564102564,0.18581037969723424,0.19280932459743597,0.19280932459743597,0.2342474596779488,0.2003415036914486,0.2003415036914486,0
60,16,0.5866445302963257,0.4317525591118865,0.3065664157779597,0.19586151302822158,84.0909090909091,0.14040796177358753,0.3065664157779597,0.3065664157779597,0.32525313262236777,0.19586151302822158,0.19586151302822158,0
60,14,0.24388337135314941,0.4317525591118865,0.0,0.07999999997822763,96.96969696969697,0.0799999999688966,-0.5711625017039182,0.0,0.08,0.07999999997822763,0.07999999997822763,0
60,12,0.4920165538787842,0.4317525591118865,0.13065971487500594,0.20306058541761748,79.6875,0.21100321978230868,0.13065971487500594,0.13065971487500594,0.18452777190000474,0.20306058541761748,0.20306058541761748,0
60,17,0.15510739386081696,0.4317525591118865,0.0,0.07999999997822763,93.359375,0.0799999999688966,-1.0237348623811988,0.0,0.08,0.07999999997822763,0.07999999997822763,0
60,2,0.31927669048309326,0.4317525591118865,0.0,0.08000006682574144,89.23076923076923,0.08000009546534492,-0.30179454102619324,0.0,0.08,0.08000006682574144,0.08000006682574144,0
60,6,0.22295422852039337,0.4317525591118865,0.0,0.07999999997822763,90.625,0.0799999999688966,-0.660886125497635,0.0,0.08,0.07999999997822763,0.07999999997822763,0
60,7,0.9901065230369568,0.4317525591118865,0.7,0.6248616314729545,61.71875,0.6183737592470778,0.8299598789965339,0.7,0.6399999999999999,0.6248616314729545,0.6248616314729545,0
60,9,0.24526135623455048,0.4317525591118865,0.0,0.07999999997822763,93.359375,0.0799999999688966,-0.565528224596587,0.0,0.08,0.07999999997822763,0.07999999997822763,0
60,4,0.3999098241329193,0.4317525591118865,0.0,0.07999999997822763,91.74311926605505,0.0799999999688966,-0.0766135604403186,0.0,0.08,0.07999999997822763,0.07999999997822763,0
60,11,1.2785630226135254,0.4317525591118865,0.7,0.6399992255727109,46.484375,0.6399988936753014,1.0856394280501471,0.7,0.6399999999999999,0.6399992255727109,0.6399992255727109,0
60,1,0.26091137528419495,0.4317525591118865,0.0,0.20333576587343485,79.16666666666667,0.2561939512477641,-0.5036718377820871,0.0,0.08,0.20333576587343485,0.20333576587343485,0
60,5,0.36671701073646545,0.4317525591118865,0.0,0.07999999997822763,89.0625,0.0799999999688966,-0.16326217750007493,0.0,0.08,0.07999999997822763,0.07999999997822763,0
60,19,0.3837692141532898,0.4317525591118865,0.0,0.07999999997822763,88.671875,0.0799999999688966,-0.1178112743107667,0.0,0.08,0.07999999997822763,0.07999999997822763,0
60,13,0.9729651808738708,0.4317525591118865,0.7,0.6097597065985548,71.73913043478261,0.5967995808550783,0.8124956390226206,0.7,0.6399999999999999,0.6097597065985548,0.6097597065985548,0
60,18,0.25707072019577026,0.4317525591118865,0.0,0.07999999997822763,91.40625,0.0799999999688966,-0.5185014056707777,0.0,0.08,0.07999999997822763,0.07999999997822763,0
60,8,1.4970980882644653,0.4317525591118865,0.7,0.6399997064072104,32.8125,0.6399995805817292,1.2434312447045264,0.7,0.6399999999999999,0.6399997064072104,0.6399997064072104,0
60,0,0.8016061782836914,0.4317525591118865,0.6187647827446926,0.23454348339642844,100.0,0.08862847933957463,0.6187647827446926,0.6187647827446926,0.5750118261957541,0.23454348339642844,0.23454348339642844,0
61,14,0.2997526228427887,0.4277612551150083,0.0,0.07999999998475933,92.92929292929293,0.07999999997822763,-0.35560767083949085,0.0,0.08,0.07999999998475933,0.07999999998475933,0
61,11,1.1974928379058838,0.4277612551150083,0.7,0.6399994579008976,45.3125,0.6399992255727109,1.0294201085753312,0.7,0.6399999999999999,0.6399994579008976,0.6399994579008976,0
61,9,0.28741228580474854,0.4277612551150083,0.0,0.07999999998475933,89.84375,0.07999999997822763,-0.39764749254343384,0.0,0.08,0.07999999998475933,0.07999999998475933,0
61,8,1.4875173568725586,0.4277612551150083,0.7,0.6399997944850472,37.890625,0.6399997064072104,1.246298564389352,0.7,0.6399999999999999,0.6399997944850472,0.6399997944850472,0
61,0,0.3147250711917877,0.4277612551150083,0.0,0.1881804383774999,100.0,0.23454348339642844,-0.30686574854150617,0.0,0.08,0.1881804383774999,0.1881804383774999,0
61,12,0.4246985614299774,0.4277612551150083,0.0,0.16614240979233222,83.203125,0.20306058541761748,-0.0071855745727698195,0.0,0.08,0.16614240979233222,0.16614240979233222,0
61,16,0.5168635845184326,0.4277612551150083,0.18921375113583044,0.2065143593923544,84.0909090909091,0.19586151302822158,0.18921375113583044,0.18921375113583044,0.23137100090866436,0.2065143593923544,0.2065143593923544,0
61,1,0.4129505455493927,0.4277612551150083,0.0,0.16633503611140438,91.66666666666667,0.20333576587343485,-0.03523738259611367,0.0,0.08,0.16633503611140438,0.16633503611140438,0
61,13,0.8497545123100281,0.4277612551150083,0.6863822623213557,0.6155635375761137,78.26086956521739,0.6097597065985548,0.6863822623213557,0.6863822623213557,0.6291058098570845,0.6155635375761137,0.6155635375761137,0
61,5,0.4368533790111542,0.4277612551150083,0.021032396380430005,0.08504777511606253,85.9375,0.07999999997822763,0.021032396380430005,0.021032396380430005,0.096825917104344,0.08504777511606253,0.08504777511606253,0
61,2,0.3177160918712616,0.4277612551150083,0.0,0.080000046778019,89.23076923076923,0.08000006682574144,-0.2974070255504823,0.0,0.08,0.080000046778019,0.080000046778019,0
61,7,1.006377100944519,0.4277612551150083,0.7,0.6294031420310681,60.546875,0.6248616314729545,0.8555468940197185,0.7,0.6399999999999999,0.6294031420310681,0.6294031420310681,0
61,17,0.1518133580684662,0.4277612551150083,0.0,0.07999999998475933,95.3125,0.07999999997822763,-1.0359133233944349,0.0,0.08,0.07999999998475933,0.07999999998475933,0
61,19,0.4441211521625519,0.4277612551150083,0.03753216478790857,0.08900771953385739,85.15625,0.07999999997822763,0.03753216478790857,0.03753216478790857,0.11002573183032686,0.08900771953385739,0.08900771953385739,0
61,3,0.5050086379051208,0.4277612551150083,0.1660103055226111,0.20408152590944068,88.2051282051282,0.2003415036914486,0.1660103055226111,0.1660103055226111,0.21280824441808888,0.20408152590944068,0.20408152590944068,0
61,15,1.040574312210083,0.4277612551150083,0.7,0.6280680072506586,64.28571428571429,0.6229542960723694,0.8889628244345366,0.7,0.6399999999999999,0.6280680072506586,0.6280680072506586,0
61,10,0.3883252739906311,0.4277612551150083,0.0,0.08002397092673752,91.015625,0.08003424418105361,-0.0967218989749776,0.0,0.08,0.08002397092673752,0.08002397092673752,0
61,4,0.5148600339889526,0.4277612551150083,0.18532985631502816,0.12447916550036608,89.90825688073394,0.07999999997822763,0.18532985631502816,0.18532985631502816,0.22826388505202255,0.12447916550036608,0.12447916550036608,0
61,18,0.2749059200286865,0.4277612551150083,0.0,0.07999999998475933,89.84375,0.07999999997822763,-0.4421362816472931,0.0,0.08,0.07999999998475933,0.07999999998475933,0
61,6,0.27009692788124084,0.4277612551150083,0.0,0.07999999998475933,89.84375,0.07999999997822763,-0.45978432441812234,0.0,0.08,0.07999999998475933,0.07999999998475933,0
62,5,0.48912766575813293,0.428062726625564,0.13335378527452957,0.11553835104713087,87.890625,0.08504777511606253,0.13335378527452957,0.13335378527452957,0.18668302821962368,0.11553835104713087,0.11553835104713087,0
62,8,1.5760706663131714,0.428062726625564,0.7,0.6399998561395329,30.078125,0.6399997944850472,1.3034203490479617,0.7,0.6399999999999999,0.6399998561395329,0.6399998561395329,0
62,4,0.2811095416545868,0.428062726625564,0.0,0.11113541585025624,88.9908256880734,0.12447916550036608,-0.42052530884455935,0.0,0.08,0.11113541585025624,0.11113541585025624,0
62,13,0.7178564667701721,0.428062726625564,0.5169998902484688,0.5789744499629121,73.91304347826087,0.6155635375761137,0.5169998902484688,0.5169998902484688,0.4935999121987751,0.5789744499629121,0.5789744499629121,0
62,3,0.4528074860572815,0.428062726625564,0.05619731590804884,0.18034442395454017,90.25641025641026,0.20408152590944068,0.05619731590804884,0.05619731590804884,0.12495785272643908,0.18034442395454017,0.18034442395454017,0
62,12,0.4400613605976105,0.428062726625564,0.027644430076283127,0.1469343500729405,76.953125,0.16614240979233222,0.027644430076283127,0.027644430076283127,0.1021155440610265,0.1469343500729405,0.1469343500729405,0
62,15,1.4374206066131592,0.428062726625564,0.7,0.6316476050754609,35.714285714285715,0.6280680072506586,1.211335782180302,0.7,0.6399999999999999,0.6316476050754609,0.6316476050754609,0
62,2,0.42939403653144836,0.428062726625564,0.0031052549861640445,0.08074529394129266,95.38461538461539,0.080000046778019,0.0031052549861640445,0.0031052549861640445,0.08248420398893123,0.08074529394129266,0.08074529394129266,0
62,10,0.316436767578125,0.428062726625564,0.0,0.08001677964871626,87.109375,0.08002397092673752,-0.3021462989975913,0.0,0.08,0.08001677964871626,0.08001677964871626,0
62,7,1.0196279287338257,0.428062726625564,0.7,0.6325821994217475,64.84375,0.6294031420310681,0.8679233080470898,0.7,0.6399999999999999,0.6325821994217475,0.6325821994217475,0
62,17,0.1674114167690277,0.428062726625564,0.0,0.07999999998933152,95.3125,0.07999999998475933,-0.9388153497459851,0.0,0.08,0.07999999998933152,0.07999999998933152,0
62,16,0.5085126161575317,0.428062726625564,0.17222027964126946,0.20989291868855275,83.63636363636364,0.2065143593923544,0.17222027964126946,0.17222027964126946,0.21777622371301558,0.20989291868855275,0.20989291868855275,0
62,11,1.3889355659484863,0.428062726625564,0.7,0.6399996205306283,35.546875,0.6399994579008976,1.1770231943314058,0.7,0.6399999999999999,0.6399996205306283,0.6399996205306283,0
62,14,0.2246115505695343,0.428062726625564,0.0,0.07999999998933152,89.8989898989899,0.07999999998475933,-0.644897252946513,0.0,0.08,0.07999999998933152,0.07999999998933152,0
62,9,0.2533363401889801,0.428062726625564,0.0,0.07999999998933152,91.40625,0.07999999998475933,-0.5245517125586461,0.0,0.08,0.07999999998933152,0.07999999998933152,0
62,1,0.6040207743644714,0.428062726625564,0.3443388428015027,0.2230758475503437,87.5,0.16633503611140438,0.3443388428015027,0.3443388428015027,0.35547107424120217,0.2230758475503437,0.2230758475503437,0
62,6,0.2931947708129883,0.428062726625564,0.0,0.07999999998933152,85.546875,0.07999999998475933,-0.3784325966609115,0.0,0.08,0.07999999998933152,0.07999999998933152,0
62,18,0.2172303944826126,0.428062726625564,0.0,0.07999999998933152,91.796875,0.07999999998475933,-0.678311203671988,0.0,0.08,0.07999999998933152,0.07999999998933152,0
62,19,0.3613382875919342,0.428062726625564,0.0,0.08630540367370017,85.9375,0.08900771953385739,-0.16945513378054516,0.0,0.08,0.08630540367370017,0.08630540367370017,0
62,0,0.39833059906959534,0.428062726625564,0.0,0.1557263068642499,100.0,0.1881804383774999,-0.07198742922243004,0.0,0.08,0.1557263068642499,0.1557263068642499,0
63,8,1.5840089321136475,0.42872922381946055,0.7,0.639999899297673,33.203125,0.6399998561395329,1.3068886545653553,0.7,0.6399999999999999,0.639999899297673,0.639999899297673,0
63,14,0.2865455448627472,0.42872922381946055,0.0,0.07999999999253206,93.93939393939394,0.07999999998933152,-0.40292803479543615,0.0,0.08,0.07999999999253206,0.07999999999253206,0
63,15,1.3520538806915283,0.42872922381946055,0.7,0.6341533235528226,42.857142857142854,0.6316476050754609,1.1485545527206138,0.7,0.6399999999999999,0.6341533235528226,0.6341533235528226,0
63,18,0.2235599011182785,0.42872922381946055,0.0,0.07999999999253206,87.890625,0.07999999998933152,-0.6511461262397796,0.0,0.08,0.07999999999253206,0.07999999999253206,0
63,4,0.35119763016700745,0.42872922381946055,0.0,0.10179479109517936,91.74311926605505,0.11113541585025624,-0.1994764206706959,0.0,0.08,0.10179479109517936,0.10179479109517936,0
63,1,0.48500943183898926,0.42872922381946055,0.12334279539039726,0.20975536417893592,100.0,0.2230758475503437,0.12334279539039726,0.12334279539039726,0.17867423631231782,0.20975536417893592,0.20975536417893592,0
63,2,0.5494158267974854,0.42872922381946055,0.24803003580225527,0.14004891435144612,84.61538461538461,0.08074529394129266,0.24803003580225527,0.24803003580225527,0.2784240286418042,0.14004891435144612,0.14004891435144612,0
63,19,0.33111444115638733,0.42872922381946055,0.0,0.08441378257159012,89.0625,0.08630540367370017,-0.25836147356943295,0.0,0.08,0.08441378257159012,0.08441378257159012,0
63,7,0.9371337294578552,0.42872922381946055,0.7,0.6348075395952232,60.9375,0.6325821994217475,0.7820004405315987,0.7,0.6399999999999999,0.6348075395952232,0.6348075395952232,0
63,17,0.07822240889072418,0.42872922381946055,0.0,0.07999999999253206,95.703125,0.07999999998933152,-1.7012692700201784,0.0,0.08,0.07999999999253206,0.07999999999253206,0
63,10,0.32188624143600464,0.42872922381946055,0.0,0.08001174575410137,89.453125,0.08001677964871626,-0.28662733634210774,0.0,0.08,0.08001174575410137,0.08001174575410137,0
63,5,0.3109114170074463,0.42872922381946055,0.0,0.10487684573299161,87.5,0.11553835104713087,-0.3213174920701565,0.0,0.08,0.10487684573299161,0.10487684573299161,0
63,0,0.18697933852672577,0.42872922381946055,0.0,0.13300841480497494,83.33333333333333,0.1557263068642499,-0.82982738799669,0.0,0.08,0.13300841480497494,0.13300841480497494,0
63,6,0.3582523465156555,0.42872922381946055,0.0,0.07999999999253206,89.0625,0.07999999998933152,-0.17958791852770875,0.0,0.08,0.07999999999253206,0.07999999999253206,0
63,9,0.24091559648513794,0.42872922381946055,0.0,0.07999999999253206,94.140625,0.07999999998933152,-0.5763788714633171,0.0,0.08,0.07999999999253206,0.07999999999253206,0
63,3,0.39612480998039246,0.42872922381946055,0.0,0.1502410967681781,88.2051282051282,0.18034442395454017,-0.07909619950738513,0.0,0.08,0.1502410967681781,0.1502410967681781,0
63,11,1.3526818752288818,0.42872922381946055,0.7,0.6399997343714398,33.59375,0.6399996205306283,1.1490189193727869,0.7,0.6399999999999999,0.6399997343714398,0.6399997343714398,0
63,13,0.9783624410629272,0.42872922381946055,0.7,0.5972821149740385,56.52173913043478,0.5789744499629121,0.8250546426699571,0.7,0.6399999999999999,0.5972821149740385,0.5972821149740385,0
63,16,0.5171390771865845,0.42872922381946055,0.1874863027003898,0.2159217557300805,85.45454545454545,0.20989291868855275,0.1874863027003898,0.1874863027003898,0.22998904216031185,0.2159217557300805,0.2159217557300805,0
63,12,0.515080451965332,0.42872922381946055,0.18349756221907323,0.17089345998363592,78.90625,0.1469343500729405,0.18349756221907323,0.18349756221907323,0.22679804977525858,0.17089345998363592,0.17089345998363592,0
64,14,0.29300257563591003,0.42357515926231687,0.0,0.07999999999477245,90.9090909090909,0.07999999999253206,-0.3685495599741456,0.0,0.08,0.07999999999477245,0.07999999999477245,0
64,15,0.28596314787864685,0.42357515926231687,0.0,0.4679073264869758,35.714285714285715,0.6341533235528226,-0.39286800973232083,0.0,0.08,0.4679073264869758,0.4679073264869758,0
64,6,0.3544227182865143,0.42357515926231687,0.0,0.07999999999477245,84.765625,0.07999999999253206,-0.17824064523968325,0.0,0.08,0.07999999999477245,0.07999999999477245,0
64,3,0.48986175656318665,0.42357515926231687,0.14539224860149208,0.16406290740208274,92.82051282051282,0.1502410967681781,0.14539224860149208,0.14539224860149208,0.19631379888119366,0.16406290740208274,0.16406290740208274,0
64,11,1.392533540725708,0.42357515926231687,0.7,0.6399998140600077,43.75,0.6399997343714398,1.1901490717413978,0.7,0.6399999999999999,0.6399998140600077,0.6399998140600077,0
64,10,0.3679754137992859,0.42357515926231687,0.0,0.08000822202787096,89.453125,0.08001174575410137,-0.1407148408634918,0.0,0.08,0.08000822202787096,0.08000822202787096,0
64,5,0.31523725390434265,0.42357515926231687,0.0,0.09741379201309411,87.890625,0.10487684573299161,-0.2954054196055114,0.0,0.08,0.09741379201309411,0.09741379201309411,0
64,18,0.18344533443450928,0.42357515926231687,0.0,0.07999999999477245,89.84375,0.07999999999253206,-0.8368142210129947,0.0,0.08,0.07999999999477245,0.07999999999477245,0
64,0,0.7652919888496399,0.42357515926231687,0.5915264651928983,0.259072242009778,100.0,0.13300841480497494,0.5915264651928983,0.5915264651928983,0.5532211721543187,0.259072242009778,0.259072242009778,0
64,7,0.9559540748596191,0.42357515926231687,0.7,0.6363652777166562,58.59375,0.6348075395952232,0.8139788898602673,0.7,0.6399999999999999,0.6363652777166562,0.6363652777166562,0
64,17,0.1477552056312561,0.42357515926231687,0.0,0.07999999999477245,95.703125,0.07999999999253206,-1.0531740376042984,0.0,0.08,0.07999999999477245,0.07999999999477245,0
64,4,0.4000471234321594,0.42357515926231687,0.0,0.09525635376662556,90.8256880733945,0.10179479109517936,-0.05714861990166469,0.0,0.08,0.09525635376662556,0.09525635376662556,0
64,13,0.9002310633659363,0.42357515926231687,0.7,0.6100974804818269,73.91304347826087,0.5972821149740385,0.7539204849062957,0.7,0.6399999999999999,0.6100974804818269,0.6100974804818269,0
64,12,0.4621223211288452,0.42357515926231687,0.08709864837707197,0.1645290975990424,78.125,0.17089345998363592,0.08709864837707197,0.08709864837707197,0.1496789187016576,0.1645290975990424,0.1645290975990424,0
64,16,0.5493631958961487,0.42357515926231687,0.26002880633989195,0.2375521425326304,85.0,0.2159217557300805,0.26002880633989195,0.26002880633989195,0.28802304507191356,0.2375521425326304,0.2375521425326304,0
64,1,0.1967438906431198,0.42357515926231687,0.0,0.17082875492525512,70.83333333333333,0.20975536417893592,-0.7668281073744568,0.0,0.08,0.17082875492525512,0.17082875492525512,0
64,8,1.5413901805877686,0.42357515926231687,0.7,0.639999929508371,32.8125,0.639999899297673,1.2917090157126472,0.7,0.6399999999999999,0.639999929508371,0.639999929508371,0
64,9,0.2468578815460205,0.42357515926231687,0.0,0.07999999999477245,91.015625,0.07999999999253206,-0.5399181604609409,0.0,0.08,0.07999999999477245,0.07999999999477245,0
64,2,0.30416831374168396,0.42357515926231687,0.0,0.12203424004601227,87.6923076923077,0.14004891435144612,-0.33114974895665206,0.0,0.08,0.12203424004601227,0.12203424004601227,0
64,19,0.4049075245857239,0.42357515926231687,0.0,0.08308964780011308,87.109375,0.08441378257159012,-0.045072262273173576,0.0,0.08,0.08308964780011308,0.08308964780011308,0
65,14,0.30165895819664,0.4196187701976575,0.0,0.0799999999963407,98.98989898989899,0.07999999999477245,-0.33004949798692873,0.0,0.08,0.0799999999963407,0.0799999999963407,0
65,10,0.36619409918785095,0.4196187701976575,0.0,0.08000575541950966,88.671875,0.08000822202787096,-0.13618308711676202,0.0,0.08,0.08000575541950966,0.08000575541950966,0
65,8,1.4543735980987549,0.4196187701976575,0.7,0.6399999506558597,38.671875,0.639999929508371,1.2429839441088724,0.7,0.6399999999999999,0.6399999506558597,0.6399999506558597,0
65,5,0.3364531099796295,0.4196187701976575,0.0,0.09218965440916588,90.234375,0.09741379201309411,-0.220887810077486,0.0,0.08,0.09218965440916588,0.09218965440916588,0
65,15,1.323757529258728,0.4196187701976575,0.7,0.519535128540883,42.857142857142854,0.4679073264869758,1.1488829593760181,0.7,0.6399999999999999,0.519535128540883,0.519535128540883,0
65,11,1.367616891860962,0.4196187701976575,0.7,0.6399998698420053,38.28125,0.6399998140600077,1.1814783835610099,0.7,0.6399999999999999,0.6399998698420053,0.6399998698420053,0
65,16,0.49710118770599365,0.4196187701976575,0.16944698958118679,0.23095377727232608,86.36363636363636,0.2375521425326304,0.16944698958118679,0.16944698958118679,0.21555759166494942,0.23095377727232608,0.23095377727232608,0
65,12,0.47866109013557434,0.4196187701976575,0.1316461987262444,0.17076545601362836,82.8125,0.1645290975990424,0.1316461987262444,0.1316461987262444,0.18531695898099554,0.17076545601362836,0.17076545601362836,0
65,19,0.3197712004184723,0.4196187701976575,0.0,0.08216275346007915,87.890625,0.08308964780011308,-0.2717408602625805,0.0,0.08,0.08216275346007915,0.08216275346007915,0
65,9,0.2693120837211609,0.4196187701976575,0.0,0.0799999999963407,95.3125,0.07999999999477245,-0.4434757261057743,0.0,0.08,0.0799999999963407,0.0799999999963407,0
65,13,0.9413785338401794,0.4196187701976575,0.7,0.6190682363372788,60.869565217391305,0.6100974804818269,0.8079987040475728,0.7,0.6399999999999999,0.6190682363372788,0.6190682363372788,0
65,0,0.12021460384130478,0.4196187701976575,0.0,0.2053505694068446,100.0,0.259072242009778,-1.250068038813457,0.0,0.08,0.2053505694068446,0.2053505694068446,0
65,2,0.40081214904785156,0.4196187701976575,0.0,0.10942396803220858,86.15384615384616,0.12203424004601227,-0.045853746646729567,0.0,0.08,0.10942396803220858,0.10942396803220858,0
65,1,0.2327282577753067,0.4196187701976575,0.0,0.1435801284476786,87.5,0.17082875492525512,-0.589475092639848,0.0,0.08,0.1435801284476786,0.1435801284476786,0
65,17,0.1790035516023636,0.4196187701976575,0.0,0.0799999999963407,94.140625,0.07999999999477245,-0.85194093004025,0.0,0.08,0.0799999999963407,0.0799999999963407,0
65,18,0.25972455739974976,0.4196187701976575,0.0,0.0799999999963407,91.015625,0.07999999999477245,-0.47972491955657587,0.0,0.08,0.0799999999963407,0.0799999999963407,0
65,4,0.26245471835136414,0.4196187701976575,0.0,0.09067944763663788,92.66055045871559,0.09525635376662556,-0.46926802916818877,0.0,0.08,0.09067944763663788,0.09067944763663788,0
65,6,0.3120160400867462,0.4196187701976575,0.0,0.0799999999963407,87.5,0.07999999999477245,-0.2962920038308833,0.0,0.08,0.0799999999963407,0.0799999999963407,0
65,3,0.3749249577522278,0.4196187701976575,0.0,0.1388440351814579,89.74358974358974,0.16406290740208274,-0.11262071294648764,0.0,0.08,0.1388440351814579,0.1388440351814579,0
65,7,0.918879508972168,0.4196187701976575,0.7,0.6374556944016593,59.765625,0.6363652777166562,0.7838083807192476,0.7,0.6399999999999999,0.6374556944016593,0.6374556944016593,0
66,18,0.24193473160266876,0.4127892536362658,0.0,0.07999999999743848,85.546875,0.0799999999963407,-0.5342691782037989,0.0,0.08,0.07999999999743848,0.07999999999743848,0
66,8,1.465456247329712,0.4127892536362658,0.7,0.6399999654591018,40.625,0.6399999506558597,1.26698470621855,0.7,0.6399999999999999,0.6399999654591018,0.6399999654591018,0
66,14,0.19015458226203918,0.4127892536362658,0.0,0.07999999999743848,89.8989898989899,0.0799999999963407,-0.7750998203795638,0.0,0.08,0.07999999999743848,0.07999999999743848,0
66,4,0.4180448353290558,0.4127892536362658,0.01265150705024576,0.0905119750377055,94.4954128440367,0.09067944763663788,0.01265150705024576,0.01265150705024576,0.09012120564019661,0.0905119750377055,0.0905119750377055,0
66,6,0.32669341564178467,0.4127892536362658,0.0,0.07999999999743848,89.0625,0.0799999999963407,-0.23391501032445386,0.0,0.08,0.07999999999743848,0.07999999999743848,0
66,19,0.35702428221702576,0.4127892536362658,0.0,0.0815139274220554,88.671875,0.08216275346007915,-0.14513338030554904,0.0,0.08,0.0815139274220554,0.0815139274220554,0
66,16,0.4490159749984741,0.4127892536362658,0.08412128324540093,0.20585675206952447,81.36363636363636,0.23095377727232608,0.08412128324540093,0.08412128324540093,0.14729702659632074,0.20585675206952447,0.20585675206952447,0
66,12,0.4902254641056061,0.4127892536362658,0.17192823130744378,0.18479859472332635,76.171875,0.17076545601362836,0.17192823130744378,0.17192823130744378,0.21754258504595503,0.18479859472332635,0.18479859472332635,0
66,11,1.278686285018921,0.4127892536362658,0.7,0.6399999088894036,39.0625,0.6399998698420053,1.1306512926618029,0.7,0.6399999999999999,0.6399999088894036,0.6399999088894036,0
66,1,0.42648518085479736,0.4127892536362658,0.03264043863530406,0.13233979518584799,70.83333333333333,0.1435801284476786,0.03264043863530406,0.03264043863530406,0.10611235090824325,0.13233979518584799,0.13233979518584799,0
66,13,0.8919826745986938,0.4127892536362658,0.7,0.6253477654360952,60.869565217391305,0.6190682363372788,0.7705095153106785,0.7,0.6399999999999999,0.6253477654360952,0.6253477654360952,0
66,17,0.10594116151332855,0.4127892536362658,0.0,0.07999999999743848,93.75,0.0799999999963407,-1.3600532508688743,0.0,0.08,0.07999999999743848,0.07999999999743848,0
66,15,0.7431677579879761,0.4127892536362658,0.5879846121327236,0.5287908968904718,64.28571428571429,0.519535128540883,0.5879846121327236,0.5879846121327236,0.5503876897061789,0.5287908968904718,0.5287908968904718,0
66,0,0.10962244123220444,0.4127892536362658,0.0,0.1677453985847912,100.0,0.2053505694068446,-1.3258950046512497,0.0,0.08,0.1677453985847912,0.1677453985847912,0
66,2,0.24365752935409546,0.4127892536362658,0.0,0.10059677762254601,93.84615384615384,0.10942396803220858,-0.527173493007079,0.0,0.08,0.10059677762254601,0.10059677762254601,0
66,9,0.244487926363945,0.4127892536362658,0.0,0.07999999999743848,92.96875,0.0799999999963407,-0.5237712375231427,0.0,0.08,0.07999999999743848,0.07999999999743848,0
66,10,0.31863224506378174,0.4127892536362658,0.0,0.08000402879365676,92.578125,0.08000575541950966,-0.2588995728452054,0.0,0.08,0.08000402879365676,0.08000402879365676,0
66,7,0.8426076173782349,0.4127892536362658,0.7,0.6382189860811615,60.9375,0.6374556944016593,0.7135641965013901,0.7,0.6399999999999999,0.6382189860811615,0.6382189860811615,0
66,3,0.4440141022205353,0.4127892536362658,0.07291914101155461,0.13869141846979363,88.2051282051282,0.1388440351814579,0.07291914101155461,0.07291914101155461,0.1383353128092437,0.13869141846979363,0.13869141846979363,0
66,5,0.36802202463150024,0.4127892536362658,0.0,0.08853275808641611,91.796875,0.09218965440916588,-0.11479439210362041,0.0,0.08,0.08853275808641611,0.08853275808641611,0
67,4,0.3093334436416626,0.410813671270667,0.0,0.08735838252639386,89.90825688073394,0.0905119750377055,-0.2837199484235257,0.0,0.08,0.08735838252639386,0.08735838252639386,0
67,2,0.39921653270721436,0.410813671270667,0.0,0.0944177443357822,86.15384615384616,0.10059677762254601,-0.02863579824328844,0.0,0.08,0.0944177443357822,0.0944177443357822,0
67,9,0.2060747593641281,0.410813671270667,0.0,0.07999999999820694,92.96875,0.07999999999743848,-0.6899007204548058,0.0,0.08,0.07999999999820694,0.07999999999820694,0
67,5,0.38045698404312134,0.410813671270667,0.0,0.08597293066049128,85.15625,0.08853275808641611,-0.07676663540919942,0.0,0.08,0.08597293066049128,0.08597293066049128,0
67,17,0.19497452676296234,0.410813671270667,0.0,0.07999999999820694,92.96875,0.07999999999743848,-0.7452708121347421,0.0,0.08,0.07999999999820694,0.07999999999820694,0
67,15,0.9944927096366882,0.410813671270667,0.7,0.5621536278233302,50.0,0.5287908968904718,0.8840929961711427,0.7,0.6399999999999999,0.5621536278233302,0.5621536278233302,0
67,11,1.215691328048706,0.410813671270667,0.7,0.6399999362225824,44.140625,0.6399999088894036,1.084928414993996,0.7,0.6399999999999999,0.6399999362225824,0.6399999362225824,0
67,8,1.3190703392028809,0.410813671270667,0.7,0.6399999758213711,41.40625,0.6399999654591018,1.1665427050818753,0.7,0.6399999999999999,0.6399999758213711,0.6399999758213711,0
67,7,0.8927934765815735,0.410813671270667,0.7,0.6387532902568129,67.96875,0.6382189860811615,0.7762155146355555,0.7,0.6399999999999999,0.6387532902568129,0.6387532902568129,0
67,13,0.9124637246131897,0.410813671270667,0.7,0.6297434358052666,71.73913043478261,0.6253477654360952,0.7980085603078925,0.7,0.6399999999999999,0.6297434358052666,0.6297434358052666,0
67,19,0.3000945746898651,0.410813671270667,0.0,0.08105974919543878,89.453125,0.0815139274220554,-0.31404207420459807,0.0,0.08,0.08105974919543878,0.08105974919543878,0
67,10,0.2905143201351166,0.410813671270667,0.0,0.08000282015555973,87.5,0.08000402879365676,-0.34648687718534604,0.0,0.08,0.08000282015555973,0.08000282015555973,0
67,18,0.2804316580295563,0.410813671270667,0.0,0.07999999999820694,88.671875,0.07999999999743848,-0.3818096939215305,0.0,0.08,0.07999999999820694,0.07999999999820694,0
67,16,0.5335310697555542,0.410813671270667,0.2613775439122032,0.23083033698759586,83.63636363636364,0.20585675206952447,0.2613775439122032,0.2613775439122032,0.28910203512976257,0.23083033698759586,0.23083033698759586,0
67,1,0.2403707653284073,0.410813671270667,0.0,0.11663785663009357,79.16666666666667,0.13233979518584799,-0.5359571530516729,0.0,0.08,0.11663785663009357,0.11663785663009357,0
67,0,0.11636579781770706,0.410813671270667,0.0,0.14142177900935385,100.0,0.1677453985847912,-1.2614010365947301,0.0,0.08,0.14142177900935385,0.14142177900935385,0
67,6,0.3781774044036865,0.410813671270667,0.0,0.07999999999820694,87.5,0.07999999999743848,-0.08277634568582665,0.0,0.08,0.07999999999820694,0.07999999999820694,0
67,14,0.2825799584388733,0.410813671270667,0.0,0.07999999999820694,94.94949494949495,0.07999999999743848,-0.3741781968208477,0.0,0.08,0.07999999999820694,0.07999999999820694,0
67,3,0.4632948637008667,0.410813671270667,0.12022394614106922,0.14993774000271215,90.76923076923077,0.13869141846979363,0.12022394614106922,0.12022394614106922,0.1761791569128554,0.14993774000271215,0.14993774000271215,0
67,12,0.45219019055366516,0.410813671270667,0.09596310753748492,0.17639016211532482,73.828125,0.18479859472332635,0.09596310753748492,0.09596310753748492,0.15677048602998794,0.17639016211532482,0.17639016211532482,0
68,7,0.9206580519676208,0.40766402356594067,0.7,0.639127303179769,59.765625,0.6387532902568129,0.8146453110532578,0.7,0.6399999999999999,0.639127303179769,0.639127303179769,0
68,13,0.641143262386322,0.40766402356594067,0.4528095577653556,0.5734946989273719,69.56521739130434,0.6297434358052666,0.4528095577653556,0.4528095577653556,0.4422476462122845,0.5734946989273719,0.5734946989273719,0
68,1,0.43721938133239746,0.40766402356594067,0.06999172073504917,0.1224445126174773,79.16666666666667,0.11663785663009357,0.06999172073504917,0.06999172073504917,0.13599337658803934,0.1224445126174773,0.1224445126174773,0
68,12,0.4708308279514313,0.40766402356594067,0.14405548636924873,0.18204643020934708,83.984375,0.17639016211532482,0.14405548636924873,0.14405548636924873,0.19524438909539898,0.18204643020934708,0.18204643020934708,0
68,11,1.232749104499817,0.40766402356594067,0.7,0.6399999553558077,40.234375,0.6399999362225824,1.106558618748084,0.7,0.6399999999999999,0.6399999553558077,0.6399999553558077,0
68,6,0.3143576979637146,0.40766402356594067,0.0,0.07999999999874485,91.40625,0.07999999999820694,-0.25991185319100635,0.0,0.08,0.07999999999874485,0.07999999999874485,0
68,10,0.276559978723526,0.40766402356594067,0.0,0.08000197410889182,91.40625,0.08000282015555973,-0.388015633203721,0.0,0.08,0.08000197410889182,0.08000197410889182,0
68,4,0.3428720533847809,0.40766402356594067,0.0,0.08515086776847569,89.90825688073394,0.08735838252639386,-0.17308600350358447,0.0,0.08,0.08515086776847569,0.08515086776847569,0
68,2,0.3656414747238159,0.40766402356594067,0.0,0.09009242103504753,92.3076923076923,0.0944177443357822,-0.10879008464915878,0.0,0.08,0.09009242103504753,0.09009242103504753,0
68,0,0.6484814286231995,0.40766402356594067,0.46418999328873894,0.23440084369584505,100.0,0.14142177900935385,0.46418999328873894,0.46418999328873894,0.4513519946309912,0.23440084369584505,0.23440084369584505,0
68,9,0.32202228903770447,0.40766402356594067,0.0,0.07999999999874485,94.921875,0.07999999999820694,-0.23582259322651764,0.0,0.08,0.07999999999874485,0.07999999999874485,0
68,3,0.5243999361991882,0.40766402356594067,0.25181126125152214,0.18939112070226383,91.28205128205128,0.14993774000271215,0.25181126125152214,0.25181126125152214,0.2814490090012177,0.18939112070226383,0.18939112070226383,0
68,16,0.5186600685119629,0.40766402356594067,0.24080532584876777,0.24337451409502137,83.63636363636364,0.23083033698759586,0.24080532584876777,0.24080532584876777,0.2726442606790142,0.24337451409502137,0.24337451409502137,0
68,15,1.284623384475708,0.40766402356594067,0.7,0.5855075394763312,50.0,0.5621536278233302,1.1477774881014524,0.7,0.6399999999999999,0.5855075394763312,0.5855075394763312,0
68,18,0.26949211955070496,0.40766402356594067,0.0,0.07999999999874485,91.40625,0.07999999999820694,-0.41390420201390765,0.0,0.08,0.07999999999874485,0.07999999999874485,0
68,17,0.15698465704917908,0.40766402356594067,0.0,0.07999999999874485,95.3125,0.07999999999820694,-0.9542952495711151,0.0,0.08,0.07999999999874485,0.07999999999874485,0
68,5,0.3302905857563019,0.40766402356594067,0.0,0.08418105146234389,94.140625,0.08597293066049128,-0.21047052787631468,0.0,0.08,0.08418105146234389,0.08418105146234389,0
68,8,1.3717361688613892,0.40766402356594067,0.7,0.6399999830749598,34.375,0.6399999758213711,1.2133891122931837,0.7,0.6399999999999999,0.6399999830749598,0.6399999830749598,0
68,19,0.2913011908531189,0.40766402356594067,0.0,0.08074182443680714,86.71875,0.08105974919543878,-0.3360856016930071,0.0,0.08,0.08074182443680714,0.08074182443680714,0
68,14,0.31615957617759705,0.40766402356594067,0.0,0.07999999999874485,94.94949494949495,0.07999999999820694,-0.25419628238621417,0.0,0.08,0.07999999999874485,0.07999999999874485,0
69,8,1.4511315822601318,0.40704066401215727,0.7,0.6399999881524717,41.796875,0.6399999830749598,1.2711858229124273,0.7,0.6399999999999999,0.6399999881524717,0.6399999881524717,0
69,10,0.34597405791282654,0.40704066401215727,0.0,0.08000138187622427,87.890625,0.08000197410889182,-0.1625492925769771,0.0,0.08,0.08000138187622427,0.08000138187622427,0
69,6,0.2869848310947418,0.40704066401215727,0.0,0.07999999999912139,88.671875,0.07999999999874485,-0.34948372071766176,0.0,0.08,0.07999999999912139,0.07999999999912139,0
69,14,0.28608599305152893,0.40704066401215727,0.0,0.07999999999912139,94.94949494949495,0.07999999999874485,-0.3526206410110651,0.0,0.08,0.07999999999912139,0.07999999999912139,0
69,5,0.41449135541915894,0.40704066401215727,0.01813902644439103,0.08728010237029457,92.1875,0.08418105146234389,0.01813902644439103,0.01813902644439103,0.09451122115551283,0.08728010237029457,0.08728010237029457,0
69,12,0.4369303584098816,0.40704066401215727,0.07086072577934834,0.16843907533358654,85.15625,0.18204643020934708,0.07086072577934834,0.07086072577934834,0.13668858062347866,0.16843907533358654,0.16843907533358654,0
69,17,0.1843632310628891,0.40704066401215727,0.0,0.07999999999912139,94.921875,0.07999999999874485,-0.7920051688229159,0.0,0.08,0.07999999999912139,0.07999999999912139,0
69,0,0.10298481583595276,0.40704066401215727,0.0,0.1880805905870915,100.0,0.23440084369584505,-1.3743314612014719,0.0,0.08,0.1880805905870915,0.1880805905870915,0
69,7,0.8721738457679749,0.40704066401215727,0.7,0.6393891122258382,64.453125,0.639127303179769,0.7620756633198379,0.7,0.6399999999999999,0.6393891122258382,0.6393891122258382,0
69,19,0.31349682807922363,0.40704066401215727,0.0,0.080519277105765,88.671875,0.08074182443680714,-0.26112384244669967,0.0,0.08,0.080519277105765,0.080519277105765,0
69,3,0.45660170912742615,0.40704066401215727,0.11489838255374603,0.1841493963044837,90.25641025641026,0.18939112070226383,0.11489838255374603,0.11489838255374603,0.17191870604299683,0.1841493963044837,0.1841493963044837,0
69,18,0.22943821549415588,0.40704066401215727,0.0,0.07999999999912139,92.96875,0.07999999999874485,-0.5732792932893584,0.0,0.08,0.07999999999912139,0.07999999999912139,0
69,1,0.5866404175758362,0.40704066401215727,0.365498956043739,0.19743090828273147,75.0,0.1224445126174773,0.365498956043739,0.365498956043739,0.37239916483499125,0.19743090828273147,0.19743090828273147,0
69,9,0.26147568225860596,0.40704066401215727,0.0,0.07999999999912139,93.359375,0.07999999999874485,-0.44257179244673833,0.0,0.08,0.07999999999912139,0.07999999999912139,0
69,13,0.795240044593811,0.40704066401215727,0.6697309079417517,0.5861817071551807,76.08695652173913,0.5734946989273719,0.6697309079417517,0.6697309079417517,0.6157847263534013,0.5861817071551807,0.5861817071551807,0
69,11,1.32148015499115,0.40704066401215727,0.7,0.6399999687490653,34.765625,0.6399999553558077,1.177594607868938,0.7,0.6399999999999999,0.6399999687490653,0.6399999687490653,0
69,16,0.5417218804359436,0.40704066401215727,0.285839635875952,0.26296367247674346,85.45454545454545,0.24337451409502137,0.285839635875952,0.285839635875952,0.3086717087007616,0.26296367247674346,0.26296367247674346,0
69,15,0.4861011207103729,0.40704066401215727,0.17750357353752194,0.476456135282437,64.28571428571429,0.5855075394763312,0.17750357353752194,0.17750357353752194,0.22200285883001758,0.476456135282437,0.476456135282437,0
69,4,0.27080827951431274,0.40704066401215727,0.0,0.08360560743793298,92.66055045871559,0.08515086776847569,-0.40750196482251544,0.0,0.08,0.08360560743793298,0.08360560743793298,0
69,2,0.35435447096824646,0.40704066401215727,0.0,0.08706469472453326,84.61538461538461,0.09009242103504753,-0.1386153458211278,0.0,0.08,0.08706469472453326,0.08706469472453326,0
70,9,0.20235037803649902,0.40477888893031183,0.0,0.07999999999938497,93.75,0.07999999999912139,-0.6933402004960073,0.0,0.08,0.07999999999938497,0.07999999999938497,0
70,13,0.7221809029579163,0.40477888893031183,0.5789346900026383,0.5732715206092597,71.73913043478261,0.5861817071551807,0.5789346900026383,0.5789346900026383,0.5431477520021106,0.5732715206092597,0.5732715206092597,0
70,19,0.33325546979904175,0.40477888893031183,0.0,0.0803634939740355,92.96875,0.080519277105765,-0.19443158703452232,0.0,0.08,0.0803634939740355,0.0803634939740355,0
70,11,1.2965255975723267,0.40477888893031183,0.7,0.6399999781243456,36.71875,0.6399999687490653,1.1641023666266754,0.7,0.6399999999999999,0.6399999781243456,0.6399999781243456,0
70,6,0.29937171936035156,0.40477888893031183,0.0,0.07999999999938497,91.40625,0.07999999999912139,-0.3016549462530008,0.0,0.08,0.07999999999938497,0.07999999999938497,0
70,14,0.3399010896682739,0.40477888893031183,0.0,0.07999999999938497,91.91919191919192,0.07999999999912139,-0.17468629749931003,0.0,0.08,0.07999999999938497,0.07999999999938497,0
70,17,0.22548112273216248,0.40477888893031183,0.0,0.07999999999938497,97.265625,0.07999999999912139,-0.5851045026173431,0.0,0.08,0.07999999999938497,0.07999999999938497,0
70,18,0.2143484205007553,0.40477888893031183,0.0,0.07999999999938497,87.5,0.07999999999912139,-0.635738118582139,0.0,0.08,0.07999999999938497,0.07999999999938497,0
70,1,0.48458805680274963,0.40477888893031183,0.17995819377352018,0.20539160230355685,87.5,0.19743090828273147,0.17995819377352018,0.17995819377352018,0.22396655501881613,0.20539160230355685,0.20539160230355685,0
70,12,0.4781064987182617,0.40477888893031183,0.16649253979058531,0.18186556228325104,79.6875,0.16843907533358654,0.16649253979058531,0.16649253979058531,0.21319403183246827,0.18186556228325104,0.18186556228325104,0
70,0,0.17360280454158783,0.40477888893031183,0.0,0.15565641341096403,66.66666666666667,0.1880805905870915,-0.846570974574161,0.0,0.08,0.15565641341096403,0.15565641341096403,0
70,15,1.3853281736373901,0.40477888893031183,0.7,0.5255192946977059,42.857142857142854,0.476456135282437,1.230351356780589,0.7,0.6399999999999999,0.5255192946977059,0.5255192946977059,0
70,5,0.325856477022171,0.40477888893031183,0.0,0.0850960716592062,89.84375,0.08728010237029457,-0.2168839288847832,0.0,0.08,0.0850960716592062,0.0850960716592062,0
70,3,0.4957291781902313,0.40477888893031183,0.2026887965991607,0.20154988859693718,91.28205128205128,0.1841493963044837,0.2026887965991607,0.2026887965991607,0.24215103727932857,0.20154988859693718,0.20154988859693718,0
70,10,0.3469204902648926,0.40477888893031183,0.0,0.08000096731335699,88.28125,0.08000138187622427,-0.15424534163291118,0.0,0.08,0.08000096731335699,0.08000096731335699,0
70,7,0.8807700872421265,0.40477888893031183,0.7,0.6395723785580867,62.109375,0.6393891122258382,0.7774556458225688,0.7,0.6399999999999999,0.6395723785580867,0.6395723785580867,0
70,4,0.32732880115509033,0.40477888893031183,0.0,0.08252392520655308,93.57798165137615,0.08360560743793298,-0.212375785083706,0.0,0.08,0.08252392520655308,0.08252392520655308,0
70,8,1.3946222066879272,0.40477888893031183,0.7,0.6399999917067302,37.5,0.6399999881524717,1.237037855702926,0.7,0.6399999999999999,0.6399999917067302,0.6399999917067302,0
70,2,0.2867153286933899,0.40477888893031183,0.0,0.08494528630717328,86.15384615384616,0.08706469472453326,-0.344851117159009,0.0,0.08,0.08494528630717328,0.08494528630717328,0
70,16,0.470319539308548,0.40477888893031183,0.1500713663618438,0.24409169866056293,85.0,0.26296367247674346,0.1500713663618438,0.1500713663618438,0.20005709308947506,0.24409169866056293,0.24409169866056293,0
71,7,0.9472202062606812,0.398642079033939,0.7,0.6397006649906606,62.890625,0.6395723785580867,0.8654676127209634,0.7,0.6399999999999999,0.6397006649906606,0.6397006649906606,0
71,13,1.1268672943115234,0.398642079033939,0.7,0.5932900644264817,65.21739130434783,0.5732715206092597,1.0391327703426998,0.7,0.6399999999999999,0.5932900644264817,0.5932900644264817,0
71,4,0.326865017414093,0.398642079033939,0.0,0.08176674764458715,88.9908256880734,0.08252392520655308,-0.19851666887487038,0.0,0.08,0.08176674764458715,0.08176674764458715,0
71,9,0.22159792482852936,0.398642079033939,0.0,0.07999999999956947,90.234375,0.07999999999938497,-0.5871993588977723,0.0,0.08,0.07999999999956947,0.07999999999956947,0
71,6,0.24302951991558075,0.398642079033939,0.0,0.07999999999956947,92.96875,0.07999999999938497,-0.4948810361179792,0.0,0.08,0.07999999999956947,0.07999999999956947,0
71,8,1.389290452003479,0.398642079033939,0.7,0.6399999941947111,44.140625,0.6399999917067302,1.2484844424442574,0.7,0.6399999999999999,0.6399999941947111,0.6399999941947111,0
71,10,0.3927205204963684,0.398642079033939,0.0,0.08000067711934988,91.796875,0.08000096731335699,-0.014965753786795207,0.0,0.08,0.08000067711934988,0.08000067711934988,0
71,0,0.04217967763543129,0.398642079033939,0.0,0.13295948938767482,83.33333333333333,0.15565641341096403,-2.2461252248521455,0.0,0.08,0.13295948938767482,0.13295948938767482,0
71,2,0.1320706009864807,0.398642079033939,0.0,0.0834617004150213,93.84615384615384,0.08494528630717328,-1.1047272830844663,0.0,0.08,0.0834617004150213,0.0834617004150213,0
71,18,0.251939058303833,0.398642079033939,0.0,0.07999999999956947,90.625,0.07999999999938497,-0.4588767285318232,0.0,0.08,0.07999999999956947,0.07999999999956947,0
71,3,0.479312002658844,0.398642079033939,0.18428777441256972,0.20931398787687275,89.74358974358974,0.20154988859693718,0.18428777441256972,0.18428777441256972,0.22743021953005577,0.20931398787687275,0.20931398787687275,0
71,11,1.3380391597747803,0.398642079033939,0.7,0.6399999846870419,46.484375,0.6399999781243456,1.2108965207670834,0.7,0.6399999999999999,0.6399999846870419,0.6399999846870419,0
71,19,0.3339652121067047,0.398642079033939,0.0,0.08025444578182485,87.5,0.0803634939740355,-0.17702713223538957,0.0,0.08,0.08025444578182485,0.08025444578182485,0
71,17,0.12989285588264465,0.398642079033939,0.0,0.07999999999956947,95.703125,0.07999999999938497,-1.1213539922652616,0.0,0.08,0.07999999999956947,0.07999999999956947,0
71,14,0.20571985840797424,0.398642079033939,0.0,0.07999999999956947,95.95959595959596,0.07999999999938497,-0.6615486131208126,0.0,0.08,0.07999999999956947,0.07999999999956947,0
71,5,0.31300783157348633,0.398642079033939,0.0,0.08356725016144434,91.796875,0.0850960716592062,-0.24183575118486442,0.0,0.08,0.08356725016144434,0.08356725016144434,0
71,12,0.366077184677124,0.398642079033939,0.0,0.1513058935982757,83.984375,0.18186556228325104,-0.08521976878121439,0.0,0.08,0.1513058935982757,0.1513058935982757,0
71,1,0.40170466899871826,0.398642079033939,0.007653194928592114,0.1696108883953519,79.16666666666667,0.20539160230355685,0.007653194928592114,0.007653194928592114,0.0861225559428737,0.1696108883953519,0.1696108883953519,0
71,16,0.5403227806091309,0.398642079033939,0.30410272699639085,0.2678488435415278,87.27272727272727,0.24409169866056293,0.30410272699639085,0.30410272699639085,0.3232821815971127,0.2678488435415278,0.2678488435415278,0
71,15,0.7869629859924316,0.398642079033939,0.6801172338810018,0.5550916424198344,35.714285714285715,0.5255192946977059,0.6801172338810018,0.6801172338810018,0.6240937871048013,0.5550916424198344,0.5550916424198344,0
72,6,0.26290151476860046,0.39377999096973654,0.0,0.07999999999969862,89.0625,0.07999999999956947,-0.4040128486528148,0.0,0.08,0.07999999999969862,0.07999999999969862,0
72,8,1.3919634819030762,0.39377999096973654,0.7,0.6399999959362977,43.359375,0.6399999941947111,1.2626782332929838,0.7,0.6399999999999999,0.6399999959362977,0.6399999959362977,0
72,12,0.3083972930908203,0.39377999096973654,0.0,0.129914125518793,85.9375,0.1513058935982757,-0.24440348336708173,0.0,0.08,0.129914125518793,0.129914125518793,0
72,0,0.5664560198783875,0.39377999096973654,0.3636070801185376,0.20433734179982138,100.0,0.13295948938767482,0.3636070801185376,0.3636070801185376,0.3708856640948301,0.20433734179982138,0.20433734179982138,0
72,7,0.9502345323562622,0.39377999096973654,0.7,0.6397904654934623,67.96875,0.6397006649906606,0.8809164606375635,0.7,0.6399999999999999,0.6397904654934623,0.6397904654934623,0
72,18,0.2760666608810425,0.39377999096973654,0.0,0.07999999999969862,86.71875,0.07999999999956947,-0.3551499824671744,0.0,0.08,0.07999999999969862,0.07999999999969862,0
72,4,0.3292682468891144,0.39377999096973654,0.0,0.081236723351211,88.07339449541284,0.08176674764458715,-0.17891959116124867,0.0,0.08,0.081236723351211,0.081236723351211,0
72,5,0.2920304238796234,0.39377999096973654,0.0,0.08249707511301103,87.5,0.08356725016144434,-0.29893435772400334,0.0,0.08,0.08249707511301103,0.08249707511301103,0
72,3,0.4444030225276947,0.39377999096973654,0.1209395014355707,0.1995452718583479,92.82051282051282,0.20931398787687275,0.1209395014355707,0.1209395014355707,0.17675160114845656,0.1995452718583479,0.1995452718583479,0
72,15,1.0154985189437866,0.39377999096973654,0.7,0.580564149693884,42.857142857142854,0.5550916424198344,0.9473425522401995,0.7,0.6399999999999999,0.580564149693884,0.580564149693884,0
72,13,1.0605777502059937,0.39377999096973654,0.7,0.6073030450985372,67.3913043478261,0.5932900644264817,0.9907767152383962,0.7,0.6399999999999999,0.6073030450985372,0.6073030450985372,0
72,2,0.6048258543014526,0.39377999096973654,0.4291482088233012,0.18541876040810717,86.15384615384616,0.0834617004150213,0.4291482088233012,0.4291482088233012,0.42331856705864096,0.18541876040810717,0.18541876040810717,0
72,16,0.5227455496788025,0.39377999096973654,0.28330246393814873,0.27948678182422515,86.81818181818181,0.2678488435415278,0.28330246393814873,0.28330246393814873,0.306641971150519,0.27948678182422515,0.27948678182422515,0
72,14,0.2671777904033661,0.39377999096973654,0.0,0.07999999999969862,93.93939393939394,0.07999999999956947,-0.38787802428809015,0.0,0.08,0.07999999999969862,0.07999999999969862,0
72,9,0.2312943935394287,0.39377999096973654,0.0,0.07999999999969862,92.1875,0.07999999999956947,-0.5321010069107288,0.0,0.08,0.07999999999969862,0.07999999999969862,0
72,19,0.33872953057289124,0.39377999096973654,0.0,0.0801781120472774,90.625,0.08025444578182485,-0.15059040663916656,0.0,0.08,0.0801781120472774,0.0801781120472774,0
72,1,0.187094584107399,0.39377999096973654,0.0,0.1427276218767463,79.16666666666667,0.1696108883953519,-0.7441780403794361,0.0,0.08,0.1427276218767463,0.1427276218767463,0
72,17,0.11751232296228409,0.39377999096973654,0.0,0.07999999999969862,95.703125,0.07999999999956947,-1.2092490907190272,0.0,0.08,0.07999999999969862,0.07999999999969862,0
72,10,0.33473649621009827,0.39377999096973654,0.0,0.08000047398354491,91.796875,0.08000067711934988,-0.16244870646949608,0.0,0.08,0.08000047398354491,0.08000047398354491,0
72,11,1.3700603246688843,0.39377999096973654,0.7,0.6399999892809293,36.328125,0.6399999846870419,1.2468176775804158,0.7,0.6399999999999999,0.6399999892809293,0.6399999892809293,0
73,3,0.41012248396873474,0.38807529321191236,0.055256479618974085,0.1769432454093973,90.25641025641026,0.1995452718583479,0.055256479618974085,0.055256479618974085,0.12420518369517927,0.1769432454093973,0.1769432454093973,0
73,13,0.6783702969551086,0.38807529321191236,0.5584939130557107,0.5831506707023466,73.91304347826087,0.6073030450985372,0.5584939130557107,0.5584939130557107,0.5267951304445686,0.5831506707023466,0.5831506707023466,0
73,4,0.34897738695144653,0.38807529321191236,0.0,0.0808657063458477,94.4954128440367,0.081236723351211,-0.10619224631220328,0.0,0.08,0.0808657063458477,0.0808657063458477,0
73,11,1.1705435514450073,0.38807529321191236,0.7,0.6399999924966504,44.140625,0.6399999892809293,1.1040241011032532,0.7,0.6399999999999999,0.6399999924966504,0.6399999924966504,0
73,17,0.0942680612206459,0.38807529321191236,0.0,0.07999999999978903,96.09375,0.07999999999969862,-1.4150568561971788,0.0,0.08,0.07999999999978903,0.07999999999978903,0
73,5,0.30613014101982117,0.38807529321191236,0.0,0.08174795257910772,90.234375,0.08249707511301103,-0.23718905957987824,0.0,0.08,0.08174795257910772,0.08174795257910772,0
73,1,0.5146775245666504,0.38807529321191236,0.28234115684446903,0.191671212956395,87.5,0.1427276218767463,0.28234115684446903,0.28234115684446903,0.30587292547557526,0.191671212956395,0.191671212956395,0
73,0,0.1281164288520813,0.38807529321191236,0.0,0.16703613925987496,83.33333333333333,0.20433734179982138,-1.108259872290434,0.0,0.08,0.16703613925987496,0.16703613925987496,0
73,16,0.5643476843833923,0.38807529321191236,0.3744711397206968,0.30951382080992484,82.72727272727273,0.27948678182422515,0.3744711397206968,0.3744711397206968,0.37957691177655745,0.30951382080992484,0.30951382080992484,0
73,8,1.3734052181243896,0.38807529321191236,0.7,0.6399999971554083,33.984375,0.6399999959362977,1.2638491016460567,0.7,0.6399999999999999,0.6399999971554083,0.6399999971554083,0
73,12,0.4886421859264374,0.38807529321191236,0.2304311147405407,0.17024335540088487,83.59375,0.129914125518793,0.2304311147405407,0.2304311147405407,0.2643448917924326,0.17024335540088487,0.17024335540088487,0
73,6,0.2440776228904724,0.38807529321191236,0.0,0.07999999999978903,91.796875,0.07999999999969862,-0.46371305896264087,0.0,0.08,0.07999999999978903,0.07999999999978903,0
73,2,0.36373502016067505,0.38807529321191236,0.0,0.153793132285675,87.6923076923077,0.18541876040810717,-0.06477373779378567,0.0,0.08,0.153793132285675,0.153793132285675,0
73,19,0.32249709963798523,0.38807529321191236,0.0,0.08012467843309418,88.28125,0.0801781120472774,-0.18510522740234542,0.0,0.08,0.08012467843309418,0.08012467843309418,0
73,10,0.2859499454498291,0.38807529321191236,0.0,0.08000033178848143,86.71875,0.08000047398354491,-0.30538258667092627,0.0,0.08,0.08000033178848143,0.08000033178848143,0
73,18,0.23313471674919128,0.38807529321191236,0.0,0.07999999999978903,89.84375,0.07999999999969862,-0.5095828883865597,0.0,0.08,0.07999999999978903,0.07999999999978903,0
73,7,0.9704024791717529,0.38807529321191236,0.7,0.6398533258454235,66.40625,0.6397904654934623,0.9165115214900504,0.7,0.6399999999999999,0.6398533258454235,0.6398533258454235,0
73,15,1.1202667951583862,0.38807529321191236,0.7,0.5983949047857188,64.28571428571429,0.580564149693884,1.060122753575768,0.7,0.6399999999999999,0.5983949047857188,0.5983949047857188,0
73,14,0.36219191551208496,0.38807529321191236,0.0,0.07999999999978903,92.92929292929293,0.07999999999969862,-0.06902514893306744,0.0,0.08,0.07999999999978903,0.07999999999978903,0
73,9,0.25457313656806946,0.38807529321191236,0.0,0.07999999999978903,93.359375,0.07999999999969862,-0.42161119369861727,0.0,0.08,0.07999999999978903,0.07999999999978903,0
74,12,0.5200932025909424,0.38556411067435914,0.2993005401303217,0.21500247841189662,80.46875,0.17024335540088487,0.2993005401303217,0.2993005401303217,0.3194404321042574,0.21500247841189662,0.21500247841189662,0
74,2,0.33521556854248047,0.38556411067435914,0.0,0.1316551925999725,84.61538461538461,0.153793132285675,-0.1399336674701015,0.0,0.08,0.1316551925999725,0.1316551925999725,0
74,19,0.33549484610557556,0.38556411067435914,0.0,0.08008727490316592,91.015625,0.08012467843309418,-0.13910088609438864,0.0,0.08,0.08008727490316592,0.08008727490316592,0
74,1,0.405010849237442,0.38556411067435914,0.04920636931555624,0.16997937770521,83.33333333333333,0.191671212956395,0.04920636931555624,0.04920636931555624,0.119365095452445,0.16997937770521,0.16997937770521,0
74,3,0.40000250935554504,0.38556411067435914,0.03676333511353138,0.15668347221382564,88.2051282051282,0.1769432454093973,0.03676333511353138,0.03676333511353138,0.10941066809082511,0.15668347221382564,0.15668347221382564,0
74,5,0.4213493764400482,0.38556411067435914,0.08875487567736302,0.10252473696794252,89.84375,0.08174795257910772,0.08875487567736302,0.08875487567736302,0.15100390054189042,0.10252473696794252,0.10252473696794252,0
74,17,0.10702107846736908,0.38556411067435914,0.0,0.07999999999985233,95.3125,0.07999999999978903,-1.2816816068408703,0.0,0.08,0.07999999999985233,0.07999999999985233,0
74,6,0.3122449517250061,0.38556411067435914,0.0,0.07999999999985233,86.328125,0.07999999999978903,-0.21091949687625924,0.0,0.08,0.07999999999985233,0.07999999999985233,0
74,7,0.8664730191230774,0.38556411067435914,0.7,0.6398973280917964,65.625,0.6398533258454235,0.8097234720793353,0.7,0.6399999999999999,0.6398973280917964,0.6398973280917964,0
74,13,0.5872370004653931,0.38556411067435914,0.4207209936723195,0.5331785079729993,67.3913043478261,0.5831506707023466,0.4207209936723195,0.4207209936723195,0.41657679493785565,0.5331785079729993,0.5331785079729993,0
74,15,1.7391290664672852,0.38556411067435914,0.7,0.6108764333500031,78.57142857142857,0.5983949047857188,1.5064322257718292,0.7,0.6399999999999999,0.6108764333500031,0.6108764333500031,0
74,10,0.32189226150512695,0.38556411067435914,0.0,0.080000232251937,88.671875,0.08000033178848143,-0.18049058134001816,0.0,0.08,0.080000232251937,0.080000232251937,0
74,11,1.22705078125,0.38556411067435914,0.7,0.6399999947476552,46.484375,0.6399999924966504,1.1576613281524744,0.7,0.6399999999999999,0.6399999947476552,0.6399999947476552,0
74,4,0.38639846444129944,0.38556411067435914,0.0021616438338075777,0.0811247889622072,94.4954128440367,0.0808657063458477,0.0021616438338075777,0.0021616438338075777,0.08172931506704606,0.0811247889622072,0.0811247889622072,0
74,8,1.4147065877914429,0.38556411067435914,0.7,0.6399999980087858,41.796875,0.6399999971554083,1.29996992682945,0.7,0.6399999999999999,0.6399999980087858,0.6399999980087858,0
74,18,0.20154570043087006,0.38556411067435914,0.0,0.07999999999985233,91.40625,0.07999999999978903,-0.6486913039299381,0.0,0.08,0.07999999999985233,0.07999999999985233,0
74,14,0.18703223764896393,0.38556411067435914,0.0,0.07999999999985233,94.94949494949495,0.07999999999978903,-0.7234264610555591,0.0,0.08,0.07999999999985233,0.07999999999985233,0
74,16,0.5979329943656921,0.38556411067435914,0.43877120447771606,0.3459647636415992,82.72727272727273,0.30951382080992484,0.43877120447771606,0.43877120447771606,0.4310169635821729,0.3459647636415992,0.3459647636415992,0
74,9,0.2551564872264862,0.38556411067435914,0.0,0.07999999999985233,94.53125,0.07999999999978903,-0.4128304388371788,0.0,0.08,0.07999999999985233,0.07999999999985233,0
74,0,0.1306464821100235,0.38556411067435914,0.0,0.14092529748191246,66.66666666666667,0.16703613925987496,-1.0822123682787546,0.0,0.08,0.14092529748191246,0.14092529748191246,0
75,15,0.8822126388549805,0.38632774829676547,0.7,0.6196135033450021,71.42857142857143,0.6108764333500031,0.8257470014929655,0.7,0.6399999999999999,0.6196135033450021,0.6196135033450021,0
75,2,0.1614929437637329,0.38632774829676547,0.0,0.11615863481998073,93.84615384615384,0.1316551925999725,-0.8722246121643225,0.0,0.08,0.11615863481998073,0.11615863481998073,0
75,10,0.28485456109046936,0.38632774829676547,0.0,0.0800001625763559,91.40625,0.080000232251937,-0.30470735077174005,0.0,0.08,0.0800001625763559,0.0800001625763559,0
75,4,0.2973885238170624,0.38632774829676547,0.0,0.08078735227354504,89.90825688073394,0.0811247889622072,-0.26164664539745963,0.0,0.08,0.08078735227354504,0.08078735227354504,0
75,17,0.17561136186122894,0.38632774829676547,0.0,0.07999999999989663,97.265625,0.07999999999985233,-0.78841268479534,0.0,0.08,0.07999999999989663,0.07999999999989663,0
75,7,0.8963099718093872,0.38632774829676547,0.7,0.6399281296642575,62.5,0.6398973280917964,0.8416001910554722,0.7,0.6399999999999999,0.6399281296642575,0.6399281296642575,0
75,8,1.3449625968933105,0.38632774829676547,0.7,0.63999999860615,43.75,0.6399999980087858,1.2474353661538633,0.7,0.6399999999999999,0.63999999860615,0.63999999860615,0
75,12,0.4313605725765228,0.38632774829676547,0.11025823491127379,0.20096371126703333,80.859375,0.21500247841189662,0.11025823491127379,0.11025823491127379,0.16820658792901905,0.20096371126703333,0.20096371126703333,0
75,19,0.30600908398628235,0.38632774829676547,0.0,0.08006109243221614,90.234375,0.08008727490316592,-0.23307130350909155,0.0,0.08,0.08006109243221614,0.08006109243221614,0
75,9,0.23807048797607422,0.38632774829676547,0.0,0.07999999999989663,94.921875,0.07999999999985233,-0.48411928413582966,0.0,0.08,0.07999999999989663,0.07999999999989663,0
75,0,0.8729329109191895,0.38632774829676547,0.7,0.2906477082373387,100.0,0.14092529748191246,0.8151725915230981,0.7,0.6399999999999999,0.2906477082373387,0.2906477082373387,0
75,6,0.2708090841770172,0.38632774829676547,0.0,0.07999999999989663,90.234375,0.07999999999985233,-0.35527200082205473,0.0,0.08,0.07999999999989663,0.07999999999989663,0
75,16,0.4880844056606293,0.38632774829676547,0.2338022498751604,0.3222878745191579,84.54545454545455,0.3459647636415992,0.2338022498751604,0.2338022498751604,0.26704179990012833,0.3222878745191579,0.3222878745191579,0
75,13,0.9339961409568787,0.38632774829676547,0.7,0.5652249555810994,63.04347826086956,0.5331785079729993,0.8827861932598784,0.7,0.6399999999999999,0.5652249555810994,0.5652249555810994,0
75,1,0.09779488295316696,0.38632774829676547,0.0,0.14298556439364699,95.83333333333333,0.16997937770521,-1.3738137675447681,0.0,0.08,0.14298556439364699,0.14298556439364699,0
75,3,0.49392762780189514,0.38632774829676547,0.2457029003466677,0.1926471266328782,85.12820512820512,0.15668347221382564,0.2457029003466677,0.2457029003466677,0.2765623202773342,0.1926471266328782,0.1926471266328782,0
75,5,0.3219316005706787,0.38632774829676547,0.0,0.09576731587755977,92.1875,0.10252473696794252,-0.18234699047478975,0.0,0.08,0.09576731587755977,0.09576731587755977,0
75,18,0.21459263563156128,0.38632774829676547,0.0,0.07999999999989663,86.71875,0.07999999999985233,-0.5879445644431296,0.0,0.08,0.07999999999989663,0.07999999999989663,0
75,14,0.2925674021244049,0.38632774829676547,0.0,0.07999999999989663,92.92929292929293,0.07999999999985233,-0.27799101500985257,0.0,0.08,0.07999999999989663,0.07999999999989663,0
75,11,1.3336067199707031,0.38632774829676547,0.7,0.6399999963233586,37.109375,0.6399999947476552,1.2389562539632908,0.7,0.6399999999999999,0.6399999963233586,0.6399999963233586,0
76,2,0.3225420117378235,0.379092007694937,0.0,0.1053110443739865,87.6923076923077,0.11615863481998073,-0.16154553865556642,0.0,0.08,0.1053110443739865,0.1053110443739865,0
76,4,0.33300015330314636,0.379092007694937,0.0,0.08055114659148152,88.9908256880734,0.08078735227354504,-0.12963598598517176,0.0,0.08,0.08055114659148152,0.08055114659148152,0
76,11,1.1684738397598267,0.379092007694937,0.7,0.6399999974263509,44.53125,0.6399999963233586,1.1256748080390897,0.7,0.6399999999999999,0.6399999974263509,0.6399999974263509,0
76,17,0.11154220253229141,0.379092007694937,0.0,0.07999999999992763,95.3125,0.07999999999989663,-1.2233758593778592,0.0,0.08,0.07999999999992763,0.07999999999992763,0
76,6,0.26340532302856445,0.379092007694937,0.0,0.07999999999992763,91.796875,0.07999999999989663,-0.36408493037970485,0.0,0.08,0.07999999999992763,0.07999999999992763,0
76,5,0.26098379492759705,0.379092007694937,0.0,0.09103712111429182,89.453125,0.09576731587755977,-0.37332061105366215,0.0,0.08,0.09103712111429182,0.09103712111429182,0
76,8,1.4720607995986938,0.379092007694937,0.7,0.6399999990243049,42.578125,0.63999999860615,1.3566396429388947,0.7,0.6399999999999999,0.6399999990243049,0.6399999990243049,0
76,7,0.7944615483283997,0.379092007694937,0.7,0.6399496907649802,58.59375,0.6399281296642575,0.739885633706307,0.7,0.6399999999999999,0.6399496907649802,0.6399496907649802,0
76,1,0.5155530571937561,0.379092007694937,0.3074612749432645,0.19788060106193633,87.5,0.14298556439364699,0.3074612749432645,0.3074612749432645,0.3259690199546116,0.19788060106193633,0.19788060106193633,0
76,10,0.32713621854782104,0.379092007694937,0.0,0.08000011380344912,87.109375,0.0800001625763559,-0.14740228115853724,0.0,0.08,0.08000011380344912,0.08000011380344912,0
76,0,0.14161711931228638,0.379092007694937,0.0,0.22745339576613707,66.66666666666667,0.2906477082373387,-0.9846518227024248,0.0,0.08,0.22745339576613707,0.22745339576613707,0
76,3,0.43382400274276733,0.379092007694937,0.13485998490477108,0.19121938502015978,89.74358974358974,0.1926471266328782,0.13485998490477108,0.13485998490477108,0.1878879879238169,0.19121938502015978,0.19121938502015978,0
76,15,1.1450083255767822,0.379092007694937,0.7,0.6257294523415015,57.142857142857146,0.6196135033450021,1.1053882295762294,0.7,0.6399999999999999,0.6257294523415015,0.6257294523415015,0
76,18,0.22101593017578125,0.379092007694937,0.0,0.07999999999992763,87.109375,0.07999999999989663,-0.5395441399564209,0.0,0.08,0.07999999999992763,0.07999999999992763,0
76,16,0.46200308203697205,0.379092007694937,0.19779261741472717,0.29707174034294503,85.45454545454545,0.3222878745191579,0.19779261741472717,0.19779261741472717,0.23823409393178174,0.29707174034294503,0.29707174034294503,0
76,9,0.21477079391479492,0.379092007694937,0.0,0.07999999999992763,91.796875,0.07999999999989663,-0.568207535153263,0.0,0.08,0.07999999999992763,0.07999999999992763,0
76,12,0.508915364742279,0.379092007694937,0.2945027784891012,0.23535526472430762,77.34375,0.20096371126703333,0.2945027784891012,0.2945027784891012,0.315602222791281,0.23535526472430762,0.23535526472430762,0
76,13,0.7241488099098206,0.379092007694937,0.6472179572590206,0.5749897786489345,67.3913043478261,0.5652249555810994,0.6472179572590206,0.6472179572590206,0.5977743658072165,0.5749897786489345,0.5749897786489345,0
76,14,0.3603535294532776,0.379092007694937,0.0,0.07999999999992763,90.9090909090909,0.07999999999989663,-0.05069336277788689,0.0,0.08,0.07999999999992763,0.07999999999992763,0
76,19,0.30086812376976013,0.379092007694937,0.0,0.08004276470255128,88.28125,0.08006109243221614,-0.2311068913957508,0.0,0.08,0.08004276470255128,0.08004276470255128,0
77,14,0.17432333528995514,0.3758504910632645,0.0,0.07999999999994933,88.88888888888889,0.07999999999992763,-0.7682795798058208,0.0,0.08,0.07999999999994933,0.07999999999994933,0
77,4,0.37363606691360474,0.3758504910632645,0.0,0.08038580261403706,91.74311926605505,0.08055114659148152,-0.0059091934623924924,0.0,0.08,0.08038580261403706,0.08038580261403706,0
77,1,0.671109676361084,0.3758504910632645,0.5797411298489981,0.30165429190711496,91.66666666666667,0.19788060106193633,0.5797411298489981,0.5797411298489981,0.5437929038791984,0.30165429190711496,0.30165429190711496,0
77,9,0.17107386887073517,0.3758504910632645,0.0,0.07999999999994933,95.703125,0.07999999999992763,-0.787095957389583,0.0,0.08,0.07999999999994933,0.07999999999994933,0
77,0,0.12473823875188828,0.3758504910632645,0.0,0.18321737703629593,100.0,0.22745339576613707,-1.1029739289564704,0.0,0.08,0.18321737703629593,0.18321737703629593,0
77,16,0.3965529799461365,0.3758504910632645,0.05361821562836113,0.2448185899908682,85.0,0.29707174034294503,0.05361821562836113,0.05361821562836113,0.12289457250268891,0.2448185899908682,0.2448185899908682,0
77,19,0.32399293780326843,0.3758504910632645,0.0,0.0800299352917859,85.546875,0.08004276470255128,-0.1484697112533442,0.0,0.08,0.0800299352917859,0.0800299352917859,0
77,8,1.4697108268737793,0.3758504910632645,0.7,0.6399999993170133,39.84375,0.6399999990243049,1.3636294900437402,0.7,0.6399999999999999,0.6399999993170133,0.6399999993170133,0
77,13,0.7765111327171326,0.3758504910632645,0.7,0.5944928450542541,78.26086956521739,0.5749897786489345,0.7256195316417643,0.7,0.6399999999999999,0.5944928450542541,0.5944928450542541,0
77,3,0.42368102073669434,0.3758504910632645,0.11978942535499379,0.18660303159931035,87.6923076923077,0.19121938502015978,0.11978942535499379,0.11978942535499379,0.17583154028399506,0.18660303159931035,0.18660303159931035,0
77,7,0.8497826457023621,0.3758504910632645,0.7,0.6399647835354861,62.5,0.6399496907649802,0.8157891568445682,0.7,0.6399999999999999,0.6399647835354861,0.6399647835354861,0
77,2,0.26490312814712524,0.3758504910632645,0.0,0.09771773106179055,89.23076923076923,0.1053110443739865,-0.34982721802662653,0.0,0.08,0.09771773106179055,0.09771773106179055,0
77,10,0.2887539863586426,0.3758504910632645,0.0,0.08000007966241438,91.796875,0.08000011380344912,-0.26361635882617523,0.0,0.08,0.08000007966241438,0.08000007966241438,0
77,17,0.1428864449262619,0.3758504910632645,0.0,0.07999999999994933,94.921875,0.07999999999992763,-0.9671411674062952,0.0,0.08,0.07999999999994933,0.07999999999994933,0
77,5,0.3648810088634491,0.3758504910632645,0.0,0.08772598478000426,91.40625,0.09103712111429182,-0.029620136045214098,0.0,0.08,0.08772598478000426,0.08772598478000426,0
77,12,0.4921666383743286,0.3758504910632645,0.2696259145794135,0.2534589048060746,82.03125,0.23535526472430762,0.2696259145794135,0.2696259145794135,0.2957007316635308,0.2534589048060746,0.2534589048060746,0
77,15,1.0164501667022705,0.3758504910632645,0.7,0.630010616639051,57.142857142857146,0.6257294523415015,0.9948801565401234,0.7,0.6399999999999999,0.630010616639051,0.630010616639051,0
77,11,1.2083004713058472,0.3758504910632645,0.7,0.6399999981984456,46.875,0.6399999974263509,1.1677786295967572,0.7,0.6399999999999999,0.6399999981984456,0.6399999981984456,0
77,6,0.3288767635822296,0.3758504910632645,0.0,0.07999999999994933,88.671875,0.07999999999992763,-0.1335083285471688,0.0,0.08,0.07999999999994933,0.07999999999994933,0
77,18,0.20369143784046173,0.3758504910632645,0.0,0.07999999999994933,92.1875,0.07999999999992763,-0.612585122510081,0.0,0.08,0.07999999999994933,0.07999999999994933,0
78,14,0.25452089309692383,0.3751912957457908,0.0,0.07999999999996453,92.92929292929293,0.07999999999994933,-0.3880530779503742,0.0,0.08,0.07999999999996453,0.07999999999996453,0
78,15,1.2209185361862183,0.3751912957457908,0.7,0.6330074316473356,78.57142857142857,0.630010616639051,1.1799227166009798,0.7,0.6399999999999999,0.6330074316473356,0.6330074316473356,0
78,4,0.23010998964309692,0.3751912957457908,0.0,0.08027006182982593,94.4954128440367,0.08038580261403706,-0.48887859063279443,0.0,0.08,0.08027006182982593,0.08027006182982593,0
78,9,0.28255462646484375,0.3751912957457908,0.0,0.07999999999996453,91.796875,0.07999999999994933,-0.28356410924242414,0.0,0.08,0.07999999999996453,0.07999999999996453,0
78,13,1.0022169351577759,0.3751912957457908,0.7,0.6081449915379779,63.04347826086956,0.5944928450542541,0.9825337257986833,0.7,0.6399999999999999,0.6081449915379779,0.6081449915379779,0
78,2,0.24321506917476654,0.3751912957457908,0.0,0.09240241174325337,92.3076923076923,0.09771773106179055,-0.4334898931886547,0.0,0.08,0.09240241174325337,0.09240241174325337,0
78,6,0.2283521443605423,0.3751912957457908,0.0,0.07999999999996453,93.359375,0.07999999999994933,-0.49654707049075025,0.0,0.08,0.07999999999996453,0.07999999999996453,0
78,16,0.5087236762046814,0.3751912957457908,0.3044689684270859,0.2684455654161083,87.72727272727273,0.2448185899908682,0.3044689684270859,0.3044689684270859,0.3235751747416687,0.2684455654161083,0.2684455654161083,0
78,19,0.267476886510849,0.3751912957457908,0.0,0.08002095470425012,89.84375,0.0800299352917859,-0.3384028501218936,0.0,0.08,0.08002095470425012,0.08002095470425012,0
78,0,0.12042947858572006,0.3751912957457908,0.0,0.15225216392540714,83.33333333333333,0.18321737703629593,-1.1363716198496894,0.0,0.08,0.15225216392540714,0.15225216392540714,0
78,7,0.7937833666801453,0.3751912957457908,0.7,0.6399753484748403,60.15625,0.6399647835354861,0.7493745541393986,0.7,0.6399999999999999,0.6399753484748403,0.6399753484748403,0
78,3,0.4174923598766327,0.3751912957457908,0.106830223835048,0.18026137583992874,89.74358974358974,0.18660303159931035,0.106830223835048,0.106830223835048,0.1654641790680384,0.18026137583992874,0.18026137583992874,0
78,11,1.1819475889205933,0.3751912957457908,0.7,0.6399999987389118,50.0,0.6399999981984456,1.1474828198845708,0.7,0.6399999999999999,0.6399999987389118,0.6399999987389118,0
78,1,0.31081780791282654,0.3751912957457908,0.0,0.23515800433498046,100.0,0.30165429190711496,-0.18822909850218073,0.0,0.08,0.23515800433498046,0.23515800433498046,0
78,17,0.1557300090789795,0.3751912957457908,0.0,0.07999999999996453,96.875,0.07999999999994933,-0.8793121835238339,0.0,0.08,0.07999999999996453,0.07999999999996453,0
78,5,0.37564387917518616,0.3751912957457908,0.0012055468024677986,0.08569752057859525,91.796875,0.08772598478000426,0.0012055468024677986,0.0012055468024677986,0.08096443744197424,0.08569752057859525,0.08569752057859525,0
78,8,1.3575825691223145,0.3751912957457908,0.7,0.6399999995219093,45.3125,0.6399999993170133,1.2860248371796248,0.7,0.6399999999999999,0.6399999995219093,0.6399999995219093,0
78,18,0.18324558436870575,0.3751912957457908,0.0,0.07999999999996453,88.671875,0.07999999999994933,-0.716608745710681,0.0,0.08,0.07999999999996453,0.07999999999996453,0
78,12,0.43805110454559326,0.3751912957457908,0.1548995588990627,0.23859712750002726,79.6875,0.2534589048060746,0.1548995588990627,0.1548995588990627,0.20391964711925017,0.23859712750002726,0.23859712750002726,0
78,10,0.26597070693969727,0.3751912957457908,0.0,0.08000005576369006,87.890625,0.08000007966241438,-0.34404982851541943,0.0,0.08,0.08000005576369006,0.08000005576369006,0
79,16,0.43756744265556335,0.3673407878900952,0.17494084963876447,0.2538976997045793,89.0909090909091,0.2684455654161083,0.17494084963876447,0.17494084963876447,0.21995267971101157,0.2538976997045793,0.2538976997045793,0
79,19,0.36861681938171387,0.3673407878900952,0.0034676799940718613,0.08084691149155232,88.28125,0.08002095470425012,0.0034676799940718613,0.0034676799940718613,0.0827741439952575,0.08084691149155232,0.08084691149155232,0
79,13,0.5652949213981628,0.3673407878900952,0.43105757565196196,0.5531553122330554,71.73913043478261,0.6081449915379779,0.43105757565196196,0.43105757565196196,0.4248460605215696,0.5531553122330554,0.5531553122330554,0
79,17,0.10979995876550674,0.3673407878900952,0.0,0.07999999999997517,96.484375,0.07999999999996453,-1.2076297771649682,0.0,0.08,0.07999999999997517,0.07999999999997517,0
79,2,0.30159658193588257,0.3673407878900952,0.0,0.08868168822027736,84.61538461538461,0.09240241174325337,-0.19719968565058907,0.0,0.08,0.08868168822027736,0.08868168822027736,0
79,15,1.1813920736312866,0.3673407878900952,0.7,0.6351052021531349,50.0,0.6330074316473356,1.1681587322405782,0.7,0.6399999999999999,0.6351052021531349,0.6351052021531349,0
79,10,0.2720969617366791,0.3673407878900952,0.0,0.08000003903458303,88.28125,0.08000005576369006,-0.3001315052753403,0.0,0.08,0.08000003903458303,0.08000003903458303,0
79,18,0.2186162769794464,0.3673407878900952,0.0,0.07999999999997517,92.1875,0.07999999999996453,-0.5189719429532799,0.0,0.08,0.07999999999997517,0.07999999999997517,0
79,3,0.4478936493396759,0.3673407878900952,0.19826581492027817,0.19776675866881688,89.23076923076923,0.18026137583992874,0.19826581492027817,0.19826581492027817,0.23861265193622255,0.19776675866881688,0.19776675866881688,0
79,0,0.5786461234092712,0.3673407878900952,0.4544011004096783,0.23963277884610779,83.33333333333333,0.15225216392540714,0.4544011004096783,0.4544011004096783,0.4435208803277427,0.23963277884610779,0.23963277884610779,0
79,7,0.8510931134223938,0.3673407878900952,0.7,0.6399827439323882,67.96875,0.6399753484748403,0.840231529041766,0.7,0.6399999999999999,0.6399827439323882,0.6399827439323882,0
79,6,0.2547866106033325,0.3673407878900952,0.0,0.07999999999997517,90.234375,0.07999999999996453,-0.36586360885993835,0.0,0.08,0.07999999999997517,0.07999999999997517,0
79,14,0.30188706517219543,0.3673407878900952,0.0,0.07999999999997517,94.94949494949495,0.07999999999996453,-0.1962369975959508,0.0,0.08,0.07999999999997517,0.07999999999997517,0
79,9,0.24562513828277588,0.3673407878900952,0.0,0.07999999999997517,93.359375,0.07999999999996453,-0.40248343545408305,0.0,0.08,0.07999999999997517,0.07999999999997517,0
79,8,1.446150779724121,0.3673407878900952,0.7,0.6399999996653365,40.625,0.6399999995219093,1.3703706560924245,0.7,0.6399999999999999,0.6399999996653365,0.6399999996653365,0
79,11,1.1561248302459717,0.3673407878900952,0.7,0.6399999991172381,49.21875,0.6399999987389118,1.1465390149206238,0.7,0.6399999999999999,0.6399999991172381,0.6399999991172381,0
79,1,0.25242719054222107,0.3673407878900952,0.0,0.18861060303448632,100.0,0.23515800433498046,-0.37516712931273366,0.0,0.08,0.18861060303448632,0.18861060303448632,0
79,12,0.5012068152427673,0.3673407878900952,0.3107288189587937,0.26559290580012956,84.765625,0.23859712750002726,0.3107288189587937,0.3107288189587937,0.32858305516703495,0.26559290580012956,0.26559290580012956,0
79,4,0.31319481134414673,0.3673407878900952,0.0,0.08018904328087814,94.4954128440367,0.08027006182982593,-0.15946459245434674,0.0,0.08,0.08018904328087814,0.08018904328087814,0
79,5,0.39562076330184937,0.3673407878900952,0.07416608747094322,0.10178812539804305,85.546875,0.08569752057859525,0.07416608747094322,0.07416608747094322,0.1393328699767546,0.10178812539804305,0.10178812539804305,0
80,18,0.19306202232837677,0.36881858823526387,0.0,0.07999999999998261,90.234375,0.07999999999997517,-0.6472933711740546,0.0,0.08,0.07999999999998261,0.07999999999998261,0
80,8,1.4450962543487549,0.36881858823526387,0.7,0.6399999997657355,48.046875,0.6399999996653365,1.3656262977887246,0.7,0.6399999999999999,0.6399999997657355,0.6399999997657355,0
80,9,0.24832889437675476,0.36881858823526387,0.0,0.07999999999998261,92.578125,0.07999999999997517,-0.39555082463740815,0.0,0.08,0.07999999999998261,0.07999999999998261,0
80,0,0.1675109714269638,0.36881858823526387,0.0,0.19174294519227544,66.66666666666667,0.23963277884610779,-0.7892560095912384,0.0,0.08,0.19174294519227544,0.19174294519227544,0
80,4,0.3301311731338501,0.36881858823526387,0.0,0.08013233029661469,87.1559633027523,0.08018904328087814,-0.11081481934877271,0.0,0.08,0.08013233029661469,0.08013233029661469,0
80,12,0.42128148674964905,0.36881858823526387,0.13299632913821918,0.2418341530532633,81.640625,0.26559290580012956,0.13299632913821918,0.13299632913821918,0.18639706331057537,0.2418341530532633,0.2418341530532633,0
80,2,0.30373623967170715,0.36881858823526387,0.0,0.08607718175419415,93.84615384615384,0.08868168822027736,-0.1941451944057458,0.0,0.08,0.08607718175419415,0.08607718175419415,0
80,14,0.2072192132472992,0.36881858823526387,0.0,0.07999999999998261,87.87878787878788,0.07999999999997517,-0.5765276370934117,0.0,0.08,0.07999999999998261,0.07999999999998261,0
80,7,0.780769407749176,0.36881858823526387,0.7,0.6399879207526716,64.0625,0.6399827439323882,0.7499749470247316,0.7,0.6399999999999999,0.6399879207526716,0.6399879207526716,0
80,11,1.1961232423782349,0.36881858823526387,0.7,0.6399999993820666,49.21875,0.6399999991172381,1.1765360635635118,0.7,0.6399999999999999,0.6399999993820666,0.6399999993820666,0
80,3,0.45004910230636597,0.36881858823526387,0.19905179580244828,0.2102091620607594,85.12820512820512,0.19776675866881688,0.19905179580244828,0.19905179580244828,0.23924143664195863,0.2102091620607594,0.2102091620607594,0
80,19,0.34708747267723083,0.36881858823526387,0.0,0.08059283804408662,91.015625,0.08084691149155232,-0.060728059831474474,0.0,0.08,0.08059283804408662,0.08059283804408662,0
80,6,0.3164692223072052,0.36881858823526387,0.0,0.07999999999998261,91.796875,0.07999999999997517,-0.15307889490604046,0.0,0.08,0.07999999999998261,0.07999999999998261,0
80,5,0.36353346705436707,0.36881858823526387,0.0,0.09525168777863013,88.28125,0.10178812539804305,-0.01443353029670933,0.0,0.08,0.09525168777863013,0.09525168777863013,0
80,1,0.05747755244374275,0.36881858823526387,0.0,0.15602742212414042,83.33333333333333,0.18861060303448632,-1.8589102661867263,0.0,0.08,0.15602742212414042,0.15602742212414042,0
80,15,0.6009489297866821,0.36881858823526387,0.48820505270306774,0.5857428541559306,64.28571428571429,0.6351052021531349,0.48820505270306774,0.48820505270306774,0.47056404216245423,0.5857428541559306,0.5857428541559306,0
80,17,0.09349755942821503,0.36881858823526387,0.0,0.07999999999998261,95.3125,0.07999999999997517,-1.3723694789287455,0.0,0.08,0.07999999999998261,0.07999999999998261,0
80,13,0.8196023106575012,0.36881858823526387,0.7,0.5792087185631387,76.08695652173913,0.5531553122330554,0.7985143283467154,0.7,0.6399999999999999,0.5792087185631387,0.5792087185631387,0
80,16,0.44522222876548767,0.36881858823526387,0.18826865099190657,0.24691286603126308,85.9090909090909,0.2538976997045793,0.18826865099190657,0.18826865099190657,0.23061492079352525,0.24691286603126308,0.24691286603126308,0
80,10,0.3025805652141571,0.36881858823526387,0.0,0.0800000273242081,89.453125,0.08000003903458303,-0.1979573131188064,0.0,0.08,0.0800000273242081,0.0800000273242081,0
81,10,0.29592886567115784,0.3657976617022915,0.0,0.08000001912694567,93.359375,0.0800000273242081,-0.21196123043296403,0.0,0.08,0.08000001912694567,0.08000001912694567,0
81,8,1.3012968301773071,0.3657976617022915,0.7,0.6399999998360149,44.140625,0.6399999997657355,1.2690362445858807,0.7,0.6399999999999999,0.6399999998360149,0.6399999998360149,0
81,14,0.23088064789772034,0.3657976617022915,0.0,0.07999999999998783,88.88888888888889,0.07999999999998261,-0.4601794264453953,0.0,0.08,0.07999999999998783,0.07999999999998783,0
81,15,1.4598808288574219,0.3657976617022915,0.7,0.6020199979091514,78.57142857142857,0.5857428541559306,1.3840297231613248,0.7,0.6399999999999999,0.6020199979091514,0.6020199979091514,0
81,1,0.6561219096183777,0.3657976617022915,0.584266253763094,0.27344309639004083,91.66666666666667,0.15602742212414042,0.584266253763094,0.584266253763094,0.5474130030104752,0.27344309639004083,0.27344309639004083,0
81,7,0.6921590566635132,0.3657976617022915,0.6377354233341677,0.6250480461270703,65.234375,0.6399879207526716,0.6377354233341677,0.6377354233341677,0.5901883386673341,0.6250480461270703,0.6250480461270703,0
81,13,0.5978830456733704,0.3657976617022915,0.49131480476258443,0.5473616561372173,80.43478260869566,0.5792087185631387,0.49131480476258443,0.49131480476258443,0.4730518438100676,0.5473616561372173,0.5473616561372173,0
81,4,0.2638072073459625,0.3657976617022915,0.0,0.08009263120763027,86.23853211009174,0.08013233029661469,-0.32686177192197613,0.0,0.08,0.08009263120763027,0.08009263120763027,0
81,17,0.06336794048547745,0.3657976617022915,0.0,0.07999999999998783,96.09375,0.07999999999998261,-1.7531221502081213,0.0,0.08,0.07999999999998783,0.07999999999998783,0
81,11,1.1961368322372437,0.3657976617022915,0.7,0.6399999995674466,47.265625,0.6399999993820666,1.184771973562576,0.7,0.6399999999999999,0.6399999995674466,0.6399999995674466,0
81,16,0.4350736737251282,0.3657976617022915,0.17343503362878918,0.23846341429279355,85.0,0.24691286603126308,0.17343503362878918,0.17343503362878918,0.21874802690303136,0.23846341429279355,0.23846341429279355,0
81,9,0.257406085729599,0.3657976617022915,0.0,0.07999999999998783,94.140625,0.07999999999998261,-0.35142539417445906,0.0,0.08,0.07999999999998783,0.07999999999998783,0
81,19,0.25208011269569397,0.3657976617022915,0.0,0.08041498663086064,88.28125,0.08059283804408662,-0.37233338680719014,0.0,0.08,0.08041498663086064,0.08041498663086064,0
81,18,0.2149827778339386,0.3657976617022915,0.0,0.07999999999998783,91.40625,0.07999999999998261,-0.5315224026526156,0.0,0.08,0.07999999999998783,0.07999999999998783,0
81,3,0.46381881833076477,0.3657976617022915,0.23741364880544785,0.22812568915583906,88.2051282051282,0.2102091620607594,0.23741364880544785,0.23741364880544785,0.2699309190443583,0.22812568915583906,0.22812568915583906,0
81,12,0.4566875994205475,0.3657976617022915,0.22191921815826895,0.24654451949526884,85.546875,0.2418341530532633,0.22191921815826895,0.22191921815826895,0.2575353745266152,0.24654451949526884,0.24654451949526884,0
81,2,0.37309953570365906,0.3657976617022915,0.019764891610908723,0.088997601214554,87.6923076923077,0.08607718175419415,0.019764891610908723,0.019764891610908723,0.09581191328872699,0.088997601214554,0.088997601214554,0
81,6,0.20932216942310333,0.3657976617022915,0.0,0.07999999999998783,93.75,0.07999999999998261,-0.5582057776194007,0.0,0.08,0.07999999999998783,0.07999999999998783,0
81,0,0.10121599584817886,0.3657976617022915,0.0,0.1582200616345928,83.33333333333333,0.19174294519227544,-1.2848234660868165,0.0,0.08,0.1582200616345928,0.1582200616345928,0
81,5,0.42735669016838074,0.3657976617022915,0.15553865690956456,0.12800545910333658,88.671875,0.09525168777863013,0.15553865690956456,0.15553865690956456,0.20443092552765166,0.12800545910333658,0.12800545910333658,0
82,8,1.5441471338272095,0.36924070682566434,0.7,0.6399999998852104,41.015625,0.6399999998360149,1.4307782459757765,0.7,0.6399999999999999,0.6399999998852104,0.6399999998852104,0
82,19,0.2914392352104187,0.36924070682566434,0.0,0.08029049064160244,88.28125,0.08041498663086064,-0.23661721764010502,0.0,0.08,0.08029049064160244,0.08029049064160244,0
82,0,0.2703109085559845,0.36924070682566434,0.0,0.13475404314421494,83.33333333333333,0.1582200616345928,-0.3118759337940166,0.0,0.08,0.13475404314421494,0.13475404314421494,0
82,15,0.7397071719169617,0.36924070682566434,0.6948056273016799,0.6121673490888091,64.28571428571429,0.6020199979091514,0.6948056273016799,0.6948056273016799,0.6358445018413439,0.6121673490888091,0.6121673490888091,0
82,9,0.2200549840927124,0.36924070682566434,0.0,0.07999999999999148,90.625,0.07999999999998783,-0.5175712922114011,0.0,0.08,0.07999999999999148,0.07999999999999148,0
82,5,0.38938626646995544,0.36924070682566434,0.05312306908448143,0.12635335795261113,90.234375,0.12800545910333658,0.05312306908448143,0.05312306908448143,0.12249845526758515,0.12635335795261113,0.12635335795261113,0
82,6,0.21566495299339294,0.36924070682566434,0.0,0.07999999999999148,89.453125,0.07999999999998783,-0.5377226742397412,0.0,0.08,0.07999999999999148,0.07999999999999148,0
82,1,0.4338904321193695,0.36924070682566434,0.16134328424534583,0.25413255569191157,100.0,0.27344309639004083,0.16134328424534583,0.16134328424534583,0.2090746273962767,0.25413255569191157,0.25413255569191157,0
82,14,0.2860719561576843,0.36924070682566434,0.0,0.07999999999999148,91.91919191919192,0.07999999999998783,-0.25520537138604665,0.0,0.08,0.07999999999999148,0.07999999999999148,0
82,13,0.7648593783378601,0.36924070682566434,0.7,0.575153159296052,76.08695652173913,0.5473616561372173,0.7282432303634516,0.7,0.6399999999999999,0.575153159296052,0.575153159296052,0
82,17,0.1292414665222168,0.36924070682566434,0.0,0.07999999999999148,96.875,0.07999999999998783,-1.0497662149298488,0.0,0.08,0.07999999999999148,0.07999999999999148,0
82,12,0.4168614149093628,0.36924070682566434,0.12130507172973679,0.225694380861825,85.15625,0.24654451949526884,0.12130507172973679,0.12130507172973679,0.17704405738378942,0.225694380861825,0.225694380861825,0
82,3,0.40775585174560547,0.36924070682566434,0.09921983675568222,0.20750074323045106,86.15384615384616,0.22812568915583906,0.09921983675568222,0.09921983675568222,0.1593758694045458,0.20750074323045106,0.20750074323045106,0
82,10,0.25675609707832336,0.36924070682566434,0.0,0.08000001338886197,87.890625,0.08000001912694567,-0.36332214585969697,0.0,0.08,0.08000001338886197,0.08000001338886197,0
82,11,1.0589510202407837,0.36924070682566434,0.7,0.6399999996972126,53.90625,0.6399999995674466,1.053585322547742,0.7,0.6399999999999999,0.6399999996972126,0.6399999996972126,0
82,18,0.2079164832830429,0.36924070682566434,0.0,0.07999999999999148,90.625,0.07999999999998783,-0.5743122559863149,0.0,0.08,0.07999999999999148,0.07999999999999148,0
82,4,0.28262993693351746,0.36924070682566434,0.0,0.08006484184534118,87.1559633027523,0.08009263120763027,-0.2673103465052583,0.0,0.08,0.08006484184534118,0.08006484184534118,0
82,7,0.8314357399940491,0.36924070682566434,0.7,0.6295336322889492,64.0625,0.6250480461270703,0.811705245171985,0.7,0.6399999999999999,0.6295336322889492,0.6295336322889492,0
82,16,0.44082796573638916,0.36924070682566434,0.17720594117711513,0.2334538158874631,84.0909090909091,0.23846341429279355,0.17720594117711513,0.17720594117711513,0.22176475294169212,0.2334538158874631,0.2334538158874631,0
82,2,0.3346955478191376,0.36924070682566434,0.0,0.08629832085018779,93.84615384615384,0.088997601214554,-0.09822744447203502,0.0,0.08,0.08629832085018779,0.08629832085018779,0
83,19,0.30903059244155884,0.36852072685755255,0.0,0.08020334344912171,91.796875,0.08029049064160244,-0.17605667472204947,0.0,0.08,0.08020334344912171,0.08020334344912171,0
83,10,0.3079131245613098,0.36852072685755255,0.0,0.08000000937220336,92.578125,0.08000001338886197,-0.17967927119329602,0.0,0.08,0.08000000937220336,0.08000000937220336,0
83,17,0.12092627584934235,0.36852072685755255,0.0,0.07999999999999403,97.265625,0.07999999999999148,-1.1143158316460913,0.0,0.08,0.07999999999999403,0.07999999999999403,0
83,14,0.1992443948984146,0.36852072685755255,0.0,0.07999999999999403,90.9090909090909,0.07999999999999148,-0.6149647472785678,0.0,0.08,0.07999999999999403,0.07999999999999403,0
83,4,0.30226197838783264,0.36852072685755255,0.0,0.08004538929173882,92.66055045871559,0.08006484184534118,-0.19820283122116783,0.0,0.08,0.08004538929173882,0.08004538929173882,0
83,18,0.24012279510498047,0.36852072685755255,0.0,0.07999999999999403,92.578125,0.07999999999999148,-0.42834650333187313,0.0,0.08,0.07999999999999403,0.07999999999999403,0
83,2,0.268795371055603,0.36852072685755255,0.0,0.08440882459513145,93.84615384615384,0.08629832085018779,-0.315546558815201,0.0,0.08,0.08440882459513145,0.08440882459513145,0
83,5,0.3279799818992615,0.36852072685755255,0.0,0.11244735056682778,89.0625,0.12635335795261113,-0.11654437752723104,0.0,0.08,0.11244735056682778,0.11244735056682778,0
83,9,0.22935928404331207,0.36852072685755255,0.0,0.07999999999999403,92.1875,0.07999999999999148,-0.4742072401148843,0.0,0.08,0.07999999999999403,0.07999999999999403,0
83,6,0.3065849840641022,0.36852072685755255,0.0,0.07999999999999403,92.1875,0.07999999999999148,-0.18400196154314472,0.0,0.08,0.07999999999999403,0.07999999999999403,0
83,16,0.4801812171936035,0.36852072685755255,0.26466660555504834,0.2509376564544358,80.0,0.2334538158874631,0.26466660555504834,0.26466660555504834,0.2917332844440387,0.2509376564544358,0.2509376564544358,0
83,0,0.06652973592281342,0.36852072685755255,0.0,0.11832783020095045,66.66666666666667,0.13475404314421494,-1.7118478289838686,0.0,0.08,0.11832783020095045,0.11832783020095045,0
83,15,1.1777204275131226,0.36852072685755255,0.7,0.6205171443621663,50.0,0.6121673490888091,1.1618390327047614,0.7,0.6399999999999999,0.6205171443621663,0.6205171443621663,0
83,7,0.8488790988922119,0.36852072685755255,0.7,0.6326735426022644,64.0625,0.6295336322889492,0.8344198000758358,0.7,0.6399999999999999,0.6326735426022644,0.6326735426022644,0
83,8,1.421380877494812,0.36852072685755255,0.7,0.6399999999196472,42.96875,0.6399999998852104,1.3498871503049166,0.7,0.6399999999999999,0.6399999999196472,0.6399999999196472,0
83,3,0.4187300205230713,0.36852072685755255,0.12772940995538873,0.19990557865060904,84.61538461538461,0.20750074323045106,0.12772940995538873,0.12772940995538873,0.18218352796431098,0.19990557865060904,0.19990557865060904,0
83,1,0.1328454315662384,0.36852072685755255,0.0,0.20189278898433807,95.83333333333333,0.25413255569191157,-1.0203106247630396,0.0,0.08,0.20189278898433807,0.20189278898433807,0
83,12,0.3694542348384857,0.36852072685755255,0.0025299190406069907,0.18259324717302317,78.515625,0.225694380861825,0.0025299190406069907,0.0025299190406069907,0.08202393523248559,0.18259324717302317,0.18259324717302317,0
83,11,1.2030785083770752,0.36852072685755255,0.7,0.6399999997880488,48.046875,0.6399999996972126,1.1831419989099858,0.7,0.6399999999999999,0.6399999997880488,0.6399999997880488,0
83,13,0.711929976940155,0.36852072685755255,0.6584825898841032,0.5846430330794212,73.91304347826087,0.575153159296052,0.6584825898841032,0.6584825898841032,0.6067860719072826,0.5846430330794212,0.5846430330794212,0
84,8,1.3231652975082397,0.3625158400219407,0.7,0.639999999943753,51.953125,0.6399999999196472,1.2947139077579894,0.7,0.6399999999999999,0.639999999943753,0.639999999943753,0
84,1,0.29816555976867676,0.3625158400219407,0.0,0.16532495228903663,79.16666666666667,0.20189278898433807,-0.19541926207165325,0.0,0.08,0.16532495228903663,0.16532495228903663,0
84,15,1.1373203992843628,0.3625158400219407,0.7,0.6263620010535164,35.714285714285715,0.6205171443621663,1.1433620588753142,0.7,0.6399999999999999,0.6263620010535164,0.6263620010535164,0
84,3,0.49067527055740356,0.3625158400219407,0.3027143684131432,0.2365853534745807,80.0,0.19990557865060904,0.3027143684131432,0.3027143684131432,0.3221714947305146,0.2365853534745807,0.2365853534745807,0
84,11,1.1518776416778564,0.3625158400219407,0.7,0.6399999998516341,48.828125,0.6399999997880488,1.15608043293761,0.7,0.6399999999999999,0.6399999998516341,0.6399999998516341,0
84,18,0.192753866314888,0.3625158400219407,0.0,0.07999999999999582,94.140625,0.07999999999999403,-0.6316540747130114,0.0,0.08,0.07999999999999582,0.07999999999999582,0
84,14,0.25836583971977234,0.3625158400219407,0.0,0.07999999999999582,90.9090909090909,0.07999999999999403,-0.33869159489003375,0.0,0.08,0.07999999999999582,0.07999999999999582,0
84,0,0.2904392182826996,0.3625158400219407,0.0,0.10682948114066532,83.33333333333333,0.11832783020095045,-0.22167384009152952,0.0,0.08,0.10682948114066532,0.10682948114066532,0
84,19,0.3745820224285126,0.3625158400219407,0.03274262663603555,0.08800057080703372,86.71875,0.08020334344912171,0.03274262663603555,0.03274262663603555,0.10619410130882845,0.08800057080703372,0.08800057080703372,0
84,13,0.8145054578781128,0.3625158400219407,0.7,0.6012501231555948,71.73913043478261,0.5846430330794212,0.8095129436536641,0.7,0.6399999999999999,0.6012501231555948,0.6012501231555948,0
84,17,0.09753526002168655,0.3625158400219407,0.0,0.07999999999999582,95.703125,0.07999999999999403,-1.3128541411348584,0.0,0.08,0.07999999999999582,0.07999999999999582,0
84,9,0.21668027341365814,0.3625158400219407,0.0,0.07999999999999582,92.578125,0.07999999999999403,-0.5146452787659227,0.0,0.08,0.07999999999999582,0.07999999999999582,0
84,2,0.4188157618045807,0.3625158400219407,0.144362940264249,0.11773328288001178,87.6923076923077,0.08440882459513145,0.144362940264249,0.144362940264249,0.1954903522113992,0.11773328288001178,0.11773328288001178,0
84,6,0.22272881865501404,0.3625158400219407,0.0,0.07999999999999582,91.796875,0.07999999999999403,-0.4871131810232879,0.0,0.08,0.07999999999999582,0.07999999999999582,0
84,7,0.7228688597679138,0.3625158400219407,0.6901596385563852,0.6325097930751175,68.75,0.6326735426022644,0.6901596385563852,0.6901596385563852,0.6321277108451081,0.6325097930751175,0.6325097930751175,0
84,10,0.3378441631793976,0.3625158400219407,0.0,0.08000000656054235,91.015625,0.08000000937220336,-0.07048343445595477,0.0,0.08,0.08000000656054235,0.08000000656054235,0
84,4,0.4269520342350006,0.3625158400219407,0.16360350080109506,0.11929661269647998,90.8256880733945,0.08004538929173882,0.16360350080109506,0.16360350080109506,0.21088280064087606,0.11929661269647998,0.11929661269647998,0
84,5,0.31231632828712463,0.3625158400219407,0.0,0.10271314539677945,91.015625,0.11244735056682778,-0.14905161861567356,0.0,0.08,0.10271314539677945,0.10271314539677945,0
84,12,0.39949923753738403,0.3625158400219407,0.09714368415631539,0.1751297572186319,83.984375,0.18259324717302317,0.09714368415631539,0.09714368415631539,0.1577149473250523,0.1751297572186319,0.1751297572186319,0
84,16,0.5403580665588379,0.3625158400219407,0.39916382700279246,0.29545567799877526,89.54545454545455,0.2509376564544358,0.39916382700279246,0.39916382700279246,0.399331061602234,0.29545567799877526,0.29545567799877526,0
85,0,0.2720911204814911,0.36496831901804144,0.0,0.09878063679846572,66.66666666666667,0.10682948114066532,-0.29367353128617435,0.0,0.08,0.09878063679846572,0.09878063679846572,0
85,16,0.40973466634750366,0.36496831901804144,0.11569923935486438,0.2585867920443101,87.27272727272727,0.29545567799877526,0.11569923935486438,0.11569923935486438,0.17255939148389152,0.2585867920443101,0.2585867920443101,0
85,12,0.39632275700569153,0.36496831901804144,0.08241836745878342,0.16637123824315034,86.71875,0.1751297572186319,0.08241836745878342,0.08241836745878342,0.14593469396702674,0.16637123824315034,0.16637123824315034,0
85,17,0.09340072423219681,0.36496831901804144,0.0,0.07999999999999707,96.875,0.07999999999999582,-1.3629113736418663,0.0,0.08,0.07999999999999707,0.07999999999999707,0
85,19,0.30538004636764526,0.36496831901804144,0.0,0.0856003995649236,89.453125,0.08800057080703372,-0.17825349266685908,0.0,0.08,0.0856003995649236,0.0856003995649236,0
85,10,0.30987975001335144,0.36496831901804144,0.0,0.08000000459237963,94.140625,0.08000000656054235,-0.1636262286910529,0.0,0.08,0.08000000459237963,0.08000000459237963,0
85,13,0.563712477684021,0.36496831901804144,0.43473376790523716,0.5492111905061733,76.08695652173913,0.6012501231555948,0.43473376790523716,0.43473376790523716,0.42778701432418975,0.5492111905061733,0.5492111905061733,0
85,14,0.23090887069702148,0.36496831901804144,0.0,0.07999999999999707,93.93939393939394,0.07999999999999582,-0.4577874031576209,0.0,0.08,0.07999999999999707,0.07999999999999707,0
85,3,0.42325496673583984,0.36496831901804144,0.1481641993234826,0.22516915526984232,88.71794871794872,0.2365853534745807,0.1481641993234826,0.1481641993234826,0.19853135945878608,0.22516915526984232,0.22516915526984232,0
85,11,1.029197335243225,0.36496831901804144,0.7,0.6399999998961439,51.953125,0.6399999998516341,1.0367239209628656,0.7,0.6399999999999999,0.6399999998961439,0.6399999998961439,0
85,9,0.23134194314479828,0.36496831901804144,0.0,0.07999999999999707,92.578125,0.07999999999999582,-0.4559136474268379,0.0,0.08,0.07999999999999707,0.07999999999999707,0
85,4,0.3522236943244934,0.36496831901804144,0.0,0.10750762888753598,95.41284403669725,0.11929661269647998,-0.035544082616596716,0.0,0.08,0.10750762888753598,0.10750762888753598,0
85,2,0.3561563193798065,0.36496831901804144,0.0,0.10641329801600824,89.23076923076923,0.11773328288001178,-0.02444081806904252,0.0,0.08,0.10641329801600824,0.10641329801600824,0
85,7,0.9090261459350586,0.36496831901804144,0.7,0.6347568551525822,69.53125,0.6325097930751175,0.9125632881653203,0.7,0.6399999999999999,0.6347568551525822,0.6347568551525822,0
85,6,0.3315281867980957,0.36496831901804144,0.0,0.07999999999999707,89.453125,0.07999999999999582,-0.09609771578104932,0.0,0.08,0.07999999999999707,0.07999999999999707,0
85,5,0.32021358609199524,0.36496831901804144,0.0,0.09589920177774561,88.28125,0.10271314539677945,-0.13082231909382297,0.0,0.08,0.09589920177774561,0.09589920177774561,0
85,18,0.30299633741378784,0.36496831901804144,0.0,0.07999999999999707,91.796875,0.07999999999999582,-0.1860898293074523,0.0,0.08,0.07999999999999707,0.07999999999999707,0
85,15,1.256602168083191,0.36496831901804144,0.7,0.6304534007374614,64.28571428571429,0.6263620010535164,1.2363560932778075,0.7,0.6399999999999999,0.6304534007374614,0.6304534007374614,0
85,8,1.428787350654602,0.36496831901804144,0.7,0.6399999999606271,38.671875,0.639999999943753,1.3647707839525207,0.7,0.6399999999999999,0.6399999999606271,0.6399999999606271,0
85,1,0.5337740778923035,0.36496831901804144,0.38016211306095443,0.23096637373695472,83.33333333333333,0.16532495228903663,0.38016211306095443,0.38016211306095443,0.3841296904487636,0.23096637373695472,0.23096637373695472,0
86,16,0.4955630898475647,0.3638904878014523,0.30884169930718586,0.2791327622647417,88.63636363636364,0.2585867920443101,0.30884169930718586,0.30884169930718586,0.3270733594457487,0.2791327622647417,0.2791327622647417,0
86,18,0.1969141811132431,0.3638904878014523,0.0,0.07999999999999795,93.359375,0.07999999999999707,-0.6140849364215395,0.0,0.08,0.07999999999999795,0.07999999999999795,0
86,13,0.6699091196060181,0.3638904878014523,0.6102890835706088,0.5549172134112674,73.91304347826087,0.5492111905061733,0.6102890835706088,0.6102890835706088,0.5682312668564871,0.5549172134112674,0.5549172134112674,0
86,2,0.33742862939834595,0.3638904878014523,0.0,0.09848930861120575,83.07692307692308,0.10641329801600824,-0.07549894302593373,0.0,0.08,0.09848930861120575,0.09848930861120575,0
86,19,0.2575744092464447,0.3638904878014523,0.0,0.08392027969544652,89.84375,0.0856003995649236,-0.34554430703077893,0.0,0.08,0.08392027969544652,0.08392027969544652,0
86,0,0.2818986773490906,0.3638904878014523,0.0,0.093146445758926,100.0,0.09878063679846572,-0.25530525049491765,0.0,0.08,0.093146445758926,0.093146445758926,0
86,4,0.3417428731918335,0.3638904878014523,0.0,0.09925534022127519,94.4954128440367,0.10750762888753598,-0.062794341378507,0.0,0.08,0.09925534022127519,0.09925534022127519,0
86,3,0.42060428857803345,0.3638904878014523,0.14483949116335762,0.21637988656809545,85.64102564102564,0.22516915526984232,0.14483949116335762,0.14483949116335762,0.19587159293068612,0.21637988656809545,0.21637988656809545,0
86,14,0.2158035933971405,0.3638904878014523,0.0,0.07999999999999795,96.96969696969697,0.07999999999999707,-0.5224842416226912,0.0,0.08,0.07999999999999795,0.07999999999999795,0
86,12,0.5269738435745239,0.3638904878014523,0.3702979414375169,0.2293313727152093,83.59375,0.16637123824315034,0.3702979414375169,0.3702979414375169,0.3762383531500135,0.2293313727152093,0.2293313727152093,0
86,7,0.8536213636398315,0.3638904878014523,0.7,0.6363297986068075,67.578125,0.6347568551525822,0.8526347469209612,0.7,0.6399999999999999,0.6363297986068075,0.6363297986068075,0
86,9,0.2168886363506317,0.3638904878014523,0.0,0.07999999999999795,94.53125,0.07999999999999707,-0.5174689207866777,0.0,0.08,0.07999999999999795,0.07999999999999795,0
86,11,1.0711755752563477,0.3638904878014523,0.7,0.6399999999273006,52.734375,0.6399999998961439,1.0796590099983987,0.7,0.6399999999999999,0.6399999999273006,0.6399999999273006,0
86,8,1.3689587116241455,0.3638904878014523,0.7,0.6399999999724388,42.1875,0.6399999999606271,1.3249526804611318,0.7,0.6399999999999999,0.6399999999724388,0.6399999999724388,0
86,5,0.3637162148952484,0.3638904878014523,0.0,0.09112944124442193,89.84375,0.09589920177774561,-0.00047903050947771465,0.0,0.08,0.09112944124442193,0.09112944124442193,0
86,1,0.25356823205947876,0.3638904878014523,0.0,0.1856764616158683,87.5,0.23096637373695472,-0.3612200059132197,0.0,0.08,0.1856764616158683,0.1856764616158683,0
86,15,0.9949793815612793,0.3638904878014523,0.7,0.6333173805162229,78.57142857142857,0.6304534007374614,1.0058690327829183,0.7,0.6399999999999999,0.6333173805162229,0.6333173805162229,0
86,17,0.15466943383216858,0.3638904878014523,0.0,0.07999999999999795,97.65625,0.07999999999999707,-0.8555627729540871,0.0,0.08,0.07999999999999795,0.07999999999999795,0
86,6,0.21561890840530396,0.3638904878014523,0.0,0.07999999999999795,89.453125,0.07999999999999707,-0.5233404092717351,0.0,0.08,0.07999999999999795,0.07999999999999795,0
86,10,0.290656715631485,0.3638904878014523,0.0,0.08000000321466574,91.015625,0.08000000459237963,-0.22471005831556626,0.0,0.08,0.08000000321466574,0.08000000321466574,0
87,12,0.4392606019973755,0.361460014150816,0.19494143390982882,0.23131790503900543,87.5,0.2293313727152093,0.19494143390982882,0.19494143390982882,0.23595314712786308,0.23131790503900543,0.23131790503900543,0
87,0,0.7414283156394958,0.361460014150816,0.7,0.25720251203124816,83.33333333333333,0.093146445758926,0.7184270433750225,0.7,0.6399999999999999,0.25720251203124816,0.25720251203124816,0
87,10,0.34436365962028503,0.361460014150816,0.0,0.08000000225026602,91.015625,0.08000000321466574,-0.04845317414030888,0.0,0.08,0.08000000225026602,0.08000000225026602,0
87,19,0.30581969022750854,0.361460014150816,0.0,0.08274419578681255,89.453125,0.08392027969544652,-0.16715573886786303,0.0,0.08,0.08274419578681255,0.08274419578681255,0
87,7,0.7768611311912537,0.361460014150816,0.7,0.6374308590247652,62.890625,0.6363297986068075,0.7651101707091628,0.7,0.6399999999999999,0.6374308590247652,0.6374308590247652,0
87,2,0.17658214271068573,0.361460014150816,0.0,0.09294251602784401,90.76923076923077,0.09848930861120575,-0.716365229687613,0.0,0.08,0.09294251602784401,0.09294251602784401,0
87,1,0.2442346066236496,0.361460014150816,0.0,0.1539735231311078,79.16666666666667,0.1856764616158683,-0.3920221453762364,0.0,0.08,0.1539735231311078,0.1539735231311078,0
87,4,0.37292560935020447,0.361460014150816,0.0312275356067463,0.10097334670051174,88.07339449541284,0.09925534022127519,0.0312275356067463,0.0312275356067463,0.10498202848539705,0.10097334670051174,0.10097334670051174,0
87,6,0.23293651640415192,0.361460014150816,0.0,0.07999999999999856,92.578125,0.07999999999999795,-0.4393854546354798,0.0,0.08,0.07999999999999856,0.07999999999999856,0
87,18,0.19769470393657684,0.361460014150816,0.0,0.07999999999999856,90.625,0.07999999999999795,-0.603427460204847,0.0,0.08,0.07999999999999856,0.07999999999999856,0
87,15,1.3478314876556396,0.361460014150816,0.7,0.635322166361356,71.42857142857143,0.6333173805162229,1.3161008296976242,0.7,0.6399999999999999,0.635322166361356,0.635322166361356,0
87,16,0.4540216028690338,0.361460014150816,0.2279933501245255,0.2741113376152053,85.9090909090909,0.2791327622647417,0.2279933501245255,0.2279933501245255,0.2623946800996204,0.2741113376152053,0.2741113376152053,0
87,5,0.30938640236854553,0.361460014150816,0.0,0.08779060887109535,92.578125,0.09112944124442193,-0.15556043111554232,0.0,0.08,0.08779060887109535,0.08779060887109535,0
87,8,1.3870129585266113,0.361460014150816,0.7,0.6399999999807071,43.75,0.6399999999724388,1.3447563181042355,0.7,0.6399999999999999,0.6399999999807071,0.6399999999807071,0
87,3,0.44142815470695496,0.361460014150816,0.19986384723810327,0.2234332439348116,91.7948717948718,0.21637988656809545,0.19986384723810327,0.19986384723810327,0.23989107779048263,0.2234332439348116,0.2234332439348116,0
87,9,0.21077817678451538,0.361460014150816,0.0,0.07999999999999856,94.921875,0.07999999999999795,-0.5393451191609809,0.0,0.08,0.07999999999999856,0.07999999999999856,0
87,13,1.0248512029647827,0.361460014150816,0.7,0.5804420493878871,63.04347826086956,0.5549172134112674,1.0421512707307956,0.7,0.6399999999999999,0.5804420493878871,0.5804420493878871,0
87,17,0.13107159733772278,0.361460014150816,0.0,0.07999999999999856,94.921875,0.07999999999999795,-1.0144076574651044,0.0,0.08,0.07999999999999856,0.07999999999999856,0
87,11,1.0078449249267578,0.361460014150816,0.7,0.6399999999491104,49.21875,0.6399999999273006,1.0254181501774116,0.7,0.6399999999999999,0.6399999999491104,0.6399999999491104,0
87,14,0.20128922164440155,0.361460014150816,0.0,0.07999999999999856,94.94949494949495,0.07999999999999795,-0.5854086150737924,0.0,0.08,0.07999999999999856,0.07999999999999856,0
88,13,0.7707901000976562,0.36117847618425886,0.7,0.598309434571521,65.21739130434783,0.5804420493878871,0.7580438480496187,0.7,0.6399999999999999,0.598309434571521,0.598309434571521,0
88,3,0.409037321805954,0.36117847618425886,0.12443416997674053,0.21026747154878583,91.28205128205128,0.2234332439348116,0.12443416997674053,0.12443416997674053,0.17954733598139244,0.21026747154878583,0.21026747154878583,0
88,0,0.849791944026947,0.36117847618425886,0.7,0.3720417584218737,83.33333333333333,0.25720251203124816,0.8556193018475986,0.7,0.6399999999999999,0.3720417584218737,0.3720417584218737,0
88,2,0.2590923309326172,0.36117847618425886,0.0,0.0890597612194908,93.84615384615384,0.09294251602784401,-0.3321877308542086,0.0,0.08,0.0890597612194908,0.0890597612194908,0
88,1,0.17031370103359222,0.36117847618425886,0.0,0.13178146619177544,87.5,0.1539735231311078,-0.7517301622216195,0.0,0.08,0.13178146619177544,0.13178146619177544,0
88,10,0.26160621643066406,0.36117847618425886,0.0,0.0800000015751862,91.015625,0.08000000225026602,-0.3225318370696013,0.0,0.08,0.0800000015751862,0.0800000015751862,0
88,14,0.2497796267271042,0.36117847618425886,0.0,0.07999999999999899,90.9090909090909,0.07999999999999856,-0.3687931816474051,0.0,0.08,0.07999999999999899,0.07999999999999899,0
88,16,0.46823009848594666,0.36117847618425886,0.25958760216945836,0.27817896085131366,85.0,0.2741113376152053,0.25958760216945836,0.25958760216945836,0.2876700817355667,0.27817896085131366,0.27817896085131366,0
88,9,0.21473726630210876,0.36117847618425886,0.0,0.07999999999999899,89.453125,0.07999999999999856,-0.5199569474850193,0.0,0.08,0.07999999999999899,0.07999999999999899,0
88,11,1.0108109712600708,0.36117847618425886,0.7,0.6399999999643772,60.15625,0.6399999999491104,1.0291359816748014,0.7,0.6399999999999999,0.6399999999643772,0.6399999999643772,0
88,17,0.12094350904226303,0.36117847618425886,0.0,0.07999999999999899,97.65625,0.07999999999999856,-1.0940486058657282,0.0,0.08,0.07999999999999899,0.07999999999999899,0
88,5,0.43995532393455505,0.36117847618425886,0.19730095026447528,0.13280565427324081,90.234375,0.08779060887109535,0.19730095026447528,0.19730095026447528,0.23784076021158024,0.13280565427324081,0.13280565427324081,0
88,7,0.8523801565170288,0.36117847618425886,0.7,0.6382016013173355,67.1875,0.6374308590247652,0.8586603744318798,0.7,0.6399999999999999,0.6382016013173355,0.6382016013173355,0
88,19,0.3018619120121002,0.36117847618425886,0.0,0.08192093705076878,90.625,0.08274419578681255,-0.17940255676867137,0.0,0.08,0.08192093705076878,0.08192093705076878,0
88,4,0.37297767400741577,0.36117847618425886,0.03214633174581989,0.10239646230935498,91.74311926605505,0.10097334670051174,0.03214633174581989,0.03214633174581989,0.10571706539665592,0.10239646230935498,0.10239646230935498,0
88,18,0.18575885891914368,0.36117847618425886,0.0,0.07999999999999899,91.40625,0.07999999999999856,-0.6649228287153778,0.0,0.08,0.07999999999999899,0.07999999999999899,0
88,8,1.5288777351379395,0.36117847618425886,0.7,0.6399999999864949,41.015625,0.6399999999807071,1.4429169876241035,0.7,0.6399999999999999,0.6399999999864949,0.6399999999864949,0
88,12,0.45186668634414673,0.36117847618425886,0.22401495903244356,0.23968612369509024,86.328125,0.23131790503900543,0.22401495903244356,0.22401495903244356,0.25921196722595485,0.23968612369509024,0.23968612369509024,0
88,15,0.6092436909675598,0.36117847618425886,0.522846095747444,0.5942085794323357,78.57142857142857,0.635322166361356,0.522846095747444,0.522846095747444,0.4982768765979552,0.5942085794323357,0.5942085794323357,0
88,6,0.3017174005508423,0.36117847618425886,0.0,0.07999999999999899,90.234375,0.07999999999999856,-0.17988140505330566,0.0,0.08,0.07999999999999899,0.07999999999999899,0
89,9,0.19447317719459534,0.3641613783565014,0.0,0.0799999999999993,92.96875,0.07999999999999899,-0.6273028454660561,0.0,0.08,0.0799999999999993,0.0799999999999993,0
89,13,0.6758391261100769,0.3641613783565014,0.6183579394097171,0.5912225096583967,65.21739130434783,0.598309434571521,0.6183579394097171,0.6183579394097171,0.5746863515277737,0.5912225096583967,0.5912225096583967,0
89,4,0.2673261761665344,0.3641613783565014,0.0,0.0956775236165485,89.90825688073394,0.10239646230935498,-0.30912756017792054,0.0,0.08,0.0956775236165485,0.0956775236165485,0
89,7,0.8538998365402222,0.3641613783565014,0.7,0.6387411209221348,67.96875,0.6382016013173355,0.8522167672161736,0.7,0.6399999999999999,0.6387411209221348,0.6387411209221348,0
89,2,0.3484940230846405,0.3641613783565014,0.0,0.08634183285364355,86.15384615384616,0.0890597612194908,-0.04397603563538475,0.0,0.08,0.08634183285364355,0.08634183285364355,0
89,14,0.27237799763679504,0.3641613783565014,0.0,0.0799999999999993,95.95959595959596,0.07999999999999899,-0.29040630851271115,0.0,0.08,0.0799999999999993,0.0799999999999993,0
89,12,0.3948793113231659,0.3641613783565014,0.08098305860312037,0.21121622065131204,84.375,0.23968612369509024,0.08098305860312037,0.08098305860312037,0.1447864468824963,0.21121622065131204,0.21121622065131204,0
89,17,0.12825006246566772,0.3641613783565014,0.0,0.0799999999999993,95.3125,0.07999999999999899,-1.0436150948958711,0.0,0.08,0.0799999999999993,0.0799999999999993,0
89,10,0.2756991982460022,0.3641613783565014,0.0,0.08000000110263034,91.40625,0.0800000015751862,-0.27828669775083104,0.0,0.08,0.08000000110263034,0.08000000110263034,0
89,5,0.32317236065864563,0.3641613783565014,0.0,0.11696395799126857,90.625,0.13280565427324081,-0.11941130781180052,0.0,0.08,0.11696395799126857,0.11696395799126857,0
89,6,0.23142270743846893,0.3641613783565014,0.0,0.0799999999999993,87.5,0.07999999999999899,-0.45335116014880594,0.0,0.08,0.0799999999999993,0.0799999999999993,0
89,16,0.49625328183174133,0.3641613783565014,0.3094893214124509,0.2930027097349078,87.72727272727273,0.27817896085131366,0.3094893214124509,0.3094893214124509,0.32759145712996074,0.2930027097349078,0.2930027097349078,0
89,11,1.1154240369796753,0.3641613783565014,0.7,0.639999999975064,50.78125,0.6399999999643772,1.1193927788057452,0.7,0.6399999999999999,0.639999999975064,0.639999999975064,0
89,1,0.2550787925720215,0.3641613783565014,0.0,0.1162470263342428,87.5,0.13178146619177544,-0.3560246168682494,0.0,0.08,0.1162470263342428,0.1162470263342428,0
89,0,0.09846066683530807,0.3641613783565014,0.0,0.2844292308953116,100.0,0.3720417584218737,-1.3079398954586021,0.0,0.08,0.2844292308953116,0.2844292308953116,0
89,8,1.411080002784729,0.3641613783565014,0.7,0.6399999999905464,46.09375,0.6399999999864949,1.354513512702532,0.7,0.6399999999999999,0.6399999999905464,0.6399999999905464,0
89,15,0.8250781893730164,0.3641613783565014,0.7,0.607946005602635,64.28571428571429,0.5942085794323357,0.817881024980437,0.7,0.6399999999999999,0.607946005602635,0.607946005602635,0
89,3,0.45498016476631165,0.3641613783565014,0.22265670207845703,0.22462483858297977,91.28205128205128,0.21026747154878583,0.22265670207845703,0.22265670207845703,0.2581253616627656,0.22462483858297977,0.22462483858297977,0
89,18,0.16728459298610687,0.3641613783565014,0.0,0.0799999999999993,90.625,0.07999999999999899,-0.7779005725838852,0.0,0.08,0.0799999999999993,0.0799999999999993,0
89,19,0.33885693550109863,0.3641613783565014,0.0,0.08134465593553813,92.1875,0.08192093705076878,-0.07201911533556012,0.0,0.08,0.08134465593553813,0.08134465593553813,0
90,12,0.4206681251525879,0.3608467053288385,0.1533909883984379,0.20866519167154352,82.03125,0.21121622065131204,0.1533909883984379,0.1533909883984379,0.2027127907187503,0.20866519167154352,0.20866519167154352,0
90,14,0.19161447882652283,0.3608467053288385,0.0,0.0799999999999995,92.92929292929293,0.0799999999999993,-0.6329677740246501,0.0,0.08,0.0799999999999995,0.0799999999999995,0
90,13,0.8140953779220581,0.3608467053288385,0.7,0.6058557567608777,78.26086956521739,0.5912225096583967,0.8136242864339132,0.7,0.6399999999999999,0.6058557567608777,0.6058557567608777,0
90,4,0.3186151385307312,0.3608467053288385,0.0,0.09097426653158394,97.24770642201835,0.0956775236165485,-0.12446931335947704,0.0,0.08,0.09097426653158394,0.09097426653158394,0
90,16,0.5778889060020447,0.3608467053288385,0.470928406471915,0.34212471436769504,87.72727272727273,0.2930027097349078,0.470928406471915,0.470928406471915,0.456742725177532,0.34212471436769504,0.34212471436769504,0
90,17,0.1736544370651245,0.3608467053288385,0.0,0.0799999999999995,96.09375,0.0799999999999993,-0.7313858686617404,0.0,0.08,0.0799999999999995,0.0799999999999995,0
90,5,0.3352007567882538,0.3608467053288385,0.0,0.105874770593888,88.671875,0.11696395799126857,-0.07372360072276235,0.0,0.08,0.105874770593888,0.105874770593888,0
90,11,1.1294361352920532,0.3608467053288385,0.7,0.6399999999825448,47.65625,0.639999999975064,1.14102054382147,0.7,0.6399999999999999,0.6399999999825448,0.6399999999825448,0
90,6,0.20298896729946136,0.3608467053288385,0.0,0.0799999999999995,90.625,0.0799999999999993,-0.5753015783324197,0.0,0.08,0.0799999999999995,0.0799999999999995,0
90,19,0.3060152232646942,0.3608467053288385,0.0,0.08094125915487668,91.40625,0.08134465593553813,-0.16481837425846224,0.0,0.08,0.08094125915487668,0.08094125915487668,0
90,2,0.43321049213409424,0.3608467053288385,0.18277050110394022,0.12830420326249614,90.76923076923077,0.08634183285364355,0.18277050110394022,0.18277050110394022,0.2262164008831522,0.12830420326249614,0.12830420326249614,0
90,1,0.20818032324314117,0.3608467053288385,0.0,0.10537291843396995,79.16666666666667,0.1162470263342428,-0.5500485660512631,0.0,0.08,0.10537291843396995,0.10537291843396995,0
90,0,0.3128267228603363,0.3608467053288385,0.0,0.2231004616267181,100.0,0.2844292308953116,-0.14280378875464558,0.0,0.08,0.2231004616267181,0.2231004616267181,0
90,7,0.7288778424263,0.3608467053288385,0.7,0.6391187846454943,69.921875,0.6387411209221348,0.7030529061164439,0.7,0.6399999999999999,0.6391187846454943,0.6391187846454943,0
90,8,1.263337254524231,0.3608467053288385,0.7,0.6399999999933824,46.875,0.6399999999905464,1.2530588642815954,0.7,0.6399999999999999,0.6399999999933824,0.6399999999933824,0
90,10,0.31141528487205505,0.3608467053288385,0.0,0.08000000077184123,94.140625,0.08000000110263034,-0.1473258822082193,0.0,0.08,0.08000000077184123,0.08000000077184123,0
90,9,0.21854929625988007,0.3608467053288385,0.0,0.0799999999999995,93.359375,0.0799999999999993,-0.5014416098638541,0.0,0.08,0.0799999999999995,0.0799999999999995,0
90,18,0.16899411380290985,0.3608467053288385,0.0,0.0799999999999995,86.71875,0.0799999999999993,-0.7585893129609442,0.0,0.08,0.0799999999999995,0.0799999999999995,0
90,3,0.4352581799030304,0.3608467053288385,0.1874861381379187,0.2262340601611863,87.6923076923077,0.22462483858297977,0.1874861381379187,0.1874861381379187,0.229988910510335,0.2262340601611863,0.2262340601611863,0
90,15,1.5567446947097778,0.3608467053288385,0.7,0.6175622039218445,35.714285714285715,0.607946005602635,1.4618989353609717,0.7,0.6399999999999999,0.6175622039218445,0.6175622039218445,0
91,4,0.359878271818161,0.35745282956190394,0.006762432095901619,0.08930497027512514,89.90825688073394,0.09097426653158394,0.006762432095901619,0.006762432095901619,0.08540994567672129,0.08930497027512514,0.08930497027512514,0
91,2,0.31180059909820557,0.35745282956190394,0.0,0.1138129422837473,95.38461538461539,0.12830420326249614,-0.13663952601100557,0.0,0.08,0.1138129422837473,0.1138129422837473,0
91,17,0.0777352973818779,0.35745282956190394,0.0,0.07999999999999965,94.921875,0.0799999999999995,-1.525693875501422,0.0,0.08,0.07999999999999965,0.07999999999999965,0
91,18,0.223856583237648,0.35745282956190394,0.0,0.07999999999999965,92.1875,0.0799999999999995,-0.46799779804944663,0.0,0.08,0.07999999999999965,0.07999999999999965,0
91,10,0.3881456255912781,0.35745282956190394,0.08237718253649426,0.09977052434904748,91.796875,0.08000000077184123,0.08237718253649426,0.08237718253649426,0.14590174602919542,0.09977052434904748,0.09977052434904748,0
91,8,1.3160150051116943,0.35745282956190394,0.7,0.6399999999953676,48.046875,0.6399999999933824,1.3033600853566658,0.7,0.6399999999999999,0.6399999999953676,0.6399999999953676,0
91,14,0.31698524951934814,0.35745282956190394,0.0,0.07999999999999965,94.94949494949495,0.0799999999999995,-0.12014816326568914,0.0,0.08,0.07999999999999965,0.07999999999999965,0
91,6,0.24779455363750458,0.35745282956190394,0.0,0.07999999999999965,92.578125,0.0799999999999995,-0.36640340567731944,0.0,0.08,0.07999999999999965,0.07999999999999965,0
91,5,0.30670708417892456,0.35745282956190394,0.0,0.09811233941572159,87.109375,0.105874770593888,-0.15311023459221218,0.0,0.08,0.09811233941572159,0.09811233941572159,0
91,12,0.4382845163345337,0.35745282956190394,0.20386486685607244,0.21899320221553786,84.765625,0.20866519167154352,0.20386486685607244,0.20386486685607244,0.243091893484858,0.21899320221553786,0.21899320221553786,0
91,0,0.11348428577184677,0.35745282956190394,0.0,0.18017032313870265,83.33333333333333,0.2231004616267181,-1.1473389720181093,0.0,0.08,0.18017032313870265,0.18017032313870265,0
91,19,0.3064993917942047,0.35745282956190394,0.0,0.08065888140841368,86.328125,0.08094125915487668,-0.15378763248028307,0.0,0.08,0.08065888140841368,0.08065888140841368,0
91,3,0.49566423892974854,0.35745282956190394,0.32689534390965064,0.2608187246511465,87.17948717948718,0.2262340601611863,0.32689534390965064,0.32689534390965064,0.34151627512772054,0.2608187246511465,0.2608187246511465,0
91,7,0.6564909219741821,0.35745282956190394,0.6079054448424765,0.6172804560140404,68.359375,0.6391187846454943,0.6079054448424765,0.6079054448424765,0.5663243558739812,0.6172804560140404,0.6172804560140404,0
91,9,0.20986828207969666,0.35745282956190394,0.0,0.07999999999999965,92.578125,0.0799999999999995,-0.5325232827382628,0.0,0.08,0.07999999999999965,0.07999999999999965,0
91,15,0.46027472615242004,0.35745282956190394,0.25282012758125866,0.5169703733647931,57.142857142857146,0.6175622039218445,0.25282012758125866,0.25282012758125866,0.28225610206500695,0.5169703733647931,0.5169703733647931,0
91,13,0.5780811905860901,0.35745282956190394,0.4807109081254351,0.5634696476827188,78.26086956521739,0.6058557567608777,0.4807109081254351,0.4807109081254351,0.46456872650034814,0.5634696476827188,0.5634696476827188,0
91,16,0.44844645261764526,0.35745282956190394,0.2267858683905301,0.31791590847111373,85.0,0.34212471436769504,0.2267858683905301,0.2267858683905301,0.2614286947124241,0.31791590847111373,0.31791590847111373,0
91,11,1.0728620290756226,0.35745282956190394,0.7,0.6399999999877812,59.765625,0.6399999999825448,1.09908172328856,0.7,0.6399999999999999,0.6399999999877812,0.6399999999877812,0
91,1,0.19463391602039337,0.35745282956190394,0.0,0.09776104290377896,75.0,0.10537291843396995,-0.6078829443593659,0.0,0.08,0.09776104290377896,0.09776104290377896,0
92,7,0.7178846001625061,0.355550722672589,0.7,0.6240963192098282,70.3125,0.6172804560140404,0.7026408990516422,0.7,0.6399999999999999,0.6240963192098282,0.6240963192098282,0
92,6,0.20619173347949982,0.355550722672589,0.0,0.07999999999999975,92.578125,0.07999999999999965,-0.5448614175416074,0.0,0.08,0.07999999999999975,0.07999999999999975,0
92,5,0.44490623474121094,0.355550722672589,0.22419562699276707,0.1464855880692692,90.234375,0.09811233941572159,0.22419562699276707,0.22419562699276707,0.2593565015942137,0.1464855880692692,0.1464855880692692,0
92,15,1.0559184551239014,0.355550722672589,0.7,0.5538792613553551,71.42857142857143,0.5169703733647931,1.0884983032271096,0.7,0.6399999999999999,0.5538792613553551,0.5538792613553551,0
92,13,0.7313171625137329,0.355550722672589,0.7,0.5864287533779031,69.56521739130434,0.5634696476827188,0.7211793071737903,0.7,0.6399999999999999,0.5864287533779031,0.5864287533779031,0
92,19,0.3060075044631958,0.355550722672589,0.0,0.08046121698588957,94.53125,0.08065888140841368,-0.15005828828113024,0.0,0.08,0.08046121698588957,0.08046121698588957,0
92,1,0.30806949734687805,0.355550722672589,0.0,0.09243273003264527,87.5,0.09776104290377896,-0.14334251628390157,0.0,0.08,0.09243273003264527,0.09243273003264527,0
92,3,0.4506434202194214,0.355550722672589,0.2370084594402645,0.26345513752146604,90.25641025641026,0.2608187246511465,0.2370084594402645,0.2370084594402645,0.26960676755221163,0.26345513752146604,0.26345513752146604,0
92,2,0.2814857065677643,0.355550722672589,0.0,0.1036690595986231,92.3076923076923,0.1138129422837473,-0.2335862411430826,0.0,0.08,0.1036690595986231,0.1036690595986231,0
92,18,0.2505844831466675,0.355550722672589,0.0,0.07999999999999975,89.0625,0.07999999999999965,-0.34987178535782937,0.0,0.08,0.07999999999999975,0.07999999999999975,0
92,12,0.3673454821109772,0.355550722672589,0.032634853616322214,0.1851276064187938,85.15625,0.21899320221553786,0.032634853616322214,0.032634853616322214,0.10610788289305778,0.1851276064187938,0.1851276064187938,0
92,0,0.8308720588684082,0.355550722672589,0.7,0.3181192261970918,100.0,0.18017032313870265,0.8488078875894487,0.7,0.6399999999999999,0.3181192261970918,0.3181192261970918,0
92,17,0.15651822090148926,0.355550722672589,0.0,0.07999999999999975,94.921875,0.07999999999999965,-0.8204954524223269,0.0,0.08,0.07999999999999975,0.07999999999999975,0
92,10,0.27831387519836426,0.355550722672589,0.0,0.09383936704433324,92.1875,0.09977052434904748,-0.2449183867985931,0.0,0.08,0.09383936704433324,0.09383936704433324,0
92,9,0.2594510614871979,0.355550722672589,0.0,0.07999999999999975,95.703125,0.07999999999999965,-0.3150998113552286,0.0,0.08,0.07999999999999975,0.07999999999999975,0
92,11,1.0708214044570923,0.355550722672589,0.7,0.6399999999914469,48.4375,0.6399999999877812,1.102513363004078,0.7,0.6399999999999999,0.6399999999914469,0.6399999999914469,0
92,4,0.3278561532497406,0.355550722672589,0.0,0.08651347919258759,91.74311926605505,0.08930497027512514,-0.08109296147567797,0.0,0.08,0.08651347919258759,0.08651347919258759,0
92,14,0.14245127141475677,0.355550722672589,0.0,0.07999999999999975,90.9090909090909,0.07999999999999965,-0.9146678905572128,0.0,0.08,0.07999999999999975,0.07999999999999975,0
92,8,1.320567011833191,0.355550722672589,0.7,0.6399999999967573,47.65625,0.6399999999953676,1.3121485383386589,0.7,0.6399999999999999,0.6399999999967573,0.6399999999967573,0
92,16,0.3652068078517914,0.355550722672589,0.02679587036181009,0.252972144816614,85.0,0.31791590847111373,0.02679587036181009,0.02679587036181009,0.10143669628944807,0.252972144816614,0.252972144816614,0
93,9,0.2584356963634491,0.3546487984604067,0.0,0.07999999999999982,92.1875,0.07999999999999975,-0.3164810829972423,0.0,0.08,0.07999999999999982,0.07999999999999982,0
93,5,0.29593509435653687,0.3546487984604067,0.0,0.12653991164848843,90.625,0.1464855880692692,-0.18098783963216725,0.0,0.08,0.12653991164848843,0.12653991164848843,0
93,13,0.8468416333198547,0.3546487984604067,0.7,0.6025001273645322,69.56521739130434,0.5864287533779031,0.8703856874500928,0.7,0.6399999999999999,0.6025001273645322,0.6025001273645322,0
93,15,0.9768285751342773,0.3546487984604067,0.7,0.5797154829487485,57.142857142857146,0.5538792613553551,1.0131831585483395,0.7,0.6399999999999999,0.5797154829487485,0.5797154829487485,0
93,2,0.33596542477607727,0.3546487984604067,0.0,0.09656834171903617,92.3076923076923,0.1036690595986231,-0.05411974589925188,0.0,0.08,0.09656834171903617,0.09656834171903617,0
93,19,0.3392544686794281,0.3546487984604067,0.0,0.0803228518901227,89.84375,0.08046121698588957,-0.044377527544647175,0.0,0.08,0.0803228518901227,0.0803228518901227,0
93,10,0.3194368779659271,0.3546487984604067,0.0,0.08968755693103325,91.40625,0.09383936704433324,-0.10456830732819035,0.0,0.08,0.08968755693103325,0.08968755693103325,0
93,3,0.4902508854866028,0.3546487984604067,0.32378926378608036,0.2861280195736855,88.2051282051282,0.26345513752146604,0.32378926378608036,0.32378926378608036,0.3390314110288643,0.2861280195736855,0.2861280195736855,0
93,12,0.43764132261276245,0.3546487984604067,0.21027167172113062,0.204054525706227,86.71875,0.1851276064187938,0.21027167172113062,0.21027167172113062,0.2482173373769045,0.204054525706227,0.204054525706227,0
93,6,0.2415151745080948,0.3546487984604067,0.0,0.07999999999999982,89.84375,0.07999999999999975,-0.38419568095450896,0.0,0.08,0.07999999999999982,0.07999999999999982,0
93,14,0.2639734447002411,0.3546487984604067,0.0,0.07999999999999982,91.91919191919192,0.07999999999999975,-0.2952794801675384,0.0,0.08,0.07999999999999982,0.07999999999999982,0
93,1,0.1574750542640686,0.3546487984604067,0.0,0.08870291102285169,87.5,0.09243273003264527,-0.8118609042819337,0.0,0.08,0.08870291102285169,0.08870291102285169,0
93,8,1.3428637981414795,0.3546487984604067,0.7,0.63999999999773,50.0,0.6399999999967573,1.3314317548196244,0.7,0.6399999999999999,0.63999999999773,0.63999999999773,0
93,16,0.3472594916820526,0.3546487984604067,0.0,0.20108050137162978,85.45454545454545,0.252972144816614,-0.021055683965050167,0.0,0.08,0.20108050137162978,0.20108050137162978,0
93,17,0.0826406478881836,0.3546487984604067,0.0,0.07999999999999982,96.484375,0.07999999999999975,-1.456626242207925,0.0,0.08,0.07999999999999982,0.07999999999999982,0
93,11,1.0640274286270142,0.3546487984604067,0.7,0.6399999999940127,53.125,0.6399999999914469,1.0986884298719124,0.7,0.6399999999999999,0.6399999999940127,0.6399999999940127,0
93,7,0.8885450959205627,0.3546487984604067,0.7,0.6288674234468797,67.578125,0.6240963192098282,0.9184573847966061,0.7,0.6399999999999999,0.6288674234468797,0.6288674234468797,0
93,4,0.3807128071784973,0.3546487984604067,0.07091730233947252,0.10157958799628472,90.8256880733945,0.08651347919258759,0.07091730233947252,0.07091730233947252,0.13673384187157803,0.10157958799628472,0.10157958799628472,0
93,18,0.1432403177022934,0.3546487984604067,0.0,0.07999999999999982,91.015625,0.07999999999999975,-0.9066041949680462,0.0,0.08,0.07999999999999982,0.07999999999999982,0
93,0,0.08488965034484863,0.3546487984604067,0.0,0.24668345833796426,100.0,0.3181192261970918,-1.4297757282594583,0.0,0.08,0.24668345833796426,0.24668345833796426,0
94,18,0.15280978381633759,0.3529449132871413,0.0,0.07999999999999988,92.96875,0.07999999999999982,-0.8371180497428196,0.0,0.08,0.07999999999999988,0.07999999999999988,0
94,6,0.2729026675224304,0.3529449132871413,0.0,0.07999999999999988,94.921875,0.07999999999999982,-0.25719678104332067,0.0,0.08,0.07999999999999988,0.07999999999999988,0
94,15,1.1151388883590698,0.3529449132871413,0.7,0.5978008380641239,64.28571428571429,0.5797154829487485,1.1504222285771917,0.7,0.6399999999999999,0.5978008380641239,0.5978008380641239,0
94,14,0.26015666127204895,0.3529449132871413,0.0,0.07999999999999988,90.9090909090909,0.07999999999999982,-0.3050279887262816,0.0,0.08,0.07999999999999988,0.07999999999999988,0
94,0,0.17841269075870514,0.3529449132871413,0.0,0.19667842083657497,100.0,0.24668345833796426,-0.6822126098723852,0.0,0.08,0.19667842083657497,0.19667842083657497,0
94,7,0.7696415185928345,0.3529449132871413,0.7,0.6322071964128158,66.796875,0.6288674234468797,0.7796128390870549,0.7,0.6399999999999999,0.6322071964128158,0.6322071964128158,0
94,3,0.4135330319404602,0.3529449132871413,0.15842539915099682,0.26231170949781907,90.25641025641026,0.2861280195736855,0.15842539915099682,0.15842539915099682,0.20674031932079745,0.26231170949781907,0.26231170949781907,0
94,5,0.38302260637283325,0.3529449132871413,0.08178201794117869,0.13220562245982478,87.5,0.12653991164848843,0.08178201794117869,0.08178201794117869,0.14542561435294296,0.13220562245982478,0.13220562245982478,0
94,9,0.24490100145339966,0.3529449132871413,0.0,0.07999999999999988,91.015625,0.07999999999999982,-0.36545792606130234,0.0,0.08,0.07999999999999988,0.07999999999999988,0
94,8,1.1663490533828735,0.3529449132871413,0.7,0.639999999998411,52.734375,0.63999999999773,1.1953216702837361,0.7,0.6399999999999999,0.639999999998411,0.639999999998411,0
94,10,0.2256420999765396,0.3529449132871413,0.0,0.08678128985172329,94.140625,0.08968755693103325,-0.44736186017490975,0.0,0.08,0.08678128985172329,0.08678128985172329,0
94,17,0.09436210989952087,0.3529449132871413,0.0,0.07999999999999988,97.65625,0.07999999999999982,-1.3191722997084974,0.0,0.08,0.07999999999999988,0.07999999999999988,0
94,19,0.3183245360851288,0.3529449132871413,0.0,0.08022599632308589,92.578125,0.0803228518901227,-0.10324057256729662,0.0,0.08,0.08022599632308589,0.08022599632308589,0
94,13,0.7054619193077087,0.3529449132871413,0.6925407870484213,0.6119598780467935,67.3913043478261,0.6025001273645322,0.6925407870484213,0.6925407870484213,0.634032629638737,0.6119598780467935,0.6119598780467935,0
94,11,0.9364561438560486,0.3529449132871413,0.7,0.6399999999958088,57.03125,0.6399999999940127,0.9757906815495787,0.7,0.6399999999999999,0.6399999999958088,0.6399999999958088,0
94,1,0.2702083885669708,0.3529449132871413,0.0,0.08609203771599618,83.33333333333333,0.08870291102285169,-0.267118512255507,0.0,0.08,0.08609203771599618,0.08609203771599618,0
94,16,0.4704757034778595,0.3529449132871413,0.28743231907726685,0.23374010753868488,87.72727272727273,0.20108050137162978,0.28743231907726685,0.28743231907726685,0.3099458552618135,0.23374010753868488,0.23374010753868488,0
94,2,0.30576291680336,0.3529449132871413,0.0,0.09159783920332532,92.3076923076923,0.09656834171903617,-0.14350196740722135,0.0,0.08,0.09159783920332532,0.09159783920332532,0
94,12,0.43458038568496704,0.3529449132871413,0.20806893785673183,0.21677471307997453,86.328125,0.204054525706227,0.20806893785673183,0.20806893785673183,0.2464551502853855,0.21677471307997453,0.21677471307997453,0
94,4,0.42813438177108765,0.3529449132871413,0.19312512568157955,0.1414557417609784,87.1559633027523,0.10157958799628472,0.19312512568157955,0.19312512568157955,0.23450010054526366,0.1414557417609784,0.1414557417609784,0
95,16,0.44775280356407166,0.3527177790813253,0.23857305187221153,0.24487560772641018,86.81818181818181,0.23374010753868488,0.23857305187221153,0.23857305187221153,0.2708584414977692,0.24487560772641018,0.24487560772641018,0
95,7,0.862066388130188,0.3527177790813253,0.7,0.634545037488971,73.4375,0.6322071964128158,0.893664022858059,0.7,0.6399999999999999,0.634545037488971,0.634545037488971,0
95,17,0.13372324407100677,0.3527177790813253,0.0,0.0799999999999999,94.921875,0.07999999999999988,-0.9698958766154172,0.0,0.08,0.0799999999999999,0.0799999999999999,0
95,6,0.3254765272140503,0.3527177790813253,0.0,0.0799999999999999,91.015625,0.07999999999999988,-0.08037789607352154,0.0,0.08,0.0799999999999999,0.0799999999999999,0
95,19,0.4613255262374878,0.3527177790813253,0.26843567331497153,0.14458275902175327,83.984375,0.08022599632308589,0.26843567331497153,0.26843567331497153,0.29474853865197725,0.14458275902175327,0.14458275902175327,0
95,1,0.42109236121177673,0.3527177790813253,0.17718394583744865,0.126788573402185,87.5,0.08609203771599618,0.17718394583744865,0.17718394583744865,0.22174715666995892,0.126788573402185,0.126788573402185,0
95,5,0.2778438329696655,0.3527177790813253,0.0,0.11654393572187735,91.40625,0.13220562245982478,-0.23860903289970592,0.0,0.08,0.11654393572187735,0.11654393572187735,0
95,13,0.7628544569015503,0.3527177790813253,0.7,0.6203719146327554,82.6086956521739,0.6119598780467935,0.7713990022534303,0.7,0.6399999999999999,0.6203719146327554,0.6203719146327554,0
95,18,0.20080746710300446,0.3527177790813253,0.0,0.0799999999999999,93.75,0.07999999999999988,-0.5633216491393305,0.0,0.08,0.0799999999999999,0.0799999999999999,0
95,2,0.46358877420425415,0.3527177790813253,0.27332964551107974,0.15371760236498686,92.3076923076923,0.09159783920332532,0.27332964551107974,0.27332964551107974,0.2986637164088638,0.15371760236498686,0.15371760236498686,0
95,11,1.0089315176010132,0.3527177790813253,0.7,0.6399999999970661,55.46875,0.6399999999958088,1.0509788835743261,0.7,0.6399999999999999,0.6399999999970661,0.6399999999970661,0
95,15,0.8168209791183472,0.3527177790813253,0.7,0.6104605866448867,64.28571428571429,0.5978008380641239,0.8397516904537626,0.7,0.6399999999999999,0.6104605866448867,0.6104605866448867,0
95,10,0.4010273814201355,0.3527177790813253,0.12836145992219733,0.11555365327753364,91.40625,0.08678128985172329,0.12836145992219733,0.12836145992219733,0.18268916793775786,0.11555365327753364,0.11555365327753364,0
95,12,0.32823997735977173,0.3527177790813253,0.0,0.17574229915598216,83.203125,0.21677471307997453,-0.07192326320756215,0.0,0.08,0.17574229915598216,0.17574229915598216,0
95,3,0.501681923866272,0.3527177790813253,0.35229804817542926,0.29216972821057635,86.15384615384616,0.26231170949781907,0.35229804817542926,0.35229804817542926,0.3618384385403434,0.29216972821057635,0.29216972821057635,0
95,8,1.2928569316864014,0.3527177790813253,0.7,0.6399999999988876,44.53125,0.639999999998411,1.2989414592045798,0.7,0.6399999999999999,0.6399999999988876,0.6399999999988876,0
95,14,0.20908528566360474,0.3527177790813253,0.0,0.0799999999999999,87.87878787878788,0.07999999999999988,-0.5229259909001382,0.0,0.08,0.0799999999999999,0.0799999999999999,0
95,9,0.23226815462112427,0.3527177790813253,0.0,0.0799999999999999,93.75,0.07999999999999988,-0.41777568669572696,0.0,0.08,0.0799999999999999,0.0799999999999999,0
95,0,0.22932499647140503,0.3527177790813253,0.0,0.16167489458560247,100.0,0.19667842083657497,-0.430528033217308,0.0,0.08,0.16167489458560247,0.16167489458560247,0
95,4,0.36036810278892517,0.3527177790813253,0.021457771709217484,0.12816888444289706,89.90825688073394,0.1414557417609784,0.021457771709217484,0.021457771709217484,0.09716621736737399,0.12816888444289706,0.12816888444289706,0
96,0,0.3209255635738373,0.35855198830478835,0.0,0.13717242620992173,83.33333333333333,0.16167489458560247,-0.11086445538632032,0.0,0.08,0.13717242620992173,0.13717242620992173,0
96,19,0.3045083284378052,0.35855198830478835,0.0,0.12520793131522728,89.0625,0.14458275902175327,-0.16337522280046285,0.0,0.08,0.12520793131522728,0.12520793131522728,0
96,6,0.28153347969055176,0.35855198830478835,0.0,0.07999999999999993,87.890625,0.0799999999999999,-0.24182228439881498,0.0,0.08,0.07999999999999993,0.07999999999999993,0
96,13,0.7362896203994751,0.35855198830478835,0.7,0.6262603402429288,69.56521739130434,0.6203719146327554,0.7195498672771842,0.7,0.6399999999999999,0.6262603402429288,0.6262603402429288,0
96,18,0.16929754614830017,0.35855198830478835,0.0,0.07999999999999993,92.96875,0.0799999999999999,-0.7504158396093965,0.0,0.08,0.07999999999999993,0.07999999999999993,0
96,12,0.3943329453468323,0.35855198830478835,0.09512192315648865,0.16984887096674478,85.546875,0.17574229915598216,0.09512192315648865,0.09512192315648865,0.15609753852519093,0.16984887096674478,0.16984887096674478,0
96,10,0.3314135670661926,0.35855198830478835,0.0,0.10488755729427354,92.96875,0.11555365327753364,-0.07870662063669553,0.0,0.08,0.10488755729427354,0.10488755729427354,0
96,11,1.1490528583526611,0.35855198830478835,0.7,0.6399999999979462,50.390625,0.6399999999970661,1.1646195956739709,0.7,0.6399999999999999,0.6399999999979462,0.6399999999979462,0
96,16,0.44020015001296997,0.35855198830478835,0.20515583898522885,0.24465032676494206,90.0,0.24487560772641018,0.20515583898522885,0.20515583898522885,0.2441246711881831,0.24465032676494206,0.24465032676494206,0
96,15,1.0647456645965576,0.35855198830478835,0.7,0.6193224106514206,64.28571428571429,0.6104605866448867,1.0884175528221018,0.7,0.6399999999999999,0.6193224106514206,0.6193224106514206,0
96,17,0.10405851900577545,0.35855198830478835,0.0,0.07999999999999993,95.703125,0.0799999999999999,-1.2371201738652768,0.0,0.08,0.07999999999999993,0.07999999999999993,0
96,2,0.34822025895118713,0.35855198830478835,0.0,0.1316023216554908,95.38461538461539,0.15371760236498686,-0.029238457309560224,0.0,0.08,0.1316023216554908,0.1316023216554908,0
96,8,1.2923767566680908,0.35855198830478835,0.7,0.6399999999992212,40.625,0.6399999999988876,1.2821645632916396,0.7,0.6399999999999999,0.6399999999992212,0.6399999999992212,0
96,4,0.2583411931991577,0.35855198830478835,0.0,0.11371821911002794,95.41284403669725,0.12816888444289706,-0.327792489389721,0.0,0.08,0.11371821911002794,0.11371821911002794,0
96,9,0.20140455663204193,0.35855198830478835,0.0,0.07999999999999993,91.40625,0.0799999999999999,-0.5767580391411433,0.0,0.08,0.07999999999999993,0.07999999999999993,0
96,3,0.40596550703048706,0.35855198830478835,0.12419452896455999,0.2583254966988978,89.74358974358974,0.29216972821057635,0.12419452896455999,0.12419452896455999,0.179355623171648,0.2583254966988978,0.2583254966988978,0
96,1,0.2903304100036621,0.35855198830478835,0.0,0.11275200138152949,91.66666666666667,0.126788573402185,-0.21105403990418709,0.0,0.08,0.11275200138152949,0.11275200138152949,0
96,5,0.3714222013950348,0.35855198830478835,0.03526575803276334,0.11404453693317734,89.0625,0.11654393572187735,0.03526575803276334,0.03526575803276334,0.10821260642621068,0.11404453693317734,0.11404453693317734,0
96,7,0.7891386151313782,0.35855198830478835,0.7,0.6361815262422796,67.578125,0.634545037488971,0.7888683090566702,0.7,0.6399999999999999,0.6361815262422796,0.6361815262422796,0
96,14,0.29842057824134827,0.35855198830478835,0.0,0.07999999999999993,92.92929292929293,0.0799999999999999,-0.18356983221127268,0.0,0.08,0.07999999999999993,0.07999999999999993,0
97,12,0.3810838460922241,0.3566784807751785,0.06618465569521177,0.15877852704357215,81.25,0.16984887096674478,0.06618465569521177,0.06618465569521177,0.13294772455616943,0.15877852704357215,0.15877852704357215,0
97,9,0.27152401208877563,0.3566784807751785,0.0,0.07999999999999995,92.96875,0.07999999999999993,-0.27278417533615845,0.0,0.08,0.07999999999999995,0.07999999999999995,0
97,15,0.9379087686538696,0.3566784807751785,0.7,0.6255256874559944,92.85714285714286,0.6193224106514206,0.9668179034305467,0.7,0.6399999999999999,0.6255256874559944,0.6255256874559944,0
97,5,0.32377275824546814,0.3566784807751785,0.0,0.10383117585322413,87.890625,0.11404453693317734,-0.09679285277656965,0.0,0.08,0.10383117585322413,0.10383117585322413,0
97,8,1.2667605876922607,0.3566784807751785,0.7,0.6399999999994548,49.609375,0.6399999999992212,1.2673834204253347,0.7,0.6399999999999999,0.6399999999994548,0.6399999999994548,0
97,7,0.7029010057449341,0.3566784807751785,0.6783812893138133,0.6321385778049109,69.140625,0.6361815262422796,0.6783812893138133,0.6783812893138133,0.6227050314510506,0.6321385778049109,0.6321385778049109,0
97,10,0.32937029004096985,0.3566784807751785,0.0,0.09742129010599149,95.703125,0.10488755729427354,-0.07965214007595417,0.0,0.08,0.09742129010599149,0.09742129010599149,0
97,1,0.38420569896698,0.3566784807751785,0.07434331964187173,0.12076879768111985,91.66666666666667,0.11275200138152949,0.07434331964187173,0.07434331964187173,0.13947465571349738,0.12076879768111985,0.12076879768111985,0
97,2,0.2646404206752777,0.3566784807751785,0.0,0.11612162515884356,96.92307692307692,0.1316023216554908,-0.29846275070990663,0.0,0.08,0.11612162515884356,0.11612162515884356,0
97,0,0.21259842813014984,0.3566784807751785,0.0,0.1200206983469452,83.33333333333333,0.13717242620992173,-0.5174296705821629,0.0,0.08,0.1200206983469452,0.1200206983469452,0
97,19,0.26790741086006165,0.3566784807751785,0.0,0.11164555192065909,89.453125,0.12520793131522728,-0.28619331366531026,0.0,0.08,0.11164555192065909,0.11164555192065909,0
97,16,0.4603039026260376,0.3566784807751785,0.2550521610078166,0.2564677473773354,87.27272727272727,0.24465032676494206,0.2550521610078166,0.2550521610078166,0.2840417288062533,0.2564677473773354,0.2564677473773354,0
97,17,0.09089139848947525,0.3566784807751785,0.0,0.07999999999999995,96.875,0.07999999999999993,-1.3671693092953154,0.0,0.08,0.07999999999999995,0.07999999999999995,0
97,11,1.104027271270752,0.3566784807751785,0.7,0.6399999999985623,56.640625,0.6399999999979462,1.1298851478832481,0.7,0.6399999999999999,0.6399999999985623,0.6399999999985623,0
97,14,0.20483864843845367,0.3566784807751785,0.0,0.07999999999999995,88.88888888888889,0.07999999999999993,-0.5546121526858667,0.0,0.08,0.07999999999999995,0.07999999999999995,0
97,6,0.24914954602718353,0.3566784807751785,0.0,0.07999999999999995,91.796875,0.07999999999999993,-0.35878144716851407,0.0,0.08,0.07999999999999995,0.07999999999999995,0
97,13,0.517322301864624,0.3566784807751785,0.37183131751827664,0.5516217543744365,71.73913043478261,0.6262603402429288,0.37183131751827664,0.37183131751827664,0.3774650540146213,0.5516217543744365,0.5516217543744365,0
97,18,0.20657500624656677,0.3566784807751785,0.0,0.07999999999999995,95.3125,0.07999999999999993,-0.5461711687098957,0.0,0.08,0.07999999999999995,0.07999999999999995,0
97,3,0.41067609190940857,0.3566784807751785,0.14097004064573454,0.23866065744420475,88.71794871794872,0.2583254966988978,0.14097004064573454,0.14097004064573454,0.19277603251658765,0.23866065744420475,0.23866065744420475,0
97,4,0.4416968524456024,0.3566784807751785,0.21378902527216076,0.15491211944233813,92.66055045871559,0.11371821911002794,0.21378902527216076,0.21378902527216076,0.2510312202177286,0.15491211944233813,0.15491211944233813,0
98,10,0.302920937538147,0.35653333950432037,0.0,0.09219490307419403,94.921875,0.09742129010599149,-0.16295591022058226,0.0,0.08,0.09219490307419403,0.09219490307419403,0
98,14,0.27452194690704346,0.35653333950432037,0.0,0.07999999999999996,93.93939393939394,0.07999999999999995,-0.26139653599273827,0.0,0.08,0.07999999999999996,0.07999999999999996,0
98,7,0.7725893259048462,0.35653333950432037,0.7,0.6344970044634376,72.65625,0.6321385778049109,0.7733198647939845,0.7,0.6399999999999999,0.6344970044634376,0.6344970044634376,0
98,15,1.202237844467163,0.35653333950432037,0.7,0.629867981219196,57.142857142857146,0.6255256874559944,1.2155121952954637,0.7,0.6399999999999999,0.629867981219196,0.629867981219196,0
98,6,0.29483839869499207,0.35653333950432037,0.0,0.07999999999999996,92.578125,0.07999999999999995,-0.19000034335082014,0.0,0.08,0.07999999999999996,0.07999999999999996,0
98,13,0.4626786708831787,0.35653333950432037,0.26060503691245585,0.47268043692109496,71.73913043478261,0.5516217543744365,0.26060503691245585,0.26060503691245585,0.2884840295299647,0.47268043692109496,0.47268043692109496,0
98,17,0.09397540986537933,0.35653333950432037,0.0,0.07999999999999996,94.921875,0.07999999999999995,-1.333394525194306,0.0,0.08,0.07999999999999996,0.07999999999999996,0
98,3,0.4575023949146271,0.35653333950432037,0.24935435886995921,0.2509075063397335,88.2051282051282,0.23866065744420475,0.24935435886995921,0.24935435886995921,0.2794834870959674,0.2509075063397335,0.2509075063397335,0
98,8,1.2501784563064575,0.35653333950432037,0.7,0.6399999999996183,55.078125,0.6399999999994548,1.2546138106746174,0.7,0.6399999999999999,0.6399999999996183,0.6399999999996183,0
98,16,0.42333894968032837,0.35653333950432037,0.1717453988038668,0.2447463188770628,88.18181818181819,0.2564677473773354,0.1717453988038668,0.1717453988038668,0.21739631904309342,0.2447463188770628,0.2447463188770628,0
98,11,1.1802042722702026,0.35653333950432037,0.7,0.6399999999989935,48.046875,0.6399999999985623,1.1970150405682483,0.7,0.6399999999999999,0.6399999999989935,0.6399999999989935,0
98,1,0.34670189023017883,0.35653333950432037,0.0,0.1085381583767839,87.5,0.12076879768111985,-0.027962448893638622,0.0,0.08,0.1085381583767839,0.1085381583767839,0
98,19,0.31974929571151733,0.35653333950432037,0.0,0.10215188634446135,93.75,0.11164555192065909,-0.10889051336707345,0.0,0.08,0.10215188634446135,0.10215188634446135,0
98,9,0.23196667432785034,0.35653333950432037,0.0,0.07999999999999996,91.796875,0.07999999999999995,-0.42983402315637154,0.0,0.08,0.07999999999999996,0.07999999999999996,0
98,12,0.4361798167228699,0.35653333950432037,0.20162682245260322,0.18353540631912527,82.8125,0.15877852704357215,0.20162682245260322,0.20162682245260322,0.24130145796208258,0.18353540631912527,0.18353540631912527,0
98,0,0.7041552066802979,0.35653333950432037,0.6805710276195527,0.2713515354715543,100.0,0.1200206983469452,0.6805710276195527,0.6805710276195527,0.6244568220956421,0.2713515354715543,0.2713515354715543,0
98,4,0.29523032903671265,0.35653333950432037,0.0,0.13243848360963667,88.9908256880734,0.15491211944233813,-0.1886719205158062,0.0,0.08,0.13243848360963667,0.13243848360963667,0
98,5,0.4105011820793152,0.35653333950432037,0.14095105038157119,0.13051007518883398,87.109375,0.10383117585322413,0.14095105038157119,0.14095105038157119,0.19276084030525698,0.13051007518883398,0.13051007518883398,0
98,18,0.23302586376667023,0.35653333950432037,0.0,0.07999999999999996,89.0625,0.07999999999999995,-0.4252782888663824,0.0,0.08,0.07999999999999996,0.07999999999999996,0
98,2,0.27006766200065613,0.35653333950432037,0.0,0.10528513761119049,89.23076923076923,0.11612162515884356,-0.2777552178421679,0.0,0.08,0.10528513761119049,0.10528513761119049,0
99,1,0.22374951839447021,0.358740159169363,0.0,0.09997671086374874,79.16666666666667,0.1085381583767839,-0.4720711142676008,0.0,0.08,0.09997671086374874,0.09997671086374874,0
99,9,0.22409354150295258,0.358740159169363,0.0,0.07999999999999996,94.921875,0.07999999999999996,-0.47053475838048875,0.0,0.08,0.07999999999999996,0.07999999999999996,0
99,16,0.36654606461524963,0.358740159169363,0.021525864923937404,0.20048863079568893,86.81818181818181,0.2447463188770628,0.021525864923937404,0.021525864923937404,0.09722069193914992,0.20048863079568893,0.20048863079568893,0
99,4,0.3320397138595581,0.358740159169363,0.0,0.11670693852674566,96.3302752293578,0.13243848360963667,-0.07734375174776434,0.0,0.08,0.11670693852674566,0.11670693852674566,0
99,8,1.3220689296722412,0.358740159169363,0.7,0.6399999999997328,44.921875,0.6399999999996183,1.3043548033781236,0.7,0.6399999999999999,0.6399999999997328,0.6399999999997328,0
99,14,0.22502227127552032,0.358740159169363,0.0,0.07999999999999996,86.86868686868686,0.07999999999999996,-0.46639893849344927,0.0,0.08,0.07999999999999996,0.07999999999999996,0
99,7,0.6532748341560364,0.358740159169363,0.5993995716118207,0.6120038003112432,69.140625,0.6344970044634376,0.5993995716118207,0.5993995716118207,0.5595196572894565,0.6120038003112432,0.6120038003112432,0
99,12,0.40706488490104675,0.358740159169363,0.12637425597747,0.18280460585798047,84.765625,0.18353540631912527,0.12637425597747,0.12637425597747,0.181099404781976,0.18280460585798047,0.18280460585798047,0
99,15,1.2557458877563477,0.358740159169363,0.7,0.6329075868534371,57.142857142857146,0.629867981219196,1.2528866521708952,0.7,0.6399999999999999,0.6329075868534371,0.6329075868534371,0
99,0,0.1865747570991516,0.358740159169363,0.0,0.21394607483008798,83.33333333333333,0.2713515354715543,-0.6537663089655799,0.0,0.08,0.21394607483008798,0.21394607483008798,0
99,13,0.6449430584907532,0.358740159169363,0.5865636833081662,0.49565158983872637,78.26086956521739,0.47268043692109496,0.5865636833081662,0.5865636833081662,0.549250946646533,0.49565158983872637,0.49565158983872637,0
99,2,0.2890210449695587,0.358740159169363,0.0,0.09769959632783334,89.23076923076923,0.10528513761119049,-0.2160988236615187,0.0,0.08,0.09769959632783334,0.09769959632783334,0
99,6,0.21310538053512573,0.358740159169363,0.0,0.07999999999999996,92.578125,0.07999999999999996,-0.520811529100811,0.0,0.08,0.07999999999999996,0.07999999999999996,0
99,11,1.0731981992721558,0.358740159169363,0.7,0.6399999999992954,48.4375,0.6399999999989935,1.095800086276687,0.7,0.6399999999999999,0.6399999999992954,0.6399999999992954,0
99,18,0.25765326619148254,0.358740159169363,0.0,0.07999999999999996,92.1875,0.07999999999999996,-0.33098357332620887,0.0,0.08,0.07999999999999996,0.07999999999999996,0
99,17,0.1580304652452469,0.358740159169363,0.0,0.07999999999999996,95.703125,0.07999999999999996,-0.8198104679593414,0.0,0.08,0.07999999999999996,0.07999999999999996,0
99,10,0.2855151891708374,0.358740159169363,0.0,0.08853643215193582,91.796875,0.09219490307419403,-0.22830309898140808,0.0,0.08,0.08853643215193582,0.08853643215193582,0
99,19,0.22312483191490173,0.358740159169363,0.0,0.09550632044112295,89.453125,0.10215188634446135,-0.47486691965712247,0.0,0.08,0.09550632044112295,0.09550632044112295,0
99,3,0.4226315915584564,0.358740159169363,0.16390251758893876,0.23897185865915874,91.28205128205128,0.2509075063397335,0.16390251758893876,0.16390251758893876,0.211122014071151,0.23897185865915874,0.23897185865915874,0
99,5,0.3464948534965515,0.358740159169363,0.0,0.11535705263218379,86.71875,0.13051007518883398,-0.034730369129827354,0.0,0.08,0.11535705263218379,0.11535705263218379,0
100,7,0.750636637210846,0.35391918119388255,0.7,0.6204026602178703,71.09375,0.6120038003112432,0.751853095785944,0.7,0.6399999999999999,0.6204026602178703,0.6204026602178703,0
100,16,0.38337692618370056,0.35391918119388255,0.07995005917489831,0.18353005575895784,87.72727272727273,0.20048863079568893,0.07995005917489831,0.07995005917489831,0.14396004733991866,0.18353005575895784,0.18353005575895784,0
100,10,0.37348389625549316,0.35391918119388255,0.053806301024650574,0.09888901475227121,92.1875,0.08853643215193582,0.053806301024650574,0.053806301024650574,0.12304504081972047,0.09888901475227121,0.09888901475227121,0
100,1,0.1933516263961792,0.35391918119388255,0.0,0.0939836976046241,79.16666666666667,0.09997671086374874,-0.6045581322057554,0.0,0.08,0.0939836976046241,0.0939836976046241,0
100,8,1.3567521572113037,0.35391918119388255,0.7,0.6399999999998129,44.921875,0.6399999999997328,1.3437803966853572,0.7,0.6399999999999999,0.6399999999998129,0.6399999999998129,0
100,9,0.2556260824203491,0.35391918119388255,0.0,0.07999999999999996,95.3125,0.07999999999999996,-0.32535281329684024,0.0,0.08,0.07999999999999996,0.07999999999999996,0
100,3,0.37359651923179626,0.35391918119388255,0.054107802634936544,0.2042661736937959,91.28205128205128,0.23897185865915874,0.054107802634936544,0.054107802634936544,0.12328624210794924,0.2042661736937959,0.2042661736937959,0
100,18,0.23531438410282135,0.35391918119388255,0.0,0.07999999999999996,87.890625,0.07999999999999996,-0.40814614634185725,0.0,0.08,0.07999999999999996,0.07999999999999996,0
100,17,0.1399887204170227,0.35391918119388255,0.0,0.07999999999999996,94.921875,0.07999999999999996,-0.9275066912638342,0.0,0.08,0.07999999999999996,0.07999999999999996,0
100,4,0.3396194279193878,0.35391918119388255,0.0,0.10569485696872197,95.41284403669725,0.11670693852674566,-0.0412429231230359,0.0,0.08,0.10569485696872197,0.10569485696872197,0
100,5,0.289495587348938,0.35391918119388255,0.0,0.10474993684252865,91.015625,0.11535705263218379,-0.20092852449009163,0.0,0.08,0.10474993684252865,0.10474993684252865,0
100,14,0.26380684971809387,0.35391918119388255,0.0,0.07999999999999996,93.93939393939394,0.07999999999999996,-0.29385137018641866,0.0,0.08,0.07999999999999996,0.07999999999999996,0
100,13,0.612440288066864,0.35391918119388255,0.5483828515124165,0.5025679972500884,76.08695652173913,0.49565158983872637,0.5483828515124165,0.5483828515124165,0.5187062812099332,0.5025679972500884,0.5025679972500884,0
100,6,0.175734281539917,0.35391918119388255,0.0,0.07999999999999996,91.796875,0.07999999999999996,-0.7000954664893606,0.0,0.08,0.07999999999999996,0.07999999999999996,0
100,19,0.22710828483104706,0.35391918119388255,0.0,0.09085442430878607,91.40625,0.09550632044112295,-0.44364164015170354,0.0,0.08,0.09085442430878607,0.09085442430878607,0
100,2,0.24258744716644287,0.35391918119388255,0.0,0.09238971742948335,89.23076923076923,0.09769959632783334,-0.37770632014312977,0.0,0.08,0.09238971742948335,0.09238971742948335,0
100,11,1.2376708984375,0.35391918119388255,0.7,0.6399999999995067,42.96875,0.6399999999992954,1.251917979123307,0.7,0.6399999999999999,0.6399999999995067,0.6399999999995067,0
100,0,0.1553000956773758,0.35391918119388255,0.0,0.17376225238106158,100.0,0.21394607483008798,-0.8237092029849254,0.0,0.08,0.17376225238106158,0.17376225238106158,0
100,15,1.220582365989685,0.35391918119388255,0.7,0.6350353107974059,71.42857142857143,0.6329075868534371,1.2380147675853004,0.7,0.6399999999999999,0.6350353107974059,0.6350353107974059,0
100,12,0.32619091868400574,0.35391918119388255,0.0,0.15196322410058632,83.984375,0.18280460585798047,-0.08158573287348626,0.0,0.08,0.15196322410058632,0.15196322410058632,0
101,15,0.7768597602844238,0.3493115883761415,0.7,0.6365247175581841,78.57142857142857,0.6350353107974059,0.7992955023671783,0.7,0.6399999999999999,0.6365247175581841,0.6365247175581841,0
101,14,0.24720501899719238,0.3493115883761415,0.0,0.07999999999999996,88.88888888888889,0.07999999999999996,-0.3457462866719481,0.0,0.08,0.07999999999999996,0.07999999999999996,0
101,6,0.21979552507400513,0.3493115883761415,0.0,0.07999999999999996,93.359375,0.07999999999999996,-0.46326662771018245,0.0,0.08,0.07999999999999996,0.07999999999999996,0
101,16,0.39895567297935486,0.3493115883761415,0.1328859846056025,0.18436367533661507,87.72727272727273,0.18353005575895784,0.1328859846056025,0.1328859846056025,0.186308787684482,0.18436367533661507,0.18436367533661507,0
101,7,0.8957922458648682,0.3493115883761415,0.7,0.6262818621525091,63.671875,0.6204026602178703,0.9417441729098732,0.7,0.6399999999999999,0.6262818621525091,0.6262818621525091,0
101,13,0.8782936334609985,0.3493115883761415,0.7,0.5437975980750618,82.6086956521739,0.5025679972500884,0.922016627687594,0.7,0.6399999999999999,0.5437975980750618,0.5437975980750618,0
101,3,0.4759611189365387,0.3493115883761415,0.3093718331105521,0.24123556153218964,88.2051282051282,0.2042661736937959,0.3093718331105521,0.3093718331105521,0.3274974664884417,0.24123556153218964,0.24123556153218964,0
101,5,0.333927184343338,0.3493115883761415,0.0,0.09732495578977005,91.40625,0.10474993684252865,-0.0450413676809083,0.0,0.08,0.09732495578977005,0.09732495578977005,0
101,19,0.2726973295211792,0.3493115883761415,0.0,0.08759809701615023,92.578125,0.09085442430878607,-0.2476018221489896,0.0,0.08,0.08759809701615023,0.08759809701615023,0
101,1,0.5382835268974304,0.3493115883761415,0.432421085702505,0.19356964889183806,87.5,0.0939836976046241,0.432421085702505,0.432421085702505,0.425936868562004,0.19356964889183806,0.19356964889183806,0
101,12,0.3821069598197937,0.3493115883761415,0.08973623922463546,0.15191095428432294,82.03125,0.15196322410058632,0.08973623922463546,0.08973623922463546,0.15178899137970836,0.15191095428432294,0.15191095428432294,0
101,11,1.0280221700668335,0.3493115883761415,0.7,0.6399999999996546,54.296875,0.6399999999995067,1.079427665834527,0.7,0.6399999999999999,0.6399999999996546,0.6399999999996546,0
101,8,1.347550630569458,0.3493115883761415,0.7,0.639999999999869,46.09375,0.6399999999998129,1.3500795273162862,0.7,0.6399999999999999,0.639999999999869,0.639999999999869,0
101,9,0.18313467502593994,0.3493115883761415,0.0,0.07999999999999996,93.359375,0.07999999999999996,-0.6457424900018239,0.0,0.08,0.07999999999999996,0.07999999999999996,0
101,17,0.16862981021404266,0.3493115883761415,0.0,0.07999999999999996,94.140625,0.07999999999999996,-0.7282584563632221,0.0,0.08,0.07999999999999996,0.07999999999999996,0
101,18,0.16976390779018402,0.3493115883761415,0.0,0.07999999999999996,91.40625,0.07999999999999996,-0.7215556028830642,0.0,0.08,0.07999999999999996,0.07999999999999996,0
101,2,0.2467530518770218,0.3493115883761415,0.0,0.08867280220063833,93.84615384615384,0.09238971742948335,-0.34757626882894016,0.0,0.08,0.08867280220063833,0.08867280220063833,0
101,4,0.2744978070259094,0.3493115883761415,0.0,0.09798639987810537,91.74311926605505,0.10569485696872197,-0.24102104751714004,0.0,0.08,0.09798639987810537,0.09798639987810537,0
101,0,0.04161227121949196,0.3493115883761415,0.0,0.1456335766667431,66.66666666666667,0.17376225238106158,-2.1275690105680334,0.0,0.08,0.1456335766667431,0.1456335766667431,0
101,10,0.2589718997478485,0.3493115883761415,0.0,0.09322231032658984,92.578125,0.09888901475227121,-0.2992447566426407,0.0,0.08,0.09322231032658984,0.09322231032658984,0
102,0,0.4051647484302521,0.3448016791069897,0.16132435774058473,0.1646613495244605,100.0,0.1456335766667431,0.16132435774058473,0.16132435774058473,0.20905948619246778,0.1646613495244605,0.1646613495244605,0
102,16,0.43860119581222534,0.3448016791069897,0.24062114763017536,0.21080364816687264,85.45454545454545,0.18436367533661507,0.24062114763017536,0.24062114763017536,0.2724969181041403,0.21080364816687264,0.21080364816687264,0
102,1,0.3229977488517761,0.3448016791069897,0.0,0.15949875422428664,100.0,0.19356964889183806,-0.0653240529205213,0.0,0.08,0.15949875422428664,0.15949875422428664,0
102,18,0.19666580855846405,0.3448016791069897,0.0,0.07999999999999996,91.015625,0.07999999999999996,-0.561463501771946,0.0,0.08,0.07999999999999996,0.07999999999999996,0
102,2,0.20948004722595215,0.3448016791069897,0.0,0.08607096154044683,90.76923076923077,0.08867280220063833,-0.49834089498748146,0.0,0.08,0.08607096154044683,0.08607096154044683,0
102,12,0.421785444021225,0.3448016791069897,0.20152734438247302,0.17870423065081958,86.328125,0.15191095428432294,0.20152734438247302,0.20152734438247302,0.24122187550597846,0.17870423065081958,0.17870423065081958,0
102,10,0.27076268196105957,0.3448016791069897,0.0,0.08925561722861289,90.625,0.09322231032658984,-0.24172667574814966,0.0,0.08,0.08925561722861289,0.08925561722861289,0
102,4,0.255403071641922,0.3448016791069897,0.0,0.09259047991467376,95.41284403669725,0.09798639987810537,-0.30012642811075485,0.0,0.08,0.09259047991467376,0.09259047991467376,0
102,15,1.1266423463821411,0.3448016791069897,0.7,0.6375673022907288,35.714285714285715,0.6365247175581841,1.1840276848208364,0.7,0.6399999999999999,0.6375673022907288,0.6375673022907288,0
102,17,0.10565575957298279,0.3448016791069897,0.0,0.07999999999999996,97.65625,0.07999999999999996,-1.1827830847580678,0.0,0.08,0.07999999999999996,0.07999999999999996,0
102,5,0.24754154682159424,0.3448016791069897,0.0,0.09212746905283903,92.1875,0.09732495578977005,-0.3313909633157861,0.0,0.08,0.09212746905283903,0.09212746905283903,0
102,9,0.18942268192768097,0.3448016791069897,0.0,0.07999999999999996,96.09375,0.07999999999999996,-0.5989884544600755,0.0,0.08,0.07999999999999996,0.07999999999999996,0
102,8,1.4290070533752441,0.3448016791069897,0.7,0.6399999999999082,40.625,0.639999999999869,1.4217656832177452,0.7,0.6399999999999999,0.6399999999999082,0.6399999999999082,0
102,6,0.17872941493988037,0.3448016791069897,0.0,0.07999999999999996,92.578125,0.07999999999999996,-0.6570963678621503,0.0,0.08,0.07999999999999996,0.07999999999999996,0
102,7,0.8756158351898193,0.3448016791069897,0.7,0.6303973035067564,69.140625,0.6262818621525091,0.9319580242846761,0.7,0.6399999999999999,0.6303973035067564,0.6303973035067564,0
102,19,0.3022598624229431,0.3448016791069897,0.0,0.08531866791130516,89.453125,0.08759809701615023,-0.13168228551503577,0.0,0.08,0.08531866791130516,0.08531866791130516,0
102,13,0.5278708338737488,0.3448016791069897,0.4258822023282186,0.5068700472113157,73.91304347826087,0.5437975980750618,0.4258822023282186,0.4258822023282186,0.4207057618625749,0.5068700472113157,0.5068700472113157,0
102,14,0.22298607230186462,0.3448016791069897,0.0,0.07999999999999996,93.93939393939394,0.07999999999999996,-0.4358600792696554,0.0,0.08,0.07999999999999996,0.07999999999999996,0
102,11,1.1368603706359863,0.3448016791069897,0.7,0.6399999999997582,45.3125,0.6399999999996546,1.1930562523563244,0.7,0.6399999999999999,0.6399999999997582,0.6399999999997582,0
102,3,0.3994833827018738,0.3448016791069897,0.14720275655447546,0.22819355464560687,91.28205128205128,0.24123556153218964,0.14720275655447546,0.14720275655447546,0.19776220524358037,0.22819355464560687,0.22819355464560687,0
103,16,0.43485021591186523,0.3415843917600267,0.24140686497554753,0.22950020131094226,89.0909090909091,0.21080364816687264,0.24140686497554753,0.24140686497554753,0.27312549198043806,0.22950020131094226,0.22950020131094226,0
103,0,0.5786017179489136,0.3415843917600267,0.5270195803916099,0.2657476439611087,83.33333333333333,0.1646613495244605,0.5270195803916099,0.5270195803916099,0.501615664313288,0.2657476439611087,0.2657476439611087,0
103,12,0.4384322762489319,0.3415843917600267,0.24961057998605388,0.2089995006522266,84.765625,0.17870423065081958,0.24961057998605388,0.24961057998605388,0.2796884639888431,0.2089995006522266,0.2089995006522266,0
103,14,0.202857106924057,0.3415843917600267,0.0,0.07999999999999996,88.88888888888889,0.07999999999999996,-0.5210929248760274,0.0,0.08,0.07999999999999996,0.07999999999999996,0
103,8,1.422258973121643,0.3415843917600267,0.7,0.6399999999999357,53.125,0.6399999999999082,1.4264069211679966,0.7,0.6399999999999999,0.6399999999999357,0.6399999999999357,0
103,18,0.27804985642433167,0.3415843917600267,0.0,0.07999999999999996,96.484375,0.07999999999999996,-0.20579432534501155,0.0,0.08,0.07999999999999996,0.07999999999999996,0
103,19,0.2926117181777954,0.3415843917600267,0.0,0.08372306753791361,91.015625,0.08531866791130516,-0.1547482281632401,0.0,0.08,0.08372306753791361,0.08372306753791361,0
103,9,0.22649939358234406,0.3415843917600267,0.0,0.07999999999999996,92.1875,0.07999999999999996,-0.4108524868477688,0.0,0.08,0.07999999999999996,0.07999999999999996,0
103,5,0.3272474408149719,0.3415843917600267,0.0,0.08848922833698733,88.671875,0.09212746905283903,-0.04287818353461458,0.0,0.08,0.08848922833698733,0.08848922833698733,0
103,2,0.1641746312379837,0.3415843917600267,0.0,0.08424967307831277,96.92307692307692,0.08607096154044683,-0.7326640517436656,0.0,0.08,0.08424967307831277,0.08424967307831277,0
103,4,0.40620243549346924,0.3415843917600267,0.1732568709685115,0.1303949849727144,88.07339449541284,0.09259047991467376,0.1732568709685115,0.1732568709685115,0.21860549677480923,0.1303949849727144,0.1303949849727144,0
103,3,0.3114357888698578,0.3415843917600267,0.0,0.1837354882519248,86.66666666666667,0.22819355464560687,-0.09240158473804505,0.0,0.08,0.1837354882519248,0.1837354882519248,0
103,10,0.2177196443080902,0.3415843917600267,0.0,0.08647893206002902,89.84375,0.08925561722861289,-0.45038655279417644,0.0,0.08,0.08647893206002902,0.08647893206002902,0
103,7,0.7438831925392151,0.3415843917600267,0.7,0.6332781124547294,67.96875,0.6303973035067564,0.778289238098281,0.7,0.6399999999999999,0.6332781124547294,0.6332781124547294,0
103,1,0.42742475867271423,0.3415843917600267,0.22418349460076248,0.18945316666118361,100.0,0.15949875422428664,0.22418349460076248,0.22418349460076248,0.25934679568061,0.18945316666118361,0.18945316666118361,0
103,15,1.0809204578399658,0.3415843917600267,0.7,0.6382971116035101,78.57142857142857,0.6375673022907288,1.1519734435897537,0.7,0.6399999999999999,0.6382971116035101,0.6382971116035101,0
103,11,1.0257965326309204,0.3415843917600267,0.7,0.6399999999998307,50.78125,0.6399999999997582,1.0996299059601928,0.7,0.6399999999999999,0.6399999999998307,0.6399999999998307,0
103,6,0.2948141396045685,0.3415843917600267,0.0,0.07999999999999996,87.5,0.07999999999999996,-0.147249642111716,0.0,0.08,0.07999999999999996,0.07999999999999996,0
103,17,0.14252500236034393,0.3415843917600267,0.0,0.07999999999999996,96.484375,0.07999999999999996,-0.8740772889351739,0.0,0.08,0.07999999999999996,0.07999999999999996,0
103,13,0.5952684283256531,0.3415843917600267,0.5554176620779583,0.5121092719466309,78.26086956521739,0.5068700472113157,0.5554176620779583,0.5554176620779583,0.5243341296623666,0.5121092719466309,0.5121092719466309,0
104,8,1.194961667060852,0.3440984463994461,0.7,0.6399999999999549,46.09375,0.6399999999999357,1.2449415675597288,0.7,0.6399999999999999,0.6399999999999549,0.6399999999999549,0
104,10,0.30421018600463867,0.3440984463994461,0.0,0.08453525244202031,92.96875,0.08647893206002902,-0.12320893018501047,0.0,0.08,0.08453525244202031,0.08453525244202031,0
104,1,0.4059399366378784,0.3440984463994461,0.16527740708974514,0.19628379436436735,91.66666666666667,0.18945316666118361,0.16527740708974514,0.16527740708974514,0.2122219256717961,0.19628379436436735,0.19628379436436735,0
104,19,0.28556108474731445,0.3440984463994461,0.0,0.08260614727653953,93.359375,0.08372306753791361,-0.186471828573801,0.0,0.08,0.08260614727653953,0.08260614727653953,0
104,13,0.524928867816925,0.3440984463994461,0.422334955703215,0.4838368797314132,80.43478260869566,0.5121092719466309,0.422334955703215,0.422334955703215,0.417867964562572,0.4838368797314132,0.4838368797314132,0
104,0,0.11309202760457993,0.3440984463994461,0.0,0.2100233507727761,83.33333333333333,0.2657476439611087,-1.1127258476169042,0.0,0.08,0.2100233507727761,0.2100233507727761,0
104,12,0.48039600253105164,0.3440984463994461,0.3336829629748269,0.2503835615705171,82.03125,0.2089995006522266,0.3336829629748269,0.3336829629748269,0.34694637037986154,0.2503835615705171,0.2503835615705171,0
104,4,0.29917219281196594,0.3440984463994461,0.0,0.11527648948090008,88.9908256880734,0.1303949849727144,-0.13990849014234236,0.0,0.08,0.11527648948090008,0.11527648948090008,0
104,16,0.3572583496570587,0.3440984463994461,0.03753138966945588,0.19365767443832899,85.45454545454545,0.22950020131094226,0.03753138966945588,0.03753138966945588,0.1100251117355647,0.19365767443832899,0.19365767443832899,0
104,6,0.17512297630310059,0.3440984463994461,0.0,0.07999999999999996,94.140625,0.07999999999999996,-0.6754393209215626,0.0,0.08,0.07999999999999996,0.07999999999999996,0
104,5,0.3632916212081909,0.3440984463994461,0.05427807659003344,0.09896919821749915,90.625,0.08848922833698733,0.05427807659003344,0.05427807659003344,0.12342246127202676,0.09896919821749915,0.09896919821749915,0
104,15,0.745686411857605,0.3440984463994461,0.7,0.638807978122457,64.28571428571429,0.6382971116035101,0.773377338911716,0.7,0.6399999999999999,0.638807978122457,0.638807978122457,0
104,18,0.19547927379608154,0.3440984463994461,0.0,0.07999999999999996,92.96875,0.07999999999999996,-0.5654734183132297,0.0,0.08,0.07999999999999996,0.07999999999999996,0
104,9,0.2528083920478821,0.3440984463994461,0.0,0.07999999999999996,91.796875,0.07999999999999996,-0.308295929217202,0.0,0.08,0.07999999999999996,0.07999999999999996,0
104,17,0.07579582929611206,0.3440984463994461,0.0,0.07999999999999996,96.484375,0.07999999999999996,-1.51288442629733,0.0,0.08,0.07999999999999996,0.07999999999999996,0
104,11,1.0999971628189087,0.3440984463994461,0.7,0.6399999999998814,53.90625,0.6399999999998307,1.1621350617320274,0.7,0.6399999999999999,0.6399999999998814,0.6399999999998814,0
104,2,0.2753990590572357,0.3440984463994461,0.0,0.08297477115481894,92.3076923076923,0.08424967307831277,-0.22270662092723453,0.0,0.08,0.08297477115481894,0.08297477115481894,0
104,3,0.4558814764022827,0.3440984463994461,0.28130505060787425,0.22012805392223717,86.66666666666667,0.1837354882519248,0.28130505060787425,0.28130505060787425,0.3050440404862994,0.22012805392223717,0.22012805392223717,0
104,14,0.258393257856369,0.3440984463994461,0.0,0.07999999999999996,91.91919191919192,0.07999999999999996,-0.2864451085048729,0.0,0.08,0.07999999999999996,0.07999999999999996,0
104,7,0.7699166536331177,0.3440984463994461,0.7,0.6352946787183106,64.84375,0.6332781124547294,0.8053544530561413,0.7,0.6399999999999999,0.6352946787183106,0.6352946787183106,0
105,17,0.08106902986764908,0.3427620285425863,0.0,0.07999999999999996,97.65625,0.07999999999999996,-1.4417353055389703,0.0,0.08,0.07999999999999996,0.07999999999999996,0
105,5,0.31179481744766235,0.3427620285425863,0.0,0.09327843875224939,91.796875,0.09896919821749915,-0.09469107405905107,0.0,0.08,0.09327843875224939,0.09327843875224939,0
105,6,0.26227787137031555,0.3427620285425863,0.0,0.07999999999999996,92.96875,0.07999999999999996,-0.267631883594897,0.0,0.08,0.07999999999999996,0.07999999999999996,0
105,13,0.6885367035865784,0.3427620285425863,0.6975321995477554,0.5300935437034505,67.3913043478261,0.4838368797314132,0.6975321995477554,0.6975321995477554,0.6380257596382043,0.5300935437034505,0.5300935437034505,0
105,4,0.35556671023368835,0.3427620285425863,0.03667647039830809,0.113495895532224,91.74311926605505,0.11527648948090008,0.03667647039830809,0.03667647039830809,0.10934117631864648,0.113495895532224,0.113495895532224,0
105,18,0.20582818984985352,0.3427620285425863,0.0,0.07999999999999996,92.578125,0.07999999999999996,-0.5099946016952446,0.0,0.08,0.07999999999999996,0.07999999999999996,0
105,12,0.3986540138721466,0.3427620285425863,0.15105749142677616,0.23552229104178823,86.328125,0.2503835615705171,0.15105749142677616,0.15105749142677616,0.20084599314142093,0.23552229104178823,0.23552229104178823,0
105,14,0.28106728196144104,0.3427620285425863,0.0,0.07999999999999996,92.92929292929293,0.07999999999999996,-0.19844232738053802,0.0,0.08,0.07999999999999996,0.07999999999999996,0
105,8,1.413872241973877,0.3427620285425863,0.7,0.6399999999999684,46.875,0.6399999999999549,1.417051056018901,0.7,0.6399999999999999,0.6399999999999684,0.6399999999999684,0
105,2,0.30696243047714233,0.3427620285425863,0.0,0.08208233980837326,92.3076923076923,0.08297477115481894,-0.11031104483761854,0.0,0.08,0.08208233980837326,0.08208233980837326,0
105,10,0.3545229732990265,0.3427620285425863,0.03373673565455046,0.09127149326650633,93.359375,0.08453525244202031,0.03373673565455046,0.03373673565455046,0.10698938852364037,0.09127149326650633,0.09127149326650633,0
105,16,0.36058685183525085,0.3427620285425863,0.05069643470947729,0.17172751643710482,87.27272727272727,0.19365767443832899,0.05069643470947729,0.05069643470947729,0.12055714776758183,0.17172751643710482,0.17172751643710482,0
105,19,0.25519895553588867,0.3427620285425863,0.0,0.08182430309357766,88.671875,0.08260614727653953,-0.29499294329788545,0.0,0.08,0.08182430309357766,0.08182430309357766,0
105,0,0.247816801071167,0.3427620285425863,0.0,0.17101634554094325,100.0,0.2100233507727761,-0.3243466330356203,0.0,0.08,0.17101634554094325,0.17101634554094325,0
105,3,0.3862045407295227,0.3427620285425863,0.11933071205680204,0.2067290086391985,87.6923076923077,0.22012805392223717,0.11933071205680204,0.11933071205680204,0.17546456964544166,0.2067290086391985,0.2067290086391985,0
105,15,0.6774787902832031,0.3427620285425863,0.6813418199518279,0.6346876214741586,57.142857142857146,0.638807978122457,0.6813418199518279,0.6813418199518279,0.6250734559614622,0.6346876214741586,0.6346876214741586,0
105,7,0.8409713506698608,0.3427620285425863,0.7,0.6367062751028173,62.890625,0.6352946787183106,0.897521164275268,0.7,0.6399999999999999,0.6367062751028173,0.6367062751028173,0
105,11,1.0158544778823853,0.3427620285425863,0.7,0.639999999999917,56.25,0.6399999999998814,1.0864489560756274,0.7,0.6399999999999999,0.639999999999917,0.639999999999917,0
105,1,0.2474081665277481,0.3427620285425863,0.0,0.16139865605505713,87.5,0.19628379436436735,-0.3259969319760784,0.0,0.08,0.16139865605505713,0.16139865605505713,0
105,9,0.28054079413414,0.3427620285425863,0.0,0.07999999999999996,90.625,0.07999999999999996,-0.20031725755050628,0.0,0.08,0.07999999999999996,0.07999999999999996,0
106,8,1.326396107673645,0.3418017152256621,0.7,0.6399999999999778,50.0,0.6399999999999684,1.3559900392717932,0.7,0.6399999999999999,0.6399999999999778,0.6399999999999778,0
106,5,0.23466907441616058,0.3418017152256621,0.0,0.08929490712657456,87.5,0.09327843875224939,-0.3760544477933362,0.0,0.08,0.08929490712657456,0.08929490712657456,0
106,6,0.21278995275497437,0.3418017152256621,0.0,0.07999999999999996,92.96875,0.07999999999999996,-0.47392522928972164,0.0,0.08,0.07999999999999996,0.07999999999999996,0
106,4,0.3013436198234558,0.3418017152256621,0.0,0.1034471268725568,92.66055045871559,0.113495895532224,-0.12597957723157033,0.0,0.08,0.1034471268725568,0.1034471268725568,0
106,9,0.21095190942287445,0.3418017152256621,0.0,0.07999999999999996,90.625,0.07999999999999996,-0.4826005806639942,0.0,0.08,0.07999999999999996,0.07999999999999996,0
106,14,0.2813194990158081,0.3418017152256621,0.0,0.07999999999999996,89.8989898989899,0.07999999999999996,-0.19473975198886354,0.0,0.08,0.07999999999999996,0.07999999999999996,0
106,11,1.0340349674224854,0.3418017152256621,0.7,0.6399999999999418,54.296875,0.639999999999917,1.1069930636507481,0.7,0.6399999999999999,0.6399999999999418,0.6399999999999418,0
106,15,0.7145187258720398,0.3418017152256621,0.7,0.636281335031911,57.142857142857146,0.6346876214741586,0.7373784012403024,0.7,0.6399999999999999,0.636281335031911,0.636281335031911,0
106,16,0.38242486119270325,0.3418017152256621,0.11230140065215768,0.17116159766249123,88.18181818181819,0.17172751643710482,0.11230140065215768,0.11230140065215768,0.16984112052172617,0.17116159766249123,0.17116159766249123,0
106,1,0.07686693221330643,0.3418017152256621,0.0,0.13697905923853998,87.5,0.16139865605505713,-1.492154914244423,0.0,0.08,0.13697905923853998,0.13697905923853998,0
106,13,0.8605978488922119,0.3418017152256621,0.7,0.5630654805924153,67.3913043478261,0.5300935437034505,0.9233965143369774,0.7,0.6399999999999999,0.5630654805924153,0.5630654805924153,0
106,0,0.14891387522220612,0.3418017152256621,0.0,0.14371144187866028,66.66666666666667,0.17101634554094325,-0.8308626308016919,0.0,0.08,0.14371144187866028,0.14371144187866028,0
106,12,0.43726739287376404,0.3418017152256621,0.24631409570716872,0.24798098669897223,87.890625,0.23552229104178823,0.24631409570716872,0.24631409570716872,0.27705127656573497,0.24798098669897223,0.24798098669897223,0
106,2,0.2198430746793747,0.3418017152256621,0.0,0.08145763786586127,90.76923076923077,0.08208233980837326,-0.44131677772983147,0.0,0.08,0.08145763786586127,0.08145763786586127,0
106,3,0.40858229994773865,0.3418017152256621,0.17846256900319077,0.21154132260820468,89.23076923076923,0.2067290086391985,0.17846256900319077,0.17846256900319077,0.2227700552025526,0.21154132260820468,0.21154132260820468,0
106,17,0.22292469441890717,0.3418017152256621,0.0,0.07999999999999996,94.140625,0.07999999999999996,-0.4273967520415957,0.0,0.08,0.07999999999999996,0.07999999999999996,0
106,18,0.14289367198944092,0.3418017152256621,0.0,0.07999999999999996,94.53125,0.07999999999999996,-0.8721299469916334,0.0,0.08,0.07999999999999996,0.07999999999999996,0
106,19,0.3457677364349365,0.3418017152256621,0.011536478448320406,0.08404576699310125,90.234375,0.08182430309357766,0.011536478448320406,0.011536478448320406,0.08922918275865632,0.08404576699310125,0.08404576699310125,0
106,10,0.2879370450973511,0.3418017152256621,0.0,0.08789004528655442,93.359375,0.09127149326650633,-0.17148892058120774,0.0,0.08,0.08789004528655442,0.08789004528655442,0
106,7,0.8465034365653992,0.3418017152256621,0.7,0.637694392571972,64.84375,0.6367062751028173,0.9068834549729522,0.7,0.6399999999999999,0.637694392571972,0.637694392571972,0
107,12,0.437709778547287,0.33708557694913627,0.26121924222952975,0.26027930882436767,84.765625,0.24798098669897223,0.26121924222952975,0.26121924222952975,0.2889753937836238,0.26027930882436767,0.26027930882436767,0
107,3,0.4527651369571686,0.33708557694913627,0.2950366863424499,0.24288773054793125,87.6923076923077,0.21154132260820468,0.2950366863424499,0.2950366863424499,0.3160293490739599,0.24288773054793125,0.24288773054793125,0
107,8,1.31979501247406,0.33708557694913627,0.7,0.6399999999999844,47.65625,0.6399999999999778,1.3648948522015276,0.7,0.6399999999999999,0.6399999999999844,0.6399999999999844,0
107,5,0.27049946784973145,0.33708557694913627,0.0,0.0865064349886022,91.796875,0.08929490712657456,-0.2200666973468216,0.0,0.08,0.0865064349886022,0.0865064349886022,0
107,7,0.8189537525177002,0.33708557694913627,0.7,0.6383860748003803,66.015625,0.637694392571972,0.8876907609207553,0.7,0.6399999999999999,0.6383860748003803,0.6383860748003803,0
107,16,0.4172920286655426,0.33708557694913627,0.21344944389541876,0.19504098489864435,85.0,0.17116159766249123,0.21344944389541876,0.21344944389541876,0.250759555116335,0.19504098489864435,0.19504098489864435,0
107,13,0.7482609748840332,0.33708557694913627,0.7,0.5861458364146906,78.26086956521739,0.5630654805924153,0.7974149620759456,0.7,0.6399999999999999,0.5861458364146906,0.5861458364146906,0
107,17,0.1577284038066864,0.33708557694913627,0.0,0.07999999999999996,96.875,0.07999999999999996,-0.759462211250598,0.0,0.08,0.07999999999999996,0.07999999999999996,0
107,18,0.16021806001663208,0.33708557694913627,0.0,0.07999999999999996,94.53125,0.07999999999999996,-0.743801040434879,0.0,0.08,0.07999999999999996,0.07999999999999996,0
107,6,0.1898801028728485,0.33708557694913627,0.0,0.07999999999999996,94.140625,0.07999999999999996,-0.5739439771902669,0.0,0.08,0.07999999999999996,0.07999999999999996,0
107,14,0.2545027732849121,0.33708557694913627,0.0,0.07999999999999996,87.87878787878788,0.07999999999999996,-0.28102509309900076,0.0,0.08,0.07999999999999996,0.07999999999999996,0
107,10,0.2448759824037552,0.33708557694913627,0.0,0.08552303170058809,91.796875,0.08789004528655442,-0.31958493636450247,0.0,0.08,0.08552303170058809,0.08552303170058809,0
107,15,0.4021228849887848,0.33708557694913627,0.17642088551062482,0.5117379470448876,64.28571428571429,0.636281335031911,0.17642088551062482,0.17642088551062482,0.22113670840849986,0.5117379470448876,0.5117379470448876,0
107,0,0.12465155124664307,0.33708557694913627,0.0,0.12459800931506218,83.33333333333333,0.14371144187866028,-0.9948145303818742,0.0,0.08,0.12459800931506218,0.12459800931506218,0
107,4,0.28402918577194214,0.33708557694913627,0.0,0.09641298881078975,90.8256880733945,0.1034471268725568,-0.17125983042494708,0.0,0.08,0.09641298881078975,0.09641298881078975,0
107,11,1.051563024520874,0.33708557694913627,0.7,0.6399999999999593,50.390625,0.6399999999999418,1.1376960752678327,0.7,0.6399999999999999,0.6399999999999593,0.6399999999999593,0
107,19,0.3196435570716858,0.33708557694913627,0.0,0.08283203689517088,91.796875,0.08404576699310125,-0.05313034321864698,0.0,0.08,0.08283203689517088,0.08283203689517088,0
107,9,0.21676477789878845,0.33708557694913627,0.0,0.07999999999999996,92.96875,0.07999999999999996,-0.4415240263829315,0.0,0.08,0.07999999999999996,0.07999999999999996,0
107,2,0.21422654390335083,0.33708557694913627,0.0,0.08102034650610289,95.38461538461539,0.08145763786586127,-0.45330274718323543,0.0,0.08,0.08102034650610289,0.08102034650610289,0
107,1,0.4076242744922638,0.33708557694913627,0.19000901348290644,0.16548750470287554,100.0,0.13697905923853998,0.19000901348290644,0.19000901348290644,0.2320072107863252,0.16548750470287554,0.16548750470287554,0
108,16,0.31640639901161194,0.3335606563964041,0.0,0.16052868942905102,85.9090909090909,0.19504098489864435,-0.05279726531737129,0.0,0.08,0.16052868942905102,0.16052868942905102,0
108,8,1.3168009519577026,0.3335606563964041,0.7,0.639999999999989,53.515625,0.6399999999999844,1.3731358034018717,0.7,0.6399999999999999,0.639999999999989,0.639999999999989,0
108,5,0.4382396936416626,0.3335606563964041,0.27294127222040043,0.15006040982491764,87.890625,0.0865064349886022,0.27294127222040043,0.27294127222040043,0.29835301777632034,0.15006040982491764,0.15006040982491764,0
108,2,0.2274455577135086,0.3335606563964041,0.0,0.08071424255427201,96.92307692307692,0.08102034650610289,-0.38291381008214537,0.0,0.08,0.08071424255427201,0.08071424255427201,0
108,11,1.0558124780654907,0.3335606563964041,0.7,0.6399999999999715,52.34375,0.6399999999999593,1.1522411233318448,0.7,0.6399999999999999,0.6399999999999715,0.6399999999999715,0
108,18,0.22492815554141998,0.3335606563964041,0.0,0.07999999999999996,91.40625,0.07999999999999996,-0.39404367007909585,0.0,0.08,0.07999999999999996,0.07999999999999996,0
108,4,0.2817150056362152,0.3335606563964041,0.0,0.09148909216755283,89.90825688073394,0.09641298881078975,-0.16892877994280156,0.0,0.08,0.09148909216755283,0.09148909216755283,0
108,6,0.17028287053108215,0.3335606563964041,0.0,0.07999999999999996,92.578125,0.07999999999999996,-0.6723636997924916,0.0,0.08,0.07999999999999996,0.07999999999999996,0
108,12,0.2987310588359833,0.3335606563964041,0.0,0.20619551617705736,83.984375,0.26027930882436767,-0.1102810237226136,0.0,0.08,0.20619551617705736,0.20619551617705736,0
108,10,0.27290430665016174,0.3335606563964041,0.0,0.08386612219041166,92.96875,0.08552303170058809,-0.20070351175889858,0.0,0.08,0.08386612219041166,0.08386612219041166,0
108,14,0.18568545579910278,0.3335606563964041,0.0,0.07999999999999996,87.87878787878788,0.07999999999999996,-0.5857705588541463,0.0,0.08,0.07999999999999996,0.07999999999999996,0
108,15,0.8649505376815796,0.3335606563964041,0.7,0.5502165629314213,57.142857142857146,0.5117379470448876,0.952847577939806,0.7,0.6399999999999999,0.5502165629314213,0.5502165629314213,0
108,9,0.1962687373161316,0.3335606563964041,0.0,0.07999999999999996,94.53125,0.07999999999999996,-0.5303398772219299,0.0,0.08,0.07999999999999996,0.07999999999999996,0
108,17,0.20088468492031097,0.3335606563964041,0.0,0.07999999999999996,94.140625,0.07999999999999996,-0.5070936707054768,0.0,0.08,0.07999999999999996,0.07999999999999996,0
108,13,0.8234153389930725,0.3335606563964041,0.7,0.6023020854902834,67.3913043478261,0.5861458364146906,0.9036359931069023,0.7,0.6399999999999999,0.6023020854902834,0.6023020854902834,0
108,7,0.7865584492683411,0.3335606563964041,0.7,0.6388702523602662,65.234375,0.6383860748003803,0.8578422910654239,0.7,0.6399999999999999,0.6388702523602662,0.6388702523602662,0
108,1,0.5562560558319092,0.3335606563964041,0.5114039812398697,0.2625782087895816,95.83333333333333,0.16548750470287554,0.5114039812398697,0.5114039812398697,0.48912318499189583,0.2625782087895816,0.2625782087895816,0
108,0,0.2918020188808441,0.3335606563964041,0.0,0.11121860652054352,100.0,0.12459800931506218,-0.13374916799857597,0.0,0.08,0.11121860652054352,0.11121860652054352,0
108,19,0.2638351321220398,0.3335606563964041,0.0,0.0819824258266196,93.75,0.08283203689517088,-0.23450031061749016,0.0,0.08,0.0819824258266196,0.0819824258266196,0
108,3,0.3389880359172821,0.3335606563964041,0.01614008693034874,0.19789503224683558,85.64102564102564,0.24288773054793125,0.01614008693034874,0.01614008693034874,0.092912069544279,0.19789503224683558,0.19789503224683558,0
109,5,0.23342213034629822,0.32973124464260506,0.0,0.12904228687744235,90.234375,0.15006040982491764,-0.34542936735314117,0.0,0.08,0.12904228687744235,0.12904228687744235,0
109,7,0.7966981530189514,0.32973124464260506,0.7,0.6392091766521862,64.453125,0.6388702523602662,0.8821979478439855,0.7,0.6399999999999999,0.6392091766521862,0.6392091766521862,0
109,9,0.29803749918937683,0.32973124464260506,0.0,0.07999999999999996,89.0625,0.07999999999999996,-0.1010585944547189,0.0,0.08,0.07999999999999996,0.07999999999999996,0
109,3,0.2825954854488373,0.32973124464260506,0.0,0.16252652257278488,90.76923076923077,0.19789503224683558,-0.15426141235029847,0.0,0.08,0.16252652257278488,0.16252652257278488,0
109,18,0.16954293847084045,0.32973124464260506,0.0,0.07999999999999996,92.96875,0.07999999999999996,-0.6651716647690297,0.0,0.08,0.07999999999999996,0.07999999999999996,0
109,0,0.6047152280807495,0.32973124464260506,0.6064797235653717,0.24740815822006967,83.33333333333333,0.11121860652054352,0.6064797235653717,0.6064797235653717,0.5651837788522974,0.24740815822006967,0.24740815822006967,0
109,11,1.0636343955993652,0.32973124464260506,0.7,0.63999999999998,47.265625,0.6399999999999715,1.171169064294098,0.7,0.6399999999999999,0.63999999999998,0.63999999999998,0
109,8,1.29058837890625,0.32973124464260506,0.7,0.6399999999999922,38.671875,0.639999999999989,1.3645755659956966,0.7,0.6399999999999999,0.6399999999999922,0.6399999999999922,0
109,16,0.48964923620224,0.32973124464260506,0.39541136790102815,0.23126881089658247,86.81818181818181,0.16052868942905102,0.39541136790102815,0.39541136790102815,0.3963290943208226,0.23126881089658247,0.23126881089658247,0
109,1,0.42087581753730774,0.32973124464260506,0.24405990090771604,0.26637912237055894,95.83333333333333,0.2625782087895816,0.24405990090771604,0.24405990090771604,0.2752479207261728,0.26637912237055894,0.26637912237055894,0
109,17,0.11083260178565979,0.32973124464260506,0.0,0.07999999999999996,96.484375,0.07999999999999996,-1.0902568816001645,0.0,0.08,0.07999999999999996,0.07999999999999996,0
109,4,0.3936935067176819,0.32973124464260506,0.177294787441878,0.1305931135033377,89.90825688073394,0.09148909216755283,0.177294787441878,0.177294787441878,0.22183582995350237,0.1305931135033377,0.1305931135033377,0
109,14,0.2132006138563156,0.32973124464260506,0.0,0.07999999999999996,89.8989898989899,0.07999999999999996,-0.43604432435946405,0.0,0.08,0.07999999999999996,0.07999999999999996,0
109,2,0.21561643481254578,0.32973124464260506,0.0,0.0804999697879904,89.23076923076923,0.08071424255427201,-0.42477683203536887,0.0,0.08,0.0804999697879904,0.0804999697879904,0
109,19,0.2667321264743805,0.32973124464260506,0.0,0.08138769807863372,89.84375,0.0819824258266196,-0.21203302215653932,0.0,0.08,0.08138769807863372,0.08138769807863372,0
109,15,0.9126749634742737,0.32973124464260506,0.7,0.5771515940519949,57.142857142857146,0.5502165629314213,1.018101876025059,0.7,0.6399999999999999,0.5771515940519949,0.5771515940519949,0
109,12,0.3512480854988098,0.32973124464260506,0.06321485576361185,0.18350842670720696,83.59375,0.20619551617705736,0.06321485576361185,0.06321485576361185,0.13057188461088948,0.18350842670720696,0.18350842670720696,0
109,6,0.2246185690164566,0.32973124464260506,0.0,0.07999999999999996,91.015625,0.07999999999999996,-0.3838741834539267,0.0,0.08,0.07999999999999996,0.07999999999999996,0
109,10,0.34610864520072937,0.32973124464260506,0.04847481532973075,0.09434024121242354,95.703125,0.08386612219041166,0.04847481532973075,0.04847481532973075,0.1187798522637846,0.09434024121242354,0.09434024121242354,0
109,13,0.6041818857192993,0.32973124464260506,0.6055973616486434,0.5909548266388728,78.26086956521739,0.6023020854902834,0.6055973616486434,0.6055973616486434,0.5644778893189147,0.5909548266388728,0.5909548266388728,0
110,17,0.15873786807060242,0.3316259567133215,0.0,0.07999999999999996,96.484375,0.07999999999999996,-0.7367534512864478,0.0,0.08,0.07999999999999996,0.07999999999999996,0
110,15,0.8233461976051331,0.3316259567133215,0.7,0.5960061158363964,50.0,0.5771515940519949,0.9093690500656253,0.7,0.6399999999999999,0.5960061158363964,0.5960061158363964,0
110,14,0.26169681549072266,0.3316259567133215,0.0,0.07999999999999996,93.93939393939394,0.07999999999999996,-0.23682104840819876,0.0,0.08,0.07999999999999996,0.07999999999999996,0
110,10,0.25851914286613464,0.3316259567133215,0.0,0.09003816884869648,92.578125,0.09434024121242354,-0.24903794400414753,0.0,0.08,0.09003816884869648,0.09003816884869648,0
110,6,0.266219824552536,0.3316259567133215,0.0,0.07999999999999996,90.234375,0.07999999999999996,-0.2196853143836736,0.0,0.08,0.07999999999999996,0.07999999999999996,0
110,11,1.0764360427856445,0.3316259567133215,0.7,0.6399999999999859,56.640625,0.63999999999998,1.1774031846135546,0.7,0.6399999999999999,0.6399999999999859,0.6399999999999859,0
110,4,0.26602786779403687,0.3316259567133215,0.0,0.11541517945233637,88.9908256880734,0.1305931135033377,-0.2204066205062513,0.0,0.08,0.11541517945233637,0.11541517945233637,0
110,19,0.26624739170074463,0.3316259567133215,0.0,0.08097138865504361,89.84375,0.08138769807863372,-0.2195817694278291,0.0,0.08,0.08097138865504361,0.08097138865504361,0
110,18,0.21192742884159088,0.3316259567133215,0.0,0.07999999999999996,95.703125,0.07999999999999996,-0.4477637810641416,0.0,0.08,0.07999999999999996,0.07999999999999996,0
110,2,0.28724613785743713,0.3316259567133215,0.0,0.08034997885159328,89.23076923076923,0.0804999697879904,-0.14366822131243195,0.0,0.08,0.08034997885159328,0.08034997885159328,0
110,3,0.42546629905700684,0.3316259567133215,0.24917803769064334,0.19757129484670383,89.74358974358974,0.16252652257278488,0.24917803769064334,0.24917803769064334,0.2793424301525147,0.19757129484670383,0.19757129484670383,0
110,0,0.7005203366279602,0.3316259567133215,0.7,0.3651857107540487,100.0,0.24740815822006967,0.7478156836861615,0.7,0.6399999999999999,0.3651857107540487,0.3651857107540487,0
110,13,0.6230428218841553,0.3316259567133215,0.6306075399087129,0.5890141882253019,67.3913043478261,0.5909548266388728,0.6306075399087129,0.6306075399087129,0.5844860319269702,0.5890141882253019,0.5890141882253019,0
110,9,0.26801493763923645,0.3316259567133215,0.0,0.07999999999999996,92.96875,0.07999999999999996,-0.21296497380463092,0.0,0.08,0.07999999999999996,0.07999999999999996,0
110,7,0.7690703868865967,0.3316259567133215,0.7,0.6394464236565303,69.140625,0.6392091766521862,0.8411747811979984,0.7,0.6399999999999999,0.6394464236565303,0.6394464236565303,0
110,1,0.25440576672554016,0.3316259567133215,0.0,0.21046538565939124,87.5,0.26637912237055894,-0.2650771890707601,0.0,0.08,0.21046538565939124,0.21046538565939124,0
110,8,1.3076072931289673,0.3316259567133215,0.7,0.6399999999999945,43.75,0.6399999999999922,1.3719465324409816,0.7,0.6399999999999999,0.6399999999999945,0.6399999999999945,0
110,16,0.43790963292121887,0.3316259567133215,0.27800486686095083,0.25260933567423594,86.36363636363636,0.23126881089658247,0.27800486686095083,0.27800486686095083,0.3024038934887607,0.25260933567423594,0.25260933567423594,0
110,5,0.3054250478744507,0.3316259567133215,0.0,0.11432960081420965,91.796875,0.12904228687744235,-0.0823032887550412,0.0,0.08,0.11432960081420965,0.11432960081420965,0
110,12,0.29832836985588074,0.3316259567133215,0.0,0.15245589869504486,85.15625,0.18350842670720696,-0.1058129018995393,0.0,0.08,0.15245589869504486,0.15245589869504486,0
111,3,0.25159943103790283,0.3277420864276553,0.0,0.16229990639269265,91.28205128205128,0.19757129484670383,-0.2643887045219787,0.0,0.08,0.16229990639269265,0.16229990639269265,0
111,8,1.4735074043273926,0.3277420864276553,0.7,0.639999999999996,49.21875,0.6399999999999945,1.5031738262289538,0.7,0.6399999999999999,0.639999999999996,0.639999999999996,0
111,12,0.36134281754493713,0.3277420864276553,0.09760016076381622,0.1541431676698473,87.109375,0.15245589869504486,0.09760016076381622,0.09760016076381622,0.15808012861105297,0.1541431676698473,0.1541431676698473,0
111,14,0.25468119978904724,0.3277420864276553,0.0,0.07999999999999996,91.91919191919192,0.07999999999999996,-0.2522144023464483,0.0,0.08,0.07999999999999996,0.07999999999999996,0
111,4,0.23787745833396912,0.3277420864276553,0.0,0.10479062561663546,91.74311926605505,0.11541517945233637,-0.32047130555233616,0.0,0.08,0.10479062561663546,0.10479062561663546,0
111,19,0.25814366340637207,0.3277420864276553,0.0,0.08067997205853053,91.015625,0.08097138865504361,-0.23871070412271447,0.0,0.08,0.08067997205853053,0.08067997205853053,0
111,9,0.27098795771598816,0.3277420864276553,0.0,0.07999999999999996,91.40625,0.07999999999999996,-0.1901525873938281,0.0,0.08,0.07999999999999996,0.07999999999999996,0
111,13,0.5906612873077393,0.3277420864276553,0.5890157444029754,0.5776737104144254,67.3913043478261,0.5890141882253019,0.5890157444029754,0.5890157444029754,0.5512125955223803,0.5776737104144254,0.5776737104144254,0
111,5,0.40054044127464294,0.3277420864276553,0.20058775562641226,0.1521717819202857,91.40625,0.11432960081420965,0.20058775562641226,0.20058775562641226,0.24047020450112983,0.1521717819202857,0.1521717819202857,0
111,18,0.2157689332962036,0.3277420864276553,0.0,0.07999999999999996,91.40625,0.07999999999999996,-0.4180188795385269,0.0,0.08,0.07999999999999996,0.07999999999999996,0
111,7,0.6905227899551392,0.3277420864276553,0.7,0.6396124965595711,71.875,0.6394464236565303,0.7452219840744576,0.7,0.6399999999999999,0.6396124965595711,0.6396124965595711,0
111,15,0.9561432600021362,0.3277420864276553,0.7,0.6092042810854774,71.42857142857143,0.5960061158363964,1.0706807581260427,0.7,0.6399999999999999,0.6092042810854774,0.6092042810854774,0
111,10,0.27472323179244995,0.3277420864276553,0.0,0.08702671819408753,92.1875,0.09003816884869648,-0.17646281028521293,0.0,0.08,0.08702671819408753,0.08702671819408753,0
111,1,0.18014852702617645,0.3277420864276553,0.0,0.17132576996157386,83.33333333333333,0.21046538565939124,-0.5984452914196771,0.0,0.08,0.17132576996157386,0.17132576996157386,0
111,2,0.15644340217113495,0.3277420864276553,0.0,0.0802449851961153,92.3076923076923,0.08034997885159328,-0.739532646693756,0.0,0.08,0.0802449851961153,0.0802449851961153,0
111,11,1.1150531768798828,0.3277420864276553,0.7,0.6399999999999901,46.09375,0.6399999999999859,1.2244303762782751,0.7,0.6399999999999999,0.6399999999999901,0.6399999999999901,0
111,0,0.06425776332616806,0.3277420864276553,0.0,0.27962999752783413,100.0,0.3651857107540487,-1.6293243056373874,0.0,0.08,0.27962999752783413,0.27962999752783413,0
111,6,0.19572511315345764,0.3277420864276553,0.0,0.07999999999999996,95.703125,0.07999999999999996,-0.5155157657052621,0.0,0.08,0.07999999999999996,0.07999999999999996,0
111,17,0.08044157177209854,0.3277420864276553,0.0,0.07999999999999996,95.703125,0.07999999999999996,-1.404695779005486,0.0,0.08,0.07999999999999996,0.07999999999999996,0
111,16,0.5068551898002625,0.3277420864276553,0.4359983531114649,0.3054661397187167,88.63636363636364,0.25260933567423594,0.4359983531114649,0.4359983531114649,0.42879868248917197,0.3054661397187167,0.3054661397187167,0
112,4,0.3039540946483612,0.3214244588410078,0.0,0.09735343793164483,92.66055045871559,0.10479062561663546,-0.055885863998517,0.0,0.08,0.09735343793164483,0.09735343793164483,0
112,7,0.679132342338562,0.3214244588410078,0.7,0.6397287475916997,69.140625,0.6396124965595711,0.7480534485504956,0.7,0.6399999999999999,0.6397287475916997,0.6397287475916997,0
112,9,0.2038685530424118,0.3214244588410078,0.0,0.07999999999999996,93.359375,0.07999999999999996,-0.4552870950731104,0.0,0.08,0.07999999999999996,0.07999999999999996,0
112,1,0.2829858958721161,0.3214244588410078,0.0,0.1439280389731017,95.83333333333333,0.17132576996157386,-0.12736548862492308,0.0,0.08,0.1439280389731017,0.1439280389731017,0
112,12,0.43153321743011475,0.3214244588410078,0.2945819295758823,0.20259988046710486,83.59375,0.1541431676698473,0.2945819295758823,0.2945819295758823,0.31566554366070587,0.20259988046710486,0.20259988046710486,0
112,0,0.10216397047042847,0.3214244588410078,0.0,0.21974099826948387,83.33333333333333,0.27962999752783413,-1.146183408389405,0.0,0.08,0.21974099826948387,0.21974099826948387,0
112,13,0.708684504032135,0.3214244588410078,0.7,0.5963715972900977,69.56521739130434,0.5776737104144254,0.7906478718898828,0.7,0.6399999999999999,0.5963715972900977,0.5963715972900977,0
112,5,0.27825596928596497,0.3214244588410078,0.0,0.13052024734419998,86.71875,0.1521717819202857,-0.14422110363282567,0.0,0.08,0.13052024734419998,0.13052024734419998,0
112,2,0.27218130230903625,0.3214244588410078,0.0,0.08017148963728071,92.3076923076923,0.0802449851961153,-0.1662941488605027,0.0,0.08,0.08017148963728071,0.08017148963728071,0
112,6,0.24579504132270813,0.3214244588410078,0.0,0.07999999999999996,91.015625,0.07999999999999996,-0.26826451846928256,0.0,0.08,0.07999999999999996,0.07999999999999996,0
112,3,0.4143046438694,0.3214244588410078,0.2538389996548361,0.19853129439204553,89.74358974358974,0.16229990639269265,0.2538389996548361,0.2538389996548361,0.2830711997238689,0.19853129439204553,0.19853129439204553,0
112,16,0.48507773876190186,0.3214244588410078,0.4115466023593605,0.3365974823693482,85.0,0.3054661397187167,0.4115466023593605,0.4115466023593605,0.4092372818874885,0.3365974823693482,0.3365974823693482,0
112,15,0.7613887190818787,0.3214244588410078,0.7,0.6184429967598342,57.142857142857146,0.6092042810854774,0.8623814584959429,0.7,0.6399999999999999,0.6184429967598342,0.6184429967598342,0
112,8,1.3227863311767578,0.3214244588410078,0.7,0.6399999999999971,47.265625,0.639999999999996,1.414733072907998,0.7,0.6399999999999999,0.6399999999999971,0.6399999999999971,0
112,19,0.24291497468948364,0.3214244588410078,0.0,0.08047598044097137,89.84375,0.08067997205853053,-0.2800510575746421,0.0,0.08,0.08047598044097137,0.08047598044097137,0
112,14,0.2553827166557312,0.3214244588410078,0.0,0.07999999999999996,92.92929292929293,0.07999999999999996,-0.22999927365944262,0.0,0.08,0.07999999999999996,0.07999999999999996,0
112,17,0.09179149568080902,0.3214244588410078,0.0,0.07999999999999996,97.265625,0.07999999999999996,-1.2532428198208703,0.0,0.08,0.07999999999999996,0.07999999999999996,0
112,11,1.121242642402649,0.3214244588410078,0.7,0.639999999999993,51.5625,0.6399999999999901,1.2494302778544752,0.7,0.6399999999999999,0.639999999999993,0.639999999999993,0
112,18,0.20110368728637695,0.3214244588410078,0.0,0.07999999999999996,91.40625,0.07999999999999996,-0.46894190053367985,0.0,0.08,0.07999999999999996,0.07999999999999996,0
112,10,0.2577163577079773,0.3214244588410078,0.0,0.08491870273586127,94.53125,0.08702671819408753,-0.22090295223182968,0.0,0.08,0.08491870273586127,0.08491870273586127,0
113,6,0.21380549669265747,0.3173441062148111,0.0,0.07999999999999996,91.015625,0.07999999999999996,-0.39491997067525497,0.0,0.08,0.07999999999999996,0.07999999999999996,0
113,18,0.17163942754268646,0.3173441062148111,0.0,0.07999999999999996,94.140625,0.07999999999999996,-0.6145907420559397,0.0,0.08,0.07999999999999996,0.07999999999999996,0
113,4,0.30719900131225586,0.3173441062148111,0.0,0.09214740655215137,95.41284403669725,0.09735343793164483,-0.032490942330727766,0.0,0.08,0.09214740655215137,0.09214740655215137,0
113,12,0.448532372713089,0.3173441062148111,0.3459941559367494,0.24885851375179324,86.71875,0.20259988046710486,0.3459941559367494,0.3459941559367494,0.35679532474939957,0.24885851375179324,0.24885851375179324,0
113,17,0.12525399029254913,0.3173441062148111,0.0,0.07999999999999996,96.875,0.07999999999999996,-0.9296430472960636,0.0,0.08,0.07999999999999996,0.07999999999999996,0
113,11,1.251328706741333,0.3173441062148111,0.7,0.639999999999995,50.78125,0.639999999999993,1.3719745139187507,0.7,0.6399999999999999,0.639999999999995,0.639999999999995,0
113,7,0.7586545944213867,0.3173441062148111,0.7,0.6398101233141897,73.828125,0.6397287475916997,0.8715598819684128,0.7,0.6399999999999999,0.6398101233141897,0.6398101233141897,0
113,9,0.2109615057706833,0.3173441062148111,0.0,0.07999999999999996,96.875,0.07999999999999996,-0.40831099808584337,0.0,0.08,0.07999999999999996,0.07999999999999996,0
113,14,0.1479104459285736,0.3173441062148111,0.0,0.07999999999999996,95.95959595959596,0.07999999999999996,-0.7633796620630071,0.0,0.08,0.07999999999999996,0.07999999999999996,0
113,15,0.8291118741035461,0.3173441062148111,0.7,0.6249100977318839,64.28571428571429,0.6184429967598342,0.9603683835446168,0.7,0.6399999999999999,0.6249100977318839,0.6249100977318839,0
113,13,0.646095335483551,0.3173441062148111,0.7,0.6094601181030683,78.26086956521739,0.5963715972900977,0.7109603613050399,0.7,0.6399999999999999,0.6094601181030683,0.6094601181030683,0
113,8,1.3905616998672485,0.3173441062148111,0.7,0.6399999999999979,49.21875,0.6399999999999971,1.4774763270988462,0.7,0.6399999999999999,0.6399999999999979,0.6399999999999979,0
113,3,0.34381377696990967,0.3173441062148111,0.08011346864606574,0.18219913854948763,90.76923076923077,0.19853129439204553,0.08011346864606574,0.08011346864606574,0.1440907749168526,0.18219913854948763,0.18219913854948763,0
113,5,0.3484293818473816,0.3173441062148111,0.09344887856888427,0.1377919039974722,87.890625,0.13052024734419998,0.09344887856888427,0.09344887856888427,0.1547591028551074,0.1377919039974722,0.1377919039974722,0
113,2,0.3533526062965393,0.3173441062148111,0.1074797461585592,0.1059151818241507,89.23076923076923,0.08017148963728071,0.1074797461585592,0.1074797461585592,0.16598379692684737,0.1059151818241507,0.1059151818241507,0
113,1,0.43788275122642517,0.3173441062148111,0.32196448089955604,0.20202110269706464,91.66666666666667,0.1439280389731017,0.32196448089955604,0.32196448089955604,0.3375715847196449,0.20202110269706464,0.20202110269706464,0
113,0,0.6788975596427917,0.3173441062148111,0.7,0.3458186987886387,100.0,0.21974099826948387,0.7604835362410669,0.7,0.6399999999999999,0.3458186987886387,0.3458186987886387,0
113,10,0.2855962812900543,0.3173441062148111,0.0,0.08344309191510288,93.75,0.08491870273586127,-0.10540748051244885,0.0,0.08,0.08344309191510288,0.08344309191510288,0
113,19,0.2768888473510742,0.3173441062148111,0.0,0.08033318630867996,91.40625,0.08047598044097137,-0.13637053654397893,0.0,0.08,0.08033318630867996,0.08033318630867996,0
113,16,0.40495535731315613,0.3173441062148111,0.24379013165408528,0.31812786925552416,89.0909090909091,0.3365974823693482,0.24379013165408528,0.24379013165408528,0.2750321053232682,0.31812786925552416,0.31812786925552416,0
114,9,0.23269549012184143,0.320698795000526,0.0,0.07999999999999996,94.140625,0.07999999999999996,-0.3207716480287481,0.0,0.08,0.07999999999999996,0.07999999999999996,0
114,15,1.534379005432129,0.320698795000526,0.7,0.6294370684123187,64.28571428571429,0.6249100977318839,1.5653786474917821,0.7,0.6399999999999999,0.6294370684123187,0.6294370684123187,0
114,6,0.23517251014709473,0.320698795000526,0.0,0.07999999999999996,94.140625,0.07999999999999996,-0.310183007380611,0.0,0.08,0.07999999999999996,0.07999999999999996,0
114,2,0.30455482006073,0.320698795000526,0.0,0.09814062727690548,90.76923076923077,0.1059151818241507,-0.051651243648998243,0.0,0.08,0.09814062727690548,0.09814062727690548,0
114,18,0.21230058372020721,0.320698795000526,0.0,0.07999999999999996,92.96875,0.07999999999999996,-0.41249921515507315,0.0,0.08,0.07999999999999996,0.07999999999999996,0
114,17,0.11861900985240936,0.320698795000526,0.0,0.07999999999999996,94.140625,0.07999999999999996,-0.99458553701365,0.0,0.08,0.07999999999999996,0.07999999999999996,0
114,5,0.299325168132782,0.320698795000526,0.0,0.12045433279823053,91.40625,0.1377919039974722,-0.06897184575224297,0.0,0.08,0.12045433279823053,0.12045433279823053,0
114,19,0.3049815893173218,0.320698795000526,0.0,0.08023323041607597,92.578125,0.08033318630867996,-0.05025093578958594,0.0,0.08,0.08023323041607597,0.08023323041607597,0
114,12,0.3948381245136261,0.320698795000526,0.20797351440450246,0.24811460308333583,83.203125,0.24885851375179324,0.20797351440450246,0.20797351440450246,0.24637881152360197,0.24811460308333583,0.24811460308333583,0
114,16,0.4483647346496582,0.320698795000526,0.3351046828592461,0.327114632365086,89.0909090909091,0.31812786925552416,0.3351046828592461,0.3351046828592461,0.3480837462873969,0.327114632365086,0.327114632365086,0
114,10,0.25473451614379883,0.320698795000526,0.0,0.08241016434057201,93.359375,0.08344309191510288,-0.23028045155127436,0.0,0.08,0.08241016434057201,0.08241016434057201,0
114,4,0.23740309476852417,0.320698795000526,0.0,0.08850318458650597,91.74311926605505,0.09214740655215137,-0.3007428201636804,0.0,0.08,0.08850318458650597,0.08850318458650597,0
114,0,0.45780396461486816,0.320698795000526,0.3559387090005202,0.3514983793121719,100.0,0.3458186987886387,0.3559387090005202,0.3559387090005202,0.3647509672004162,0.3514983793121719,0.3514983793121719,0
114,14,0.24872426688671112,0.320698795000526,0.0,0.07999999999999996,93.93939393939394,0.07999999999999996,-0.2541574192790094,0.0,0.08,0.07999999999999996,0.07999999999999996,0
114,13,0.9777625799179077,0.320698795000526,0.7,0.6186220826721478,71.73913043478261,0.6094601181030683,1.1147645095010144,0.7,0.6399999999999999,0.6186220826721478,0.6186220826721478,0
114,8,1.2398580312728882,0.320698795000526,0.7,0.6399999999999985,47.265625,0.6399999999999979,1.3522497887310547,0.7,0.6399999999999999,0.6399999999999985,0.6399999999999985,0
114,3,0.3479585647583008,0.320698795000526,0.08158105416810164,0.17111884998498572,92.3076923076923,0.18219913854948763,0.08158105416810164,0.08158105416810164,0.1452648433344813,0.17111884998498572,0.17111884998498572,0
114,7,0.7559974789619446,0.320698795000526,0.7,0.6398670863199327,71.09375,0.6398101233141897,0.857535674225186,0.7,0.6399999999999999,0.6398670863199327,0.6398670863199327,0
114,1,0.18112599849700928,0.320698795000526,0.0,0.16541477188794523,87.5,0.20202110269706464,-0.5713094118831725,0.0,0.08,0.16541477188794523,0.16541477188794523,0
114,11,1.0155614614486694,0.320698795000526,0.7,0.6399999999999965,57.03125,0.639999999999995,1.1526945319027708,0.7,0.6399999999999999,0.6399999999999965,0.6399999999999965,0
115,7,0.7645130157470703,0.319105735969376,0.7,0.6399069604239529,71.09375,0.6398670863199327,0.8737165235599383,0.7,0.6399999999999999,0.6399069604239529,0.6399069604239529,0
115,4,0.3415006995201111,0.319105735969376,0.06782721674590748,0.10223076122957198,91.74311926605505,0.08850318458650597,0.06782721674590748,0.06782721674590748,0.134261773396726,0.10223076122957198,0.10223076122957198,0
115,6,0.17710596323013306,0.319105735969376,0.0,0.07999999999999996,89.84375,0.07999999999999996,-0.5887742676929595,0.0,0.08,0.07999999999999996,0.07999999999999996,0
115,11,1.0312854051589966,0.319105735969376,0.7,0.6399999999999975,55.46875,0.6399999999999965,1.173038739111081,0.7,0.6399999999999999,0.6399999999999975,0.6399999999999975,0
115,3,0.4384128749370575,0.319105735969376,0.3176385861049861,0.22001645565468667,84.1025641025641,0.17111884998498572,0.3176385861049861,0.3176385861049861,0.3341108688839889,0.22001645565468667,0.22001645565468667,0
115,10,0.24444356560707092,0.319105735969376,0.0,0.0816871150384004,96.09375,0.08241016434057201,-0.26653803225133665,0.0,0.08,0.0816871150384004,0.0816871150384004,0
115,9,0.2426486760377884,0.319105735969376,0.0,0.07999999999999996,92.96875,0.07999999999999996,-0.2739078791352906,0.0,0.08,0.07999999999999996,0.07999999999999996,0
115,2,0.23551923036575317,0.319105735969376,0.0,0.09269843909383382,87.6923076923077,0.09814062727690548,-0.3037299297344018,0.0,0.08,0.09269843909383382,0.09269843909383382,0
115,5,0.3167016804218292,0.319105735969376,0.0,0.10831803295876136,89.0625,0.12045433279823053,-0.007562248777805331,0.0,0.08,0.10831803295876136,0.10831803295876136,0
115,13,0.7082023620605469,0.319105735969376,0.7,0.6250354578705034,65.21739130434783,0.6186220826721478,0.7972073491735359,0.7,0.6399999999999999,0.6250354578705034,0.6250354578705034,0
115,17,0.178081676363945,0.319105735969376,0.0,0.07999999999999996,96.875,0.07999999999999996,-0.5832801827393977,0.0,0.08,0.07999999999999996,0.07999999999999996,0
115,12,0.3551624119281769,0.319105735969376,0.10705267147980056,0.2233728633134872,83.984375,0.24811460308333583,0.10705267147980056,0.10705267147980056,0.16564213718384047,0.2233728633134872,0.2233728633134872,0
115,18,0.19003230333328247,0.319105735969376,0.0,0.07999999999999996,92.1875,0.07999999999999996,-0.5183284120451337,0.0,0.08,0.07999999999999996,0.07999999999999996,0
115,8,1.20488440990448,0.319105735969376,0.7,0.6399999999999989,53.125,0.6399999999999985,1.328616384312201,0.7,0.6399999999999999,0.6399999999999989,0.6399999999999989,0
115,0,0.07616188377141953,0.319105735969376,0.0,0.27004886551852036,83.33333333333333,0.3514983793121719,-1.4326612840503747,0.0,0.08,0.27004886551852036,0.27004886551852036,0
115,1,0.23443128168582916,0.319105735969376,0.0,0.13979034032156165,87.5,0.16541477188794523,-0.30835999417436977,0.0,0.08,0.13979034032156165,0.13979034032156165,0
115,16,0.40347668528556824,0.319105735969376,0.23459618970411247,0.3092833281845472,89.54545454545455,0.327114632365086,0.23459618970411247,0.23459618970411247,0.26767695176329,0.3092833281845472,0.3092833281845472,0
115,19,0.27733805775642395,0.319105735969376,0.0,0.08016326129125317,91.796875,0.08023323041607597,-0.14028531667600544,0.0,0.08,0.08016326129125317,0.08016326129125317,0
115,15,1.3272444009780884,0.319105735969376,0.7,0.632605947888623,57.142857142857146,0.6294370684123187,1.4253376605553911,0.7,0.6399999999999999,0.632605947888623,0.632605947888623,0
115,14,0.10269882529973984,0.319105735969376,0.0,0.07999999999999996,92.92929292929293,0.07999999999999996,-1.1337217638512682,0.0,0.08,0.07999999999999996,0.07999999999999996,0
116,16,0.408341646194458,0.31689714928135104,0.2535269140486944,0.30134478910086965,87.72727272727273,0.3092833281845472,0.2535269140486944,0.2535269140486944,0.28282153123895554,0.30134478910086965,0.30134478910086965,0
116,11,0.9858160614967346,0.31689714928135104,0.7,0.6399999999999981,54.6875,0.6399999999999975,1.1348924945663674,0.7,0.6399999999999999,0.6399999999999981,0.6399999999999981,0
116,19,0.25878527760505676,0.31689714928135104,0.0,0.08011428290387722,92.578125,0.08016326129125317,-0.2025785900726804,0.0,0.08,0.08011428290387722,0.08011428290387722,0
116,15,0.752625048160553,0.31689714928135104,0.7,0.6348241635220361,78.57142857142857,0.632605947888623,0.8649898704902012,0.7,0.6399999999999999,0.6348241635220361,0.6348241635220361,0
116,7,0.7889466285705566,0.31689714928135104,0.7,0.6399348722967669,62.890625,0.6399069604239529,0.9121213842644083,0.7,0.6399999999999999,0.6399348722967669,0.6399348722967669,0
116,13,0.479172945022583,0.31689714928135104,0.41348430487133125,0.5607610536784718,73.91304347826087,0.6250354578705034,0.41348430487133125,0.41348430487133125,0.41078744389706506,0.5607610536784718,0.5607610536784718,0
116,18,0.13502702116966248,0.31689714928135104,0.0,0.07999999999999996,90.625,0.07999999999999996,-0.8531023132900528,0.0,0.08,0.07999999999999996,0.07999999999999996,0
116,1,0.4267306327819824,0.31689714928135104,0.29757569845400095,0.1932714058540534,83.33333333333333,0.13979034032156165,0.29757569845400095,0.29757569845400095,0.3180605587632008,0.1932714058540534,0.1932714058540534,0
116,4,0.2706693708896637,0.31689714928135104,0.0,0.09556153286070038,92.66055045871559,0.10223076122957198,-0.1576792232105768,0.0,0.08,0.09556153286070038,0.09556153286070038,0
116,10,0.2090587168931961,0.31689714928135104,0.0,0.08118098052688028,93.75,0.0816871150384004,-0.4159621001572067,0.0,0.08,0.08118098052688028,0.08118098052688028,0
116,9,0.23835718631744385,0.31689714928135104,0.0,0.07999999999999996,91.40625,0.07999999999999996,-0.2848069291487033,0.0,0.08,0.07999999999999996,0.07999999999999996,0
116,14,0.3184078335762024,0.31689714928135104,0.004755785442834209,0.08114138850628018,92.92929292929293,0.07999999999999996,0.004755785442834209,0.004755785442834209,0.08380462835426737,0.08114138850628018,0.08114138850628018,0
116,2,0.4177529513835907,0.31689714928135104,0.2763129537685394,0.15520401627013314,92.3076923076923,0.09269843909383382,0.2763129537685394,0.2763129537685394,0.30105036301483157,0.15520401627013314,0.15520401627013314,0
116,6,0.24863415956497192,0.31689714928135104,0.0,0.07999999999999996,92.96875,0.07999999999999996,-0.24259468497132697,0.0,0.08,0.07999999999999996,0.07999999999999996,0
116,5,0.23243770003318787,0.31689714928135104,0.0,0.09982262307113293,89.84375,0.10831803295876136,-0.3099550272750057,0.0,0.08,0.09982262307113293,0.09982262307113293,0
116,12,0.410523921251297,0.31689714928135104,0.2588569224326004,0.2424866657032651,84.765625,0.2233728633134872,0.2588569224326004,0.2588569224326004,0.2870855379460803,0.2424866657032651,0.2424866657032651,0
116,0,1.0315088033676147,0.31689714928135104,0.7,0.3810342058629642,100.0,0.27004886551852036,1.180200574128004,0.7,0.6399999999999999,0.3810342058629642,0.3810342058629642,0
116,8,1.0505980253219604,0.31689714928135104,0.7,0.6399999999999991,46.484375,0.6399999999999989,1.1985375358934296,0.7,0.6399999999999999,0.6399999999999991,0.6399999999999991,0
116,17,0.0619465596973896,0.31689714928135104,0.0,0.07999999999999996,97.65625,0.07999999999999996,-1.6323050681456739,0.0,0.08,0.07999999999999996,0.07999999999999996,0
116,3,0.48394134640693665,0.31689714928135104,0.4233864323558064,0.27962426272367424,90.25641025641026,0.22001645565468667,0.4233864323558064,0.4233864323558064,0.4187091458846452,0.27962426272367424,0.27962426272367424,0
117,10,0.25784483551979065,0.32615071272550367,0.0,0.08082668636881618,92.1875,0.08118098052688028,-0.23500158409997524,0.0,0.08,0.08082668636881618,0.08082668636881618,0
117,7,0.6273661851882935,0.32615071272550367,0.6541707993390357,0.6289554024491054,66.40625,0.6399348722967669,0.6541707993390357,0.6541707993390357,0.6033366394712285,0.6289554024491054,0.6289554024491054,0
117,1,0.3682689666748047,0.32615071272550367,0.12145397188847987,0.18843893735107253,95.83333333333333,0.1932714058540534,0.12145397188847987,0.12145397188847987,0.17716317751078392,0.18843893735107253,0.18843893735107253,0
117,11,1.0982348918914795,0.32615071272550367,0.7,0.6399999999999987,59.765625,0.6399999999999981,1.2140999211678418,0.7,0.6399999999999999,0.6399999999999987,0.6399999999999987,0
117,9,0.17624449729919434,0.32615071272550367,0.0,0.07999999999999996,94.140625,0.07999999999999996,-0.615487337222576,0.0,0.08,0.07999999999999996,0.07999999999999996,0
117,8,1.186557412147522,0.32615071272550367,0.7,0.6399999999999993,52.734375,0.6399999999999991,1.2914518567826945,0.7,0.6399999999999999,0.6399999999999993,0.6399999999999993,0
117,4,0.2625870108604431,0.32615071272550367,0.0,0.09089307300249025,90.8256880733945,0.09556153286070038,-0.21677707903463556,0.0,0.08,0.09089307300249025,0.09089307300249025,0
117,5,0.2868058383464813,0.32615071272550367,0.0,0.09387583614979306,89.84375,0.09982262307113293,-0.12855411392775812,0.0,0.08,0.09387583614979306,0.09387583614979306,0
117,3,0.3767072260379791,0.32615071272550367,0.14410870936444184,0.254323074154038,89.23076923076923,0.27962426272367424,0.14410870936444184,0.14410870936444184,0.1952869674915535,0.254323074154038,0.254323074154038,0
117,18,0.1781943142414093,0.32615071272550367,0.0,0.07999999999999996,93.359375,0.07999999999999996,-0.604484950137119,0.0,0.08,0.07999999999999996,0.07999999999999996,0
117,16,0.36885663866996765,0.32615071272550367,0.12304846840160037,0.2644729847869928,88.63636363636364,0.30134478910086965,0.12304846840160037,0.12304846840160037,0.1784387747212803,0.2644729847869928,0.2644729847869928,0
117,14,0.34056851267814636,0.32615071272550367,0.0432567325193063,0.09118058775902962,93.93939393939394,0.08114138850628018,0.0432567325193063,0.0432567325193063,0.11460538601544504,0.09118058775902962,0.09118058775902962,0
117,6,0.23835545778274536,0.32615071272550367,0.0,0.07999999999999996,87.890625,0.07999999999999996,-0.3135964926401553,0.0,0.08,0.07999999999999996,0.07999999999999996,0
117,13,0.8553040623664856,0.32615071272550367,0.7,0.5845327375749303,76.08695652173913,0.5607610536784718,0.964097431737048,0.7,0.6399999999999999,0.5845327375749303,0.5845327375749303,0
117,2,0.433303564786911,0.32615071272550367,0.28407896468526606,0.20082176291355705,93.84615384615384,0.15520401627013314,0.28407896468526606,0.28407896468526606,0.3072631717482129,0.20082176291355705,0.20082176291355705,0
117,0,0.22607643902301788,0.32615071272550367,0.0,0.2907239441040749,100.0,0.3810342058629642,-0.3664864020842105,0.0,0.08,0.2907239441040749,0.2907239441040749,0
117,15,0.3910122513771057,0.32615071272550367,0.1813793043449647,0.5119079475082168,71.42857142857143,0.6348241635220361,0.1813793043449647,0.1813793043449647,0.22510344347597178,0.5119079475082168,0.5119079475082168,0
117,19,0.27686670422554016,0.32615071272550367,0.0,0.08007999803271404,86.71875,0.08011428290387722,-0.16382339986555144,0.0,0.08,0.08007999803271404,0.08007999803271404,0
117,12,0.3895527422428131,0.32615071272550367,0.17763967776745151,0.23637418865647394,83.203125,0.2424866657032651,0.17763967776745151,0.17763967776745151,0.22211174221396124,0.23637418865647394,0.23637418865647394,0
117,17,0.09924772381782532,0.32615071272550367,0.0,0.07999999999999996,94.53125,0.07999999999999996,-1.1897405279325968,0.0,0.08,0.07999999999999996,0.07999999999999996,0
118,8,1.1925601959228516,0.32897751542060083,0.7,0.6399999999999995,52.734375,0.6399999999999993,1.2878682719945802,0.7,0.6399999999999999,0.6399999999999995,0.6399999999999995,0
118,10,0.25946754217147827,0.32897751542060083,0.0,0.08057868045817132,92.1875,0.08082668636881618,-0.23735778165433785,0.0,0.08,0.08057868045817132,0.08057868045817132,0
118,11,1.0370882749557495,0.32897751542060083,0.7,0.639999999999999,52.734375,0.6399999999999987,1.1481829029273736,0.7,0.6399999999999999,0.639999999999999,0.639999999999999,0
118,15,0.960970401763916,0.32897751542060083,0.7,0.5503355632557517,64.28571428571429,0.5119079475082168,1.0719541828484016,0.7,0.6399999999999999,0.5503355632557517,0.5503355632557517,0
118,12,0.40578705072402954,0.32897751542060083,0.20983910439765047,0.23982331711496785,84.765625,0.23637418865647394,0.20983910439765047,0.20983910439765047,0.24787128351812038,0.23982331711496785,0.23982331711496785,0
118,18,0.19206079840660095,0.32897751542060083,0.0,0.07999999999999996,91.796875,0.07999999999999996,-0.5381774043038683,0.0,0.08,0.07999999999999996,0.07999999999999996,0
118,13,0.5598862767219543,0.32897751542060083,0.5317442670442287,0.5607915403930661,56.52173913043478,0.5845327375749303,0.5317442670442287,0.5317442670442287,0.505395413635383,0.5607915403930661,0.5607915403930661,0
118,7,0.6666590571403503,0.32897751542060083,0.7,0.6322687817143737,67.1875,0.6289554024491054,0.7062893348789976,0.7,0.6399999999999999,0.6322687817143737,0.6322687817143737,0
118,14,0.2302798330783844,0.32897751542060083,0.0,0.08782641143132072,95.95959595959596,0.09118058775902962,-0.35669415827146844,0.0,0.08,0.08782641143132072,0.08782641143132072,0
118,6,0.26257312297821045,0.32897751542060083,0.0,0.07999999999999996,90.625,0.07999999999999996,-0.2254597915893766,0.0,0.08,0.07999999999999996,0.07999999999999996,0
118,9,0.2738783359527588,0.32897751542060083,0.0,0.07999999999999996,90.625,0.07999999999999996,-0.18330542171962133,0.0,0.08,0.07999999999999996,0.07999999999999996,0
118,19,0.28861570358276367,0.32897751542060083,0.0,0.08005599862289983,90.234375,0.08007999803271404,-0.13089334416425197,0.0,0.08,0.08005599862289983,0.08005599862289983,0
118,17,0.1968776285648346,0.32897751542060083,0.0,0.07999999999999996,97.265625,0.07999999999999996,-0.5134070249163595,0.0,0.08,0.07999999999999996,0.07999999999999996,0
118,16,0.3306758403778076,0.32897751542060083,0.0051491549105458796,0.21036688652942598,87.27272727272727,0.2644729847869928,0.0051491549105458796,0.0051491549105458796,0.08411932392843671,0.21036688652942598,0.21036688652942598,0
118,3,0.4783017337322235,0.32897751542060083,0.3742523597263522,0.29184671824215114,84.1025641025641,0.254323074154038,0.3742523597263522,0.3742523597263522,0.37940188778108175,0.29184671824215114,0.29184671824215114,0
118,5,0.3100843131542206,0.32897751542060083,0.0,0.08971308530485514,90.234375,0.09387583614979306,-0.059145165974491744,0.0,0.08,0.08971308530485514,0.08971308530485514,0
118,4,0.15648548305034637,0.32897751542060083,0.0,0.08762515110174318,90.8256880733945,0.09089307300249025,-0.7430261271207964,0.0,0.08,0.08762515110174318,0.08762515110174318,0
118,2,0.37928280234336853,0.32897751542060083,0.14229269687882984,0.1987254812904091,96.92307692307692,0.20082176291355705,0.14229269687882984,0.14229269687882984,0.19383415750306388,0.1987254812904091,0.1987254812904091,0
118,1,0.3043178617954254,0.32897751542060083,0.0,0.15590725614575077,83.33333333333333,0.18843893735107253,-0.07791665061951836,0.0,0.08,0.15590725614575077,0.15590725614575077,0
118,0,0.056535955518484116,0.32897751542060083,0.0,0.22750676087285243,83.33333333333333,0.2907239441040749,-1.7611124431558665,0.0,0.08,0.22750676087285243,0.22750676087285243,0
119,3,0.3787662088871002,0.32679987262602306,0.14757117422660887,0.26370978458389194,90.25641025641026,0.29184671824215114,0.14757117422660887,0.14757117422660887,0.1980569393812871,0.26370978458389194,0.26370978458389194,0
119,8,1.2877168655395508,0.32679987262602306,0.7,0.6399999999999996,52.734375,0.6399999999999995,1.3712780615490079,0.7,0.6399999999999999,0.6399999999999996,0.6399999999999996,0
119,10,0.25208020210266113,0.32679987262602306,0.0,0.08040507632071991,93.359375,0.08057868045817132,-0.2596006649655096,0.0,0.08,0.08040507632071991,0.08040507632071991,0
119,13,0.9087136387825012,0.32679987262602306,0.7,0.5845540782751463,76.08695652173913,0.5607915403930661,1.0226820228836162,0.7,0.6399999999999999,0.5845540782751463,0.5845540782751463,0
119,5,0.3390064835548401,0.32679987262602306,0.03667125840173475,0.09560026172981494,91.796875,0.08971308530485514,0.03667125840173475,0.03667125840173475,0.1093370067213878,0.09560026172981494,0.09560026172981494,0
119,19,0.322437584400177,0.32679987262602306,0.0,0.08003919903602988,92.96875,0.08005599862289983,-0.0134383920489958,0.0,0.08,0.08003919903602988,0.08003919903602988,0
119,14,0.2714417278766632,0.32679987262602306,0.0,0.08547848800192451,90.9090909090909,0.08782641143132072,-0.18560048093488812,0.0,0.08,0.08547848800192451,0.08547848800192451,0
119,1,0.22342686355113983,0.32679987262602306,0.0,0.13313507930202553,91.66666666666667,0.15590725614575077,-0.3802638309988839,0.0,0.08,0.13313507930202553,0.13313507930202553,0
119,6,0.19969747960567474,0.32679987262602306,0.0,0.07999999999999996,89.453125,0.07999999999999996,-0.4925443343093993,0.0,0.08,0.07999999999999996,0.07999999999999996,0
119,0,0.26500746607780457,0.32679987262602306,0.0,0.18325473261099667,100.0,0.22750676087285243,-0.20958996662164825,0.0,0.08,0.18325473261099667,0.18325473261099667,0
119,2,0.18504734337329865,0.32679987262602306,0.0,0.16310783690328634,90.76923076923077,0.1987254812904091,-0.5687362473192115,0.0,0.08,0.16310783690328634,0.16310783690328634,0
119,7,0.6971901655197144,0.32679987262602306,0.7,0.6345881472000615,73.828125,0.6322687817143737,0.7577102183851094,0.7,0.6399999999999999,0.6345881472000615,0.6345881472000615,0
119,16,0.36919546127319336,0.32679987262602306,0.12197823240521623,0.20053159634785006,89.0909090909091,0.21036688652942598,0.12197823240521623,0.12197823240521623,0.17758258592417298,0.20053159634785006,0.20053159634785006,0
119,4,0.31947535276412964,0.32679987262602306,0.0,0.08533760577122022,91.74311926605505,0.08762515110174318,-0.02266784482932864,0.0,0.08,0.08533760577122022,0.08533760577122022,0
119,12,0.42086684703826904,0.32679987262602306,0.2529685257733619,0.25258876816608433,85.9375,0.23982331711496785,0.2529685257733619,0.2529685257733619,0.2823748206186895,0.25258876816608433,0.25258876816608433,0
119,17,0.10811624675989151,0.32679987262602306,0.0,0.07999999999999996,96.484375,0.07999999999999996,-1.1061409041780423,0.0,0.08,0.07999999999999996,0.07999999999999996,0
119,11,1.028210163116455,0.32679987262602306,0.7,0.6399999999999992,52.734375,0.639999999999999,1.1462268698509281,0.7,0.6399999999999999,0.6399999999999992,0.6399999999999992,0
119,15,1.109104871749878,0.32679987262602306,0.7,0.5772348942790262,71.42857142857143,0.5503355632557517,1.2219605523184025,0.7,0.6399999999999999,0.5772348942790262,0.5772348942790262,0
119,18,0.13598783314228058,0.32679987262602306,0.0,0.07999999999999996,94.140625,0.07999999999999996,-0.8767825107433411,0.0,0.08,0.07999999999999996,0.07999999999999996,0
119,9,0.21633653342723846,0.32679987262602306,0.0,0.07999999999999996,92.1875,0.07999999999999996,-0.41251273725168763,0.0,0.08,0.07999999999999996,0.07999999999999996,0
120,0,0.6836528778076172,0.3262155322216361,0.7,0.32027831282769764,83.33333333333333,0.18325473261099667,0.7398919795010862,0.7,0.6399999999999999,0.32027831282769764,0.32027831282769764,0
120,12,0.3368833065032959,0.3262155322216361,0.032178293219337316,0.20853492808889998,89.84375,0.25258876816608433,0.032178293219337316,0.032178293219337316,0.10574263457546985,0.20853492808889998,0.20853492808889998,0
120,5,0.2376384288072586,0.3262155322216361,0.0,0.09092018321087045,90.625,0.09560026172981494,-0.31680798145207134,0.0,0.08,0.09092018321087045,0.09092018321087045,0
120,10,0.19249701499938965,0.3262155322216361,0.0,0.08028355342450394,92.1875,0.08040507632071991,-0.5274776362877087,0.0,0.08,0.08028355342450394,0.08028355342450394,0
120,14,0.1808207482099533,0.3262155322216361,0.0,0.08383494160134715,92.92929292929293,0.08547848800192451,-0.5900520808717952,0.0,0.08,0.08383494160134715,0.08383494160134715,0
120,2,0.25810354948043823,0.3262155322216361,0.0,0.13817548583230044,95.38461538461539,0.16310783690328634,-0.23419743762760445,0.0,0.08,0.13817548583230044,0.13817548583230044,0
120,1,0.2659202814102173,0.3262155322216361,0.0,0.11719455551141786,91.66666666666667,0.13313507930202553,-0.204361727824303,0.0,0.08,0.11719455551141786,0.11719455551141786,0
120,3,0.3388843238353729,0.3262155322216361,0.03810051568588279,0.21774097297333622,86.15384615384616,0.26370978458389194,0.03810051568588279,0.03810051568588279,0.11048041254870623,0.21774097297333622,0.21774097297333622,0
120,4,0.3740241825580597,0.3262155322216361,0.13676214595910108,0.1165592390700384,89.90825688073394,0.08533760577122022,0.13676214595910108,0.13676214595910108,0.18940971676728086,0.1165592390700384,0.1165592390700384,0
120,13,0.5872699022293091,0.3262155322216361,0.5879261952017039,0.5742901416410113,73.91304347826087,0.5845540782751463,0.5879261952017039,0.5879261952017039,0.5503409561613631,0.5742901416410113,0.5742901416410113,0
120,7,0.6903192400932312,0.3262155322216361,0.7,0.636211703040043,72.265625,0.6345881472000615,0.7495958365343579,0.7,0.6399999999999999,0.636211703040043,0.636211703040043,0
120,9,0.22997595369815826,0.3262155322216361,0.0,0.07999999999999996,92.578125,0.07999999999999996,-0.3495835375455827,0.0,0.08,0.07999999999999996,0.07999999999999996,0
120,16,0.35489386320114136,0.3262155322216361,0.0842604607046579,0.18459462801261295,89.54545454545455,0.20053159634785006,0.0842604607046579,0.0842604607046579,0.14740836856372633,0.18459462801261295,0.18459462801261295,0
120,8,1.2249336242675781,0.3262155322216361,0.7,0.6399999999999997,47.265625,0.6399999999999996,1.3230836100556498,0.7,0.6399999999999999,0.6399999999999997,0.6399999999999997,0
120,6,0.19144584238529205,0.3262155322216361,0.0,0.07999999999999996,87.5,0.07999999999999996,-0.5329533218777663,0.0,0.08,0.07999999999999996,0.07999999999999996,0
120,15,0.743371307849884,0.3262155322216361,0.7,0.5960644259953183,85.71428571428571,0.5772348942790262,0.8236373393794629,0.7,0.6399999999999999,0.5960644259953183,0.5960644259953183,0
120,17,0.12432417273521423,0.3262155322216361,0.0,0.07999999999999996,97.65625,0.07999999999999996,-0.9646658043841152,0.0,0.08,0.07999999999999996,0.07999999999999996,0
120,18,0.21888019144535065,0.3262155322216361,0.0,0.07999999999999996,92.96875,0.07999999999999996,-0.39903378056765454,0.0,0.08,0.07999999999999996,0.07999999999999996,0
120,19,0.20715314149856567,0.3262155322216361,0.0,0.08002743932522091,90.625,0.08003919903602988,-0.45409995333341496,0.0,0.08,0.08002743932522091,0.08002743932522091,0
120,11,0.9396352171897888,0.3262155322216361,0.7,0.6399999999999995,57.8125,0.6399999999999992,1.05793340842219,0.7,0.6399999999999999,0.6399999999999995,0.6399999999999995,0
121,17,0.1107276901602745,0.32373415839514813,0.0,0.07999999999999996,95.3125,0.07999999999999996,-1.0728486754117164,0.0,0.08,0.07999999999999996,0.07999999999999996,0
121,5,0.3075386881828308,0.32373415839514813,0.0,0.08764412824760931,89.0625,0.09092018321087045,-0.051321784030649395,0.0,0.08,0.08764412824760931,0.08764412824760931,0
121,6,0.25669485330581665,0.32373415839514813,0.0,0.07999999999999996,92.578125,0.07999999999999996,-0.2320346339266748,0.0,0.08,0.07999999999999996,0.07999999999999996,0
121,1,0.43246281147003174,0.32373415839514813,0.2895736496498931,0.17553386477396682,100.0,0.11719455551141786,0.2895736496498931,0.2895736496498931,0.3116589197199145,0.17553386477396682,0.17553386477396682,0
121,2,0.16695715487003326,0.32373415839514813,0.0,0.1207228400826103,93.84615384615384,0.13817548583230044,-0.6621854293767613,0.0,0.08,0.1207228400826103,0.1207228400826103,0
121,8,1.2150737047195435,0.32373415839514813,0.7,0.6399999999999997,53.90625,0.6399999999999997,1.3226373133772282,0.7,0.6399999999999999,0.6399999999999997,0.6399999999999997,0
121,9,0.2942759096622467,0.32373415839514813,0.0,0.07999999999999996,93.359375,0.07999999999999996,-0.09540488163477302,0.0,0.08,0.07999999999999996,0.07999999999999996,0
121,14,0.2857862412929535,0.32373415839514813,0.0,0.082684459120943,91.91919191919192,0.08383494160134715,-0.12467855281231732,0.0,0.08,0.082684459120943,0.082684459120943,0
121,16,0.31430575251579285,0.32373415839514813,0.0,0.15321623960882905,88.63636363636364,0.18459462801261295,-0.029556433028514763,0.0,0.08,0.15321623960882905,0.15321623960882905,0
121,12,0.31801649928092957,0.32373415839514813,0.0,0.16997444966222996,83.59375,0.20853492808889998,-0.017819413697746585,0.0,0.08,0.16997444966222996,0.16997444966222996,0
121,3,0.38203731179237366,0.32373415839514813,0.16559559375319513,0.21616162358210217,87.6923076923077,0.21774097297333622,0.16559559375319513,0.16559559375319513,0.21247647500255612,0.21616162358210217,0.21616162358210217,0
121,13,0.7970166206359863,0.32373415839514813,0.7,0.5940030991487079,67.3913043478261,0.5742901416410113,0.900952834008935,0.7,0.6399999999999999,0.5940030991487079,0.5940030991487079,0
121,0,0.6350468397140503,0.32373415839514813,0.6737760641402923,0.40990107437305845,100.0,0.32027831282769764,0.6737760641402923,0.6737760641402923,0.6190208513122338,0.40990107437305845,0.40990107437305845,0
121,4,0.2730569541454315,0.32373415839514813,0.0,0.10559146734902689,90.8256880733945,0.1165592390700384,-0.17024227781620996,0.0,0.08,0.10559146734902689,0.10559146734902689,0
121,7,0.7626016139984131,0.32373415839514813,0.7,0.6373481921280301,71.484375,0.636211703040043,0.8568130658677929,0.7,0.6399999999999999,0.6373481921280301,0.6373481921280301,0
121,18,0.11167176812887192,0.32373415839514813,0.0,0.07999999999999996,94.921875,0.07999999999999996,-1.0643586947103505,0.0,0.08,0.07999999999999996,0.07999999999999996,0
121,10,0.30404993891716003,0.32373415839514813,0.0,0.08019848739715275,91.796875,0.08028355342450394,-0.06273071755002191,0.0,0.08,0.08019848739715275,0.08019848739715275,0
121,19,0.2919662296772003,0.32373415839514813,0.0,0.08001920752765464,92.1875,0.08002743932522091,-0.10328453306787791,0.0,0.08,0.08001920752765464,0.08001920752765464,0
121,11,1.0743407011032104,0.32373415839514813,0.7,0.6399999999999996,52.734375,0.6399999999999995,1.199539749316184,0.7,0.6399999999999999,0.6399999999999996,0.6399999999999996,0
121,15,0.8056727647781372,0.32373415839514813,0.7,0.6092450981967228,78.57142857142857,0.5960644259953183,0.911754962336022,0.7,0.6399999999999999,0.6092450981967228,0.6092450981967228,0
122,9,0.2540874481201172,0.3224529645905645,0.0,0.07999999999999996,92.96875,0.07999999999999996,-0.2382787793202797,0.0,0.08,0.07999999999999996,0.07999999999999996,0
122,7,0.6328133940696716,0.3224529645905645,0.6742182880065484,0.6319561236111926,73.4375,0.6373481921280301,0.6742182880065484,0.6742182880065484,0.6193746304052387,0.6319561236111926,0.6319561236111926,0
122,8,1.0777554512023926,0.3224529645905645,0.7,0.6399999999999997,51.953125,0.6399999999999997,1.2066785704593095,0.7,0.6399999999999999,0.6399999999999997,0.6399999999999997,0
122,16,0.42267906665802,0.3224529645905645,0.2706558966956133,0.19620878293312752,85.45454545454545,0.15321623960882905,0.2706558966956133,0.2706558966956133,0.29652471735649066,0.19620878293312752,0.19620878293312752,0
122,12,0.39162468910217285,0.3224529645905645,0.1943466705598537,0.18962531569792584,83.203125,0.16997444966222996,0.1943466705598537,0.1943466705598537,0.235477336447883,0.18962531569792584,0.18962531569792584,0
122,13,0.5689225196838379,0.3224529645905645,0.5677869627781489,0.5760710404708512,63.04347826086956,0.5940030991487079,0.5677869627781489,0.5677869627781489,0.5342295702225192,0.5760710404708512,0.5760710404708512,0
122,19,0.2583465278148651,0.3224529645905645,0.0,0.08001344526935825,92.578125,0.08001920752765464,-0.2216554568796846,0.0,0.08,0.08001344526935825,0.08001344526935825,0
122,3,0.3740280270576477,0.3224529645905645,0.14837344961884905,0.21092276441599528,84.61538461538461,0.21616162358210217,0.14837344961884905,0.14837344961884905,0.19869875969507925,0.21092276441599528,0.21092276441599528,0
122,18,0.1613028347492218,0.3224529645905645,0.0,0.07999999999999996,96.09375,0.07999999999999996,-0.6926736890180621,0.0,0.08,0.07999999999999996,0.07999999999999996,0
122,11,1.0312167406082153,0.3224529645905645,0.7,0.6399999999999997,56.640625,0.6399999999999996,1.1625373849139555,0.7,0.6399999999999999,0.6399999999999997,0.6399999999999997,0
122,14,0.2290581464767456,0.3224529645905645,0.0,0.0818791213846601,92.92929292929293,0.082684459120943,-0.3419813806547015,0.0,0.08,0.0818791213846601,0.0818791213846601,0
122,5,0.2878775894641876,0.3224529645905645,0.0,0.08535088977332651,89.84375,0.08764412824760931,-0.11342192244409961,0.0,0.08,0.08535088977332651,0.08535088977332651,0
122,17,0.08781089633703232,0.3224529645905645,0.0,0.07999999999999996,97.265625,0.07999999999999996,-1.3007715994923956,0.0,0.08,0.07999999999999996,0.07999999999999996,0
122,0,0.703977108001709,0.3224529645905645,0.7,0.4789307520611409,66.66666666666667,0.40990107437305845,0.7807885424106342,0.7,0.6399999999999999,0.4789307520611409,0.4789307520611409,0
122,1,0.3682929277420044,0.3224529645905645,0.13292133760003397,0.17877482636578493,91.66666666666667,0.17553386477396682,0.13292133760003397,0.13292133760003397,0.1863370700800272,0.17877482636578493,0.17877482636578493,0
122,10,0.23652507364749908,0.3224529645905645,0.0,0.08013894117800693,96.484375,0.08019848739715275,-0.30990304613842284,0.0,0.08,0.08013894117800693,0.08013894117800693,0
122,6,0.2399308830499649,0.3224529645905645,0.0,0.07999999999999996,92.578125,0.07999999999999996,-0.2956063741281544,0.0,0.08,0.07999999999999996,0.07999999999999996,0
122,4,0.19396959245204926,0.3224529645905645,0.0,0.09791402714431882,88.07339449541284,0.10559146734902689,-0.5082558519857772,0.0,0.08,0.09791402714431882,0.09791402714431882,0
122,15,0.7414616346359253,0.3224529645905645,0.7,0.6184715687377059,78.57142857142857,0.6092450981967228,0.8326661231378045,0.7,0.6399999999999999,0.6184715687377059,0.6184715687377059,0
122,2,0.4342363178730011,0.3224529645905645,0.29763160978430847,0.17993757440606123,89.23076923076923,0.1207228400826103,0.29763160978430847,0.29763160978430847,0.3181052878274468,0.17993757440606123,0.17993757440606123,0
123,17,0.08935989439487457,0.3273237158714907,0.0,0.07999999999999996,96.484375,0.07999999999999996,-1.298277583684408,0.0,0.08,0.07999999999999996,0.07999999999999996,0
123,13,0.48371422290802,0.3273237158714907,0.3905446359119401,0.5209804409484615,76.08695652173913,0.5760710404708512,0.3905446359119401,0.3905446359119401,0.39243570872955214,0.5209804409484615,0.5209804409484615,0
123,6,0.2514394223690033,0.3273237158714907,0.0,0.07999999999999996,89.0625,0.07999999999999996,-0.2637475335914263,0.0,0.08,0.07999999999999996,0.07999999999999996,0
123,12,0.35033562779426575,0.3273237158714907,0.0679419915391016,0.17304379895793248,87.5,0.18962531569792584,0.0679419915391016,0.0679419915391016,0.1343535932312813,0.17304379895793248,0.17304379895793248,0
123,3,0.4478510916233063,0.3273237158714907,0.3135111461648461,0.24688861017075975,88.71794871794872,0.21092276441599528,0.3135111461648461,0.3135111461648461,0.3308089169318769,0.24688861017075975,0.24688861017075975,0
123,18,0.1841387152671814,0.3273237158714907,0.0,0.07999999999999996,93.75,0.07999999999999996,-0.57526025335032,0.0,0.08,0.07999999999999996,0.07999999999999996,0
123,15,1.0477550029754639,0.3273237158714907,0.7,0.6249300981163941,57.142857142857146,0.6184715687377059,1.1634554027510913,0.7,0.6399999999999999,0.6249300981163941,0.6249300981163941,0
123,10,0.18042248487472534,0.3273237158714907,0.0,0.08009725882460485,93.75,0.08013894117800693,-0.595648374275179,0.0,0.08,0.08009725882460485,0.08009725882460485,0
123,2,0.1498173177242279,0.3273237158714907,0.0,0.14995630208424285,90.76923076923077,0.17993757440606123,-0.7815329317725639,0.0,0.08,0.14995630208424285,0.14995630208424285,0
123,16,0.45176270604133606,0.3273237158714907,0.3222074089222782,0.23867592619453604,88.18181818181819,0.19620878293312752,0.3222074089222782,0.3222074089222782,0.3377659271378226,0.23867592619453604,0.23867592619453604,0
123,7,0.6991802453994751,0.3273237158714907,0.7,0.6343692865278348,69.53125,0.6319561236111926,0.7589589165399353,0.7,0.6399999999999999,0.6343692865278348,0.6343692865278348,0
123,14,0.19852159917354584,0.3273237158714907,0.0,0.08131538496926206,96.96969696969697,0.0818791213846601,-0.5000517120201078,0.0,0.08,0.08131538496926206,0.08131538496926206,0
123,8,1.2613041400909424,0.3273237158714907,0.7,0.6399999999999997,48.828125,0.6399999999999997,1.3489518358583992,0.7,0.6399999999999999,0.6399999999999997,0.6399999999999997,0
123,19,0.28127598762512207,0.3273237158714907,0.0,0.08000941168855077,91.015625,0.08001344526935825,-0.15161328331040227,0.0,0.08,0.08000941168855077,0.08000941168855077,0
123,5,0.3700423240661621,0.3273237158714907,0.12266774693072402,0.11318588210470232,91.015625,0.08535088977332651,0.12266774693072402,0.12266774693072402,0.1781341975445792,0.11318588210470232,0.11318588210470232,0
123,9,0.19309094548225403,0.3273237158714907,0.0,0.07999999999999996,93.359375,0.07999999999999996,-0.5277883187375978,0.0,0.08,0.07999999999999996,0.07999999999999996,0
123,0,0.7923863530158997,0.3273237158714907,0.7,0.5272515264427986,100.0,0.4789307520611409,0.8840994363962955,0.7,0.6399999999999999,0.5272515264427986,0.5272515264427986,0
123,4,0.25190091133117676,0.3273237158714907,0.0,0.09253981900102318,90.8256880733945,0.09791402714431882,-0.2619138276781485,0.0,0.08,0.09253981900102318,0.09253981900102318,0
123,11,1.0337731838226318,0.3273237158714907,0.7,0.6399999999999997,57.8125,0.6399999999999997,1.150021014116476,0.7,0.6399999999999999,0.6399999999999997,0.6399999999999997,0
123,1,0.1227453351020813,0.3273237158714907,0.0,0.14914237845604944,95.83333333333333,0.17877482636578493,-0.9808378243772463,0.0,0.08,0.14914237845604944,0.14914237845604944,0
124,18,0.19640204310417175,0.326171925055311,0.0,0.07999999999999996,95.703125,0.07999999999999996,-0.5072608009280846,0.0,0.08,0.07999999999999996,0.07999999999999996,0
124,13,0.3888378143310547,0.326171925055311,0.17573770217548051,0.43086335718603835,71.73913043478261,0.5209804409484615,0.17573770217548051,0.17573770217548051,0.22059016174038443,0.43086335718603835,0.43086335718603835,0
124,5,0.3257060647010803,0.326171925055311,0.0,0.10323011747329161,90.625,0.11318588210470232,-0.0014292871566940666,0.0,0.08,0.10323011747329161,0.10323011747329161,0
124,9,0.18570579588413239,0.326171925055311,0.0,0.07999999999999996,94.921875,0.07999999999999996,-0.5632609177531054,0.0,0.08,0.07999999999999996,0.07999999999999996,0
124,4,0.36917784810066223,0.326171925055311,0.12385387770746693,0.11850280395050827,89.90825688073394,0.09253981900102318,0.12385387770746693,0.12385387770746693,0.17908310216597356,0.11850280395050827,0.11850280395050827,0
124,7,0.7367968559265137,0.326171925055311,0.7,0.6360585005694843,75.390625,0.6343692865278348,0.8148875808225007,0.7,0.6399999999999999,0.6360585005694843,0.6360585005694843,0
124,6,0.144992858171463,0.326171925055311,0.0,0.07999999999999996,91.015625,0.07999999999999996,-0.810740094294481,0.0,0.08,0.07999999999999996,0.07999999999999996,0
124,12,0.2831854820251465,0.326171925055311,0.0,0.14513065927055274,84.765625,0.17304379895793248,-0.14132251869847592,0.0,0.08,0.14513065927055274,0.14513065927055274,0
124,15,1.1908981800079346,0.326171925055311,0.7,0.6294510686814758,71.42857142857143,0.6249300981163941,1.2950384324394881,0.7,0.6399999999999999,0.6294510686814758,0.6294510686814758,0
124,0,0.1275618076324463,0.326171925055311,0.0,0.393076068509959,100.0,0.5272515264427986,-0.9388235592054693,0.0,0.08,0.393076068509959,0.393076068509959,0
124,17,0.07354506105184555,0.326171925055311,0.0,0.07999999999999996,97.265625,0.07999999999999996,-1.4895262206099138,0.0,0.08,0.07999999999999996,0.07999999999999996,0
124,2,0.2241467535495758,0.326171925055311,0.0,0.12896941145896998,90.76923076923077,0.14995630208424285,-0.37512361875440525,0.0,0.08,0.12896941145896998,0.12896941145896998,0
124,16,0.4224502146244049,0.326171925055311,0.2586469778359945,0.2531484230168139,90.0,0.23867592619453604,0.2586469778359945,0.2586469778359945,0.2869175822687956,0.2531484230168139,0.2531484230168139,0
124,11,0.8858926296234131,0.326171925055311,0.7,0.6399999999999997,69.53125,0.6399999999999997,0.9991711185419101,0.7,0.6399999999999999,0.6399999999999997,0.6399999999999997,0
124,1,0.2612011134624481,0.326171925055311,0.0,0.1283996649192346,91.66666666666667,0.14914237845604944,-0.22213395193009575,0.0,0.08,0.1283996649192346,0.1283996649192346,0
124,10,0.26097601652145386,0.326171925055311,0.0,0.08006808117722339,93.359375,0.08009725882460485,-0.2229960997852597,0.0,0.08,0.08006808117722339,0.08006808117722339,0
124,8,1.1015229225158691,0.326171925055311,0.7,0.6399999999999997,54.296875,0.6399999999999997,1.2170243348963128,0.7,0.6399999999999999,0.6399999999999997,0.6399999999999997,0
124,19,0.25116437673568726,0.326171925055311,0.0,0.08000658818198554,89.0625,0.08000941168855077,-0.26131699848668943,0.0,0.08,0.08000658818198554,0.08000658818198554,0
124,3,0.5107499957084656,0.326171925055311,0.44845559439332555,0.30445136977392995,87.6923076923077,0.24688861017075975,0.44845559439332555,0.44845559439332555,0.43876447551466047,0.30445136977392995,0.30445136977392995,0
124,14,0.24981585144996643,0.326171925055311,0.0,0.08092076947848345,89.8989898989899,0.08131538496926206,-0.2667005582082424,0.0,0.08,0.08092076947848345,0.08092076947848345,0
125,14,0.31407198309898376,0.32077406232415967,0.0,0.08064453863493841,87.87878787878788,0.08092076947848345,-0.02111481378041134,0.0,0.08,0.08064453863493841,0.08064453863493841,0
125,8,1.1206591129302979,0.32077406232415967,0.7,0.6399999999999997,51.953125,0.6399999999999997,1.2509352430118021,0.7,0.6399999999999999,0.6399999999999997,0.6399999999999997,0
125,3,0.3652757406234741,0.32077406232415967,0.12991549871653177,0.26829567853371855,88.2051282051282,0.30445136977392995,0.12991549871653177,0.12991549871653177,0.18393239897322544,0.26829567853371855,0.26829567853371855,0
125,16,0.34417715668678284,0.32077406232415967,0.07041949344080692,0.21810457453756338,89.0909090909091,0.2531484230168139,0.07041949344080692,0.07041949344080692,0.13633559475264553,0.21810457453756338,0.21810457453756338,0
125,9,0.16656599938869476,0.32077406232415967,0.0,0.07999999999999996,93.359375,0.07999999999999996,-0.6553453671551092,0.0,0.08,0.07999999999999996,0.07999999999999996,0
125,19,0.2480802834033966,0.32077406232415967,0.0,0.08000461172738987,88.28125,0.08000658818198554,-0.25698459330572926,0.0,0.08,0.08000461172738987,0.08000461172738987,0
125,5,0.328792005777359,0.32077406232415967,0.024688329177694722,0.10218628123395085,89.84375,0.10323011747329161,0.024688329177694722,0.024688329177694722,0.09975066334215578,0.10218628123395085,0.10218628123395085,0
125,1,0.5215135216712952,0.32077406232415967,0.48599817090623765,0.23051932646096127,83.33333333333333,0.1283996649192346,0.48599817090623765,0.48599817090623765,0.46879853672499017,0.23051932646096127,0.23051932646096127,0
125,11,0.9962431192398071,0.32077406232415967,0.7,0.6399999999999997,59.765625,0.6399999999999997,1.1332542826641954,0.7,0.6399999999999999,0.6399999999999997,0.6399999999999997,0
125,10,0.3040257394313812,0.32077406232415967,0.0,0.08004765682405637,92.578125,0.08006808117722339,-0.05362465089780525,0.0,0.08,0.08004765682405637,0.08004765682405637,0
125,18,0.2191872000694275,0.32077406232415967,0.0,0.07999999999999996,92.96875,0.07999999999999996,-0.38081084564579853,0.0,0.08,0.07999999999999996,0.07999999999999996,0
125,7,0.7212376594543457,0.32077406232415967,0.7,0.6372409503986389,72.65625,0.6360585005694843,0.8102316708050857,0.7,0.6399999999999999,0.6372409503986389,0.6372409503986389,0
125,6,0.17097236216068268,0.32077406232415967,0.0,0.07999999999999996,95.3125,0.07999999999999996,-0.6292350736563003,0.0,0.08,0.07999999999999996,0.07999999999999996,0
125,0,0.44739899039268494,0.32077406232415967,0.3327137640009738,0.379004551317205,83.33333333333333,0.393076068509959,0.3327137640009738,0.3327137640009738,0.3461710112007791,0.379004551317205,0.379004551317205,0
125,17,0.12895700335502625,0.32077406232415967,0.0,0.07999999999999996,94.140625,0.07999999999999996,-0.9112579317716356,0.0,0.08,0.07999999999999996,0.07999999999999996,0
125,15,0.2833344042301178,0.32077406232415967,0.0,0.46461574807703304,92.85714285714286,0.6294510686814758,-0.12410917505511736,0.0,0.08,0.46461574807703304,0.46461574807703304,0
125,13,0.9056716561317444,0.32077406232415967,0.7,0.49360435003022685,67.3913043478261,0.43086335718603835,1.0379397901534366,0.7,0.6399999999999999,0.49360435003022685,0.49360435003022685,0
125,2,0.2895008325576782,0.32077406232415967,0.0,0.11427858802127899,93.84615384615384,0.12896941145896998,-0.10257884339588906,0.0,0.08,0.11427858802127899,0.11427858802127899,0
125,12,0.34856903553009033,0.32077406232415967,0.08309928182064104,0.14553528912634076,86.71875,0.14513065927055274,0.08309928182064104,0.08309928182064104,0.14647942545651282,0.14553528912634076,0.14553528912634076,0
125,4,0.501441478729248,0.32077406232415967,0.44674987727736937,0.2141719333119244,88.07339449541284,0.11850280395050827,0.44674987727736937,0.44674987727736937,0.43739990182189553,0.2141719333119244,0.2141719333119244,0
126,10,0.22402803599834442,0.3223451142149508,0.0,0.08003335977683945,93.75,0.08004765682405637,-0.36385153652641516,0.0,0.08,0.08003335977683945,0.08003335977683945,0
126,14,0.2727830410003662,0.3223451142149508,0.0,0.08045117704445688,86.86868686868686,0.08064453863493841,-0.1669459916185514,0.0,0.08,0.08045117704445688,0.08045117704445688,0
126,9,0.18138748407363892,0.3223451142149508,0.0,0.07999999999999996,94.140625,0.07999999999999996,-0.5749871917488392,0.0,0.08,0.07999999999999996,0.07999999999999996,0
126,0,0.02105923928320408,0.3223451142149508,0.0,0.2893031859220435,83.33333333333333,0.379004551317205,-2.728282926394702,0.0,0.08,0.2893031859220435,0.2893031859220435,0
126,17,0.0718332901597023,0.3223451142149508,0.0,0.07999999999999996,95.3125,0.07999999999999996,-1.501274626831974,0.0,0.08,0.07999999999999996,0.07999999999999996,0
126,16,0.45853155851364136,0.3223451142149508,0.35240635515272406,0.26125072741294814,86.36363636363636,0.21810457453756338,0.35240635515272406,0.35240635515272406,0.3619250841221793,0.26125072741294814,0.26125072741294814,0
126,7,0.7327112555503845,0.3223451142149508,0.7,0.6380686652790472,68.75,0.6372409503986389,0.821128930546956,0.7,0.6399999999999999,0.6380686652790472,0.6380686652790472,0
126,4,0.38026466965675354,0.3223451142149508,0.16524474977802478,0.21357909326507302,91.74311926605505,0.2141719333119244,0.16524474977802478,0.16524474977802478,0.21219579982241982,0.21357909326507302,0.21357909326507302,0
126,2,0.2587675154209137,0.3223451142149508,0.0,0.1039950116148953,95.38461538461539,0.11427858802127899,-0.21969271251242087,0.0,0.08,0.1039950116148953,0.1039950116148953,0
126,19,0.34947556257247925,0.3223451142149508,0.08081088084111657,0.09939783961104089,92.1875,0.08000461172738987,0.08081088084111657,0.08081088084111657,0.14464870467289326,0.09939783961104089,0.09939783961104089,0
126,11,1.1025432348251343,0.3223451142149508,0.7,0.6399999999999997,62.890625,0.6399999999999997,1.2297520449892634,0.7,0.6399999999999999,0.6399999999999997,0.6399999999999997,0
126,5,0.31534725427627563,0.3223451142149508,0.0,0.09553039686376558,95.703125,0.10218628123395085,-0.02194832801975193,0.0,0.08,0.09553039686376558,0.09553039686376558,0
126,3,0.5199326872825623,0.3223451142149508,0.4780765890024716,0.3265453563341961,86.15384615384616,0.26829567853371855,0.4780765890024716,0.4780765890024716,0.4624612712019773,0.3265453563341961,0.3265453563341961,0
126,12,0.32267045974731445,0.3223451142149508,0.0010087990523033202,0.12611681416099133,85.9375,0.14553528912634076,0.0010087990523033202,0.0010087990523033202,0.08080703924184265,0.12611681416099133,0.12611681416099133,0
126,8,1.1009137630462646,0.3223451142149508,0.7,0.6399999999999997,49.21875,0.6399999999999997,1.228273030819538,0.7,0.6399999999999999,0.6399999999999997,0.6399999999999997,0
126,1,0.5012426376342773,0.3223451142149508,0.4414675245582386,0.29131573441665015,91.66666666666667,0.23051932646096127,0.4414675245582386,0.4414675245582386,0.4331740196465909,0.29131573441665015,0.29131573441665015,0
126,15,1.03579580783844,0.3223451142149508,0.7,0.517231023653923,92.85714285714286,0.46461574807703304,1.1673025304730236,0.7,0.6399999999999999,0.517231023653923,0.517231023653923,0
126,18,0.14321541786193848,0.3223451142149508,0.0,0.07999999999999996,91.796875,0.07999999999999996,-0.8112728007042314,0.0,0.08,0.07999999999999996,0.07999999999999996,0
126,13,0.8767284154891968,0.3223451142149508,0.7,0.5375230450211588,71.73913043478261,0.49360435003022685,1.000574495454813,0.7,0.6399999999999999,0.5375230450211588,0.5375230450211588,0
126,6,0.22130262851715088,0.3223451142149508,0.0,0.07999999999999996,89.0625,0.07999999999999996,-0.376091616100916,0.0,0.08,0.07999999999999996,0.07999999999999996,0
127,18,0.14490781724452972,0.32371790390944544,0.0,0.07999999999999996,95.3125,0.07999999999999996,-0.8037746343682245,0.0,0.08,0.07999999999999996,0.07999999999999996,0
127,13,0.8854705095291138,0.32371790390944544,0.7,0.5682661315148111,71.73913043478261,0.5375230450211588,1.0062466637247913,0.7,0.6399999999999999,0.5682661315148111,0.5682661315148111,0
127,19,0.3352247178554535,0.32371790390944544,0.03492863585220154,0.101961360332257,89.0625,0.09939783961104089,0.03492863585220154,0.03492863585220154,0.10794290868176123,0.101961360332257,0.101961360332257,0
127,11,1.0318832397460938,0.32371790390944544,0.7,0.6399999999999997,54.6875,0.6399999999999997,1.1592683090641716,0.7,0.6399999999999999,0.6399999999999997,0.6399999999999997,0
127,15,0.4215037524700165,0.32371790390944544,0.2639562032974278,0.4494112053491288,78.57142857142857,0.517231023653923,0.2639562032974278,0.2639562032974278,0.2911649626379423,0.4494112053491288,0.4494112053491288,0
127,6,0.20374006032943726,0.32371790390944544,0.0,0.07999999999999996,91.796875,0.07999999999999996,-0.46302748413269595,0.0,0.08,0.07999999999999996,0.07999999999999996,0
127,14,0.23164358735084534,0.32371790390944544,0.0,0.08031582393111981,93.93939393939394,0.08045117704445688,-0.33467252832888755,0.0,0.08,0.08031582393111981,0.08031582393111981,0
127,16,0.3488798439502716,0.32371790390944544,0.07485510442323585,0.22484073425064027,89.0909090909091,0.26125072741294814,0.07485510442323585,0.07485510442323585,0.1398840835385887,0.22484073425064027,0.22484073425064027,0
127,2,0.32773855328559875,0.32371790390944544,0.012343726920100264,0.09975900259125077,95.38461538461539,0.1039950116148953,0.012343726920100264,0.012343726920100264,0.08987498153608021,0.09975900259125077,0.09975900259125077,0
127,0,0.49513474106788635,0.32371790390944544,0.42495744941527475,0.3285020180050964,83.33333333333333,0.2893031859220435,0.42495744941527475,0.42495744941527475,0.4199659595322198,0.3285020180050964,0.3285020180050964,0
127,17,0.12956751883029938,0.32371790390944544,0.0,0.07999999999999996,94.921875,0.07999999999999996,-0.9156702971100827,0.0,0.08,0.07999999999999996,0.07999999999999996,0
127,5,0.29100343585014343,0.32371790390944544,0.0,0.09087127780463589,90.625,0.09553039686376558,-0.10653739197583952,0.0,0.08,0.09087127780463589,0.09087127780463589,0
127,8,1.3473091125488281,0.32371790390944544,0.7,0.6399999999999997,51.171875,0.6399999999999997,1.425992139237776,0.7,0.6399999999999999,0.6399999999999997,0.6399999999999997,0
127,7,0.7952162623405457,0.32371790390944544,0.7,0.638648065695333,74.21875,0.6380686652790472,0.8987416178512566,0.7,0.6399999999999999,0.638648065695333,0.638648065695333,0
127,12,0.37074124813079834,0.32371790390944544,0.1356319013749106,0.14483342624267245,86.328125,0.12611681416099133,0.1356319013749106,0.1356319013749106,0.1885055210999285,0.14483342624267245,0.14483342624267245,0
127,1,0.5336757898330688,0.32371790390944544,0.4999160376862715,0.34790086313636026,95.83333333333333,0.29131573441665015,0.4999160376862715,0.4999160376862715,0.4799328301490173,0.34790086313636026,0.34790086313636026,0
127,10,0.23821629583835602,0.32371790390944544,0.0,0.08002335184378762,92.96875,0.08003335977683945,-0.3066933915071878,0.0,0.08,0.08002335184378762,0.08002335184378762,0
127,4,0.3281131684780121,0.32371790390944544,0.013486104714649552,0.17674203041706701,88.9908256880734,0.21357909326507302,0.013486104714649552,0.013486104714649552,0.09078888377171965,0.17674203041706701,0.17674203041706701,0
127,9,0.18932250142097473,0.32371790390944544,0.0,0.07999999999999996,92.96875,0.07999999999999996,-0.5364205300549987,0.0,0.08,0.07999999999999996,0.07999999999999996,0
127,3,0.4466695487499237,0.32371790390944544,0.32194657858249714,0.3298489282937366,85.64102564102564,0.3265453563341961,0.32194657858249714,0.32194657858249714,0.33755726286599774,0.3298489282937366,0.3298489282937366,0
128,5,0.2929725646972656,0.3255513416087872,0.0,0.08760989446324513,90.234375,0.09087127780463589,-0.10544120852411172,0.0,0.08,0.08760989446324513,0.08760989446324513,0
128,11,1.0208152532577515,0.3255513416087872,0.7,0.6399999999999997,57.421875,0.6399999999999997,1.1428366532852254,0.7,0.6399999999999999,0.6399999999999997,0.6399999999999997,0
128,16,0.32464009523391724,0.3255513416087872,0.0,0.18138851397544817,91.36363636363636,0.22484073425064027,-0.0028030112112627996,0.0,0.08,0.18138851397544817,0.18138851397544817,0
128,10,0.2491258829832077,0.3255513416087872,0.0,0.08001634629065132,93.359375,0.08002335184378762,-0.26756184843940795,0.0,0.08,0.08001634629065132,0.08001634629065132,0
128,19,0.32820865511894226,0.3255513416087872,0.008129368809824756,0.09732400074693784,88.671875,0.101961360332257,0.008129368809824756,0.008129368809824756,0.08650349504785981,0.09732400074693784,0.09732400074693784,0
128,8,1.1237633228302002,0.3255513416087872,0.7,0.6399999999999997,50.0,0.6399999999999997,1.2389182388584956,0.7,0.6399999999999999,0.6399999999999997,0.6399999999999997,0
128,13,0.9307453036308289,0.3255513416087872,0.7,0.5897862920603677,82.6086956521739,0.5682661315148111,1.0504654662495878,0.7,0.6399999999999999,0.5897862920603677,0.5897862920603677,0
128,4,0.29267317056655884,0.3255513416087872,0.0,0.1477194212919469,88.07339449541284,0.17674203041706701,-0.10646364966399083,0.0,0.08,0.1477194212919469,0.1477194212919469,0
128,12,0.32098856568336487,0.3255513416087872,0.0,0.12538339836987072,85.9375,0.14483342624267245,-0.014114678719212181,0.0,0.08,0.12538339836987072,0.12538339836987072,0
128,18,0.16213801503181458,0.3255513416087872,0.0,0.07999999999999996,94.140625,0.07999999999999996,-0.6970722325942351,0.0,0.08,0.07999999999999996,0.07999999999999996,0
128,3,0.38663846254348755,0.3255513416087872,0.17196986549355558,0.29616701752406893,86.66666666666667,0.3298489282937366,0.17196986549355558,0.17196986549355558,0.21757589239484448,0.29616701752406893,0.29616701752406893,0
128,6,0.23020292818546295,0.3255513416087872,0.0,0.07999999999999996,94.140625,0.07999999999999996,-0.34655895161751654,0.0,0.08,0.07999999999999996,0.07999999999999996,0
128,7,0.8142130374908447,0.3255513416087872,0.7,0.639053645986733,66.796875,0.638648065695333,0.9167018494172373,0.7,0.6399999999999999,0.639053645986733,0.639053645986733,0
128,15,0.45604392886161804,0.3255513416087872,0.33706895058055686,0.4194843918837238,57.142857142857146,0.4494112053491288,0.33706895058055686,0.33706895058055686,0.3496551604644455,0.4194843918837238,0.4194843918837238,0
128,9,0.2595561146736145,0.3255513416087872,0.0,0.07999999999999996,92.96875,0.07999999999999996,-0.22654725217119914,0.0,0.08,0.07999999999999996,0.07999999999999996,0
128,0,0.06675467640161514,0.3255513416087872,0.0,0.25395141260356746,100.0,0.3285020180050964,-1.584495708364677,0.0,0.08,0.25395141260356746,0.25395141260356746,0
128,17,0.13444606959819794,0.3255513416087872,0.0,0.07999999999999996,95.703125,0.07999999999999996,-0.8843569879631952,0.0,0.08,0.07999999999999996,0.07999999999999996,0
128,1,0.33272841572761536,0.3255513416087872,0.02180640744816532,0.27276414198301185,83.33333333333333,0.34790086313636026,0.02180640744816532,0.02180640744816532,0.09744512595853226,0.27276414198301185,0.27276414198301185,0
128,2,0.28218427300453186,0.3255513416087872,0.0,0.09383130181387553,95.38461538461539,0.09975900259125077,-0.1429598681035506,0.0,0.08,0.09383130181387553,0.09383130181387553,0
128,14,0.2296607494354248,0.3255513416087872,0.0,0.08022107675178386,90.9090909090909,0.08031582393111981,-0.3489169503204354,0.0,0.08,0.08022107675178386,0.08022107675178386,0
129,5,0.3524405062198639,0.32369426396694,0.08508238824508492,0.10574669930309197,89.453125,0.08760989446324513,0.08508238824508492,0.08508238824508492,0.14806591059606794,0.10574669930309197,0.10574669930309197,0
129,15,0.825258731842041,0.32369426396694,0.7,0.48563907431860664,78.57142857142857,0.4194843918837238,0.9358974921841828,0.7,0.6399999999999999,0.48563907431860664,0.48563907431860664,0
129,18,0.22437921166419983,0.32369426396694,0.0,0.07999999999999996,94.140625,0.07999999999999996,-0.3664618971731683,0.0,0.08,0.07999999999999996,0.07999999999999996,0
129,13,0.6062696576118469,0.32369426396694,0.6275254116918876,0.5874565032483103,76.08695652173913,0.5897862920603677,0.6275254116918876,0.6275254116918876,0.58202032935351,0.5874565032483103,0.5874565032483103,0
129,0,0.4661588966846466,0.32369426396694,0.36472710601186054,0.28930049426534377,83.33333333333333,0.25395141260356746,0.36472710601186054,0.36472710601186054,0.3717816848094885,0.28930049426534377,0.28930049426534377,0
129,17,0.07031165063381195,0.32369426396694,0.0,0.07999999999999996,95.3125,0.07999999999999996,-1.5268618167801644,0.0,0.08,0.07999999999999996,0.07999999999999996,0
129,10,0.2610136568546295,0.32369426396694,0.0,0.08001144240345592,92.96875,0.08001634629065132,-0.21522670207572087,0.0,0.08,0.08001144240345592,0.08001144240345592,0
129,6,0.2380550354719162,0.32369426396694,0.0,0.07999999999999996,91.40625,0.07999999999999996,-0.30729754103018064,0.0,0.08,0.07999999999999996,0.07999999999999996,0
129,3,0.36151206493377686,0.32369426396694,0.11049597189221436,0.25783594552097966,87.6923076923077,0.29616701752406893,0.11049597189221436,0.11049597189221436,0.1683967775137715,0.25783594552097966,0.25783594552097966,0
129,7,0.7421923279762268,0.32369426396694,0.7,0.639337552190713,67.578125,0.639053645986733,0.8298089537230079,0.7,0.6399999999999999,0.639337552190713,0.639337552190713,0
129,14,0.23994025588035583,0.32369426396694,0.0,0.0801547537262487,90.9090909090909,0.08022107675178386,-0.29940947125718514,0.0,0.08,0.0801547537262487,0.0801547537262487,0
129,4,0.3241635262966156,0.32369426396694,0.001448658654130543,0.12775127298135416,94.4954128440367,0.1477194212919469,0.001448658654130543,0.001448658654130543,0.08115892692330444,0.12775127298135416,0.12775127298135416,0
129,19,0.2599129378795624,0.32369426396694,0.0,0.09212680052285649,85.9375,0.09732400074693784,-0.21945271235084668,0.0,0.08,0.09212680052285649,0.09212680052285649,0
129,16,0.39419639110565186,0.32369426396694,0.19704979360645547,0.198263910248363,87.27272727272727,0.18138851397544817,0.19704979360645547,0.19704979360645547,0.23763983488516438,0.198263910248363,0.198263910248363,0
129,12,0.44873470067977905,0.32369426396694,0.32663239685829454,0.1901601541049002,87.109375,0.12538339836987072,0.32663239685829454,0.32663239685829454,0.34130591748663563,0.1901601541049002,0.1901601541049002,0
129,9,0.21682153642177582,0.32369426396694,0.0,0.07999999999999996,93.359375,0.07999999999999996,-0.40072482296367545,0.0,0.08,0.07999999999999996,0.07999999999999996,0
129,2,0.3233015835285187,0.32369426396694,0.0,0.08968191126971287,87.6923076923077,0.09383130181387553,-0.001213857789100479,0.0,0.08,0.08968191126971287,0.08968191126971287,0
129,11,1.0633454322814941,0.32369426396694,0.7,0.6399999999999997,55.078125,0.6399999999999997,1.189375823316287,0.7,0.6399999999999999,0.6399999999999997,0.6399999999999997,0
129,8,1.2050279378890991,0.32369426396694,0.7,0.6399999999999997,50.390625,0.6399999999999997,1.3144585674695606,0.7,0.6399999999999999,0.6399999999999997,0.6399999999999997,0
129,1,0.5912247896194458,0.32369426396694,0.6023968452344681,0.3595101422443806,83.33333333333333,0.27276414198301185,0.6023968452344681,0.6023968452344681,0.5619174761875745,0.3595101422443806,0.3595101422443806,0
130,12,0.3481902778148651,0.32702246612792807,0.06272023152598184,0.17216496343966578,88.28125,0.1901601541049002,0.06272023152598184,0.06272023152598184,0.13017618522078547,0.17216496343966578,0.17216496343966578,0
130,9,0.24734929203987122,0.32702246612792807,0.0,0.07999999999999996,96.09375,0.07999999999999996,-0.2792273869526687,0.0,0.08,0.07999999999999996,0.07999999999999996,0
130,10,0.28542882204055786,0.32702246612792807,0.0,0.08000800968241914,91.796875,0.08001144240345592,-0.1360361796635524,0.0,0.08,0.08000800968241914,0.08000800968241914,0
130,15,0.5956555008888245,0.32702246612792807,0.5996335952221599,0.507859414876343,78.57142857142857,0.48563907431860664,0.5996335952221599,0.5996335952221599,0.5597068761777279,0.507859414876343,0.507859414876343,0
130,3,0.36104080080986023,0.32702246612792807,0.0989620984067507,0.2282360654823059,85.12820512820512,0.25783594552097966,0.0989620984067507,0.0989620984067507,0.15916967872540055,0.2282360654823059,0.2282360654823059,0
130,4,0.31517061591148376,0.32702246612792807,0.0,0.11342589108694792,89.90825688073394,0.12775127298135416,-0.03691474113543102,0.0,0.08,0.11342589108694792,0.11342589108694792,0
130,17,0.07194671779870987,0.32702246612792807,0.0,0.07999999999999996,96.09375,0.07999999999999996,-1.5141029493948013,0.0,0.08,0.07999999999999996,0.07999999999999996,0
130,8,1.2614942789077759,0.32702246612792807,0.7,0.6399999999999997,52.734375,0.6399999999999997,1.3500233379762112,0.7,0.6399999999999999,0.6399999999999997,0.6399999999999997,0
130,6,0.2289014756679535,0.32702246612792807,0.0,0.07999999999999996,91.40625,0.07999999999999996,-0.35673718546662075,0.0,0.08,0.07999999999999996,0.07999999999999996,0
130,2,0.3795439898967743,0.32702246612792807,0.14894162900061095,0.12252332884894564,90.76923076923077,0.08968191126971287,0.14894162900061095,0.14894162900061095,0.19915330320048877,0.12252332884894564,0.12252332884894564,0
130,18,0.19233278930187225,0.32702246612792807,0.0,0.07999999999999996,94.140625,0.07999999999999996,-0.5308017016285788,0.0,0.08,0.07999999999999996,0.07999999999999996,0
130,7,0.7899037003517151,0.32702246612792807,0.7,0.639536286533499,69.140625,0.639337552190713,0.8818821495303412,0.7,0.6399999999999999,0.639536286533499,0.639536286533499,0
130,11,1.1575758457183838,0.32702246612792807,0.7,0.6399999999999997,57.03125,0.6399999999999997,1.264054415039751,0.7,0.6399999999999999,0.6399999999999997,0.6399999999999997,0
130,16,0.36245957016944885,0.32702246612792807,0.10288406222565062,0.18747691210801024,87.72727272727273,0.198263910248363,0.10288406222565062,0.10288406222565062,0.16230724978052052,0.18747691210801024,0.18747691210801024,0
130,13,0.9201418161392212,0.32702246612792807,0.7,0.6032195522738172,80.43478260869566,0.5874565032483103,1.034498914137483,0.7,0.6399999999999999,0.6032195522738172,0.6032195522738172,0
130,5,0.26919230818748474,0.32702246612792807,0.0,0.09802268951216436,92.578125,0.10574669930309197,-0.19460284121561586,0.0,0.08,0.09802268951216436,0.09802268951216436,0
130,0,0.09654897451400757,0.32702246612792807,0.0,0.22651034598574063,83.33333333333333,0.28930049426534377,-1.2199784117734265,0.0,0.08,0.22651034598574063,0.22651034598574063,0
130,14,0.28401806950569153,0.32702246612792807,0.0,0.08010832760837408,95.95959595959596,0.0801547537262487,-0.14099100650504084,0.0,0.08,0.08010832760837408,0.08010832760837408,0
130,1,0.35103967785835266,0.32702246612792807,0.07087038502403123,0.2926659919768339,70.83333333333333,0.3595101422443806,0.07087038502403123,0.07087038502403123,0.136696308019225,0.2926659919768339,0.2926659919768339,0
130,19,0.2219366580247879,0.32702246612792807,0.0,0.08848876036599954,85.9375,0.09212680052285649,-0.3876368408665136,0.0,0.08,0.08848876036599954,0.08848876036599954,0
131,3,0.3796326220035553,0.3274882642014527,0.14775177675394421,0.21922567225856074,87.17948717948718,0.2282360654823059,0.14775177675394421,0.14775177675394421,0.1982014214031554,0.21922567225856074,0.21922567225856074,0
131,17,0.11335146427154541,0.3274882642014527,0.0,0.07999999999999996,95.3125,0.07999999999999996,-1.0609588672347023,0.0,0.08,0.07999999999999996,0.07999999999999996,0
131,16,0.30167877674102783,0.3274882642014527,0.0,0.15523383847560715,87.72727272727273,0.18747691210801024,-0.08208941920247753,0.0,0.08,0.15523383847560715,0.15523383847560715,0
131,19,0.301712304353714,0.3274882642014527,0.0,0.08594213225619968,89.453125,0.08848876036599954,-0.08197828858533776,0.0,0.08,0.08594213225619968,0.08594213225619968,0
131,11,1.079214096069336,0.3274882642014527,0.7,0.6399999999999997,60.546875,0.6399999999999997,1.1925361251962514,0.7,0.6399999999999999,0.6399999999999997,0.6399999999999997,0
131,8,1.3876097202301025,0.3274882642014527,0.7,0.6399999999999997,49.609375,0.6399999999999997,1.4438856768747725,0.7,0.6399999999999999,0.6399999999999997,0.6399999999999997,0
131,10,0.26699498295783997,0.3274882642014527,0.0,0.08000560677769339,94.53125,0.08000800968241914,-0.2042223452117805,0.0,0.08,0.08000560677769339,0.08000560677769339,0
131,4,0.3753143548965454,0.3274882642014527,0.1363117307093487,0.13611293913110722,92.66055045871559,0.11342589108694792,0.1363117307093487,0.1363117307093487,0.189049384567479,0.13611293913110722,0.13611293913110722,0
131,2,0.2028697431087494,0.3274882642014527,0.0,0.10976633019426194,93.84615384615384,0.12252332884894564,-0.4788880876492139,0.0,0.08,0.10976633019426194,0.10976633019426194,0
131,12,0.31049224734306335,0.3274882642014527,0.0,0.14451547440776605,82.8125,0.17216496343966578,-0.053293285499869315,0.0,0.08,0.14451547440776605,0.14451547440776605,0
131,9,0.20589680969715118,0.3274882642014527,0.0,0.07999999999999996,94.140625,0.07999999999999996,-0.464077082416179,0.0,0.08,0.07999999999999996,0.07999999999999996,0
131,15,0.906231701374054,0.3274882642014527,0.7,0.54750159041344,92.85714285714286,0.507859414876343,1.0178427749431869,0.7,0.6399999999999999,0.54750159041344,0.54750159041344,0
131,1,0.35584691166877747,0.3274882642014527,0.08304839259581379,0.24879780860677903,83.33333333333333,0.2926659919768339,0.08304839259581379,0.08304839259581379,0.14643871407665104,0.24879780860677903,0.24879780860677903,0
131,5,0.3357580006122589,0.3274882642014527,0.02493844350947077,0.09860110910078804,92.578125,0.09802268951216436,0.02493844350947077,0.02493844350947077,0.09995075480757662,0.09860110910078804,0.09860110910078804,0
131,6,0.2729460597038269,0.3274882642014527,0.0,0.07999999999999996,93.359375,0.07999999999999996,-0.18217802167172226,0.0,0.08,0.07999999999999996,0.07999999999999996,0
131,18,0.21734090149402618,0.3274882642014527,0.0,0.07999999999999996,92.1875,0.07999999999999996,-0.4099851089811162,0.0,0.08,0.07999999999999996,0.07999999999999996,0
131,7,0.714073121547699,0.3274882642014527,0.7,0.6396754005734493,75.0,0.639536286533499,0.7795331317620221,0.7,0.6399999999999999,0.6396754005734493,0.6396754005734493,0
131,13,0.6289337277412415,0.3274882642014527,0.6525736552784926,0.6028713638585103,78.26086956521739,0.6032195522738172,0.6525736552784926,0.6525736552784926,0.6020589242227941,0.6028713638585103,0.6028713638585103,0
131,0,0.22441960871219635,0.3274882642014527,0.0,0.18255724219001843,83.33333333333333,0.22651034598574063,-0.37793465322610736,0.0,0.08,0.18255724219001843,0.18255724219001843,0
131,14,0.21049094200134277,0.3274882642014527,0.0,0.08007582932586185,91.91919191919192,0.08010832760837408,-0.44200958163721743,0.0,0.08,0.08007582932586185,0.08007582932586185,0
132,4,0.291242778301239,0.3253496653661463,0.0,0.11927905739177505,89.90825688073394,0.13611293913110722,-0.1107432847657676,0.0,0.08,0.11927905739177505,0.11927905739177505,0
132,17,0.1067509725689888,0.3253496653661463,0.0,0.07999999999999996,95.703125,0.07999999999999996,-1.1144016716819403,0.0,0.08,0.07999999999999996,0.07999999999999996,0
132,5,0.41070762276649475,0.3253496653661463,0.23298107742171079,0.14893623495176223,85.546875,0.09860110910078804,0.23298107742171079,0.23298107742171079,0.26638486193736866,0.14893623495176223,0.14893623495176223,0
132,14,0.18222631514072418,0.3253496653661463,0.0,0.0800530805281033,94.94949494949495,0.08007582932586185,-0.5796510688969396,0.0,0.08,0.0800530805281033,0.0800530805281033,0
132,9,0.16645628213882446,0.3253496653661463,0.0,0.07999999999999996,96.09375,0.07999999999999996,-0.6701677628595796,0.0,0.08,0.07999999999999996,0.07999999999999996,0
132,18,0.12001249194145203,0.3253496653661463,0.0,0.07999999999999996,93.359375,0.07999999999999996,-0.9973046079408281,0.0,0.08,0.07999999999999996,0.07999999999999996,0
132,16,0.4124140739440918,0.3253496653661463,0.23712737459185543,0.1895742568349703,88.18181818181819,0.15523383847560715,0.23712737459185543,0.23712737459185543,0.26970189967348435,0.1895742568349703,0.1895742568349703,0
132,19,0.27232640981674194,0.3253496653661463,0.0,0.08415949257933977,92.96875,0.08594213225619968,-0.17789910850182816,0.0,0.08,0.08415949257933977,0.08415949257933977,0
132,7,0.6313979625701904,0.3253496653661463,0.6630358369701005,0.6309013812742386,71.09375,0.6396754005734493,0.6630358369701005,0.6630358369701005,0.6104286695760803,0.6309013812742386,0.6309013812742386,0
132,15,0.6034178733825684,0.3253496653661463,0.6177094358348213,0.5555013778897652,57.142857142857146,0.54750159041344,0.6177094358348213,0.6177094358348213,0.574167548667857,0.5555013778897652,0.5555013778897652,0
132,13,0.6536226868629456,0.3253496653661463,0.6976297407237098,0.6134410924746475,76.08695652173913,0.6028713638585103,0.6976297407237098,0.6976297407237098,0.6381037925789678,0.6134410924746475,0.6134410924746475,0
132,6,0.18672466278076172,0.3253496653661463,0.0,0.07999999999999996,93.75,0.07999999999999996,-0.555265334312633,0.0,0.08,0.07999999999999996,0.07999999999999996,0
132,10,0.22115060687065125,0.3253496653661463,0.0,0.08000392474438536,92.1875,0.08000560677769339,-0.38605653445453336,0.0,0.08,0.08000392474438536,0.08000392474438536,0
132,8,1.0560574531555176,0.3253496653661463,0.7,0.6399999999999997,53.90625,0.6399999999999997,1.1773973505110327,0.7,0.6399999999999999,0.6399999999999997,0.6399999999999997,0
132,0,0.04884486272931099,0.3253496653661463,0.0,0.15179006953301288,100.0,0.18255724219001843,-1.896251114643355,0.0,0.08,0.15179006953301288,0.15179006953301288,0
132,3,0.4363695979118347,0.3253496653661463,0.29358908066027845,0.24791934993945935,88.71794871794872,0.21922567225856074,0.29358908066027845,0.29358908066027845,0.3148712645282228,0.24791934993945935,0.24791934993945935,0
132,11,1.1073920726776123,0.3253496653661463,0.7,0.6399999999999997,60.9375,0.6399999999999997,1.2248625267522808,0.7,0.6399999999999999,0.6399999999999997,0.6399999999999997,0
132,12,0.36543363332748413,0.3253496653661463,0.11618418416231163,0.15304503628439103,82.421875,0.14451547440776605,0.11618418416231163,0.11618418416231163,0.17294734732984932,0.15304503628439103,0.15304503628439103,0
132,2,0.2015562504529953,0.3253496653661463,0.0,0.10083643113598334,92.3076923076923,0.10976633019426194,-0.4788319775228201,0.0,0.08,0.10083643113598334,0.10083643113598334,0
132,1,0.15088492631912231,0.3253496653661463,0.0,0.1981584660247453,95.83333333333333,0.24879780860677903,-0.7683829929364245,0.0,0.08,0.1981584660247453,0.1981584660247453,0
133,4,0.33474257588386536,0.3209931582354307,0.04194199595966402,0.1175614192045619,85.3211009174312,0.11927905739177505,0.04194199595966402,0.04194199595966402,0.11355359676773122,0.1175614192045619,0.1175614192045619,0
133,0,0.10495119541883469,0.3209931582354307,0.0,0.13025304867310902,100.0,0.15179006953301288,-1.1179243082984502,0.0,0.08,0.13025304867310902,0.13025304867310902,0
133,15,0.9381769895553589,0.3209931582354307,0.7,0.5808509645228356,71.42857142857143,0.5555013778897652,1.0725187899432722,0.7,0.6399999999999999,0.5808509645228356,0.5808509645228356,0
133,16,0.33215388655662537,0.3209931582354307,0.03417856521061984,0.16490483543502796,90.45454545454545,0.1895742568349703,0.03417856521061984,0.03417856521061984,0.10734285216849587,0.16490483543502796,0.16490483543502796,0
133,10,0.1367095410823822,0.3209931582354307,0.0,0.08000274732106975,95.3125,0.08000392474438536,-0.8535612299312347,0.0,0.08,0.08000274732106975,0.08000274732106975,0
133,19,0.22783757746219635,0.3209931582354307,0.0,0.08291164480553784,92.578125,0.08415949257933977,-0.3427868007171662,0.0,0.08,0.08291164480553784,0.08291164480553784,0
133,2,0.2452491968870163,0.3209931582354307,0.0,0.09458550179518832,92.3076923076923,0.10083643113598334,-0.2691449756035818,0.0,0.08,0.09458550179518832,0.09458550179518832,0
133,12,0.38187310099601746,0.3209931582354307,0.1736685431104845,0.17281197574558999,87.890625,0.15304503628439103,0.1736685431104845,0.1736685431104845,0.21893483448838758,0.17281197574558999,0.17281197574558999,0
133,1,0.43512630462646484,0.3209931582354307,0.3042165272407974,0.2357228927551131,87.5,0.1981584660247453,0.3042165272407974,0.3042165272407974,0.32337322179263794,0.2357228927551131,0.2357228927551131,0
133,5,0.3383422791957855,0.3209931582354307,0.052638232838988004,0.14088854034759069,90.234375,0.14893623495176223,0.052638232838988004,0.052638232838988004,0.12211058627119041,0.14088854034759069,0.14088854034759069,0
133,9,0.2303394079208374,0.3209931582354307,0.0,0.07999999999999996,93.359375,0.07999999999999996,-0.3318658889536373,0.0,0.08,0.07999999999999996,0.07999999999999996,0
133,14,0.2567617893218994,0.3209931582354307,0.0,0.0800371563696723,94.94949494949495,0.0800530805281033,-0.22327103593207123,0.0,0.08,0.0800371563696723,0.0800371563696723,0
133,3,0.39914214611053467,0.3209931582354307,0.21789779426778305,0.24983901558188948,87.6923076923077,0.24791934993945935,0.21789779426778305,0.21789779426778305,0.25431823541422643,0.24983901558188948,0.24983901558188948,0
133,7,0.7118976712226868,0.3209931582354307,0.7,0.633630966891967,70.703125,0.6309013812742386,0.7965143547894791,0.7,0.6399999999999999,0.633630966891967,0.633630966891967,0
133,17,0.11725400388240814,0.3209931582354307,0.0,0.07999999999999996,98.4375,0.07999999999999996,-1.0070771998687704,0.0,0.08,0.07999999999999996,0.07999999999999996,0
133,6,0.2641780376434326,0.3209931582354307,0.0,0.07999999999999996,91.015625,0.07999999999999996,-0.19479654143067804,0.0,0.08,0.07999999999999996,0.07999999999999996,0
133,8,1.2066878080368042,0.3209931582354307,0.7,0.6399999999999997,50.78125,0.6399999999999997,1.3242147046099955,0.7,0.6399999999999999,0.6399999999999997,0.6399999999999997,0
133,18,0.2625066339969635,0.3209931582354307,0.0,0.07999999999999996,92.578125,0.07999999999999996,-0.2011434479718703,0.0,0.08,0.07999999999999996,0.07999999999999996,0
133,13,0.4244878590106964,0.3209931582354307,0.27946358807081106,0.5204800258692479,78.26086956521739,0.6134410924746475,0.27946358807081106,0.27946358807081106,0.3035708704566489,0.5204800258692479,0.5204800258692479,0
133,11,1.0486161708831787,0.3209931582354307,0.7,0.6399999999999997,50.0,0.6399999999999997,1.1838068108110278,0.7,0.6399999999999999,0.6399999999999997,0.6399999999999997,0
134,19,0.24951128661632538,0.3222386655339121,0.0,0.08203815136387649,91.015625,0.08291164480553784,-0.25578830815058234,0.0,0.08,0.08203815136387649,0.08203815136387649,0
134,11,1.212327003479004,0.3222386655339121,0.7,0.6399999999999997,55.46875,0.6399999999999997,1.3250044440012168,0.7,0.6399999999999999,0.6399999999999997,0.6399999999999997,0
134,17,0.07060279697179794,0.3222386655339121,0.0,0.07999999999999996,98.4375,0.07999999999999996,-1.5182225968203504,0.0,0.08,0.07999999999999996,0.07999999999999996,0
134,8,1.2222959995269775,0.3222386655339121,0.7,0.6399999999999997,53.125,0.6399999999999997,1.3331938447166476,0.7,0.6399999999999999,0.6399999999999997,0.6399999999999997,0
134,12,0.335708349943161,0.3222386655339121,0.04095030735744651,0.15479645678770015,84.765625,0.17281197574558999,0.04095030735744651,0.04095030735744651,0.1127602458859572,0.15479645678770015,0.15479645678770015,0
134,6,0.23498590290546417,0.3222386655339121,0.0,0.07999999999999996,92.1875,0.07999999999999996,-0.3157669320722731,0.0,0.08,0.07999999999999996,0.07999999999999996,0
134,14,0.2097669243812561,0.3222386655339121,0.0,0.08002600945877061,91.91919191919192,0.0800371563696723,-0.42929542122312564,0.0,0.08,0.08002600945877061,0.08002600945877061,0
134,13,0.7919561266899109,0.3222386655339121,0.7,0.5563360181084734,78.26086956521739,0.5204800258692479,0.899213507976926,0.7,0.6399999999999999,0.5563360181084734,0.5563360181084734,0
134,15,0.6503161787986755,0.3222386655339121,0.7,0.5985956751659849,50.0,0.5808509645228356,0.7021661895831385,0.7,0.6399999999999999,0.5985956751659849,0.5985956751659849,0
134,18,0.2211313396692276,0.3222386655339121,0.0,0.07999999999999996,94.921875,0.07999999999999996,-0.37653563197556456,0.0,0.08,0.07999999999999996,0.07999999999999996,0
134,9,0.19266778230667114,0.3222386655339121,0.0,0.07999999999999996,94.140625,0.07999999999999996,-0.5143250769271531,0.0,0.08,0.07999999999999996,0.07999999999999996,0
134,5,0.3139441907405853,0.3222386655339121,0.0,0.12262197824331347,92.96875,0.14088854034759069,-0.02607723386742839,0.0,0.08,0.12262197824331347,0.12262197824331347,0
134,0,0.1402224898338318,0.3222386655339121,0.0,0.1151771340711763,100.0,0.13025304867310902,-0.8320620537760107,0.0,0.08,0.1151771340711763,0.1151771340711763,0
134,3,0.3899208605289459,0.3222386655339121,0.1906513231213495,0.2446436284564465,91.7948717948718,0.24983901558188948,0.1906513231213495,0.1906513231213495,0.2325210584970796,0.2446436284564465,0.2446436284564465,0
134,7,0.6489391326904297,0.3222386655339121,0.7,0.6355416768243768,67.96875,0.633630966891967,0.700046442077782,0.7,0.6399999999999999,0.6355416768243768,0.6355416768243768,0
134,16,0.3161754608154297,0.3222386655339121,0.0,0.13943338480451956,88.18181818181819,0.16490483543502796,-0.018995152474003813,0.0,0.08,0.13943338480451956,0.13943338480451956,0
134,10,0.16708876192569733,0.3222386655339121,0.0,0.08000192312474882,90.234375,0.08000274732106975,-0.6567672597348618,0.0,0.08,0.08000192312474882,0.08000192312474882,0
134,4,0.39457157254219055,0.3222386655339121,0.20250807580011101,0.15489493163521997,92.66055045871559,0.1175614192045619,0.20250807580011101,0.20250807580011101,0.24200646064008885,0.15489493163521997,0.15489493163521997,0
134,2,0.43253663182258606,0.3222386655339121,0.2943745444238696,0.16085974191836053,95.38461538461539,0.09458550179518832,0.2943745444238696,0.2943745444238696,0.3154996355390957,0.16085974191836053,0.16085974191836053,0
134,1,0.44579267501831055,0.3222386655339121,0.3245615128182413,0.2669007880049571,95.83333333333333,0.2357228927551131,0.3245615128182413,0.3245615128182413,0.33964921025459305,0.2669007880049571,0.2669007880049571,0
135,8,1.1464842557907104,0.3226089895184504,0.7,0.6399999999999997,48.828125,0.6399999999999997,1.268014316379533,0.7,0.6399999999999999,0.6399999999999997,0.6399999999999997,0
135,18,0.14202210307121277,0.3226089895184504,0.0,0.07999999999999996,93.75,0.07999999999999996,-0.8204582908045256,0.0,0.08,0.07999999999999996,0.07999999999999996,0
135,13,0.5334157943725586,0.3226089895184504,0.5028601786684443,0.534121655556358,80.43478260869566,0.5563360181084734,0.5028601786684443,0.5028601786684443,0.4822881429347555,0.534121655556358,0.534121655556358,0
135,2,0.19587278366088867,0.3226089895184504,0.0,0.13660181934285237,90.76923076923077,0.16085974191836053,-0.49897562553852426,0.0,0.08,0.13660181934285237,0.13660181934285237,0
135,10,0.2529509663581848,0.3226089895184504,0.0,0.08000134618732417,94.53125,0.08000192312474882,-0.24324536151880605,0.0,0.08,0.08000134618732417,0.08000134618732417,0
135,19,0.31168606877326965,0.3226089895184504,0.0,0.08142670595471355,88.28125,0.08203815136387649,-0.034444538620407465,0.0,0.08,0.08142670595471355,0.08142670595471355,0
135,4,0.3613002896308899,0.3226089895184504,0.11326840533115035,0.15961086942413005,93.57798165137615,0.15489493163521997,0.11326840533115035,0.11326840533115035,0.1706147242649203,0.15961086942413005,0.15961086942413005,0
135,11,1.094878911972046,0.3226089895184504,0.7,0.6399999999999997,63.671875,0.6399999999999997,1.2219580004600006,0.7,0.6399999999999999,0.6399999999999997,0.6399999999999997,0
135,12,0.32197293639183044,0.3226089895184504,0.0,0.1323575197513901,85.9375,0.15479645678770015,-0.001973537537313468,0.0,0.08,0.1323575197513901,0.1323575197513901,0
135,1,0.13193808495998383,0.3226089895184504,0.0,0.21083055160346995,95.83333333333333,0.2669007880049571,-0.8941082271292724,0.0,0.08,0.21083055160346995,0.21083055160346995,0
135,9,0.24511395394802094,0.3226089895184504,0.0,0.07999999999999996,93.75,0.07999999999999996,-0.2747178007720411,0.0,0.08,0.07999999999999996,0.07999999999999996,0
135,17,0.104322649538517,0.3226089895184504,0.0,0.07999999999999996,97.265625,0.07999999999999996,-1.1289524702394775,0.0,0.08,0.07999999999999996,0.07999999999999996,0
135,0,0.044949207454919815,0.3226089895184504,0.0,0.1046239938498234,100.0,0.1151771340711763,-1.9709077106035628,0.0,0.08,0.1046239938498234,0.1046239938498234,0
135,14,0.23558196425437927,0.3226089895184504,0.0,0.08001820662113943,91.91919191919192,0.08002600945877061,-0.314382123240935,0.0,0.08,0.08001820662113943,0.08001820662113943,0
135,5,0.34249550104141235,0.3226089895184504,0.05981748903257324,0.124191582138137,91.40625,0.12262197824331347,0.05981748903257324,0.05981748903257324,0.1278539912260586,0.124191582138137,0.124191582138137,0
135,16,0.4238514006137848,0.3226089895184504,0.2729418850101875,0.18710942176560869,87.72727272727273,0.13943338480451956,0.2729418850101875,0.2729418850101875,0.29835350800815,0.18710942176560869,0.18710942176560869,0
135,3,0.45498842000961304,0.3226089895184504,0.34383092794195297,0.27776996262558123,90.25641025641026,0.2446436284564465,0.34383092794195297,0.34383092794195297,0.3550647423535624,0.27776996262558123,0.27776996262558123,0
135,7,0.6646963953971863,0.3226089895184504,0.7,0.6368791737770637,75.0,0.6355416768243768,0.7228893410401284,0.7,0.6399999999999999,0.6368791737770637,0.6368791737770637,0
135,6,0.273582398891449,0.3226089895184504,0.0,0.07999999999999996,89.84375,0.07999999999999996,-0.16483817344139537,0.0,0.08,0.07999999999999996,0.07999999999999996,0
135,15,1.2774652242660522,0.3226089895184504,0.7,0.6110169726161894,71.42857142857143,0.5985956751659849,1.3761920456904102,0.7,0.6399999999999999,0.6110169726161894,0.6110169726161894,0
136,1,0.22346216440200806,0.3220310408248604,0.0,0.17158138612242896,100.0,0.21083055160346995,-0.36540581434694136,0.0,0.08,0.17158138612242896,0.17158138612242896,0
136,19,0.25208666920661926,0.3220310408248604,0.0,0.08099869416829948,92.1875,0.08142670595471355,-0.24487497855371237,0.0,0.08,0.08099869416829948,0.08099869416829948,0
136,12,0.37714657187461853,0.3220310408248604,0.1579859511906478,0.15456689211172853,85.15625,0.1323575197513901,0.1579859511906478,0.1579859511906478,0.20638876095251824,0.15456689211172853,0.15456689211172853,0
136,11,1.0698151588439941,0.3220310408248604,0.7,0.6399999999999997,51.953125,0.6399999999999997,1.2005932011083151,0.7,0.6399999999999999,0.6399999999999997,0.6399999999999997,0
136,16,0.3551709055900574,0.3220310408248604,0.09795115395243796,0.1784848721845112,85.0,0.18710942176560869,0.09795115395243796,0.09795115395243796,0.15836092316195038,0.1784848721845112,0.1784848721845112,0
136,10,0.26711124181747437,0.3220310408248604,0.0,0.08000094233112692,91.015625,0.08000134618732417,-0.1869827269386815,0.0,0.08,0.08000094233112692,0.08000094233112692,0
136,15,1.1167548894882202,0.3220310408248604,0.7,0.6197118808313326,71.42857142857143,0.6110169726161894,1.2435343754682544,0.7,0.6399999999999999,0.6197118808313326,0.6197118808313326,0
136,5,0.27976393699645996,0.3220310408248604,0.0,0.11093410749669588,91.015625,0.124191582138137,-0.14070177086379987,0.0,0.08,0.11093410749669588,0.11093410749669588,0
136,0,0.17967672646045685,0.3220310408248604,0.0,0.09723679569487637,83.33333333333333,0.1046239938498234,-0.583488644268283,0.0,0.08,0.09723679569487637,0.09723679569487637,0
136,14,0.33979299664497375,0.3220310408248604,0.05368865620010675,0.09289802212282322,91.91919191919192,0.08001820662113943,0.05368865620010675,0.05368865620010675,0.1229509249600854,0.09289802212282322,0.09289802212282322,0
136,4,0.3001845180988312,0.3220310408248604,0.0,0.13572760859689104,85.3211009174312,0.15961086942413005,-0.07025059280193184,0.0,0.08,0.13572760859689104,0.13572760859689104,0
136,3,0.3747437596321106,0.3220310408248604,0.15159453941820092,0.25482166329827505,87.6923076923077,0.27776996262558123,0.15159453941820092,0.15159453941820092,0.20127563153456074,0.25482166329827505,0.25482166329827505,0
136,17,0.08574972301721573,0.3220310408248604,0.0,0.07999999999999996,96.484375,0.07999999999999996,-1.3232149994889875,0.0,0.08,0.07999999999999996,0.07999999999999996,0
136,8,1.3080624341964722,0.3220310408248604,0.7,0.6399999999999997,51.5625,0.6399999999999997,1.4016542990606542,0.7,0.6399999999999999,0.6399999999999997,0.6399999999999997,0
136,18,0.2488333135843277,0.3220310408248604,0.0,0.07999999999999996,94.140625,0.07999999999999996,-0.2578646828960549,0.0,0.08,0.07999999999999996,0.07999999999999996,0
136,6,0.17063970863819122,0.3220310408248604,0.0,0.07999999999999996,94.53125,0.07999999999999996,-0.6350935467285796,0.0,0.08,0.07999999999999996,0.07999999999999996,0
136,9,0.25040823221206665,0.3220310408248604,0.0,0.07999999999999996,91.015625,0.07999999999999996,-0.25155541716173974,0.0,0.08,0.07999999999999996,0.07999999999999996,0
136,13,0.8512213230133057,0.3220310408248604,0.7,0.5658851588894506,71.73913043478261,0.534121655556358,0.9720242085256634,0.7,0.6399999999999999,0.5658851588894506,0.5658851588894506,0
136,2,0.29054969549179077,0.3220310408248604,0.0,0.11962127353999666,90.76923076923077,0.13660181934285237,-0.10287330713089178,0.0,0.08,0.11962127353999666,0.11962127353999666,0
136,7,0.6523504853248596,0.3220310408248604,0.7,0.6378154216439446,74.21875,0.6368791737770637,0.7059340149762455,0.7,0.6399999999999999,0.6378154216439446,0.6378154216439446,0
137,17,0.06386932730674744,0.3193646474219054,0.0,0.07999999999999996,95.3125,0.07999999999999996,-1.6094941847653907,0.0,0.08,0.07999999999999996,0.07999999999999996,0
137,0,0.21939194202423096,0.3193646474219054,0.0,0.09206575698641345,83.33333333333333,0.09723679569487637,-0.3754737112082722,0.0,0.08,0.09206575698641345,0.09206575698641345,0
137,19,0.2713523209095001,0.3193646474219054,0.0,0.08069908591780964,92.1875,0.08099869416829948,-0.16291548610700643,0.0,0.08,0.08069908591780964,0.08069908591780964,0
137,10,0.28147855401039124,0.3193646474219054,0.0,0.08000065963178885,92.96875,0.08000094233112692,-0.1262772811109815,0.0,0.08,0.08000065963178885,0.08000065963178885,0
137,11,0.9665498733520508,0.3193646474219054,0.7,0.6399999999999997,59.375,0.6399999999999997,1.1073993330554008,0.7,0.6399999999999999,0.6399999999999997,0.6399999999999997,0
137,8,1.2132840156555176,0.3193646474219054,0.7,0.6399999999999997,53.125,0.6399999999999997,1.3347524563134858,0.7,0.6399999999999999,0.6399999999999997,0.6399999999999997,0
137,6,0.26320117712020874,0.3193646474219054,0.0,0.07999999999999996,94.921875,0.07999999999999996,-0.19341486685130485,0.0,0.08,0.07999999999999996,0.07999999999999996,0
137,14,0.1497431844472885,0.3193646474219054,0.0,0.08902861548597626,93.93939393939394,0.09289802212282322,-0.7574117867594828,0.0,0.08,0.08902861548597626,0.08902861548597626,0
137,3,0.3713582456111908,0.3193646474219054,0.15083366858905659,0.2385752447701661,89.23076923076923,0.25482166329827505,0.15083366858905659,0.15083366858905659,0.20066693487124526,0.2385752447701661,0.2385752447701661,0
137,9,0.18920010328292847,0.3193646474219054,0.0,0.07999999999999996,94.140625,0.07999999999999996,-0.5235283212628572,0.0,0.08,0.07999999999999996,0.07999999999999996,0
137,7,0.7907741069793701,0.3193646474219054,0.7,0.6384707951507611,71.09375,0.6378154216439446,0.9066787839606087,0.7,0.6399999999999999,0.6384707951507611,0.6384707951507611,0
137,12,0.3135332465171814,0.3193646474219054,0.0,0.13219682447820996,84.375,0.15456689211172853,-0.018428140786174944,0.0,0.08,0.13219682447820996,0.13219682447820996,0
137,18,0.263695627450943,0.3193646474219054,0.0,0.07999999999999996,96.09375,0.07999999999999996,-0.19153802701162814,0.0,0.08,0.07999999999999996,0.07999999999999996,0
137,1,0.6076604723930359,0.3193646474219054,0.6432827322491087,0.2984948260254863,83.33333333333333,0.17158138612242896,0.6432827322491087,0.6432827322491087,0.5946261857992869,0.2984948260254863,0.2984948260254863,0
137,15,1.2309068441390991,0.3193646474219054,0.7,0.6257983165819327,71.42857142857143,0.6197118808313326,1.3491728798696874,0.7,0.6399999999999999,0.6257983165819327,0.6257983165819327,0
137,4,0.326630562543869,0.3193646474219054,0.022496208051712683,0.12440841595023476,94.4954128440367,0.13572760859689104,0.022496208051712683,0.022496208051712683,0.09799696644137015,0.12440841595023476,0.12440841595023476,0
137,13,0.8534804582595825,0.3193646474219054,0.7,0.5881196112226154,69.56521739130434,0.5658851588894506,0.982989081056497,0.7,0.6399999999999999,0.5881196112226154,0.5881196112226154,0
137,2,0.28824383020401,0.3193646474219054,0.0,0.10773489147799767,89.23076923076923,0.11962127353999666,-0.10252678733709476,0.0,0.08,0.10773489147799767,0.10773489147799767,0
137,5,0.35637104511260986,0.3193646474219054,0.1096389010600506,0.12796721150209928,89.0625,0.11093410749669588,0.1096389010600506,0.1096389010600506,0.1677111208480405,0.12796721150209928,0.12796721150209928,0
137,16,0.43834176659584045,0.3193646474219054,0.3166653413266402,0.2249390924475515,90.0,0.1784848721845112,0.3166653413266402,0.3166653413266402,0.3333322730613122,0.2249390924475515,0.2249390924475515,0
138,4,0.3020692467689514,0.3194363731327674,0.0,0.11108589116516432,92.66055045871559,0.12440841595023476,-0.05590182203339657,0.0,0.08,0.11108589116516432,0.11108589116516432,0
138,14,0.31133076548576355,0.3194363731327674,0.0,0.08632003084018339,93.93939393939394,0.08902861548597626,-0.02570220642384807,0.0,0.08,0.08632003084018339,0.08632003084018339,0
138,8,1.2735936641693115,0.3194363731327674,0.7,0.6399999999999997,44.921875,0.6399999999999997,1.3830397080217638,0.7,0.6399999999999999,0.6399999999999997,0.6399999999999997,0
138,0,0.05225411057472229,0.3194363731327674,0.0,0.08844602989048941,83.33333333333333,0.09206575698641345,-1.8104393897568118,0.0,0.08,0.08844602989048941,0.08844602989048941,0
138,19,0.28421542048454285,0.3194363731327674,0.0,0.08048936014246674,93.75,0.08069908591780964,-0.11682563152071666,0.0,0.08,0.08048936014246674,0.08048936014246674,0
138,13,0.7293792366981506,0.3194363731327674,0.7,0.6036837278558307,67.3913043478261,0.5881196112226154,0.8256356852371657,0.7,0.6399999999999999,0.6036837278558307,0.6036837278558307,0
138,7,0.6928812861442566,0.3194363731327674,0.7,0.6389295566055327,67.578125,0.6384707951507611,0.7743005545166507,0.7,0.6399999999999999,0.6389295566055327,0.6389295566055327,0
138,3,0.3918456733226776,0.3194363731327674,0.20430995712454225,0.2400370610490064,85.64102564102564,0.2385752447701661,0.20430995712454225,0.20430995712454225,0.24344796569963384,0.2400370610490064,0.2400370610490064,0
138,12,0.3308623135089874,0.3194363731327674,0.03514420762277882,0.12497238696421388,91.796875,0.13219682447820996,0.03514420762277882,0.03514420762277882,0.10811536609822306,0.12497238696421388,0.12497238696421388,0
138,6,0.2524717152118683,0.3194363731327674,0.0,0.07999999999999996,93.359375,0.07999999999999996,-0.23525887708002535,0.0,0.08,0.07999999999999996,0.07999999999999996,0
138,1,0.27721190452575684,0.3194363731327674,0.0,0.23294637821784042,75.0,0.2984948260254863,-0.14177589207963473,0.0,0.08,0.23294637821784042,0.23294637821784042,0
138,5,0.3301447033882141,0.3194363731327674,0.03297294358884018,0.12149055451279113,89.453125,0.12796721150209928,0.03297294358884018,0.03297294358884018,0.10637835487107215,0.12149055451279113,0.12149055451279113,0
138,18,0.17195583879947662,0.3194363731327674,0.0,0.07999999999999996,92.578125,0.07999999999999996,-0.6193203893304855,0.0,0.08,0.07999999999999996,0.07999999999999996,0
138,2,0.2632570266723633,0.3194363731327674,0.0,0.09941442403459835,92.3076923076923,0.10773489147799767,-0.19342725951002035,0.0,0.08,0.09941442403459835,0.09941442403459835,0
138,10,0.19517678022384644,0.3194363731327674,0.0,0.08000046174225219,93.75,0.08000065963178885,-0.49265237579859156,0.0,0.08,0.08000046174225219,0.08000046174225219,0
138,11,1.0497106313705444,0.3194363731327674,0.7,0.6399999999999997,55.859375,0.6399999999999997,1.189711685359074,0.7,0.6399999999999999,0.6399999999999997,0.6399999999999997,0
138,9,0.27420100569725037,0.3194363731327674,0.0,0.07999999999999996,95.3125,0.07999999999999996,-0.15269666882453156,0.0,0.08,0.07999999999999996,0.07999999999999996,0
138,16,0.33455511927604675,0.3194363731327674,0.04624353681177449,0.1925558135481119,89.54545454545455,0.2249390924475515,0.04624353681177449,0.04624353681177449,0.1169948294494196,0.1925558135481119,0.1925558135481119,0
138,17,0.07039903849363327,0.3194363731327674,0.0,0.07999999999999996,95.703125,0.07999999999999996,-1.512378392809124,0.0,0.08,0.07999999999999996,0.07999999999999996,0
138,15,0.6998690962791443,0.3194363731327674,0.7,0.6300588216073528,78.57142857142857,0.6257983165819327,0.7843351863622627,0.7,0.6399999999999999,0.6300588216073528,0.6300588216073528,0
139,18,0.2057064175605774,0.3181627364322264,0.0,0.07999999999999996,93.75,0.07999999999999996,-0.43611298967142803,0.0,0.08,0.07999999999999996,0.07999999999999996,0
139,0,1.2905843257904053,0.3181627364322264,0.7,0.25391222092334254,100.0,0.08844602989048941,1.4002873351768927,0.7,0.6399999999999999,0.25391222092334254,0.25391222092334254,0
139,16,0.331003874540329,0.3181627364322264,0.03956707798134328,0.16828516819920072,85.0,0.1925558135481119,0.03956707798134328,0.03956707798134328,0.11165366238507463,0.16828516819920072,0.16828516819920072,0
139,10,0.2403191179037094,0.3181627364322264,0.0,0.08000032321957654,94.140625,0.08000046174225219,-0.28059529342507317,0.0,0.08,0.08000032321957654,0.08000032321957654,0
139,8,1.2566174268722534,0.3181627364322264,0.7,0.6399999999999997,49.21875,0.6399999999999997,1.3736157830056315,0.7,0.6399999999999999,0.6399999999999997,0.6399999999999997,0
139,6,0.2087399810552597,0.3181627364322264,0.0,0.07999999999999996,91.40625,0.07999999999999996,-0.42147361755744583,0.0,0.08,0.07999999999999996,0.07999999999999996,0
139,2,0.24961988627910614,0.3181627364322264,0.0,0.09359009682421884,93.84615384615384,0.09941442403459835,-0.24262368712317972,0.0,0.08,0.09359009682421884,0.09359009682421884,0
139,1,0.11505136638879776,0.3181627364322264,0.0,0.18706246475248828,95.83333333333333,0.23294637821784042,-1.017184253291664,0.0,0.08,0.18706246475248828,0.18706246475248828,0
139,9,0.2378748506307602,0.3181627364322264,0.0,0.07999999999999996,94.140625,0.07999999999999996,-0.2908182933748586,0.0,0.08,0.07999999999999996,0.07999999999999996,0
139,4,0.2765827775001526,0.3181627364322264,0.0,0.10176012381561503,92.66055045871559,0.11108589116516432,-0.14005284465365367,0.0,0.08,0.10176012381561503,0.10176012381561503,0
139,7,0.6570788621902466,0.3181627364322264,0.7,0.6392506896238729,71.484375,0.6389295566055327,0.725241027176873,0.7,0.6399999999999999,0.6392506896238729,0.6392506896238729,0
139,15,0.9360033273696899,0.3181627364322264,0.7,0.6330411751251469,85.71428571428571,0.6300588216073528,1.079056008938901,0.7,0.6399999999999999,0.6330411751251469,0.6330411751251469,0
139,13,0.7935506701469421,0.3181627364322264,0.7,0.6145786094990814,78.26086956521739,0.6036837278558307,0.9139543739489557,0.7,0.6399999999999999,0.6145786094990814,0.6145786094990814,0
139,14,0.17162784934043884,0.3181627364322264,0.0,0.08442402158812837,94.94949494949495,0.08632003084018339,-0.617234508753034,0.0,0.08,0.08442402158812837,0.08442402158812837,0
139,3,0.32710596919059753,0.3181627364322264,0.027721180675536878,0.19867902609643331,87.6923076923077,0.2400370610490064,0.027721180675536878,0.027721180675536878,0.1021769445404295,0.19867902609643331,0.19867902609643331,0
139,5,0.3346065878868103,0.3181627364322264,0.05039247398932918,0.12113758191639279,90.234375,0.12149055451279113,0.05039247398932918,0.05039247398932918,0.12031397919146335,0.12113758191639279,0.12113758191639279,0
139,17,0.11037768423557281,0.3181627364322264,0.0,0.07999999999999996,96.09375,0.07999999999999996,-1.0586549646367194,0.0,0.08,0.07999999999999996,0.07999999999999996,0
139,11,1.0066142082214355,0.3181627364322264,0.7,0.6399999999999997,53.515625,0.6399999999999997,1.151784686140719,0.7,0.6399999999999999,0.6399999999999997,0.6399999999999997,0
139,19,0.29267945885658264,0.3181627364322264,0.0,0.08034255209972671,93.359375,0.08048936014246674,-0.08348498584221696,0.0,0.08,0.08034255209972671,0.08034255209972671,0
139,12,0.3698854148387909,0.3181627364322264,0.15063026198680252,0.14763193375178232,85.546875,0.12497238696421388,0.15063026198680252,0.15063026198680252,0.20050420958944204,0.14763193375178232,0.14763193375178232,0
140,17,0.07315940409898758,0.3173357341913628,0.0,0.07999999999999996,97.65625,0.07999999999999996,-1.4673195283339042,0.0,0.08,0.07999999999999996,0.07999999999999996,0
140,0,0.04175958037376404,0.3173357341913628,0.0,0.20173855464633975,100.0,0.25391222092334254,-2.0280312088671866,0.0,0.08,0.20173855464633975,0.20173855464633975,0
140,18,0.15494942665100098,0.3173357341913628,0.0,0.07999999999999996,90.234375,0.07999999999999996,-0.71686149479141,0.0,0.08,0.07999999999999996,0.07999999999999996,0
140,2,0.22447209060192108,0.3173357341913628,0.0,0.0895130677769532,95.38461538461539,0.09359009682421884,-0.3462089173644691,0.0,0.08,0.0895130677769532,0.0895130677769532,0
140,3,0.34152597188949585,0.3173357341913628,0.07346341444832578,0.18070653773510148,90.25641025641026,0.19867902609643331,0.07346341444832578,0.07346341444832578,0.13877073155866063,0.18070653773510148,0.18070653773510148,0
140,11,1.0024992227554321,0.3173357341913628,0.7,0.6399999999999997,57.421875,0.6399999999999997,1.1502910505131054,0.7,0.6399999999999999,0.6399999999999997,0.6399999999999997,0
140,19,0.20448412001132965,0.3173357341913628,0.0,0.0802397864698087,92.578125,0.08034255209972671,-0.43946997472114363,0.0,0.08,0.0802397864698087,0.0802397864698087,0
140,1,0.3694493770599365,0.3173357341913628,0.15205341083625631,0.1914365439274433,83.33333333333333,0.18706246475248828,0.15205341083625631,0.15205341083625631,0.20164272866900507,0.1914365439274433,0.1914365439274433,0
140,10,0.22093720734119415,0.3173357341913628,0.0,0.08000022625370357,94.53125,0.08000032321957654,-0.3620817666069444,0.0,0.08,0.08000022625370357,0.08000022625370357,0
140,7,0.7741703987121582,0.3173357341913628,0.7,0.639475482736711,66.015625,0.6392506896238729,0.8918316723153772,0.7,0.6399999999999999,0.639475482736711,0.639475482736711,0
140,8,1.1994969844818115,0.3173357341913628,0.7,0.6399999999999997,46.875,0.6399999999999997,1.3296972332980157,0.7,0.6399999999999999,0.6399999999999997,0.6399999999999997,0
140,6,0.1972477287054062,0.3173357341913628,0.0,0.07999999999999996,93.75,0.07999999999999996,-0.47549984778022064,0.0,0.08,0.07999999999999996,0.07999999999999996,0
140,15,1.131869912147522,0.3173357341913628,0.7,0.6351288225876027,50.0,0.6330411751251469,1.2716659990607362,0.7,0.6399999999999999,0.6351288225876027,0.6351288225876027,0
140,12,0.2973361909389496,0.3173357341913628,0.0,0.12734235362624763,88.671875,0.14763193375178232,-0.06509685505718599,0.0,0.08,0.12734235362624763,0.12734235362624763,0
140,4,0.24556848406791687,0.3173357341913628,0.0,0.09523208667093053,87.1559633027523,0.10176012381561503,-0.256384436774295,0.0,0.08,0.09523208667093053,0.09523208667093053,0
140,14,0.14743028581142426,0.3173357341913628,0.0,0.08309681511168986,92.92929292929293,0.08442402158812837,-0.7666048500229742,0.0,0.08,0.08309681511168986,0.08309681511168986,0
140,13,0.5586307048797607,0.3173357341913628,0.565528294126576,0.5899318172397352,73.91304347826087,0.6145786094990814,0.565528294126576,0.565528294126576,0.5324226353012608,0.5899318172397352,0.5899318172397352,0
140,9,0.23487704992294312,0.3173357341913628,0.0,0.07999999999999996,92.578125,0.07999999999999996,-0.3008981153463202,0.0,0.08,0.07999999999999996,0.07999999999999996,0
140,16,0.30957311391830444,0.3173357341913628,0.0,0.1417996177394405,90.9090909090909,0.16828516819920072,-0.024766014438042064,0.0,0.08,0.1417996177394405,0.1417996177394405,0
140,5,0.35817399621009827,0.3173357341913628,0.12105857584634992,0.13785036554459892,89.453125,0.12113758191639279,0.12105857584634992,0.12105857584634992,0.17684686067707994,0.13785036554459892,0.13785036554459892,0
141,14,0.17198918759822845,0.31274739452256983,0.0,0.08216777057818289,95.95959595959596,0.08309681511168986,-0.5979641802442237,0.0,0.08,0.08216777057818289,0.08216777057818289,0
141,7,0.7228410840034485,0.31274739452256983,0.7,0.6396328379156976,68.75,0.639475482736711,0.8377935605842977,0.7,0.6399999999999999,0.6396328379156976,0.6396328379156976,0
141,18,0.15376001596450806,0.31274739452256983,0.0,0.07999999999999996,93.359375,0.07999999999999996,-0.7100027363380846,0.0,0.08,0.07999999999999996,0.07999999999999996,0
141,10,0.20499858260154724,0.31274739452256983,0.0,0.0800001583775925,92.578125,0.08000022625370357,-0.42239273666738353,0.0,0.08,0.0800001583775925,0.0800001583775925,0
141,15,0.6715678572654724,0.31274739452256983,0.7,0.6365901758113218,64.28571428571429,0.6351288225876027,0.764219228586423,0.7,0.6399999999999999,0.6365901758113218,0.6365901758113218,0
141,12,0.29182374477386475,0.31274739452256983,0.0,0.11313964753837333,87.109375,0.12734235362624763,-0.0692458099246573,0.0,0.08,0.11313964753837333,0.11313964753837333,0
141,3,0.3362507224082947,0.31274739452256983,0.07246125865568988,0.16788527849193663,91.28205128205128,0.18070653773510148,0.07246125865568988,0.07246125865568988,0.1379690069245519,0.16788527849193663,0.16788527849193663,0
141,9,0.15036220848560333,0.31274739452256983,0.0,0.07999999999999996,96.09375,0.07999999999999996,-0.7323486773435498,0.0,0.08,0.07999999999999996,0.07999999999999996,0
141,19,0.28771525621414185,0.31274739452256983,0.0,0.08016785052886609,92.578125,0.0802397864698087,-0.08342451831229468,0.0,0.08,0.08016785052886609,0.08016785052886609,0
141,0,0.12046569585800171,0.31274739452256983,0.0,0.1652169882524378,100.0,0.20173855464633975,-0.9540307366878842,0.0,0.08,0.1652169882524378,0.1652169882524378,0
141,8,1.2906602621078491,0.31274739452256983,0.7,0.6399999999999997,53.125,0.6399999999999997,1.4175133548302719,0.7,0.6399999999999999,0.6399999999999997,0.6399999999999997,0
141,17,0.13546736538410187,0.31274739452256983,0.0,0.07999999999999996,95.3125,0.07999999999999996,-0.8366650111674614,0.0,0.08,0.07999999999999996,0.07999999999999996,0
141,16,0.42843663692474365,0.31274739452256983,0.3147470281995723,0.1987990191855057,87.72727272727273,0.1417996177394405,0.3147470281995723,0.3147470281995723,0.33179762255965783,0.1987990191855057,0.1987990191855057,0
141,5,0.2598875164985657,0.31274739452256983,0.0,0.12049525588121923,91.796875,0.13785036554459892,-0.18514690339273904,0.0,0.08,0.12049525588121923,0.12049525588121923,0
141,4,0.3169424831867218,0.31274739452256983,0.01332449749105753,0.09386034006750518,93.57798165137615,0.09523208667093053,0.01332449749105753,0.01332449749105753,0.09065959799284602,0.09386034006750518,0.09386034006750518,0
141,6,0.16904059052467346,0.31274739452256983,0.0,0.07999999999999996,95.3125,0.07999999999999996,-0.6152569245628358,0.0,0.08,0.07999999999999996,0.07999999999999996,0
141,11,1.0150470733642578,0.31274739452256983,0.7,0.6399999999999997,50.78125,0.6399999999999997,1.1772944275270925,0.7,0.6399999999999999,0.6399999999999997,0.6399999999999997,0
141,13,0.7069907784461975,0.31274739452256983,0.7,0.6049522720678145,78.26086956521739,0.5899318172397352,0.8156217863159184,0.7,0.6399999999999999,0.6049522720678145,0.6049522720678145,0
141,2,0.28559309244155884,0.31274739452256983,0.0,0.08665914744386724,96.92307692307692,0.0895130677769532,-0.0908277713651226,0.0,0.08,0.08665914744386724,0.08665914744386724,0
141,1,0.5368309617042542,0.31274739452256983,0.5402874304846758,0.2876745640655325,79.16666666666667,0.1914365439274433,0.5402874304846758,0.5402874304846758,0.5122299443877406,0.2876745640655325,0.2876745640655325,0
142,3,0.3574693202972412,0.3104496051197132,0.1410279510151392,0.17536640318798905,86.66666666666667,0.16788527849193663,0.1410279510151392,0.1410279510151392,0.19282236081211138,0.17536640318798905,0.17536640318798905,0
142,1,0.279720664024353,0.3104496051197132,0.0,0.22537219484587273,100.0,0.2876745640655325,-0.1042301055882231,0.0,0.08,0.22537219484587273,0.22537219484587273,0
142,18,0.14454293251037598,0.3104496051197132,0.0,0.07999999999999996,94.921875,0.07999999999999996,-0.7644449746545993,0.0,0.08,0.07999999999999996,0.07999999999999996,0
142,0,0.13462385535240173,0.3104496051197132,0.0,0.13965189177670645,66.66666666666667,0.1652169882524378,-0.8355369108281376,0.0,0.08,0.13965189177670645,0.13965189177670645,0
142,16,0.4036344289779663,0.3104496051197132,0.26248799625824265,0.2261564325318322,84.54545454545455,0.1987990191855057,0.26248799625824265,0.26248799625824265,0.2899903970065941,0.2261564325318322,0.2261564325318322,0
142,7,0.8001482486724854,0.3104496051197132,0.7,0.6397429865409883,73.828125,0.6396328379156976,0.9467754157778274,0.7,0.6399999999999999,0.6397429865409883,0.6397429865409883,0
142,11,1.0872236490249634,0.3104496051197132,0.7,0.6399999999999997,59.375,0.6399999999999997,1.2533610059681062,0.7,0.6399999999999999,0.6399999999999997,0.6399999999999997,0
142,9,0.22489197552204132,0.3104496051197132,0.0,0.07999999999999996,96.875,0.07999999999999996,-0.32240139547030106,0.0,0.08,0.07999999999999996,0.07999999999999996,0
142,13,0.7076064348220825,0.3104496051197132,0.7,0.6154665904474701,78.26086956521739,0.6049522720678145,0.8238664521855075,0.7,0.6399999999999999,0.6154665904474701,0.6154665904474701,0
142,19,0.28766000270843506,0.3104496051197132,0.0,0.08011749537020627,92.96875,0.08016785052886609,-0.07624234670604944,0.0,0.08,0.08011749537020627,0.08011749537020627,0
142,12,0.3785579204559326,0.3104496051197132,0.19834749582940478,0.15080115227591848,86.71875,0.11313964753837333,0.19834749582940478,0.19834749582940478,0.23867799666352385,0.15080115227591848,0.15080115227591848,0
142,8,1.2019176483154297,0.3104496051197132,0.7,0.6399999999999997,53.90625,0.6399999999999997,1.353651990790883,0.7,0.6399999999999999,0.6399999999999997,0.6399999999999997,0
142,15,1.0107996463775635,0.3104496051197132,0.7,0.6376131230679252,78.57142857142857,0.6365901758113218,1.1804754175025576,0.7,0.6399999999999999,0.6376131230679252,0.6376131230679252,0
142,10,0.24544565379619598,0.3104496051197132,0.0,0.08000011086431474,91.015625,0.0800001583775925,-0.23494602405510015,0.0,0.08,0.08000011086431474,0.08000011086431474,0
142,17,0.1080152615904808,0.3104496051197132,0.0,0.07999999999999996,96.09375,0.07999999999999996,-1.055748997317224,0.0,0.08,0.07999999999999996,0.07999999999999996,0
142,5,0.2977539002895355,0.3104496051197132,0.0,0.10834667911685344,91.796875,0.12049525588121923,-0.04175427711687283,0.0,0.08,0.10834667911685344,0.10834667911685344,0
142,6,0.22367580235004425,0.3104496051197132,0.0,0.07999999999999996,95.3125,0.07999999999999996,-0.32782388080129626,0.0,0.08,0.07999999999999996,0.07999999999999996,0
142,14,0.1271279752254486,0.3104496051197132,0.0,0.08151743940472803,93.93939393939394,0.08216777057818289,-0.8928272813680465,0.0,0.08,0.08151743940472803,0.08151743940472803,0
142,2,0.4351082444190979,0.3104496051197132,0.33757324280108886,0.1656789814829684,92.3076923076923,0.08665914744386724,0.33757324280108886,0.33757324280108886,0.3500585942408711,0.1656789814829684,0.1656789814829684,0
142,4,0.20831529796123505,0.3104496051197132,0.0,0.08970223804725364,95.41284403669725,0.09386034006750518,-0.3989687825214634,0.0,0.08,0.08970223804725364,0.08970223804725364,0
143,4,0.25414830446243286,0.3086753397576404,0.0,0.08679156663307755,91.74311926605505,0.08970223804725364,-0.19437206473386398,0.0,0.08,0.08679156663307755,0.08679156663307755,0
143,8,1.3006776571273804,0.3086753397576404,0.7,0.6399999999999997,47.65625,0.6399999999999997,1.4383506134881512,0.7,0.6399999999999999,0.6399999999999997,0.6399999999999997,0
143,1,0.3556998670101166,0.3086753397576404,0.14179725663909182,0.21579187798549293,83.33333333333333,0.22537219484587273,0.14179725663909182,0.14179725663909182,0.19343780531127347,0.21579187798549293,0.21579187798549293,0
143,5,0.32163169980049133,0.3086753397576404,0.041117056023365094,0.10971076882740503,90.625,0.10834667911685344,0.041117056023365094,0.041117056023365094,0.11289364481869207,0.10971076882740503,0.10971076882740503,0
143,16,0.448598176240921,0.3086753397576404,0.3738375023768213,0.27203050334271967,90.0,0.2261564325318322,0.3738375023768213,0.3738375023768213,0.37907000190145707,0.27203050334271967,0.27203050334271967,0
143,7,0.7210243940353394,0.3086753397576404,0.7,0.6398200905786917,69.53125,0.6397429865409883,0.8483829076485904,0.7,0.6399999999999999,0.6398200905786917,0.6398200905786917,0
143,11,0.9452250599861145,0.3086753397576404,0.7,0.6399999999999997,58.984375,0.6399999999999997,1.1191329918867348,0.7,0.6399999999999999,0.6399999999999997,0.6399999999999997,0
143,9,0.20559144020080566,0.3086753397576404,0.0,0.07999999999999996,95.3125,0.07999999999999996,-0.40639912845676535,0.0,0.08,0.07999999999999996,0.07999999999999996,0
143,2,0.22268512845039368,0.3086753397576404,0.0,0.13997528703807788,86.15384615384616,0.1656789814829684,-0.3265312380063477,0.0,0.08,0.13997528703807788,0.13997528703807788,0
143,10,0.2324609011411667,0.3086753397576404,0.0,0.08000007760502031,95.3125,0.08000011086431474,-0.2835679897777273,0.0,0.08,0.08000007760502031,0.08000007760502031,0
143,19,0.2460997849702835,0.3086753397576404,0.0,0.08008224675914438,90.234375,0.08011749537020627,-0.22655295226548344,0.0,0.08,0.08008224675914438,0.08008224675914438,0
143,13,0.5406217575073242,0.3086753397576404,0.5604298219443855,0.5893297705798816,76.08695652173913,0.6154665904474701,0.5604298219443855,0.5604298219443855,0.5283438575555084,0.5893297705798816,0.5893297705798816,0
143,17,0.08853698521852493,0.3086753397576404,0.0,0.07999999999999996,95.3125,0.07999999999999996,-1.2488695868128543,0.0,0.08,0.07999999999999996,0.07999999999999996,0
143,18,0.15033987164497375,0.3086753397576404,0.0,0.07999999999999996,93.359375,0.07999999999999996,-0.7193914680467434,0.0,0.08,0.07999999999999996,0.07999999999999996,0
143,3,0.35964128375053406,0.3086753397576404,0.1528170519122548,0.18343257469053348,88.71794871794872,0.17536640318798905,0.1528170519122548,0.1528170519122548,0.20225364152980385,0.18343257469053348,0.18343257469053348,0
143,15,0.7304109930992126,0.3086753397576404,0.7,0.6383291861475475,50.0,0.6376131230679252,0.8613173171047469,0.7,0.6399999999999999,0.6383291861475475,0.6383291861475475,0
143,6,0.22238196432590485,0.3086753397576404,0.0,0.07999999999999996,96.09375,0.07999999999999996,-0.32789356814791076,0.0,0.08,0.07999999999999996,0.07999999999999996,0
143,0,0.09802842140197754,0.3086753397576404,0.0,0.12175632424369451,100.0,0.13965189177670645,-1.1470325236050074,0.0,0.08,0.12175632424369451,0.12175632424369451,0
143,14,0.2741073966026306,0.3086753397576404,0.0,0.08106220758330962,89.8989898989899,0.08151743940472803,-0.11877005206842606,0.0,0.08,0.08106220758330962,0.08106220758330962,0
143,12,0.34786295890808105,0.3086753397576404,0.11951855817549914,0.15824526055526272,87.890625,0.15080115227591848,0.11951855817549914,0.11951855817549914,0.17561484654039933,0.15824526055526272,0.15824526055526272,0
144,1,0.4033289849758148,0.30759476060203245,0.270969356763129,0.24008696021299597,91.66666666666667,0.21579187798549293,0.270969356763129,0.270969356763129,0.2967754854105032,0.24008696021299597,0.24008696021299597,0
144,5,0.33334800601005554,0.30759476060203245,0.0804038005307192,0.12009445030655612,89.453125,0.10971076882740503,0.0804038005307192,0.0804038005307192,0.14432304042457536,0.12009445030655612,0.12009445030655612,0
144,13,0.5393931269645691,0.30759476060203245,0.561661450319245,0.5713295874825358,69.56521739130434,0.5893297705798816,0.561661450319245,0.561661450319245,0.529329160255396,0.5713295874825358,0.5713295874825358,0
144,9,0.20324507355690002,0.30759476060203245,0.0,0.07999999999999996,96.09375,0.07999999999999996,-0.4143706778499741,0.0,0.08,0.07999999999999996,0.07999999999999996,0
144,16,0.3898780047893524,0.30759476060203245,0.23705067076222205,0.27131351332283704,89.54545454545455,0.27203050334271967,0.23705067076222205,0.23705067076222205,0.26964053660977766,0.27131351332283704,0.27131351332283704,0
144,8,1.1818349361419678,0.30759476060203245,0.7,0.6399999999999997,54.296875,0.6399999999999997,1.3460403118983553,0.7,0.6399999999999999,0.6399999999999997,0.6399999999999997,0
144,0,0.05157499015331268,0.30759476060203245,0.0,0.10922942697058616,100.0,0.12175632424369451,-1.7857461749134569,0.0,0.08,0.10922942697058616,0.10922942697058616,0
144,3,0.42569097876548767,0.30759476060203245,0.3249304677269435,0.23038611453783986,87.17948717948718,0.18343257469053348,0.3249304677269435,0.3249304677269435,0.3399443741815548,0.23038611453783986,0.23038611453783986,0
144,6,0.15060622990131378,0.30759476060203245,0.0,0.07999999999999996,95.3125,0.07999999999999996,-0.7141144887282825,0.0,0.08,0.07999999999999996,0.07999999999999996,0
144,2,0.22428582608699799,0.30759476060203245,0.0,0.1219827009266545,92.3076923076923,0.13997528703807788,-0.31586194449344746,0.0,0.08,0.1219827009266545,0.1219827009266545,0
144,19,0.18377068638801575,0.30759476060203245,0.0,0.08005757273140107,89.453125,0.08008224675914438,-0.515094471688941,0.0,0.08,0.08005757273140107,0.08005757273140107,0
144,14,0.3573543131351471,0.30759476060203245,0.14994455451113184,0.11673023839098838,88.88888888888889,0.08106220758330962,0.14994455451113184,0.14994455451113184,0.1999556436089055,0.11673023839098838,0.11673023839098838,0
144,15,0.7437666654586792,0.30759476060203245,0.7,0.6388304303032832,50.0,0.6383291861475475,0.8829441405498877,0.7,0.6399999999999999,0.6388304303032832,0.6388304303032832,0
144,4,0.33282434940338135,0.30759476060203245,0.0788316647476782,0.10367369618259706,91.74311926605505,0.08679156663307755,0.0788316647476782,0.0788316647476782,0.14306533179814257,0.10367369618259706,0.10367369618259706,0
144,17,0.13344347476959229,0.30759476060203245,0.0,0.07999999999999996,94.140625,0.07999999999999996,-0.8351051836939015,0.0,0.08,0.07999999999999996,0.07999999999999996,0
144,7,0.6878326535224915,0.30759476060203245,0.7,0.6398740634050841,70.3125,0.6398200905786917,0.8047623498824932,0.7,0.6399999999999999,0.6398740634050841,0.6398740634050841,0
144,12,0.24553118646144867,0.30759476060203245,0.0,0.1347716823886839,87.890625,0.15824526055526272,-0.2253592245192002,0.0,0.08,0.1347716823886839,0.1347716823886839,0
144,18,0.2264799177646637,0.30759476060203245,0.0,0.07999999999999996,92.1875,0.07999999999999996,-0.3061269149877656,0.0,0.08,0.07999999999999996,0.07999999999999996,0
144,11,0.98704993724823,0.30759476060203245,0.7,0.6399999999999997,53.125,0.6399999999999997,1.1659374064244188,0.7,0.6399999999999999,0.6399999999999997,0.6399999999999997,0
144,10,0.24234668910503387,0.30759476060203245,0.0,0.08000005432351422,92.96875,0.08000007760502031,-0.23841389500773308,0.0,0.08,0.08000005432351422,0.08000005432351422,0
145,16,0.29543766379356384,0.31014390231250105,0.0,0.2139194593259859,90.0,0.27131351332283704,-0.04857852621080942,0.0,0.08,0.2139194593259859,0.2139194593259859,0
145,5,0.3528771698474884,0.31014390231250105,0.1290836409249856,0.1390461890365858,92.578125,0.12009445030655612,0.1290836409249856,0.1290836409249856,0.18326691273998846,0.1390461890365858,0.1390461890365858,0
145,8,1.115984559059143,0.31014390231250105,0.7,0.6399999999999997,48.046875,0.6399999999999997,1.2804558928153265,0.7,0.6399999999999999,0.6399999999999997,0.6399999999999997,0
145,1,0.1724647730588913,0.31014390231250105,0.0,0.19206087214909717,91.66666666666667,0.24008696021299597,-0.586843363574035,0.0,0.08,0.19206087214909717,0.19206087214909717,0
145,9,0.22412972152233124,0.31014390231250105,0.0,0.07999999999999996,94.53125,0.07999999999999996,-0.32481138023312855,0.0,0.08,0.07999999999999996,0.07999999999999996,0
145,17,0.11639555543661118,0.31014390231250105,0.0,0.07999999999999996,96.484375,0.07999999999999996,-0.9800419860744103,0.0,0.08,0.07999999999999996,0.07999999999999996,0
145,13,1.0317116975784302,0.31014390231250105,0.7,0.5919307112377751,69.56521739130434,0.5713295874825358,1.2019381308710808,0.7,0.6399999999999999,0.5919307112377751,0.5919307112377751,0
145,14,0.19744960963726044,0.31014390231250105,0.0,0.10571116687369186,95.95959595959596,0.11673023839098838,-0.4515529616665753,0.0,0.08,0.10571116687369186,0.10571116687369186,0
145,12,0.2722797393798828,0.31014390231250105,0.0,0.11834017767207872,83.59375,0.1347716823886839,-0.13020639489303998,0.0,0.08,0.11834017767207872,0.11834017767207872,0
145,11,1.106797695159912,0.31014390231250105,0.7,0.6399999999999997,57.421875,0.6399999999999997,1.2721897514873475,0.7,0.6399999999999999,0.6399999999999997,0.6399999999999997,0
145,3,0.3534361720085144,0.31014390231250105,0.1306665142158759,0.2166302435882981,84.61538461538461,0.23038611453783986,0.1306665142158759,0.1306665142158759,0.18453321137270073,0.2166302435882981,0.2166302435882981,0
145,7,0.737856924533844,0.31014390231250105,0.7,0.6399118443835589,73.4375,0.6398740634050841,0.8667135271404409,0.7,0.6399999999999999,0.6399118443835589,0.6399118443835589,0
145,0,0.511284351348877,0.31014390231250105,0.49988949253844134,0.22043407708863622,100.0,0.10922942697058616,0.49988949253844134,0.49988949253844134,0.4799115940307531,0.22043407708863622,0.22043407708863622,0
145,6,0.18631809949874878,0.31014390231250105,0.0,0.07999999999999996,92.96875,0.07999999999999996,-0.5095809440266182,0.0,0.08,0.07999999999999996,0.07999999999999996,0
145,4,0.3506893515586853,0.31014390231250105,0.12286439878676166,0.12605904303664073,93.57798165137615,0.10367369618259706,0.12286439878676166,0.12286439878676166,0.17829151902940932,0.12605904303664073,0.12605904303664073,0
145,2,0.2653549313545227,0.31014390231250105,0.0,0.10938789064865814,95.38461538461539,0.1219827009266545,-0.1559680918961711,0.0,0.08,0.10938789064865814,0.10938789064865814,0
145,19,0.22312575578689575,0.31014390231250105,0.0,0.08004030091198075,87.890625,0.08005757273140107,-0.3293008383962533,0.0,0.08,0.08004030091198075,0.08004030091198075,0
145,10,0.2931986451148987,0.31014390231250105,0.0,0.08000003802645994,93.75,0.08000005432351422,-0.056186039940959547,0.0,0.08,0.08000003802645994,0.08000003802645994,0
145,18,0.21099941432476044,0.31014390231250105,0.0,0.07999999999999996,93.75,0.07999999999999996,-0.38518101786872566,0.0,0.08,0.07999999999999996,0.07999999999999996,0
145,15,0.8887320756912231,0.31014390231250105,0.7,0.6391813012122982,78.57142857142857,0.6388304303032832,1.0527594011450356,0.7,0.6399999999999999,0.6391813012122982,0.6391813012122982,0
146,6,0.19459091126918793,0.3085613275266741,0.0,0.07999999999999996,95.703125,0.07999999999999996,-0.46102113325767247,0.0,0.08,0.07999999999999996,0.07999999999999996,0
146,17,0.18990486860275269,0.3085613275266741,0.0,0.07999999999999996,98.046875,0.07999999999999996,-0.48539734076221525,0.0,0.08,0.07999999999999996,0.07999999999999996,0
146,13,0.5855404138565063,0.3085613275266741,0.6406145736257013,0.5920989955366108,78.26086956521739,0.5919307112377751,0.6406145736257013,0.6406145736257013,0.592491658900561,0.5920989955366108,0.5920989955366108,0
146,1,0.291993647813797,0.3085613275266741,0.0,0.158442610504368,75.0,0.19206087214909717,-0.05518856641166836,0.0,0.08,0.158442610504368,0.158442610504368,0
146,14,0.22295072674751282,0.3085613275266741,0.0,0.09799781681158429,92.92929292929293,0.10571116687369186,-0.3249698130188477,0.0,0.08,0.09799781681158429,0.09799781681158429,0
146,3,0.3604302704334259,0.3085613275266741,0.1553778925371511,0.21293186472072492,88.71794871794872,0.2166302435882981,0.1553778925371511,0.1553778925371511,0.20430231402972088,0.21293186472072492,0.21293186472072492,0
146,8,1.274016261100769,0.3085613275266741,0.7,0.6399999999999997,55.078125,0.6399999999999997,1.4180089590868976,0.7,0.6399999999999999,0.6399999999999997,0.6399999999999997,0
146,2,0.3533880114555359,0.3085613275266741,0.13564601553720917,0.1331265671829909,96.92307692307692,0.10938789064865814,0.13564601553720917,0.13564601553720917,0.18851681242976737,0.1331265671829909,0.1331265671829909,0
146,12,0.3648501932621002,0.3085613275266741,0.16756621869458233,0.14705401685715486,85.546875,0.11834017767207872,0.16756621869458233,0.16756621869458233,0.2140529749556659,0.14705401685715486,0.14705401685715486,0
146,19,0.2846106290817261,0.3085613275266741,0.0,0.08002821063838653,93.359375,0.08004030091198075,-0.08079858109317113,0.0,0.08,0.08002821063838653,0.08002821063838653,0
146,5,0.3601185381412506,0.3085613275266741,0.1545126290067365,0.15841536328722683,91.015625,0.1390461890365858,0.1545126290067365,0.1545126290067365,0.20361010320538922,0.15841536328722683,0.15841536328722683,0
146,11,0.9873117208480835,0.3085613275266741,0.7,0.6399999999999997,56.25,0.6399999999999997,1.1630651776647698,0.7,0.6399999999999999,0.6399999999999997,0.6399999999999997,0
146,0,0.10188504308462143,0.3085613275266741,0.0,0.17830385396204534,100.0,0.22043407708863622,-1.1080754013506489,0.0,0.08,0.17830385396204534,0.17830385396204534,0
146,18,0.1953551173210144,0.3085613275266741,0.0,0.07999999999999996,94.53125,0.07999999999999996,-0.45710158062747086,0.0,0.08,0.07999999999999996,0.07999999999999996,0
146,4,0.24032004177570343,0.3085613275266741,0.0,0.11224133012564849,94.4954128440367,0.12605904303664073,-0.24994906460772331,0.0,0.08,0.11224133012564849,0.11224133012564849,0
146,9,0.22856038808822632,0.3085613275266741,0.0,0.07999999999999996,93.359375,0.07999999999999996,-0.3001201489842306,0.0,0.08,0.07999999999999996,0.07999999999999996,0
146,15,0.9604088068008423,0.3085613275266741,0.7,0.6394269108486087,64.28571428571429,0.6391813012122982,1.1354383960190526,0.7,0.6399999999999999,0.6394269108486087,0.6394269108486087,0
146,7,0.6847781538963318,0.3085613275266741,0.7,0.6399382910684911,68.359375,0.6399118443835589,0.7971742888572012,0.7,0.6399999999999999,0.6399382910684911,0.6399382910684911,0
146,16,0.3349507451057434,0.3085613275266741,0.08206287270689813,0.19343871097784568,89.54545454545455,0.2139194593259859,0.08206287270689813,0.08206287270689813,0.1456502981655185,0.19343871097784568,0.19343871097784568,0
146,10,0.18597710132598877,0.3085613275266741,0.0,0.08000002661852196,94.53125,0.08000003802645994,-0.5062970398744453,0.0,0.08,0.08000002661852196,0.08000002661852196,0
147,5,0.32851889729499817,0.3090524144199837,0.0610834718974273,0.14955078755644133,88.671875,0.15841536328722683,0.0610834718974273,0.0610834718974273,0.12886677751794184,0.14955078755644133,0.14955078755644133,0
147,10,0.1811586171388626,0.3090524144199837,0.0,0.08000001863296537,91.015625,0.08000002661852196,-0.5341378803344299,0.0,0.08,0.08000001863296537,0.08000001863296537,0
147,8,1.2569228410720825,0.3090524144199837,0.7,0.6399999999999997,53.90625,0.6399999999999997,1.4029109104423272,0.7,0.6399999999999999,0.6399999999999997,0.6399999999999997,0
147,3,0.5264347195625305,0.3090524144199837,0.5326164326230224,0.30088024913403283,90.76923076923077,0.21293186472072492,0.5326164326230224,0.5326164326230224,0.5060931460984179,0.30088024913403283,0.30088024913403283,0
147,6,0.17161734402179718,0.3090524144199837,0.0,0.07999999999999996,94.53125,0.07999999999999996,-0.5882436082208453,0.0,0.08,0.07999999999999996,0.07999999999999996,0
147,12,0.263560950756073,0.3090524144199837,0.0,0.1269378118000084,84.375,0.14705401685715486,-0.1592262294824708,0.0,0.08,0.1269378118000084,0.1269378118000084,0
147,7,0.6726753115653992,0.3090524144199837,0.7,0.6399568037479437,73.828125,0.6399382910684911,0.7777518578873275,0.7,0.6399999999999999,0.6399568037479437,0.6399568037479437,0
147,1,0.3553260564804077,0.3090524144199837,0.13952494421845263,0.16839581396548622,91.66666666666667,0.158442610504368,0.13952494421845263,0.13952494421845263,0.19161995537476212,0.16839581396548622,0.16839581396548622,0
147,14,0.2744712233543396,0.3090524144199837,0.0,0.09259847176810901,92.92929292929293,0.09799781681158429,-0.11866446188980716,0.0,0.08,0.09259847176810901,0.09259847176810901,0
147,19,0.23238493502140045,0.3090524144199837,0.0,0.08001974744687057,92.96875,0.08002821063838653,-0.2851156784037786,0.0,0.08,0.08001974744687057,0.08001974744687057,0
147,16,0.3943454325199127,0.3090524144199837,0.24371636201069344,0.2178990245670584,86.81818181818181,0.19343871097784568,0.24371636201069344,0.24371636201069344,0.27497308960855477,0.2178990245670584,0.2178990245670584,0
147,0,0.20472955703735352,0.3090524144199837,0.0,0.14881269777343173,83.33333333333333,0.17830385396204534,-0.4118209977605028,0.0,0.08,0.14881269777343173,0.14881269777343173,0
147,9,0.16245949268341064,0.3090524144199837,0.0,0.07999999999999996,98.4375,0.07999999999999996,-0.6430821643696756,0.0,0.08,0.07999999999999996,0.07999999999999996,0
147,17,0.11595261842012405,0.3090524144199837,0.0,0.07999999999999996,95.3125,0.07999999999999996,-0.9803291888147815,0.0,0.08,0.07999999999999996,0.07999999999999996,0
147,15,0.407802015542984,0.3090524144199837,0.2772709043044607,0.5381438546270967,50.0,0.6394269108486087,0.2772709043044607,0.2772709043044607,0.3018167234435686,0.5381438546270967,0.5381438546270967,0
147,18,0.21102431416511536,0.3090524144199837,0.0,0.07999999999999996,92.578125,0.07999999999999996,-0.3815375135893185,0.0,0.08,0.07999999999999996,0.07999999999999996,0
147,4,0.3229529559612274,0.3090524144199837,0.04399577557597522,0.113127917226188,89.90825688073394,0.11224133012564849,0.04399577557597522,0.04399577557597522,0.11519662046078018,0.113127917226188,0.113127917226188,0
147,2,0.3770316541194916,0.3090524144199837,0.1988182528034469,0.16490497770092089,90.76923076923077,0.1331265671829909,0.1988182528034469,0.1988182528034469,0.23905460224275754,0.16490497770092089,0.16490497770092089,0
147,13,0.5467674732208252,0.3090524144199837,0.5705127148481594,0.5753923484391859,82.6086956521739,0.5920989955366108,0.5705127148481594,0.5705127148481594,0.5364101718785275,0.5753923484391859,0.5753923484391859,0
147,11,1.0422561168670654,0.3090524144199837,0.7,0.6399999999999997,57.03125,0.6399999999999997,1.2156320744195503,0.7,0.6399999999999999,0.6399999999999997,0.6399999999999997,0
148,5,0.2400902658700943,0.31072076564079665,0.0,0.12868555128950893,89.453125,0.14955078755644133,-0.25787967929489847,0.0,0.08,0.12868555128950893,0.12868555128950893,0
148,17,0.13285791873931885,0.31072076564079665,0.0,0.07999999999999996,94.921875,0.07999999999999996,-0.8496143290524654,0.0,0.08,0.07999999999999996,0.07999999999999996,0
148,6,0.17905665934085846,0.31072076564079665,0.0,0.07999999999999996,92.578125,0.07999999999999996,-0.5511923371355363,0.0,0.08,0.07999999999999996,0.07999999999999996,0
148,14,0.21114704012870789,0.31072076564079665,0.0,0.08881893023767631,92.92929292929293,0.09259847176810901,-0.38633987058780767,0.0,0.08,0.08881893023767631,0.08881893023767631,0
148,16,0.3699299097061157,0.31072076564079665,0.17441890012981975,0.21838985322809762,90.0,0.2178990245670584,0.17441890012981975,0.17441890012981975,0.21953512010385579,0.21838985322809762,0.21838985322809762,0
148,0,0.24395044147968292,0.31072076564079665,0.0,0.1281688884414022,100.0,0.14881269777343173,-0.24192954440319758,0.0,0.08,0.1281688884414022,0.1281688884414022,0
148,18,0.16887922585010529,0.31072076564079665,0.0,0.07999999999999996,93.75,0.07999999999999996,-0.6097108026492083,0.0,0.08,0.07999999999999996,0.07999999999999996,0
148,4,0.3661629259586334,0.31072076564079665,0.1641837331837558,0.14259363802243297,85.3211009174312,0.113127917226188,0.1641837331837558,0.1641837331837558,0.21134698654700462,0.14259363802243297,0.14259363802243297,0
148,8,1.0765483379364014,0.31072076564079665,0.7,0.6399999999999997,55.078125,0.6399999999999997,1.2426205465831874,0.7,0.6399999999999999,0.6399999999999997,0.6399999999999997,0
148,13,0.6795271635055542,0.31072076564079665,0.7,0.5947746439074301,76.08695652173913,0.5753923484391859,0.7825025418647751,0.7,0.6399999999999999,0.5947746439074301,0.5947746439074301,0
148,2,0.28665006160736084,0.31072076564079665,0.0,0.13943348439064462,95.38461538461539,0.16490497770092089,-0.08063247220714023,0.0,0.08,0.13943348439064462,0.13943348439064462,0
148,1,0.2951090335845947,0.31072076564079665,0.0,0.14187706977584036,83.33333333333333,0.16839581396548622,-0.051549754059275706,0.0,0.08,0.14187706977584036,0.14187706977584036,0
148,10,0.22308430075645447,0.31072076564079665,0.0,0.08000001304307575,94.140625,0.08000001863296537,-0.3313449062203706,0.0,0.08,0.08000001304307575,0.08000001304307575,0
148,19,0.2378930151462555,0.31072076564079665,0.0,0.08001382321280939,90.625,0.08001974744687057,-0.267073582916862,0.0,0.08,0.08001382321280939,0.08001382321280939,0
148,11,0.9601126313209534,0.31072076564079665,0.7,0.6399999999999997,56.640625,0.6399999999999997,1.1281559309188862,0.7,0.6399999999999999,0.6399999999999997,0.6399999999999997,0
148,9,0.2266668826341629,0.31072076564079665,0.0,0.07999999999999996,94.53125,0.07999999999999996,-0.3154131749521733,0.0,0.08,0.07999999999999996,0.07999999999999996,0
148,15,0.6147719025611877,0.31072076564079665,0.6823566437623988,0.5644662927419434,78.57142857142857,0.5381438546270967,0.6823566437623988,0.6823566437623988,0.6258853150099191,0.5644662927419434,0.5644662927419434,0
148,7,0.7283033728599548,0.31072076564079665,0.7,0.6399697626235605,71.875,0.6399568037479437,0.8518230147154954,0.7,0.6399999999999999,0.6399697626235605,0.6399697626235605,0
148,12,0.27287161350250244,0.31072076564079665,0.0,0.11285646826000587,85.9375,0.1269378118000084,-0.1298932403639473,0.0,0.08,0.11285646826000587,0.11285646826000587,0
148,3,0.41645708680152893,0.31072076564079665,0.29288876605209224,0.3049094782463251,86.15384615384616,0.30088024913403283,0.29288876605209224,0.29288876605209224,0.3143110128416738,0.3049094782463251,0.3049094782463251,0
149,19,0.2451641857624054,0.3076247728322101,0.0,0.08000967624896657,90.234375,0.08001382321280939,-0.22695262990604784,0.0,0.08,0.08000967624896657,0.08000967624896657,0
149,12,0.37104517221450806,0.3076247728322101,0.1874430373757892,0.1479858567521935,89.84375,0.11285646826000587,0.1874430373757892,0.1874430373757892,0.22995442990063136,0.1479858567521935,0.1479858567521935,0
149,13,0.5275838375091553,0.3076247728322101,0.5394270025813558,0.5698047313547264,65.21739130434783,0.5947746439074301,0.5394270025813558,0.5394270025813558,0.5115416020650846,0.5698047313547264,0.5698047313547264,0
149,10,0.19849179685115814,0.3076247728322101,0.0,0.08000000913015301,95.703125,0.08000001304307575,-0.43813297879485813,0.0,0.08,0.08000000913015301,0.08000000913015301,0
149,7,0.6575184464454651,0.3076247728322101,0.7,0.6399788338364923,71.875,0.6399697626235605,0.7595920315362102,0.7,0.6399999999999999,0.6399788338364923,0.6399788338364923,0
149,2,0.3862537443637848,0.3076247728322101,0.22761374543917764,0.17623073797885386,87.6923076923077,0.13943348439064462,0.22761374543917764,0.22761374543917764,0.26209099635134214,0.17623073797885386,0.17623073797885386,0
149,17,0.05792335793375969,0.3076247728322101,0.0,0.07999999999999996,96.875,0.07999999999999996,-1.6697599083466783,0.0,0.08,0.07999999999999996,0.07999999999999996,0
149,14,0.2079942226409912,0.3076247728322101,0.0,0.08617325116637342,93.93939393939394,0.08881893023767631,-0.3913704511318709,0.0,0.08,0.08617325116637342,0.08617325116637342,0
149,11,0.9938184022903442,0.3076247728322101,0.7,0.6399999999999997,53.125,0.6399999999999997,1.1726737033940957,0.7,0.6399999999999999,0.6399999999999997,0.6399999999999997,0
149,1,0.1142163872718811,0.3076247728322101,0.0,0.12331394884308824,83.33333333333333,0.14187706977584036,-0.9907859320296646,0.0,0.08,0.12331394884308824,0.12331394884308824,0
149,8,1.1701915264129639,0.3076247728322101,0.7,0.6399999999999997,53.90625,0.6399999999999997,1.3360419179680212,0.7,0.6399999999999999,0.6399999999999997,0.6399999999999997,0
149,0,0.5078100562095642,0.3076247728322101,0.5012266894904329,0.23401262738668543,83.33333333333333,0.1281688884414022,0.5012266894904329,0.5012266894904329,0.4809813515923464,0.23401262738668543,0.23401262738668543,0
149,3,0.3176037073135376,0.3076247728322101,0.03192363093097044,0.24509830619586045,88.2051282051282,0.3049094782463251,0.03192363093097044,0.03192363093097044,0.10553890474477635,0.24509830619586045,0.24509830619586045,0
149,18,0.13743427395820618,0.3076247728322101,0.0,0.07999999999999996,93.75,0.07999999999999996,-0.8057349347512742,0.0,0.08,0.07999999999999996,0.07999999999999996,0
149,15,1.0037968158721924,0.3076247728322101,0.7,0.5871264049193603,57.142857142857146,0.5644662927419434,1.1826641123428236,0.7,0.6399999999999999,0.5871264049193603,0.5871264049193603,0
149,5,0.333314448595047,0.3076247728322101,0.08020556173472981,0.1333292207189914,92.1875,0.12868555128950893,0.08020556173472981,0.08020556173472981,0.14416444938778386,0.1333292207189914,0.1333292207189914,0
149,16,0.33654454350471497,0.3076247728322101,0.08984974024769606,0.19843683491911537,91.36363636363636,0.21838985322809762,0.08984974024769606,0.08984974024769606,0.15187979219815684,0.19843683491911537,0.19843683491911537,0
149,9,0.26666539907455444,0.3076247728322101,0.0,0.07999999999999996,92.96875,0.07999999999999996,-0.14288607974295067,0.0,0.08,0.07999999999999996,0.07999999999999996,0
149,4,0.3036164939403534,0.3076247728322101,0.0,0.12381554661570307,95.41284403669725,0.14259363802243297,-0.013115397912394198,0.0,0.08,0.12381554661570307,0.12381554661570307,0
149,6,0.2678563594818115,0.3076247728322101,0.0,0.07999999999999996,91.796875,0.07999999999999996,-0.13842990068410108,0.0,0.08,0.07999999999999996,0.07999999999999996,0
150,4,0.24888460338115692,0.3094082033444183,0.0,0.11067088263099215,88.07339449541284,0.12381554661570307,-0.21767209483943392,0.0,0.08,0.11067088263099215,0.11067088263099215,0
150,17,0.08414041250944138,0.3094082033444183,0.0,0.07999999999999996,98.4375,0.07999999999999996,-1.302174384170576,0.0,0.08,0.07999999999999996,0.07999999999999996,0
150,2,0.43083450198173523,0.3094082033444183,0.331062569626234,0.22681653329549384,90.76923076923077,0.17623073797885386,0.331062569626234,0.331062569626234,0.3448500557009872,0.22681653329549384,0.22681653329549384,0
150,10,0.26359349489212036,0.3094082033444183,0.0,0.0800000063911071,94.53125,0.08000000913015301,-0.16025332151540575,0.0,0.08,0.0800000063911071,0.0800000063911071,0
150,18,0.26374751329421997,0.3094082033444183,0.0,0.07999999999999996,94.53125,0.07999999999999996,-0.1596691894329516,0.0,0.08,0.07999999999999996,0.07999999999999996,0
150,6,0.18630796670913696,0.3094082033444183,0.0,0.07999999999999996,91.015625,0.07999999999999996,-0.5072603906603611,0.0,0.08,0.07999999999999996,0.07999999999999996,0
150,1,0.5860861539840698,0.3094082033444183,0.6388053324580644,0.2636330439800972,95.83333333333333,0.12331394884308824,0.6388053324580644,0.6388053324580644,0.5910442659664514,0.2636330439800972,0.2636330439800972,0
150,7,0.6249711513519287,0.3094082033444183,0.7,0.6399851836855446,72.265625,0.6399788338364923,0.7030440230094503,0.7,0.6399999999999999,0.6399851836855446,0.6399851836855446,0
150,16,0.3156527578830719,0.3094082033444183,0.019981289785682237,0.1677012939919445,88.63636363636364,0.19843683491911537,0.019981289785682237,0.019981289785682237,0.09598503182854579,0.1677012939919445,0.1677012939919445,0
150,8,1.1803767681121826,0.3094082033444183,0.7,0.6399999999999997,53.515625,0.6399999999999997,1.3389274861526321,0.7,0.6399999999999999,0.6399999999999997,0.6399999999999997,0
150,0,0.7402884364128113,0.3094082033444183,0.7,0.35580883917067974,100.0,0.23401262738668543,0.8723784188731494,0.7,0.6399999999999999,0.35580883917067974,0.35580883917067974,0
150,19,0.30761227011680603,0.3094082033444183,0.0,0.0800067733742766,92.1875,0.08000967624896657,-0.005821324634530539,0.0,0.08,0.0800067733742766,0.0800067733742766,0
150,9,0.23012131452560425,0.3094082033444183,0.0,0.07999999999999996,92.1875,0.07999999999999996,-0.29605481604299483,0.0,0.08,0.07999999999999996,0.07999999999999996,0
150,12,0.32390308380126953,0.3094082033444183,0.0457828940236077,0.1385779942922013,85.546875,0.1479858567521935,0.0457828940236077,0.0457828940236077,0.11662631521888617,0.1385779942922013,0.1385779942922013,0
150,14,0.292487233877182,0.3094082033444183,0.0,0.0843212758164614,88.88888888888889,0.08617325116637342,-0.056240428780832685,0.0,0.08,0.0843212758164614,0.0843212758164614,0
150,3,0.5131332874298096,0.3094082033444183,0.505874166637445,0.3169786143300891,90.76923076923077,0.24509830619586045,0.505874166637445,0.505874166637445,0.484699333309956,0.3169786143300891,0.3169786143300891,0
150,5,0.22947807610034943,0.3094082033444183,0.0,0.11733045450329396,93.75,0.1333292207189914,-0.2988539442854188,0.0,0.08,0.11733045450329396,0.11733045450329396,0
150,13,0.8506988286972046,0.3094082033444183,0.7,0.5908633119483084,84.78260869565217,0.5698047313547264,1.011396691041066,0.7,0.6399999999999999,0.5908633119483084,0.5908633119483084,0
150,15,1.3931084871292114,0.3094082033444183,0.7,0.6029884834435522,78.57142857142857,0.5871264049193603,1.5046313743076394,0.7,0.6399999999999999,0.6029884834435522,0.6029884834435522,0
150,11,0.9288800358772278,0.3094082033444183,0.7,0.6399999999999997,68.75,0.6399999999999997,1.0993181248831125,0.7,0.6399999999999999,0.6399999999999997,0.6399999999999997,0
151,16,0.2947501540184021,0.31044517509419356,0.0,0.14139090579436114,94.0909090909091,0.1677012939919445,-0.051879252366628485,0.0,0.08,0.14139090579436114,0.14139090579436114,0
151,10,0.17979499697685242,0.31044517509419356,0.0,0.08000000447377498,97.265625,0.0800000063911071,-0.5461899964710898,0.0,0.08,0.08000000447377498,0.08000000447377498,0
151,2,0.08182090520858765,0.31044517509419356,0.0,0.18277157330684568,92.3076923076923,0.22681653329549384,-1.3334744501772569,0.0,0.08,0.18277157330684568,0.18277157330684568,0
151,19,0.24471008777618408,0.31044517509419356,0.0,0.08000474136199362,91.015625,0.0800067733742766,-0.23793311271018638,0.0,0.08,0.08000474136199362,0.08000474136199362,0
151,17,0.07375919818878174,0.31044517509419356,0.0,0.07999999999999996,96.09375,0.07999999999999996,-1.4372015040271104,0.0,0.08,0.07999999999999996,0.07999999999999996,0
151,4,0.32813760638237,0.31044517509419356,0.0554257342838127,0.11477179406980954,88.9908256880734,0.11067088263099215,0.0554257342838127,0.0554257342838127,0.12434058742705016,0.11477179406980954,0.11477179406980954,0
151,11,1.0450407266616821,0.31044517509419356,0.7,0.6399999999999997,56.640625,0.6399999999999997,1.213803797840367,0.7,0.6399999999999999,0.6399999999999997,0.6399999999999997,0
151,0,0.053379159420728683,0.31044517509419356,0.0,0.2730661874194758,83.33333333333333,0.35580883917067974,-1.7605867641413537,0.0,0.08,0.2730661874194758,0.2730661874194758,0
151,14,0.19233007729053497,0.31044517509419356,0.0,0.08302489307152297,95.95959595959596,0.0843212758164614,-0.4787942477248119,0.0,0.08,0.08302489307152297,0.08302489307152297,0
151,5,0.3069722652435303,0.31044517509419356,0.0,0.10613131815230578,93.359375,0.11733045450329396,-0.011249913393989501,0.0,0.08,0.10613131815230578,0.10613131815230578,0
151,9,0.22378119826316833,0.31044517509419356,0.0,0.07999999999999996,93.359375,0.07999999999999996,-0.3273385225502004,0.0,0.08,0.07999999999999996,0.07999999999999996,0
151,1,0.15956448018550873,0.31044517509419356,0.0,0.208543130786068,87.5,0.2636330439800972,-0.665559180561555,0.0,0.08,0.208543130786068,0.208543130786068,0
151,8,1.2624852657318115,0.31044517509419356,0.7,0.6399999999999997,53.90625,0.6399999999999997,1.4028301500447014,0.7,0.6399999999999999,0.6399999999999997,0.6399999999999997,0
151,3,0.34187304973602295,0.31044517509419356,0.0964321495492116,0.2690287459228731,88.2051282051282,0.3169786143300891,0.0964321495492116,0.0964321495492116,0.1571457196393693,0.2690287459228731,0.2690287459228731,0
151,13,0.5553997159004211,0.31044517509419356,0.5816807331050319,0.5772076943090235,73.91304347826087,0.5908633119483084,0.5816807331050319,0.5816807331050319,0.5453445864840255,0.5772076943090235,0.5772076943090235,0
151,6,0.2063138782978058,0.31044517509419356,0.0,0.07999999999999996,92.578125,0.07999999999999996,-0.4086086095575926,0.0,0.08,0.07999999999999996,0.07999999999999996,0
151,7,0.7885029911994934,0.31044517509419356,0.7,0.6399896285798812,66.796875,0.6399851836855446,0.9321288643594192,0.7,0.6399999999999999,0.6399896285798812,0.6399896285798812,0
151,15,0.5953312516212463,0.31044517509419356,0.6511106445926419,0.6023584931127205,50.0,0.6029884834435522,0.6511106445926419,0.6511106445926419,0.6008885156741135,0.6023584931127205,0.6023584931127205,0
151,12,0.32373765110969543,0.31044517509419356,0.04192615163484739,0.1310668723969043,85.546875,0.1385779942922013,0.04192615163484739,0.04192615163484739,0.1135409213078779,0.1310668723969043,0.1310668723969043,0
151,18,0.12594059109687805,0.31044517509419356,0.0,0.07999999999999996,94.140625,0.07999999999999996,-0.9021969723179677,0.0,0.08,0.07999999999999996,0.07999999999999996,0
152,9,0.24751442670822144,0.3063736696745035,0.0,0.07999999999999996,94.140625,0.07999999999999996,-0.21333662188920943,0.0,0.08,0.07999999999999996,0.07999999999999996,0
152,4,0.3122401237487793,0.3063736696745035,0.01896701889370461,0.10889234038335578,96.3302752293578,0.11477179406980954,0.01896701889370461,0.01896701889370461,0.0951736151149637,0.10889234038335578,0.10889234038335578,0
152,11,0.9102110266685486,0.3063736696745035,0.7,0.6399999999999997,58.59375,0.6399999999999997,1.0888709487202235,0.7,0.6399999999999999,0.6399999999999997,0.6399999999999997,0
152,13,0.8748936653137207,0.3063736696745035,0.7,0.5960453860163164,69.56521739130434,0.5772076943090235,1.0492968327159766,0.7,0.6399999999999999,0.5960453860163164,0.5960453860163164,0
152,15,1.00473153591156,0.3063736696745035,0.7,0.6136509451789043,57.142857142857146,0.6023584931127205,1.1876701339836697,0.7,0.6399999999999999,0.6136509451789043,0.6136509451789043,0
152,12,0.42288681864738464,0.3063736696745035,0.32229906634996797,0.19309858660182533,84.765625,0.1310668723969043,0.32229906634996797,0.32229906634996797,0.3378392530799744,0.19309858660182533,0.19309858660182533,0
152,19,0.29613152146339417,0.3063736696745035,0.0,0.08000331895339553,92.96875,0.08000474136199362,-0.034001813655001496,0.0,0.08,0.08000331895339553,0.08000331895339553,0
152,2,0.20471401512622833,0.3063736696745035,0.0,0.15194010131479196,95.38461538461539,0.18277157330684568,-0.40319152649437945,0.0,0.08,0.15194010131479196,0.15194010131479196,0
152,16,0.3567802906036377,0.3063736696745035,0.15231465553793289,0.1595291513851567,88.63636363636364,0.14139090579436114,0.15231465553793289,0.15231465553793289,0.20185172443034632,0.1595291513851567,0.1595291513851567,0
152,3,0.4080051779747009,0.3063736696745035,0.2864743576165395,0.28107396797398065,91.7948717948718,0.2690287459228731,0.2864743576165395,0.2864743576165395,0.3091794860932316,0.28107396797398065,0.28107396797398065,0
152,7,0.7305352091789246,0.3063736696745035,0.7,0.6399927400059168,67.578125,0.6399896285798812,0.8689719101258966,0.7,0.6399999999999999,0.6399927400059168,0.6399927400059168,0
152,18,0.11568516492843628,0.3063736696745035,0.0,0.07999999999999996,94.140625,0.07999999999999996,-0.9739330400626224,0.0,0.08,0.07999999999999996,0.07999999999999996,0
152,6,0.2667771279811859,0.3063736696745035,0.0,0.07999999999999996,92.1875,0.07999999999999996,-0.1383919116868419,0.0,0.08,0.07999999999999996,0.07999999999999996,0
152,8,1.2764729261398315,0.3063736696745035,0.7,0.6399999999999997,52.734375,0.6399999999999997,1.4270505025118152,0.7,0.6399999999999999,0.6399999999999997,0.6399999999999997,0
152,0,0.13069941103458405,0.3063736696745035,0.0,0.21514633119363305,100.0,0.2730661874194758,-0.8519053414384239,0.0,0.08,0.21514633119363305,0.21514633119363305,0
152,1,0.29194995760917664,0.3063736696745035,0.0,0.1699801915502476,87.5,0.208543130786068,-0.048223088547980776,0.0,0.08,0.1699801915502476,0.1699801915502476,0
152,14,0.2763701379299164,0.3063736696745035,0.0,0.08211742515006608,94.94949494949495,0.08302489307152297,-0.10306444941820604,0.0,0.08,0.08211742515006608,0.08211742515006608,0
152,10,0.2415010929107666,0.3063736696745035,0.0,0.08000000313164249,96.875,0.08000000447377498,-0.23793149233055902,0.0,0.08,0.08000000313164249,0.08000000313164249,0
152,17,0.09300380200147629,0.3063736696745035,0.0,0.07999999999999996,94.140625,0.07999999999999996,-1.1921650507546415,0.0,0.08,0.07999999999999996,0.07999999999999996,0
152,5,0.31571048498153687,0.3063736696745035,0.030020106207545375,0.10549674819642493,92.578125,0.10613131815230578,0.030020106207545375,0.030020106207545375,0.1040160849660363,0.10549674819642493,0.10549674819642493,0
153,10,0.23953600227832794,0.30615488496766186,0.0,0.08000000219214974,94.921875,0.08000000313164249,-0.24538739661856898,0.0,0.08,0.08000000219214974,0.08000000219214974,0
153,9,0.19737380743026733,0.30615488496766186,0.0,0.07999999999999996,95.703125,0.07999999999999996,-0.43899168551392076,0.0,0.08,0.07999999999999996,0.07999999999999996,0
153,1,0.23857496678829193,0.30615488496766186,0.0,0.1429861340851733,91.66666666666667,0.1699801915502476,-0.24940753757466408,0.0,0.08,0.1429861340851733,0.1429861340851733,0
153,11,1.0873827934265137,0.30615488496766186,0.7,0.6399999999999997,55.46875,0.6399999999999997,1.2674378236065886,0.7,0.6399999999999999,0.6399999999999997,0.6399999999999997,0
153,17,0.11380993574857712,0.30615488496766186,0.0,0.07999999999999996,96.09375,0.07999999999999996,-0.9895612519753118,0.0,0.08,0.07999999999999996,0.07999999999999996,0
153,6,0.12767577171325684,0.30615488496766186,0.0,0.07999999999999996,94.53125,0.07999999999999996,-0.8745970713891966,0.0,0.08,0.07999999999999996,0.07999999999999996,0
153,8,1.1545730829238892,0.30615488496766186,0.7,0.6399999999999997,58.203125,0.6399999999999997,1.327394771529911,0.7,0.6399999999999999,0.6399999999999997,0.6399999999999997,0
153,3,0.3531750738620758,0.30615488496766186,0.14287275566475413,0.2550412389413274,86.66666666666667,0.28107396797398065,0.14287275566475413,0.14287275566475413,0.1942982045318033,0.2550412389413274,0.2550412389413274,0
153,13,0.38571739196777344,0.30615488496766186,0.23101381549533115,0.4966750859303009,69.56521739130434,0.5960453860163164,0.23101381549533115,0.23101381549533115,0.26481105239626496,0.4966750859303009,0.4966750859303009,0
153,14,0.24013970792293549,0.30615488496766186,0.0,0.08148219760504624,89.8989898989899,0.08211742515006608,-0.24287025461886436,0.0,0.08,0.08148219760504624,0.08148219760504624,0
153,4,0.33286646008491516,0.30615488496766186,0.08365025224132089,0.12030069880626607,94.4954128440367,0.10889234038335578,0.08365025224132089,0.08365025224132089,0.1469202017930567,0.12030069880626607,0.12030069880626607,0
153,0,0.20842652022838593,0.30615488496766186,0.0,0.1746024318355431,83.33333333333333,0.21514633119363305,-0.38450456044929143,0.0,0.08,0.1746024318355431,0.1746024318355431,0
153,12,0.32426753640174866,0.30615488496766186,0.05747776895407786,0.1729636751702564,89.453125,0.19309858660182533,0.05747776895407786,0.05747776895407786,0.1259822151632623,0.1729636751702564,0.1729636751702564,0
153,18,0.202809140086174,0.30615488496766186,0.0,0.07999999999999996,94.53125,0.07999999999999996,-0.4118257771175251,0.0,0.08,0.07999999999999996,0.07999999999999996,0
153,16,0.304010808467865,0.30615488496766186,0.0,0.13567040596960966,89.0909090909091,0.1595291513851567,-0.007027878746486152,0.0,0.08,0.13567040596960966,0.13567040596960966,0
153,7,0.7970553040504456,0.30615488496766186,0.7,0.6399949180041417,67.1875,0.6399927400059168,0.9568329126207477,0.7,0.6399999999999999,0.6399949180041417,0.6399949180041417,0
153,5,0.27667176723480225,0.30615488496766186,0.0,0.09784772373749745,89.453125,0.10549674819642493,-0.10125928269989852,0.0,0.08,0.09784772373749745,0.09784772373749745,0
153,2,0.18262754380702972,0.30615488496766186,0.0,0.13035807092035437,86.15384615384616,0.15194010131479196,-0.5166423127265857,0.0,0.08,0.13035807092035437,0.13035807092035437,0
153,19,0.22769586741924286,0.30615488496766186,0.0,0.08000232326737687,92.1875,0.08000331895339553,-0.29608029899639277,0.0,0.08,0.08000232326737687,0.08000232326737687,0
153,15,1.0536521673202515,0.30615488496766186,0.7,0.6215556616252329,57.142857142857146,0.6136509451789043,1.2359265055111819,0.7,0.6399999999999999,0.6215556616252329,0.6215556616252329,0
154,17,0.13267743587493896,0.3013799702287826,0.0,0.07999999999999996,96.875,0.07999999999999996,-0.8204508977584083,0.0,0.08,0.07999999999999996,0.07999999999999996,0
154,6,0.21156570315361023,0.3013799702287826,0.0,0.07999999999999996,94.921875,0.07999999999999996,-0.35383621066890497,0.0,0.08,0.07999999999999996,0.07999999999999996,0
154,7,0.6858149766921997,0.3013799702287826,0.7,0.6399964426028991,72.65625,0.6399949180041417,0.8222360312635145,0.7,0.6399999999999999,0.6399964426028991,0.6399964426028991,0
154,16,0.3639886975288391,0.3013799702287826,0.18875098249537034,0.16426951997761563,85.0,0.13567040596960966,0.18875098249537034,0.18875098249537034,0.2310007859962963,0.16426951997761563,0.16426951997761563,0
154,19,0.25998300313949585,0.3013799702287826,0.0,0.08000162628716381,93.75,0.08000232326737687,-0.14775556658541703,0.0,0.08,0.08000162628716381,0.08000162628716381,0
154,10,0.20591357350349426,0.3013799702287826,0.0,0.08000000153450482,94.53125,0.08000000219214974,-0.3809152781677056,0.0,0.08,0.08000000153450482,0.08000000153450482,0
154,13,0.6068167090415955,0.3013799702287826,0.6998549385112984,0.5396377453939223,58.69565217391305,0.4966750859303009,0.6998549385112984,0.6998549385112984,0.6398839508090387,0.5396377453939223,0.5396377453939223,0
154,3,0.37799596786499023,0.3013799702287826,0.22651169360644882,0.25689167372447685,85.64102564102564,0.2550412389413274,0.22651169360644882,0.22651169360644882,0.26120935488515906,0.25689167372447685,0.25689167372447685,0
154,14,0.18606756627559662,0.3013799702287826,0.0,0.08103753832353236,94.94949494949495,0.08148219760504624,-0.4822619403471577,0.0,0.08,0.08103753832353236,0.08103753832353236,0
154,1,0.5532242655754089,0.3013799702287826,0.6073916195359159,0.26986428254824113,91.66666666666667,0.1429861340851733,0.6073916195359159,0.6073916195359159,0.5659132956287327,0.26986428254824113,0.26986428254824113,0
154,4,0.3346952497959137,0.3013799702287826,0.10484858418345132,0.13337414936841455,87.1559633027523,0.12030069880626607,0.10484858418345132,0.10484858418345132,0.16387886734676105,0.13337414936841455,0.13337414936841455,0
154,9,0.20209357142448425,0.3013799702287826,0.0,0.07999999999999996,92.96875,0.07999999999999996,-0.3996409968863224,0.0,0.08,0.07999999999999996,0.07999999999999996,0
154,5,0.316500186920166,0.3013799702287826,0.04895200237693786,0.10424188718671329,92.96875,0.09784772373749745,0.04895200237693786,0.04895200237693786,0.11916160190155028,0.10424188718671329,0.10424188718671329,0
154,12,0.31317251920700073,0.3013799702287826,0.03838238881512889,0.15428634593481041,86.71875,0.1729636751702564,0.03838238881512889,0.03838238881512889,0.11070591105210312,0.15428634593481041,0.15428634593481041,0
154,15,0.7152885794639587,0.3013799702287826,0.7,0.6270889631376629,71.42857142857143,0.6215556616252329,0.8643142215009054,0.7,0.6399999999999999,0.6270889631376629,0.6270889631376629,0
154,11,1.1637539863586426,0.3013799702287826,0.7,0.6399999999999997,49.609375,0.6399999999999997,1.3510344012330153,0.7,0.6399999999999999,0.6399999999999997,0.6399999999999997,0
154,18,0.2074802815914154,0.3013799702287826,0.0,0.07999999999999996,92.96875,0.07999999999999996,-0.37333550651021385,0.0,0.08,0.07999999999999996,0.07999999999999996,0
154,8,1.2103123664855957,0.3013799702287826,0.7,0.6399999999999997,52.34375,0.6399999999999997,1.3902619062696835,0.7,0.6399999999999999,0.6399999999999997,0.6399999999999997,0
154,2,0.24220691621303558,0.3013799702287826,0.0,0.11525064964424805,92.3076923076923,0.13035807092035437,-0.21857943359654375,0.0,0.08,0.11525064964424805,0.11525064964424805,0
154,0,0.5551348924636841,0.3013799702287826,0.6108392903247302,0.2928231319628154,83.33333333333333,0.1746024318355431,0.6108392903247302,0.6108392903247302,0.5686714322597841,0.2928231319628154,0.2928231319628154,0
155,1,0.14196477830410004,0.30380174504170837,0.0,0.21290499778376878,95.83333333333333,0.26986428254824113,-0.7607963099468771,0.0,0.08,0.21290499778376878,0.21290499778376878,0
155,17,0.07468598335981369,0.30380174504170837,0.0,0.07999999999999996,94.921875,0.07999999999999996,-1.4030827977750429,0.0,0.08,0.07999999999999996,0.07999999999999996,0
155,12,0.3364001512527466,0.30380174504170837,0.10192604033777956,0.15646269183543438,88.671875,0.15428634593481041,0.10192604033777956,0.10192604033777956,0.16154083227022364,0.15646269183543438,0.15646269183543438,0
155,19,0.3129860758781433,0.30380174504170837,0.029783368379467563,0.08714914681208688,91.015625,0.08000162628716381,0.029783368379467563,0.029783368379467563,0.10382669470357406,0.08714914681208688,0.08714914681208688,0
155,9,0.23269060254096985,0.30380174504170837,0.0,0.07999999999999996,94.53125,0.07999999999999996,-0.26666563908016305,0.0,0.08,0.07999999999999996,0.07999999999999996,0
155,8,1.163997769355774,0.30380174504170837,0.7,0.6399999999999997,52.734375,0.6399999999999997,1.343240353410475,0.7,0.6399999999999999,0.6399999999999997,0.6399999999999997,0
155,10,0.18715053796768188,0.30380174504170837,0.0,0.08000000107415337,93.75,0.08000000153450482,-0.4844620048031547,0.0,0.08,0.08000000107415337,0.08000000107415337,0
155,18,0.11617954075336456,0.30380174504170837,0.0,0.07999999999999996,94.53125,0.07999999999999996,-0.961238521367816,0.0,0.08,0.07999999999999996,0.07999999999999996,0
155,0,0.00582093233242631,0.30380174504170837,0.0,0.22897619237397077,100.0,0.2928231319628154,-3.9549132056842233,0.0,0.08,0.22897619237397077,0.22897619237397077,0
155,13,0.8966217637062073,0.30380174504170837,0.7,0.5697464217757455,76.08695652173913,0.5396377453939223,1.082258749066618,0.7,0.6399999999999999,0.5697464217757455,0.5697464217757455,0
155,6,0.20549169182777405,0.30380174504170837,0.0,0.07999999999999996,92.578125,0.07999999999999996,-0.3909697143882819,0.0,0.08,0.07999999999999996,0.07999999999999996,0
155,11,0.9434014558792114,0.30380174504170837,0.7,0.6399999999999997,57.421875,0.6399999999999997,1.1331165575655684,0.7,0.6399999999999999,0.6399999999999997,0.6399999999999997,0
155,14,0.16582566499710083,0.30380174504170837,0.0,0.08072627682647265,95.95959595959596,0.08103753832353236,-0.6054382811669736,0.0,0.08,0.08072627682647265,0.08072627682647265,0
155,5,0.2190297693014145,0.30380174504170837,0.0,0.0969693210306993,93.359375,0.10424188718671329,-0.3271676679916064,0.0,0.08,0.0969693210306993,0.0969693210306993,0
155,4,0.36254215240478516,0.30380174504170837,0.17676541050426775,0.15978560307891443,92.66055045871559,0.13337414936841455,0.17676541050426775,0.17676541050426775,0.22141232840341418,0.15978560307891443,0.15978560307891443,0
155,3,0.40675678849220276,0.30380174504170837,0.29184009302907293,0.2738657939341113,90.76923076923077,0.25689167372447685,0.29184009302907293,0.29184009302907293,0.31347207442325836,0.2738657939341113,0.2738657939341113,0
155,2,0.1828847974538803,0.30380174504170837,0.0,0.10467545475097365,90.76923076923077,0.11525064964424805,-0.5075188799306706,0.0,0.08,0.10467545475097365,0.10467545475097365,0
155,16,0.34806403517723083,0.30380174504170837,0.13601113359805522,0.17163133604786418,88.18181818181819,0.16426951997761563,0.13601113359805522,0.13601113359805522,0.1888089068784442,0.17163133604786418,0.17163133604786418,0
155,7,0.7317716479301453,0.30380174504170837,0.7,0.6399975098220293,71.875,0.6399964426028991,0.8790931554695459,0.7,0.6399999999999999,0.6399975098220293,0.6399975098220293,0
155,15,1.1179711818695068,0.30380174504170837,0.7,0.630962274196364,57.142857142857146,0.6270889631376629,1.30289551871534,0.7,0.6399999999999999,0.630962274196364,0.630962274196364,0
156,6,0.20629024505615234,0.30070540445849314,0.0,0.07999999999999996,94.921875,0.07999999999999996,-0.3768469138126733,0.0,0.08,0.07999999999999996,0.07999999999999996,0
156,4,0.22413577139377594,0.30070540445849314,0.0,0.13584992215524008,94.4954128440367,0.15978560307891443,-0.2938790608663585,0.0,0.08,0.13584992215524008,0.13584992215524008,0
156,11,1.0539047718048096,0.30070540445849314,0.7,0.6399999999999997,53.90625,0.6399999999999997,1.254126289163854,0.7,0.6399999999999999,0.6399999999999997,0.6399999999999997,0
156,1,0.07897394895553589,0.30070540445849314,0.0,0.17303349844863813,83.33333333333333,0.21290499778376878,-1.3370129313611934,0.0,0.08,0.17303349844863813,0.17303349844863813,0
156,10,0.2393205612897873,0.30070540445849314,0.0,0.08000000075190736,94.921875,0.08000000107415337,-0.22832714035627766,0.0,0.08,0.08000000075190736,0.08000000075190736,0
156,8,1.135687232017517,0.30070540445849314,0.7,0.6399999999999997,57.03125,0.6399999999999997,1.328862150236575,0.7,0.6399999999999999,0.6399999999999997,0.6399999999999997,0
156,7,0.7140716314315796,0.30070540445849314,0.7,0.6399982568754204,73.046875,0.6399975098220293,0.8648521994325874,0.7,0.6399999999999999,0.6399982568754204,0.6399982568754204,0
156,3,0.39865511655807495,0.30070540445849314,0.28196560264989035,0.2833778003898516,90.76923076923077,0.2738657939341113,0.28196560264989035,0.28196560264989035,0.3055724821199123,0.2833778003898516,0.2833778003898516,0
156,17,0.06185523793101311,0.30070540445849314,0.0,0.07999999999999996,98.4375,0.07999999999999996,-1.5813341514447,0.0,0.08,0.07999999999999996,0.07999999999999996,0
156,16,0.3323211967945099,0.30070540445849314,0.09997089553133451,0.1681349501610252,92.27272727272727,0.17163133604786418,0.09997089553133451,0.09997089553133451,0.1599767164250676,0.1681349501610252,0.1681349501610252,0
156,0,0.06625116616487503,0.30070540445849314,0.0,0.1842833346617795,83.33333333333333,0.22897619237397077,-1.5126778778721128,0.0,0.08,0.1842833346617795,0.1842833346617795,0
156,12,0.288425087928772,0.30070540445849314,0.0,0.13352388428480405,84.765625,0.15646269183543438,-0.04169566967021759,0.0,0.08,0.13352388428480405,0.13352388428480405,0
156,14,0.310146689414978,0.30070540445849314,0.030914313450419343,0.0879278290066315,90.9090909090909,0.08072627682647265,0.030914313450419343,0.030914313450419343,0.10473145076033548,0.0879278290066315,0.0879278290066315,0
156,2,0.20581799745559692,0.30070540445849314,0.0,0.09727281832568155,92.3076923076923,0.10467545475097365,-0.3791387766566219,0.0,0.08,0.09727281832568155,0.09727281832568155,0
156,5,0.29957395792007446,0.30070540445849314,0.0,0.0918785247214895,89.0625,0.0969693210306993,-0.0037697375973275936,0.0,0.08,0.0918785247214895,0.0918785247214895,0
156,19,0.21632280945777893,0.30070540445849314,0.0,0.08500440276846082,94.53125,0.08714914681208688,-0.3293592695072348,0.0,0.08,0.08500440276846082,0.08500440276846082,0
156,9,0.17765867710113525,0.30070540445849314,0.0,0.07999999999999996,95.703125,0.07999999999999996,-0.5262668746506382,0.0,0.08,0.07999999999999996,0.07999999999999996,0
156,13,0.5314316749572754,0.30070540445849314,0.5694435609723585,0.5594889498763879,71.73913043478261,0.5697464217757455,0.5694435609723585,0.5694435609723585,0.5355548487778868,0.5594889498763879,0.5594889498763879,0
156,18,0.18051670491695404,0.30070540445849314,0.0,0.07999999999999996,91.796875,0.07999999999999996,-0.5103077191093983,0.0,0.08,0.07999999999999996,0.07999999999999996,0
156,15,1.5810868740081787,0.30070540445849314,0.7,0.6336735919374548,64.28571428571429,0.630962274196364,1.6597366947834533,0.7,0.6399999999999999,0.6336735919374548,0.6336735919374548,0
157,12,0.43753373622894287,0.29702214647357184,0.38734710011925383,0.21043002302798375,89.453125,0.13352388428480405,0.38734710011925383,0.38734710011925383,0.3898776800954031,0.21043002302798375,0.21043002302798375,0
157,7,0.7586888670921326,0.29702214647357184,0.7,0.6399987798127943,73.046875,0.6399982568754204,0.9377850448130274,0.7,0.6399999999999999,0.6399987798127943,0.6399987798127943,0
157,9,0.2037854939699173,0.29702214647357184,0.0,0.07999999999999996,92.578125,0.07999999999999996,-0.37673874738746665,0.0,0.08,0.07999999999999996,0.07999999999999996,0
157,11,0.919292688369751,0.29702214647357184,0.7,0.6399999999999997,60.15625,0.6399999999999997,1.1297978312989603,0.7,0.6399999999999999,0.6399999999999997,0.6399999999999997,0
157,13,0.5133275389671326,0.29702214647357184,0.5471074014889259,0.5469480412708136,67.3913043478261,0.5594889498763879,0.5471074014889259,0.5471074014889259,0.5176859211911408,0.5469480412708136,0.5469480412708136,0
157,19,0.20485138893127441,0.29702214647357184,0.0,0.08350308193792257,89.84375,0.08500440276846082,-0.37152190391988005,0.0,0.08,0.08350308193792257,0.08350308193792257,0
157,17,0.06760197132825851,0.29702214647357184,0.0,0.07999999999999996,95.703125,0.07999999999999996,-1.4801694447322828,0.0,0.08,0.07999999999999996,0.07999999999999996,0
157,8,1.18266761302948,0.29702214647357184,0.7,0.6399999999999997,55.859375,0.6399999999999997,1.3817211264692308,0.7,0.6399999999999999,0.6399999999999997,0.6399999999999997,0
157,0,0.5688633322715759,0.29702214647357184,0.6498334965844702,0.3089583734435185,100.0,0.1842833346617795,0.6498334965844702,0.6498334965844702,0.5998667972675762,0.3089583734435185,0.3089583734435185,0
157,18,0.12163303047418594,0.29702214647357184,0.0,0.07999999999999996,95.703125,0.07999999999999996,-0.8927980898910479,0.0,0.08,0.07999999999999996,0.07999999999999996,0
157,2,0.20095758140087128,0.29702214647357184,0.0,0.09209097282797707,89.23076923076923,0.09727281832568155,-0.3907128391987087,0.0,0.08,0.09209097282797707,0.09209097282797707,0
157,1,0.7139979004859924,0.29702214647357184,0.7,0.31312344891404664,91.66666666666667,0.17303349844863813,0.877073298903789,0.7,0.6399999999999999,0.31312344891404664,0.31312344891404664,0
157,4,0.33420687913894653,0.29702214647357184,0.11795349282843018,0.1474037837874913,87.1559633027523,0.13584992215524008,0.11795349282843018,0.11795349282843018,0.17436279426274415,0.1474037837874913,0.1474037837874913,0
157,5,0.26104822754859924,0.29702214647357184,0.0,0.08831496730504265,90.234375,0.0918785247214895,-0.12910152850152468,0.0,0.08,0.08831496730504265,0.08831496730504265,0
157,10,0.2387050837278366,0.29702214647357184,0.0,0.08000000052633514,94.53125,0.08000000075190736,-0.21857786436950633,0.0,0.08,0.08000000052633514,0.08000000052633514,0
157,15,0.8023494482040405,0.29702214647357184,0.7,0.6355715143562183,71.42857142857143,0.6336735919374548,0.9937375094424652,0.7,0.6399999999999999,0.6355715143562183,0.6355715143562183,0
157,6,0.20314793288707733,0.29702214647357184,0.0,0.07999999999999996,92.578125,0.07999999999999996,-0.3798722406377111,0.0,0.08,0.07999999999999996,0.07999999999999996,0
157,14,0.3421645164489746,0.29702214647357184,0.14148495593173815,0.11950586972825919,92.92929292929293,0.0879278290066315,0.14148495593173815,0.14148495593173815,0.19318796474539052,0.11950586972825919,0.11950586972825919,0
157,3,0.36068686842918396,0.29702214647357184,0.19420347223380766,0.26897329360900996,89.23076923076923,0.2833778003898516,0.19420347223380766,0.19420347223380766,0.23536277778704612,0.26897329360900996,0.26897329360900996,0
157,16,0.33735722303390503,0.29702214647357184,0.12733567064306706,0.17225502606705373,90.9090909090909,0.1681349501610252,0.12733567064306706,0.12733567064306706,0.18186853651445367,0.17225502606705373,0.17225502606705373,0
158,14,0.19677387177944183,0.3012960188003586,0.0,0.10765410880978143,90.9090909090909,0.11950586972825919,-0.4260380045560919,0.0,0.08,0.10765410880978143,0.10765410880978143,0
158,4,0.2911699414253235,0.3012960188003586,0.0,0.1271826486512439,93.57798165137615,0.1474037837874913,-0.03418614361999721,0.0,0.08,0.1271826486512439,0.1271826486512439,0
158,13,0.2095746099948883,0.3012960188003586,0.0,0.40686362888956956,67.3913043478261,0.5469480412708136,-0.3630134085270162,0.0,0.08,0.40686362888956956,0.40686362888956956,0
158,6,0.1253829449415207,0.3012960188003586,0.0,0.07999999999999996,94.53125,0.07999999999999996,-0.8767205723776383,0.0,0.08,0.07999999999999996,0.07999999999999996,0
158,18,0.2176661342382431,0.3012960188003586,0.0,0.07999999999999996,91.796875,0.07999999999999996,-0.32513082535667714,0.0,0.08,0.07999999999999996,0.07999999999999996,0
158,17,0.08166816830635071,0.3012960188003586,0.0,0.07999999999999996,96.484375,0.07999999999999996,-1.3054288342525413,0.0,0.08,0.07999999999999996,0.07999999999999996,0
158,0,0.14500002562999725,0.3012960188003586,0.0,0.24027086141046294,66.66666666666667,0.3089583734435185,-0.731359277686872,0.0,0.08,0.24027086141046294,0.24027086141046294,0
158,16,0.33107107877731323,0.3012960188003586,0.09423985620579267,0.16719608373632783,92.72727272727273,0.17225502606705373,0.09423985620579267,0.09423985620579267,0.15539188496463413,0.16719608373632783,0.16719608373632783,0
158,12,0.3479037880897522,0.3012960188003586,0.14383273345490416,0.20582087214876563,83.984375,0.21043002302798375,0.14383273345490416,0.14383273345490416,0.19506618676392334,0.20582087214876563,0.20582087214876563,0
158,9,0.2344779670238495,0.3012960188003586,0.0,0.07999999999999996,93.359375,0.07999999999999996,-0.25073159696590425,0.0,0.08,0.07999999999999996,0.07999999999999996,0
158,7,0.6878306865692139,0.3012960188003586,0.7,0.6399991458689559,70.3125,0.6399987798127943,0.8254494612510145,0.7,0.6399999999999999,0.6399991458689559,0.6399991458689559,0
158,5,0.39310649037361145,0.3012960188003586,0.26598730264274695,0.14965742974778912,89.84375,0.08831496730504265,0.26598730264274695,0.26598730264274695,0.29278984211419756,0.14965742974778912,0.14965742974778912,0
158,15,1.3940694332122803,0.3012960188003586,0.7,0.6369000600493527,78.57142857142857,0.6355715143562183,1.5318891400389008,0.7,0.6399999999999999,0.6369000600493527,0.6369000600493527,0
158,8,1.0937995910644531,0.3012960188003586,0.7,0.6399999999999997,55.859375,0.6399999999999997,1.2893195203566723,0.7,0.6399999999999999,0.6399999999999997,0.6399999999999997,0
158,1,0.48482728004455566,0.3012960188003586,0.4756994586853018,0.35735428432430505,91.66666666666667,0.31312344891404664,0.4756994586853018,0.4756994586853018,0.46055956694824146,0.35735428432430505,0.35735428432430505,0
158,10,0.23973728716373444,0.3012960188003586,0.0,0.0800000003684346,95.703125,0.08000000052633514,-0.2285495371474409,0.0,0.08,0.0800000003684346,0.0800000003684346,0
158,11,1.081434726715088,0.3012960188003586,0.7,0.6399999999999997,56.25,0.6399999999999997,1.27795063258594,0.7,0.6399999999999999,0.6399999999999997,0.6399999999999997,0
158,2,0.18451416492462158,0.3012960188003586,0.0,0.08846368097958396,87.6923076923077,0.09209097282797707,-0.4903669764424013,0.0,0.08,0.08846368097958396,0.08846368097958396,0
158,19,0.23595617711544037,0.3012960188003586,0.0,0.08245215735654579,92.1875,0.08350308193792257,-0.24444712585654463,0.0,0.08,0.08245215735654579,0.08245215735654579,0
158,3,0.31738781929016113,0.3012960188003586,0.05203119650403786,0.22476879268727604,85.12820512820512,0.26897329360900996,0.05203119650403786,0.05203119650403786,0.1216249572032303,0.22476879268727604,0.22476879268727604,0
159,17,0.07303716987371445,0.2977117783497757,0.0,0.07999999999999996,96.484375,0.07999999999999996,-1.405157240491386,0.0,0.08,0.07999999999999996,0.07999999999999996,0
159,5,0.32754048705101013,0.2977117783497757,0.09548583722591647,0.15167680175767234,90.234375,0.14965742974778912,0.09548583722591647,0.09548583722591647,0.15638866978073318,0.15167680175767234,0.15167680175767234,0
159,10,0.21144136786460876,0.2977117783497757,0.0,0.08000000025790421,95.703125,0.0800000003684346,-0.3421780784725572,0.0,0.08,0.08000000025790421,0.08000000025790421,0
159,15,1.3922315835952759,0.2977117783497757,0.7,0.6378300420345469,57.142857142857146,0.6369000600493527,1.5425373364425632,0.7,0.6399999999999999,0.6378300420345469,0.6378300420345469,0
159,4,0.30186226963996887,0.2977117783497757,0.0138450203580865,0.11635065894181149,89.90825688073394,0.1271826486512439,0.0138450203580865,0.0138450203580865,0.0910760162864692,0.11635065894181149,0.11635065894181149,0
159,3,0.3232019245624542,0.2977117783497757,0.08215144695786959,0.20105450215098192,86.66666666666667,0.22476879268727604,0.08215144695786959,0.08215144695786959,0.14572115756629567,0.20105450215098192,0.20105450215098192,0
159,1,0.27563610672950745,0.2977117783497757,0.0,0.27414799902701353,95.83333333333333,0.35735428432430505,-0.07704428712908067,0.0,0.08,0.27414799902701353,0.27414799902701353,0
159,13,0.6168824434280396,0.2977117783497757,0.7,0.4768045402226987,76.08695652173913,0.40686362888956956,0.7285526273505568,0.7,0.6399999999999999,0.4768045402226987,0.4768045402226987,0
159,19,0.2613196074962616,0.2977117783497757,0.0,0.08171651014958205,92.96875,0.08245215735654579,-0.13038161908778098,0.0,0.08,0.08171651014958205,0.08171651014958205,0
159,7,0.661343514919281,0.2977117783497757,0.7,0.6399994021082691,76.953125,0.6399991458689559,0.7981475443998862,0.7,0.6399999999999999,0.6399994021082691,0.6399994021082691,0
159,11,0.8742207884788513,0.2977117783497757,0.7,0.6399999999999997,55.859375,0.6399999999999997,1.0772071082661794,0.7,0.6399999999999999,0.6399999999999997,0.6399999999999997,0
159,9,0.17276984453201294,0.2977117783497757,0.0,0.07999999999999996,93.75,0.07999999999999996,-0.5441654771107834,0.0,0.08,0.07999999999999996,0.07999999999999996,0
159,0,0.12579762935638428,0.2977117783497757,0.0,0.19218960298732404,83.33333333333333,0.24027086141046294,-0.8614512862846295,0.0,0.08,0.19218960298732404,0.19218960298732404,0
159,8,1.1774369478225708,0.2977117783497757,0.7,0.6399999999999997,52.34375,0.6399999999999997,1.3749694201308085,0.7,0.6399999999999999,0.6399999999999997,0.6399999999999997,0
159,16,0.4136662483215332,0.2977117783497757,0.32893364407799836,0.2199813331941491,91.81818181818181,0.16719608373632783,0.32893364407799836,0.32893364407799836,0.3431469152623987,0.2199813331941491,0.2199813331941491,0
159,12,0.30653002858161926,0.2977117783497757,0.02918989041201824,0.1750801842030203,88.28125,0.20582087214876563,0.02918989041201824,0.02918989041201824,0.10335191232961459,0.1750801842030203,0.1750801842030203,0
159,14,0.14625178277492523,0.2977117783497757,0.0,0.09935787616684699,92.92929292929293,0.10765410880978143,-0.7107961209953938,0.0,0.08,0.09935787616684699,0.09935787616684699,0
159,2,0.18841294944286346,0.2977117783497757,0.0,0.08592457668570877,92.3076923076923,0.08846368097958396,-0.4574897186940419,0.0,0.08,0.08592457668570877,0.08592457668570877,0
159,18,0.17474211752414703,0.2977117783497757,0.0,0.07999999999999996,94.921875,0.07999999999999996,-0.5328145351565239,0.0,0.08,0.07999999999999996,0.07999999999999996,0
159,6,0.21037103235721588,0.2977117783497757,0.0,0.07999999999999996,94.140625,0.07999999999999996,-0.3472530253128814,0.0,0.08,0.07999999999999996,0.07999999999999996,0
160,10,0.2747546136379242,0.29681551933327194,0.0,0.08000000018053294,95.3125,0.08000000025790421,-0.07723241080629448,0.0,0.08,0.08000000018053294,0.08000000018053294,0
160,7,0.8030105829238892,0.29681551933327194,0.7,0.6399995814757883,75.390625,0.6399994021082691,0.9952570730698872,0.7,0.6399999999999999,0.6399995814757883,0.6399995814757883,0
160,9,0.2654043734073639,0.29681551933327194,0.0,0.07999999999999996,89.84375,0.07999999999999996,-0.11185619448448234,0.0,0.08,0.07999999999999996,0.07999999999999996,0
160,15,0.6693747639656067,0.29681551933327194,0.7,0.6384810294241827,57.142857142857146,0.6378300420345469,0.8132332710462867,0.7,0.6399999999999999,0.6384810294241827,0.6384810294241827,0
160,6,0.21170416474342346,0.29681551933327194,0.0,0.07999999999999996,93.75,0.07999999999999996,-0.3379209344377728,0.0,0.08,0.07999999999999996,0.07999999999999996,0
160,0,0.23034346103668213,0.29681551933327194,0.0,0.15853272209112682,83.33333333333333,0.19218960298732404,-0.25353928516103663,0.0,0.08,0.15853272209112682,0.15853272209112682,0
160,14,0.2334417998790741,0.29681551933327194,0.0,0.0935505133167929,87.87878787878788,0.09935787616684699,-0.2401779946511452,0.0,0.08,0.0935505133167929,0.0935505133167929,0
160,8,1.309654712677002,0.29681551933327194,0.7,0.6399999999999997,48.828125,0.6399999999999997,1.48440797850292,0.7,0.6399999999999999,0.6399999999999997,0.6399999999999997,0
160,2,0.294694721698761,0.29681551933327194,0.0,0.08414720367999613,93.84615384615384,0.08592457668570877,-0.007170819720140099,0.0,0.08,0.08414720367999613,0.08414720367999613,0
160,12,0.38323789834976196,0.29681551933327194,0.2555451344841355,0.20788696121830672,91.015625,0.1750801842030203,0.2555451344841355,0.2555451344841355,0.2844361075873084,0.20788696121830672,0.20788696121830672,0
160,19,0.2750502824783325,0.29681551933327194,0.0,0.08120155710470743,92.1875,0.08171651014958205,-0.07615686979076818,0.0,0.08,0.08120155710470743,0.08120155710470743,0
160,11,0.8578665852546692,0.29681551933327194,0.7,0.6399999999999997,60.9375,0.6399999999999997,1.0613377715370973,0.7,0.6399999999999999,0.6399999999999997,0.6399999999999997,0
160,13,0.6682429313659668,0.29681551933327194,0.7,0.525763178155889,71.73913043478261,0.4768045402226987,0.81154095962309,0.7,0.6399999999999999,0.525763178155889,0.525763178155889,0
160,17,0.15257897973060608,0.29681551933327194,0.0,0.07999999999999996,96.484375,0.07999999999999996,-0.6654284050796389,0.0,0.08,0.07999999999999996,0.07999999999999996,0
160,3,0.4047740399837494,0.29681551933327194,0.31021817767111914,0.23919051414675593,90.25641025641026,0.20105450215098192,0.31021817767111914,0.31021817767111914,0.32817454213689534,0.23919051414675593,0.23919051414675593,0
160,4,0.3153889775276184,0.29681551933327194,0.06069592555131823,0.1200124833915844,90.8256880733945,0.11635065894181149,0.06069592555131823,0.06069592555131823,0.12855674044105458,0.1200124833915844,0.1200124833915844,0
160,1,0.5787621140480042,0.29681551933327194,0.6677807213841765,0.37617097245111186,91.66666666666667,0.27414799902701353,0.6677807213841765,0.6677807213841765,0.6142245771073412,0.37617097245111186,0.37617097245111186,0
160,18,0.17370226979255676,0.29681551933327194,0.0,0.07999999999999996,94.921875,0.07999999999999996,-0.5357680344297894,0.0,0.08,0.07999999999999996,0.07999999999999996,0
160,16,0.4267258048057556,0.29681551933327194,0.3630308546126035,0.2651143383429292,91.81818181818181,0.2199813331941491,0.3630308546126035,0.3630308546126035,0.3704246836900828,0.2651143383429292,0.2651143383429292,0
160,5,0.23566901683807373,0.29681551933327194,0.0,0.13017376123037064,92.578125,0.15167680175767234,-0.23068244042598923,0.0,0.08,0.13017376123037064,0.13017376123037064,0
161,15,0.5257790088653564,0.29763815236126373,0.5690024797601071,0.6074973157393535,92.85714285714286,0.6384810294241827,0.5690024797601071,0.5690024797601071,0.5352019838080857,0.6074973157393535,0.6074973157393535,0
161,5,0.33556416630744934,0.29763815236126373,0.11993469520665426,0.14390595971085648,89.84375,0.13017376123037064,0.11993469520665426,0.11993469520665426,0.17594775616532343,0.14390595971085648,0.14390595971085648,0
161,14,0.21047283709049225,0.29763815236126373,0.0,0.08948535932175503,90.9090909090909,0.0935505133167929,-0.3465218761205211,0.0,0.08,0.08948535932175503,0.08948535932175503,0
161,18,0.14901985228061676,0.29763815236126373,0.0,0.07999999999999996,89.84375,0.07999999999999996,-0.6917989275204579,0.0,0.08,0.07999999999999996,0.07999999999999996,0
161,17,0.12541775405406952,0.29763815236126373,0.0,0.07999999999999996,98.046875,0.07999999999999996,-0.8642282511890235,0.0,0.08,0.07999999999999996,0.07999999999999996,0
161,2,0.14295080304145813,0.29763815236126373,0.0,0.08290304257599729,90.76923076923077,0.08414720367999613,-0.7333779221330813,0.0,0.08,0.08290304257599729,0.08290304257599729,0
161,10,0.24727585911750793,0.29763815236126373,0.0,0.08000000012637305,94.921875,0.08000000018053294,-0.18537393607762515,0.0,0.08,0.08000000012637305,0.08000000012637305,0
161,19,0.2984682023525238,0.29763815236126373,0.002784907402231455,0.08150946774983076,90.234375,0.08120155710470743,0.002784907402231455,0.002784907402231455,0.08222792592178517,0.08150946774983076,0.08150946774983076,0
161,12,0.313258558511734,0.29763815236126373,0.05115041851251139,0.18179697329581745,87.109375,0.20788696121830672,0.05115041851251139,0.05115041851251139,0.12092033481000912,0.18179697329581745,0.18179697329581745,0
161,3,0.34189581871032715,0.29763815236126373,0.13862756777155738,0.2247039761679029,87.6923076923077,0.23919051414675593,0.13862756777155738,0.13862756777155738,0.19090205421724593,0.2247039761679029,0.2247039761679029,0
161,13,0.814714252948761,0.29763815236126373,0.7,0.5600342247091222,80.43478260869566,0.525763178155889,1.006958925679771,0.7,0.6399999999999999,0.5600342247091222,0.5600342247091222,0
161,6,0.1829368621110916,0.29763815236126373,0.0,0.07999999999999996,91.796875,0.07999999999999996,-0.48673739629143536,0.0,0.08,0.07999999999999996,0.07999999999999996,0
161,1,0.17427371442317963,0.29763815236126373,0.0,0.2873196807157783,95.83333333333333,0.37617097245111186,-0.5352513364661777,0.0,0.08,0.2873196807157783,0.2873196807157783,0
161,7,0.7305290699005127,0.29763815236126373,0.7,0.6399997070330518,74.609375,0.6399995814757883,0.8978905101341836,0.7,0.6399999999999999,0.6399997070330518,0.6399997070330518,0
161,16,0.3879367709159851,0.29763815236126373,0.26496386208575406,0.2731713637406314,90.0,0.2651143383429292,0.26496386208575406,0.26496386208575406,0.29197108966860325,0.2731713637406314,0.2731713637406314,0
161,4,0.3934361934661865,0.29763815236126373,0.2790404003550526,0.1749784344593217,91.74311926605505,0.1200124833915844,0.2790404003550526,0.2790404003550526,0.3032323202840421,0.1749784344593217,0.1749784344593217,0
161,8,1.0583453178405762,0.29763815236126373,0.7,0.6399999999999997,52.734375,0.6399999999999997,1.2685834275086312,0.7,0.6399999999999999,0.6399999999999997,0.6399999999999997,0
161,11,0.985226571559906,0.29763815236126373,0.7,0.6399999999999997,60.9375,0.6399999999999997,1.1969931182807905,0.7,0.6399999999999999,0.6399999999999997,0.6399999999999997,0
161,9,0.2202814370393753,0.29763815236126373,0.0,0.07999999999999996,94.921875,0.07999999999999996,-0.30097249501475004,0.0,0.08,0.07999999999999996,0.07999999999999996,0
161,0,0.03246914967894554,0.29763815236126373,0.0,0.13497290546378876,83.33333333333333,0.15853272209112682,-2.2155878226202383,0.0,0.08,0.13497290546378876,0.13497290546378876,0
162,10,0.27036288380622864,0.29846067516835023,0.0,0.08000000008846114,95.3125,0.08000000012637305,-0.09887310847532796,0.0,0.08,0.08000000008846114,0.08000000008846114,0
162,5,0.3239193260669708,0.29846067516835023,0.08185630586002157,0.1443796852040047,88.28125,0.14390595971085648,0.08185630586002157,0.08185630586002157,0.14548504468801726,0.1443796852040047,0.1443796852040047,0
162,16,0.27411404252052307,0.29846067516835023,0.0,0.21521995461844196,87.72727272727273,0.2731713637406314,-0.08509394632473075,0.0,0.08,0.21521995461844196,0.21521995461844196,0
162,11,0.7321900725364685,0.29846067516835023,0.7,0.6399999999999997,67.578125,0.6399999999999997,0.8974019396680349,0.7,0.6399999999999999,0.6399999999999997,0.6399999999999997,0
162,8,1.0924620628356934,0.29846067516835023,0.7,0.6399999999999997,52.34375,0.6399999999999997,1.2975509942475911,0.7,0.6399999999999999,0.6399999999999997,0.6399999999999997,0
162,1,0.17716820538043976,0.29846067516835023,0.0,0.2251237765010448,87.5,0.2873196807157783,-0.5215385655398873,0.0,0.08,0.2251237765010448,0.2251237765010448,0
162,17,0.06533775478601456,0.29846067516835023,0.0,0.07999999999999996,96.875,0.07999999999999996,-1.519068019560139,0.0,0.08,0.07999999999999996,0.07999999999999996,0
162,13,0.6902056336402893,0.29846067516835023,0.7,0.5840239572963856,76.08695652173913,0.5600342247091222,0.8383513712695326,0.7,0.6399999999999999,0.5840239572963856,0.5840239572963856,0
162,6,0.21917425096035004,0.29846067516835023,0.0,0.07999999999999996,91.796875,0.07999999999999996,-0.3087710906265292,0.0,0.08,0.07999999999999996,0.07999999999999996,0
162,12,0.2626633942127228,0.29846067516835023,0.0,0.1512578813070722,88.28125,0.18179697329581745,-0.12776483557697757,0.0,0.08,0.1512578813070722,0.1512578813070722,0
162,14,0.246316596865654,0.29846067516835023,0.0,0.08663975152522851,90.9090909090909,0.08948535932175503,-0.19202048796825513,0.0,0.08,0.08663975152522851,0.08663975152522851,0
162,9,0.23764918744564056,0.29846067516835023,0.0,0.07999999999999996,94.921875,0.07999999999999996,-0.2278425901687376,0.0,0.08,0.07999999999999996,0.07999999999999996,0
162,19,0.2106124311685562,0.29846067516835023,0.0,0.08105662742488152,92.1875,0.08150946774983076,-0.34861854335021375,0.0,0.08,0.08105662742488152,0.08105662742488152,0
162,18,0.1550256311893463,0.29846067516835023,0.0,0.07999999999999996,95.703125,0.07999999999999996,-0.6550476859139276,0.0,0.08,0.07999999999999996,0.07999999999999996,0
162,3,0.4114105999469757,0.29846067516835023,0.3209535505631593,0.25832163545269027,88.71794871794872,0.2247039761679029,0.3209535505631593,0.3209535505631593,0.33676284045052746,0.25832163545269027,0.25832163545269027,0
162,15,0.8326241374015808,0.29846067516835023,0.7,0.6172481210175474,71.42857142857143,0.6074973157393535,1.025944120564653,0.7,0.6399999999999999,0.6172481210175474,0.6172481210175474,0
162,7,0.7152499556541443,0.29846067516835023,0.7,0.6399997949231362,68.75,0.6399997070330518,0.8739938677311737,0.7,0.6399999999999999,0.6399997949231362,0.6399997949231362,0
162,4,0.2730666697025299,0.29846067516835023,0.0,0.14648490412152518,89.90825688073394,0.1749784344593217,-0.08892220282378362,0.0,0.08,0.14648490412152518,0.14648490412152518,0
162,0,0.3067403733730316,0.29846067516835023,0.02736351687275804,0.12504827787411404,100.0,0.13497290546378876,0.02736351687275804,0.02736351687275804,0.10189081349820643,0.12504827787411404,0.12504827787411404,0
162,2,0.22928649187088013,0.29846067516835023,0.0,0.0820321298031981,93.84615384615384,0.08290304257599729,-0.2636658947258905,0.0,0.08,0.0820321298031981,0.0820321298031981,0
163,0,0.11759302765130997,0.29578608532695316,0.0,0.11153379451187984,100.0,0.12504827787411404,-0.9224067120969652,0.0,0.08,0.11153379451187984,0.11153379451187984,0
163,6,0.13336564600467682,0.29578608532695316,0.0,0.07999999999999996,94.53125,0.07999999999999996,-0.7965418930676038,0.0,0.08,0.07999999999999996,0.07999999999999996,0
163,2,0.12297559529542923,0.29578608532695316,0.0,0.08142249086223867,95.38461538461539,0.0820321298031981,-0.8776505373927956,0.0,0.08,0.08142249086223867,0.08142249086223867,0
163,8,1.1914693117141724,0.29578608532695316,0.7,0.6399999999999997,58.203125,0.6399999999999997,1.3933060064266132,0.7,0.6399999999999999,0.6399999999999997,0.6399999999999997,0
163,11,0.9735763072967529,0.29578608532695316,0.7,0.6399999999999997,62.5,0.6399999999999997,1.191339674333818,0.7,0.6399999999999999,0.6399999999999997,0.6399999999999997,0
163,16,0.35543209314346313,0.29578608532695316,0.18369769908770853,0.2187414160139594,89.0909090909091,0.21521995461844196,0.18369769908770853,0.18369769908770853,0.22695815927016683,0.2187414160139594,0.2187414160139594,0
163,7,0.6873636245727539,0.29578608532695316,0.7,0.6399998564461953,71.875,0.6399997949231362,0.8432269179908992,0.7,0.6399999999999999,0.6399998564461953,0.6399998564461953,0
163,3,0.42031192779541016,0.29578608532695316,0.35136060247867235,0.28915168941176456,91.28205128205128,0.25832163545269027,0.35136060247867235,0.35136060247867235,0.3610884819829379,0.28915168941176456,0.28915168941176456,0
163,10,0.2059195637702942,0.29578608532695316,0.0,0.08000000006192279,95.703125,0.08000000008846114,-0.3621508681979678,0.0,0.08,0.08000000006192279,0.08000000006192279,0
163,5,0.24117088317871094,0.29578608532695316,0.0,0.1250657796428033,94.140625,0.1443796852040047,-0.20413075963915608,0.0,0.08,0.1250657796428033,0.1250657796428033,0
163,4,0.31840452551841736,0.29578608532695316,0.07368615642385694,0.14422411042679328,88.9908256880734,0.14648490412152518,0.07368615642385694,0.07368615642385694,0.13894892513908555,0.14422411042679328,0.14422411042679328,0
163,17,0.12219798564910889,0.29578608532695316,0.0,0.07999999999999996,94.921875,0.07999999999999996,-0.8839938977773713,0.0,0.08,0.07999999999999996,0.07999999999999996,0
163,14,0.19242383539676666,0.29578608532695316,0.0,0.08464782606765996,88.88888888888889,0.08663975152522851,-0.4299360750378286,0.0,0.08,0.08464782606765996,0.08464782606765996,0
163,18,0.1877882033586502,0.29578608532695316,0.0,0.07999999999999996,94.140625,0.07999999999999996,-0.45432173902752615,0.0,0.08,0.07999999999999996,0.07999999999999996,0
163,12,0.3265392482280731,0.29578608532695316,0.09891363892065758,0.15361979025590836,87.890625,0.1512578813070722,0.09891363892065758,0.09891363892065758,0.15913091113652605,0.15361979025590836,0.15361979025590836,0
163,1,0.48108339309692383,0.29578608532695316,0.4864041081228854,0.29832362950022384,95.83333333333333,0.2251237765010448,0.4864041081228854,0.4864041081228854,0.46912328649830837,0.29832362950022384,0.29832362950022384,0
163,9,0.2251686006784439,0.29578608532695316,0.0,0.07999999999999996,94.921875,0.07999999999999996,-0.2727870398116476,0.0,0.08,0.07999999999999996,0.07999999999999996,0
163,15,0.9416723251342773,0.29578608532695316,0.7,0.6240736847122832,57.142857142857146,0.6172481210175474,1.1580208323423724,0.7,0.6399999999999999,0.6240736847122832,0.6240736847122832,0
163,13,0.5778729915618896,0.29578608532695316,0.669717581885573,0.5935489897600074,82.6086956521739,0.5840239572963856,0.669717581885573,0.669717581885573,0.6157740655084584,0.5935489897600074,0.5935489897600074,0
163,19,0.3227566182613373,0.29578608532695316,0.08726202418062141,0.1016825250007662,92.1875,0.08105662742488152,0.08726202418062141,0.08726202418062141,0.14980961934449713,0.1016825250007662,0.1016825250007662,0
164,17,0.13499876856803894,0.2982655339832456,0.0,0.07999999999999996,97.265625,0.07999999999999996,-0.792718446161663,0.0,0.08,0.07999999999999996,0.07999999999999996,0
164,14,0.2732234001159668,0.2982655339832456,0.0,0.08325347824736196,93.93939393939394,0.08464782606765996,-0.08769436432439441,0.0,0.08,0.08325347824736196,0.08325347824736196,0
164,9,0.1861921101808548,0.2982655339832456,0.0,0.07999999999999996,94.140625,0.07999999999999996,-0.4712051320821545,0.0,0.08,0.07999999999999996,0.07999999999999996,0
164,13,0.812900960445404,0.2982655339832456,0.7,0.6074842928320051,73.91304347826087,0.5935489897600074,1.002625117643431,0.7,0.6399999999999999,0.6074842928320051,0.6074842928320051,0
164,5,0.2889907956123352,0.2982655339832456,0.0,0.1115460457499623,92.1875,0.1250657796428033,-0.03158930379885532,0.0,0.08,0.1115460457499623,0.1115460457499623,0
164,16,0.3306245505809784,0.2982655339832456,0.10299929664103237,0.20183882240361933,92.72727272727273,0.2187414160139594,0.10299929664103237,0.10299929664103237,0.1623994373128259,0.20183882240361933,0.20183882240361933,0
164,15,1.173619270324707,0.2982655339832456,0.7,0.6288515792985981,71.42857142857143,0.6240736847122832,1.3698634781400238,0.7,0.6399999999999999,0.6288515792985981,0.6288515792985981,0
164,19,0.28651779890060425,0.2982655339832456,0.0,0.09517776750053633,90.234375,0.1016825250007662,-0.04018348248054472,0.0,0.08,0.09517776750053633,0.09517776750053633,0
164,1,0.1035551056265831,0.2982655339832456,0.0,0.23282654065015668,87.5,0.29832362950022384,-1.0578801878158086,0.0,0.08,0.23282654065015668,0.23282654065015668,0
164,2,0.18039166927337646,0.2982655339832456,0.0,0.08099574360356707,92.3076923076923,0.08142249086223867,-0.5028536941119878,0.0,0.08,0.08099574360356707,0.08099574360356707,0
164,0,1.0976227521896362,0.2982655339832456,0.7,0.27007365615831586,100.0,0.11153379451187984,1.3029178179881167,0.7,0.6399999999999999,0.27007365615831586,0.27007365615831586,0
164,10,0.22937676310539246,0.2982655339832456,0.0,0.08000000004334595,94.140625,0.08000000006192279,-0.26261822797629997,0.0,0.08,0.08000000004334595,0.08000000004334595,0
164,12,0.38050591945648193,0.2982655339832456,0.24351758359378317,0.1899780732416438,88.28125,0.15361979025590836,0.24351758359378317,0.24351758359378317,0.2748140668750266,0.1899780732416438,0.1899780732416438,0
164,8,0.9643023014068604,0.2982655339832456,0.7,0.6399999999999997,55.859375,0.6399999999999997,1.173420669577471,0.7,0.6399999999999999,0.6399999999999997,0.6399999999999997,0
164,11,1.0666131973266602,0.2982655339832456,0.7,0.6399999999999997,54.6875,0.6399999999999997,1.2742595038174904,0.7,0.6399999999999999,0.6399999999999997,0.6399999999999997,0
164,18,0.21321578323841095,0.2982655339832456,0.0,0.07999999999999996,90.625,0.07999999999999996,-0.335679410263649,0.0,0.08,0.07999999999999996,0.07999999999999996,0
164,7,0.6029942035675049,0.2982655339832456,0.7,0.6399998995123366,76.5625,0.6399998564461953,0.7039234236923472,0.7,0.6399999999999999,0.6399998995123366,0.6399998995123366,0
164,3,0.4221174120903015,0.2982655339832456,0.3472993498150834,0.3097580265438552,91.7948717948718,0.28915168941176456,0.3472993498150834,0.3472993498150834,0.35783947985206677,0.3097580265438552,0.3097580265438552,0
164,6,0.15715408325195312,0.2982655339832456,0.0,0.07999999999999996,93.75,0.07999999999999996,-0.6407573672276115,0.0,0.08,0.07999999999999996,0.07999999999999996,0
164,4,0.2790331244468689,0.2982655339832456,0.0,0.12495687729875529,86.23853211009174,0.14422411042679328,-0.06665364068691292,0.0,0.08,0.12495687729875529,0.12495687729875529,0
165,16,0.2749738097190857,0.297214410310568,0.0,0.1652871756825335,89.54545454545455,0.20183882240361933,-0.07777794011381751,0.0,0.08,0.1652871756825335,0.1652871756825335,0
165,15,0.7796181440353394,0.297214410310568,0.7,0.6321961055090186,71.42857142857143,0.6288515792985981,0.9643504214813029,0.7,0.6399999999999999,0.6321961055090186,0.6321961055090186,0
165,0,0.7178862690925598,0.297214410310568,0.7,0.3810515593108211,83.33333333333333,0.27007365615831586,0.8818573386119544,0.7,0.6399999999999999,0.3810515593108211,0.3810515593108211,0
165,14,0.21021237969398499,0.297214410310568,0.0,0.08227743477315336,91.91919191919192,0.08325347824736196,-0.3463354331140022,0.0,0.08,0.08227743477315336,0.08227743477315336,0
165,9,0.18142223358154297,0.297214410310568,0.0,0.07999999999999996,94.140625,0.07999999999999996,-0.49362668033490903,0.0,0.08,0.07999999999999996,0.07999999999999996,0
165,5,0.2448248416185379,0.297214410310568,0.0,0.1020822320249736,89.453125,0.1115460457499623,-0.19391076869183188,0.0,0.08,0.1020822320249736,0.1020822320249736,0
165,19,0.37321576476097107,0.297214410310568,0.22770290477297836,0.14527313439589024,89.84375,0.09517776750053633,0.22770290477297836,0.22770290477297836,0.2621623238183827,0.14527313439589024,0.14527313439589024,0
165,6,0.19850224256515503,0.297214410310568,0.0,0.07999999999999996,92.1875,0.07999999999999996,-0.4036533842288298,0.0,0.08,0.07999999999999996,0.07999999999999996,0
165,8,0.9773393273353577,0.297214410310568,0.7,0.6399999999999997,51.953125,0.6399999999999997,1.1903800853415871,0.7,0.6399999999999999,0.6399999999999997,0.6399999999999997,0
165,3,0.36681750416755676,0.297214410310568,0.21041065556381663,0.2913291759160146,89.74358974358974,0.3097580265438552,0.21041065556381663,0.21041065556381663,0.2483285244510533,0.2913291759160146,0.2913291759160146,0
165,18,0.14199119806289673,0.297214410310568,0.0,0.07999999999999996,93.359375,0.07999999999999996,-0.7386886915925555,0.0,0.08,0.07999999999999996,0.07999999999999996,0
165,12,0.38112860918045044,0.297214410310568,0.24868306908214088,0.21666858784886445,87.890625,0.1899780732416438,0.24868306908214088,0.24868306908214088,0.2789464552657127,0.21666858784886445,0.21666858784886445,0
165,2,0.1760239154100418,0.297214410310568,0.0,0.08069702052249694,93.84615384615384,0.08099574360356707,-0.5238339065980241,0.0,0.08,0.08069702052249694,0.08069702052249694,0
165,17,0.18559890985488892,0.297214410310568,0.0,0.07999999999999996,96.484375,0.07999999999999996,-0.47086583163917767,0.0,0.08,0.07999999999999996,0.07999999999999996,0
165,10,0.20451875030994415,0.297214410310568,0.0,0.08000000003034216,92.1875,0.08000000004334595,-0.3737941234948045,0.0,0.08,0.08000000003034216,0.08000000003034216,0
165,7,0.760109007358551,0.297214410310568,0.7,0.6399999296586356,70.3125,0.6399998995123366,0.9390080346591383,0.7,0.6399999999999999,0.6399999296586356,0.6399999296586356,0
165,4,0.3023649752140045,0.297214410310568,0.01718101573803473,0.11559325788625703,92.66055045871559,0.12495687729875529,0.01718101573803473,0.01718101573803473,0.09374481259042779,0.11559325788625703,0.11559325788625703,0
165,11,0.9430763125419617,0.297214410310568,0.7,0.6399999999999997,62.109375,0.6399999999999997,1.1546933830189001,0.7,0.6399999999999999,0.6399999999999997,0.6399999999999997,0
165,1,0.297478049993515,0.297214410310568,0.0008866421182375781,0.18719137256348667,91.66666666666667,0.23282654065015668,0.0008866421182375781,0.0008866421182375781,0.08070931369459007,0.18719137256348667,0.18719137256348667,0
165,13,0.7456620931625366,0.297214410310568,0.7,0.6172390049824036,78.26086956521739,0.6074842928320051,0.9198187205439549,0.7,0.6399999999999999,0.6172390049824036,0.6172390049824036,0
166,12,0.408706933259964,0.2974851205398872,0.31763413671472407,0.2519002043057389,87.5,0.21666858784886445,0.31763413671472407,0.31763413671472407,0.3341073093717793,0.2519002043057389,0.2519002043057389,0
166,6,0.2710864245891571,0.2974851205398872,0.0,0.07999999999999996,93.75,0.07999999999999996,-0.09292652550760985,0.0,0.08,0.07999999999999996,0.07999999999999996,0
166,2,0.25656670331954956,0.2974851205398872,0.0,0.08048791436574786,96.92307692307692,0.08069702052249694,-0.14797552065057407,0.0,0.08,0.08048791436574786,0.08048791436574786,0
166,16,0.35784822702407837,0.2974851205398872,0.18474473523647142,0.18403975943452658,88.18181818181819,0.1652871756825335,0.18474473523647142,0.18474473523647142,0.22779578818917712,0.18403975943452658,0.18403975943452658,0
166,15,0.8258199095726013,0.2974851205398872,0.7,0.634537273856313,64.28571428571429,0.6321961055090186,1.0210124923489234,0.7,0.6399999999999999,0.634537273856313,0.634537273856313,0
166,0,0.02445906586945057,0.2974851205398872,0.0,0.29073609151757474,83.33333333333333,0.3810515593108211,-2.4983628941107625,0.0,0.08,0.29073609151757474,0.29073609151757474,0
166,10,0.22149881720542908,0.2974851205398872,0.0,0.08000000002123951,94.140625,0.08000000003034216,-0.29494694767048624,0.0,0.08,0.08000000002123951,0.08000000002123951,0
166,19,0.2371503859758377,0.2974851205398872,0.0,0.12569119407712315,92.96875,0.14527313439589024,-0.22666972030851065,0.0,0.08,0.12569119407712315,0.12569119407712315,0
166,17,0.12290279567241669,0.2974851205398872,0.0,0.07999999999999996,96.484375,0.07999999999999996,-0.8839703971416932,0.0,0.08,0.07999999999999996,0.07999999999999996,0
166,7,0.7512862682342529,0.2974851205398872,0.7,0.6399999507610449,70.703125,0.6399999296586356,0.9264225328202715,0.7,0.6399999999999999,0.6399999507610449,0.6399999507610449,0
166,13,0.5330835580825806,0.2974851205398872,0.5833139576652551,0.5960626533273437,73.91304347826087,0.6172390049824036,0.5833139576652551,0.5833139576652551,0.5466511661322041,0.5960626533273437,0.5960626533273437,0
166,11,0.8922973275184631,0.2974851205398872,0.7,0.6399999999999997,58.984375,0.6399999999999997,1.0984351727023727,0.7,0.6399999999999999,0.6399999999999997,0.6399999999999997,0
166,14,0.2893894910812378,0.2974851205398872,0.0,0.08159420434120734,91.91919191919192,0.08227743477315336,-0.02759070704527585,0.0,0.08,0.08159420434120734,0.08159420434120734,0
166,18,0.16407808661460876,0.2974851205398872,0.0,0.07999999999999996,94.921875,0.07999999999999996,-0.5950217290109786,0.0,0.08,0.07999999999999996,0.07999999999999996,0
166,9,0.2110154926776886,0.2974851205398872,0.0,0.07999999999999996,95.3125,0.07999999999999996,-0.3434326391748347,0.0,0.08,0.07999999999999996,0.07999999999999996,0
166,5,0.2595817446708679,0.2974851205398872,0.0,0.09545756241748152,91.796875,0.1020822320249736,-0.13629254246772893,0.0,0.08,0.09545756241748152,0.09545756241748152,0
166,3,0.3470589220523834,0.2974851205398872,0.15413035617281068,0.26492170862268477,89.74358974358974,0.2913291759160146,0.15413035617281068,0.15413035617281068,0.20330428493824854,0.26492170862268477,0.26492170862268477,0
166,8,0.9829900860786438,0.2974851205398872,0.7,0.6399999999999997,57.03125,0.6399999999999997,1.1952348025386164,0.7,0.6399999999999999,0.6399999999999997,0.6399999999999997,0
166,4,0.3568176031112671,0.2974851205398872,0.18186052123052876,0.1485618056157068,92.66055045871559,0.11559325788625703,0.18186052123052876,0.18186052123052876,0.225488416984423,0.1485618056157068,0.1485618056157068,0
166,1,0.06847705692052841,0.2974851205398872,0.0,0.15503396079444065,95.83333333333333,0.18719137256348667,-1.4688653426257106,0.0,0.08,0.15503396079444065,0.15503396079444065,0
167,7,0.6530747413635254,0.2957604042694182,0.7,0.6399999655327313,71.875,0.6399999507610449,0.7921418811601846,0.7,0.6399999999999999,0.6399999655327313,0.6399999655327313,0
167,1,0.1331149935722351,0.2957604042694182,0.0,0.13252377255610845,87.5,0.15503396079444065,-0.798336272214886,0.0,0.08,0.13252377255610845,0.13252377255610845,0
167,4,0.44861021637916565,0.2957604042694182,0.41660470271291183,0.22797839258209363,88.9908256880734,0.1485618056157068,0.41660470271291183,0.41660470271291183,0.4132837621703295,0.22797839258209363,0.22797839258209363,0
167,0,0.8640139698982239,0.2957604042694182,0.7,0.3955152640623023,100.0,0.29073609151757474,1.072039233788974,0.7,0.6399999999999999,0.3955152640623023,0.3955152640623023,0
167,6,0.2011454701423645,0.2957604042694182,0.0,0.07999999999999996,89.84375,0.07999999999999996,-0.38552128726378565,0.0,0.08,0.07999999999999996,0.07999999999999996,0
167,11,1.0903661251068115,0.2957604042694182,0.7,0.6399999999999997,55.46875,0.6399999999999997,1.304719107265927,0.7,0.6399999999999999,0.6399999999999997,0.6399999999999997,0
167,15,0.5106044411659241,0.2957604042694182,0.5460455069678626,0.5992270133717061,28.571428571428573,0.634537273856313,0.5460455069678626,0.5460455069678626,0.5168364055742901,0.5992270133717061,0.5992270133717061,0
167,19,0.24739959836006165,0.2957604042694182,0.0,0.11198383585398619,92.578125,0.12569119407712315,-0.17854483838799906,0.0,0.08,0.11198383585398619,0.11198383585398619,0
167,12,0.3775829076766968,0.2957604042694182,0.24424047872241972,0.25894785790739794,88.28125,0.2519002043057389,0.24424047872241972,0.24424047872241972,0.2753923829779358,0.25894785790739794,0.25894785790739794,0
167,18,0.19064860045909882,0.2957604042694182,0.0,0.07999999999999996,96.09375,0.07999999999999996,-0.4391177174839577,0.0,0.08,0.07999999999999996,0.07999999999999996,0
167,17,0.089616559445858,0.2957604042694182,0.0,0.07999999999999996,95.703125,0.07999999999999996,-1.1940094855868228,0.0,0.08,0.07999999999999996,0.07999999999999996,0
167,5,0.34761038422584534,0.2957604042694182,0.16153258045836588,0.12958811300224488,92.578125,0.09545756241748152,0.16153258045836588,0.16153258045836588,0.20922606436669272,0.12958811300224488,0.12958811300224488,0
167,10,0.20489639043807983,0.2957604042694182,0.0,0.08000000001486765,95.3125,0.08000000002123951,-0.367045227639496,0.0,0.08,0.08000000001486765,0.08000000001486765,0
167,3,0.3980923891067505,0.2957604042694182,0.29713442157754505,0.28075745721449014,84.61538461538461,0.26492170862268477,0.29713442157754505,0.29713442157754505,0.31770753726203604,0.28075745721449014,0.28075745721449014,0
167,8,0.9995837211608887,0.2957604042694182,0.7,0.6399999999999997,55.46875,0.6399999999999997,1.2177892081571624,0.7,0.6399999999999999,0.6399999999999997,0.6399999999999997,0
167,14,0.1732776165008545,0.2957604042694182,0.0,0.08111594303884515,90.9090909090909,0.08159420434120734,-0.5346546296419797,0.0,0.08,0.08111594303884515,0.08111594303884515,0
167,9,0.18453973531723022,0.2957604042694182,0.0,0.07999999999999996,95.3125,0.07999999999999996,-0.47168485326769016,0.0,0.08,0.07999999999999996,0.07999999999999996,0
167,13,0.6427294611930847,0.2957604042694182,0.7,0.6092438573291405,76.08695652173913,0.5960626533273437,0.776174191291182,0.7,0.6399999999999999,0.6092438573291405,0.6092438573291405,0
167,16,0.39734116196632385,0.2957604042694182,0.29524557154381387,0.22368676877468396,88.63636363636364,0.18403975943452658,0.29524557154381387,0.29524557154381387,0.31619645723505113,0.22368676877468396,0.22368676877468396,0
167,2,0.12799301743507385,0.2957604042694182,0.0,0.0803415400560235,86.15384615384616,0.08048791436574786,-0.8375739260495241,0.0,0.08,0.0803415400560235,0.0803415400560235,0
168,0,0.03571407124400139,0.3024440284376035,0.0,0.3008606848436116,100.0,0.3955152640623023,-2.136351219833791,0.0,0.08,0.3008606848436116,0.3008606848436116,0
168,14,0.24364839494228363,0.3024440284376035,0.0,0.0807811601271916,92.92929292929293,0.08111594303884515,-0.21617004070056509,0.0,0.08,0.0807811601271916,0.0807811601271916,0
168,7,0.6607277989387512,0.3024440284376035,0.7,0.6399999758729119,75.0,0.6399999655327313,0.7814457048083546,0.7,0.6399999999999999,0.6399999758729119,0.6399999758729119,0
168,12,0.3911932408809662,0.3024440284376035,0.2573054222061958,0.26701680186466553,85.15625,0.25894785790739794,0.2573054222061958,0.2573054222061958,0.28584433776495666,0.26701680186466553,0.26701680186466553,0
168,13,0.8989890813827515,0.3024440284376035,0.7,0.6184707001303983,73.91304347826087,0.6092438573291405,1.0893746367733854,0.7,0.6399999999999999,0.6184707001303983,0.6184707001303983,0
168,4,0.24058061838150024,0.3024440284376035,0.0,0.18358487480746552,90.8256880733945,0.22797839258209363,-0.22884097694980612,0.0,0.08,0.18358487480746552,0.18358487480746552,0
168,15,1.4828141927719116,0.3024440284376035,0.7,0.6114589093601942,71.42857142857143,0.5992270133717061,1.589800786120643,0.7,0.6399999999999999,0.6114589093601942,0.6114589093601942,0
168,10,0.19995611906051636,0.3024440284376035,0.0,0.08000000001040736,92.96875,0.08000000001486765,-0.4137982756675164,0.0,0.08,0.08000000001040736,0.08000000001040736,0
168,19,0.2506473958492279,0.3024440284376035,0.0,0.10238868509779034,90.625,0.11198383585398619,-0.18784906949430477,0.0,0.08,0.10238868509779034,0.10238868509779034,0
168,17,0.17176011204719543,0.3024440284376035,0.0,0.07999999999999996,97.65625,0.07999999999999996,-0.5657973993178932,0.0,0.08,0.07999999999999996,0.07999999999999996,0
168,5,0.38044992089271545,0.3024440284376035,0.22945831751997306,0.16978167530636495,90.234375,0.12958811300224488,0.22945831751997306,0.22945831751997306,0.26356665401597845,0.16978167530636495,0.16978167530636495,0
168,8,1.0797338485717773,0.3024440284376035,0.7,0.6399999999999997,57.421875,0.6399999999999997,1.272573599045353,0.7,0.6399999999999999,0.6399999999999997,0.6399999999999997,0
168,11,1.0885663032531738,0.3024440284376035,0.7,0.6399999999999997,62.109375,0.6399999999999997,1.2807205370467056,0.7,0.6399999999999999,0.6399999999999997,0.6399999999999997,0
168,1,0.4033024311065674,0.3024440284376035,0.287790491235196,0.18583635868572296,91.66666666666667,0.13252377255610845,0.287790491235196,0.287790491235196,0.3102323929881568,0.18583635868572296,0.18583635868572296,0
168,3,0.412033349275589,0.3024440284376035,0.3092080517308372,0.294740152465544,88.2051282051282,0.28075745721449014,0.3092080517308372,0.3092080517308372,0.3273664413846698,0.294740152465544,0.294740152465544,0
168,16,0.39649251103401184,0.3024440284376035,0.2707609149791212,0.24556335773726784,84.54545454545455,0.22368676877468396,0.2707609149791212,0.2707609149791212,0.29660873198329696,0.24556335773726784,0.24556335773726784,0
168,2,0.227251335978508,0.3024440284376035,0.0,0.08023907803921644,90.76923076923077,0.0803415400560235,-0.28583960751860166,0.0,0.08,0.08023907803921644,0.08023907803921644,0
168,6,0.18732981383800507,0.3024440284376035,0.0,0.07999999999999996,93.75,0.07999999999999996,-0.479025436367103,0.0,0.08,0.07999999999999996,0.07999999999999996,0
168,9,0.20126616954803467,0.3024440284376035,0.0,0.07999999999999996,92.96875,0.07999999999999996,-0.40726795511949077,0.0,0.08,0.07999999999999996,0.07999999999999996,0
168,18,0.19861271977424622,0.3024440284376035,0.0,0.07999999999999996,92.96875,0.07999999999999996,-0.4205394163453528,0.0,0.08,0.07999999999999996,0.07999999999999996,0
169,1,0.28018537163734436,0.3037544914309403,0.0,0.15408545108000607,95.83333333333333,0.18583635868572296,-0.08076835270166814,0.0,0.08,0.15408545108000607,0.15408545108000607,0
169,13,0.7821263074874878,0.3037544914309403,0.7,0.6249294900912787,78.26086956521739,0.6184707001303983,0.9457964447437767,0.7,0.6399999999999999,0.6249294900912787,0.6249294900912787,0
169,6,0.24132302403450012,0.3037544914309403,0.0,0.07999999999999996,94.140625,0.07999999999999996,-0.23008338791637084,0.0,0.08,0.07999999999999996,0.07999999999999996,0
169,4,0.23195509612560272,0.3037544914309403,0.0,0.15250941236522586,83.4862385321101,0.18358487480746552,-0.26967596920877224,0.0,0.08,0.15250941236522586,0.15250941236522586,0
169,18,0.19032037258148193,0.3037544914309403,0.0,0.07999999999999996,92.1875,0.07999999999999996,-0.4675109378768527,0.0,0.08,0.07999999999999996,0.07999999999999996,0
169,16,0.24143974483013153,0.3037544914309403,0.0,0.19589435041608746,90.0,0.24556335773726784,-0.22959983450008437,0.0,0.08,0.19589435041608746,0.19589435041608746,0
169,12,0.2935281991958618,0.3037544914309403,0.0,0.21091176130526584,87.890625,0.26701680186466553,-0.03424606631764936,0.0,0.08,0.21091176130526584,0.21091176130526584,0
169,15,0.8433443903923035,0.3037544914309403,0.7,0.6200212365521359,64.28571428571429,0.6114589093601942,1.0211556018914973,0.7,0.6399999999999999,0.6200212365521359,0.6200212365521359,0
169,8,1.264504075050354,0.3037544914309403,0.7,0.6399999999999997,54.6875,0.6399999999999997,1.4262154825998428,0.7,0.6399999999999999,0.6399999999999997,0.6399999999999997,0
169,0,0.1750839203596115,0.3037544914309403,0.0,0.2346024793905281,100.0,0.3008606848436116,-0.5509543530645489,0.0,0.08,0.2346024793905281,0.2346024793905281,0
169,11,0.9738710522651672,0.3037544914309403,0.7,0.6399999999999997,60.9375,0.6399999999999997,1.1650591012043512,0.7,0.6399999999999999,0.6399999999999997,0.6399999999999997,0
169,14,0.2142307013273239,0.3037544914309403,0.0,0.08054681208903411,92.92929292929293,0.0807811601271916,-0.34916628945625056,0.0,0.08,0.08054681208903411,0.08054681208903411,0
169,19,0.22960728406906128,0.3037544914309403,0.0,0.09567207956845322,93.359375,0.10238868509779034,-0.2798493815364067,0.0,0.08,0.09567207956845322,0.09567207956845322,0
169,2,0.3790031671524048,0.3037544914309403,0.22132477396448522,0.13328530037892797,93.84615384615384,0.08023907803921644,0.22132477396448522,0.22132477396448522,0.2570598191715882,0.13328530037892797,0.13328530037892797,0
169,10,0.16153404116630554,0.3037544914309403,0.0,0.08000000000728515,94.140625,0.08000000001040736,-0.6315038504972394,0.0,0.08,0.08000000000728515,0.08000000000728515,0
169,3,0.46147066354751587,0.3037544914309403,0.41819869191055425,0.33068579278441385,87.6923076923077,0.294740152465544,0.41819869191055425,0.41819869191055425,0.41455895352844346,0.33068579278441385,0.33068579278441385,0
169,9,0.21037031710147858,0.3037544914309403,0.0,0.07999999999999996,96.09375,0.07999999999999996,-0.367350374039424,0.0,0.08,0.07999999999999996,0.07999999999999996,0
169,7,0.7768517136573792,0.3037544914309403,0.7,0.6399999831110382,69.140625,0.6399999758729119,0.93902968624247,0.7,0.6399999999999999,0.6399999831110382,0.6399999831110382,0
169,5,0.29539111256599426,0.3037544914309403,0.0,0.14284717271445546,91.40625,0.16978167530636495,-0.02791949667279694,0.0,0.08,0.14284717271445546,0.14284717271445546,0
169,17,0.09074658900499344,0.3037544914309403,0.0,0.07999999999999996,96.484375,0.07999999999999996,-1.20814881815698,0.0,0.08,0.07999999999999996,0.07999999999999996,0
170,7,0.6605241298675537,0.29946029811122005,0.7,0.6399999881777267,70.703125,0.6399999831110382,0.7910517895651983,0.7,0.6399999999999999,0.6399999881777267,0.6399999881777267,0
170,11,1.0139174461364746,0.29946029811122005,0.7,0.6399999999999997,53.515625,0.6399999999999997,1.2195948950345215,0.7,0.6399999999999999,0.6399999999999997,0.6399999999999997,0
170,10,0.19225290417671204,0.29946029811122005,0.0,0.0800000000050996,95.703125,0.08000000000728515,-0.4431701150611942,0.0,0.08,0.0800000000050996,0.0800000000050996,0
170,0,0.6159494519233704,0.29946029811122005,0.7,0.35622173557336967,100.0,0.2346024793905281,0.7211830362372279,0.7,0.6399999999999999,0.35622173557336967,0.35622173557336967,0
170,8,1.005892038345337,0.29946029811122005,0.7,0.6399999999999997,53.90625,0.6399999999999997,1.211648155495529,0.7,0.6399999999999999,0.6399999999999997,0.6399999999999997,0
170,16,0.3500308692455292,0.29946029811122005,0.156039495409091,0.19857552418944305,90.45454545454545,0.19589435041608746,0.156039495409091,0.156039495409091,0.20483159632727282,0.19857552418944305,0.19857552418944305,0
170,17,0.08498518913984299,0.29946029811122005,0.0,0.07999999999999996,94.53125,0.07999999999999996,-1.2595047680366809,0.0,0.08,0.07999999999999996,0.07999999999999996,0
170,13,0.5837580561637878,0.29946029811122005,0.6675047451286623,0.621651781894774,76.08695652173913,0.6249294900912787,0.6675047451286623,0.6675047451286623,0.6140037961029299,0.621651781894774,0.621651781894774,0
170,18,0.13944725692272186,0.29946029811122005,0.0,0.07999999999999996,93.359375,0.07999999999999996,-0.7642953666935465,0.0,0.08,0.07999999999999996,0.07999999999999996,0
170,9,0.1950620859861374,0.29946029811122005,0.0,0.07999999999999996,93.359375,0.07999999999999996,-0.4286639327717068,0.0,0.08,0.07999999999999996,0.07999999999999996,0
170,5,0.274339884519577,0.29946029811122005,0.0,0.12399302090011882,92.578125,0.14284717271445546,-0.08761405303620319,0.0,0.08,0.12399302090011882,0.12399302090011882,0
170,6,0.20394502580165863,0.29946029811122005,0.0,0.07999999999999996,93.359375,0.07999999999999996,-0.38413135640245405,0.0,0.08,0.07999999999999996,0.07999999999999996,0
170,1,0.4013756513595581,0.29946029811122005,0.29291591854468263,0.20215963620672808,100.0,0.15408545108000607,0.29291591854468263,0.29291591854468263,0.31433273483574614,0.20215963620672808,0.20215963620672808,0
170,15,1.0726420879364014,0.29946029811122005,0.7,0.6260148655864951,71.42857142857143,0.6200212365521359,1.2758982526757976,0.7,0.6399999999999999,0.6260148655864951,0.6260148655864951,0
170,14,0.183042973279953,0.29946029811122005,0.0,0.08038276846232387,94.94949494949495,0.08054681208903411,-0.49226087502610155,0.0,0.08,0.08038276846232387,0.08038276846232387,0
170,19,0.30100470781326294,0.29946029811122005,0.005144056825814156,0.09220502933611265,92.1875,0.09567207956845322,0.005144056825814156,0.005144056825814156,0.08411524546065133,0.09220502933611265,0.09220502933611265,0
170,3,0.3295757472515106,0.29946029811122005,0.0958243617036052,0.27847790175795495,93.84615384615384,0.33068579278441385,0.0958243617036052,0.0958243617036052,0.15665948936288415,0.27847790175795495,0.27847790175795495,0
170,12,0.33189213275909424,0.29946029811122005,0.10282816332841385,0.19631699211250542,90.234375,0.21091176130526584,0.10282816332841385,0.10282816332841385,0.1622625306627311,0.19631699211250542,0.19631699211250542,0
170,4,0.3392413556575775,0.29946029811122005,0.12472996552537143,0.16069178038174725,88.9908256880734,0.15250941236522586,0.12472996552537143,0.12472996552537143,0.17978397242029714,0.16069178038174725,0.16069178038174725,0
170,2,0.1756831407546997,0.29946029811122005,0.0,0.11729971026524957,92.3076923076923,0.13328530037892797,-0.5332997888143562,0.0,0.08,0.11729971026524957,0.11729971026524957,0
171,15,0.7863455414772034,0.3025876623006283,0.7,0.6302104059105466,71.42857142857143,0.6260148655864951,0.9550252674749012,0.7,0.6399999999999999,0.6302104059105466,0.6302104059105466,0
171,4,0.44842350482940674,0.3025876623006283,0.39336707019188166,0.23089234311327467,89.90825688073394,0.16069178038174725,0.39336707019188166,0.39336707019188166,0.3946936561535054,0.23089234311327467,0.23089234311327467,0
171,13,0.5144331455230713,0.3025876623006283,0.5306945643289358,0.5865229427652864,71.73913043478261,0.621651781894774,0.5306945643289358,0.5306945643289358,0.5045556514631486,0.5865229427652864,0.5865229427652864,0
171,9,0.2102537453174591,0.3025876623006283,0.0,0.07999999999999996,92.96875,0.07999999999999996,-0.3640559013724121,0.0,0.08,0.07999999999999996,0.07999999999999996,0
171,16,0.326797753572464,0.3025876623006283,0.07697045828220185,0.18147577692033856,91.36363636363636,0.19857552418944305,0.07697045828220185,0.07697045828220185,0.14157636662576148,0.18147577692033856,0.18147577692033856,0
171,1,0.34849783778190613,0.3025876623006283,0.1412609932531168,0.19941438372545767,79.16666666666667,0.20215963620672808,0.1412609932531168,0.1412609932531168,0.19300879460249346,0.19941438372545767,0.19941438372545767,0
171,8,1.2616816759109497,0.3025876623006283,0.7,0.6399999999999997,53.125,0.6399999999999997,1.4278297201545986,0.7,0.6399999999999999,0.6399999999999997,0.6399999999999997,0
171,11,0.9210927486419678,0.3025876623006283,0.7,0.6399999999999997,64.0625,0.6399999999999997,1.1131896850550196,0.7,0.6399999999999999,0.6399999999999997,0.6399999999999997,0
171,19,0.21501541137695312,0.3025876623006283,0.0,0.08854352053527884,91.796875,0.09220502933611265,-0.3416613083766707,0.0,0.08,0.08854352053527884,0.08854352053527884,0
171,17,0.11840476840734482,0.3025876623006283,0.0,0.07999999999999996,97.265625,0.07999999999999996,-0.9382619814610387,0.0,0.08,0.07999999999999996,0.07999999999999996,0
171,6,0.23889225721359253,0.3025876623006283,0.0,0.07999999999999996,91.796875,0.07999999999999996,-0.23635837575688168,0.0,0.08,0.07999999999999996,0.07999999999999996,0
171,18,0.1561218798160553,0.3025876623006283,0.0,0.07999999999999996,94.140625,0.07999999999999996,-0.6617340141335405,0.0,0.08,0.07999999999999996,0.07999999999999996,0
171,12,0.38557642698287964,0.3025876623006283,0.24236839219299533,0.21959030860507267,85.15625,0.19631699211250542,0.24236839219299533,0.24236839219299533,0.2738947137543963,0.21959030860507267,0.21959030860507267,0
171,3,0.38853856921195984,0.3025876623006283,0.25002140660165734,0.27893966881496624,89.74358974358974,0.27847790175795495,0.25002140660165734,0.25002140660165734,0.2800171252813259,0.27893966881496624,0.27893966881496624,0
171,0,0.1415625959634781,0.3025876623006283,0.0,0.2733552149013588,83.33333333333333,0.35622173557336967,-0.7596289970617633,0.0,0.08,0.2733552149013588,0.2733552149013588,0
171,5,0.22297146916389465,0.3025876623006283,0.0,0.11079511463008318,89.84375,0.12399302090011882,-0.30532719411203796,0.0,0.08,0.11079511463008318,0.11079511463008318,0
171,14,0.2766370177268982,0.3025876623006283,0.0,0.0802679379236267,86.86868686868686,0.08038276846232387,-0.08966478358083009,0.0,0.08,0.0802679379236267,0.0802679379236267,0
171,2,0.2512885630130768,0.3025876623006283,0.0,0.1061097971856747,92.3076923076923,0.11729971026524957,-0.18576908924694427,0.0,0.08,0.1061097971856747,0.1061097971856747,0
171,10,0.1817539930343628,0.3025876623006283,0.0,0.08000000000356972,92.578125,0.0800000000050996,-0.5097169201472829,0.0,0.08,0.08000000000356972,0.08000000000356972,0
171,7,0.7056660652160645,0.3025876623006283,0.7,0.6399999917244087,69.921875,0.6399999881777267,0.8467710830552347,0.7,0.6399999999999999,0.6399999917244087,0.6399999917244087,0
172,14,0.3685506284236908,0.30250063463553356,0.19749471139662803,0.1275862872817294,94.94949494949495,0.0802679379236267,0.19749471139662803,0.19749471139662803,0.2379957691173024,0.1275862872817294,0.1275862872817294,0
172,16,0.3015440106391907,0.30250063463553356,0.0,0.151033043844237,88.18181818181819,0.18147577692033856,-0.0031673975489140607,0.0,0.08,0.151033043844237,0.151033043844237,0
172,18,0.17066235840320587,0.30250063463553356,0.0,0.07999999999999996,95.703125,0.07999999999999996,-0.5723962575784011,0.0,0.08,0.07999999999999996,0.07999999999999996,0
172,19,0.3162905275821686,0.30250063463553356,0.04457780540993004,0.0966791376730784,91.015625,0.08854352053527884,0.04457780540993004,0.04457780540993004,0.11566224432794403,0.0966791376730784,0.0966791376730784,0
172,13,0.537818968296051,0.30250063463553356,0.5754386234786641,0.5726713295705799,78.26086956521739,0.5865229427652864,0.5754386234786641,0.5754386234786641,0.5403508987829313,0.5726713295705799,0.5726713295705799,0
172,12,0.41834402084350586,0.30250063463553356,0.3242207258131048,0.25552619021869605,88.671875,0.21959030860507267,0.3242207258131048,0.3242207258131048,0.33937658065048387,0.25552619021869605,0.25552619021869605,0
172,17,0.10415070503950119,0.30250063463553356,0.0,0.07999999999999996,98.046875,0.07999999999999996,-1.0662443753340811,0.0,0.08,0.07999999999999996,0.07999999999999996,0
172,15,0.9645676016807556,0.30250063463553356,0.7,0.6331472841373825,71.42857142857143,0.6302104059105466,1.1595965216329431,0.7,0.6399999999999999,0.6331472841373825,0.6331472841373825,0
172,7,0.7086617946624756,0.30250063463553356,0.7,0.639999994207086,71.09375,0.6399999917244087,0.8512950009377498,0.7,0.6399999999999999,0.639999994207086,0.639999994207086,0
172,10,0.2647014260292053,0.30250063463553356,0.0,0.0800000000024988,92.96875,0.08000000000356972,-0.13348087415706478,0.0,0.08,0.0800000000024988,0.0800000000024988,0
172,4,0.21500016748905182,0.30250063463553356,0.0,0.18562464017929226,89.90825688073394,0.23089234311327467,-0.34144455483738706,0.0,0.08,0.18562464017929226,0.18562464017929226,0
172,5,0.3156720697879791,0.30250063463553356,0.0426205440953317,0.11178551082393783,89.84375,0.11079511463008318,0.0426205440953317,0.0426205440953317,0.11409643527626537,0.11178551082393783,0.11178551082393783,0
172,0,0.06488659232854843,0.30250063463553356,0.0,0.21534865043095114,83.33333333333333,0.2733552149013588,-1.5394422417114897,0.0,0.08,0.21534865043095114,0.21534865043095114,0
172,11,0.8902458548545837,0.30250063463553356,0.7,0.6399999999999997,60.9375,0.6399999999999997,1.0794142687258663,0.7,0.6399999999999999,0.6399999999999997,0.6399999999999997,0
172,6,0.19473159313201904,0.30250063463553356,0.0,0.07999999999999996,92.96875,0.07999999999999996,-0.4404611922267731,0.0,0.08,0.07999999999999996,0.07999999999999996,0
172,9,0.2624624967575073,0.30250063463553356,0.0,0.07999999999999996,92.578125,0.07999999999999996,-0.14197516806485222,0.0,0.08,0.07999999999999996,0.07999999999999996,0
172,2,0.2461322695016861,0.30250063463553356,0.0,0.0982768580299723,93.84615384615384,0.1061097971856747,-0.20621429553167842,0.0,0.08,0.0982768580299723,0.0982768580299723,0
172,8,1.128058910369873,0.30250063463553356,0.7,0.6399999999999997,53.125,0.6399999999999997,1.3161702565691091,0.7,0.6399999999999999,0.6399999999999997,0.6399999999999997,0
172,1,0.4022228419780731,0.30250063463553356,0.284922884678531,0.2319715609306678,87.5,0.19941438372545767,0.284922884678531,0.284922884678531,0.3079383077428248,0.2319715609306678,0.2319715609306678,0
172,3,0.2855617105960846,0.30250063463553356,0.0,0.21925776817047635,88.2051282051282,0.27893966881496624,-0.05762521853909554,0.0,0.08,0.21925776817047635,0.21925776817047635,0
173,12,0.39577656984329224,0.3031113751933387,0.26674951386624174,0.26688821648098526,87.890625,0.25552619021869605,0.26674951386624174,0.26674951386624174,0.2933996110929934,0.26688821648098526,0.26688821648098526,0
173,11,1.0115398168563843,0.3031113751933387,0.7,0.6399999999999997,62.5,0.6399999999999997,1.2051286840304696,0.7,0.6399999999999999,0.6399999999999997,0.6399999999999997,0
173,19,0.31755495071411133,0.3031113751933387,0.04655056210629879,0.10284753127666657,89.84375,0.0966791376730784,0.04655056210629879,0.04655056210629879,0.11724044968503904,0.10284753127666657,0.10284753127666657,0
173,6,0.1708410382270813,0.3031113751933387,0.0,0.07999999999999996,94.53125,0.07999999999999996,-0.5733667641785455,0.0,0.08,0.07999999999999996,0.07999999999999996,0
173,15,1.1533325910568237,0.3031113751933387,0.7,0.6352030988961677,50.0,0.6331472841373825,1.3363105986046822,0.7,0.6399999999999999,0.6352030988961677,0.6352030988961677,0
173,8,1.1144814491271973,0.3031113751933387,0.7,0.6399999999999997,49.609375,0.6399999999999997,1.3020441707850121,0.7,0.6399999999999999,0.6399999999999997,0.6399999999999997,0
173,0,0.22818303108215332,0.3031113751933387,0.0,0.17474405530166578,83.33333333333333,0.21534865043095114,-0.2839522272196717,0.0,0.08,0.17474405530166578,0.17474405530166578,0
173,14,0.1763809472322464,0.3031113751933387,0.0,0.11331040109721058,91.91919191919192,0.1275862872817294,-0.5414541603096642,0.0,0.08,0.11331040109721058,0.11331040109721058,0
173,18,0.1780794858932495,0.3031113751933387,0.0,0.07999999999999996,92.578125,0.07999999999999996,-0.5318702891218511,0.0,0.08,0.07999999999999996,0.07999999999999996,0
173,9,0.20184326171875,0.3031113751933387,0.0,0.07999999999999996,92.96875,0.07999999999999996,-0.4066088321888604,0.0,0.08,0.07999999999999996,0.07999999999999996,0
173,10,0.2358207255601883,0.3031113751933387,0.0,0.08000000000174914,94.53125,0.0800000000024988,-0.2510284245538059,0.0,0.08,0.08000000000174914,0.08000000000174914,0
173,1,0.3749745786190033,0.3031113751933387,0.2127579141347433,0.23744199204380584,95.83333333333333,0.2319715609306678,0.2127579141347433,0.2127579141347433,0.2502063313077946,0.23744199204380584,0.23744199204380584,0
173,2,0.2719228267669678,0.3031113751933387,0.0,0.09279380062098061,90.76923076923077,0.0982768580299723,-0.10858200816484015,0.0,0.08,0.09279380062098061,0.09279380062098061,0
173,17,0.07467460632324219,0.3031113751933387,0.0,0.07999999999999996,98.4375,0.07999999999999996,-1.4009601197225474,0.0,0.08,0.07999999999999996,0.07999999999999996,0
173,4,0.2767949104309082,0.3031113751933387,0.0,0.15393724812550458,93.57798165137615,0.18562464017929226,-0.09082347332622223,0.0,0.08,0.15393724812550458,0.15393724812550458,0
173,13,0.5478549003601074,0.3031113751933387,0.5919101439187989,0.5669283652399176,69.56521739130434,0.5726713295705799,0.5919101439187989,0.5919101439187989,0.5535281151350392,0.5669283652399176,0.5669283652399176,0
173,7,0.6210521459579468,0.3031113751933387,0.7,0.6399999959449602,73.046875,0.639999994207086,0.7173147195996503,0.7,0.6399999999999999,0.6399999959449602,0.6399999959449602,0
173,3,0.30076777935028076,0.3031113751933387,0.0,0.17748043771933342,89.23076923076923,0.21925776817047635,-0.007761842792078308,0.0,0.08,0.17748043771933342,0.17748043771933342,0
173,5,0.2316148281097412,0.3031113751933387,0.0,0.10224985757675648,91.40625,0.11178551082393783,-0.26902453437901086,0.0,0.08,0.10224985757675648,0.10224985757675648,0
173,16,0.24327334761619568,0.3031113751933387,0.0,0.1297231306909659,90.9090909090909,0.151033043844237,-0.21991460631259155,0.0,0.08,0.1297231306909659,0.1297231306909659,0
174,7,0.6511306166648865,0.30023612453389864,0.7,0.639999997161472,75.78125,0.6399999959449602,0.7741409973226259,0.7,0.6399999999999999,0.639999997161472,0.639999997161472,0
174,17,0.13948073983192444,0.30023612453389864,0.0,0.07999999999999996,93.359375,0.07999999999999996,-0.7666426824535691,0.0,0.08,0.07999999999999996,0.07999999999999996,0
174,5,0.2900192439556122,0.30023612453389864,0.0,0.09557490030372953,90.234375,0.10224985757675648,-0.03462196642956034,0.0,0.08,0.09557490030372953,0.09557490030372953,0
174,8,1.0030122995376587,0.30023612453389864,0.7,0.6399999999999997,60.15625,0.6399999999999997,1.206193780449574,0.7,0.6399999999999999,0.6399999999999997,0.6399999999999997,0
174,4,0.24202775955200195,0.30023612453389864,0.0,0.1317560736878532,88.07339449541284,0.15393724812550458,-0.21551681036828438,0.0,0.08,0.1317560736878532,0.1317560736878532,0
174,2,0.39925417304039,0.30023612453389864,0.2850289841294943,0.15736261662576506,90.76923076923077,0.09279380062098061,0.2850289841294943,0.2850289841294943,0.30802318730359546,0.15736261662576506,0.15736261662576506,0
174,13,0.5798267126083374,0.30023612453389864,0.6581600246244529,0.578808261577811,76.08695652173913,0.5669283652399176,0.6581600246244529,0.6581600246244529,0.6065280196995623,0.578808261577811,0.578808261577811,0
174,3,0.46296805143356323,0.30023612453389864,0.4330887897653682,0.25217761594722177,88.2051282051282,0.17748043771933342,0.4330887897653682,0.4330887897653682,0.42647103181229457,0.25217761594722177,0.25217761594722177,0
174,16,0.3436877429485321,0.30023612453389864,0.1351642700953007,0.14724561630654828,88.63636363636364,0.1297231306909659,0.1351642700953007,0.1351642700953007,0.18813141607624057,0.14724561630654828,0.14724561630654828,0
174,14,0.1558694690465927,0.30023612453389864,0.0,0.10331728076804739,88.88888888888889,0.11331040109721058,-0.6555502958912885,0.0,0.08,0.10331728076804739,0.10331728076804739,0
174,19,0.27531859278678894,0.30023612453389864,0.0,0.0959932718936666,94.53125,0.10284753127666657,-0.0866402975092759,0.0,0.08,0.0959932718936666,0.0959932718936666,0
174,6,0.12780869007110596,0.30023612453389864,0.0,0.07999999999999996,94.53125,0.07999999999999996,-0.8540346648564061,0.0,0.08,0.07999999999999996,0.07999999999999996,0
174,11,1.0535749197006226,0.30023612453389864,0.7,0.6399999999999997,56.640625,0.6399999999999997,1.2553750750963089,0.7,0.6399999999999999,0.6399999999999997,0.6399999999999997,0
174,0,0.7456873059272766,0.30023612453389864,0.7,0.314320838711166,100.0,0.17474405530166578,0.9097370846297527,0.7,0.6399999999999999,0.314320838711166,0.314320838711166,0
174,9,0.17856252193450928,0.30023612453389864,0.0,0.07999999999999996,93.359375,0.07999999999999996,-0.5196304213233827,0.0,0.08,0.07999999999999996,0.07999999999999996,0
174,15,0.6789018511772156,0.30023612453389864,0.7,0.6366421692273173,50.0,0.6352030988961677,0.815907302607323,0.7,0.6399999999999999,0.6366421692273173,0.6366421692273173,0
174,10,0.15839049220085144,0.30023612453389864,0.0,0.0800000000012244,92.578125,0.08000000000174914,-0.6395057634271615,0.0,0.08,0.0800000000012244,0.0800000000012244,0
174,18,0.21821951866149902,0.30023612453389864,0.0,0.07999999999999996,95.3125,0.07999999999999996,-0.3190677118554086,0.0,0.08,0.07999999999999996,0.07999999999999996,0
174,12,0.3441849648952484,0.30023612453389864,0.13660995041722304,0.2436081396368232,89.84375,0.26688821648098526,0.13660995041722304,0.13660995041722304,0.18928796033377843,0.2436081396368232,0.2436081396368232,0
174,1,0.3402443826198578,0.30023612453389864,0.12509488106246452,0.22023216588565556,83.33333333333333,0.23744199204380584,0.12509488106246452,0.12509488106246452,0.18007590484997163,0.22023216588565556,0.22023216588565556,0
175,19,0.23369300365447998,0.30440911835892825,0.0,0.09119529032556661,91.40625,0.0959932718936666,-0.2643642669821878,0.0,0.08,0.09119529032556661,0.09119529032556661,0
175,11,0.9286929965019226,0.30440911835892825,0.7,0.6399999999999997,62.5,0.6399999999999997,1.1154056147603864,0.7,0.6399999999999999,0.6399999999999997,0.6399999999999997,0
175,15,0.4252316355705261,0.30440911835892825,0.3342614552642991,0.5498722677225539,78.57142857142857,0.6366421692273173,0.3342614552642991,0.3342614552642991,0.3474091642114393,0.5498722677225539,0.5498722677225539,0
175,13,0.6177342534065247,0.30440911835892825,0.7,0.5971657831044677,69.56521739130434,0.578808261577811,0.7076857569192994,0.7,0.6399999999999999,0.5971657831044677,0.5971657831044677,0
175,16,0.32525748014450073,0.30440911835892825,0.06624453243496412,0.1429706191989752,90.0,0.14724561630654828,0.06624453243496412,0.06624453243496412,0.1329956259479713,0.1429706191989752,0.1429706191989752,0
175,12,0.24202601611614227,0.30440911835892825,0.0,0.19452569774577622,85.9375,0.2436081396368232,-0.22932734726791837,0.0,0.08,0.19452569774577622,0.19452569774577622,0
175,10,0.24479493498802185,0.30440911835892825,0.0,0.08000000000085708,94.140625,0.0800000000012244,-0.21795171271019603,0.0,0.08,0.08000000000085708,0.08000000000085708,0
175,14,0.18019990622997284,0.30440911835892825,0.0,0.09632209653763316,95.95959595959596,0.10331728076804739,-0.524305733274813,0.0,0.08,0.09632209653763316,0.09632209653763316,0
175,9,0.20717938244342804,0.30440911835892825,0.0,0.07999999999999996,96.484375,0.07999999999999996,-0.3847875654566695,0.0,0.08,0.07999999999999996,0.07999999999999996,0
175,1,0.39954471588134766,0.30440911835892825,0.27195310001012546,0.24343126012238897,87.5,0.22023216588565556,0.27195310001012546,0.27195310001012546,0.29756248000810037,0.24343126012238897,0.24343126012238897,0
175,17,0.07605182379484177,0.30440911835892825,0.0,0.07999999999999996,95.3125,0.07999999999999996,-1.386957482146169,0.0,0.08,0.07999999999999996,0.07999999999999996,0
175,0,0.5938186645507812,0.30440911835892825,0.6682013974853594,0.4043929224943025,100.0,0.314320838711166,0.6682013974853594,0.6682013974853594,0.6145611179882875,0.4043929224943025,0.4043929224943025,0
175,5,0.2453172504901886,0.30440911835892825,0.0,0.09090243021261066,89.0625,0.09557490030372953,-0.21582029996811342,0.0,0.08,0.09090243021261066,0.09090243021261066,0
175,6,0.16626112163066864,0.30440911835892825,0.0,0.07999999999999996,93.359375,0.07999999999999996,-0.6048129791050417,0.0,0.08,0.07999999999999996,0.07999999999999996,0
175,7,0.5995937585830688,0.30440911835892825,0.6778797599747106,0.634691140406961,69.53125,0.639999997161472,0.6778797599747106,0.6778797599747106,0.6223038079797685,0.634691140406961,0.634691140406961,0
175,2,0.25971680879592896,0.30440911835892825,0.0,0.13415383163803554,89.23076923076923,0.15736261662576506,-0.1587807346022198,0.0,0.08,0.13415383163803554,0.13415383163803554,0
175,8,1.2442145347595215,0.30440911835892825,0.7,0.6399999999999997,52.734375,0.6399999999999997,1.4078871084856102,0.7,0.6399999999999999,0.6399999999999997,0.6399999999999997,0
175,3,0.36680707335472107,0.30440911835892825,0.18646343783731026,0.24527555624400968,88.71794871794872,0.25217761594722177,0.18646343783731026,0.18646343783731026,0.22917075026984823,0.24527555624400968,0.24527555624400968,0
175,18,0.21453943848609924,0.30440911835892825,0.0,0.07999999999999996,94.140625,0.07999999999999996,-0.34987898309144405,0.0,0.08,0.07999999999999996,0.07999999999999996,0
175,4,0.23367519676685333,0.30440911835892825,0.0,0.11622925158149722,87.1559633027523,0.1317560736878532,-0.26444046766018514,0.0,0.08,0.11622925158149722,0.11622925158149722,0
176,10,0.234574094414711,0.29921990948734134,0.0,0.08000000000059995,90.625,0.08000000000085708,-0.24340727144805405,0.0,0.08,0.08000000000059995,0.08000000000059995,0
176,19,0.23914343118667603,0.29921990948734134,0.0,0.08783670322789663,89.0625,0.09119529032556661,-0.2241152754816094,0.0,0.08,0.08783670322789663,0.08783670322789663,0
176,14,0.2736579179763794,0.29921990948734134,0.0,0.0914254675763432,89.8989898989899,0.09632209653763316,-0.08929993131325148,0.0,0.08,0.0914254675763432,0.0914254675763432,0
176,13,0.6154516339302063,0.29921990948734134,0.7,0.6100160481731273,71.73913043478261,0.5971657831044677,0.7211775589445922,0.7,0.6399999999999999,0.6100160481731273,0.6100160481731273,0
176,8,0.9983837604522705,0.29921990948734134,0.7,0.6399999999999997,61.328125,0.6399999999999997,1.2049589222154944,0.7,0.6399999999999999,0.6399999999999997,0.6399999999999997,0
176,18,0.16448286175727844,0.29921990948734134,0.0,0.07999999999999996,91.015625,0.07999999999999996,-0.598372377982739,0.0,0.08,0.07999999999999996,0.07999999999999996,0
176,1,0.12942196428775787,0.29921990948734134,0.0,0.19440188208567227,83.33333333333333,0.24343126012238897,-0.8381006353089789,0.0,0.08,0.19440188208567227,0.19440188208567227,0
176,12,0.4255969226360321,0.29921990948734134,0.35231391113835697,0.24472332709524902,92.1875,0.19452569774577622,0.35231391113835697,0.35231391113835697,0.3618511289106856,0.24472332709524902,0.24472332709524902,0
176,17,0.03341183066368103,0.29921990948734134,0.0,0.07999999999999996,97.65625,0.07999999999999996,-2.192268471663755,0.0,0.08,0.07999999999999996,0.07999999999999996,0
176,2,0.24446383118629456,0.29921990948734134,0.0,0.11790768214662486,96.92307692307692,0.13415383163803554,-0.2021114105412385,0.0,0.08,0.11790768214662486,0.11790768214662486,0
176,3,0.3323920667171478,0.29921990948734134,0.10513640639525997,0.22092562690566916,91.28205128205128,0.24527555624400968,0.10513640639525997,0.10513640639525997,0.16410912511620798,0.22092562690566916,0.22092562690566916,0
176,5,0.24499757587909698,0.29921990948734134,0.0,0.08763170114882746,91.796875,0.09090243021261066,-0.19993046276945156,0.0,0.08,0.08763170114882746,0.08763170114882746,0
176,11,0.8553445935249329,0.29921990948734134,0.7,0.6399999999999997,61.71875,0.6399999999999997,1.0503256130833936,0.7,0.6399999999999999,0.6399999999999997,0.6399999999999997,0
176,4,0.26422929763793945,0.29921990948734134,0.0,0.10536047610704805,88.9908256880734,0.11622925158149722,-0.12436150403255972,0.0,0.08,0.10536047610704805,0.10536047610704805,0
176,15,0.5500580072402954,0.29921990948734134,0.6088449388437918,0.5550333727282977,71.42857142857143,0.5498722677225539,0.6088449388437918,0.6088449388437918,0.5670759510750334,0.5550333727282977,0.5550333727282977,0
176,16,0.38860365748405457,0.29921990948734134,0.2613811548720135,0.18681091060856586,90.9090909090909,0.1429706191989752,0.2613811548720135,0.2613811548720135,0.28910492389761083,0.18681091060856586,0.18681091060856586,0
176,6,0.2320399135351181,0.29921990948734134,0.0,0.07999999999999996,92.96875,0.07999999999999996,-0.25426937864630866,0.0,0.08,0.07999999999999996,0.07999999999999996,0
176,7,0.6765007972717285,0.29921990948734134,0.7,0.6362837982848726,69.53125,0.634691140406961,0.8157548212055294,0.7,0.6399999999999999,0.6362837982848726,0.6362837982848726,0
176,0,0.12286368757486343,0.29921990948734134,0.0,0.30707504574601174,83.33333333333333,0.4043929224943025,-0.8901032285883324,0.0,0.08,0.30707504574601174,0.30707504574601174,0
176,9,0.21651507914066315,0.29921990948734134,0.0,0.07999999999999996,89.84375,0.07999999999999996,-0.3235185788971908,0.0,0.08,0.07999999999999996,0.07999999999999996,0
177,2,0.2217198759317398,0.29475926221445903,0.0,0.10653537750263739,92.3076923076923,0.11790768214662486,-0.28474418673577934,0.0,0.08,0.10653537750263739,0.10653537750263739,0
177,5,0.2326636165380478,0.29475926221445903,0.0,0.08534219080417921,92.1875,0.08763170114882746,-0.23656524926386432,0.0,0.08,0.08534219080417921,0.08534219080417921,0
177,11,0.9752001166343689,0.29475926221445903,0.7,0.6399999999999997,55.859375,0.6399999999999997,1.1964837112044422,0.7,0.6399999999999999,0.6399999999999997,0.6399999999999997,0
177,4,0.27990081906318665,0.29475926221445903,0.0,0.09775233327493363,83.4862385321101,0.10536047610704805,-0.05172363830254842,0.0,0.08,0.09775233327493363,0.09775233327493363,0
177,13,0.6043661832809448,0.29475926221445903,0.7,0.619011233721189,82.6086956521739,0.6100160481731273,0.7180212976702719,0.7,0.6399999999999999,0.619011233721189,0.619011233721189,0
177,6,0.21532361209392548,0.29475926221445903,0.0,0.07999999999999996,94.140625,0.07999999999999996,-0.3140168813548811,0.0,0.08,0.07999999999999996,0.07999999999999996,0
177,0,0.18156082928180695,0.29475926221445903,0.0,0.2389525320222082,100.0,0.30707504574601174,-0.48456819662574746,0.0,0.08,0.2389525320222082,0.2389525320222082,0
177,7,0.8023844957351685,0.29475926221445903,0.7,0.6373986587994107,67.96875,0.6362837982848726,1.0014289297425736,0.7,0.6399999999999999,0.6373986587994107,0.6373986587994107,0
177,15,0.671461284160614,0.29475926221445903,0.7,0.5805233609098083,64.28571428571429,0.5550333727282977,0.8232973766217921,0.7,0.6399999999999999,0.5805233609098083,0.5805233609098083,0
177,12,0.34803497791290283,0.29475926221445903,0.16614401788289695,0.23518089325856956,89.453125,0.24472332709524902,0.16614401788289695,0.16614401788289695,0.21291521430631755,0.23518089325856956,0.23518089325856956,0
177,14,0.13975493609905243,0.29475926221445903,0.0,0.08799782730344025,94.94949494949495,0.0914254675763432,-0.746268492928666,0.0,0.08,0.08799782730344025,0.08799782730344025,0
177,3,0.44701600074768066,0.29475926221445903,0.4164354153822068,0.27859243852569804,85.64102564102564,0.22092562690566916,0.4164354153822068,0.4164354153822068,0.4131483323057655,0.27859243852569804,0.27859243852569804,0
177,10,0.16679920256137848,0.29475926221445903,0.0,0.08000000000041996,90.625,0.08000000000059995,-0.5693682277589202,0.0,0.08,0.08000000000041996,0.08000000000041996,0
177,8,1.0783439874649048,0.29475926221445903,0.7,0.6399999999999997,53.125,0.6399999999999997,1.2970228108580204,0.7,0.6399999999999999,0.6399999999999997,0.6399999999999997,0
177,17,0.09842416644096375,0.29475926221445903,0.0,0.07999999999999996,97.265625,0.07999999999999996,-1.0968725273991269,0.0,0.08,0.07999999999999996,0.07999999999999996,0
177,9,0.15243947505950928,0.29475926221445903,0.0,0.07999999999999996,94.921875,0.07999999999999996,-0.6593912988054241,0.0,0.08,0.07999999999999996,0.07999999999999996,0
177,1,0.3248904049396515,0.29475926221445903,0.09732894385171004,0.18344026398438099,87.5,0.19440188208567227,0.09732894385171004,0.09732894385171004,0.15786315508136806,0.18344026398438099,0.18344026398438099,0
177,19,0.23462626338005066,0.29475926221445903,0.0,0.08548569225952764,91.40625,0.08783670322789663,-0.228165074626336,0.0,0.08,0.08548569225952764,0.08548569225952764,0
177,16,0.43396955728530884,0.29475926221445903,0.38681541336197994,0.2476033366328713,86.36363636363636,0.18681091060856586,0.38681541336197994,0.38681541336197994,0.389452330689584,0.2476033366328713,0.2476033366328713,0
177,18,0.1914190948009491,0.29475926221445903,0.0,0.07999999999999996,93.75,0.07999999999999996,-0.4316937066829068,0.0,0.08,0.07999999999999996,0.07999999999999996,0
178,10,0.17990513145923615,0.29100969011517497,0.0,0.08000000000029397,95.3125,0.08000000000041996,-0.4809268802570144,0.0,0.08,0.08000000000029397,0.08000000000029397,0
178,19,0.2354046106338501,0.29100969011517497,0.0,0.08383998458166934,92.96875,0.08548569225952764,-0.21205077685065143,0.0,0.08,0.08383998458166934,0.08383998458166934,0
178,1,0.46031737327575684,0.29100969011517497,0.45855961486554536,0.2624624923567976,91.66666666666667,0.18344026398438099,0.45855961486554536,0.45855961486554536,0.44684769189243634,0.2624624923567976,0.2624624923567976,0
178,14,0.20473629236221313,0.29100969011517497,0.0,0.08559847911240817,94.94949494949495,0.08799782730344025,-0.35163377917959127,0.0,0.08,0.08559847911240817,0.08559847911240817,0
178,0,0.09789250046014786,0.29100969011517497,0.0,0.19126677241554574,83.33333333333333,0.2389525320222082,-1.0894865556742632,0.0,0.08,0.19126677241554574,0.19126677241554574,0
178,16,0.34432098269462585,0.29100969011517497,0.16821774024242603,0.23769459330119214,89.0909090909091,0.2476033366328713,0.16821774024242603,0.16821774024242603,0.2145741921939408,0.23769459330119214,0.23769459330119214,0
178,9,0.17190247774124146,0.29100969011517497,0.0,0.07999999999999996,93.359375,0.07999999999999996,-0.5264292160351375,0.0,0.08,0.07999999999999996,0.07999999999999996,0
178,8,1.1812647581100464,0.29100969011517497,0.7,0.6399999999999997,54.6875,0.6399999999999997,1.4009843804884852,0.7,0.6399999999999999,0.6399999999999997,0.6399999999999997,0
178,7,0.6711453795433044,0.29100969011517497,0.7,0.6381790611595874,75.0,0.6373986587994107,0.8356291890772521,0.7,0.6399999999999999,0.6381790611595874,0.6381790611595874,0
178,11,0.9993311762809753,0.29100969011517497,0.7,0.6399999999999997,59.375,0.6399999999999997,1.2337296411623846,0.7,0.6399999999999999,0.6399999999999997,0.6399999999999997,0
178,13,0.558440625667572,0.29100969011517497,0.6517917200663593,0.6137378764207585,69.56521739130434,0.619011233721189,0.6517917200663593,0.6517917200663593,0.6014333760530874,0.6137378764207585,0.6137378764207585,0
178,3,0.4374593496322632,0.29100969011517497,0.40762720886874265,0.3168452370964869,87.17948717948718,0.27859243852569804,0.40762720886874265,0.40762720886874265,0.4061017670949942,0.3168452370964869,0.3168452370964869,0
178,12,0.3924591541290283,0.29100969011517497,0.29907589102922527,0.2604048391280127,87.890625,0.23518089325856956,0.29907589102922527,0.29907589102922527,0.31926071282338025,0.2604048391280127,0.2604048391280127,0
178,5,0.3548353314399719,0.29100969011517497,0.19829725459971576,0.13133087466685722,89.0625,0.08534219080417921,0.19829725459971576,0.19829725459971576,0.2386378036797726,0.13133087466685722,0.13133087466685722,0
178,6,0.15752117335796356,0.29100969011517497,0.0,0.07999999999999996,93.359375,0.07999999999999996,-0.6137966536124715,0.0,0.08,0.07999999999999996,0.07999999999999996,0
178,4,0.2880811393260956,0.29100969011517497,0.0,0.09242663329245354,92.66055045871559,0.09775233327493363,-0.010114391405013037,0.0,0.08,0.09242663329245354,0.09242663329245354,0
178,2,0.2565239369869232,0.29100969011517497,0.0,0.09857476425184616,95.38461538461539,0.10653537750263739,-0.12613457951926246,0.0,0.08,0.09857476425184616,0.09857476425184616,0
178,15,0.8680042028427124,0.29100969011517497,0.7,0.5983663526368658,64.28571428571429,0.5805233609098083,1.0928399678089413,0.7,0.6399999999999999,0.5983663526368658,0.5983663526368658,0
178,18,0.15320982038974762,0.29100969011517497,0.0,0.07999999999999996,93.75,0.07999999999999996,-0.6415481780622788,0.0,0.08,0.07999999999999996,0.07999999999999996,0
178,17,0.15209287405014038,0.29100969011517497,0.0,0.07999999999999996,97.65625,0.07999999999999996,-0.6488651868544578,0.0,0.08,0.07999999999999996,0.07999999999999996,0
179,0,0.04998442530632019,0.29352882720469353,0.0,0.157886740690882,100.0,0.19126677241554574,-1.7702642241759983,0.0,0.08,0.157886740690882,0.157886740690882,0
179,8,1.192103385925293,0.29352882720469353,0.7,0.6399999999999997,50.0,0.6399999999999997,1.4014986981429762,0.7,0.6399999999999999,0.6399999999999997,0.6399999999999997,0
179,18,0.15925928950309753,0.29352882720469353,0.0,0.07999999999999996,93.359375,0.07999999999999996,-0.6114421988973917,0.0,0.08,0.07999999999999996,0.07999999999999996,0
179,13,0.6726315021514893,0.29352882720469353,0.7,0.621616513494531,67.3913043478261,0.6137378764207585,0.8292217621912301,0.7,0.6399999999999999,0.621616513494531,0.621616513494531,0
179,9,0.14316050708293915,0.29352882720469353,0.0,0.07999999999999996,95.3125,0.07999999999999996,-0.718009389453954,0.0,0.08,0.07999999999999996,0.07999999999999996,0
179,5,0.23886656761169434,0.29352882720469353,0.0,0.11593161226680004,91.796875,0.13133087466685722,-0.20607074388881602,0.0,0.08,0.11593161226680004,0.11593161226680004,0
179,19,0.22208277881145477,0.29352882720469353,0.0,0.08268798920716854,95.3125,0.08383998458166934,-0.27892565234049305,0.0,0.08,0.08268798920716854,0.08268798920716854,0
179,17,0.08965443074703217,0.29352882720469353,0.0,0.07999999999999996,96.484375,0.07999999999999996,-1.186013154177241,0.0,0.08,0.07999999999999996,0.07999999999999996,0
179,15,1.5172723531723022,0.29352882720469353,0.7,0.610856446845806,50.0,0.5983663526368658,1.6426936166186066,0.7,0.6399999999999999,0.610856446845806,0.610856446845806,0
179,1,0.09301986545324326,0.29352882720469353,0.0,0.2077237446497583,87.5,0.2624624923567976,-1.1491627023979956,0.0,0.08,0.2077237446497583,0.2077237446497583,0
179,2,0.49849918484687805,0.29352882720469353,0.529626086980337,0.22011259585157317,96.92307692307692,0.09857476425184616,0.529626086980337,0.529626086980337,0.5037008695842696,0.22011259585157317,0.22011259585157317,0
179,14,0.19658152759075165,0.29352882720469353,0.0,0.08391893537868572,96.96969696969697,0.08559847911240817,-0.4008985924557466,0.0,0.08,0.08391893537868572,0.08391893537868572,0
179,3,0.36109110713005066,0.29352882720469353,0.20715444123859755,0.2955087318648042,87.17948717948718,0.3168452370964869,0.20715444123859755,0.20715444123859755,0.24572355299087806,0.2955087318648042,0.2955087318648042,0
179,16,0.3147341012954712,0.29352882720469353,0.06975230398608212,0.20712676826749418,91.36363636363636,0.23769459330119214,0.06975230398608212,0.06975230398608212,0.1358018431888657,0.20712676826749418,0.20712676826749418,0
179,11,1.006390929222107,0.29352882720469353,0.7,0.6399999999999997,63.671875,0.6399999999999997,1.2321499954794106,0.7,0.6399999999999999,0.6399999999999997,0.6399999999999997,0
179,12,0.3155859410762787,0.29352882720469353,0.07245518574491455,0.22367263196838838,90.234375,0.2604048391280127,0.07245518574491455,0.07245518574491455,0.13796414859593165,0.22367263196838838,0.22367263196838838,0
179,6,0.18789765238761902,0.29352882720469353,0.0,0.07999999999999996,94.921875,0.07999999999999996,-0.44607842165233647,0.0,0.08,0.07999999999999996,0.07999999999999996,0
179,7,0.6745479702949524,0.29352882720469353,0.7,0.6387253428117111,72.65625,0.6381790611595874,0.8320669204600638,0.7,0.6399999999999999,0.6387253428117111,0.6387253428117111,0
179,4,0.24784532189369202,0.29352882720469353,0.0,0.08869864330471747,92.66055045871559,0.09242663329245354,-0.16917099738042063,0.0,0.08,0.08869864330471747,0.08869864330471747,0
179,10,0.2760649025440216,0.29352882720469353,0.0,0.08000000000020578,91.40625,0.08000000000029397,-0.06133985882743391,0.0,0.08,0.08000000000020578,0.08000000000020578,0
180,7,0.7193589210510254,0.2903714557061099,0.7,0.6391077399681977,73.046875,0.6387253428117111,0.9071994223167211,0.7,0.6399999999999999,0.6391077399681977,0.6391077399681977,0
180,8,1.2662253379821777,0.2903714557061099,0.7,0.6399999999999997,49.609375,0.6399999999999997,1.472634567314752,0.7,0.6399999999999999,0.6399999999999997,0.6399999999999997,0
180,12,0.32888537645339966,0.2903714557061099,0.12454830109291305,0.210462434640171,85.546875,0.22367263196838838,0.12454830109291305,0.12454830109291305,0.17963864087433046,0.210462434640171,0.210462434640171,0
180,15,0.7502341866493225,0.2903714557061099,0.7,0.6195995127920642,57.142857142857146,0.610856446845806,0.9492244004505854,0.7,0.6399999999999999,0.6195995127920642,0.6195995127920642,0
180,5,0.26275548338890076,0.2903714557061099,0.0,0.10515212858676001,92.1875,0.11593161226680004,-0.09993710271255442,0.0,0.08,0.10515212858676001,0.10515212858676001,0
180,16,0.31965193152427673,0.2903714557061099,0.09607170156581601,0.19204594616304177,92.27272727272727,0.20712676826749418,0.09607170156581601,0.09607170156581601,0.15685736125265282,0.19204594616304177,0.19204594616304177,0
180,1,0.2554495930671692,0.2903714557061099,0.0,0.16940662125483077,91.66666666666667,0.2077237446497583,-0.12813587761680964,0.0,0.08,0.16940662125483077,0.16940662125483077,0
180,3,0.36174333095550537,0.2903714557061099,0.21977393794384228,0.2836018574118851,92.82051282051282,0.2955087318648042,0.21977393794384228,0.21977393794384228,0.25581915035507385,0.2836018574118851,0.2836018574118851,0
180,0,0.03148689493536949,0.2903714557061099,0.0,0.13452071848361738,100.0,0.157886740690882,-2.221589276475055,0.0,0.08,0.13452071848361738,0.13452071848361738,0
180,6,0.15301108360290527,0.2903714557061099,0.0,0.07999999999999996,94.53125,0.07999999999999996,-0.6406505935627278,0.0,0.08,0.07999999999999996,0.07999999999999996,0
180,9,0.19413328170776367,0.2903714557061099,0.0,0.07999999999999996,92.1875,0.07999999999999996,-0.40261602573825656,0.0,0.08,0.07999999999999996,0.07999999999999996,0
180,19,0.2471611052751541,0.2903714557061099,0.0,0.08188159244501797,89.453125,0.08268798920716854,-0.16112060699153793,0.0,0.08,0.08188159244501797,0.08188159244501797,0
180,13,0.43620917201042175,0.2903714557061099,0.4069608840117735,0.5568021716089973,78.26086956521739,0.621616513494531,0.4069608840117735,0.4069608840117735,0.40556870720941884,0.5568021716089973,0.5568021716089973,0
180,10,0.16446766257286072,0.2903714557061099,0.0,0.08000000000014404,94.53125,0.08000000000020578,-0.5684469879561146,0.0,0.08,0.08000000000014404,0.08000000000014404,0
180,4,0.21250225603580475,0.2903714557061099,0.0,0.08608905031330222,91.74311926605505,0.08869864330471747,-0.3122083675296546,0.0,0.08,0.08608905031330222,0.08608905031330222,0
180,11,0.8961089849472046,0.2903714557061099,0.7,0.6399999999999997,65.625,0.6399999999999997,1.1269010321878978,0.7,0.6399999999999999,0.6399999999999997,0.6399999999999997,0
180,17,0.10565108060836792,0.2903714557061099,0.0,0.07999999999999996,98.4375,0.07999999999999996,-1.0110189526833413,0.0,0.08,0.07999999999999996,0.07999999999999996,0
180,18,0.22477111220359802,0.2903714557061099,0.0,0.07999999999999996,95.3125,0.07999999999999996,-0.25607836971573117,0.0,0.08,0.07999999999999996,0.07999999999999996,0
180,2,0.39364317059516907,0.2903714557061099,0.30428384642224326,0.2511069402374396,93.84615384615384,0.22011259585157317,0.30428384642224326,0.30428384642224326,0.3234270771377946,0.2511069402374396,0.2511069402374396,0
180,14,0.302251935005188,0.2903714557061099,0.040099905026493673,0.09236723197143848,91.91919191919192,0.08391893537868572,0.040099905026493673,0.040099905026493673,0.11207992402119493,0.09236723197143848,0.09236723197143848,0
181,16,0.23123560845851898,0.28958468105520335,0.0,0.1584321623141292,91.81818181818181,0.19204594616304177,-0.22501061272687436,0.0,0.08,0.1584321623141292,0.1584321623141292,0
181,12,0.35911649465560913,0.28958468105520335,0.21519906460850205,0.22297147975416018,86.328125,0.210462434640171,0.21519906460850205,0.21519906460850205,0.25215925168680164,0.22297147975416018,0.22297147975416018,0
181,17,0.10140779614448547,0.28958468105520335,0.0,0.07999999999999996,95.3125,0.07999999999999996,-1.0492977248684363,0.0,0.08,0.07999999999999996,0.07999999999999996,0
181,1,0.09584662318229675,0.28958468105520335,0.0,0.14258463487838152,87.5,0.16940662125483077,-1.1056984537630945,0.0,0.08,0.14258463487838152,0.14258463487838152,0
181,14,0.24486015737056732,0.28958468105520335,0.0,0.08865706238000692,86.86868686868686,0.09236723197143848,-0.1677604945545548,0.0,0.08,0.08865706238000692,0.08865706238000692,0
181,0,0.2658889591693878,0.28958468105520335,0.0,0.11816450293853217,100.0,0.13452071848361738,-0.08536898423123924,0.0,0.08,0.11816450293853217,0.11816450293853217,0
181,5,0.3078550696372986,0.28958468105520335,0.061181354850018015,0.11229001517473633,94.921875,0.10515212858676001,0.061181354850018015,0.061181354850018015,0.1289450838800144,0.11229001517473633,0.11229001517473633,0
181,8,1.080775499343872,0.28958468105520335,0.7,0.6399999999999997,48.4375,0.6399999999999997,1.3169863299049451,0.7,0.6399999999999999,0.6399999999999997,0.6399999999999997,0
181,15,0.5446644425392151,0.28958468105520335,0.6317221249022408,0.6093329689309827,64.28571428571429,0.6195995127920642,0.6317221249022408,0.6317221249022408,0.5853776999217926,0.6093329689309827,0.6093329689309827,0
181,2,0.2695825695991516,0.28958468105520335,0.0,0.1997748581662077,93.84615384615384,0.2511069402374396,-0.07157303551553919,0.0,0.08,0.1997748581662077,0.1997748581662077,0
181,7,0.6648512482643127,0.28958468105520335,0.7,0.6393754179777383,72.265625,0.6391077399681977,0.831115547118747,0.7,0.6399999999999999,0.6393754179777383,0.6393754179777383,0
181,9,0.23106062412261963,0.28958468105520335,0.0,0.07999999999999996,89.84375,0.07999999999999996,-0.2257676352780158,0.0,0.08,0.07999999999999996,0.07999999999999996,0
181,11,0.8918643593788147,0.28958468105520335,0.7,0.6399999999999997,59.765625,0.6399999999999997,1.1248662720171339,0.7,0.6399999999999999,0.6399999999999997,0.6399999999999997,0
181,18,0.1570763736963272,0.28958468105520335,0.0,0.07999999999999996,94.53125,0.07999999999999996,-0.611715589341432,0.0,0.08,0.07999999999999996,0.07999999999999996,0
181,3,0.4356823265552521,0.28958468105520335,0.4084655951830451,0.3205530430322504,88.2051282051282,0.2836018574118851,0.4084655951830451,0.4084655951830451,0.40677247614643613,0.3205530430322504,0.3205530430322504,0
181,13,0.6944236755371094,0.28958468105520335,0.7,0.581761520126298,76.08695652173913,0.5568021716089973,0.8746344753850109,0.7,0.6399999999999999,0.581761520126298,0.581761520126298,0
181,19,0.2831553816795349,0.28958468105520335,0.0,0.08131711471151257,92.1875,0.08188159244501797,-0.0224519625790007,0.0,0.08,0.08131711471151257,0.08131711471151257,0
181,6,0.2208196371793747,0.28958468105520335,0.0,0.07999999999999996,92.96875,0.07999999999999996,-0.2711015045009133,0.0,0.08,0.07999999999999996,0.07999999999999996,0
181,10,0.25089630484580994,0.28958468105520335,0.0,0.08000000000010082,95.703125,0.08000000000014404,-0.1434080312122374,0.0,0.08,0.08000000000010082,0.08000000000010082,0
181,4,0.3486314117908478,0.28958468105520335,0.1855674693816157,0.12879852787089932,88.07339449541284,0.08608905031330222,0.1855674693816157,0.1855674693816157,0.22845397550529256,0.12879852787089932,0.12879852787089932,0
182,7,0.613261342048645,0.28826311051361736,0.7,0.6395627925844167,70.703125,0.6393754179777383,0.7549175183171424,0.7,0.6399999999999999,0.6395627925844167,0.6395627925844167,0
182,19,0.31190577149391174,0.28826311051361736,0.07882748387209972,0.09984057642736271,92.578125,0.08131711471151257,0.07882748387209972,0.07882748387209972,0.14306198709767978,0.09984057642736271,0.09984057642736271,0
182,9,0.1816367208957672,0.28826311051361736,0.0,0.07999999999999996,94.53125,0.07999999999999996,-0.4618649675834577,0.0,0.08,0.07999999999999996,0.07999999999999996,0
182,13,0.8822497725486755,0.28826311051361736,0.7,0.5992330640884086,73.91304347826087,0.581761520126298,1.1186015401415494,0.7,0.6399999999999999,0.5992330640884086,0.5992330640884086,0
182,12,0.33767402172088623,0.28826311051361736,0.1582073510142003,0.2180498000713202,85.546875,0.22297147975416018,0.1582073510142003,0.1582073510142003,0.20656588081136024,0.2180498000713202,0.2180498000713202,0
182,18,0.20619463920593262,0.28826311051361736,0.0,0.07999999999999996,91.015625,0.07999999999999996,-0.33505305422880494,0.0,0.08,0.07999999999999996,0.07999999999999996,0
182,15,1.349209189414978,0.28826311051361736,0.7,0.6185330782516878,71.42857142857143,0.6093329689309827,1.5434002456460512,0.7,0.6399999999999999,0.6185330782516878,0.6185330782516878,0
182,10,0.18986083567142487,0.28826311051361736,0.0,0.08000000000007057,93.359375,0.08000000000010082,-0.41758226331221093,0.0,0.08,0.08000000000007057,0.08000000000007057,0
182,8,1.0397298336029053,0.28826311051361736,0.7,0.6399999999999997,50.390625,0.6399999999999997,1.2828425166838002,0.7,0.6399999999999999,0.6399999999999997,0.6399999999999997,0
182,6,0.16051210463047028,0.28826311051361736,0.0,0.07999999999999996,96.09375,0.07999999999999996,-0.5855042556549763,0.0,0.08,0.07999999999999996,0.07999999999999996,0
182,11,0.9215613007545471,0.28826311051361736,0.7,0.6399999999999997,64.453125,0.6399999999999997,1.1621956326021405,0.7,0.6399999999999999,0.6399999999999997,0.6399999999999997,0
182,14,0.14186277985572815,0.28826311051361736,0.0,0.08605994366600483,93.93939393939394,0.08865706238000692,-0.7090133540990519,0.0,0.08,0.08605994366600483,0.08605994366600483,0
182,3,0.4151177704334259,0.28826311051361736,0.364688612297854,0.33591239707406023,88.71794871794872,0.3205530430322504,0.364688612297854,0.364688612297854,0.3717508898382832,0.33591239707406023,0.33591239707406023,0
182,16,0.38974180817604065,0.28826311051361736,0.301610839284811,0.2072891150482451,90.9090909090909,0.1584321623141292,0.301610839284811,0.301610839284811,0.32128867142784884,0.2072891150482451,0.2072891150482451,0
182,17,0.08648785948753357,0.28826311051361736,0.0,0.07999999999999996,97.65625,0.07999999999999996,-1.2038695089748637,0.0,0.08,0.07999999999999996,0.07999999999999996,0
182,4,0.2185484617948532,0.28826311051361736,0.0,0.11415896950962953,89.90825688073394,0.12879852787089932,-0.27686584712912404,0.0,0.08,0.11415896950962953,0.11415896950962953,0
182,2,0.3418559730052948,0.28826311051361736,0.17051587011021332,0.20476620954279656,96.92307692307692,0.1997748581662077,0.17051587011021332,0.17051587011021332,0.21641269608817065,0.20476620954279656,0.20476620954279656,0
182,0,0.05016590282320976,0.28826311051361736,0.0,0.10671515205697252,83.33333333333333,0.11816450293853217,-1.7485379073121645,0.0,0.08,0.10671515205697252,0.10671515205697252,0
182,1,0.18481092154979706,0.28826311051361736,0.0,0.12380924441486707,87.5,0.14258463487838152,-0.4445403650741276,0.0,0.08,0.12380924441486707,0.12380924441486707,0
182,5,0.27450793981552124,0.28826311051361736,0.0,0.10260301062231542,92.1875,0.11229001517473633,-0.04889345433340858,0.0,0.08,0.10260301062231542,0.10260301062231542,0
183,1,0.2790983021259308,0.28875748502772725,0.0,0.11066647109040695,91.66666666666667,0.12380924441486707,-0.034023125341385484,0.0,0.08,0.11066647109040695,0.11066647109040695,0
183,11,0.9500654339790344,0.28875748502772725,0.7,0.6399999999999997,58.59375,0.6399999999999997,1.1909436523157604,0.7,0.6399999999999999,0.6399999999999997,0.6399999999999997,0
183,10,0.13475625216960907,0.28875748502772725,0.0,0.08000000000004939,94.921875,0.08000000000007057,-0.7621195370940828,0.0,0.08,0.08000000000004939,0.08000000000004939,0
183,6,0.17517055571079254,0.28875748502772725,0.0,0.07999999999999996,91.40625,0.07999999999999996,-0.49982705785089626,0.0,0.08,0.07999999999999996,0.07999999999999996,0
183,12,0.29246872663497925,0.28875748502772725,0.012770559355154986,0.17969979429516134,91.40625,0.2180498000713202,0.012770559355154986,0.012770559355154986,0.090216447484124,0.17969979429516134,0.17969979429516134,0
183,7,0.737598180770874,0.28875748502772725,0.7,0.6396939548090916,73.828125,0.6395627925844167,0.9378120010748187,0.7,0.6399999999999999,0.6396939548090916,0.6396939548090916,0
183,8,1.1276401281356812,0.28875748502772725,0.7,0.6399999999999997,55.859375,0.6399999999999997,1.3622951363776592,0.7,0.6399999999999999,0.6399999999999997,0.6399999999999997,0
183,4,0.20042024552822113,0.28875748502772725,0.0,0.10391127865674066,88.9908256880734,0.11415896950962953,-0.3651707787120611,0.0,0.08,0.10391127865674066,0.10391127865674066,0
183,2,0.19544537365436554,0.28875748502772725,0.0,0.1673363466799576,92.3076923076923,0.20476620954279656,-0.3903062454069125,0.0,0.08,0.1673363466799576,0.1673363466799576,0
183,19,0.2272779941558838,0.28875748502772725,0.0,0.0938884034991539,92.578125,0.09984057642736271,-0.23941326223084308,0.0,0.08,0.0938884034991539,0.0938884034991539,0
183,17,0.12973424792289734,0.28875748502772725,0.0,0.07999999999999996,96.484375,0.07999999999999996,-0.8000990298401807,0.0,0.08,0.07999999999999996,0.07999999999999996,0
183,13,0.5146029591560364,0.28875748502772725,0.5778084513588361,0.5821371731880066,82.6086956521739,0.5992330640884086,0.5778084513588361,0.5778084513588361,0.5422467610870688,0.5821371731880066,0.5821371731880066,0
183,18,0.17513927817344666,0.28875748502772725,0.0,0.07999999999999996,94.921875,0.07999999999999996,-0.5000056285481358,0.0,0.08,0.07999999999999996,0.07999999999999996,0
183,14,0.25868460536003113,0.28875748502772725,0.0,0.08424196056620338,90.9090909090909,0.08605994366600483,-0.1099775999188578,0.0,0.08,0.08424196056620338,0.08424196056620338,0
183,15,0.5866121649742126,0.28875748502772725,0.7,0.6249731547761814,57.142857142857146,0.6185330782516878,0.7087766931783462,0.7,0.6399999999999999,0.6249731547761814,0.6249731547761814,0
183,16,0.32142484188079834,0.28875748502772725,0.10717655584467896,0.1948247539364945,90.45454545454545,0.2072891150482451,0.10717655584467896,0.10717655584467896,0.1657412446757432,0.1948247539364945,0.1948247539364945,0
183,0,0.4398212432861328,0.28875748502772725,0.4207811835368256,0.19968809048871888,100.0,0.10671515205697252,0.4207811835368256,0.4207811835368256,0.4166249468294605,0.19968809048871888,0.19968809048871888,0
183,9,0.20279425382614136,0.28875748502772725,0.0,0.07999999999999996,93.75,0.07999999999999996,-0.3533952318690695,0.0,0.08,0.07999999999999996,0.07999999999999996,0
183,3,0.44496816396713257,0.28875748502772725,0.432415542128526,0.3629184080626884,88.2051282051282,0.33591239707406023,0.432415542128526,0.432415542128526,0.42593243370282086,0.3629184080626884,0.3629184080626884,0
183,5,0.23612840473651886,0.28875748502772725,0.0,0.09582210743562078,91.796875,0.10260301062231542,-0.20121143102519537,0.0,0.08,0.09582210743562078,0.09582210743562078,0
184,19,0.22526001930236816,0.28677088189925265,0.0,0.08972188244940771,94.53125,0.0938884034991539,-0.24142819019233275,0.0,0.08,0.08972188244940771,0.08972188244940771,0
184,8,0.9563400745391846,0.28677088189925265,0.7,0.6399999999999997,62.109375,0.6399999999999997,1.2044299758633785,0.7,0.6399999999999999,0.6399999999999997,0.6399999999999997,0
184,0,0.6413882374763489,0.28677088189925265,0.7,0.3317816633421032,100.0,0.19968809048871888,0.8049513529607516,0.7,0.6399999999999999,0.3317816633421032,0.3317816633421032,0
184,4,0.23646575212478638,0.28677088189925265,0.0,0.09673789505971844,88.9908256880734,0.10391127865674066,-0.1928801824707517,0.0,0.08,0.09673789505971844,0.09673789505971844,0
184,14,0.25602689385414124,0.28677088189925265,0.0,0.08296937239634236,88.88888888888889,0.08424196056620338,-0.11340107875640429,0.0,0.08,0.08296937239634236,0.08296937239634236,0
184,2,0.19683712720870972,0.28677088189925265,0.0,0.1411354426759703,92.3076923076923,0.1673363466799576,-0.37630693874995297,0.0,0.08,0.1411354426759703,0.1411354426759703,0
184,6,0.16146311163902283,0.28677088189925265,0.0,0.07999999999999996,94.140625,0.07999999999999996,-0.5744068432915711,0.0,0.08,0.07999999999999996,0.07999999999999996,0
184,5,0.38284701108932495,0.28677088189925265,0.2889518757525531,0.16042392538554728,89.84375,0.09582210743562078,0.2889518757525531,0.2889518757525531,0.3111615006020425,0.16042392538554728,0.16042392538554728,0
184,1,0.30158424377441406,0.28677088189925265,0.05036581490578501,0.11355432534067325,87.5,0.11066647109040695,0.05036581490578501,0.05036581490578501,0.12029265192462801,0.11355432534067325,0.11355432534067325,0
184,7,0.6686608195304871,0.28677088189925265,0.7,0.6397857683663641,71.875,0.6396939548090916,0.8465933394056419,0.7,0.6399999999999999,0.6397857683663641,0.6397857683663641,0
184,13,0.7647116184234619,0.28677088189925265,0.7,0.5994960212316046,80.43478260869566,0.5821371731880066,0.980815195557142,0.7,0.6399999999999999,0.5994960212316046,0.5994960212316046,0
184,9,0.23165802657604218,0.28677088189925265,0.0,0.07999999999999996,94.53125,0.07999999999999996,-0.21342130688124825,0.0,0.08,0.07999999999999996,0.07999999999999996,0
184,12,0.2971709370613098,0.28677088189925265,0.0356239416571555,0.15833960200433025,90.625,0.17969979429516134,0.0356239416571555,0.0356239416571555,0.1084991533257244,0.15833960200433025,0.15833960200433025,0
184,3,0.36750146746635437,0.28677088189925265,0.24804372806711583,0.33757338037998963,91.28205128205128,0.3629184080626884,0.24804372806711583,0.24804372806711583,0.2784349824536927,0.33757338037998963,0.33757338037998963,0
184,17,0.04529349505901337,0.28677088189925265,0.0,0.07999999999999996,97.65625,0.07999999999999996,-1.8455199648653837,0.0,0.08,0.07999999999999996,0.07999999999999996,0
184,16,0.231718972325325,0.28677088189925265,0.0,0.16037732775554614,86.81818181818181,0.1948247539364945,-0.21315825650478049,0.0,0.08,0.16037732775554614,0.16037732775554614,0
184,11,0.9703373908996582,0.28677088189925265,0.7,0.6399999999999997,55.859375,0.6399999999999997,1.2189602361012435,0.7,0.6399999999999999,0.6399999999999997,0.6399999999999997,0
184,15,0.36254429817199707,0.28677088189925265,0.23446308537100738,0.5177523488323688,85.71428571428571,0.6249731547761814,0.23446308537100738,0.23446308537100738,0.2675704682968059,0.5177523488323688,0.5177523488323688,0
184,18,0.20902998745441437,0.28677088189925265,0.0,0.07999999999999996,86.328125,0.07999999999999996,-0.31620584073870095,0.0,0.08,0.07999999999999996,0.07999999999999996,0
184,10,0.28376027941703796,0.28677088189925265,0.0,0.08000000000003457,96.875,0.08000000000004939,-0.010553780493463278,0.0,0.08,0.08000000000003457,0.08000000000003457,0
185,8,1.0105011463165283,0.28714035453324477,0.7,0.6399999999999997,56.25,0.6399999999999997,1.258230509914248,0.7,0.6399999999999999,0.6399999999999997,0.6399999999999997,0
185,2,0.2928224503993988,0.28714035453324477,0.01959531692937372,0.1274976859362289,96.92307692307692,0.1411354426759703,0.01959531692937372,0.01959531692937372,0.09567625354349898,0.1274976859362289,0.1274976859362289,0
185,14,0.15139196813106537,0.28714035453324477,0.0,0.08207856067743965,93.93939393939394,0.08296937239634236,-0.6400988162337894,0.0,0.08,0.08207856067743965,0.08207856067743965,0
185,15,1.1250879764556885,0.28714035453324477,0.7,0.5544266441826581,57.142857142857146,0.5177523488323688,1.3656453505329607,0.7,0.6399999999999999,0.5544266441826581,0.5544266441826581,0
185,10,0.22207358479499817,0.28714035453324477,0.0,0.08000000000002419,92.1875,0.08000000000003457,-0.2569623362089447,0.0,0.08,0.08000000000002419,0.08000000000002419,0
185,9,0.20838728547096252,0.28714035453324477,0.0,0.07999999999999996,94.140625,0.07999999999999996,-0.3205728254406634,0.0,0.08,0.07999999999999996,0.07999999999999996,0
185,18,0.17846114933490753,0.28714035453324477,0.0,0.07999999999999996,94.921875,0.07999999999999996,-0.4756001884500412,0.0,0.08,0.07999999999999996,0.07999999999999996,0
185,19,0.21672916412353516,0.28714035453324477,0.0,0.08680531771458538,91.796875,0.08972188244940771,-0.2813226426607422,0.0,0.08,0.08680531771458538,0.08680531771458538,0
185,13,0.8251904845237732,0.28714035453324477,0.7,0.6116472148621231,78.26086956521739,0.5994960212316046,1.055643090903734,0.7,0.6399999999999999,0.6116472148621231,0.6116472148621231,0
185,5,0.2534228563308716,0.28714035453324477,0.0,0.1362967477698831,89.84375,0.16042392538554728,-0.12491166932878622,0.0,0.08,0.1362967477698831,0.1362967477698831,0
185,6,0.18954576551914215,0.28714035453324477,0.0,0.07999999999999996,94.53125,0.07999999999999996,-0.41534061641067804,0.0,0.08,0.07999999999999996,0.07999999999999996,0
185,0,0.05871563032269478,0.28714035453324477,0.0,0.2562471643394722,100.0,0.3317816633421032,-1.5872650348659028,0.0,0.08,0.2562471643394722,0.2562471643394722,0
185,4,0.2827182412147522,0.28714035453324477,0.0,0.0917165265418029,93.57798165137615,0.09673789505971844,-0.015520348251055653,0.0,0.08,0.0917165265418029,0.0917165265418029,0
185,12,0.2644128203392029,0.28714035453324477,0.0,0.13483772140303116,89.0625,0.15833960200433025,-0.0824595381848719,0.0,0.08,0.13483772140303116,0.13483772140303116,0
185,17,0.04224555939435959,0.28714035453324477,0.0,0.07999999999999996,96.875,0.07999999999999996,-1.9164716893315104,0.0,0.08,0.07999999999999996,0.07999999999999996,0
185,3,0.42665478587150574,0.28714035453324477,0.39600407445221375,0.35534234413452404,89.74358974358974,0.33757338037998963,0.39600407445221375,0.39600407445221375,0.39680325956177104,0.35534234413452404,0.35534234413452404,0
185,1,0.23132239282131195,0.28714035453324477,0.0,0.10348802773847127,79.16666666666667,0.11355432534067325,-0.21615875055972666,0.0,0.08,0.10348802773847127,0.10348802773847127,0
185,7,0.6557782292366028,0.28714035453324477,0.7,0.6398500378564549,71.09375,0.6397857683663641,0.8258515106179862,0.7,0.6399999999999999,0.6398500378564549,0.6398500378564549,0
185,16,0.28199276328086853,0.28714035453324477,0.0,0.1362641294288823,91.81818181818181,0.16037732775554614,-0.018089727283978785,0.0,0.08,0.1362641294288823,0.1362641294288823,0
185,11,1.0204493999481201,0.28714035453324477,0.7,0.6399999999999997,52.734375,0.6399999999999997,1.2680272360017402,0.7,0.6399999999999999,0.6399999999999997,0.6399999999999997,0
186,13,0.485639750957489,0.284318102913424,0.5353733892622268,0.5806426638264206,80.43478260869566,0.6116472148621231,0.5353733892622268,0.5353733892622268,0.5082987114097814,0.5806426638264206,0.5806426638264206,0
186,18,0.15241532027721405,0.284318102913424,0.0,0.07999999999999996,92.1875,0.07999999999999996,-0.6234844966281559,0.0,0.08,0.07999999999999996,0.07999999999999996,0
186,3,0.39027753472328186,0.284318102913424,0.3167644119634942,0.3487630997654054,90.25641025641026,0.35534234413452404,0.3167644119634942,0.3167644119634942,0.3334115295707954,0.3487630997654054,0.3487630997654054,0
186,15,1.1101179122924805,0.284318102913424,0.7,0.5800986509278606,57.142857142857146,0.5544266441826581,1.362127797771436,0.7,0.6399999999999999,0.5800986509278606,0.5800986509278606,0
186,0,0.2822675108909607,0.284318102913424,0.0,0.20337301503763053,100.0,0.2562471643394722,-0.007238450301366888,0.0,0.08,0.20337301503763053,0.20337301503763053,0
186,11,1.066651701927185,0.284318102913424,0.7,0.6399999999999997,58.59375,0.6399999999999997,1.3221860527613627,0.7,0.6399999999999999,0.6399999999999997,0.6399999999999997,0
186,7,0.6607036590576172,0.284318102913424,0.7,0.6398950264995183,78.515625,0.6398500378564549,0.8432117051169777,0.7,0.6399999999999999,0.6398950264995183,0.6398950264995183,0
186,12,0.3396630883216858,0.284318102913424,0.1778605118758936,0.1610729278323363,88.671875,0.13483772140303116,0.1778605118758936,0.1778605118758936,0.22228840950071488,0.1610729278323363,0.1610729278323363,0
186,16,0.2581186592578888,0.284318102913424,0.0,0.11938489060021762,90.9090909090909,0.1362641294288823,-0.096674289654695,0.0,0.08,0.11938489060021762,0.11938489060021762,0
186,17,0.11372299492359161,0.284318102913424,0.0,0.07999999999999996,96.875,0.07999999999999996,-0.9163280168784743,0.0,0.08,0.07999999999999996,0.07999999999999996,0
186,6,0.22903892397880554,0.284318102913424,0.0,0.07999999999999996,92.96875,0.07999999999999996,-0.21620172071417906,0.0,0.08,0.07999999999999996,0.07999999999999996,0
186,8,0.9230797290802002,0.284318102913424,0.7,0.6399999999999997,52.734375,0.6399999999999997,1.1776218947823647,0.7,0.6399999999999999,0.6399999999999997,0.6399999999999997,0
186,1,0.26908937096595764,0.284318102913424,0.0,0.09644161941692989,95.83333333333333,0.10348802773847127,-0.05505013153091364,0.0,0.08,0.09644161941692989,0.09644161941692989,0
186,4,0.22119328379631042,0.284318102913424,0.0,0.08820156857926204,92.66055045871559,0.0917165265418029,-0.251056775379736,0.0,0.08,0.08820156857926204,0.08820156857926204,0
186,10,0.24139872193336487,0.284318102913424,0.0,0.08000000000001693,94.921875,0.08000000000002419,-0.16364367151082787,0.0,0.08,0.08000000000001693,0.08000000000001693,0
186,19,0.29878103733062744,0.284318102913424,0.04961729477343875,0.09667187314583507,92.578125,0.08680531771458538,0.04961729477343875,0.04961729477343875,0.11969383581875101,0.09667187314583507,0.09667187314583507,0
186,9,0.22570019960403442,0.284318102913424,0.0,0.07999999999999996,93.75,0.07999999999999996,-0.2308861146844943,0.0,0.08,0.07999999999999996,0.07999999999999996,0
186,2,0.3003860116004944,0.284318102913424,0.05497465899398077,0.12644229831391562,93.84615384615384,0.1274976859362289,0.05497465899398077,0.05497465899398077,0.12397972719518462,0.12644229831391562,0.12644229831391562,0
186,5,0.32191574573516846,0.284318102913424,0.12419615597034254,0.1492148008718004,92.1875,0.1362967477698831,0.12419615597034254,0.12419615597034254,0.17935692477627405,0.1492148008718004,0.1492148008718004,0
186,14,0.14368444681167603,0.284318102913424,0.0,0.08145499247420776,95.95959595959596,0.08207856067743965,-0.6824741041067679,0.0,0.08,0.08145499247420776,0.08145499247420776,0
187,15,0.5744377374649048,0.284938720033161,0.7,0.5980690556495024,78.57142857142857,0.5800986509278606,0.7011175570965642,0.7,0.6399999999999999,0.5980690556495024,0.5980690556495024,0
187,14,0.31222742795944214,0.284938720033161,0.09145771524337053,0.10296834639035435,95.95959595959596,0.08145499247420776,0.09145771524337053,0.09145771524337053,0.15316617219469641,0.10296834639035435,0.10296834639035435,0
187,13,0.7683764696121216,0.284938720033161,0.7,0.5984498646784944,78.26086956521739,0.5806426638264206,0.992005646046501,0.7,0.6399999999999999,0.5984498646784944,0.5984498646784944,0
187,6,0.2073003649711609,0.284938720033161,0.0,0.07999999999999996,95.703125,0.07999999999999996,-0.31810534654336514,0.0,0.08,0.07999999999999996,0.07999999999999996,0
187,7,0.7576431632041931,0.284938720033161,0.7,0.6399265185496628,73.828125,0.6398950264995183,0.9779383522372905,0.7,0.6399999999999999,0.6399265185496628,0.6399265185496628,0
187,3,0.4533851146697998,0.284938720033161,0.4644677543147548,0.37960643087132495,94.35897435897436,0.3487630997654054,0.4644677543147548,0.4644677543147548,0.4515742034518039,0.37960643087132495,0.37960643087132495,0
187,12,0.3035043478012085,0.284938720033161,0.0631217940679532,0.15190028005894415,89.84375,0.1610729278323363,0.0631217940679532,0.0631217940679532,0.13049743525436255,0.15190028005894415,0.15190028005894415,0
187,5,0.3262712061405182,0.284938720033161,0.13545481202143947,0.16095951549540574,89.0625,0.1492148008718004,0.13545481202143947,0.13545481202143947,0.18836384961715158,0.16095951549540574,0.16095951549540574,0
187,0,0.48165491223335266,0.284938720033161,0.5249537538577719,0.2923500114522066,100.0,0.20337301503763053,0.5249537538577719,0.5249537538577719,0.49996300308621755,0.2923500114522066,0.2923500114522066,0
187,17,0.08311881124973297,0.284938720033161,0.0,0.07999999999999996,96.09375,0.07999999999999996,-1.232003009433784,0.0,0.08,0.07999999999999996,0.07999999999999996,0
187,11,1.0011719465255737,0.284938720033161,0.7,0.6399999999999997,58.203125,0.6399999999999997,1.2566523744858955,0.7,0.6399999999999999,0.6399999999999997,0.6399999999999997,0
187,8,1.1475099325180054,0.284938720033161,0.7,0.6399999999999997,57.8125,0.6399999999999997,1.393075431584023,0.7,0.6399999999999999,0.6399999999999997,0.6399999999999997,0
187,10,0.19673806428909302,0.284938720033161,0.0,0.08000000000001184,93.75,0.08000000000001693,-0.37040090288071503,0.0,0.08,0.08000000000001184,0.08000000000001184,0
187,16,0.3121813237667084,0.284938720033161,0.09131004213272495,0.12948383353200632,91.81818181818181,0.11938489060021762,0.09131004213272495,0.09131004213272495,0.15304803370617998,0.12948383353200632,0.12948383353200632,0
187,2,0.2829022705554962,0.284938720033161,0.0,0.11250960881974092,92.3076923076923,0.12644229831391562,-0.007172635193300191,0.0,0.08,0.11250960881974092,0.11250960881974092,0
187,18,0.1683826893568039,0.284938720033161,0.0,0.07999999999999996,93.75,0.07999999999999996,-0.5260348136971696,0.0,0.08,0.07999999999999996,0.07999999999999996,0
187,4,0.30592668056488037,0.284938720033161,0.07107132511587591,0.10279821603329364,90.8256880733945,0.08820156857926204,0.07107132511587591,0.07107132511587591,0.13685706009270074,0.10279821603329364,0.10279821603329364,0
187,9,0.1839352548122406,0.284938720033161,0.0,0.07999999999999996,94.53125,0.07999999999999996,-0.4376903007842332,0.0,0.08,0.07999999999999996,0.07999999999999996,0
187,19,0.25696608424186707,0.284938720033161,0.0,0.09167031120208455,92.1875,0.09667187314583507,-0.10333002764500021,0.0,0.08,0.09167031120208455,0.09167031120208455,0
187,1,0.32770079374313354,0.284938720033161,0.13982683356459952,0.1250675736473548,91.66666666666667,0.09644161941692989,0.13982683356459952,0.13982683356459952,0.19186146685167962,0.1250675736473548,0.1250675736473548,0
188,16,0.35413888096809387,0.28766528561615246,0.20789154725760128,0.16453265481422874,90.0,0.12948383353200632,0.20789154725760128,0.20789154725760128,0.24631323780608105,0.16453265481422874,0.16453265481422874,0
188,6,0.17433682084083557,0.28766528561615246,0.0,0.07999999999999996,93.359375,0.07999999999999996,-0.5008083989154725,0.0,0.08,0.07999999999999996,0.07999999999999996,0
188,2,0.24550925195217133,0.28766528561615246,0.0,0.10275672617381865,90.76923076923077,0.11250960881974092,-0.15846296287987913,0.0,0.08,0.10275672617381865,0.10275672617381865,0
188,8,1.1022932529449463,0.28766528561615246,0.7,0.6399999999999997,55.46875,0.6399999999999997,1.3433504368387734,0.7,0.6399999999999999,0.6399999999999997,0.6399999999999997,0
188,9,0.16367411613464355,0.28766528561615246,0.0,0.07999999999999996,92.1875,0.07999999999999996,-0.5639202210103512,0.0,0.08,0.07999999999999996,0.07999999999999996,0
188,3,0.31560203433036804,0.28766528561615246,0.09268443025456351,0.3119687648710227,89.74358974358974,0.37960643087132495,0.09268443025456351,0.09268443025456351,0.15414754420365082,0.3119687648710227,0.3119687648710227,0
188,4,0.31843921542167664,0.28766528561615246,0.10163400550656625,0.12035091254488145,93.57798165137615,0.10279821603329364,0.10163400550656625,0.10163400550656625,0.161307204405253,0.12035091254488145,0.12035091254488145,0
188,12,0.24366495013237,0.28766528561615246,0.0,0.1303301960412609,94.140625,0.15190028005894415,-0.16600346879914926,0.0,0.08,0.1303301960412609,0.1303301960412609,0
188,15,0.6689242720603943,0.28766528561615246,0.7,0.6106483389546516,71.42857142857143,0.5980690556495024,0.843873236650543,0.7,0.6399999999999999,0.6106483389546516,0.6106483389546516,0
188,14,0.21934284269809723,0.28766528561615246,0.0,0.09607784247324805,88.88888888888889,0.10296834639035435,-0.27116159322106625,0.0,0.08,0.09607784247324805,0.09607784247324805,0
188,7,0.6714940071105957,0.28766528561615246,0.7,0.6399485629847639,70.3125,0.6399265185496628,0.8477074698895302,0.7,0.6399999999999999,0.6399485629847639,0.6399485629847639,0
188,10,0.21129746735095978,0.28766528561615246,0.0,0.08000000000000829,94.921875,0.08000000000001184,-0.30853065045301237,0.0,0.08,0.08000000000000829,0.08000000000000829,0
188,1,0.19836163520812988,0.28766528561615246,0.0,0.11154730155314835,79.16666666666667,0.1250675736473548,-0.3717057806571555,0.0,0.08,0.11154730155314835,0.11154730155314835,0
188,11,1.013671875,0.28766528561615246,0.7,0.6399999999999997,60.546875,0.6399999999999997,1.2595369106780752,0.7,0.6399999999999999,0.6399999999999997,0.6399999999999997,0
188,13,0.8522639274597168,0.28766528561615246,0.7,0.610914905274946,71.73913043478261,0.5984498646784944,1.0860986283108909,0.7,0.6399999999999999,0.610914905274946,0.610914905274946,0
188,5,0.26995861530303955,0.28766528561615246,0.0,0.136671660846784,91.015625,0.16095951549540574,-0.0635289286579551,0.0,0.08,0.136671660846784,0.136671660846784,0
188,0,0.55096834897995,0.28766528561615246,0.6498797464897003,0.38461614717407266,100.0,0.2923500114522066,0.6498797464897003,0.6498797464897003,0.5999037971917602,0.38461614717407266,0.38461614717407266,0
188,19,0.2752438485622406,0.28766528561615246,0.0,0.08816921784145917,95.703125,0.09167031120208455,-0.044140173158809366,0.0,0.08,0.08816921784145917,0.08816921784145917,0
188,18,0.18185174465179443,0.28766528561615246,0.0,0.07999999999999996,92.1875,0.07999999999999996,-0.4586058160128077,0.0,0.08,0.07999999999999996,0.07999999999999996,0
188,17,0.14295578002929688,0.28766528561615246,0.0,0.07999999999999996,97.65625,0.07999999999999996,-0.6992622144699493,0.0,0.08,0.07999999999999996,0.07999999999999996,0
189,7,0.6432117819786072,0.28615888024780123,0.7,0.6399639940893347,71.09375,0.6399485629847639,0.8099268341364212,0.7,0.6399999999999999,0.6399639940893347,0.6399639940893347,0
189,6,0.20141112804412842,0.28615888024780123,0.0,0.07999999999999996,91.40625,0.07999999999999996,-0.3511989350061048,0.0,0.08,0.07999999999999996,0.07999999999999996,0
189,13,0.3645450472831726,0.28615888024780123,0.24210294089438636,0.5097451395071149,69.56521739130434,0.610914905274946,0.24210294089438636,0.24210294089438636,0.2736823527155091,0.5097451395071149,0.5097451395071149,0
189,5,0.30665919184684753,0.28615888024780123,0.06918982241459569,0.13627571997225177,90.625,0.136671660846784,0.06918982241459569,0.06918982241459569,0.13535185793167656,0.13627571997225177,0.13627571997225177,0
189,9,0.17860455811023712,0.28615888024780123,0.0,0.07999999999999996,96.09375,0.07999999999999996,-0.4713729714200958,0.0,0.08,0.07999999999999996,0.07999999999999996,0
189,8,1.0034881830215454,0.28615888024780123,0.7,0.6399999999999997,48.828125,0.6399999999999997,1.254690185508658,0.7,0.6399999999999999,0.6399999999999997,0.6399999999999997,0
189,15,0.5944786667823792,0.28615888024780123,0.7,0.6194538372682561,64.28571428571429,0.6106483389546516,0.7311376311459471,0.7,0.6399999999999999,0.6194538372682561,0.6194538372682561,0
189,14,0.24414141476154327,0.28615888024780123,0.0,0.09125448973127362,93.93939393939394,0.09607784247324805,-0.15879954979751001,0.0,0.08,0.09125448973127362,0.09125448973127362,0
189,4,0.31945422291755676,0.28615888024780123,0.11006680074211282,0.13466167095952408,88.9908256880734,0.12035091254488145,0.11006680074211282,0.11006680074211282,0.16805344059369026,0.13466167095952408,0.13466167095952408,0
189,2,0.2731268107891083,0.28615888024780123,0.0,0.09592970832167305,98.46153846153847,0.10275672617381865,-0.04661098452797835,0.0,0.08,0.09592970832167305,0.09592970832167305,0
189,11,0.9639109373092651,0.28615888024780123,0.7,0.6399999999999997,63.671875,0.6399999999999997,1.2144516951731597,0.7,0.6399999999999999,0.6399999999999997,0.6399999999999997,0
189,17,0.0663064569234848,0.28615888024780123,0.0,0.07999999999999996,98.828125,0.07999999999999996,-1.462259784101233,0.0,0.08,0.07999999999999996,0.07999999999999996,0
189,18,0.15185941755771637,0.28615888024780123,0.0,0.07999999999999996,94.53125,0.07999999999999996,-0.633591942621973,0.0,0.08,0.07999999999999996,0.07999999999999996,0
189,16,0.29370176792144775,0.28615888024780123,0.026017674854829143,0.1454171003351191,91.36363636363636,0.16453265481422874,0.026017674854829143,0.026017674854829143,0.10081413988386331,0.1454171003351191,0.1454171003351191,0
189,12,0.25965946912765503,0.28615888024780123,0.0,0.11523113722888262,90.234375,0.1303301960412609,-0.09717613990863624,0.0,0.08,0.11523113722888262,0.11523113722888262,0
189,10,0.138643279671669,0.28615888024780123,0.0,0.08000000000000579,94.53125,0.08000000000000829,-0.7246428435776399,0.0,0.08,0.08000000000000579,0.08000000000000579,0
189,0,0.03574158623814583,0.28615888024780123,0.0,0.29323130302185085,100.0,0.38461614717407266,-2.080232045615339,0.0,0.08,0.29323130302185085,0.29323130302185085,0
189,19,0.21952831745147705,0.28615888024780123,0.0,0.08571845248902142,93.75,0.08816921784145917,-0.26506593822329644,0.0,0.08,0.08571845248902142,0.08571845248902142,0
189,1,0.2287665605545044,0.28615888024780123,0.0,0.10208311108720383,95.83333333333333,0.11154730155314835,-0.22384507574581247,0.0,0.08,0.10208311108720383,0.10208311108720383,0
189,3,0.3825194537639618,0.28615888024780123,0.2902323207690196,0.3120338923942806,88.2051282051282,0.3119687648710227,0.2902323207690196,0.2902323207690196,0.3121858566152157,0.3120338923942806,0.3120338923942806,0
190,2,0.4315239191055298,0.2841823062188593,0.41770697390753064,0.19140046956297846,89.23076923076923,0.09592970832167305,0.41770697390753064,0.41770697390753064,0.41416557912602453,0.19140046956297846,0.19140046956297846,0
190,11,1.0294760465621948,0.2841823062188593,0.7,0.6399999999999997,62.109375,0.6399999999999997,1.2871892781402015,0.7,0.6399999999999999,0.6399999999999997,0.6399999999999997,0
190,5,0.28363901376724243,0.2841823062188593,0.0,0.11939300398057623,91.40625,0.13627571997225177,-0.0019136040833530544,0.0,0.08,0.11939300398057623,0.11939300398057623,0
190,6,0.16432316601276398,0.2841823062188593,0.0,0.07999999999999996,96.875,0.07999999999999996,-0.5477809164997387,0.0,0.08,0.07999999999999996,0.07999999999999996,0
190,16,0.35161781311035156,0.2841823062188593,0.21292886525529864,0.17689489789585505,91.36363636363636,0.1454171003351191,0.21292886525529864,0.21292886525529864,0.25034309220423895,0.17689489789585505,0.17689489789585505,0
190,9,0.1896781474351883,0.2841823062188593,0.0,0.07999999999999996,93.359375,0.07999999999999996,-0.40428726307119733,0.0,0.08,0.07999999999999996,0.07999999999999996,0
190,15,0.7264687418937683,0.2841823062188593,0.7,0.6256176860877792,85.71428571428571,0.6194538372682561,0.9385794795280555,0.7,0.6399999999999999,0.6256176860877792,0.6256176860877792,0
190,14,0.20971114933490753,0.2841823062188593,0.0,0.08787814281189152,93.93939393939394,0.09125448973127362,-0.3038848385066404,0.0,0.08,0.08787814281189152,0.08787814281189152,0
190,3,0.33881157636642456,0.2841823062188593,0.17582816973006796,0.2846224854112127,88.2051282051282,0.3120338923942806,0.17582816973006796,0.17582816973006796,0.22066253578405437,0.2846224854112127,0.2846224854112127,0
190,17,0.09314662963151932,0.2841823062188593,0.0,0.07999999999999996,96.875,0.07999999999999996,-1.115440969123445,0.0,0.08,0.07999999999999996,0.07999999999999996,0
190,19,0.19144754111766815,0.2841823062188593,0.0,0.084002916742315,91.015625,0.08571845248902142,-0.39500210410663894,0.0,0.08,0.084002916742315,0.084002916742315,0
190,12,0.37877145409584045,0.2841823062188593,0.28731703538686104,0.17361788455306448,89.453125,0.11523113722888262,0.28731703538686104,0.28731703538686104,0.30985362830948887,0.17361788455306448,0.17361788455306448,0
190,0,0.1027132049202919,0.2841823062188593,0.0,0.2292619121152956,83.33333333333333,0.29323130302185085,-1.0176752070759938,0.0,0.08,0.2292619121152956,0.2292619121152956,0
190,8,1.199109435081482,0.2841823062188593,0.7,0.6399999999999997,54.296875,0.6399999999999997,1.4397184404521162,0.7,0.6399999999999999,0.6399999999999997,0.6399999999999997,0
190,7,0.6988782286643982,0.2841823062188593,0.7,0.6399747958625343,71.09375,0.6399639940893347,0.8998605427360856,0.7,0.6399999999999999,0.6399747958625343,0.6399747958625343,0
190,13,0.6370919346809387,0.2841823062188593,0.7,0.5488215976549804,67.3913043478261,0.5097451395071149,0.8072979946034937,0.7,0.6399999999999999,0.5488215976549804,0.5488215976549804,0
190,10,0.2041107565164566,0.2841823062188593,0.0,0.08000000000000404,93.359375,0.08000000000000579,-0.3309531711035557,0.0,0.08,0.08000000000000404,0.08000000000000404,0
190,1,0.07828135043382645,0.2841823062188593,0.0,0.09545817776104268,83.33333333333333,0.10208311108720383,-1.289306469261332,0.0,0.08,0.09545817776104268,0.09545817776104268,0
190,18,0.1771015226840973,0.2841823062188593,0.0,0.07999999999999996,94.53125,0.07999999999999996,-0.4728927916170228,0.0,0.08,0.07999999999999996,0.07999999999999996,0
190,4,0.31505969166755676,0.2841823062188593,0.10314615925952529,0.14301824789395293,91.74311926605505,0.13466167095952408,0.10314615925952529,0.10314615925952529,0.16251692740762025,0.14301824789395293,0.14301824789395293,0
191,12,0.3221643567085266,0.28569901086871335,0.12012298882280596,0.17436203650461857,87.109375,0.17361788455306448,0.12012298882280596,0.12012298882280596,0.17609839105824476,0.17436203650461857,0.17436203650461857,0
191,2,0.250360906124115,0.28569901086871335,0.0,0.1579803286940849,93.84615384615384,0.19140046956297846,-0.1320353408230164,0.0,0.08,0.1579803286940849,0.1579803286940849,0
191,3,0.2720883786678314,0.28569901086871335,0.0,0.22323573978784889,84.1025641025641,0.2846224854112127,-0.04881191025390723,0.0,0.08,0.22323573978784889,0.22323573978784889,0
191,11,0.9769641757011414,0.28569901086871335,0.7,0.6399999999999997,59.375,0.6399999999999997,1.2295111118513808,0.7,0.6399999999999999,0.6399999999999997,0.6399999999999997,0
191,13,0.6125736832618713,0.28569901086871335,0.7,0.5761751183584862,76.08695652173913,0.5488215976549804,0.7627303686111402,0.7,0.6399999999999999,0.5761751183584862,0.5761751183584862,0
191,8,1.1103792190551758,0.28569901086871335,0.7,0.6399999999999997,53.90625,0.6399999999999997,1.357518001655521,0.7,0.6399999999999999,0.6399999999999997,0.6399999999999997,0
191,16,0.36784467101097107,0.28569901086871335,0.25272190450531473,0.20847968560837407,90.0,0.17689489789585505,0.25272190450531473,0.25272190450531473,0.2821775236042518,0.20847968560837407,0.20847968560837407,0
191,19,0.19427897036075592,0.28569901086871335,0.0,0.0828020417196205,92.1875,0.084002916742315,-0.38564371293375294,0.0,0.08,0.0828020417196205,0.0828020417196205,0
191,14,0.1837715357542038,0.28569901086871335,0.0,0.08551469996832406,93.93939393939394,0.08787814281189152,-0.4412454950757828,0.0,0.08,0.08551469996832406,0.08551469996832406,0
191,0,0.021779360249638557,0.28569901086871335,0.0,0.1844833384807069,83.33333333333333,0.2292619121152956,-2.573975679171212,0.0,0.08,0.1844833384807069,0.1844833384807069,0
191,4,0.3033549189567566,0.28569901086871335,0.05996462057152662,0.13850428246293342,93.57798165137615,0.14301824789395293,0.05996462057152662,0.05996462057152662,0.12797169645722128,0.13850428246293342,0.13850428246293342,0
191,10,0.16978131234645844,0.28569901086871335,0.0,0.08000000000000282,94.53125,0.08000000000000404,-0.520427612232576,0.0,0.08,0.08000000000000282,0.08000000000000282,0
191,7,0.736893892288208,0.28569901086871335,0.7,0.6399823571037739,72.65625,0.6399747958625343,0.9475050408228829,0.7,0.6399999999999999,0.6399823571037739,0.6399823571037739,0
191,17,0.16129501163959503,0.28569901086871335,0.0,0.07999999999999996,97.265625,0.07999999999999996,-0.5717037614278062,0.0,0.08,0.07999999999999996,0.07999999999999996,0
191,9,0.13278235495090485,0.28569901086871335,0.0,0.07999999999999996,95.3125,0.07999999999999996,-0.7662274479199626,0.0,0.08,0.07999999999999996,0.07999999999999996,0
191,18,0.19705353677272797,0.28569901086871335,0.0,0.07999999999999996,94.921875,0.07999999999999996,-0.37146337926685574,0.0,0.08,0.07999999999999996,0.07999999999999996,0
191,1,0.24804754555225372,0.28569901086871335,0.0,0.09082072443272987,83.33333333333333,0.09545817776104268,-0.14131839805880664,0.0,0.08,0.09082072443272987,0.09082072443272987,0
191,15,0.884242057800293,0.28569901086871335,0.7,0.6299323802614454,35.714285714285715,0.6256176860877792,1.1297919754056853,0.7,0.6399999999999999,0.6299323802614454,0.6299323802614454,0
191,6,0.2052295058965683,0.28569901086871335,0.0,0.07999999999999996,90.625,0.07999999999999996,-0.3308099394954191,0.0,0.08,0.07999999999999996,0.07999999999999996,0
191,5,0.2299032360315323,0.28569901086871335,0.0,0.10757510278640336,90.625,0.11939300398057623,-0.217280331111126,0.0,0.08,0.10757510278640336,0.10757510278640336,0
192,10,0.16030028462409973,0.28204953236566044,0.0,0.08000000000000197,95.3125,0.08000000000000282,-0.5650338400872673,0.0,0.08,0.08000000000000197,0.08000000000000197,0
192,5,0.29291585087776184,0.28204953236566044,0.03780266588225682,0.10837521176222398,91.015625,0.10757510278640336,0.03780266588225682,0.03780266588225682,0.11024213270580546,0.10837521176222398,0.10837521176222398,0
192,17,0.15599380433559418,0.28204953236566044,0.0,0.07999999999999996,96.09375,0.07999999999999996,-0.5922663828870656,0.0,0.08,0.07999999999999996,0.07999999999999996,0
192,1,0.22398029267787933,0.28204953236566044,0.0,0.0875745071029109,91.66666666666667,0.09082072443272987,-0.23052462414071992,0.0,0.08,0.0875745071029109,0.0875745071029109,0
192,8,0.9454586505889893,0.28204953236566044,0.7,0.6399999999999997,52.34375,0.6399999999999997,1.2095874272121232,0.7,0.6399999999999999,0.6399999999999997,0.6399999999999997,0
192,7,0.5277348756790161,0.28204953236566044,0.6265113094946407,0.6223503642513555,76.5625,0.6399823571037739,0.6265113094946407,0.6265113094946407,0.5812090475957126,0.6223503642513555,0.6223503642513555,0
192,19,0.2529212534427643,0.28204953236566044,0.0,0.08196142920373434,91.796875,0.0828020417196205,-0.10900450905310992,0.0,0.08,0.08196142920373434,0.08196142920373434,0
192,2,0.17807146906852722,0.28204953236566044,0.0,0.13458623008585943,89.23076923076923,0.1579803286940849,-0.4598977001695151,0.0,0.08,0.13458623008585943,0.13458623008585943,0
192,4,0.37018290162086487,0.28204953236566044,0.2719145015612546,0.1862124780987545,89.90825688073394,0.13850428246293342,0.2719145015612546,0.2719145015612546,0.2975316012490037,0.1862124780987545,0.1862124780987545,0
192,11,0.8684703707695007,0.28204953236566044,0.7,0.6399999999999997,62.890625,0.6399999999999997,1.1246507435517221,0.7,0.6399999999999999,0.6399999999999997,0.6399999999999997,0
192,6,0.15931570529937744,0.28204953236566044,0.0,0.07999999999999996,93.359375,0.07999999999999996,-0.5711948733807606,0.0,0.08,0.07999999999999996,0.07999999999999996,0
192,3,0.38157981634140015,0.28204953236566044,0.3022373345394761,0.2528019781409685,86.66666666666667,0.22323573978784889,0.3022373345394761,0.3022373345394761,0.3217898676315809,0.2528019781409685,0.2528019781409685,0
192,16,0.302905797958374,0.28204953236566044,0.07133915470149128,0.18705717705421976,91.36363636363636,0.20847968560837407,0.07133915470149128,0.07133915470149128,0.13707132376119302,0.18705717705421976,0.18705717705421976,0
192,15,0.85496586561203,0.28204953236566044,0.7,0.6329526661830117,71.42857142857143,0.6299323802614454,1.1089788189198513,0.7,0.6399999999999999,0.6329526661830117,0.6329526661830117,0
192,13,0.5886645317077637,0.28204953236566044,0.7,0.5953225828509403,82.6086956521739,0.5761751183584862,0.7357737450507751,0.7,0.6399999999999999,0.5953225828509403,0.5953225828509403,0
192,12,0.3544958829879761,0.28204953236566044,0.2286140228841563,0.2009207910454305,86.71875,0.17436203650461857,0.2286140228841563,0.2286140228841563,0.26289121830732504,0.2009207910454305,0.2009207910454305,0
192,18,0.13239865005016327,0.28204953236566044,0.0,0.07999999999999996,92.96875,0.07999999999999996,-0.7562652146708936,0.0,0.08,0.07999999999999996,0.07999999999999996,0
192,14,0.14603082835674286,0.28204953236566044,0.0,0.08386028997782684,91.91919191919192,0.08551469996832406,-0.6582649166298274,0.0,0.08,0.08386028997782684,0.08386028997782684,0
192,0,0.4009416103363037,0.28204953236566044,0.3517330938562214,0.23755427946198798,83.33333333333333,0.1844833384807069,0.3517330938562214,0.3517330938562214,0.3613864750849772,0.23755427946198798,0.23755427946198798,0
192,9,0.19048650562763214,0.28204953236566044,0.0,0.07999999999999996,94.53125,0.07999999999999996,-0.39250132970101964,0.0,0.08,0.07999999999999996,0.07999999999999996,0
193,15,1.0710837841033936,0.2836356615709012,0.7,0.6350668663281082,64.28571428571429,0.6329526661830117,1.3287357384849183,0.7,0.6399999999999999,0.6350668663281082,0.6350668663281082,0
193,6,0.21357561647891998,0.2836356615709012,0.0,0.07999999999999996,95.3125,0.07999999999999996,-0.2836995756973518,0.0,0.08,0.07999999999999996,0.07999999999999996,0
193,9,0.15737184882164001,0.2836356615709012,0.0,0.07999999999999996,94.140625,0.07999999999999996,-0.5890790356932054,0.0,0.08,0.07999999999999996,0.07999999999999996,0
193,4,0.26227447390556335,0.2836356615709012,0.0,0.15434873466912813,95.41284403669725,0.1862124780987545,-0.07829896417287721,0.0,0.08,0.15434873466912813,0.15434873466912813,0
193,13,0.6143167614936829,0.2836356615709012,0.7,0.6087258079956581,71.73913043478261,0.5953225828509403,0.7728201415660517,0.7,0.6399999999999999,0.6087258079956581,0.6087258079956581,0
193,5,0.28259971737861633,0.2836356615709012,0.0,0.09986264823355678,88.28125,0.10837521176222398,-0.003659062467795594,0.0,0.08,0.09986264823355678,0.09986264823355678,0
193,10,0.18721093237400055,0.2836356615709012,0.0,0.08000000000000138,92.96875,0.08000000000000197,-0.41545455284003663,0.0,0.08,0.08000000000000138,0.08000000000000138,0
193,0,0.05901731550693512,0.2836356615709012,0.0,0.19028799562339158,100.0,0.23755427946198798,-1.5698595145696606,0.0,0.08,0.19028799562339158,0.19028799562339158,0
193,11,0.9887140393257141,0.2836356615709012,0.7,0.6399999999999997,60.546875,0.6399999999999997,1.2487145906718904,0.7,0.6399999999999999,0.6399999999999997,0.6399999999999997,0
193,12,0.3277767598628998,0.2836356615709012,0.14464222897058127,0.19935868868474085,88.671875,0.2009207910454305,0.14464222897058127,0.14464222897058127,0.19571378317646504,0.19935868868474085,0.19935868868474085,0
193,1,0.1141657903790474,0.2836356615709012,0.0,0.08530215497203762,87.5,0.0875745071029109,-0.9100387869431649,0.0,0.08,0.08530215497203762,0.08530215497203762,0
193,14,0.15666472911834717,0.2836356615709012,0.0,0.08270220298447878,89.8989898989899,0.08386028997782684,-0.5935824655673998,0.0,0.08,0.08270220298447878,0.08270220298447878,0
193,17,0.16879954934120178,0.2836356615709012,0.0,0.07999999999999996,97.265625,0.07999999999999996,-0.5189785964072489,0.0,0.08,0.07999999999999996,0.07999999999999996,0
193,7,0.6019954681396484,0.2836356615709012,0.7,0.6276452549759488,78.125,0.6223503642513555,0.7525593658568835,0.7,0.6399999999999999,0.6276452549759488,0.6276452549759488,0
193,3,0.3657818138599396,0.2836356615709012,0.2543464779572652,0.2620045394084216,89.23076923076923,0.2528019781409685,0.2543464779572652,0.2543464779572652,0.2834771823658122,0.2620045394084216,0.2620045394084216,0
193,19,0.2272360771894455,0.2836356615709012,0.0,0.08137300044261403,92.578125,0.08196142920373434,-0.22170105933306744,0.0,0.08,0.08137300044261403,0.08137300044261403,0
193,18,0.21175195276737213,0.2836356615709012,0.0,0.07999999999999996,92.578125,0.07999999999999996,-0.2922749652711887,0.0,0.08,0.07999999999999996,0.07999999999999996,0
193,16,0.3571694791316986,0.2836356615709012,0.23051986056176885,0.21026479047277835,85.9090909090909,0.18705717705421976,0.23051986056176885,0.23051986056176885,0.2644158884494151,0.21026479047277835,0.21026479047277835,0
193,2,0.16580532491207123,0.2836356615709012,0.0,0.1182103610601016,87.6923076923077,0.13458623008585943,-0.5368761490525167,0.0,0.08,0.1182103610601016,0.1182103610601016,0
193,8,1.0396673679351807,0.2836356615709012,0.7,0.6399999999999997,56.640625,0.6399999999999997,1.298965544042971,0.7,0.6399999999999999,0.6399999999999997,0.6399999999999997,0
194,13,0.4198896884918213,0.2797476229685615,0.40610416822967715,0.5475730659720832,69.56521739130434,0.6087258079956581,0.40610416822967715,0.40610416822967715,0.40488333458374176,0.5475730659720832,0.5475730659720832,0
194,1,0.12479216605424881,0.2797476229685615,0.0,0.08371150848042633,75.0,0.08530215497203762,-0.8072381238207488,0.0,0.08,0.08371150848042633,0.08371150848042633,0
194,18,0.13576596975326538,0.2797476229685615,0.0,0.07999999999999996,92.96875,0.07999999999999996,-0.7229552194587665,0.0,0.08,0.07999999999999996,0.07999999999999996,0
194,3,0.35402607917785645,0.2797476229685615,0.2354827227428727,0.26391903104418457,89.23076923076923,0.2620045394084216,0.2354827227428727,0.2354827227428727,0.26838617819429816,0.26391903104418457,0.26391903104418457,0
194,15,0.8738700151443481,0.2797476229685615,0.7,0.6365468064296756,50.0,0.6350668663281082,1.1390437660293737,0.7,0.6399999999999999,0.6365468064296756,0.6365468064296756,0
194,17,0.09764933586120605,0.2797476229685615,0.0,0.07999999999999996,95.3125,0.07999999999999996,-1.052504927427575,0.0,0.08,0.07999999999999996,0.07999999999999996,0
194,10,0.1836865395307541,0.2797476229685615,0.0,0.08000000000000096,93.75,0.08000000000000138,-0.4206571161338433,0.0,0.08,0.08000000000000096,0.08000000000000096,0
194,9,0.18935030698776245,0.2797476229685615,0.0,0.07999999999999996,96.484375,0.07999999999999996,-0.39028905748767634,0.0,0.08,0.07999999999999996,0.07999999999999996,0
194,6,0.202045738697052,0.2797476229685615,0.0,0.07999999999999996,92.1875,0.07999999999999996,-0.3253937354607988,0.0,0.08,0.07999999999999996,0.07999999999999996,0
194,14,0.15907081961631775,0.2797476229685615,0.0,0.08189154208913514,93.93939393939394,0.08270220298447878,-0.5645383136045882,0.0,0.08,0.08189154208913514,0.08189154208913514,0
194,11,0.9291360378265381,0.2797476229685615,0.7,0.6399999999999997,60.9375,0.6399999999999997,1.2003672876276525,0.7,0.6399999999999999,0.6399999999999997,0.6399999999999997,0
194,5,0.3184170126914978,0.2797476229685615,0.12947402985033454,0.12497762092757003,92.1875,0.09986264823355678,0.12947402985033454,0.12947402985033454,0.18357922388026765,0.12497762092757003,0.12497762092757003,0
194,4,0.23097634315490723,0.2797476229685615,0.0,0.1320441142683897,88.9908256880734,0.15434873466912813,-0.19157254793072145,0.0,0.08,0.1320441142683897,0.1320441142683897,0
194,0,0.05531680956482887,0.2797476229685615,0.0,0.1572015969363741,83.33333333333333,0.19028799562339158,-1.6208108723714532,0.0,0.08,0.1572015969363741,0.1572015969363741,0
194,2,0.3771717846393585,0.2797476229685615,0.2988128864341582,0.1784623454862691,87.6923076923077,0.1182103610601016,0.2988128864341582,0.2988128864341582,0.31905030914732657,0.1784623454862691,0.1784623454862691,0
194,12,0.31677910685539246,0.2797476229685615,0.12431685283259565,0.19338712675914155,89.453125,0.19935868868474085,0.12431685283259565,0.12431685283259565,0.17945348226607655,0.19338712675914155,0.19338712675914155,0
194,7,0.7243139743804932,0.2797476229685615,0.7,0.6313516784831641,72.65625,0.6276452549759488,0.9513370925393909,0.7,0.6399999999999999,0.6313516784831641,0.6313516784831641,0
194,16,0.2850518822669983,0.2797476229685615,0.01878335590640622,0.17569335874848233,86.36363636363636,0.21026479047277835,0.01878335590640622,0.01878335590640622,0.09502668472512497,0.17569335874848233,0.17569335874848233,0
194,19,0.15412601828575134,0.2797476229685615,0.0,0.08096110030982981,90.625,0.08137300044261403,-0.5961172526907899,0.0,0.08,0.08096110030982981,0.08096110030982981,0
194,8,1.0452587604522705,0.2797476229685615,0.7,0.6399999999999997,54.6875,0.6399999999999997,1.3181318750535511,0.7,0.6399999999999999,0.6399999999999997,0.6399999999999997,0
195,2,0.5083785653114319,0.2775742719428006,0.6051378169831032,0.29415671791633313,93.84615384615384,0.1784623454862691,0.6051378169831032,0.6051378169831032,0.5641102535864826,0.29415671791633313,0.29415671791633313,0
195,5,0.2517683506011963,0.2775742719428006,0.0,0.11148433464929902,91.40625,0.12497762092757003,-0.09757911922174745,0.0,0.08,0.11148433464929902,0.11148433464929902,0
195,15,0.6686458587646484,0.2775742719428006,0.7,0.6375827645007729,71.42857142857143,0.6365468064296756,0.8791659957850133,0.7,0.6399999999999999,0.6375827645007729,0.6375827645007729,0
195,4,0.2941392660140991,0.2775742719428006,0.057964803061506545,0.13034243272263435,88.07339449541284,0.1320441142683897,0.057964803061506545,0.057964803061506545,0.12637184244920524,0.13034243272263435,0.13034243272263435,0
195,9,0.14961722493171692,0.2775742719428006,0.0,0.07999999999999996,92.96875,0.07999999999999996,-0.6180083143752316,0.0,0.08,0.07999999999999996,0.07999999999999996,0
195,6,0.15176893770694733,0.2775742719428006,0.0,0.07999999999999996,91.40625,0.07999999999999996,-0.6037292965667626,0.0,0.08,0.07999999999999996,0.07999999999999996,0
195,11,0.9213832020759583,0.2775742719428006,0.7,0.6399999999999997,64.0625,0.6399999999999997,1.1997874522757874,0.7,0.6399999999999999,0.6399999999999997,0.6399999999999997,0
195,19,0.1937258392572403,0.2775742719428006,0.0,0.08067277021688087,90.625,0.08096110030982981,-0.3596445685733967,0.0,0.08,0.08067277021688087,0.08067277021688087,0
195,1,0.14464198052883148,0.2775742719428006,0.0,0.08259805593629843,91.66666666666667,0.08371150848042633,-0.6518269215408098,0.0,0.08,0.08259805593629843,0.08259805593629843,0
195,10,0.20768609642982483,0.2775742719428006,0.0,0.08000000000000067,94.53125,0.08000000000000096,-0.2900607438879789,0.0,0.08,0.08000000000000067,0.08000000000000067,0
195,8,1.1129602193832397,0.2775742719428006,0.7,0.6399999999999997,56.25,0.6399999999999997,1.3886900377851716,0.7,0.6399999999999999,0.6399999999999997,0.6399999999999997,0
195,17,0.0452999621629715,0.2775742719428006,0.0,0.07999999999999996,95.3125,0.07999999999999996,-1.8127821620577735,0.0,0.08,0.07999999999999996,0.07999999999999996,0
195,7,0.6788268685340881,0.2775742719428006,0.7,0.6339461749382148,72.65625,0.6313516784831641,0.894277549666799,0.7,0.6399999999999999,0.6339461749382148,0.6339461749382148,0
195,14,0.34496408700942993,0.2775742719428006,0.21735176493408515,0.13348850304657506,91.91919191919192,0.08189154208913514,0.21735176493408515,0.21735176493408515,0.25388141194726815,0.13348850304657506,0.13348850304657506,0
195,18,0.14200586080551147,0.2775742719428006,0.0,0.07999999999999996,93.75,0.07999999999999996,-0.6702201795952141,0.0,0.08,0.07999999999999996,0.07999999999999996,0
195,12,0.3673654794692993,0.2775742719428006,0.28026865656087563,0.22663546630600923,88.671875,0.19338712675914155,0.28026865656087563,0.28026865656087563,0.30421492524870053,0.22663546630600923,0.22663546630600923,0
195,3,0.5016733407974243,0.2775742719428006,0.5918606322321586,0.35078987346664725,85.64102564102564,0.26391903104418457,0.5918606322321586,0.5918606322321586,0.5534885057857268,0.35078987346664725,0.35078987346664725,0
195,13,0.69136643409729,0.2775742719428006,0.7,0.5753011461804582,73.91304347826087,0.5475730659720832,0.9125814129973574,0.7,0.6399999999999999,0.5753011461804582,0.5753011461804582,0
195,16,0.3247714340686798,0.2775742719428006,0.15703310587207245,0.184673296533235,90.0,0.17569335874848233,0.15703310587207245,0.15703310587207245,0.20562648469765799,0.184673296533235,0.184673296533235,0
195,0,0.7903759479522705,0.2775742719428006,0.7,0.30204111785546184,100.0,0.1572015969363741,1.0464201483578939,0.7,0.6399999999999999,0.30204111785546184,0.30204111785546184,0
196,1,0.44761863350868225,0.283303620802426,0.45742240487559244,0.19160001632555107,91.66666666666667,0.08259805593629843,0.45742240487559244,0.45742240487559244,0.445937923900474,0.19160001632555107,0.19160001632555107,0
196,16,0.22810159623622894,0.283303620802426,0.0,0.1532713075732645,94.0909090909091,0.184673296533235,-0.21672805178614202,0.0,0.08,0.1532713075732645,0.1532713075732645,0
196,4,0.2228013128042221,0.283303620802426,0.0,0.11523970290584404,90.8256880733945,0.13034243272263435,-0.2402387776410905,0.0,0.08,0.11523970290584404,0.11523970290584404,0
196,9,0.21997609734535217,0.283303620802426,0.0,0.07999999999999996,94.53125,0.07999999999999996,-0.25300028537996044,0.0,0.08,0.07999999999999996,0.07999999999999996,0
196,17,0.04532488062977791,0.283303620802426,0.0,0.07999999999999996,98.046875,0.07999999999999996,-1.8326628792429152,0.0,0.08,0.07999999999999996,0.07999999999999996,0
196,6,0.20460781455039978,0.283303620802426,0.0,0.07999999999999996,91.40625,0.07999999999999996,-0.32542412691331063,0.0,0.08,0.07999999999999996,0.07999999999999996,0
196,3,0.38632041215896606,0.283303620802426,0.3101479114759239,0.3439884101808748,87.6923076923077,0.35078987346664725,0.3101479114759239,0.3101479114759239,0.32811832918073913,0.3439884101808748,0.3439884101808748,0
196,8,1.2434929609298706,0.283303620802426,0.7,0.6399999999999997,51.171875,0.6399999999999997,1.4791603877186803,0.7,0.6399999999999999,0.6399999999999997,0.6399999999999997,0
196,12,0.28626933693885803,0.283303620802426,0.0104139172849226,0.18514416656258786,89.453125,0.22663546630600923,0.0104139172849226,0.0104139172849226,0.08833113382793809,0.18514416656258786,0.18514416656258786,0
196,2,0.18086357414722443,0.283303620802426,0.0,0.22990970254143317,95.38461538461539,0.29415671791633313,-0.4487761544963209,0.0,0.08,0.22990970254143317,0.22990970254143317,0
196,15,0.8105329275131226,0.283303620802426,0.7,0.638307935150541,64.28571428571429,0.6375827645007729,1.051172756002036,0.7,0.6399999999999999,0.638307935150541,0.638307935150541,0
196,11,0.8075551390647888,0.283303620802426,0.7,0.6399999999999997,65.625,0.6399999999999997,1.0474921259612884,0.7,0.6399999999999999,0.6399999999999997,0.6399999999999997,0
196,0,0.2561056911945343,0.283303620802426,0.0,0.23542878249882326,83.33333333333333,0.30204111785546184,-0.10092896830601197,0.0,0.08,0.23542878249882326,0.23542878249882326,0
196,7,0.6115413308143616,0.283303620802426,0.7,0.6357623224567504,76.171875,0.6339461749382148,0.7694633355667367,0.7,0.6399999999999999,0.6357623224567504,0.6357623224567504,0
196,10,0.2139115333557129,0.283303620802426,0.0,0.08000000000000046,94.140625,0.08000000000000067,-0.28095664209431426,0.0,0.08,0.08000000000000046,0.08000000000000046,0
196,18,0.12254499644041061,0.283303620802426,0.0,0.07999999999999996,92.578125,0.07999999999999996,-0.8380408608352573,0.0,0.08,0.07999999999999996,0.07999999999999996,0
196,14,0.30526024103164673,0.283303620802426,0.07464547198127464,0.13535686540810843,93.93939393939394,0.13348850304657506,0.07464547198127464,0.07464547198127464,0.1397163775850197,0.13535686540810843,0.13535686540810843,0
196,13,0.8097900748252869,0.283303620802426,0.7,0.5947108023263207,71.73913043478261,0.5753011461804582,1.0502558366845418,0.7,0.6399999999999999,0.5947108023263207,0.5947108023263207,0
196,19,0.23746879398822784,0.283303620802426,0.0,0.0804709391518166,92.1875,0.08067277021688087,-0.17648295964011906,0.0,0.08,0.0804709391518166,0.0804709391518166,0
196,5,0.29633256793022156,0.283303620802426,0.044963174816769355,0.11283019621053395,89.84375,0.11148433464929902,0.044963174816769355,0.044963174816769355,0.11597053985341549,0.11283019621053395,0.11283019621053395,0
197,8,1.1997100114822388,0.282092010128853,0.7,0.6399999999999997,50.390625,0.6399999999999997,1.447601827586096,0.7,0.6399999999999999,0.6399999999999997,0.6399999999999997,0
197,0,0.09707196801900864,0.282092010128853,0.0,0.18880014774917628,100.0,0.23542878249882326,-1.0667805854635901,0.0,0.08,0.18880014774917628,0.18880014774917628,0
197,4,0.20581001043319702,0.282092010128853,0.0,0.10466779203409082,88.9908256880734,0.11523970290584404,-0.3152798178572161,0.0,0.08,0.10466779203409082,0.10466779203409082,0
197,1,0.40914610028266907,0.282092010128853,0.37183899988006114,0.24736137139910042,87.5,0.19160001632555107,0.37183899988006114,0.37183899988006114,0.3774711999040489,0.24736137139910042,0.24736137139910042,0
197,17,0.05658603832125664,0.282092010128853,0.0,0.07999999999999996,95.3125,0.07999999999999996,-1.606470871490317,0.0,0.08,0.07999999999999996,0.07999999999999996,0
197,11,1.0160657167434692,0.282092010128853,0.7,0.6399999999999997,61.71875,0.6399999999999997,1.2814599874992263,0.7,0.6399999999999999,0.6399999999999997,0.6399999999999997,0
197,18,0.16174200177192688,0.282092010128853,0.0,0.07999999999999996,94.140625,0.07999999999999996,-0.5562307843251624,0.0,0.08,0.07999999999999996,0.07999999999999996,0
197,2,0.2161071002483368,0.282092010128853,0.0,0.1849367917790032,93.84615384615384,0.22990970254143317,-0.2664591646681689,0.0,0.08,0.1849367917790032,0.1849367917790032,0
197,9,0.25384292006492615,0.282092010128853,0.0,0.07999999999999996,94.140625,0.07999999999999996,-0.10551764005526533,0.0,0.08,0.07999999999999996,0.07999999999999996,0
197,7,0.7000749707221985,0.282092010128853,0.7,0.6370336257197252,74.609375,0.6357623224567504,0.9089541144009678,0.7,0.6399999999999999,0.6370336257197252,0.6370336257197252,0
197,13,0.5726185441017151,0.282092010128853,0.7,0.6082975616284244,78.26086956521739,0.5947108023263207,0.7079864651669495,0.7,0.6399999999999999,0.6082975616284244,0.6082975616284244,0
197,19,0.2436332255601883,0.282092010128853,0.0,0.08032965740627163,91.015625,0.0804709391518166,-0.146569368717948,0.0,0.08,0.08032965740627163,0.08032965740627163,0
197,10,0.22227352857589722,0.282092010128853,0.0,0.08000000000000032,93.75,0.08000000000000046,-0.2383245510847756,0.0,0.08,0.08000000000000032,0.08000000000000032,0
197,16,0.35592466592788696,0.282092010128853,0.23248579376922301,0.18708650580589867,90.45454545454545,0.1532713075732645,0.23248579376922301,0.23248579376922301,0.26598863501537845,0.18708650580589867,0.18708650580589867,0
197,14,0.2322775274515152,0.282092010128853,0.0,0.1187498057856759,89.8989898989899,0.13535686540810843,-0.19430039141381988,0.0,0.08,0.1187498057856759,0.1187498057856759,0
197,12,0.36486318707466125,0.282092010128853,0.25728915056786394,0.21535031273009886,91.40625,0.18514416656258786,0.25728915056786394,0.25728915056786394,0.28583132045429116,0.21535031273009886,0.21535031273009886,0
197,15,0.5467982888221741,0.282092010128853,0.6618466634696879,0.6296587538381038,71.42857142857143,0.638307935150541,0.6618466634696879,0.6618466634696879,0.6094773307757503,0.6296587538381038,0.6296587538381038,0
197,6,0.17911256849765778,0.282092010128853,0.0,0.07999999999999996,94.140625,0.07999999999999996,-0.45421879192184333,0.0,0.08,0.07999999999999996,0.07999999999999996,0
197,3,0.3652477264404297,0.282092010128853,0.2583425230998269,0.3267940926705708,92.3076923076923,0.3439884101808748,0.2583425230998269,0.2583425230998269,0.28667401847986157,0.3267940926705708,0.3267940926705708,0
197,5,0.2604192793369293,0.282092010128853,0.0,0.10298113734737377,92.578125,0.11283019621053395,-0.07994034683783004,0.0,0.08,0.10298113734737377,0.10298113734737377,0
198,15,0.6413841247558594,0.2795959190860605,0.7,0.6327611276866726,85.71428571428571,0.6296587538381038,0.8302831011420853,0.7,0.6399999999999999,0.6327611276866726,0.6327611276866726,0
198,13,0.49684590101242065,0.2795959190860605,0.574934489344841,0.5877925705826589,76.08695652173913,0.6082975616284244,0.574934489344841,0.574934489344841,0.5399475914758728,0.5877925705826589,0.5877925705826589,0
198,2,0.18085122108459473,0.2795959190860605,0.0,0.15345575424530222,90.76923076923077,0.1849367917790032,-0.43567068488700056,0.0,0.08,0.15345575424530222,0.15345575424530222,0
198,17,0.10530070960521698,0.2795959190860605,0.0,0.07999999999999996,95.3125,0.07999999999999996,-0.9765251975013323,0.0,0.08,0.07999999999999996,0.07999999999999996,0
198,5,0.2867211401462555,0.2795959190860605,0.02516469069469283,0.10212632190988791,92.96875,0.10298113734737377,0.02516469069469283,0.02516469069469283,0.10013175255575427,0.10212632190988791,0.10212632190988791,0
198,0,0.5529860854148865,0.2795959190860605,0.6819874068153846,0.31983708106011566,100.0,0.18880014774917628,0.6819874068153846,0.6819874068153846,0.6255899254523076,0.31983708106011566,0.31983708106011566,0
198,16,0.2482069581747055,0.2795959190860605,0.0,0.15496055406412906,91.36363636363636,0.18708650580589867,-0.11908250326155337,0.0,0.08,0.15496055406412906,0.15496055406412906,0
198,10,0.2482762187719345,0.2795959190860605,0.0,0.08000000000000022,95.3125,0.08000000000000032,-0.11880349846097092,0.0,0.08,0.08000000000000022,0.08000000000000022,0
198,12,0.28724756836891174,0.2795959190860605,0.026999035822273348,0.1812249875084148,85.546875,0.21535031273009886,0.026999035822273348,0.026999035822273348,0.10159922865781867,0.1812249875084148,0.1812249875084148,0
198,8,1.0655543804168701,0.2795959190860605,0.7,0.6399999999999997,54.296875,0.6399999999999997,1.3379050466085094,0.7,0.6399999999999999,0.6399999999999997,0.6399999999999997,0
198,7,0.6133209466934204,0.2795959190860605,0.7,0.6379235380038076,72.265625,0.6370336257197252,0.7855429319514886,0.7,0.6399999999999999,0.6379235380038076,0.6379235380038076,0
198,14,0.14765429496765137,0.2795959190860605,0.0,0.10712486404997312,93.93939393939394,0.1187498057856759,-0.6384716861401198,0.0,0.08,0.10712486404997312,0.10712486404997312,0
198,4,0.22181972861289978,0.2795959190860605,0.0,0.09726745442386356,89.90825688073394,0.10466779203409082,-0.23148038667453052,0.0,0.08,0.09726745442386356,0.09726745442386356,0
198,19,0.191873237490654,0.2795959190860605,0.0,0.08023076018439013,92.1875,0.08032965740627163,-0.37651046577506986,0.0,0.08,0.08023076018439013,0.08023076018439013,0
198,6,0.22773277759552002,0.2795959190860605,0.0,0.07999999999999996,93.75,0.07999999999999996,-0.20517249306193877,0.0,0.08,0.07999999999999996,0.07999999999999996,0
198,1,0.4257414638996124,0.2795959190860605,0.4204868427941022,0.29806980224995483,91.66666666666667,0.24736137139910042,0.4204868427941022,0.4204868427941022,0.4163894742352818,0.29806980224995483,0.29806980224995483,0
198,18,0.18245597183704376,0.2795959190860605,0.0,0.07999999999999996,92.96875,0.07999999999999996,-0.4268365019588269,0.0,0.08,0.07999999999999996,0.07999999999999996,0
198,3,0.24565981328487396,0.2795959190860605,0.0,0.25275586486939955,88.71794871794872,0.3267940926705708,-0.12939770371332507,0.0,0.08,0.25275586486939955,0.25275586486939955,0
198,9,0.17820703983306885,0.2795959190860605,0.0,0.07999999999999996,94.53125,0.07999999999999996,-0.45039937486864384,0.0,0.08,0.07999999999999996,0.07999999999999996,0
198,11,0.8909614086151123,0.2795959190860605,0.7,0.6399999999999997,55.46875,0.6399999999999997,1.1589556748400553,0.7,0.6399999999999999,0.6399999999999997,0.6399999999999997,0
199,0,0.1135062500834465,0.27646048602478646,0.0,0.24788595674208094,100.0,0.31983708106011566,-0.890209948914808,0.0,0.08,0.24788595674208094,0.24788595674208094,0
199,5,0.27783530950546265,0.27646048602478646,0.004960623051572092,0.09667897486929883,92.96875,0.10212632190988791,0.004960623051572092,0.004960623051572092,0.08396849844125767,0.09667897486929883,0.09667897486929883,0
199,8,1.1033596992492676,0.27646048602478646,0.7,0.6399999999999997,53.90625,0.6399999999999997,1.3840471458457297,0.7,0.6399999999999999,0.6399999999999997,0.6399999999999997,0
199,12,0.24437227845191956,0.27646048602478646,0.0,0.15085749125589035,88.671875,0.1812249875084148,-0.1233751044063737,0.0,0.08,0.15085749125589035,0.15085749125589035,0
199,6,0.21089614927768707,0.27646048602478646,0.0,0.07999999999999996,93.359375,0.07999999999999996,-0.27070206302289007,0.0,0.08,0.07999999999999996,0.07999999999999996,0
199,9,0.20191557705402374,0.27646048602478646,0.0,0.07999999999999996,93.359375,0.07999999999999996,-0.3142182150441201,0.0,0.08,0.07999999999999996,0.07999999999999996,0
199,11,1.1382367610931396,0.27646048602478646,0.7,0.6399999999999997,53.90625,0.6399999999999997,1.4151677127665558,0.7,0.6399999999999999,0.6399999999999997,0.6399999999999997,0
199,2,0.29858753085136414,0.27646048602478646,0.07699521978593306,0.14989788072033547,89.23076923076923,0.15345575424530222,0.07699521978593306,0.07699521978593306,0.14159617582874645,0.14989788072033547,0.14989788072033547,0
199,13,0.6484307646751404,0.27646048602478646,0.7,0.6034547994078612,67.3913043478261,0.5877925705826589,0.8524873119844848,0.7,0.6399999999999999,0.6034547994078612,0.6034547994078612,0
199,16,0.2981334924697876,0.27646048602478646,0.07547344181520255,0.15058601388053897,85.45454545454545,0.15496055406412906,0.07547344181520255,0.07547344181520255,0.14037875345216205,0.15058601388053897,0.15058601388053897,0
199,4,0.20522962510585785,0.27646048602478646,0.0,0.09208721809670448,94.4954128440367,0.09726745442386356,-0.29793841577270835,0.0,0.08,0.09208721809670448,0.09208721809670448,0
199,3,0.3816916346549988,0.27646048602478646,0.32254513045422356,0.27833993671759333,89.23076923076923,0.25275586486939955,0.32254513045422356,0.32254513045422356,0.3380361043633789,0.27833993671759333,0.27833993671759333,0
199,10,0.15837472677230835,0.27646048602478646,0.0,0.08000000000000015,91.015625,0.08000000000000022,-0.5571039626489017,0.0,0.08,0.08000000000000015,0.08000000000000015,0
199,7,0.6939252018928528,0.27646048602478646,0.7,0.6385464766026653,78.125,0.6379235380038076,0.9202962516211908,0.7,0.6399999999999999,0.6385464766026653,0.6385464766026653,0
199,17,0.09924254566431046,0.27646048602478646,0.0,0.07999999999999996,98.046875,0.07999999999999996,-1.0245010283824596,0.0,0.08,0.07999999999999996,0.07999999999999996,0
199,1,0.19900758564472198,0.27646048602478646,0.0,0.23264886157496836,75.0,0.29806980224995483,-0.3287249461704954,0.0,0.08,0.23264886157496836,0.23264886157496836,0
199,15,1.3051091432571411,0.27646048602478646,0.7,0.6349327893806708,64.28571428571429,0.6327611276866726,1.551974019366083,0.7,0.6399999999999999,0.6349327893806708,0.6349327893806708,0
199,14,0.17904289066791534,0.27646048602478646,0.0,0.09898740483498117,92.92929292929293,0.10712486404997312,-0.43444249357484255,0.0,0.08,0.09898740483498117,0.09898740483498117,0
199,18,0.2267681211233139,0.27646048602478646,0.0,0.07999999999999996,93.359375,0.07999999999999996,-0.19813989258443265,0.0,0.08,0.07999999999999996,0.07999999999999996,0
199,19,0.22985269129276276,0.27646048602478646,0.0,0.0801615321290731,94.53125,0.08023076018439013,-0.18462926463658272,0.0,0.08,0.0801615321290731,0.0801615321290731,0
200,8,1.2451894283294678,0.27252568590954196,0.7,0.6399999999999997,47.265625,0.6399999999999997,1.5193100500511587,0.7,0.6399999999999999,0.6399999999999997,0.6399999999999997,0
200,1,0.24226142466068268,0.27252568590954196,0.0,0.18685420310247783,91.66666666666667,0.23264886157496836,-0.11771545501479062,0.0,0.08,0.18685420310247783,0.18685420310247783,0
200,3,0.2899875342845917,0.27252568590954196,0.06210506474194852,0.23374317124038296,88.71794871794872,0.27833993671759333,0.06210506474194852,0.06210506474194852,0.12968405179355882,0.23374317124038296,0.23374317124038296,0
200,7,0.74814772605896,0.27252568590954196,0.7,0.6389825336218656,76.5625,0.6385464766026653,1.0098675599991598,0.7,0.6399999999999999,0.6389825336218656,0.6389825336218656,0
200,17,0.07703782618045807,0.27252568590954196,0.0,0.07999999999999996,97.65625,0.07999999999999996,-1.2634362264398136,0.0,0.08,0.07999999999999996,0.07999999999999996,0
200,5,0.21544882655143738,0.27252568590954196,0.0,0.09167528240850917,94.53125,0.09667897486929883,-0.2350094426122654,0.0,0.08,0.09167528240850917,0.09167528240850917,0
200,9,0.14153002202510834,0.27252568590954196,0.0,0.07999999999999996,93.75,0.07999999999999996,-0.6552209715497727,0.0,0.08,0.07999999999999996,0.07999999999999996,0
200,15,0.7832158803939819,0.27252568590954196,0.7,0.6364529525664695,57.142857142857146,0.6349327893806708,1.0556754734999023,0.7,0.6399999999999999,0.6364529525664695,0.6364529525664695,0
200,14,0.2713963985443115,0.27252568590954196,0.0,0.0932911833844868,96.96969696969697,0.09898740483498117,-0.004152392331970649,0.0,0.08,0.0932911833844868,0.0932911833844868,0
200,18,0.19723033905029297,0.27252568590954196,0.0,0.07999999999999996,93.75,0.07999999999999996,-0.32336057639685045,0.0,0.08,0.07999999999999996,0.07999999999999996,0
200,6,0.1540035754442215,0.27252568590954196,0.0,0.07999999999999996,96.09375,0.07999999999999996,-0.5707570223254348,0.0,0.08,0.07999999999999996,0.07999999999999996,0
200,4,0.16947504878044128,0.27252568590954196,0.0,0.08846105266769314,93.57798165137615,0.09208721809670448,-0.4750271364179849,0.0,0.08,0.08846105266769314,0.08846105266769314,0
200,19,0.1930951178073883,0.27252568590954196,0.0,0.08011307249035116,93.359375,0.0801615321290731,-0.344549948905239,0.0,0.08,0.08011307249035116,0.08011307249035116,0
200,12,0.2746863067150116,0.27252568590954196,0.007896873547169921,0.131495493530444,88.28125,0.15085749125589035,0.007896873547169921,0.007896873547169921,0.08631749883773594,0.131495493530444,0.131495493530444,0
200,0,0.05257521942257881,0.27252568590954196,0.0,0.19752016971945666,83.33333333333333,0.24788595674208094,-1.6454878212741355,0.0,0.08,0.19752016971945666,0.19752016971945666,0
200,16,0.2506987750530243,0.27252568590954196,0.0,0.12941020971637726,93.18181818181819,0.15058601388053897,-0.08348074763936073,0.0,0.08,0.12941020971637726,0.12941020971637726,0
200,10,0.18287193775177002,0.27252568590954196,0.0,0.0800000000000001,96.09375,0.08000000000000015,-0.39894673772496186,0.0,0.08,0.0800000000000001,0.0800000000000001,0
200,2,0.138300821185112,0.27252568590954196,0.0,0.1289285165042348,96.92307692307692,0.14989788072033547,-0.6783016579054507,0.0,0.08,0.1289285165042348,0.1289285165042348,0
200,13,0.37222418189048767,0.27252568590954196,0.31176343254160394,0.5212415833954878,65.21739130434783,0.6034547994078612,0.31176343254160394,0.31176343254160394,0.3294107460332832,0.5212415833954878,0.5212415833954878,0
200,11,1.0270283222198486,0.27252568590954196,0.7,0.6399999999999997,63.28125,0.6399999999999997,1.3266918903357585,0.7,0.6399999999999999,0.6399999999999997,0.6399999999999997,0
