round,client_id,Li,Lg,g_pos,mu_final,acc_global,mu_prev,g_raw,g_pos_clipped,mu_star,mu_smoothed,mu_bounded,warmup_active
0,5,4.62040901184082,0.0,0.0,0.05,0.9302325581395349,0.05,0.0,0.0,0.08,0.059,0.059,1
0,16,4.585237503051758,0.0,0.0,0.05,0.4,0.05,0.0,0.0,0.08,0.059,0.059,1
0,11,4.6170172691345215,0.0,0.0,0.05,0.398406374501992,0.05,0.0,0.0,0.08,0.059,0.059,1
0,18,4.6185150146484375,0.0,0.0,0.05,0.0,0.05,0.0,0.0,0.08,0.059,0.059,1
0,13,4.59953498840332,0.0,0.0,0.05,0.0,0.05,0.0,0.0,0.08,0.059,0.059,1
0,12,4.604155540466309,0.0,0.0,0.05,0.4065040650406504,0.05,0.0,0.0,0.08,0.059,0.059,1
0,3,4.613091945648193,0.0,0.0,0.05,0.0,0.05,0.0,0.0,0.08,0.059,0.059,1
0,17,4.605217933654785,0.0,0.0,0.05,8.585858585858587,0.05,0.0,0.0,0.08,0.059,0.059,1
0,6,4.600754261016846,0.0,0.0,0.05,0.0,0.05,0.0,0.0,0.08,0.059,0.059,1
0,9,4.59329891204834,0.0,0.0,0.05,0.0,0.05,0.0,0.0,0.08,0.059,0.059,1
0,10,4.598711967468262,0.0,0.0,0.05,3.864734299516908,0.05,0.0,0.0,0.08,0.059,0.059,1
0,2,4.607304096221924,0.0,0.0,0.05,1.4563106796116505,0.05,0.0,0.0,0.08,0.059,0.059,1
0,4,4.6077880859375,0.0,0.0,0.05,2.0202020202020203,0.05,0.0,0.0,0.08,0.059,0.059,1
0,8,4.610321521759033,0.0,0.0,0.05,1.9047619047619047,0.05,0.0,0.0,0.08,0.059,0.059,1
0,0,4.614977836608887,0.0,0.0,0.05,0.4424778761061947,0.05,0.0,0.0,0.08,0.059,0.059,1
0,1,4.601016998291016,0.0,0.0,0.05,0.43859649122807015,0.05,0.0,0.0,0.08,0.059,0.059,1
0,19,4.604539394378662,0.0,0.0,0.05,0.5128205128205128,0.05,0.0,0.0,0.08,0.059,0.059,1
0,7,4.61168098449707,0.0,0.0,0.05,1.3157894736842106,0.05,0.0,0.0,0.08,0.059,0.059,1
0,14,4.5938262939453125,0.0,0.0,0.05,0.0,0.05,0.0,0.0,0.08,0.059,0.059,1
0,15,4.614678382873535,0.0,0.0,0.05,0.42735042735042733,0.05,0.0,0.0,0.08,0.059,0.059,1
1,14,4.528528690338135,4.6062610149383545,0.0,0.05,3.2388663967611335,0.05,-0.017019373899526163,0.0,0.08,0.059,0.059,1
1,8,4.5911149978637695,4.6062610149383545,0.0,0.05,0.0,0.05,-0.003293554751254383,0.0,0.08,0.059,0.059,1
1,16,4.55558967590332,4.6062610149383545,0.0,0.05,6.4,0.05,-0.011061489058790796,0.0,0.08,0.059,0.059,1
1,5,4.659169673919678,4.6062610149383545,0.011420782418966116,0.05,0.0,0.05,0.011420782418966116,0.011420782418966116,0.0891366259351729,0.06174098778055186,0.06174098778055186,1
1,17,4.571249008178711,4.6062610149383545,0.0,0.05,1.5151515151515151,0.05,-0.0076299947267383025,0.0,0.08,0.059,0.059,1
1,1,4.584721565246582,4.6062610149383545,0.0,0.05,0.0,0.05,-0.004687091698849393,0.0,0.08,0.059,0.059,1
1,7,4.673995494842529,4.6062610149383545,0.01459780395310257,0.05,0.43859649122807015,0.05,0.01459780395310257,0.01459780395310257,0.09167824316248206,0.06250347294874462,0.06250347294874462,1
1,15,4.622302055358887,4.6062610149383545,0.0034763931109648098,0.05,0.0,0.05,0.0034763931109648098,0.0034763931109648098,0.08278111448877185,0.059834334346631546,0.059834334346631546,1
1,6,4.569420337677002,4.6062610149383545,0.0,0.05,0.0,0.05,-0.008030112147665112,0.0,0.08,0.059,0.059,1
1,18,4.714324951171875,4.6062610149383545,0.02318926704720557,0.05,0.44052863436123346,0.05,0.02318926704720557,0.02318926704720557,0.09855141363776446,0.06456542409132933,0.06456542409132933,1
1,12,4.654273986816406,4.6062610149383545,0.010369466123508697,0.05,0.0,0.05,0.010369466123508697,0.010369466123508697,0.08829557289880696,0.06148867186964209,0.06148867186964209,1
1,3,4.628793716430664,4.6062610149383545,0.004879829478590441,0.05,0.0,0.05,0.004879829478590441,0.004879829478590441,0.08390386358287236,0.0601711590748617,0.0601711590748617,1
1,10,4.605484485626221,4.6062610149383545,0.0,0.05,1.4492753623188406,0.05,-0.000168595476772518,0.0,0.08,0.059,0.059,1
1,11,4.641158103942871,4.6062610149383545,0.007547458190681005,0.05,0.398406374501992,0.05,0.007547458190681005,0.007547458190681005,0.08603796655254481,0.060811389965763435,0.060811389965763435,1
1,4,4.622811317443848,4.6062610149383545,0.0035865620323913315,0.05,3.5353535353535355,0.05,0.0035865620323913315,0.0035865620323913315,0.08286924962591306,0.059860774887773915,0.059860774887773915,1
1,13,4.600436210632324,4.6062610149383545,0.0,0.05,3.6036036036036037,0.05,-0.001265340855212972,0.0,0.08,0.059,0.059,1
1,19,4.5655388832092285,4.6062610149383545,0.0,0.05,1.5384615384615385,0.05,-0.008879914450884593,0.0,0.08,0.059,0.059,1
1,9,4.489055156707764,4.6062610149383545,0.0,0.05,0.0,0.05,-0.025774221393165184,0.0,0.08,0.059,0.059,1
1,0,4.653010368347168,4.6062610149383545,0.010097932897259675,0.05,0.4424778761061947,0.05,0.010097932897259675,0.010097932897259675,0.08807834631780774,0.06142350389534232,0.06142350389534232,1
1,2,4.614335536956787,4.6062610149383545,0.0017514103386872509,0.05,0.0,0.05,0.0017514103386872509,0.0017514103386872509,0.08140112827094981,0.05942033848128494,0.05942033848128494,1
2,11,4.55114221572876,4.606625914573669,0.0,0.059,6.374501992031872,0.05,-0.012117445393545444,0.0,0.08,0.059,0.059,0
2,4,4.5344719886779785,4.606625914573669,0.0,0.059,2.0202020202020203,0.05,-0.01578703675978051,0.0,0.08,0.059,0.059,0
2,8,4.656179428100586,4.606625914573669,0.010699563324287162,0.06156789519782892,0.47619047619047616,0.05,0.010699563324287162,0.010699563324287162,0.08855965065942974,0.06156789519782892,0.06156789519782892,0
2,3,4.67803430557251,4.606625914573669,0.015382318184021658,0.0626917563641652,0.0,0.05,0.015382318184021658,0.015382318184021658,0.09230585454721733,0.0626917563641652,0.0626917563641652,0
2,5,4.591044902801514,4.606625914573669,0.0,0.059,0.0,0.05,-0.0033880374612042857,0.0,0.08,0.059,0.059,0
2,2,4.652798652648926,4.606625914573669,0.009973216014473596,0.06139357184347366,0.4854368932038835,0.05,0.009973216014473596,0.009973216014473596,0.08797857281157888,0.06139357184347366,0.06139357184347366,0
2,18,4.782541275024414,4.606625914573669,0.03747636934130334,0.0679943286419128,0.0,0.05,0.03747636934130334,0.03747636934130334,0.10998109547304268,0.0679943286419128,0.0679943286419128,0
2,16,4.5009965896606445,4.606625914573669,0.0,0.059,1.6,0.05,-0.023196846625764614,0.0,0.08,0.059,0.059,0
2,7,4.508607387542725,4.606625914573669,0.0,0.059,3.9473684210526314,0.05,-0.021507360673935022,0.0,0.08,0.059,0.059,0
2,17,4.637935161590576,4.606625914573669,0.00677357559764612,0.06062565814343507,1.0101010101010102,0.05,0.00677357559764612,0.00677357559764612,0.08541886047811689,0.06062565814343507,0.06062565814343507,0
2,15,4.623961448669434,4.606625914573669,0.0037561107993130715,0.05990146659183514,2.1367521367521367,0.05,0.0037561107993130715,0.0037561107993130715,0.08300488863945046,0.05990146659183514,0.05990146659183514,0
2,9,4.486265182495117,4.606625914573669,0.0,0.059,6.666666666666667,0.05,-0.02647513554170656,0.0,0.08,0.059,0.059,0
2,13,4.5857253074646,4.606625914573669,0.0,0.059,0.0,0.05,-0.004547398717785909,0.0,0.08,0.059,0.059,0
2,10,4.655920028686523,4.606625914573669,0.010643850986854305,0.06155452423684503,0.0,0.05,0.010643850986854305,0.010643850986854305,0.08851508078948345,0.06155452423684503,0.06155452423684503,0
2,12,4.642427444458008,4.606625914573669,0.007741702253752428,0.06085800854090058,0.8130081300813008,0.05,0.007741702253752428,0.007741702253752428,0.08619336180300194,0.06085800854090058,0.06085800854090058,0
2,14,4.530283451080322,4.606625914573669,0.0,0.059,0.0,0.05,-0.016711173746011387,0.0,0.08,0.059,0.059,0
2,1,4.589268207550049,4.606625914573669,0.0,0.059,3.0701754385964914,0.05,-0.003775103838662162,0.0,0.08,0.059,0.059,0
2,6,4.533459663391113,4.606625914573669,0.0,0.059,0.42735042735042733,0.05,-0.01601031265723541,0.0,0.08,0.059,0.059,0
2,19,4.4942803382873535,4.606625914573669,0.0,0.059,6.153846153846154,0.05,-0.02469013085930213,0.0,0.08,0.059,0.059,0
2,0,4.621199131011963,4.606625914573669,0.0031585402736553,0.05975804966567727,0.4424778761061947,0.05,0.0031585402736553,0.0031585402736553,0.08252683221892425,0.05975804966567727,0.05975804966567727,0
3,13,4.531767845153809,4.604978978633881,0.0,0.0653,0.9009009009009009,0.059,-0.016025988601955313,0.0,0.08,0.0653,0.0653,0
3,18,4.669743537902832,4.604978978633881,0.013966048408904003,0.07494788166747592,3.5242290748898677,0.0679943286419128,0.013966048408904003,0.013966048408904003,0.0911728387271232,0.07494788166747592,0.07494788166747592,0
3,10,4.710372447967529,4.604978978633881,0.022628876058495156,0.07251909721983035,3.864734299516908,0.06155452423684503,0.022628876058495156,0.022628876058495156,0.09810310084679613,0.07251909721983035,0.07251909721983035,0
3,4,4.4946980476379395,4.604978978633881,0.0,0.0653,0.5050505050505051,0.059,-0.024239614239960523,0.0,0.08,0.0653,0.0653,0
3,12,4.602763652801514,4.604978978633881,0.0,0.0666006059786304,3.252032520325203,0.06085800854090058,-0.00048118761763320575,0.0,0.08,0.0666006059786304,0.0666006059786304,0
3,0,4.461923122406006,4.604978978633881,0.0,0.06583063476597409,5.3097345132743365,0.05975804966567727,-0.03155823826747163,0.0,0.08,0.06583063476597409,0.06583063476597409,0
3,19,4.388270378112793,4.604978978633881,0.0,0.0653,9.743589743589743,0.059,-0.04820294655542188,0.0,0.08,0.0653,0.0653,0
3,11,4.422889709472656,4.604978978633881,0.0,0.0653,8.764940239043824,0.059,-0.040344841815130664,0.0,0.08,0.0653,0.0653,0
3,1,4.480384349822998,4.604978978633881,0.0,0.0653,5.2631578947368425,0.059,-0.027429269617966857,0.0,0.08,0.0653,0.0653,0
3,15,4.511293411254883,4.604978978633881,0.0,0.0659310266142846,7.6923076923076925,0.05990146659183514,-0.020554204934532368,0.0,0.08,0.0659310266142846,0.0659310266142846,0
3,16,4.488938808441162,4.604978978633881,0.0,0.0653,3.6,0.059,-0.025521776478975182,0.0,0.08,0.0653,0.0653,0
3,3,4.615124702453613,4.604978978633881,0.0022007839051878552,0.06841241759216073,2.202643171806167,0.0626917563641652,0.0022007839051878552,0.0022007839051878552,0.08176062712415029,0.06841241759216073,0.06841241759216073,0
3,7,4.356267929077148,4.604978978633881,0.0,0.0653,2.6315789473684212,0.059,-0.055522393440742376,0.0,0.08,0.0653,0.0653,0
3,5,4.488245010375977,4.604978978633881,0.0,0.0653,0.9302325581395349,0.059,-0.02567634567996835,0.0,0.08,0.0653,0.0653,0
3,2,4.516664028167725,4.604978978633881,0.0,0.06697550029043156,5.339805825242719,0.06139357184347366,-0.01936443026611631,0.0,0.08,0.06697550029043156,0.06697550029043156,0
3,8,4.604968070983887,4.604978978633881,0.0,0.06709752663848023,0.9523809523809523,0.06156789519782892,-2.3686672488761303e-06,0.0,0.08,0.06709752663848023,0.06709752663848023,0
3,17,4.55576753616333,4.604978978633881,0.0,0.06643796070040454,1.0101010101010102,0.06062565814343507,-0.010744084159012998,0.0,0.08,0.06643796070040454,0.06643796070040454,0
3,9,4.431002616882324,4.604978978633881,0.0,0.0653,5.416666666666667,0.059,-0.03851222190901559,0.0,0.08,0.0653,0.0653,0
3,14,4.486062526702881,4.604978978633881,0.0,0.0653,3.6437246963562755,0.059,-0.026162730551946553,0.0,0.08,0.0653,0.0653,0
3,6,4.429683685302734,4.604978978633881,0.0,0.0653,5.128205128205129,0.059,-0.03880992606902602,0.0,0.08,0.0653,0.0653,0
4,4,4.321104049682617,4.593662923574447,0.0,0.06971,1.5151515151515151,0.0653,-0.061166791589193796,0.0,0.08,0.06971,0.06971,0
4,1,4.412798881530762,4.593662923574447,0.0,0.06971,8.771929824561404,0.0653,-0.04016857314116685,0.0,0.08,0.06971,0.06971,0
4,19,4.15186071395874,4.593662923574447,0.0,0.06971,8.205128205128204,0.0653,-0.1011211295888661,0.0,0.08,0.06971,0.06971,0
4,15,4.367005825042725,4.593662923574447,0.0,0.07015171862999922,5.128205128205129,0.0659310266142846,-0.05060011989404042,0.0,0.08,0.07015171862999922,0.07015171862999922,0
4,16,4.388225555419922,4.593662923574447,0.0,0.06971,1.6,0.0653,-0.045752784408319036,0.0,0.08,0.06971,0.06971,0
4,14,4.304729461669922,4.593662923574447,0.0,0.06971,6.477732793522267,0.0653,-0.06496343515354457,0.0,0.08,0.06971,0.06971,0
4,11,4.151654243469238,4.593662923574447,0.0,0.06971,9.56175298804781,0.0653,-0.10117086045347111,0.0,0.08,0.06971,0.06971,0
4,5,4.413740634918213,4.593662923574447,0.0,0.06971,3.255813953488372,0.0653,-0.03995518183710351,0.0,0.08,0.06971,0.06971,0
4,9,4.320816993713379,4.593662923574447,0.0,0.06971,9.166666666666666,0.0653,-0.061233224959098054,0.0,0.08,0.06971,0.06971,0
4,0,4.357916831970215,4.593662923574447,0.0,0.07008144433618185,5.3097345132743365,0.06583063476597409,-0.052683575919212855,0.0,0.08,0.07008144433618185,0.07008144433618185,0
4,7,4.381499767303467,4.593662923574447,0.0,0.06971,3.508771929824561,0.0653,-0.047286649876684475,0.0,0.08,0.06971,0.06971,0
4,2,4.477911949157715,4.593662923574447,0.0,0.0708828502033021,4.368932038834951,0.06697550029043156,-0.025520873331457746,0.0,0.08,0.0708828502033021,0.0708828502033021,0
4,6,4.341975212097168,4.593662923574447,0.0,0.06971,8.974358974358974,0.0653,-0.056348365688530556,0.0,0.08,0.06971,0.06971,0
4,18,4.505537033081055,4.593662923574447,0.0,0.07646351716723314,4.405286343612334,0.07494788166747592,-0.019370636157755805,0.0,0.08,0.07646351716723314,0.07646351716723314,0
4,8,4.469269752502441,4.593662923574447,0.0,0.07096826864693616,0.47619047619047616,0.06709752663848023,-0.027452699377203512,0.0,0.08,0.07096826864693616,0.07096826864693616,0
4,17,4.504787445068359,4.593662923574447,0.0,0.07050657249028318,4.040404040404041,0.06643796070040454,-0.019537020401648144,0.0,0.08,0.07050657249028318,0.07050657249028318,0
4,12,4.583977222442627,4.593662923574447,0.0,0.07062042418504128,3.252032520325203,0.0666006059786304,-0.0021107179084239834,0.0,0.08,0.07062042418504128,0.07062042418504128,0
4,3,4.442286968231201,4.593662923574447,0.0,0.0718886923145125,3.9647577092511015,0.06841241759216073,-0.03350840154339931,0.0,0.08,0.0718886923145125,0.0718886923145125,0
4,13,4.428613662719727,4.593662923574447,0.0,0.06971,1.8018018018018018,0.0653,-0.03659113617833495,0.0,0.08,0.06971,0.06971,0
4,10,4.512238502502441,4.593662923574447,0.0,0.07476336805388124,6.280193236714976,0.07251909721983035,-0.01788435595179477,0.0,0.08,0.07476336805388124,0.07476336805388124,0
5,0,4.2949323654174805,4.574347853064538,0.0,0.0730570110353273,3.982300884955752,0.07008144433618185,-0.0630283346176499,0.0,0.08,0.0730570110353273,0.0730570110353273,0
5,13,4.391781330108643,4.574347853064538,0.0,0.072797,3.1531531531531534,0.06971,-0.0407292279566251,0.0,0.08,0.072797,0.072797,0
5,5,4.3054986000061035,4.574347853064538,0.0,0.072797,4.186046511627907,0.06971,-0.06057119266215747,0.0,0.08,0.072797,0.072797,0
5,3,4.415473461151123,4.574347853064538,0.0,0.07432208462015874,3.0837004405286343,0.0718886923145125,-0.03534907518493088,0.0,0.08,0.07432208462015874,0.07432208462015874,0
5,11,4.0953145027160645,4.574347853064538,0.0,0.072797,12.749003984063744,0.06971,-0.11062062653691318,0.0,0.08,0.072797,0.072797,0
5,7,4.255697727203369,4.574347853064538,0.0,0.072797,3.0701754385964914,0.06971,-0.07220541585139996,0.0,0.08,0.072797,0.072797,0
5,10,4.357216835021973,4.574347853064538,0.0,0.07633435763771687,7.246376811594203,0.07476336805388124,-0.048630629736135335,0.0,0.08,0.07633435763771687,0.07633435763771687,0
5,12,4.460926532745361,4.574347853064538,0.0,0.07343429692952888,6.097560975609756,0.07062042418504128,-0.02510765550859355,0.0,0.08,0.07343429692952888,0.07343429692952888,0
5,17,4.341072082519531,4.574347853064538,0.0,0.07335460074319822,1.5151515151515151,0.07050657249028318,-0.05234280144213804,0.0,0.08,0.07335460074319822,0.07335460074319822,0
5,2,4.260538578033447,4.574347853064538,0.0,0.07361799514231146,5.339805825242719,0.0708828502033021,-0.07106856356910585,0.0,0.08,0.07361799514231146,0.07361799514231146,0
5,15,4.191042423248291,4.574347853064538,0.0,0.07310620304099946,9.82905982905983,0.07015171862999922,-0.08751465123258875,0.0,0.08,0.07310620304099946,0.07310620304099946,0
5,14,4.202233791351318,4.574347853064538,0.0,0.072797,3.6437246963562755,0.06971,-0.08484790360686031,0.0,0.08,0.072797,0.072797,0
5,6,4.212047576904297,4.574347853064538,0.0,0.072797,10.256410256410257,0.06971,-0.08251525283132952,0.0,0.08,0.072797,0.072797,0
5,18,4.43778657913208,4.574347853064538,0.0,0.0775244620170632,4.845814977973569,0.07646351716723314,-0.03030840879223427,0.0,0.08,0.0775244620170632,0.0775244620170632,0
5,1,4.296125888824463,4.574347853064538,0.0,0.072797,7.456140350877193,0.06971,-0.06275048213974514,0.0,0.08,0.072797,0.072797,0
5,4,4.204270362854004,4.574347853064538,0.0,0.072797,3.5353535353535355,0.06971,-0.08436338078968798,0.0,0.08,0.072797,0.072797,0
5,8,4.406844139099121,4.574347853064538,0.0,0.07367778805285531,0.9523809523809523,0.07096826864693616,-0.03730532413796434,0.0,0.08,0.07367778805285531,0.07367778805285531,0
5,16,4.327358722686768,4.574347853064538,0.0,0.072797,3.2,0.06971,-0.0555067815325122,0.0,0.08,0.072797,0.072797,0
5,19,4.120946407318115,4.574347853064538,0.0,0.072797,5.128205128205129,0.06971,-0.10438129505198321,0.0,0.08,0.072797,0.072797,0
5,9,4.14354133605957,4.574347853064538,0.0,0.072797,7.083333333333333,0.06971,-0.09891332518260437,0.0,0.08,0.072797,0.072797,0
6,14,4.14379358291626,4.546465980470181,0.0,0.0749579,6.882591093117409,0.072797,-0.09273853072229286,0.0,0.08,0.0749579,0.0749579,0
6,8,4.3347649574279785,4.546465980470181,0.0,0.07557445163699872,1.4285714285714286,0.07367778805285531,-0.04768283445008383,0.0,0.08,0.07557445163699872,0.07557445163699872,0
6,9,4.005934238433838,4.546465980470181,0.0,0.0749579,7.5,0.072797,-0.12657340194248443,0.0,0.08,0.0749579,0.0749579,0
6,18,4.367618560791016,4.546465980470181,0.0,0.07826712341194424,5.726872246696035,0.0775244620170632,-0.0401323146869522,0.0,0.08,0.07826712341194424,0.07826712341194424,0
6,0,4.195389270782471,4.546465980470181,0.0,0.07513990772472912,9.29203539823009,0.0730570110353273,-0.0803640937934659,0.0,0.08,0.07513990772472912,0.07513990772472912,0
6,11,4.0152387619018555,4.546465980470181,0.0,0.0749579,15.936254980079681,0.072797,-0.12425341018621952,0.0,0.08,0.0749579,0.0749579,0
6,13,4.265745639801025,4.546465980470181,0.0,0.0749579,4.954954954954955,0.072797,-0.06373323015204307,0.0,0.08,0.0749579,0.0749579,0
6,19,4.045533657073975,4.546465980470181,0.0,0.0749579,10.76923076923077,0.072797,-0.1167367514440955,0.0,0.08,0.0749579,0.0749579,0
6,3,4.348631381988525,4.546465980470181,0.0,0.07602545923411111,3.5242290748898677,0.07432208462015874,-0.0444890527146117,0.0,0.08,0.07602545923411111,0.07602545923411111,0
6,12,4.475978374481201,4.546465980470181,0.0,0.07540400785067022,7.317073170731708,0.07343429692952888,-0.01562526454613917,0.0,0.08,0.07540400785067022,0.07540400785067022,0
6,17,4.2440505027771,4.546465980470181,0.0,0.07534822052023875,2.525252525252525,0.07335460074319822,-0.06883210293650176,0.0,0.08,0.07534822052023875,0.07534822052023875,0
6,4,4.151137828826904,4.546465980470181,0.0,0.0749579,3.5353535353535355,0.072797,-0.09096775108651967,0.0,0.08,0.0749579,0.0749579,0
6,16,4.2116875648498535,4.546465980470181,0.0,0.0749579,5.2,0.072797,-0.0764868092710575,0.0,0.08,0.0749579,0.0749579,0
6,15,4.166232585906982,4.546465980470181,0.0,0.07517434212869961,10.256410256410257,0.07310620304099946,-0.0873380525487559,0.0,0.08,0.07517434212869961,0.07517434212869961,0
6,6,4.189968109130859,4.546465980470181,0.0,0.0749579,8.11965811965812,0.072797,-0.08165710067399698,0.0,0.08,0.0749579,0.0749579,0
6,7,4.221062183380127,4.546465980470181,0.0,0.0749579,8.333333333333334,0.072797,-0.07426342481169747,0.0,0.08,0.0749579,0.0749579,0
6,5,4.2882513999938965,4.546465980470181,0.0,0.0749579,4.651162790697675,0.072797,-0.058471172668001836,0.0,0.08,0.0749579,0.0749579,0
6,1,4.270139694213867,4.546465980470181,0.0,0.0749579,10.526315789473685,0.072797,-0.0627036814599661,0.0,0.08,0.0749579,0.0749579,0
6,10,4.361126899719238,4.546465980470181,0.0,0.0774340503464018,10.144927536231885,0.07633435763771687,-0.041619736283361485,0.0,0.08,0.0774340503464018,0.0774340503464018,0
6,2,4.174088954925537,4.546465980470181,0.0,0.07553259659961803,5.825242718446602,0.07361799514231146,-0.0854541032825444,0.0,0.08,0.07553259659961803,0.07553259659961803,0
7,0,4.220077991485596,4.513456869834663,0.0,0.07659793540731039,9.29203539823009,0.07513990772472912,-0.0672097404708104,0.0,0.08,0.07659793540731039,0.07659793540731039,0
7,18,4.241313457489014,4.513456869834663,0.0,0.07878698638836096,6.607929515418502,0.07826712341194424,-0.06219035077217568,0.0,0.08,0.07878698638836096,0.07878698638836096,0
7,16,4.1691203117370605,4.513456869834663,0.0,0.07647053,4.8,0.0749579,-0.07935829257537574,0.0,0.08,0.07647053,0.07647053,0
7,7,4.201504230499268,4.513456869834663,0.0,0.07647053,8.771929824561404,0.0749579,-0.07162073844441597,0.0,0.08,0.07647053,0.07647053,0
7,11,4.010479927062988,4.513456869834663,0.0,0.07647053,10.756972111553784,0.0749579,-0.1181524329023597,0.0,0.08,0.07647053,0.07647053,0
7,13,4.191884517669678,4.513456869834663,0.0,0.07647053,3.6036036036036037,0.0749579,-0.07391295135324599,0.0,0.08,0.07647053,0.07647053,0
7,2,4.131427764892578,4.513456869834663,0.0,0.07687281761973261,6.796116504854369,0.07553259659961803,-0.08844029667620373,0.0,0.08,0.07687281761973261,0.07687281761973261,0
7,17,4.230557918548584,4.513456869834663,0.0,0.07674375436416712,7.070707070707071,0.07534822052023875,-0.064729469749828,0.0,0.08,0.07674375436416712,0.07674375436416712,0
7,10,4.378620624542236,4.513456869834663,0.0,0.07820383524248126,9.66183574879227,0.0774340503464018,-0.03032960094326341,0.0,0.08,0.07820383524248126,0.07820383524248126,0
7,14,4.102475166320801,4.513456869834663,0.0,0.07647053,1.6194331983805668,0.0749579,-0.09547285901481452,0.0,0.08,0.07647053,0.07647053,0
7,6,4.086479187011719,4.513456869834663,0.0,0.07647053,11.965811965811966,0.0749579,-0.09937958481269242,0.0,0.08,0.07647053,0.07647053,0
7,5,4.333793640136719,4.513456869834663,0.0,0.07647053,2.7906976744186047,0.0749579,-0.04062006200589629,0.0,0.08,0.07647053,0.07647053,0
7,9,4.047074317932129,4.513456869834663,0.0,0.07647053,10.0,0.0749579,-0.10906912020678264,0.0,0.08,0.07647053,0.07647053,0
7,1,4.251496315002441,4.513456869834663,0.0,0.07647053,7.017543859649122,0.0749579,-0.059792354669156174,0.0,0.08,0.07647053,0.07647053,0
7,4,4.120405673980713,4.513456869834663,0.0,0.07647053,3.5353535353535355,0.0749579,-0.09111172661277782,0.0,0.08,0.07647053,0.07647053,0
7,19,4.002892971038818,4.513456869834663,0.0,0.07647053,11.282051282051283,0.0749579,-0.12004600714848741,0.0,0.08,0.07647053,0.07647053,0
7,3,4.218362331390381,4.513456869834663,0.0,0.07721782146387778,4.405286343612334,0.07602545923411111,-0.06761637014386436,0.0,0.08,0.07721782146387778,0.07721782146387778,0
7,12,4.47109842300415,4.513456869834663,0.0,0.07678280549546915,6.097560975609756,0.07540400785067022,-0.00942923922172506,0.0,0.08,0.07678280549546915,0.07678280549546915,0
7,8,4.298091888427734,4.513456869834663,0.0,0.07690211614589909,3.3333333333333335,0.07557445163699872,-0.04889217244818935,0.0,0.08,0.07690211614589909,0.07690211614589909,0
7,15,4.0910964012146,4.513456869834663,0.0,0.07662203949008972,11.11111111111111,0.07517434212869961,-0.09825034678060783,0.0,0.08,0.07662203949008972,0.07662203949008972,0
8,10,4.249168395996094,4.481780620259643,0.0,0.07874268466973688,8.21256038647343,0.07820383524248126,-0.05329713495805518,0.0,0.08,0.07874268466973688,0.07874268466973688,0
8,11,3.856419801712036,4.481780620259643,0.0,0.07752937099999999,13.54581673306773,0.07647053,-0.1502811864171833,0.0,0.08,0.07752937099999999,0.07752937099999999,0
8,8,4.0828399658203125,4.481780620259643,0.0,0.07783148130212936,3.3333333333333335,0.07690211614589909,-0.09322761079633607,0.0,0.08,0.07783148130212936,0.07783148130212936,0
8,5,4.144249439239502,4.481780620259643,0.0,0.07752937099999999,5.116279069767442,0.07647053,-0.0782987311459585,0.0,0.08,0.07752937099999999,0.07752937099999999,0
8,15,4.032841682434082,4.481780620259643,0.0,0.0776354276430628,11.11111111111111,0.07662203949008972,-0.1055491675042558,0.0,0.08,0.0776354276430628,0.0776354276430628,0
8,13,4.151817798614502,4.481780620259643,0.0,0.07752937099999999,8.108108108108109,0.07647053,-0.07647416506196253,0.0,0.08,0.07752937099999999,0.07752937099999999,0
8,18,4.403355598449707,4.481780620259643,0.0,0.07915089047185267,7.048458149779735,0.07878698638836096,-0.017653541023846208,0.0,0.08,0.07915089047185267,0.07915089047185267,0
8,12,4.354452610015869,4.481780620259643,0.0,0.0777479638468284,8.94308943089431,0.07678280549546915,-0.028821517174301887,0.0,0.08,0.0777479638468284,0.0777479638468284,0
8,16,4.138312339782715,4.481780620259643,0.0,0.07752937099999999,5.6,0.07647053,-0.07973236982387924,0.0,0.08,0.07752937099999999,0.07752937099999999,0
8,6,3.9471435546875,4.481780620259643,0.0,0.07752937099999999,8.974358974358974,0.07647053,-0.12702826043639812,0.0,0.08,0.07752937099999999,0.07752937099999999,0
8,7,4.028813362121582,4.481780620259643,0.0,0.07752937099999999,9.210526315789474,0.07647053,-0.10654854557625668,0.0,0.08,0.07752937099999999,0.07752937099999999,0
8,3,4.208831787109375,4.481780620259643,0.0,0.07805247502471443,4.845814977973569,0.07721782146387778,-0.06283530325436755,0.0,0.08,0.07805247502471443,0.07805247502471443,0
8,0,3.9806041717529297,4.481780620259643,0.0,0.07761855478511727,8.4070796460177,0.07659793540731039,-0.11858681733552955,0.0,0.08,0.07761855478511727,0.07761855478511727,0
8,4,4.090819835662842,4.481780620259643,0.0,0.07752937099999999,4.545454545454546,0.07647053,-0.0912750283419309,0.0,0.08,0.07752937099999999,0.07752937099999999,0
8,14,3.9363982677459717,4.481780620259643,0.0,0.07752937099999999,5.668016194331984,0.07647053,-0.12975426704875842,0.0,0.08,0.07752937099999999,0.07752937099999999,0
8,9,3.9986348152160645,4.481780620259643,0.0,0.07752937099999999,5.0,0.07647053,-0.11406742040132144,0.0,0.08,0.07752937099999999,0.07752937099999999,0
8,19,3.989346981048584,4.481780620259643,0.0,0.07752937099999999,16.923076923076923,0.07647053,-0.11639287345482698,0.0,0.08,0.07752937099999999,0.07752937099999999,0
8,17,4.2267913818359375,4.481780620259643,0.0,0.07772062805491699,7.070707070707071,0.07674375436416712,-0.05857726055624591,0.0,0.08,0.07772062805491699,0.07772062805491699,0
8,1,4.087345600128174,4.481780620259643,0.0,0.07752937099999999,7.894736842105263,0.07647053,-0.09212466528372383,0.0,0.08,0.07752937099999999,0.07752937099999999,0
8,2,4.100438117980957,4.481780620259643,0.0,0.07781097233381282,4.854368932038835,0.07687281761973261,-0.08892660108703226,0.0,0.08,0.07781097233381282,0.07781097233381282,0
9,15,4.0376176834106445,4.442510830023229,0.0,0.07834479935014396,8.11965811965812,0.0776354276430628,-0.09556488292178306,0.0,0.08,0.07834479935014396,0.07834479935014396,0
9,9,3.952496290206909,4.442510830023229,0.0,0.07827055969999999,10.0,0.07752937099999999,-0.1168723670794319,0.0,0.08,0.07827055969999999,0.07827055969999999,0
9,4,4.135721683502197,4.442510830023229,0.0,0.07827055969999999,5.555555555555555,0.07752937099999999,-0.07155787497939402,0.0,0.08,0.07827055969999999,0.07827055969999999,0
9,7,4.02733850479126,4.442510830023229,0.0,0.07827055969999999,7.456140350877193,0.07752937099999999,-0.09811398149593852,0.0,0.08,0.07827055969999999,0.07827055969999999,0
9,17,4.201643466949463,4.442510830023229,0.0,0.07840443963844189,4.545454545454546,0.07772062805491699,-0.05574396833099978,0.0,0.08,0.07840443963844189,0.07840443963844189,0
9,12,4.305172920227051,4.442510830023229,0.0,0.07842357469277988,9.75609756097561,0.0777479638468284,-0.03140241442052605,0.0,0.08,0.07842357469277988,0.07842357469277988,0
9,2,3.91442608833313,4.442510830023229,0.0,0.07846768063366896,6.310679611650485,0.07781097233381282,-0.12655099288319574,0.0,0.08,0.07846768063366896,0.07846768063366896,0
9,19,3.8569648265838623,4.442510830023229,0.0,0.07827055969999999,13.333333333333334,0.07752937099999999,-0.14133915871079755,0.0,0.08,0.07827055969999999,0.07827055969999999,0
9,6,3.943828821182251,4.442510830023229,0.0,0.07827055969999999,11.538461538461538,0.07752937099999999,-0.11906768511952096,0.0,0.08,0.07827055969999999,0.07827055969999999,0
9,18,4.289594650268555,4.442510830023229,0.0,0.07940562333029687,10.13215859030837,0.07915089047185267,-0.03502747742637845,0.0,0.08,0.07940562333029687,0.07940562333029687,0
9,11,3.845322847366333,4.442510830023229,0.0,0.07827055969999999,16.733067729083665,0.07752937099999999,-0.14436215357828927,0.0,0.08,0.07827055969999999,0.07827055969999999,0
9,16,4.150652885437012,4.442510830023229,0.0,0.07827055969999999,4.8,0.07752937099999999,-0.06795407504630864,0.0,0.08,0.07827055969999999,0.07827055969999999,0
9,5,4.156335830688477,4.442510830023229,0.0,0.07827055969999999,6.046511627906977,0.07752937099999999,-0.06658584250897091,0.0,0.08,0.07827055969999999,0.07827055969999999,0
9,1,4.086491107940674,4.442510830023229,0.0,0.07827055969999999,8.771929824561404,0.07752937099999999,-0.08353303665738658,0.0,0.08,0.07827055969999999,0.07827055969999999,0
9,3,4.180058479309082,4.442510830023229,0.0,0.0786367325173001,3.9647577092511015,0.07805247502471443,-0.06089448202000702,0.0,0.08,0.0786367325173001,0.0786367325173001,0
9,8,4.148346424102783,4.442510830023229,0.0,0.07848203691149055,5.238095238095238,0.07783148130212936,-0.06850991588977094,0.0,0.08,0.07848203691149055,0.07848203691149055,0
9,0,3.929476022720337,4.442510830023229,0.0,0.07833298834958208,7.522123893805309,0.07761855478511727,-0.12271362913139759,0.0,0.08,0.07833298834958208,0.07833298834958208,0
9,14,3.8811872005462646,4.442510830023229,0.0,0.07827055969999999,7.6923076923076925,0.07752937099999999,-0.13507863218469163,0.0,0.08,0.07827055969999999,0.07827055969999999,0
9,10,4.250731945037842,4.442510830023229,0.0,0.07911987926881581,7.729468599033816,0.07874268466973688,-0.044128528294312616,0.0,0.08,0.07911987926881581,0.07911987926881581,0
9,13,4.108889102935791,4.442510830023229,0.0,0.07827055969999999,5.405405405405405,0.07752937099999999,-0.07806701796632352,0.0,0.08,0.07827055969999999,0.07827055969999999,0
10,15,3.94425892829895,4.40802875756473,0.0,0.07884135954510077,13.247863247863247,0.07834479935014396,-0.11116650973416993,0.0,0.08,0.07884135954510077,0.07884135954510077,0
10,11,3.7722153663635254,4.40802875756473,0.0,0.07878939179,11.952191235059761,0.07827055969999999,-0.1557651361874247,0.0,0.08,0.07878939179,0.07878939179,0
10,16,4.10618257522583,4.40802875756473,0.0,0.07878939179,9.6,0.07827055969999999,-0.07093381253136388,0.0,0.08,0.07878939179,0.07878939179,0
10,14,3.968014717102051,4.40802875756473,0.0,0.07878939179,11.336032388663968,0.07827055969999999,-0.10516169716337212,0.0,0.08,0.07878939179,0.07878939179,0
10,6,3.9175939559936523,4.40802875756473,0.0,0.07878939179,11.538461538461538,0.07827055969999999,-0.11794991687190903,0.0,0.08,0.07878939179,0.07878939179,0
10,4,3.971005916595459,4.40802875756473,0.0,0.07878939179,5.555555555555555,0.07827055969999999,-0.1044081534290941,0.0,0.08,0.07878939179,0.07878939179,0
10,2,3.978928565979004,4.40802875756473,0.0,0.07892737644356827,12.62135922330097,0.07846768063366896,-0.1024150170067079,0.0,0.08,0.07892737644356827,0.07892737644356827,0
10,10,4.228102684020996,4.40802875756473,0.0,0.07938391548817106,7.729468599033816,0.07911987926881581,-0.04167424130283423,0.0,0.08,0.07938391548817106,0.07938391548817106,0
10,18,4.212409019470215,4.40802875756473,0.0,0.0795839363312078,10.13215859030837,0.07940562333029687,-0.04539289797905563,0.0,0.08,0.0795839363312078,0.0795839363312078,0
10,19,3.862751007080078,4.40802875756473,0.0,0.07878939179,16.41025641025641,0.07827055969999999,-0.13204796969334512,0.0,0.08,0.07878939179,0.07878939179,0
10,8,4.175966262817383,4.40802875756473,0.0,0.07893742583804339,3.8095238095238093,0.07848203691149055,-0.05408182393125776,0.0,0.08,0.07893742583804339,0.07893742583804339,0
10,9,3.921902894973755,4.40802875756473,0.0,0.07878939179,10.416666666666666,0.07827055969999999,-0.11685062708713119,0.0,0.08,0.07878939179,0.07878939179,0
10,13,4.116137981414795,4.40802875756473,0.0,0.07878939179,4.504504504504505,0.07827055969999999,-0.0685122550255489,0.0,0.08,0.07878939179,0.07878939179,0
10,5,4.001499176025391,4.40802875756473,0.0,0.07878939179,6.046511627906977,0.07827055969999999,-0.09675851063878939,0.0,0.08,0.07878939179,0.07878939179,0
10,3,4.108156681060791,4.40802875756473,0.0,0.07904571276211007,2.202643171806167,0.0786367325173001,-0.07045316380075563,0.0,0.08,0.07904571276211007,0.07904571276211007,0
10,7,4.071543216705322,4.40802875756473,0.0,0.07878939179,9.649122807017545,0.07827055969999999,-0.07940549927841527,0.0,0.08,0.07878939179,0.07878939179,0
10,17,4.123988151550293,4.40802875756473,0.0,0.07888310774690932,7.070707070707071,0.07840443963844189,-0.06660690251887874,0.0,0.08,0.07888310774690932,0.07888310774690932,0
10,0,3.898757219314575,4.40802875756473,0.0,0.07883309184470745,7.964601769911504,0.07833298834958208,-0.12276975484348536,0.0,0.08,0.07883309184470745,0.07883309184470745,0
10,1,4.038394927978516,4.40802875756473,0.0,0.07878939179,8.333333333333334,0.07827055969999999,-0.08758027759448449,0.0,0.08,0.07878939179,0.07878939179,0
10,12,4.183787822723389,4.40802875756473,0.0,0.07889650228494591,8.536585365853659,0.07842357469277988,-0.05221058176562548,0.0,0.08,0.07889650228494591,0.07889650228494591,0
11,14,3.9509356021881104,4.369220587008452,0.0,0.07915257425299999,7.287449392712551,0.07878939179,-0.10063222540307472,0.0,0.08,0.07915257425299999,0.07915257425299999,0
11,10,4.249645709991455,4.369220587008452,0.0,0.07956874084171973,6.280193236714976,0.07938391548817106,-0.02774902065370789,0.0,0.08,0.07956874084171973,0.07956874084171973,0
11,7,4.016120433807373,4.369220587008452,0.0,0.07915257425299999,8.333333333333334,0.07878939179,-0.08426826718578567,0.0,0.08,0.07915257425299999,0.07915257425299999,0
11,16,4.089588642120361,4.369220587008452,0.0,0.07915257425299999,9.6,0.07878939179,-0.06614024917028508,0.0,0.08,0.07915257425299999,0.07915257425299999,0
11,4,3.949681043624878,4.369220587008452,0.0,0.07915257425299999,5.05050505050505,0.07878939179,-0.10094981037823382,0.0,0.08,0.07915257425299999,0.07915257425299999,0
11,11,3.7634832859039307,4.369220587008452,0.0,0.07915257425299999,14.342629482071713,0.07878939179,-0.1492397030779936,0.0,0.08,0.07915257425299999,0.07915257425299999,0
11,9,3.8717494010925293,4.369220587008452,0.0,0.07915257425299999,11.666666666666666,0.07878939179,-0.12087819100294193,0.0,0.08,0.07915257425299999,0.07915257425299999,0
11,1,3.990586757659912,4.369220587008452,0.0,0.07915257425299999,11.842105263157896,0.07878939179,-0.09064636045992261,0.0,0.08,0.07915257425299999,0.07915257425299999,0
11,5,4.063722133636475,4.369220587008452,0.0,0.07915257425299999,5.116279069767442,0.07878939179,-0.07248530234274078,0.0,0.08,0.07915257425299999,0.07915257425299999,0
11,17,3.9599668979644775,4.369220587008452,0.0,0.07921817542283652,5.05050505050505,0.07888310774690932,-0.09834897145653886,0.0,0.08,0.07921817542283652,0.07921817542283652,0
11,19,3.8610808849334717,4.369220587008452,0.0,0.07915257425299999,14.35897435897436,0.07878939179,-0.1236374712420506,0.0,0.08,0.07915257425299999,0.07915257425299999,0
11,12,4.304750442504883,4.369220587008452,0.0,0.07922755159946213,10.16260162601626,0.07889650228494591,-0.014865470811656619,0.0,0.08,0.07922755159946213,0.07922755159946213,0
11,18,4.195267200469971,4.369220587008452,0.0,0.07970875543184547,10.13215859030837,0.0795839363312078,-0.04062760485213425,0.0,0.08,0.07970875543184547,0.07970875543184547,0
11,8,4.122200965881348,4.369220587008452,0.0,0.07925619808663037,3.8095238095238093,0.07893742583804339,-0.05819740194836154,0.0,0.08,0.07925619808663037,0.07925619808663037,0
11,3,4.109138488769531,4.369220587008452,0.0,0.07933199893347705,3.9647577092511015,0.07904571276211007,-0.061371244581678835,0.0,0.08,0.07933199893347705,0.07933199893347705,0
11,0,3.914827823638916,4.369220587008452,0.0,0.07918316429129521,7.522123893805309,0.07883309184470745,-0.10981328771960831,0.0,0.08,0.07918316429129521,0.07918316429129521,0
11,13,4.0784478187561035,4.369220587008452,0.0,0.07915257425299999,4.504504504504505,0.07878939179,-0.06886815820914206,0.0,0.08,0.07915257425299999,0.07915257425299999,0
11,6,3.9588210582733154,4.369220587008452,0.0,0.07915257425299999,11.538461538461538,0.07878939179,-0.09863836920341561,0.0,0.08,0.07915257425299999,0.07915257425299999,0
11,15,3.900377035140991,4.369220587008452,0.0,0.07918895168157053,13.675213675213675,0.07884135954510077,-0.11351141340954421,0.0,0.08,0.07918895168157053,0.07918895168157053,0
11,2,3.9675118923187256,4.369220587008452,0.0,0.0792491635104978,3.3980582524271843,0.07892737644356827,-0.09644546674514733,0.0,0.08,0.0792491635104978,0.0792491635104978,0
12,18,4.224517822265625,4.330203460806539,0.0,0.07979612880229182,7.488986784140969,0.07970875543184547,-0.02470940010276674,0.0,0.08,0.07979612880229182,0.07979612880229182,0
12,0,3.864845037460327,4.330203460806539,0.0,0.07942821500390665,9.734513274336283,0.07918316429129521,-0.11369294183640909,0.0,0.08,0.07942821500390665,0.07942821500390665,0
12,16,4.083553791046143,4.330203460806539,0.0,0.07940680197709998,8.4,0.07915257425299999,-0.05864689290071222,0.0,0.08,0.07940680197709998,0.07940680197709998,0
12,5,4.030729293823242,4.330203460806539,0.0,0.07940680197709998,7.906976744186046,0.07915257425299999,-0.0716672035823865,0.0,0.08,0.07940680197709998,0.07940680197709998,0
12,7,3.914191722869873,4.330203460806539,0.0,0.07940680197709998,10.087719298245615,0.07915257425299999,-0.10100567765904302,0.0,0.08,0.07940680197709998,0.07940680197709998,0
12,4,3.8859238624572754,4.330203460806539,0.0,0.07940680197709998,5.05050505050505,0.07915257425299999,-0.10825377130196144,0.0,0.08,0.07940680197709998,0.07940680197709998,0
12,9,3.941113233566284,4.330203460806539,0.0,0.07940680197709998,8.75,0.07915257425299999,-0.09415129932989742,0.0,0.08,0.07940680197709998,0.07940680197709998,0
12,12,4.22061014175415,4.330203460806539,0.0,0.07945928611962348,10.16260162601626,0.07922755159946213,-0.025634828538606293,0.0,0.08,0.07945928611962348,0.07945928611962348,0
12,15,3.825361490249634,4.330203460806539,0.0,0.07943226617709936,8.11965811965812,0.07918895168157053,-0.12396155917684261,0.0,0.08,0.07943226617709936,0.07943226617709936,0
12,13,4.0141825675964355,4.330203460806539,0.0,0.07940680197709998,4.954954954954955,0.07915257425299999,-0.07578079731811897,0.0,0.08,0.07940680197709998,0.07940680197709998,0
12,6,3.9582436084747314,4.330203460806539,0.0,0.07940680197709998,13.247863247863247,0.07915257425299999,-0.08981413566938974,0.0,0.08,0.07940680197709998,0.07940680197709998,0
12,14,3.843275308609009,4.330203460806539,0.0,0.07940680197709998,7.287449392712551,0.07915257425299999,-0.11928958125773804,0.0,0.08,0.07940680197709998,0.07940680197709998,0
12,8,4.026214122772217,4.330203460806539,0.0,0.07947933866064125,7.142857142857143,0.07925619808663037,-0.0727880185810845,0.0,0.08,0.07947933866064125,0.07947933866064125,0
12,11,3.7400825023651123,4.330203460806539,0.0,0.07940680197709998,14.741035856573705,0.07915257425299999,-0.1465068585459663,0.0,0.08,0.07940680197709998,0.07940680197709998,0
12,17,4.100830078125,4.330203460806539,0.0,0.07945272279598556,8.080808080808081,0.07921817542283652,-0.05442511812256076,0.0,0.08,0.07945272279598556,0.07945272279598556,0
12,19,3.8642215728759766,4.330203460806539,0.0,0.07940680197709998,12.820512820512821,0.07915257425299999,-0.11385427168787023,0.0,0.08,0.07940680197709998,0.07940680197709998,0
12,2,3.8646061420440674,4.330203460806539,0.0,0.07947441445734846,7.766990291262136,0.0792491635104978,-0.113754756164534,0.0,0.08,0.07947441445734846,0.07947441445734846,0
12,1,4.039831161499023,4.330203460806539,0.0,0.07940680197709998,9.210526315789474,0.07915257425299999,-0.0694116299918014,0.0,0.08,0.07940680197709998,0.07940680197709998,0
12,3,4.099573135375977,4.330203460806539,0.0,0.07953239925343393,3.9647577092511015,0.07933199893347705,-0.05473167445231107,0.0,0.08,0.07953239925343393,0.07953239925343393,0
12,10,4.164827823638916,4.330203460806539,0.0,0.07969811858920381,9.178743961352657,0.07956874084171973,-0.03893959355556447,0.0,0.08,0.07969811858920381,0.07969811858920381,0
13,3,3.9735562801361084,4.295804423529443,0.0,0.07967267947740375,5.726872246696035,0.07953239925343393,-0.07797734856482086,0.0,0.08,0.07967267947740375,0.07967267947740375,0
13,17,3.983549118041992,4.295804423529443,0.0,0.07961690595718988,8.585858585858587,0.07945272279598556,-0.0754656706030348,0.0,0.08,0.07961690595718988,0.07961690595718988,0
13,18,4.303916931152344,4.295804423529443,0.0018866913649615237,0.08031009608919504,10.13215859030837,0.07979612880229182,0.0018866913649615237,0.0018866913649615237,0.08150935309196922,0.08031009608919504,0.08031009608919504,0
13,0,3.866379737854004,4.295804423529443,0.0,0.07959975050273466,7.522123893805309,0.07942821500390665,-0.10532022969909806,0.0,0.08,0.07959975050273466,0.07959975050273466,0
13,13,3.8848817348480225,4.295804423529443,0.0,0.07958476138396998,4.504504504504505,0.07940680197709998,-0.10054628879913223,0.0,0.08,0.07958476138396998,0.07958476138396998,0
13,10,4.091800212860107,4.295804423529443,0.0,0.07978868301244266,12.560386473429952,0.07969811858920381,-0.048653807744270666,0.0,0.08,0.07978868301244266,0.07978868301244266,0
13,8,4.043669700622559,4.295804423529443,0.0,0.07963553706244887,5.714285714285714,0.07947933866064125,-0.06048620935730235,0.0,0.08,0.07963553706244887,0.07963553706244887,0
13,15,3.891788959503174,4.295804423529443,0.0,0.07960258632396955,11.538461538461538,0.07943226617709936,-0.0987698920028101,0.0,0.08,0.07960258632396955,0.07960258632396955,0
13,2,3.6826274394989014,4.295804423529443,0.0,0.07963209012014391,8.25242718446602,0.07947441445734846,-0.15401235498904448,0.0,0.08,0.07963209012014391,0.07963209012014391,0
13,16,4.003113746643066,4.295804423529443,0.0,0.07958476138396998,10.0,0.07940680197709998,-0.07056633579487384,0.0,0.08,0.07958476138396998,0.07958476138396998,0
13,14,3.961094379425049,4.295804423529443,0.0,0.07958476138396998,10.931174089068826,0.07940680197709998,-0.08111848519725894,0.0,0.08,0.07958476138396998,0.07958476138396998,0
13,6,3.9074647426605225,4.295804423529443,0.0,0.07958476138396998,15.384615384615385,0.07940680197709998,-0.09475007040846975,0.0,0.08,0.07958476138396998,0.07958476138396998,0
13,5,3.871854543685913,4.295804423529443,0.0,0.07958476138396998,10.232558139534884,0.07940680197709998,-0.10390522815428709,0.0,0.08,0.07958476138396998,0.07958476138396998,0
13,4,3.990644693374634,4.295804423529443,0.0,0.07958476138396998,7.575757575757576,0.07940680197709998,-0.07368603560660751,0.0,0.08,0.07958476138396998,0.07958476138396998,0
13,12,4.199172019958496,4.295804423529443,0.0,0.07962150028373643,10.16260162601626,0.07945928611962348,-0.022751463117558067,0.0,0.08,0.07962150028373643,0.07962150028373643,0
13,19,3.8051116466522217,4.295804423529443,0.0,0.07958476138396998,15.384615384615385,0.07940680197709998,-0.12129349764774992,0.0,0.08,0.07958476138396998,0.07958476138396998,0
13,1,4.039141654968262,4.295804423529443,0.0,0.07958476138396998,10.526315789473685,0.07940680197709998,-0.06160662301477114,0.0,0.08,0.07958476138396998,0.07958476138396998,0
13,7,3.9030425548553467,4.295804423529443,0.0,0.07958476138396998,10.087719298245615,0.07940680197709998,-0.09588243943340906,0.0,0.08,0.07958476138396998,0.07958476138396998,0
13,11,3.823791027069092,4.295804423529443,0.0,0.07958476138396998,16.733067729083665,0.07940680197709998,-0.11639648467077138,0.0,0.08,0.07958476138396998,0.07958476138396998,0
13,9,3.948988914489746,4.295804423529443,0.0,0.07958476138396998,10.833333333333334,0.07940680197709998,-0.08417925558501388,0.0,0.08,0.07958476138396998,0.07958476138396998,0
14,15,3.7774946689605713,4.2617281458722385,0.0,0.07972181042677867,10.683760683760683,0.07960258632396955,-0.12061374186208247,0.0,0.08,0.07972181042677867,0.07972181042677867,0
14,14,3.8024051189422607,4.2617281458722385,0.0,0.079709332968779,7.287449392712551,0.07958476138396998,-0.11404095322535357,0.0,0.08,0.079709332968779,0.079709332968779,0
14,18,4.103924751281738,4.2617281458722385,0.0,0.08021706726243652,9.691629955947137,0.08031009608919504,-0.0377309737324388,0.0,0.08,0.08021706726243652,0.08021706726243652,0
14,0,3.755053997039795,4.2617281458722385,0.0,0.07971982535191426,7.964601769911504,0.07959975050273466,-0.12657208059882352,0.0,0.08,0.07971982535191426,0.07971982535191426,0
14,19,3.584991931915283,4.2617281458722385,0.0,0.079709332968779,20.0,0.07958476138396998,-0.1729185220851545,0.0,0.08,0.079709332968779,0.079709332968779,0
14,6,4.0135931968688965,4.2617281458722385,0.0,0.079709332968779,14.52991452991453,0.07958476138396998,-0.05998784675354261,0.0,0.08,0.079709332968779,0.079709332968779,0
14,3,4.1614556312561035,4.2617281458722385,0.0,0.07977087563418261,5.286343612334802,0.07967267947740375,-0.023809821580721553,0.0,0.08,0.07977087563418261,0.07977087563418261,0
14,9,3.827759027481079,4.2617281458722385,0.0,0.079709332968779,12.916666666666666,0.07958476138396998,-0.10739522416888639,0.0,0.08,0.079709332968779,0.079709332968779,0
14,16,4.071164131164551,4.2617281458722385,0.0,0.079709332968779,8.8,0.07958476138396998,-0.04574576008588884,0.0,0.08,0.079709332968779,0.079709332968779,0
14,12,4.156163692474365,4.2617281458722385,0.0,0.0797350501986155,14.227642276422765,0.07962150028373643,-0.025082286519808164,0.0,0.08,0.0797350501986155,0.0797350501986155,0
14,4,3.937465190887451,4.2617281458722385,0.0,0.079709332968779,8.080808080808081,0.07958476138396998,-0.07913758216899279,0.0,0.08,0.079709332968779,0.079709332968779,0
14,11,3.679802894592285,4.2617281458722385,0.0,0.079709332968779,13.147410358565738,0.07958476138396998,-0.1468155562000114,0.0,0.08,0.079709332968779,0.079709332968779,0
14,7,3.8801157474517822,4.2617281458722385,0.0,0.079709332968779,7.894736842105263,0.07958476138396998,-0.09380976082690178,0.0,0.08,0.079709332968779,0.079709332968779,0
14,2,3.8318874835968018,4.2617281458722385,0.0,0.07974246308410074,7.281553398058253,0.07963209012014391,-0.10631724844278592,0.0,0.08,0.07974246308410074,0.07974246308410074,0
14,13,3.944924831390381,4.2617281458722385,0.0,0.079709332968779,4.054054054054054,0.07958476138396998,-0.0772448459075538,0.0,0.08,0.079709332968779,0.079709332968779,0
14,8,4.056921482086182,4.2617281458722385,0.0,0.07974487594371421,4.761904761904762,0.07963553706244887,-0.049250315598282926,0.0,0.08,0.07974487594371421,0.07974487594371421,0
14,17,3.9013986587524414,4.2617281458722385,0.0,0.0797318341700329,8.585858585858587,0.07961690595718988,-0.08833962655623685,0.0,0.08,0.0797318341700329,0.0797318341700329,0
14,5,4.016592979431152,4.2617281458722385,0.0,0.079709332968779,6.511627906976744,0.07958476138396998,-0.05924072019172571,0.0,0.08,0.079709332968779,0.079709332968779,0
14,10,4.164748191833496,4.2617281458722385,0.0,0.07985207810870985,9.178743961352657,0.07978868301244266,-0.023018930362810205,0.0,0.08,0.07985207810870985,0.07985207810870985,0
14,1,3.9861397743225098,4.2617281458722385,0.0,0.079709332968779,10.964912280701755,0.07958476138396998,-0.06685145841462738,0.0,0.08,0.079709332968779,0.079709332968779,0
15,8,3.986978530883789,4.229674832398906,0.0,0.07982141316059994,5.238095238095238,0.07974487594371421,-0.05909143458104153,0.0,0.08,0.07982141316059994,0.07982141316059994,0
15,13,3.8798391819000244,4.229674832398906,0.0,0.0797965330781453,8.108108108108109,0.079709332968779,-0.0863314133046335,0.0,0.08,0.0797965330781453,0.0797965330781453,0
15,19,3.789318323135376,4.229674832398906,0.0,0.0797965330781453,15.384615384615385,0.079709332968779,-0.10993897710766978,0.0,0.08,0.0797965330781453,0.0797965330781453,0
15,3,3.9919557571411133,4.229674832398906,0.0,0.07983961294392783,7.048458149779735,0.07977087563418261,-0.05784384268198301,0.0,0.08,0.07983961294392783,0.07983961294392783,0
15,0,3.763622283935547,4.229674832398906,0.0,0.07980387774633999,11.061946902654867,0.07971982535191426,-0.11674325099473351,0.0,0.08,0.07980387774633999,0.07980387774633999,0
15,14,3.8184144496917725,4.229674832398906,0.0,0.0797965330781453,6.477732793522267,0.079709332968779,-0.10228984714622079,0.0,0.08,0.0797965330781453,0.0797965330781453,0
15,10,4.105323791503906,4.229674832398906,0.0,0.07989645467609689,9.178743961352657,0.07985207810870985,-0.0298405011190882,0.0,0.08,0.07989645467609689,0.07989645467609689,0
15,11,3.7962100505828857,4.229674832398906,0.0,0.0797965330781453,16.334661354581673,0.079709332968779,-0.10812190412711126,0.0,0.08,0.0797965330781453,0.0797965330781453,0
15,2,3.782740831375122,4.229674832398906,0.0,0.07981972415887051,15.533980582524272,0.07974246308410074,-0.11167628350293997,0.0,0.08,0.07981972415887051,0.07981972415887051,0
15,17,4.050411224365234,4.229674832398906,0.0,0.07981228391902304,7.070707070707071,0.0797318341700329,-0.04330670538122261,0.0,0.08,0.07981228391902304,0.07981228391902304,0
15,7,3.908679246902466,4.229674832398906,0.0,0.0797965330781453,9.210526315789474,0.079709332968779,-0.07892558971804152,0.0,0.08,0.0797965330781453,0.0797965330781453,0
15,4,3.885798692703247,4.229674832398906,0.0,0.0797965330781453,9.090909090909092,0.079709332968779,-0.08479657172329093,0.0,0.08,0.0797965330781453,0.0797965330781453,0
15,1,3.8983139991760254,4.229674832398906,0.0,0.0797965330781453,7.894736842105263,0.079709332968779,-0.08158096636911297,0.0,0.08,0.0797965330781453,0.0797965330781453,0
15,6,3.9612536430358887,4.229674832398906,0.0,0.0797965330781453,14.957264957264957,0.079709332968779,-0.06556456647905787,0.0,0.08,0.0797965330781453,0.0797965330781453,0
15,16,3.981825351715088,4.229674832398906,0.0,0.0797965330781453,10.4,0.079709332968779,-0.06038477294148015,0.0,0.08,0.0797965330781453,0.0797965330781453,0
15,12,4.022525787353516,4.229674832398906,0.0,0.07981453513903085,10.16260162601626,0.0797350501986155,-0.05021510756673362,0.0,0.08,0.07981453513903085,0.07981453513903085,0
15,18,4.181853771209717,4.229674832398906,0.0,0.08015194708370556,9.251101321585903,0.08021706726243652,-0.011370484141874408,0.0,0.08,0.08015194708370556,0.08015194708370556,0
15,5,3.901459217071533,4.229674832398906,0.0,0.0797965330781453,10.232558139534884,0.079709332968779,-0.08077447675185881,0.0,0.08,0.0797965330781453,0.0797965330781453,0
15,15,3.8405508995056152,4.229674832398906,0.0,0.07980526729874507,14.52991452991453,0.07972181042677867,-0.09650929836788225,0.0,0.08,0.07980526729874507,0.07980526729874507,0
15,9,3.8173162937164307,4.229674832398906,0.0,0.0797965330781453,13.333333333333334,0.079709332968779,-0.10257748326565437,0.0,0.08,0.0797965330781453,0.0797965330781453,0
16,19,3.6328048706054688,4.196696009971394,0.0,0.07985757315470171,20.512820512820515,0.0797965330781453,-0.1442925095130813,0.0,0.08,0.07985757315470171,0.07985757315470171,0
16,10,4.183950901031494,4.196696009971394,0.0,0.07992751827326783,11.594202898550725,0.07989645467609689,-0.0030415596481595713,0.0,0.08,0.07992751827326783,0.07992751827326783,0
16,0,3.724837303161621,4.196696009971394,0.0,0.07986271442243799,11.061946902654867,0.07980387774633999,-0.11927437723815637,0.0,0.08,0.07986271442243799,0.07986271442243799,0
16,13,3.9933011531829834,4.196696009971394,0.0,0.07985757315470171,4.954954954954955,0.0797965330781453,-0.049679305774350896,0.0,0.08,0.07985757315470171,0.07985757315470171,0
16,6,3.7277917861938477,4.196696009971394,0.0,0.07985757315470171,14.957264957264957,0.0797965330781453,-0.11848150719359882,0.0,0.08,0.07985757315470171,0.07985757315470171,0
16,12,4.153047561645508,4.196696009971394,0.0,0.0798701745973216,13.008130081300813,0.07981453513903085,-0.010455134447333163,0.0,0.08,0.0798701745973216,0.0798701745973216,0
16,15,3.726302146911621,4.196696009971394,0.0,0.07986368710912155,11.538461538461538,0.07980526729874507,-0.11888119072627999,0.0,0.08,0.07986368710912155,0.07986368710912155,0
16,17,3.915647506713867,4.196696009971394,0.0,0.07986859874331612,8.585858585858587,0.07981228391902304,-0.06931684423353462,0.0,0.08,0.07986859874331612,0.07986859874331612,0
16,5,3.928813934326172,4.196696009971394,0.0,0.07985757315470171,8.837209302325581,0.0797965330781453,-0.06595996880195984,0.0,0.08,0.07985757315470171,0.07985757315470171,0
16,4,3.7779059410095215,4.196696009971394,0.0,0.07985757315470171,11.11111111111111,0.0797965330781453,-0.10512767888410436,0.0,0.08,0.07985757315470171,0.07985757315470171,0
16,16,3.8713269233703613,4.196696009971394,0.0,0.07985757315470171,11.2,0.0797965330781453,-0.08070022868415387,0.0,0.08,0.07985757315470171,0.07985757315470171,0
16,2,3.83992075920105,4.196696009971394,0.0,0.07987380691120935,12.62135922330097,0.07981972415887051,-0.08884582043068864,0.0,0.08,0.07987380691120935,0.07987380691120935,0
16,1,3.9421558380126953,4.196696009971394,0.0,0.07985757315470171,10.087719298245615,0.0797965330781453,-0.06256981058336078,0.0,0.08,0.07985757315470171,0.07985757315470171,0
16,8,3.898519277572632,4.196696009971394,0.0,0.07987498921241995,8.571428571428571,0.07982141316059994,-0.07370074260731803,0.0,0.08,0.07987498921241995,0.07987498921241995,0
16,14,3.71465802192688,4.196696009971394,0.0,0.07985757315470171,8.502024291497976,0.0797965330781453,-0.12201093048943203,0.0,0.08,0.07985757315470171,0.07985757315470171,0
16,11,3.7804036140441895,4.196696009971394,0.0,0.07985757315470171,16.733067729083665,0.0797965330781453,-0.10446677101819035,0.0,0.08,0.07985757315470171,0.07985757315470171,0
16,3,4.025610446929932,4.196696009971394,0.0,0.07988772906074948,4.845814977973569,0.07983961294392783,-0.04162098810855156,0.0,0.08,0.07988772906074948,0.07988772906074948,0
16,7,4.023052215576172,4.196696009971394,0.0,0.07985757315470171,8.333333333333334,0.0797965330781453,-0.042256679164525246,0.0,0.08,0.07985757315470171,0.07985757315470171,0
16,9,3.740971088409424,4.196696009971394,0.0,0.07985757315470171,13.75,0.0797965330781453,-0.11495232409307218,0.0,0.08,0.07985757315470171,0.07985757315470171,0
16,18,4.047665119171143,4.196696009971394,0.0,0.08010636295859389,11.894273127753303,0.08015194708370556,-0.03615735024076701,0.0,0.08,0.08010636295859389,0.08010636295859389,0
17,4,3.7647616863250732,4.165518719021404,0.0,0.0799003012082912,7.070707070707071,0.07985757315470171,-0.10115624786689308,0.0,0.08,0.0799003012082912,0.0799003012082912,0
17,19,3.5881094932556152,4.165518719021404,0.0,0.0799003012082912,22.564102564102566,0.07985757315470171,-0.1492153496139423,0.0,0.08,0.0799003012082912,0.0799003012082912,0
17,10,4.084723949432373,4.165518719021404,0.0,0.07994926279128747,14.97584541062802,0.07992751827326783,-0.019586660808432306,0.0,0.08,0.07994926279128747,0.07994926279128747,0
17,13,3.9267404079437256,4.165518719021404,0.0,0.0799003012082912,6.756756756756757,0.07985757315470171,-0.05903114110900656,0.0,0.08,0.0799003012082912,0.0799003012082912,0
17,5,3.85239577293396,4.165518719021404,0.0,0.0799003012082912,9.767441860465116,0.07985757315470171,-0.078145576602269,0.0,0.08,0.0799003012082912,0.0799003012082912,0
17,1,3.9092867374420166,4.165518719021404,0.0,0.0799003012082912,13.157894736842104,0.07985757315470171,-0.06348587282363723,0.0,0.08,0.0799003012082912,0.0799003012082912,0
17,16,3.930138349533081,4.165518719021404,0.0,0.0799003012082912,10.8,0.07985757315470171,-0.058166181397283565,0.0,0.08,0.0799003012082912,0.0799003012082912,0
17,18,4.097893714904785,4.165518719021404,0.0,0.08007445407101571,10.572687224669604,0.08010636295859389,-0.016367696571739247,0.0,0.08,0.08007445407101571,0.08007445407101571,0
17,0,3.643998622894287,4.165518719021404,0.0,0.07990390009570658,9.29203539823009,0.07986271442243799,-0.133759208415379,0.0,0.08,0.07990390009570658,0.07990390009570658,0
17,7,3.9955356121063232,4.165518719021404,0.0,0.0799003012082912,9.649122807017545,0.07985757315470171,-0.04166316929757954,0.0,0.08,0.0799003012082912,0.0799003012082912,0
17,11,3.64194655418396,4.165518719021404,0.0,0.0799003012082912,15.139442231075698,0.07985757315470171,-0.1343225035566629,0.0,0.08,0.0799003012082912,0.0799003012082912,0
17,17,3.8566417694091797,4.165518719021404,0.0,0.07990801912032128,10.1010101010101,0.07986859874331612,-0.07704401317875775,0.0,0.08,0.07990801912032128,0.07990801912032128,0
17,3,3.9472529888153076,4.165518719021404,0.0,0.07992141034252463,9.251101321585903,0.07988772906074948,-0.05382091900455657,0.0,0.08,0.07992141034252463,0.07992141034252463,0
17,8,3.9645981788635254,4.165518719021404,0.0,0.07991249244869396,9.523809523809524,0.07987498921241995,-0.049436302199967294,0.0,0.08,0.07991249244869396,0.07991249244869396,0
17,6,3.876298189163208,4.165518719021404,0.0,0.0799003012082912,17.94871794871795,0.07985757315470171,-0.07196018680897681,0.0,0.08,0.0799003012082912,0.0799003012082912,0
17,12,4.033973693847656,4.165518719021404,0.0,0.07990912221812511,12.601626016260163,0.0798701745973216,-0.0320888917657581,0.0,0.08,0.07990912221812511,0.07990912221812511,0
17,9,3.734126567840576,4.165518719021404,0.0,0.0799003012082912,10.0,0.07985757315470171,-0.1093268693764346,0.0,0.08,0.0799003012082912,0.0799003012082912,0
17,15,3.8213205337524414,4.165518719021404,0.0,0.07990458097638509,13.247863247863247,0.07986368710912155,-0.08624475768426462,0.0,0.08,0.07990458097638509,0.07990458097638509,0
17,2,3.5364551544189453,4.165518719021404,0.0,0.07991166483784654,10.679611650485437,0.07987380691120935,-0.16371595318633336,0.0,0.08,0.07991166483784654,0.07991166483784654,0
17,14,3.7046163082122803,4.165518719021404,0.0,0.0799003012082912,6.477732793522267,0.07985757315470171,-0.1172611170986726,0.0,0.08,0.0799003012082912,0.0799003012082912,0
18,17,3.8701982498168945,4.1356138450478825,0.0,0.07993561338422489,9.595959595959595,0.07990801912032128,-0.06633003525897273,0.0,0.08,0.07993561338422489,0.07993561338422489,0
18,0,3.8352115154266357,4.1356138450478825,0.0,0.07993273006699461,8.849557522123893,0.07990390009570658,-0.0754111810521856,0.0,0.08,0.07993273006699461,0.07993273006699461,0
18,19,3.671628952026367,4.1356138450478825,0.0,0.07993021084580383,17.435897435897434,0.0799003012082912,-0.11900034846225856,0.0,0.08,0.07993021084580383,0.07993021084580383,0
18,16,3.9626169204711914,4.1356138450478825,0.0,0.07993021084580383,11.6,0.0799003012082912,-0.042731122880114596,0.0,0.08,0.07993021084580383,0.07993021084580383,0
18,10,4.028059482574463,4.1356138450478825,0.0,0.07996448395390122,10.144927536231885,0.07994926279128747,-0.026351026412728806,0.0,0.08,0.07996448395390122,0.07996448395390122,0
18,12,4.0270676612854,4.1356138450478825,0.0,0.07993638555268757,11.382113821138212,0.07990912221812511,-0.026597284795470452,0.0,0.08,0.07993638555268757,0.07993638555268757,0
18,13,3.8067450523376465,4.1356138450478825,0.0,0.07993021084580383,10.36036036036036,0.0799003012082912,-0.08286126125824252,0.0,0.08,0.07993021084580383,0.07993021084580383,0
18,15,3.6595003604888916,4.1356138450478825,0.0,0.07993320668346957,16.23931623931624,0.07990458097638509,-0.12230914361585794,0.0,0.08,0.07993320668346957,0.07993320668346957,0
18,2,3.671050786972046,4.1356138450478825,0.0,0.07993816538649257,13.592233009708737,0.07991166483784654,-0.11915782912994198,0.0,0.08,0.07993816538649257,0.07993816538649257,0
18,14,3.5306146144866943,4.1356138450478825,0.0,0.07993021084580383,14.17004048582996,0.0799003012082912,-0.1581638005408154,0.0,0.08,0.07993021084580383,0.07993021084580383,0
18,4,3.8399603366851807,4.1356138450478825,0.0,0.07993021084580383,9.090909090909092,0.0799003012082912,-0.07417373075305095,0.0,0.08,0.07993021084580383,0.07993021084580383,0
18,8,3.968815326690674,4.1356138450478825,0.0,0.07993874471408577,12.857142857142858,0.07991249244869396,-0.041168124603745644,0.0,0.08,0.07993874471408577,0.07993874471408577,0
18,6,3.8306069374084473,4.1356138450478825,0.0,0.07993021084580383,17.521367521367523,0.0799003012082912,-0.07661250836988243,0.0,0.08,0.07993021084580383,0.07993021084580383,0
18,9,3.7416305541992188,4.1356138450478825,0.0,0.07993021084580383,14.166666666666666,0.0799003012082912,-0.10011427476799853,0.0,0.08,0.07993021084580383,0.07993021084580383,0
18,11,3.5030300617218018,4.1356138450478825,0.0,0.07993021084580383,15.53784860557769,0.0799003012082912,-0.16600744217448019,0.0,0.08,0.07993021084580383,0.07993021084580383,0
18,1,3.86381459236145,4.1356138450478825,0.0,0.07993021084580383,11.403508771929825,0.0799003012082912,-0.06798083647146137,0.0,0.08,0.07993021084580383,0.07993021084580383,0
18,3,3.9045908451080322,4.1356138450478825,0.0,0.07994498723976723,6.167400881057269,0.07992141034252463,-0.05748276773311824,0.0,0.08,0.07994498723976723,0.07994498723976723,0
18,5,4.047576904296875,4.1356138450478825,0.0,0.07993021084580383,12.093023255813954,0.0799003012082912,-0.021517361611593507,0.0,0.08,0.07993021084580383,0.07993021084580383,0
18,18,3.9536988735198975,4.1356138450478825,0.0,0.080052117849711,7.488986784140969,0.08007445407101571,-0.04498420396819956,0.0,0.08,0.080052117849711,0.080052117849711,0
18,7,3.9180994033813477,4.1356138450478825,0.0,0.07993021084580383,9.210526315789474,0.0799003012082912,-0.05402907821272364,0.0,0.08,0.07993021084580383,0.07993021084580383,0
19,15,3.7461719512939453,4.107241206995426,0.0,0.0799532446784287,13.247863247863247,0.07993320668346957,-0.09201705810813153,0.0,0.08,0.0799532446784287,0.0799532446784287,0
19,2,3.75433611869812,4.107241206995426,0.0,0.07995671577054479,11.650485436893204,0.07993816538649257,-0.08984009341973852,0.0,0.08,0.07995671577054479,0.07995671577054479,0
19,19,3.567903995513916,4.107241206995426,0.0,0.07995114759206268,17.94871794871795,0.07993021084580383,-0.14077325631550883,0.0,0.08,0.07995114759206268,0.07995114759206268,0
19,12,3.986337661743164,4.107241206995426,0.0,0.07995546988688129,10.975609756097562,0.07993638555268757,-0.02987863374827275,0.0,0.08,0.07995546988688129,0.07995546988688129,0
19,7,4.0033369064331055,4.107241206995426,0.0,0.07995114759206268,13.596491228070175,0.07993021084580383,-0.025623323934661206,0.0,0.08,0.07995114759206268,0.07995114759206268,0
19,0,3.6006240844726562,4.107241206995426,0.0,0.07995291104689622,16.371681415929203,0.07993273006699461,-0.13164437637436122,0.0,0.08,0.07995291104689622,0.07995291104689622,0
19,8,3.960533618927002,4.107241206995426,0.0,0.07995712129986003,9.047619047619047,0.07993874471408577,-0.03637279541980329,0.0,0.08,0.07995712129986003,0.07995712129986003,0
19,3,3.9018807411193848,4.107241206995426,0.0,0.07996149106783706,7.488986784140969,0.07994498723976723,-0.051292885616971075,0.0,0.08,0.07996149106783706,0.07996149106783706,0
19,13,3.7795896530151367,4.107241206995426,0.0,0.07995114759206268,4.954954954954955,0.07993021084580383,-0.0831361174060268,0.0,0.08,0.07995114759206268,0.07995114759206268,0
19,4,3.8568274974823,4.107241206995426,0.0,0.07995114759206268,11.616161616161616,0.07993021084580383,-0.06290661009982847,0.0,0.08,0.07995114759206268,0.07995114759206268,0
19,1,3.9126169681549072,4.107241206995426,0.0,0.07995114759206268,12.280701754385966,0.07993021084580383,-0.048545112397866075,0.0,0.08,0.07995114759206268,0.07995114759206268,0
19,9,3.708456516265869,4.107241206995426,0.0,0.07995114759206268,10.416666666666666,0.07993021084580383,-0.1021358069886481,0.0,0.08,0.07995114759206268,0.07995114759206268,0
19,6,3.7643802165985107,4.107241206995426,0.0,0.07995114759206268,15.384615384615385,0.07993021084580383,-0.08716833313498402,0.0,0.08,0.07995114759206268,0.07995114759206268,0
19,16,3.8340766429901123,4.107241206995426,0.0,0.07995114759206268,12.0,0.07993021084580383,-0.06882292900836488,0.0,0.08,0.07995114759206268,0.07995114759206268,0
19,10,4.068716526031494,4.107241206995426,0.0,0.07997513876773085,10.144927536231885,0.07996448395390122,-0.009423964077485225,0.0,0.08,0.07997513876773085,0.07997513876773085,0
19,11,3.6628904342651367,4.107241206995426,0.0,0.07995114759206268,15.139442231075698,0.07993021084580383,-0.11449899178325325,0.0,0.08,0.07995114759206268,0.07995114759206268,0
19,18,3.9581069946289062,4.107241206995426,0.0,0.0800364824947977,9.251101321585903,0.080052117849711,-0.03698568454720542,0.0,0.08,0.0800364824947977,0.0800364824947977,0
19,17,3.812582015991211,4.107241206995426,0.0,0.07995492936895743,11.11111111111111,0.07993561338422489,-0.07444490967095509,0.0,0.08,0.07995492936895743,0.07995492936895743,0
19,14,3.723564624786377,4.107241206995426,0.0,0.07995114759206268,8.502024291497976,0.07993021084580383,-0.09807012175867598,0.0,0.08,0.07995114759206268,0.07995114759206268,0
19,5,3.966172933578491,4.107241206995426,0.0,0.07995114759206268,9.767441860465116,0.07993021084580383,-0.034949930689962,0.0,0.08,0.07995114759206268,0.07995114759206268,0
20,8,3.891148090362549,4.07885001924495,0.0,0.07996998490990201,12.857142857142858,0.07995712129986003,-0.0471108375440528,0.0,0.08,0.07996998490990201,0.07996998490990201,0
20,13,3.767230272293091,4.07885001924495,0.0,0.07996580331444386,8.108108108108109,0.07995114759206268,-0.07947503478654716,0.0,0.08,0.07996580331444386,0.07996580331444386,0
20,16,3.8511927127838135,4.07885001924495,0.0,0.07996580331444386,8.8,0.07995114759206268,-0.0574321946622756,0.0,0.08,0.07996580331444386,0.07996580331444386,0
20,0,3.643231153488159,4.07885001924495,0.0,0.07996703773282735,12.389380530973451,0.07995291104689622,-0.11294412294139637,0.0,0.08,0.07996703773282735,0.07996703773282735,0
20,2,3.656017780303955,4.07885001924495,0.0,0.07996970103938135,11.650485436893204,0.07995671577054479,-0.10944057347315869,0.0,0.08,0.07996970103938135,0.07996970103938135,0
20,4,3.7614712715148926,4.07885001924495,0.0,0.07996580331444386,8.080808080808081,0.07995114759206268,-0.08100491397026785,0.0,0.08,0.07996580331444386,0.07996580331444386,0
20,7,3.8772990703582764,4.07885001924495,0.0,0.07996580331444386,10.087719298245615,0.07995114759206268,-0.050676295184012246,0.0,0.08,0.07996580331444386,0.07996580331444386,0
20,15,3.6355581283569336,4.07885001924495,0.0,0.07996727127490008,16.23931623931624,0.0799532446784287,-0.11505244828377703,0.0,0.08,0.07996727127490008,0.07996727127490008,0
20,6,3.7037503719329834,4.07885001924495,0.0,0.07996580331444386,13.247863247863247,0.07995114759206268,-0.09646917008385442,0.0,0.08,0.07996580331444386,0.07996580331444386,0
20,17,3.727189779281616,4.07885001924495,0.0,0.0799684505582702,7.575757575757576,0.07995492936895743,-0.09016055110788986,0.0,0.08,0.0799684505582702,0.0799684505582702,0
20,14,3.773165464401245,4.07885001924495,0.0,0.07996580331444386,12.955465587044534,0.07995114759206268,-0.07790079557539818,0.0,0.08,0.07996580331444386,0.07996580331444386,0
20,5,3.737428665161133,4.07885001924495,0.0,0.07996580331444386,10.69767441860465,0.07995114759206268,-0.0874172381443201,0.0,0.08,0.07996580331444386,0.07996580331444386,0
20,19,3.5923502445220947,4.07885001924495,0.0,0.07996580331444386,21.53846153846154,0.07995114759206268,-0.1270084378130754,0.0,0.08,0.07996580331444386,0.07996580331444386,0
20,1,3.921525478363037,4.07885001924495,0.0,0.07996580331444386,12.719298245614034,0.07995114759206268,-0.03933435981432384,0.0,0.08,0.07996580331444386,0.07996580331444386,0
20,9,3.7630276679992676,4.07885001924495,0.0,0.07996580331444386,13.333333333333334,0.07995114759206268,-0.0805912262244271,0.0,0.08,0.07996580331444386,0.07996580331444386,0
20,11,3.5842626094818115,4.07885001924495,0.0,0.07996580331444386,15.53784860557769,0.07995114759206268,-0.12926232515688066,0.0,0.08,0.07996580331444386,0.07996580331444386,0
20,10,3.8829877376556396,4.07885001924495,0.0,0.0799825971374116,14.009661835748792,0.07997513876773085,-0.04921019774653541,0.0,0.08,0.0799825971374116,0.0799825971374116,0
20,12,3.9179811477661133,4.07885001924495,0.0,0.0799688289208169,15.853658536585366,0.07995546988688129,-0.04023858274528243,0.0,0.08,0.0799688289208169,0.0799688289208169,0
20,3,3.840226650238037,4.07885001924495,0.0,0.07997304374748594,8.810572687224669,0.07996149106783706,-0.06028370214878454,0.0,0.08,0.07997304374748594,0.07997304374748594,0
20,18,3.968604564666748,4.07885001924495,0.0,0.08002553774635839,7.929515418502203,0.0800364824947977,-0.02740055272624953,0.0,0.08,0.08002553774635839,0.08002553774635839,0
21,5,3.8845126628875732,4.047477914335072,0.0,0.0799760623201107,11.627906976744185,0.07996580331444386,-0.0410964145791429,0.0,0.08,0.0799760623201107,0.0799760623201107,0
21,8,3.88384747505188,4.047477914335072,0.0,0.07997898943693141,13.333333333333334,0.07996998490990201,-0.041267670242833815,0.0,0.08,0.07997898943693141,0.07997898943693141,0
21,9,3.6488919258117676,4.047477914335072,0.0,0.0799760623201107,11.666666666666666,0.07996580331444386,-0.10367041013131251,0.0,0.08,0.0799760623201107,0.0799760623201107,0
21,11,3.54885196685791,4.047477914335072,0.0,0.0799760623201107,17.131474103585656,0.07996580331444386,-0.13146978802060896,0.0,0.08,0.0799760623201107,0.0799760623201107,0
21,4,3.772758960723877,4.047477914335072,0.0,0.0799760623201107,13.131313131313131,0.07996580331444386,-0.07028739612495295,0.0,0.08,0.0799760623201107,0.0799760623201107,0
21,18,3.9922292232513428,4.047477914335072,0.0,0.08001787642245087,11.013215859030836,0.08002553774635839,-0.01374417244683235,0.0,0.08,0.08001787642245087,0.08001787642245087,0
21,1,3.844318389892578,4.047477914335072,0.0,0.0799760623201107,12.719298245614034,0.07996580331444386,-0.05149763437168569,0.0,0.08,0.0799760623201107,0.0799760623201107,0
21,3,3.8693478107452393,4.047477914335072,0.0,0.07998113062324017,8.370044052863436,0.07997304374748594,-0.04500798133751221,0.0,0.08,0.07998113062324017,0.07998113062324017,0
21,13,3.8609778881073,4.047477914335072,0.0,0.0799760623201107,10.36036036036036,0.07996580331444386,-0.04717345953677632,0.0,0.08,0.0799760623201107,0.0799760623201107,0
21,12,3.7868998050689697,4.047477914335072,0.0,0.07997818024457182,16.260162601626018,0.0799688289208169,-0.06654625879618081,0.0,0.08,0.07997818024457182,0.07997818024457182,0
21,15,3.6021647453308105,4.047477914335072,0.0,0.07997708989243005,17.521367521367523,0.07996727127490008,-0.11655896674025162,0.0,0.08,0.07997708989243005,0.07997708989243005,0
21,16,3.8634982109069824,4.047477914335072,0.0,0.0799760623201107,11.6,0.07996580331444386,-0.04652090450254839,0.0,0.08,0.0799760623201107,0.0799760623201107,0
21,7,3.881821632385254,4.047477914335072,0.0,0.0799760623201107,10.087719298245615,0.07996580331444386,-0.041789413489767675,0.0,0.08,0.0799760623201107,0.0799760623201107,0
21,10,3.965019464492798,4.047477914335072,0.0,0.07998781799618812,8.21256038647343,0.0799825971374116,-0.020583185732111212,0.0,0.08,0.07998781799618812,0.07998781799618812,0
21,0,3.578021287918091,4.047477914335072,0.0,0.07997692641297914,8.849557522123893,0.07996703773282735,-0.1232840148732152,0.0,0.08,0.07997692641297914,0.07997692641297914,0
21,6,3.72218656539917,4.047477914335072,0.0,0.0799760623201107,17.094017094017094,0.07996580331444386,-0.08378266771604549,0.0,0.08,0.0799760623201107,0.0799760623201107,0
21,2,3.5232760906219482,4.047477914335072,0.0,0.07997879072756695,15.048543689320388,0.07996970103938135,-0.13870268523497067,0.0,0.08,0.07997879072756695,0.07997879072756695,0
21,17,3.7167863845825195,4.047477914335072,0.0,0.07997791539078913,12.626262626262626,0.0799684505582702,-0.08523452989837357,0.0,0.08,0.07997791539078913,0.07997791539078913,0
21,14,3.7125942707061768,4.047477914335072,0.0,0.0799760623201107,8.906882591093117,0.07996580331444386,-0.08636305312378789,0.0,0.08,0.0799760623201107,0.0799760623201107,0
21,19,3.427361249923706,4.047477914335072,0.0,0.0799760623201107,15.897435897435898,0.07996580331444386,-0.16630329927662038,0.0,0.08,0.0799760623201107,0.0799760623201107,0
22,3,3.6903584003448486,4.020713061191207,0.0,0.0799867914362681,9.691629955947137,0.07998113062324017,-0.08573568428377279,0.0,0.08,0.0799867914362681,0.0799867914362681,0
22,0,3.5334744453430176,4.020713061191207,0.0,0.0799838484890854,13.716814159292035,0.07997692641297914,-0.12917761595039073,0.0,0.08,0.0799838484890854,0.0799838484890854,0
22,9,3.6430537700653076,4.020713061191207,0.0,0.0799832436240775,13.75,0.0799760623201107,-0.0986369873004154,0.0,0.08,0.0799832436240775,0.0799832436240775,0
22,13,3.981726884841919,4.020713061191207,0.0,0.0799832436240775,7.207207207207207,0.0799760623201107,-0.009743649425850867,0.0,0.08,0.0799832436240775,0.0799832436240775,0
22,17,3.775070905685425,4.020713061191207,0.0,0.07998454077355238,10.1010101010101,0.07997791539078913,-0.06304009965756063,0.0,0.08,0.07998454077355238,0.07998454077355238,0
22,10,3.9319491386413574,4.020713061191207,0.0,0.07999147259733168,12.560386473429952,0.07998781799618812,-0.022323998288326156,0.0,0.08,0.07999147259733168,0.07999147259733168,0
22,11,3.5524415969848633,4.020713061191207,0.0,0.0799832436240775,20.318725099601593,0.0799760623201107,-0.12382412410129993,0.0,0.08,0.0799832436240775,0.0799832436240775,0
22,8,3.79504132270813,4.020713061191207,0.0,0.07998529260585198,14.761904761904763,0.07997898943693141,-0.057763965646660476,0.0,0.08,0.07998529260585198,0.07998529260585198,0
22,19,3.5040884017944336,4.020713061191207,0.0,0.0799832436240775,24.102564102564102,0.0799760623201107,-0.1375288633618091,0.0,0.08,0.0799832436240775,0.0799832436240775,0
22,12,4.0488739013671875,4.020713061191207,0.006979528086194329,0.08165981291188691,16.260162601626018,0.07997818024457182,0.006979528086194329,0.006979528086194329,0.08558362246895547,0.08165981291188691,0.08165981291188691,0
22,16,3.785230875015259,4.020713061191207,0.0,0.0799832436240775,11.2,0.0799760623201107,-0.0603523827611154,0.0,0.08,0.0799832436240775,0.0799832436240775,0
22,7,3.818121910095215,4.020713061191207,0.0,0.0799832436240775,12.719298245614034,0.0799760623201107,-0.05170061002629853,0.0,0.08,0.0799832436240775,0.0799832436240775,0
22,1,3.8509774208068848,4.020713061191207,0.0,0.0799832436240775,17.54385964912281,0.0799760623201107,-0.04313227358438255,0.0,0.08,0.0799832436240775,0.0799832436240775,0
22,2,3.3879222869873047,4.020713061191207,0.0,0.07998515350929686,14.077669902912621,0.07997879072756695,-0.17124242604085518,0.0,0.08,0.07998515350929686,0.07998515350929686,0
22,18,3.952218532562256,4.020713061191207,0.0,0.0800125134957156,11.013215859030836,0.08001787642245087,-0.01718219020611908,0.0,0.08,0.0800125134957156,0.0800125134957156,0
22,5,3.787667989730835,4.020713061191207,0.0,0.0799832436240775,14.883720930232558,0.0799760623201107,-0.059708741577784386,0.0,0.08,0.0799832436240775,0.0799832436240775,0
22,6,3.5960464477539062,4.020713061191207,0.0,0.0799832436240775,15.811965811965813,0.0799760623201107,-0.11162423198181046,0.0,0.08,0.0799832436240775,0.0799832436240775,0
22,15,3.508639335632324,4.020713061191207,0.0,0.07998396292470103,17.094017094017094,0.07997708989243005,-0.13623095628936294,0.0,0.08,0.07998396292470103,0.07998396292470103,0
22,14,3.6398777961730957,4.020713061191207,0.0,0.0799832436240775,12.955465587044534,0.0799760623201107,-0.0995091564416271,0.0,0.08,0.0799832436240775,0.0799832436240775,0
22,4,3.679778814315796,4.020713061191207,0.0,0.0799832436240775,10.606060606060606,0.0799760623201107,-0.08860661950759662,0.0,0.08,0.0799832436240775,0.0799832436240775,0
23,6,3.6756339073181152,3.9919132203736005,0.0,0.07998827053685424,16.23931623931624,0.0799832436240775,-0.0825450100369698,0.0,0.08,0.07998827053685424,0.07998827053685424,0
23,2,3.5356974601745605,3.9919132203736005,0.0,0.0799896074565078,17.961165048543688,0.07998515350929686,-0.12136003829678203,0.0,0.08,0.0799896074565078,0.0799896074565078,0
23,17,3.6807494163513184,3.9919132203736005,0.0,0.07998917854148666,11.616161616161616,0.07998454077355238,-0.08115424242229542,0.0,0.08,0.07998917854148666,0.07998917854148666,0
23,14,3.516652822494507,3.9919132203736005,0.0,0.07998827053685424,10.121457489878543,0.0799832436240775,-0.1267609849762233,0.0,0.08,0.07998827053685424,0.07998827053685424,0
23,3,3.7671432495117188,3.9919132203736005,0.0,0.07999075400538767,7.929515418502203,0.0799867914362681,-0.05795366421466865,0.0,0.08,0.07999075400538767,0.07999075400538767,0
23,13,3.836243152618408,3.9919132203736005,0.0,0.07998827053685424,10.36036036036036,0.0799832436240775,-0.03977707769307138,0.0,0.08,0.07998827053685424,0.07998827053685424,0
23,11,3.588712453842163,3.9919132203736005,0.0,0.07998827053685424,19.12350597609562,0.0799832436240775,-0.10647712933231973,0.0,0.08,0.07998827053685424,0.07998827053685424,0
23,12,3.9139962196350098,3.9919132203736005,0.0,0.08116186903832084,15.040650406504065,0.08165981291188691,-0.019711716663458678,0.0,0.08,0.08116186903832084,0.08116186903832084,0
23,10,3.8626630306243896,3.9919132203736005,0.0,0.07999403081813217,13.526570048309178,0.07999147259733168,-0.03291376983674509,0.0,0.08,0.07999403081813217,0.07999403081813217,0
23,7,3.7565507888793945,3.9919132203736005,0.0,0.07998827053685424,12.719298245614034,0.0799832436240775,-0.06076942667089258,0.0,0.08,0.07998827053685424,0.07998827053685424,0
23,16,3.748244524002075,3.9919132203736005,0.0,0.07998827053685424,17.2,0.0799832436240775,-0.06298301622279841,0.0,0.08,0.07998827053685424,0.07998827053685424,0
23,15,3.5734574794769287,3.9919132203736005,0.0,0.07998877404729071,15.384615384615385,0.07998396292470103,-0.11073701077424819,0.0,0.08,0.07998877404729071,0.07998877404729071,0
23,1,3.8305530548095703,3.9919132203736005,0.0,0.07998827053685424,12.719298245614034,0.0799832436240775,-0.041261426222702784,0.0,0.08,0.07998827053685424,0.07998827053685424,0
23,4,3.6035313606262207,3.9919132203736005,0.0,0.07998827053685424,13.131313131313131,0.0799832436240775,-0.10235632139110597,0.0,0.08,0.07998827053685424,0.07998827053685424,0
23,9,3.5493524074554443,3.9919132203736005,0.0,0.07998827053685424,15.0,0.0799832436240775,-0.11750545310561093,0.0,0.08,0.07998827053685424,0.07998827053685424,0
23,18,3.902916193008423,3.9919132203736005,0.0,0.08000875944700092,9.691629955947137,0.0800125134957156,-0.022546604259431436,0.0,0.08,0.08000875944700092,0.08000875944700092,0
23,5,3.734466791152954,3.9919132203736005,0.0,0.07998827053685424,9.767441860465116,0.0799832436240775,-0.06666557132942598,0.0,0.08,0.07998827053685424,0.07998827053685424,0
23,19,3.3546879291534424,3.9919132203736005,0.0,0.07998827053685424,25.641025641025642,0.0799832436240775,-0.17391186990217128,0.0,0.08,0.07998827053685424,0.07998827053685424,0
23,0,3.661970376968384,3.9919132203736005,0.0,0.07998869394235977,9.734513274336283,0.0799838484890854,-0.08626926268836319,0.0,0.08,0.07998869394235977,0.07998869394235977,0
23,8,3.75817608833313,3.9919132203736005,0.0,0.07998970482409638,12.857142857142858,0.07998529260585198,-0.06033686285285658,0.0,0.08,0.07998970482409638,0.07998970482409638,0
24,8,3.9326014518737793,3.963482708711454,0.0,0.07999279337686746,11.428571428571429,0.07998970482409638,-0.007821956702063404,0.0,0.08,0.07999279337686746,0.07999279337686746,0
24,5,3.5927329063415527,3.963482708711454,0.0,0.07999178937579796,16.27906976744186,0.07998827053685424,-0.09820994225332669,0.0,0.08,0.07999178937579796,0.07999178937579796,0
24,16,3.5918753147125244,3.963482708711454,0.0,0.07999178937579796,12.0,0.07998827053685424,-0.09844867249562456,0.0,0.08,0.07999178937579796,0.07999178937579796,0
24,19,3.492779016494751,3.963482708711454,0.0,0.07999178937579796,27.17948717948718,0.07998827053685424,-0.12642541116469852,0.0,0.08,0.07999178937579796,0.07999178937579796,0
24,10,3.868429660797119,3.963482708711454,0.0,0.07999582157269251,12.077294685990339,0.07999403081813217,-0.024274458302470516,0.0,0.08,0.07999582157269251,0.07999582157269251,0
24,9,3.569685220718384,3.963482708711454,0.0,0.07999178937579796,10.416666666666666,0.07998827053685424,-0.10464569194027856,0.0,0.08,0.07999178937579796,0.07999178937579796,0
24,2,3.465937376022339,3.963482708711454,0.0,0.07999272521955544,17.961165048543688,0.0799896074565078,-0.1341399872456103,0.0,0.08,0.07999272521955544,0.07999272521955544,0
24,0,3.5165328979492188,3.963482708711454,0.0,0.07999208575965183,9.29203539823009,0.07998869394235977,-0.11964757830110363,0.0,0.08,0.07999208575965183,0.07999208575965183,0
24,15,3.539254903793335,3.963482708711454,0.0,0.07999214183310349,14.52991452991453,0.07998877404729071,-0.11320688451457957,0.0,0.08,0.07999214183310349,0.07999214183310349,0
24,17,3.6719584465026855,3.963482708711454,0.0,0.07999242497904066,9.595959595959595,0.07998917854148666,-0.07639795407179337,0.0,0.08,0.07999242497904066,0.07999242497904066,0
24,7,3.6671016216278076,3.963482708711454,0.0,0.07999178937579796,10.964912280701755,0.07998827053685424,-0.07772150927520362,0.0,0.08,0.07999178937579796,0.07999178937579796,0
24,13,3.8711044788360596,3.963482708711454,0.0,0.07999178937579796,8.108108108108109,0.07998827053685424,-0.02358324922185504,0.0,0.08,0.07999178937579796,0.07999178937579796,0
24,18,3.8780276775360107,3.963482708711454,0.0,0.08000613161290064,9.691629955947137,0.08000875944700092,-0.021796416739354316,0.0,0.08,0.08000613161290064,0.08000613161290064,0
24,1,3.815444231033325,3.963482708711454,0.0,0.07999178937579796,11.403508771929825,0.07998827053685424,-0.038066009340025034,0.0,0.08,0.07999178937579796,0.07999178937579796,0
24,4,3.46388840675354,3.963482708711454,0.0,0.07999178937579796,16.161616161616163,0.07998827053685424,-0.13473133524967915,0.0,0.08,0.07999178937579796,0.07999178937579796,0
24,14,3.642080307006836,3.963482708711454,0.0,0.07999178937579796,14.17004048582996,0.07998827053685424,-0.08456807912045447,0.0,0.08,0.07999178937579796,0.07999178937579796,0
24,11,3.695033311843872,3.963482708711454,0.0,0.07999178937579796,18.326693227091635,0.07998827053685424,-0.07013354072758494,0.0,0.08,0.07999178937579796,0.07999178937579796,0
24,12,3.8078575134277344,3.963482708711454,0.0,0.0808133083268246,18.29268292682927,0.08116186903832084,-0.04005641201453349,0.0,0.08,0.0808133083268246,0.0808133083268246,0
24,3,3.803377628326416,3.963482708711454,0.0,0.07999352780377136,7.929515418502203,0.07999075400538767,-0.04123358904912598,0.0,0.08,0.07999352780377136,0.07999352780377136,0
24,6,3.6852777004241943,3.963482708711454,0.0,0.07999178937579796,15.811965811965813,0.07998827053685424,-0.07277722798112239,0.0,0.08,0.07999178937579796,0.07999178937579796,0
25,3,3.771029472351074,3.934087441246833,0.0,0.07999546946263995,10.572687224669604,0.07999352780377136,-0.04233091289575831,0.0,0.08,0.07999546946263995,0.07999546946263995,0
25,11,3.4825925827026367,3.934087441246833,0.0,0.07999425256305856,19.52191235059761,0.07999178937579796,-0.12190193500364878,0.0,0.08,0.07999425256305856,0.07999425256305856,0
25,12,3.810884714126587,3.934087441246833,0.0,0.08056931582877722,19.10569105691057,0.0808133083268246,-0.03181757608126143,0.0,0.08,0.08056931582877722,0.08056931582877722,0
25,0,3.4547975063323975,3.934087441246833,0.0,0.07999446003175628,14.601769911504425,0.07999208575965183,-0.12991509979960789,0.0,0.08,0.07999446003175628,0.07999446003175628,0
25,14,3.668949604034424,3.934087441246833,0.0,0.07999425256305856,18.62348178137652,0.07999178937579796,-0.06977353692892038,0.0,0.08,0.07999425256305856,0.07999425256305856,0
25,5,3.500678777694702,3.934087441246833,0.0,0.07999425256305856,13.023255813953488,0.07999178937579796,-0.116722060286995,0.0,0.08,0.07999425256305856,0.07999425256305856,0
25,4,3.641772985458374,3.934087441246833,0.0,0.07999425256305856,17.171717171717173,0.07999178937579796,-0.07720829959506822,0.0,0.08,0.07999425256305856,0.07999425256305856,0
25,16,3.6427319049835205,3.934087441246833,0.0,0.07999425256305856,14.8,0.07999178937579796,-0.07694502308074774,0.0,0.08,0.07999425256305856,0.07999425256305856,0
25,9,3.543753147125244,3.934087441246833,0.0,0.07999425256305856,12.5,0.07999178937579796,-0.10449256992683549,0.0,0.08,0.07999425256305856,0.07999425256305856,0
25,2,3.547139883041382,3.934087441246833,0.0,0.0799949076536888,16.019417475728154,0.07999272521955544,-0.10353733448619265,0.0,0.08,0.0799949076536888,0.0799949076536888,0
25,6,3.5841286182403564,3.934087441246833,0.0,0.07999425256305856,20.085470085470085,0.07999178937579796,-0.09316356527524267,0.0,0.08,0.07999425256305856,0.07999425256305856,0
25,10,3.905369758605957,3.934087441246833,0.0,0.07999707510088475,17.8743961352657,0.07999582157269251,-0.00732647944690452,0.0,0.08,0.07999707510088475,0.07999707510088475,0
25,8,3.825385570526123,3.934087441246833,0.0,0.07999495536380721,12.857142857142858,0.07999279337686746,-0.028019681755617212,0.0,0.08,0.07999495536380721,0.07999495536380721,0
25,15,3.505105972290039,3.934087441246833,0.0,0.07999449928317244,16.23931623931624,0.07999214183310349,-0.1154581918325644,0.0,0.08,0.07999449928317244,0.07999449928317244,0
25,1,3.6561172008514404,3.934087441246833,0.0,0.07999425256305856,12.719298245614034,0.07999178937579796,-0.07327723638100901,0.0,0.08,0.07999425256305856,0.07999425256305856,0
25,7,3.7590529918670654,3.934087441246833,0.0,0.07999425256305856,14.912280701754385,0.07999178937579796,-0.04551188484602803,0.0,0.08,0.07999425256305856,0.07999425256305856,0
25,19,3.4720656871795654,3.934087441246833,0.0,0.07999425256305856,25.641025641025642,0.07999178937579796,-0.12492923070209579,0.0,0.08,0.07999425256305856,0.07999425256305856,0
25,18,3.8473238945007324,3.934087441246833,0.0,0.08000429212903044,11.45374449339207,0.08000613161290064,-0.022301132447156126,0.0,0.08,0.08000429212903044,0.08000429212903044,0
25,17,3.6792852878570557,3.934087441246833,0.0,0.07999469748532846,14.646464646464647,0.07999242497904066,-0.06696042853960485,0.0,0.08,0.07999469748532846,0.07999469748532846,0
25,13,3.8406214714050293,3.934087441246833,0.0,0.07999425256305856,7.657657657657658,0.07999178937579796,-0.024044751699720972,0.0,0.08,0.07999425256305856,0.07999425256305856,0
26,16,3.5806238651275635,3.905621152413898,0.0,0.07999597679414099,17.2,0.07999425256305856,-0.08687978709614796,0.0,0.08,0.07999597679414099,0.07999597679414099,0
26,10,3.7347183227539062,3.905621152413898,0.0,0.07999795257061931,16.42512077294686,0.07999707510088475,-0.04474443629768212,0.0,0.08,0.07999795257061931,0.07999795257061931,0
26,4,3.523566246032715,3.905621152413898,0.0,0.07999597679414099,11.616161616161616,0.07999425256305856,-0.10294322147395672,0.0,0.08,0.07999597679414099,0.07999597679414099,0
26,15,3.5932955741882324,3.905621152413898,0.0,0.0799961494982207,13.247863247863247,0.07999449928317244,-0.08334706769186169,0.0,0.08,0.0799961494982207,0.0799961494982207,0
26,17,3.6610183715820312,3.905621152413898,0.0,0.07999628823972993,12.626262626262626,0.07999469748532846,-0.06467548407764029,0.0,0.08,0.07999628823972993,0.07999628823972993,0
26,3,3.804306745529175,3.905621152413898,0.0,0.07999682862384797,10.572687224669604,0.07999546946263995,-0.026283057434800368,0.0,0.08,0.07999682862384797,0.07999682862384797,0
26,0,3.466444253921509,3.905621152413898,0.0,0.07999612202222939,13.716814159292035,0.07999446003175628,-0.11928747833827742,0.0,0.08,0.07999612202222939,0.07999612202222939,0
26,7,3.8641467094421387,3.905621152413898,0.0,0.07999597679414099,12.280701754385966,0.07999425256305856,-0.010675952621956506,0.0,0.08,0.07999597679414099,0.07999597679414099,0
26,1,3.6935906410217285,3.905621152413898,0.0,0.07999597679414099,15.350877192982455,0.07999425256305856,-0.055817778043086096,0.0,0.08,0.07999597679414099,0.07999597679414099,0
26,9,3.5240392684936523,3.905621152413898,0.0,0.07999597679414099,10.833333333333334,0.07999425256305856,-0.10280898511259091,0.0,0.08,0.07999597679414099,0.07999597679414099,0
26,19,3.209580898284912,3.905621152413898,0.0,0.07999597679414099,21.025641025641026,0.07999425256305856,-0.19627646866970047,0.0,0.08,0.07999597679414099,0.07999597679414099,0
26,6,3.5371594429016113,3.905621152413898,0.0,0.07999597679414099,21.794871794871796,0.07999425256305856,-0.09909284851714426,0.0,0.08,0.07999597679414099,0.07999597679414099,0
26,8,3.8396246433258057,3.905621152413898,0.0,0.07999646875466504,13.333333333333334,0.07999495536380721,-0.017042223829077573,0.0,0.08,0.07999646875466504,0.07999646875466504,0
26,12,3.818171501159668,3.905621152413898,0.0,0.08039852108014404,14.227642276422765,0.08056931582877722,-0.022645193098299474,0.0,0.08,0.08039852108014404,0.08039852108014404,0
26,2,3.449270248413086,3.905621152413898,0.0,0.07999643535758216,19.902912621359224,0.0799949076536888,-0.12425414975212015,0.0,0.08,0.07999643535758216,0.07999643535758216,0
26,18,3.7583682537078857,3.905621152413898,0.0,0.0800030044903213,13.215859030837004,0.08000429212903044,-0.038431948331066224,0.0,0.08,0.0800030044903213,0.0800030044903213,0
26,13,3.7750284671783447,3.905621152413898,0.0,0.07999597679414099,13.513513513513514,0.07999425256305856,-0.03400891282553394,0.0,0.08,0.07999597679414099,0.07999597679414099,0
26,5,3.7767090797424316,3.905621152413898,0.0,0.07999597679414099,13.488372093023257,0.07999425256305856,-0.03356381987124648,0.0,0.08,0.07999597679414099,0.07999597679414099,0
26,11,3.4617457389831543,3.905621152413898,0.0,0.07999597679414099,17.529880478087648,0.07999425256305856,-0.12064382556602828,0.0,0.08,0.07999597679414099,0.07999597679414099,0
26,14,3.5587360858917236,3.905621152413898,0.0,0.07999597679414099,22.267206477732792,0.07999425256305856,-0.09301138653923294,0.0,0.08,0.07999597679414099,0.07999597679414099,0
27,10,3.8374457359313965,3.8777747344610214,0.0,0.07999856679943351,13.526570048309178,0.07999795257061931,-0.01045449469583901,0.0,0.08,0.07999856679943351,0.07999856679943351,0
27,4,3.5783848762512207,3.8777747344610214,0.0,0.07999718375589868,14.646464646464647,0.07999597679414099,-0.08034992011877305,0.0,0.08,0.07999718375589868,0.07999718375589868,0
27,15,3.4880592823028564,3.8777747344610214,0.0,0.07999730464875449,13.675213675213675,0.0799961494982207,-0.10591596479888205,0.0,0.08,0.07999730464875449,0.07999730464875449,0
27,3,3.7065489292144775,3.8777747344610214,0.0,0.07999778003669357,11.894273127753303,0.07999682862384797,-0.0451602309945271,0.0,0.08,0.07999778003669357,0.07999778003669357,0
27,5,3.622284173965454,3.8777747344610214,0.0,0.07999718375589868,14.418604651162791,0.07999597679414099,-0.06815665274830474,0.0,0.08,0.07999718375589868,0.07999718375589868,0
27,16,3.645596742630005,3.8777747344610214,0.0,0.07999718375589868,21.2,0.07999597679414099,-0.061741399438242556,0.0,0.08,0.07999718375589868,0.07999718375589868,0
27,7,3.6552329063415527,3.8777747344610214,0.0,0.07999718375589868,10.087719298245615,0.07999597679414099,-0.05910165306856369,0.0,0.08,0.07999718375589868,0.07999718375589868,0
27,2,3.3611652851104736,3.8777747344610214,0.0,0.07999750475030751,23.300970873786408,0.07999643535758216,-0.14297374177116812,0.0,0.08,0.07999750475030751,0.07999750475030751,0
27,8,3.6712183952331543,3.8777747344610214,0.0,0.07999752812826552,12.857142857142858,0.07999646875466504,-0.054737872144610906,0.0,0.08,0.07999752812826552,0.07999752812826552,0
27,9,3.5977015495300293,3.8777747344610214,0.0,0.07999718375589868,15.416666666666666,0.07999597679414099,-0.07496628376483612,0.0,0.08,0.07999718375589868,0.07999718375589868,0
27,12,3.8224120140075684,3.8777747344610214,0.0,0.08027896475610083,20.32520325203252,0.08039852108014404,-0.014379826387090197,0.0,0.08,0.08027896475610083,0.08027896475610083,0
27,17,3.6686854362487793,3.8777747344610214,0.0,0.07999740176781095,12.626262626262626,0.07999628823972993,-0.05542806077273959,0.0,0.08,0.07999740176781095,0.07999740176781095,0
27,11,3.5337107181549072,3.8777747344610214,0.0,0.07999718375589868,15.936254980079681,0.07999597679414099,-0.09291295303986624,0.0,0.08,0.07999718375589868,0.07999718375589868,0
27,6,3.744891881942749,3.8777747344610214,0.0,0.07999718375589868,18.376068376068375,0.07999597679414099,-0.034868720393666744,0.0,0.08,0.07999718375589868,0.07999718375589868,0
27,0,3.580395460128784,3.8777747344610214,0.0,0.07999728541556056,13.716814159292035,0.07999612202222939,-0.0797882088131212,0.0,0.08,0.07999728541556056,0.07999728541556056,0
27,1,3.5604188442230225,3.8777747344610214,0.0,0.07999718375589868,10.526315789473685,0.07999597679414099,-0.08538327601749732,0.0,0.08,0.07999718375589868,0.07999718375589868,0
27,13,3.7872798442840576,3.8777747344610214,0.0,0.07999718375589868,13.963963963963964,0.07999597679414099,-0.02361342477640487,0.0,0.08,0.07999718375589868,0.07999718375589868,0
27,18,3.7460803985595703,3.8777747344610214,0.0,0.08000210314322491,11.013215859030836,0.0800030044903213,-0.03455140067090814,0.0,0.08,0.08000210314322491,0.08000210314322491,0
27,19,3.300518751144409,3.8777747344610214,0.0,0.07999718375589868,24.102564102564102,0.07999597679414099,-0.1611818131766285,0.0,0.08,0.07999718375589868,0.07999718375589868,0
27,14,3.3501524925231934,3.8777747344610214,0.0,0.07999718375589868,19.4331983805668,0.07999597679414099,-0.1462556016990939,0.0,0.08,0.07999718375589868,0.07999718375589868,0
28,17,3.6202011108398438,3.853391306844692,0.0,0.07999818123746766,14.646464646464647,0.07999740176781095,-0.06242403954953394,0.0,0.08,0.07999818123746766,0.07999818123746766,0
28,2,3.345533847808838,3.853391306844692,0.0,0.07999825332521525,22.815533980582526,0.07999750475030751,-0.14132734249425905,0.0,0.08,0.07999825332521525,0.07999825332521525,0
28,16,3.6191301345825195,3.853391306844692,0.0,0.07999802862912907,18.0,0.07999718375589868,-0.06271991667571351,0.0,0.08,0.07999802862912907,0.07999802862912907,0
28,0,3.5343308448791504,3.853391306844692,0.0,0.0799980997908924,16.8141592920354,0.07999728541556056,-0.0864296320624867,0.0,0.08,0.0799980997908924,0.0799980997908924,0
28,7,3.696361541748047,3.853391306844692,0.0,0.07999802862912907,7.456140350877193,0.07999718375589868,-0.04160465064917448,0.0,0.08,0.07999802862912907,0.07999802862912907,0
28,13,3.728872537612915,3.853391306844692,0.0,0.07999802862912907,13.063063063063064,0.07999718375589868,-0.03284770017834868,0.0,0.08,0.07999802862912907,0.07999802862912907,0
28,5,3.673632860183716,3.853391306844692,0.0,0.07999802862912907,14.883720930232558,0.07999718375589868,-0.047772566747620766,0.0,0.08,0.07999802862912907,0.07999802862912907,0
28,18,3.7736570835113525,3.853391306844692,0.0,0.08000147220025744,6.167400881057269,0.08000210314322491,-0.02090903949351102,0.0,0.08,0.08000147220025744,0.08000147220025744,0
28,10,3.6852786540985107,3.853391306844692,0.0,0.07999899675960345,11.11111111111111,0.07999856679943351,-0.04460747811117508,0.0,0.08,0.07999899675960345,0.07999899675960345,0
28,9,3.6357762813568115,3.853391306844692,0.0,0.07999802862912907,11.25,0.07999718375589868,-0.05813097369401352,0.0,0.08,0.07999802862912907,0.07999802862912907,0
28,19,3.4250235557556152,3.853391306844692,0.0,0.07999802862912907,25.128205128205128,0.07999718375589868,-0.11784526988385596,0.0,0.08,0.07999802862912907,0.07999802862912907,0
28,3,3.680506467819214,3.853391306844692,0.0,0.0799984460256855,14.977973568281937,0.07999778003669357,-0.04590324953406297,0.0,0.08,0.0799984460256855,0.0799984460256855,0
28,11,3.4960360527038574,3.853391306844692,0.0,0.07999802862912907,17.92828685258964,0.07999718375589868,-0.09732384892815343,0.0,0.08,0.07999802862912907,0.07999802862912907,0
28,1,3.640253782272339,3.853391306844692,0.0,0.07999802862912907,14.035087719298245,0.07999718375589868,-0.056900219717117624,0.0,0.08,0.07999802862912907,0.07999802862912907,0
28,4,3.631129503250122,3.853391306844692,0.0,0.07999802862912907,16.161616161616163,0.07999718375589868,-0.05940986153568112,0.0,0.08,0.07999802862912907,0.07999802862912907,0
28,8,3.688108205795288,3.853391306844692,0.0,0.07999826968978586,10.0,0.07999752812826552,-0.04383997414542176,0.0,0.08,0.07999826968978586,0.07999826968978586,0
28,6,3.4551796913146973,3.853391306844692,0.0,0.07999802862912907,21.367521367521366,0.07999718375589868,-0.10907915426196,0.0,0.08,0.07999802862912907,0.07999802862912907,0
28,12,3.6830310821533203,3.853391306844692,0.0,0.08019527532927058,16.666666666666668,0.08027896475610083,-0.04521754258708607,0.0,0.08,0.08019527532927058,0.08019527532927058,0
28,15,3.522451639175415,3.853391306844692,0.0,0.07999811325412814,15.811965811965813,0.07999730464875449,-0.08979638367140305,0.0,0.08,0.07999811325412814,0.07999811325412814,0
28,14,3.487177848815918,3.853391306844692,0.0,0.07999802862912907,20.647773279352226,0.07999718375589868,-0.0998608494378658,0.0,0.08,0.07999802862912907,0.07999802862912907,0
29,16,3.575467824935913,3.8313974653905696,0.0,0.07999862004039035,14.8,0.07999802862912907,-0.06913358221925152,0.0,0.08,0.07999862004039035,0.07999862004039035,0
29,10,3.682046890258789,3.8313974653905696,0.0,0.07999929773172242,12.560386473429952,0.07999899675960345,-0.03976079227992154,0.0,0.08,0.07999929773172242,0.07999929773172242,0
29,12,3.815284013748169,3.8313974653905696,0.0,0.0801366927304894,18.69918699186992,0.08019527532927058,-0.004214501544188487,0.0,0.08,0.0801366927304894,0.0801366927304894,0
29,2,3.3337719440460205,3.8313974653905696,0.0,0.07999877732765068,29.12621359223301,0.07999825332521525,-0.13912523083951847,0.0,0.08,0.07999877732765068,0.07999877732765068,0
29,11,3.3908450603485107,3.8313974653905696,0.0,0.07999862004039035,21.51394422310757,0.07999802862912907,-0.12215043910746531,0.0,0.08,0.07999862004039035,0.07999862004039035,0
29,19,3.239201784133911,3.8313974653905696,0.0,0.07999862004039035,24.615384615384617,0.07999802862912907,-0.16790267310509793,0.0,0.08,0.07999862004039035,0.07999862004039035,0
29,8,3.7292139530181885,3.8313974653905696,0.0,0.0799987887828501,12.857142857142858,0.07999826968978586,-0.02703213504959654,0.0,0.08,0.0799987887828501,0.0799987887828501,0
29,3,3.6235501766204834,3.8313974653905696,0.0,0.07999891221797983,11.013215859030836,0.0799984460256855,-0.05577535293514359,0.0,0.08,0.07999891221797983,0.07999891221797983,0
29,7,3.64272403717041,3.8313974653905696,0.0,0.07999862004039035,15.789473684210526,0.07999802862912907,-0.05049784635181327,0.0,0.08,0.07999862004039035,0.07999862004039035,0
29,13,3.7059319019317627,3.8313974653905696,0.0,0.07999862004039035,16.216216216216218,0.07999802862912907,-0.033294857415704225,0.0,0.08,0.07999862004039035,0.07999862004039035,0
29,5,3.7251312732696533,3.8313974653905696,0.0,0.07999862004039035,16.27906976744186,0.07999802862912907,-0.028127517681301107,0.0,0.08,0.07999862004039035,0.07999862004039035,0
29,0,3.4354748725891113,3.8313974653905696,0.0,0.07999866985362467,14.601769911504425,0.0799980997908924,-0.10907444839720698,0.0,0.08,0.07999866985362467,0.07999866985362467,0
29,1,3.5078415870666504,3.8313974653905696,0.0,0.07999862004039035,10.526315789473685,0.07999802862912907,-0.08822869400217888,0.0,0.08,0.07999862004039035,0.07999862004039035,0
29,6,3.5226283073425293,3.8313974653905696,0.0,0.07999862004039035,18.376068376068375,0.07999802862912907,-0.08402222067694629,0.0,0.08,0.07999862004039035,0.07999862004039035,0
29,15,3.4529690742492676,3.8313974653905696,0.0,0.0799986792778897,18.376068376068375,0.07999811325412814,-0.10399514765646893,0.0,0.08,0.0799986792778897,0.0799986792778897,0
29,14,3.447007656097412,3.8313974653905696,0.0,0.07999862004039035,21.05263157894737,0.07999802862912907,-0.1057231011991726,0.0,0.08,0.07999862004039035,0.07999862004039035,0
29,17,3.519132614135742,3.8313974653905696,0.0,0.07999872686622736,16.161616161616163,0.07999818123746766,-0.08501506707516783,0.0,0.08,0.07999872686622736,0.07999872686622736,0
29,18,3.806281566619873,3.8313974653905696,0.0,0.0800010305401802,10.572687224669604,0.08000147220025744,-0.006576864288810722,0.0,0.08,0.0800010305401802,0.0800010305401802,0
29,9,3.484112501144409,3.8313974653905696,0.0,0.07999862004039035,17.083333333333332,0.07999802862912907,-0.09501626058426402,0.0,0.08,0.07999862004039035,0.07999862004039035,0
29,4,3.516176462173462,3.8313974653905696,0.0,0.07999862004039035,21.21212121212121,0.07999802862912907,-0.08585544298354357,0.0,0.08,0.07999862004039035,0.07999862004039035,0
30,11,3.319702625274658,3.800345764925426,0.0,0.07999903402827324,19.52191235059761,0.07999862004039035,-0.13521684476550336,0.0,0.08,0.07999903402827324,0.07999903402827324,0
30,4,3.5009031295776367,3.800345764925426,0.0,0.07999903402827324,16.161616161616163,0.07999862004039035,-0.08207108090599044,0.0,0.08,0.07999903402827324,0.07999903402827324,0
30,10,3.7134628295898438,3.800345764925426,0.0,0.07999950841220568,15.942028985507246,0.07999929773172242,-0.023127234759617706,0.0,0.08,0.07999950841220568,0.07999950841220568,0
30,7,3.667426824569702,3.800345764925426,0.0,0.07999903402827324,12.719298245614034,0.07999862004039035,-0.03560177483236347,0.0,0.08,0.07999903402827324,0.07999903402827324,0
30,1,3.608494520187378,3.800345764925426,0.0,0.07999903402827324,15.350877192982455,0.07999862004039035,-0.05180139827846873,0.0,0.08,0.07999903402827324,0.07999903402827324,0
30,16,3.554574489593506,3.800345764925426,0.0,0.07999903402827324,19.6,0.07999862004039035,-0.06685669059341472,0.0,0.08,0.07999903402827324,0.07999903402827324,0
30,17,3.4211339950561523,3.800345764925426,0.0,0.07999910880635915,18.181818181818183,0.07999872686622736,-0.10511997945447075,0.0,0.08,0.07999910880635915,0.07999910880635915,0
30,9,3.5312302112579346,3.800345764925426,0.0,0.07999903402827324,13.333333333333334,0.07999862004039035,-0.07344574115689156,0.0,0.08,0.07999903402827324,0.07999903402827324,0
30,2,3.2902469635009766,3.800345764925426,0.0,0.07999914412935547,24.75728155339806,0.07999877732765068,-0.14412942610086787,0.0,0.08,0.07999914412935547,0.07999914412935547,0
30,0,3.3999555110931396,3.800345764925426,0.0,0.07999906889753726,19.469026548672566,0.07999866985362467,-0.11132970648900395,0.0,0.08,0.07999906889753726,0.07999906889753726,0
30,14,3.4422802925109863,3.800345764925426,0.0,0.07999903402827324,16.59919028340081,0.07999862004039035,-0.09895792557889845,0.0,0.08,0.07999903402827324,0.07999903402827324,0
30,12,3.6872615814208984,3.800345764925426,0.0,0.08009568491134259,19.51219512195122,0.0801366927304894,-0.03020798959228161,0.0,0.08,0.08009568491134259,0.08009568491134259,0
30,3,3.5500340461730957,3.800345764925426,0.0,0.07999923855258588,14.537444933920705,0.07999891221797983,-0.06813485926461446,0.0,0.08,0.07999923855258588,0.07999923855258588,0
30,13,3.6458475589752197,3.800345764925426,0.0,0.07999903402827324,14.414414414414415,0.07999862004039035,-0.04150318835291645,0.0,0.08,0.07999903402827324,0.07999903402827324,0
30,19,3.2911648750305176,3.800345764925426,0.0,0.07999903402827324,24.615384615384617,0.07999862004039035,-0.1438504854859289,0.0,0.08,0.07999903402827324,0.07999903402827324,0
30,5,3.469865322113037,3.800345764925426,0.0,0.07999903402827324,17.209302325581394,0.07999862004039035,-0.0909762719777743,0.0,0.08,0.07999903402827324,0.07999903402827324,0
30,15,3.438371181488037,3.800345764925426,0.0,0.07999907549452279,19.23076923076923,0.0799986792778897,-0.10009418758750147,0.0,0.08,0.07999907549452279,0.07999907549452279,0
30,18,3.8526108264923096,3.800345764925426,0.013659001821636861,0.08327888181531898,11.45374449339207,0.0800010305401802,0.013659001821636861,0.013659001821636861,0.0909272014573095,0.08327888181531898,0.08327888181531898,0
30,8,3.7851033210754395,3.800345764925426,0.0,0.07999915214799508,9.523809523809524,0.0799987887828501,-0.004018869325318295,0.0,0.08,0.07999915214799508,0.07999915214799508,0
30,6,3.5743048191070557,3.800345764925426,0.0,0.07999903402827324,16.666666666666668,0.07999862004039035,-0.06132135215328936,0.0,0.08,0.07999903402827324,0.07999903402827324,0
31,12,3.7612531185150146,3.7743744013044354,0.0,0.0800669794379398,15.853658536585366,0.08009568491134259,-0.0034824693712318384,0.0,0.08,0.0800669794379398,0.0800669794379398,0
31,19,3.14642596244812,3.7743744013044354,0.0,0.07999932381979127,28.205128205128204,0.07999903402827324,-0.18196745335143757,0.0,0.08,0.07999932381979127,0.07999932381979127,0
31,13,3.485541582107544,3.7743744013044354,0.0,0.07999932381979127,12.162162162162161,0.07999903402827324,-0.07961121133964848,0.0,0.08,0.07999932381979127,0.07999932381979127,0
31,5,3.4322712421417236,3.7743744013044354,0.0,0.07999932381979127,19.53488372093023,0.07999903402827324,-0.09501243543399523,0.0,0.08,0.07999932381979127,0.07999932381979127,0
31,16,3.4034974575042725,3.7743744013044354,0.0,0.07999932381979127,14.4,0.07999903402827324,-0.10343108028847005,0.0,0.08,0.07999932381979127,0.07999932381979127,0
31,6,3.675595998764038,3.7743744013044354,0.0,0.07999932381979127,19.65811965811966,0.07999903402827324,-0.02651935133766156,0.0,0.08,0.07999932381979127,0.07999932381979127,0
31,0,3.366060733795166,3.7743744013044354,0.0,0.07999934822827608,20.79646017699115,0.07999906889753726,-0.11449150821760913,0.0,0.08,0.07999934822827608,0.07999934822827608,0
31,11,3.377419948577881,3.7743744013044354,0.0,0.07999932381979127,17.131474103585656,0.07999903402827324,-0.11112255795948062,0.0,0.08,0.07999932381979127,0.07999932381979127,0
31,9,3.420944929122925,3.7743744013044354,0.0,0.07999932381979127,16.666666666666668,0.07999903402827324,-0.09831783920793524,0.0,0.08,0.07999932381979127,0.07999932381979127,0
31,10,3.6550400257110596,3.7743744013044354,0.0,0.07999965588854398,17.8743961352657,0.07999950841220568,-0.03212760328368128,0.0,0.08,0.07999965588854398,0.07999965588854398,0
31,15,3.465574264526367,3.7743744013044354,0.0,0.07999935284616594,15.384615384615385,0.07999907549452279,-0.08535629540509586,0.0,0.08,0.07999935284616594,0.07999935284616594,0
31,3,3.6108686923980713,3.7743744013044354,0.0,0.07999946698681011,13.656387665198238,0.07999923855258588,-0.044286268928786905,0.0,0.08,0.07999946698681011,0.07999946698681011,0
31,8,3.5486056804656982,3.7743744013044354,0.0,0.07999940650359655,16.666666666666668,0.07999915214799508,-0.06167988702181009,0.0,0.08,0.07999940650359655,0.07999940650359655,0
31,18,3.7921297550201416,3.7743744013044354,0.004693154432070866,0.0834215743344203,10.13215859030837,0.08327888181531898,0.004693154432070866,0.004693154432070866,0.0837545235456567,0.0834215743344203,0.0834215743344203,0
31,4,3.450108289718628,3.7743744013044354,0.0,0.07999932381979127,22.727272727272727,0.07999903402827324,-0.08982902833498334,0.0,0.08,0.07999932381979127,0.07999932381979127,0
31,17,3.5231106281280518,3.7743744013044354,0.0,0.07999937616445141,18.181818181818183,0.07999910880635915,-0.06889034672119793,0.0,0.08,0.07999937616445141,0.07999937616445141,0
31,7,3.608144760131836,3.7743744013044354,0.0,0.07999932381979127,16.228070175438596,0.07999903402827324,-0.0450409239535697,0.0,0.08,0.07999932381979127,0.07999932381979127,0
31,2,3.266314744949341,3.7743744013044354,0.0,0.07999940089054883,27.66990291262136,0.07999914412935547,-0.14457228697975025,0.0,0.08,0.07999940089054883,0.07999940089054883,0
31,14,3.4023032188415527,3.7743744013044354,0.0,0.07999932381979127,19.838056680161944,0.07999903402827324,-0.10378202758424329,0.0,0.08,0.07999932381979127,0.07999932381979127,0
31,1,3.566514492034912,3.7743744013044354,0.0,0.07999932381979127,13.596491228070175,0.07999903402827324,-0.05664586119955417,0.0,0.08,0.07999932381979127,0.07999932381979127,0
32,14,3.3554036617279053,3.7444927535056873,0.0,0.07999952667385389,23.076923076923077,0.07999932381979127,-0.10971408151132987,0.0,0.08,0.07999952667385389,0.07999952667385389,0
32,3,3.4578917026519775,3.7444927535056873,0.0,0.07999962689076708,13.215859030837004,0.07999946698681011,-0.07962709239095977,0.0,0.08,0.07999962689076708,0.07999962689076708,0
32,16,3.5892717838287354,3.7444927535056873,0.0,0.07999952667385389,20.4,0.07999932381979127,-0.04233682515903708,0.0,0.08,0.07999952667385389,0.07999952667385389,0
32,9,3.373749256134033,3.7444927535056873,0.0,0.07999952667385389,18.75,0.07999932381979127,-0.10426149631144822,0.0,0.08,0.07999952667385389,0.07999952667385389,0
32,15,3.321791887283325,3.7444927535056873,0.0,0.07999954699231615,20.94017094017094,0.07999935284616594,-0.1197817987142078,0.0,0.08,0.07999954699231615,0.07999954699231615,0
32,17,3.4008126258850098,3.7444927535056873,0.0,0.07999956331511598,14.141414141414142,0.07999937616445141,-0.09627175052111188,0.0,0.08,0.07999956331511598,0.07999956331511598,0
32,2,3.239365577697754,3.7444927535056873,0.0,0.07999958062338418,23.300970873786408,0.07999940089054883,-0.1449086597736071,0.0,0.08,0.07999958062338418,0.07999958062338418,0
32,19,3.1692981719970703,3.7444927535056873,0.0,0.07999952667385389,29.23076923076923,0.07999932381979127,-0.166775994452958,0.0,0.08,0.07999952667385389,0.07999952667385389,0
32,4,3.426870346069336,3.7444927535056873,0.0,0.07999952667385389,20.2020202020202,0.07999932381979127,-0.0886387521142066,0.0,0.08,0.07999952667385389,0.07999952667385389,0
32,10,3.519178867340088,3.7444927535056873,0.0,0.07999975912198079,21.73913043478261,0.07999965588854398,-0.06205847522458492,0.0,0.08,0.07999975912198079,0.07999975912198079,0
32,1,3.5908403396606445,3.7444927535056873,0.0,0.07999952667385389,16.666666666666668,0.07999932381979127,-0.04189990834617535,0.0,0.08,0.07999952667385389,0.07999952667385389,0
32,8,3.6904525756835938,3.7444927535056873,0.0,0.07999958455251757,19.047619047619047,0.07999940650359655,-0.014537061661095906,0.0,0.08,0.07999958455251757,0.07999958455251757,0
32,5,3.4238386154174805,3.7444927535056873,0.0,0.07999952667385389,18.6046511627907,0.07999932381979127,-0.08952383739748561,0.0,0.08,0.07999952667385389,0.07999952667385389,0
32,12,3.5747056007385254,3.7444927535056873,0.0,0.08004688560655786,14.634146341463415,0.0800669794379398,-0.046403338030436746,0.0,0.08,0.08004688560655786,0.08004688560655786,0
32,7,3.5551021099090576,3.7444927535056873,0.0,0.07999952667385389,15.789473684210526,0.07999932381979127,-0.05190237558372622,0.0,0.08,0.07999952667385389,0.07999952667385389,0
32,18,3.6933515071868896,3.7444927535056873,0.0,0.0823951020340942,13.215859030837004,0.0834215743344203,-0.01375184807420896,0.0,0.08,0.0823951020340942,0.0823951020340942,0
32,11,3.3617467880249023,3.7444927535056873,0.0,0.07999952667385389,23.10756972111554,0.07999932381979127,-0.10782544489048095,0.0,0.08,0.07999952667385389,0.07999952667385389,0
32,0,3.4272584915161133,3.7444927535056873,0.0,0.07999954375979325,19.469026548672566,0.07999934822827608,-0.08852549324345664,0.0,0.08,0.07999954375979325,0.07999954375979325,0
32,6,3.281235456466675,3.7444927535056873,0.0,0.07999952667385389,20.085470085470085,0.07999932381979127,-0.1320661460584817,0.0,0.08,0.07999952667385389,0.07999952667385389,0
32,13,3.6625568866729736,3.7444927535056873,0.0,0.07999952667385389,13.963963963963964,0.07999932381979127,-0.02212465498887581,0.0,0.08,0.07999952667385389,0.07999952667385389,0
33,19,3.2182390689849854,3.712749920034391,0.0,0.07999966867169772,26.666666666666668,0.07999952667385389,-0.14293848299622575,0.0,0.08,0.07999966867169772,0.07999966867169772,0
33,6,3.4226295948028564,3.712749920034391,0.0,0.07999966867169772,20.085470085470085,0.07999952667385389,-0.08136367716119257,0.0,0.08,0.07999966867169772,0.07999966867169772,0
33,11,3.2427642345428467,3.712749920034391,0.0,0.07999966867169772,22.310756972111555,0.07999952667385389,-0.13534669511979408,0.0,0.08,0.07999966867169772,0.07999966867169772,0
33,14,3.3929097652435303,3.712749920034391,0.0,0.07999966867169772,23.88663967611336,0.07999952667385389,-0.09008492907585855,0.0,0.08,0.07999966867169772,0.07999966867169772,0
33,17,3.3625097274780273,3.712749920034391,0.0,0.07999969432058118,18.181818181818183,0.07999956331511598,-0.09908518225622064,0.0,0.08,0.07999969432058118,0.07999969432058118,0
33,2,3.3995237350463867,3.712749920034391,0.0,0.07999970643636892,23.300970873786408,0.07999958062338418,-0.08813747625988931,0.0,0.08,0.07999970643636892,0.07999970643636892,0
33,5,3.411726713180542,3.712749920034391,0.0,0.07999966867169772,18.13953488372093,0.07999952667385389,-0.08455428951687421,0.0,0.08,0.07999966867169772,0.07999966867169772,0
33,8,3.5919101238250732,3.712749920034391,0.0,0.0799997091867623,15.714285714285714,0.07999958455251757,-0.033088691380107664,0.0,0.08,0.0799997091867623,0.0799997091867623,0
33,1,3.4471840858459473,3.712749920034391,0.0,0.07999966867169772,17.105263157894736,0.07999952667385389,-0.07421512941951505,0.0,0.08,0.07999966867169772,0.07999966867169772,0
33,0,3.3913302421569824,3.712749920034391,0.0,0.07999968063185528,15.044247787610619,0.07999954375979325,-0.09055057389641576,0.0,0.08,0.07999968063185528,0.07999968063185528,0
33,12,3.6197497844696045,3.712749920034391,0.0,0.08003281992459049,22.357723577235774,0.08004688560655786,-0.025367917185112283,0.0,0.08,0.08003281992459049,0.08003281992459049,0
33,3,3.5706653594970703,3.712749920034391,0.0,0.07999973882353695,11.013215859030836,0.07999962689076708,-0.03902086664852309,0.0,0.08,0.07999973882353695,0.07999973882353695,0
33,16,3.4542911052703857,3.712749920034391,0.0,0.07999966867169772,23.2,0.07999952667385389,-0.07215556339362794,0.0,0.08,0.07999966867169772,0.07999966867169772,0
33,13,3.5825397968292236,3.712749920034391,0.0,0.07999966867169772,11.26126126126126,0.07999952667385389,-0.035700830959137085,0.0,0.08,0.07999966867169772,0.07999966867169772,0
33,18,3.7017343044281006,3.712749920034391,0.0,0.08167657142386593,20.26431718061674,0.0823951020340942,-0.0029713796261268727,0.0,0.08,0.08167657142386593,0.08167657142386593,0
33,15,3.3194994926452637,3.712749920034391,0.0,0.07999968289462131,18.803418803418804,0.07999954699231615,-0.11195880373537322,0.0,0.08,0.07999968289462131,0.07999968289462131,0
33,10,3.5771825313568115,3.712749920034391,0.0,0.07999983138538655,18.840579710144926,0.07999975912198079,-0.037197332139403114,0.0,0.08,0.07999983138538655,0.07999983138538655,0
33,4,3.3489625453948975,3.712749920034391,0.0,0.07999966867169772,20.2020202020202,0.07999952667385389,-0.10312221016629165,0.0,0.08,0.07999966867169772,0.07999966867169772,0
33,7,3.5402040481567383,3.712749920034391,0.0,0.07999966867169772,14.912280701754385,0.07999952667385389,-0.04758845405277221,0.0,0.08,0.07999966867169772,0.07999966867169772,0
33,9,3.2257227897644043,3.712749920034391,0.0,0.07999966867169772,15.416666666666666,0.07999952667385389,-0.14061577399056258,0.0,0.08,0.07999966867169772,0.07999966867169772,0
34,0,3.368104934692383,3.683192743430122,0.0,0.07999977644229869,21.238938053097346,0.07999968063185528,-0.08942971683262567,0.0,0.08,0.07999977644229869,0.07999977644229869,0
34,1,3.52603816986084,3.683192743430122,0.0,0.07999976807018841,17.982456140350877,0.07999966867169772,-0.04360506006628246,0.0,0.08,0.07999976807018841,0.07999976807018841,0
34,19,3.252199172973633,3.683192743430122,0.0,0.07999976807018841,25.128205128205128,0.07999966867169772,-0.12444853289094991,0.0,0.08,0.07999976807018841,0.07999976807018841,0
34,8,3.596599817276001,3.683192743430122,0.0,0.0799997964307336,16.19047619047619,0.0799997091867623,-0.02379106535302002,0.0,0.08,0.0799997964307336,0.0799997964307336,0
34,17,3.4288907051086426,3.683192743430122,0.0,0.07999978602440683,16.666666666666668,0.07999969432058118,-0.0715431698809664,0.0,0.08,0.07999978602440683,0.07999978602440683,0
34,4,3.544874906539917,3.683192743430122,0.0,0.07999976807018841,18.68686868686869,0.07999966867169772,-0.03827709719008473,0.0,0.08,0.07999976807018841,0.07999976807018841,0
34,18,3.7403924465179443,3.683192743430122,0.015410568741271887,0.0848721364946114,11.894273127753303,0.08167657142386593,0.015410568741271887,0.015410568741271887,0.0923284549930175,0.0848721364946114,0.0848721364946114,0
34,10,3.5444159507751465,3.683192743430122,0.0,0.07999988196977058,18.357487922705314,0.07999983138538655,-0.03840657580038691,0.0,0.08,0.07999988196977058,0.07999988196977058,0
34,7,3.5963964462280273,3.683192743430122,0.0,0.07999976807018841,11.403508771929825,0.07999966867169772,-0.023847612316208158,0.0,0.08,0.07999976807018841,0.07999976807018841,0
34,13,3.5657925605773926,3.683192743430122,0.0,0.07999976807018841,16.666666666666668,0.07999966867169772,-0.03239362298333181,0.0,0.08,0.07999976807018841,0.07999976807018841,0
34,6,3.367767572402954,3.683192743430122,0.0,0.07999976807018841,18.376068376068375,0.07999966867169772,-0.08952988567886024,0.0,0.08,0.07999976807018841,0.07999976807018841,0
34,11,3.2609946727752686,3.683192743430122,0.0,0.07999976807018841,25.89641434262948,0.07999966867169772,-0.121747705822243,0.0,0.08,0.07999976807018841,0.07999976807018841,0
34,12,3.677558660507202,3.683192743430122,0.0,0.08002297394721333,20.73170731707317,0.08003281992459049,-0.0015308448006763212,0.0,0.08,0.08002297394721333,0.08002297394721333,0
34,3,3.4205009937286377,3.683192743430122,0.0,0.07999981717647586,9.251101321585903,0.07999973882353695,-0.07399293941385646,0.0,0.08,0.07999981717647586,0.07999981717647586,0
34,9,3.2829253673553467,3.683192743430122,0.0,0.07999976807018841,21.25,0.07999966867169772,-0.11504506383325591,0.0,0.08,0.07999976807018841,0.07999976807018841,0
34,5,3.326523542404175,3.683192743430122,0.0,0.07999976807018841,20.0,0.07999966867169772,-0.10185219166725736,0.0,0.08,0.07999976807018841,0.07999976807018841,0
34,16,3.4500644207000732,3.683192743430122,0.0,0.07999976807018841,22.0,0.07999966867169772,-0.06538706564361264,0.0,0.08,0.07999976807018841,0.07999976807018841,0
34,15,3.2749295234680176,3.683192743430122,0.0,0.07999977802623491,18.803418803418804,0.07999968289462131,-0.1174836197203167,0.0,0.08,0.07999977802623491,0.07999977802623491,0
34,14,3.355386734008789,3.683192743430122,0.0,0.07999976807018841,17.813765182186234,0.07999966867169772,-0.0932129343754736,0.0,0.08,0.07999976807018841,0.07999976807018841,0
34,2,3.031224489212036,3.683192743430122,0.0,0.07999979450545824,24.75728155339806,0.07999970643636892,-0.1948133090405445,0.0,0.08,0.07999979450545824,0.07999979450545824,0
35,6,3.3167059421539307,3.6573430540289738,0.0,0.07999983764913188,20.512820512820515,0.07999976807018841,-0.0977648376994504,0.0,0.08,0.07999983764913188,0.07999983764913188,0
35,10,3.3390161991119385,3.6573430540289738,0.0,0.07999991737883941,21.256038647342994,0.07999988196977058,-0.0910607295715257,0.0,0.08,0.07999991737883941,0.07999991737883941,0
35,12,3.5629494190216064,3.6573430540289738,0.0,0.08001608176304933,22.357723577235774,0.08002297394721333,-0.026148251849555982,0.0,0.08,0.08001608176304933,0.08001608176304933,0
35,18,3.710007667541504,3.6573430540289738,0.014297001033173511,0.08684177579418961,13.215859030837004,0.0848721364946114,0.014297001033173511,0.014297001033173511,0.09143760082653882,0.08684177579418961,0.08684177579418961,0
35,13,3.4823360443115234,3.6573430540289738,0.0,0.07999983764913188,12.162162162162161,0.07999976807018841,-0.0490335964488883,0.0,0.08,0.07999983764913188,0.07999983764913188,0
35,15,3.373011827468872,3.6573430540289738,0.0,0.07999984461836443,22.22222222222222,0.07999977802623491,-0.0809308794509941,0.0,0.08,0.07999984461836443,0.07999984461836443,0
35,7,3.483020067214966,3.6573430540289738,0.0,0.07999983764913188,14.035087719298245,0.07999976807018841,-0.048837189289591555,0.0,0.08,0.07999983764913188,0.07999983764913188,0
35,17,3.51674222946167,3.6573430540289738,0.0,0.07999985021708478,19.696969696969695,0.07999978602440683,-0.03920188408484897,0.0,0.08,0.07999985021708478,0.07999985021708478,0
35,11,3.2597336769104004,3.6573430540289738,0.0,0.07999983764913188,18.326693227091635,0.07999976807018841,-0.11509144409228901,0.0,0.08,0.07999983764913188,0.07999983764913188,0
35,8,3.565272808074951,3.6573430540289738,0.0,0.07999985750151352,14.761904761904763,0.0799997964307336,-0.02549636725474871,0.0,0.08,0.07999985750151352,0.07999985750151352,0
35,5,3.5192835330963135,3.6573430540289738,0.0,0.07999983764913188,15.813953488372093,0.07999976807018841,-0.03847951500216275,0.0,0.08,0.07999983764913188,0.07999983764913188,0
35,1,3.3785054683685303,3.6573430540289738,0.0,0.07999983764913188,18.42105263157895,0.07999976807018841,-0.07930349945473691,0.0,0.08,0.07999983764913188,0.07999983764913188,0
35,16,3.493678331375122,3.6573430540289738,0.0,0.07999983764913188,14.0,0.07999976807018841,-0.04578179781004397,0.0,0.08,0.07999983764913188,0.07999983764913188,0
35,4,3.5273334980010986,3.6573430540289738,0.0,0.07999983764913188,18.68686868686869,0.07999976807018841,-0.03619473967003398,0.0,0.08,0.07999983764913188,0.07999983764913188,0
35,9,3.267956256866455,3.6573430540289738,0.0,0.07999983764913188,17.916666666666668,0.07999976807018841,-0.1125721503258174,0.0,0.08,0.07999983764913188,0.07999983764913188,0
35,19,3.2157363891601562,3.6573430540289738,0.0,0.07999983764913188,26.666666666666668,0.07999976807018841,-0.12868056248012877,0.0,0.08,0.07999983764913188,0.07999983764913188,0
35,0,3.401822566986084,3.6573430540289738,0.0,0.07999984350960908,18.58407079646018,0.07999977644229869,-0.0724256049499559,0.0,0.08,0.07999984350960908,0.07999984350960908,0
35,14,3.2498974800109863,3.6573430540289738,0.0,0.07999983764913188,25.101214574898787,0.07999976807018841,-0.11811349069310369,0.0,0.08,0.07999983764913188,0.07999983764913188,0
35,2,3.282532215118408,3.6573430540289738,0.0,0.07999985615382077,25.24271844660194,0.07999979450545824,-0.10812180060703573,0.0,0.08,0.07999985615382077,0.07999985615382077,0
35,3,3.4513673782348633,3.6573430540289738,0.0,0.07999987202353309,10.13215859030837,0.07999981717647586,-0.05796644806675363,0.0,0.08,0.07999987202353309,0.07999987202353309,0
36,10,3.5275933742523193,3.6342682458871236,0.0,0.07999994216518758,19.32367149758454,0.07999991737883941,-0.029791907994856835,0.0,0.08,0.07999994216518758,0.07999994216518758,0
36,19,2.940263509750366,3.6342682458871236,0.0,0.07999988635439231,35.38461538461539,0.07999983764913188,-0.2119085756984428,0.0,0.08,0.07999988635439231,0.07999988635439231,0
36,16,3.360128402709961,3.6342682458871236,0.0,0.07999988635439231,16.8,0.07999983764913188,-0.07842859428716423,0.0,0.08,0.07999988635439231,0.07999988635439231,0
36,0,3.3603479862213135,3.6342682458871236,0.0,0.07999989045672634,14.601769911504425,0.07999984350960908,-0.07836324668438452,0.0,0.08,0.07999989045672634,0.07999989045672634,0
36,17,3.1269075870513916,3.6342682458871236,0.0,0.07999989515195935,19.696969696969695,0.07999985021708478,-0.15036325759286717,0.0,0.08,0.07999989515195935,0.07999989515195935,0
36,3,3.4910895824432373,3.6342682458871236,0.0,0.07999991041647317,13.656387665198238,0.07999987202353309,-0.04019389397319766,0.0,0.08,0.07999991041647317,0.07999991041647317,0
36,15,3.4171345233917236,3.6342682458871236,0.0,0.0799998912328551,19.23076923076923,0.07999984461836443,-0.061605441456623646,0.0,0.08,0.0799998912328551,0.0799998912328551,0
36,7,3.4272661209106445,3.6342682458871236,0.0,0.07999988635439231,16.228070175438596,0.07999983764913188,-0.05864488861466551,0.0,0.08,0.07999988635439231,0.07999988635439231,0
36,13,3.5233662128448486,3.6342682458871236,0.0,0.07999988635439231,14.864864864864865,0.07999983764913188,-0.030990939658477983,0.0,0.08,0.07999988635439231,0.07999988635439231,0
36,1,3.49780011177063,3.6342682458871236,0.0,0.07999988635439231,15.350877192982455,0.07999983764913188,-0.038273551353981576,0.0,0.08,0.07999988635439231,0.07999988635439231,0
36,5,3.2569375038146973,3.6342682458871236,0.0,0.07999988635439231,19.069767441860463,0.07999983764913188,-0.10962044468696068,0.0,0.08,0.07999988635439231,0.07999988635439231,0
36,8,3.7556774616241455,3.6342682458871236,0.032860901883920685,0.08788651670320041,14.761904761904763,0.07999985750151352,0.032860901883920685,0.032860901883920685,0.10628872150713656,0.08788651670320041,0.08788651670320041,0
36,4,3.302610397338867,3.6342682458871236,0.0,0.07999988635439231,15.656565656565656,0.07999983764913188,-0.0956945973023977,0.0,0.08,0.07999988635439231,0.07999988635439231,0
36,12,3.5740208625793457,3.6342682458871236,0.0,0.08001125723413453,18.69918699186992,0.08001608176304933,-0.01671652876291098,0.0,0.08,0.08001125723413453,0.08001125723413453,0
36,14,3.3093514442443848,3.6342682458871236,0.0,0.07999988635439231,18.218623481781375,0.07999983764913188,-0.09365555068287779,0.0,0.08,0.07999988635439231,0.07999988635439231,0
36,6,3.201430559158325,3.6342682458871236,0.0,0.07999988635439231,22.22222222222222,0.07999983764913188,-0.12681002283112727,0.0,0.08,0.07999988635439231,0.07999988635439231,0
36,11,3.2137768268585205,3.6342682458871236,0.0,0.07999988635439231,22.310756972111555,0.07999983764913188,-0.12296095540068451,0.0,0.08,0.07999988635439231,0.07999988635439231,0
36,18,3.6911542415618896,3.6342682458871236,0.015531428839956486,0.08851678597752229,18.502202643171806,0.08684177579418961,0.015531428839956486,0.015531428839956486,0.0924251430719652,0.08851678597752229,0.08851678597752229,0
36,2,3.2390029430389404,3.6342682458871236,0.0,0.07999989930767454,24.271844660194176,0.07999985615382077,-0.11514223369848482,0.0,0.08,0.07999989930767454,0.07999989930767454,0
36,9,3.396944999694824,3.6342682458871236,0.0,0.07999988635439231,15.416666666666666,0.07999983764913188,-0.06753128445561758,0.0,0.08,0.07999988635439231,0.07999988635439231,0
37,3,3.332304000854492,3.6087060705942178,0.0,0.07999993729153121,16.740088105726873,0.07999991041647317,-0.079685321771738,0.0,0.08,0.07999993729153121,0.07999993729153121,0
37,19,2.8882174491882324,3.6087060705942178,0.0,0.07999992044807461,37.43589743589744,0.07999988635439231,-0.222709765967774,0.0,0.08,0.07999992044807461,0.07999992044807461,0
37,13,3.4897663593292236,3.6087060705942178,0.0,0.07999992044807461,13.063063063063064,0.07999988635439231,-0.033514490578538204,0.0,0.08,0.07999992044807461,0.07999992044807461,0
37,9,3.35779070854187,3.6087060705942178,0.0,0.07999992044807461,17.916666666666668,0.07999988635439231,-0.07206604819873769,0.0,0.08,0.07999992044807461,0.07999992044807461,0
37,15,3.2880094051361084,3.6087060705942178,0.0,0.07999992386299856,19.23076923076923,0.0799998912328551,-0.09306694099243808,0.0,0.08,0.07999992386299856,0.07999992386299856,0
37,7,3.457331895828247,3.6087060705942178,0.0,0.07999992044807461,17.54385964912281,0.07999988635439231,-0.04285211555021217,0.0,0.08,0.07999992044807461,0.07999992044807461,0
37,0,3.3090531826019287,3.6087060705942178,0.0,0.07999992331970843,17.699115044247787,0.07999989045672634,-0.08668717772719767,0.0,0.08,0.07999992331970843,0.07999992331970843,0
37,1,3.4688262939453125,3.6087060705942178,0.0,0.07999992044807461,13.596491228070175,0.07999988635439231,-0.039532985862040564,0.0,0.08,0.07999992044807461,0.07999992044807461,0
37,8,3.2814173698425293,3.6087060705942178,0.0,0.08552056169224029,16.19047619047619,0.08788651670320041,-0.09507382461008172,0.0,0.08,0.08552056169224029,0.08552056169224029,0
37,18,3.58931303024292,3.6087060705942178,0.0,0.0859617501842656,12.775330396475772,0.08851678597752229,-0.005388451169535933,0.0,0.08,0.0859617501842656,0.0859617501842656,0
37,11,3.1152145862579346,3.6087060705942178,0.0,0.07999992044807461,25.099601593625497,0.07999988635439231,-0.1470512405454131,0.0,0.08,0.07999992044807461,0.07999992044807461,0
37,10,3.721240282058716,3.6087060705942178,0.03070774289292873,0.08736981780993419,26.570048309178745,0.07999994216518758,0.03070774289292873,0.03070774289292873,0.10456619431434298,0.08736981780993419,0.08736981780993419,0
37,16,3.343564033508301,3.6087060705942178,0.0,0.07999992044807461,19.6,0.07999988635439231,-0.076311964707175,0.0,0.08,0.07999992044807461,0.07999992044807461,0
37,5,3.4520790576934814,3.6087060705942178,0.0,0.07999992044807461,20.46511627906977,0.07999988635439231,-0.04437260381379706,0.0,0.08,0.07999992044807461,0.07999992044807461,0
37,6,3.197561740875244,3.6087060705942178,0.0,0.07999992044807461,19.23076923076923,0.07999988635439231,-0.12096071514590957,0.0,0.08,0.07999992044807461,0.07999992044807461,0
37,14,3.3926970958709717,3.6087060705942178,0.0,0.07999992044807461,25.506072874493928,0.07999988635439231,-0.06172407014955962,0.0,0.08,0.07999992044807461,0.07999992044807461,0
37,2,3.0462491512298584,3.6087060705942178,0.0,0.07999992951537217,22.33009708737864,0.07999989930767454,-0.16943823105439162,0.0,0.08,0.07999992951537217,0.07999992951537217,0
37,4,3.2622945308685303,3.6087060705942178,0.0,0.07999992044807461,22.22222222222222,0.07999988635439231,-0.10091848697974272,0.0,0.08,0.07999992044807461,0.07999992044807461,0
37,12,3.655769109725952,3.6087060705942178,0.01295721887166052,0.0831176125930927,22.764227642276424,0.08001125723413453,0.01295721887166052,0.01295721887166052,0.09036577509732842,0.0831176125930927,0.0831176125930927,0
37,17,3.2758498191833496,3.6087060705942178,0.0,0.07999992660637154,22.22222222222222,0.07999989515195935,-0.09677195641395961,0.0,0.08,0.07999992660637154,0.07999992660637154,0
38,17,3.242945909500122,3.581628865252936,0.0,0.07999994862446007,17.171717171717173,0.07999992660637154,-0.0993355389074204,0.0,0.08,0.07999994862446007,0.07999994862446007,0
38,4,3.4575819969177246,3.581628865252936,0.0,0.07999994431365222,20.707070707070706,0.07999992044807461,-0.03524818718756253,0.0,0.08,0.07999994431365222,0.07999994431365222,0
38,10,3.48384690284729,3.581628865252936,0.0,0.08515887246695393,20.77294685990338,0.08736981780993419,-0.027680572052501972,0.0,0.08,0.08515887246695393,0.08515887246695393,0
38,11,3.3041582107543945,3.581628865252936,0.0,0.07999994431365222,21.91235059760956,0.07999992044807461,-0.08063594787236913,0.0,0.08,0.07999994431365222,0.07999994431365222,0
38,14,3.2948670387268066,3.581628865252936,0.0,0.07999994431365222,24.291497975708502,0.07999992044807461,-0.0834518722817001,0.0,0.08,0.07999994431365222,0.07999994431365222,0
38,3,3.613196611404419,3.581628865252936,0.008775181200879409,0.0821059995922829,17.180616740088105,0.07999993729153121,0.008775181200879409,0.008775181200879409,0.08702014496070352,0.0821059995922829,0.0821059995922829,0
38,15,3.249591588973999,3.581628865252936,0.0,0.07999994670409899,21.794871794871796,0.07999992386299856,-0.0972883634306734,0.0,0.08,0.07999994670409899,0.07999994670409899,0
38,2,3.164886713027954,3.581628865252936,0.0,0.07999995066076052,23.300970873786408,0.07999992951537217,-0.12370042557890393,0.0,0.08,0.07999995066076052,0.07999995066076052,0
38,9,3.338242530822754,3.581628865252936,0.0,0.07999994431365222,20.0,0.07999992044807461,-0.07037320689996233,0.0,0.08,0.07999994431365222,0.07999994431365222,0
38,19,3.0842103958129883,3.581628865252936,0.0,0.07999994431365222,27.692307692307693,0.07999992044807461,-0.14952201167640147,0.0,0.08,0.07999994431365222,0.07999994431365222,0
38,6,3.315828561782837,3.581628865252936,0.0,0.07999994431365222,23.076923076923077,0.07999992044807461,-0.07711015137641793,0.0,0.08,0.07999994431365222,0.07999994431365222,0
38,8,3.312910318374634,3.581628865252936,0.0,0.0838643931845682,16.19047619047619,0.08552056169224029,-0.07799063366443328,0.0,0.08,0.0838643931845682,0.0838643931845682,0
38,1,3.6117148399353027,3.581628865252936,0.008364997215713548,0.08200754364542347,16.228070175438596,0.07999992044807461,0.008364997215713548,0.008364997215713548,0.08669199777257083,0.08200754364542347,0.08200754364542347,0
38,5,3.3529157638549805,3.581628865252936,0.0,0.07999994431365222,20.930232558139537,0.07999992044807461,-0.06598734249110863,0.0,0.08,0.07999994431365222,0.07999994431365222,0
38,13,3.4723803997039795,3.581628865252936,0.0,0.07999994431365222,17.117117117117118,0.07999992044807461,-0.030977334218849756,0.0,0.08,0.07999994431365222,0.07999994431365222,0
38,12,3.364036798477173,3.581628865252936,0.0,0.08218232881516488,21.13821138211382,0.0831176125930927,-0.06267600609333789,0.0,0.08,0.08218232881516488,0.08218232881516488,0
38,7,3.5019710063934326,3.581628865252936,0.0,0.07999994431365222,13.596491228070175,0.07999992044807461,-0.022491732493774584,0.0,0.08,0.07999994431365222,0.07999994431365222,0
38,0,3.489591598510742,3.581628865252936,0.0,0.0799999463237959,20.79646017699115,0.07999992331970843,-0.02603297827351139,0.0,0.08,0.0799999463237959,0.0799999463237959,0
38,18,3.726874351501465,3.581628865252936,0.0397522195503991,0.09371375782108171,15.859030837004406,0.0859617501842656,0.0397522195503991,0.0397522195503991,0.11180177564031929,0.09371375782108171,0.09371375782108171,0
38,16,3.4494893550872803,3.581628865252936,0.0,0.07999994431365222,14.8,0.07999992044807461,-0.03759148005299219,0.0,0.08,0.07999994431365222,0.07999994431365222,0
39,15,3.196305990219116,3.5593136068442495,0.0,0.0799999626928693,22.22222222222222,0.07999994670409899,-0.10757195394737278,0.0,0.08,0.0799999626928693,0.0799999626928693,0
39,2,3.0621018409729004,3.5593136068442495,0.0,0.07999996546253235,22.815533980582526,0.07999995066076052,-0.15046616244406621,0.0,0.08,0.07999996546253235,0.07999996546253235,0
39,10,3.7266783714294434,3.5593136068442495,0.04594960053259978,0.09463911485469169,17.391304347826086,0.08515887246695393,0.04594960053259978,0.04594960053259978,0.11675968042607981,0.09463911485469169,0.09463911485469169,0
39,0,3.3994240760803223,3.5593136068442495,0.0,0.07999996242665712,19.911504424778762,0.0799999463237959,-0.045961691189928315,0.0,0.08,0.07999996242665712,0.07999996242665712,0
39,3,3.3423211574554443,3.5593136068442495,0.0,0.08147419971459803,16.29955947136564,0.0821059995922829,-0.06290219608606232,0.0,0.08,0.08147419971459803,0.08147419971459803,0
39,17,3.1678922176361084,3.5593136068442495,0.0,0.07999996403712203,18.181818181818183,0.07999994862446007,-0.11650126769831606,0.0,0.08,0.07999996403712203,0.07999996403712203,0
39,11,3.280130624771118,3.5593136068442495,0.0,0.07999996101955656,21.51394422310757,0.07999994431365222,-0.08168447274050257,0.0,0.08,0.07999996101955656,0.07999996101955656,0
39,5,3.331865072250366,3.5593136068442495,0.0,0.07999996101955656,17.209302325581394,0.07999994431365222,-0.06603549005428189,0.0,0.08,0.07999996101955656,0.07999996101955656,0
39,16,3.406078577041626,3.5593136068442495,0.0,0.07999996101955656,18.8,0.07999994431365222,-0.044006066924754936,0.0,0.08,0.07999996101955656,0.07999996101955656,0
39,6,3.2447187900543213,3.5593136068442495,0.0,0.07999996101955656,19.23076923076923,0.07999994431365222,-0.09253903199411605,0.0,0.08,0.07999996101955656,0.07999996101955656,0
39,8,3.449665069580078,3.5593136068442495,0.0,0.08270507522919773,13.80952380952381,0.0838643931845682,-0.031290574069304376,0.0,0.08,0.08270507522919773,0.08270507522919773,0
39,1,3.445631265640259,3.5593136068442495,0.0,0.08140528055179642,12.280701754385966,0.08200754364542347,-0.03246059032159628,0.0,0.08,0.08140528055179642,0.08140528055179642,0
39,7,3.348140239715576,3.5593136068442495,0.0,0.07999996101955656,19.29824561403509,0.07999994431365222,-0.06116267967168299,0.0,0.08,0.07999996101955656,0.07999996101955656,0
39,4,3.372325897216797,3.5593136068442495,0.0,0.07999996101955656,22.22222222222222,0.07999994431365222,-0.0539650355350899,0.0,0.08,0.07999996101955656,0.07999996101955656,0
39,13,3.406970500946045,3.5593136068442495,0.0,0.07999996101955656,16.666666666666668,0.07999994431365222,-0.0437442388073625,0.0,0.08,0.07999996101955656,0.07999996101955656,0
39,12,3.5213987827301025,3.5593136068442495,0.0,0.08152763017061541,17.073170731707318,0.08218232881516488,-0.01070942704547425,0.0,0.08,0.08152763017061541,0.08152763017061541,0
39,9,3.363957166671753,3.5593136068442495,0.0,0.07999996101955656,17.083333333333332,0.07999994431365222,-0.05644970987144506,0.0,0.08,0.07999996101955656,0.07999996101955656,0
39,14,3.2494850158691406,3.5593136068442495,0.0,0.07999996101955656,21.45748987854251,0.07999994431365222,-0.09107119180974996,0.0,0.08,0.07999996101955656,0.07999996101955656,0
39,18,3.5400657653808594,3.5593136068442495,0.0,0.08959963047475719,14.977973568281937,0.09371375782108171,-0.005422414428448027,0.0,0.08,0.08959963047475719,0.08959963047475719,0
39,19,3.180971145629883,3.5593136068442495,0.0,0.07999996101955656,34.87179487179487,0.07999994431365222,-0.11238117699684146,0.0,0.08,0.07999996101955656,0.07999996101955656,0
40,15,3.468003034591675,3.538987116479191,0.0,0.07999997388500851,25.641025641025642,0.0799999626928693,-0.020261626913485136,0.0,0.08,0.07999997388500851,0.07999997388500851,0
40,8,3.3961544036865234,3.538987116479191,0.0,0.0818935526604384,18.095238095238095,0.08270507522919773,-0.04119682704250312,0.0,0.08,0.0818935526604384,0.0818935526604384,0
40,14,3.301119089126587,3.538987116479191,0.0,0.07999997271368958,27.125506072874494,0.07999996101955656,-0.06957903180996272,0.0,0.08,0.07999997271368958,0.07999997271368958,0
40,9,3.4528563022613525,3.538987116479191,0.0,0.07999997271368958,21.25,0.07999996101955656,-0.024638758634473696,0.0,0.08,0.07999997271368958,0.07999997271368958,0
40,18,3.693511486053467,3.538987116479191,0.04273706674987505,0.09697663735230004,19.383259911894275,0.08959963047475719,0.04273706674987505,0.04273706674987505,0.11418965339990003,0.09697663735230004,0.09697663735230004,0
40,4,3.3508050441741943,3.538987116479191,0.0,0.07999997271368958,20.707070707070706,0.07999996101955656,-0.05463993209644411,0.0,0.08,0.07999997271368958,0.07999997271368958,0
40,7,3.3617334365844727,3.538987116479191,0.0,0.07999997271368958,19.736842105263158,0.07999996101955656,-0.05138381607877307,0.0,0.08,0.07999997271368958,0.07999997271368958,0
40,12,3.408919095993042,3.538987116479191,0.0,0.08106934111943079,26.422764227642276,0.08152763017061541,-0.03744530040861541,0.0,0.08,0.08106934111943079,0.08106934111943079,0
40,6,3.5069782733917236,3.538987116479191,0.0,0.07999997271368958,27.77777777777778,0.07999996101955656,-0.00908578496296858,0.0,0.08,0.07999997271368958,0.07999997271368958,0
40,16,3.333372116088867,3.538987116479191,0.0,0.07999997271368958,20.0,0.07999996101955656,-0.059856121656458844,0.0,0.08,0.07999997271368958,0.07999997271368958,0
40,0,3.2680435180664062,3.538987116479191,0.0,0.07999997369865998,19.469026548672566,0.07999996242665712,-0.07964906735051866,0.0,0.08,0.07999997369865998,0.07999997369865998,0
40,10,3.5262527465820312,3.538987116479191,0.0,0.09024738039828417,18.840579710144926,0.09463911485469169,-0.0036047986756955527,0.0,0.08,0.09024738039828417,0.09024738039828417,0
40,1,3.542532205581665,3.538987116479191,0.0010012228244764272,0.08122398986413183,15.789473684210526,0.08140528055179642,0.0010012228244764272,0.0010012228244764272,0.08080097825958114,0.08122398986413183,0.08122398986413183,0
40,13,3.4232826232910156,3.538987116479191,0.0,0.07999997271368958,18.46846846846847,0.07999996101955656,-0.033240638717593904,0.0,0.08,0.07999997271368958,0.07999997271368958,0
40,3,3.4672296047210693,3.538987116479191,0.0,0.08103193980021861,18.94273127753304,0.08147419971459803,-0.020484670583915773,0.0,0.08,0.08103193980021861,0.08103193980021861,0
40,5,3.346585750579834,3.538987116479191,0.0,0.07999997271368958,19.069767441860463,0.07999996101955656,-0.05589991356363327,0.0,0.08,0.07999997271368958,0.07999997271368958,0
40,11,3.2860817909240723,3.538987116479191,0.0,0.07999997271368958,21.115537848605577,0.07999996101955656,-0.07414465066736671,0.0,0.08,0.07999997271368958,0.07999997271368958,0
40,19,3.2231733798980713,3.538987116479191,0.0,0.07999997271368958,29.23076923076923,0.07999996101955656,-0.09347416468270106,0.0,0.08,0.07999997271368958,0.07999997271368958,0
40,2,3.0861709117889404,3.538987116479191,0.0,0.07999997582377263,28.155339805825243,0.07999996546253235,-0.1369094251419866,0.0,0.08,0.07999997582377263,0.07999997582377263,0
40,17,3.151975393295288,3.538987116479191,0.0,0.07999997482598542,20.707070707070706,0.07999996403712203,-0.11581119529921949,0.0,0.08,0.07999997482598542,0.07999997482598542,0
41,9,3.448420286178589,3.5229827968448215,0.0,0.07999998089958271,16.666666666666668,0.07999997271368958,-0.02139177807120098,0.0,0.08,0.07999998089958271,0.07999998089958271,0
41,3,3.336085557937622,3.5229827968448215,0.0,0.08072235786015303,17.621145374449338,0.08103193980021861,-0.05450988505847385,0.0,0.08,0.08072235786015303,0.08072235786015303,0
41,8,3.3713126182556152,3.5229827968448215,0.0,0.08132548686230688,14.761904761904763,0.0818935526604384,-0.04400584662669745,0.0,0.08,0.08132548686230688,0.08132548686230688,0
41,16,3.213223457336426,3.5229827968448215,0.0,0.07999998089958271,26.4,0.07999997271368958,-0.0920333903805271,0.0,0.08,0.07999998089958271,0.07999998089958271,0
41,7,3.4713268280029297,3.5229827968448215,0.0,0.07999998089958271,18.42105263157895,0.07999997271368958,-0.01477112415073915,0.0,0.08,0.07999998089958271,0.07999998089958271,0
41,11,3.1701650619506836,3.5229827968448215,0.0,0.07999998089958271,24.302788844621514,0.07999997271368958,-0.10552435938342816,0.0,0.08,0.07999998089958271,0.07999998089958271,0
41,5,3.394969940185547,3.5229827968448215,0.0,0.07999998089958271,22.325581395348838,0.07999997271368958,-0.03701310931312012,0.0,0.08,0.07999998089958271,0.07999998089958271,0
41,4,3.188701629638672,3.5229827968448215,0.0,0.07999998089958271,21.21212121212121,0.07999997271368958,-0.09969419465917931,0.0,0.08,0.07999998089958271,0.07999998089958271,0
41,12,3.3835160732269287,3.5229827968448215,0.0,0.08074853878360155,19.10569105691057,0.08106934111943079,-0.040392588979601324,0.0,0.08,0.08074853878360155,0.08074853878360155,0
41,0,3.265254259109497,3.5229827968448215,0.0,0.07999998158906199,19.469026548672566,0.07999997369865998,-0.07597038217552564,0.0,0.08,0.07999998158906199,0.07999998158906199,0
41,17,3.080700159072876,3.5229827968448215,0.0,0.07999998237818978,20.2020202020202,0.07999997482598542,-0.13415112031588128,0.0,0.08,0.07999998237818978,0.07999998237818978,0
41,10,3.4303853511810303,3.5229827968448215,0.0,0.08717316627879892,17.391304347826086,0.09024738039828417,-0.026635414021830815,0.0,0.08,0.08717316627879892,0.08717316627879892,0
41,14,3.2681632041931152,3.5229827968448215,0.0,0.07999998089958271,23.076923076923077,0.07999997271368958,-0.07507990019323235,0.0,0.08,0.07999998089958271,0.07999998089958271,0
41,13,3.4786572456359863,3.5229827968448215,0.0,0.07999998089958271,18.01801801801802,0.07999997271368958,-0.012661645840402512,0.0,0.08,0.07999998089958271,0.07999998089958271,0
41,19,3.00292706489563,3.5229827968448215,0.0,0.07999998089958271,30.76923076923077,0.07999997271368958,-0.15972051446512878,0.0,0.08,0.07999998089958271,0.07999998089958271,0
41,1,3.4832663536071777,3.5229827968448215,0.0,0.08085679290489228,17.54385964912281,0.08122398986413183,-0.011337555288231476,0.0,0.08,0.08085679290489228,0.08085679290489228,0
41,15,3.1839897632598877,3.5229827968448215,0.0,0.07999998171950595,25.641025641025642,0.07999997388500851,-0.10117296302630562,0.0,0.08,0.07999998171950595,0.07999998171950595,0
41,6,3.4015345573425293,3.5229827968448215,0.0,0.07999998089958271,25.213675213675213,0.07999997271368958,-0.0350813459540319,0.0,0.08,0.07999998089958271,0.07999998089958271,0
41,18,3.723780632019043,3.5229827968448215,0.05543143473080416,0.10518719048200302,15.859030837004406,0.09697663735230004,0.05543143473080416,0.05543143473080416,0.12434514778464334,0.10518719048200302,0.10518719048200302,0
41,2,2.996755599975586,3.5229827968448215,0.0,0.07999998307664084,25.728155339805824,0.07999997582377263,-0.16177777896421622,0.0,0.08,0.07999998307664084,0.07999998307664084,0
42,18,3.4618446826934814,3.5060544259700013,0.0,0.09763103333740211,20.704845814977972,0.10518719048200302,-0.012689717721961492,0.0,0.08,0.09763103333740211,0.09763103333740211,0
42,19,2.8068790435791016,3.5060544259700013,0.0,0.07999998662970789,35.38461538461539,0.07999998089958271,-0.22241810387619287,0.0,0.08,0.07999998662970789,0.07999998662970789,0
42,5,3.2531228065490723,3.5060544259700013,0.0,0.07999998662970789,14.883720930232558,0.07999998089958271,-0.07487591126061922,0.0,0.08,0.07999998662970789,0.07999998662970789,0
42,12,3.5126099586486816,3.5060544259700013,0.0018680290742149768,0.08097230412633268,21.951219512195124,0.08074853878360155,0.0018680290742149768,0.0018680290742149768,0.08149442325937198,0.08097230412633268,0.08097230412633268,0
42,14,3.3742074966430664,3.5060544259700013,0.0,0.07999998662970789,21.05263157894737,0.07999998089958271,-0.038330828990765314,0.0,0.08,0.07999998662970789,0.07999998662970789,0
42,2,2.9992148876190186,3.5060544259700013,0.0,0.07999998815364859,26.21359223300971,0.07999998307664084,-0.15614075927108587,0.0,0.08,0.07999998815364859,0.07999998815364859,0
42,8,3.303154945373535,3.5060544259700013,0.0,0.08092784080361481,18.571428571428573,0.08132548686230688,-0.05961325406251983,0.0,0.08,0.08092784080361481,0.08092784080361481,0
42,0,3.151993989944458,3.5060544259700013,0.0,0.0799999871123434,19.469026548672566,0.07999998158906199,-0.10645604447300655,0.0,0.08,0.0799999871123434,0.0799999871123434,0
42,10,3.492009162902832,3.5060544259700013,0.0,0.08502121639515925,16.908212560386474,0.08717316627879892,-0.00401404808842954,0.0,0.08,0.08502121639515925,0.08502121639515925,0
42,15,3.2043673992156982,3.5060544259700013,0.0,0.07999998720365417,18.803418803418804,0.07999998171950595,-0.08997661822427384,0.0,0.08,0.07999998720365417,0.07999998720365417,0
42,17,3.1277763843536377,3.5060544259700013,0.0,0.07999998766473285,20.2020202020202,0.07999998237818978,-0.11416897794909156,0.0,0.08,0.07999998766473285,0.07999998766473285,0
42,9,3.2181003093719482,3.5060544259700013,0.0,0.07999998662970789,22.5,0.07999998089958271,-0.08570009036416147,0.0,0.08,0.07999998662970789,0.07999998662970789,0
42,6,3.2339260578155518,3.5060544259700013,0.0,0.07999998662970789,24.358974358974358,0.07999998089958271,-0.08079441291277266,0.0,0.08,0.07999998662970789,0.07999998662970789,0
42,3,3.384920835494995,3.5060544259700013,0.0,0.08050565050210712,21.145374449339208,0.08072235786015303,-0.03516079070611149,0.0,0.08,0.08050565050210712,0.08050565050210712,0
42,16,3.2032010555267334,3.5060544259700013,0.0,0.07999998662970789,18.4,0.07999998089958271,-0.09034067011273796,0.0,0.08,0.07999998662970789,0.07999998662970789,0
42,7,3.2882938385009766,3.5060544259700013,0.0,0.07999998662970789,17.982456140350877,0.07999998089958271,-0.0641224697131834,0.0,0.08,0.07999998662970789,0.07999998662970789,0
42,11,3.1631178855895996,3.5060544259700013,0.0,0.07999998662970789,21.51394422310757,0.07999998089958271,-0.10293309592222967,0.0,0.08,0.07999998662970789,0.07999998662970789,0
42,4,3.3231208324432373,3.5060544259700013,0.0,0.07999998662970789,23.232323232323232,0.07999998089958271,-0.05358695871874151,0.0,0.08,0.07999998662970789,0.07999998662970789,0
42,1,3.3484079837799072,3.5060544259700013,0.0,0.08059975503342459,16.666666666666668,0.08085679290489228,-0.04600630575181115,0.0,0.08,0.08059975503342459,0.08059975503342459,0
42,13,3.456051826477051,3.5060544259700013,0.0,0.07999998662970789,16.216216216216218,0.07999998089958271,-0.014364463085953074,0.0,0.08,0.07999998662970789,0.07999998662970789,0
43,0,3.279374122619629,3.4825198156255035,0.0,0.07999999097864037,22.123893805309734,0.0799999871123434,-0.060103528621524245,0.0,0.08,0.07999999097864037,0.07999999097864037,0
43,4,3.2086782455444336,3.4825198156255035,0.0,0.07999999064079552,20.2020202020202,0.07999998662970789,-0.08189702563590884,0.0,0.08,0.07999999064079552,0.07999999064079552,0
43,19,2.8963992595672607,3.4825198156255035,0.0,0.07999999064079552,32.30769230769231,0.07999998662970789,-0.18428778523861453,0.0,0.08,0.07999999064079552,0.07999999064079552,0
43,10,3.4252688884735107,3.4825198156255035,0.0,0.08351485147661147,18.840579710144926,0.08502121639515925,-0.016576140449078836,0.0,0.08,0.08351485147661147,0.08351485147661147,0
43,11,3.0557548999786377,3.4825198156255035,0.0,0.07999999064079552,23.50597609561753,0.07999998662970789,-0.1307294511109011,0.0,0.08,0.07999999064079552,0.07999999064079552,0
43,17,3.2082464694976807,3.4825198156255035,0.0,0.079999991365313,20.2020202020202,0.07999998766473285,-0.08203159977078892,0.0,0.08,0.079999991365313,0.079999991365313,0
43,2,3.1655991077423096,3.4825198156255035,0.0,0.07999999170755401,26.21359223300971,0.07999998815364859,-0.09541378719722551,0.0,0.08,0.07999999170755401,0.07999999170755401,0
43,9,3.182511806488037,3.4825198156255035,0.0,0.07999999064079552,16.666666666666668,0.07999998662970789,-0.09008535518441316,0.0,0.08,0.07999999064079552,0.07999999064079552,0
43,7,3.460296869277954,3.4825198156255035,0.0,0.07999999064079552,21.49122807017544,0.07999998662970789,-0.006401730936425938,0.0,0.08,0.07999999064079552,0.07999999064079552,0
43,8,3.447144031524658,3.4825198156255035,0.0,0.08064948856253037,15.714285714285714,0.08092784080361481,-0.01021004541951192,0.0,0.08,0.08064948856253037,0.08064948856253037,0
43,3,3.367155075073242,3.4825198156255035,0.0,0.08035395535147498,21.145374449339208,0.08050565050210712,-0.03368792015368699,0.0,0.08,0.08035395535147498,0.08035395535147498,0
43,1,3.466622829437256,3.4825198156255035,0.0,0.08041982852339721,17.105263157894736,0.08059975503342459,-0.004575244655415801,0.0,0.08,0.08041982852339721,0.08041982852339721,0
43,12,3.4859797954559326,3.4825198156255035,0.000993034454454316,0.0809189411575019,19.91869918699187,0.08097230412633268,0.000993034454454316,0.000993034454454316,0.08079442756356345,0.0809189411575019,0.0809189411575019,0
43,5,3.560537815093994,3.4825198156255035,0.022155488333252402,0.0853173078407761,20.46511627906977,0.07999998662970789,0.022155488333252402,0.022155488333252402,0.09772439066660192,0.0853173078407761,0.0853173078407761,0
43,6,3.216168165206909,3.4825198156255035,0.0,0.07999999064079552,23.504273504273506,0.07999998662970789,-0.07956547634948984,0.0,0.08,0.07999999064079552,0.07999999064079552,0
43,13,3.37906813621521,3.4825198156255035,0.0,0.07999999064079552,16.666666666666668,0.07999998662970789,-0.030156144487034294,0.0,0.08,0.07999999064079552,0.07999999064079552,0
43,14,3.023771286010742,3.4825198156255035,0.0,0.07999999064079552,24.291497975708502,0.07999998662970789,-0.1412512937535492,0.0,0.08,0.07999999064079552,0.07999999064079552,0
43,18,3.6229984760284424,3.4825198156255035,0.03954587445027928,0.10183273320424852,16.29955947136564,0.09763103333740211,0.03954587445027928,0.03954587445027928,0.11163669956022343,0.10183273320424852,0.10183273320424852,0
43,15,3.2582502365112305,3.4825198156255035,0.0,0.07999999104255792,23.931623931623932,0.07999998720365417,-0.06656580249844918,0.0,0.08,0.07999999104255792,0.07999999104255792,0
43,16,3.5072333812713623,3.4825198156255035,0.007071399479135063,0.08169712651578794,21.2,0.07999998662970789,0.007071399479135063,0.007071399479135063,0.08565711958330806,0.08169712651578794,0.08169712651578794,0
44,16,3.2329940795898438,3.4665942939475967,0.0,0.08118798856105156,18.0,0.08169712651578794,-0.06976397280883319,0.0,0.08,0.08118798856105156,0.08118798856105156,0
44,18,3.628413200378418,3.4665942939475967,0.045622777179416395,0.10623237976603389,16.29955947136564,0.10183273320424852,0.045622777179416395,0.045622777179416395,0.11649822174353311,0.10623237976603389,0.10623237976603389,0
44,15,2.950169086456299,3.4665942939475967,0.0,0.07999999372979054,22.22222222222222,0.07999999104255792,-0.1613101538584891,0.0,0.08,0.07999999372979054,0.07999999372979054,0
44,7,3.3302342891693115,3.4665942939475967,0.0,0.07999999344855686,16.666666666666668,0.07999999064079552,-0.04012998177198472,0.0,0.08,0.07999999344855686,0.07999999344855686,0
44,1,3.3332338333129883,3.4665942939475967,0.0,0.08029387996637805,20.17543859649123,0.08041982852339721,-0.039229686525683316,0.0,0.08,0.08029387996637805,0.08029387996637805,0
44,11,3.0326650142669678,3.4665942939475967,0.0,0.07999999344855686,25.099601593625497,0.07999999064079552,-0.13373086449000546,0.0,0.08,0.07999999344855686,0.07999999344855686,0
44,4,3.192422866821289,3.4665942939475967,0.0,0.07999999344855686,26.262626262626263,0.07999999064079552,-0.0823924923800796,0.0,0.08,0.07999999344855686,0.07999999344855686,0
44,9,3.0347790718078613,3.4665942939475967,0.0,0.07999999344855686,20.833333333333332,0.07999999064079552,-0.13303401171658596,0.0,0.08,0.07999999344855686,0.07999999344855686,0
44,8,3.3548712730407715,3.4665942939475967,0.0,0.08045464199377125,20.476190476190474,0.08064948856253037,-0.03275923942307196,0.0,0.08,0.08045464199377125,0.08045464199377125,0
44,2,3.1215059757232666,3.4665942939475967,0.0,0.0799999941952878,24.271844660194176,0.07999999170755401,-0.10485707030312792,0.0,0.08,0.0799999941952878,0.0799999941952878,0
44,10,3.561589002609253,3.4665942939475967,0.02703415373502813,0.08894859293003478,17.8743961352657,0.08351485147661147,0.02703415373502813,0.02703415373502813,0.1016273229880225,0.08894859293003478,0.08894859293003478,0
44,0,3.1605701446533203,3.4665942939475967,0.0,0.07999999368504826,19.02654867256637,0.07999999097864037,-0.09242020338880272,0.0,0.08,0.07999999368504826,0.07999999368504826,0
44,14,3.1342973709106445,3.4665942939475967,0.0,0.07999999344855686,28.74493927125506,0.07999999064079552,-0.1007676153556924,0.0,0.08,0.07999999344855686,0.07999999344855686,0
44,5,3.193281650543213,3.4665942939475967,0.0,0.08372211548854326,18.13953488372093,0.0853173078407761,-0.08212352167463079,0.0,0.08,0.08372211548854326,0.08372211548854326,0
44,17,3.073636054992676,3.4665942939475967,0.0,0.07999999395571909,23.232323232323232,0.079999991365313,-0.12031139664165191,0.0,0.08,0.07999999395571909,0.07999999395571909,0
44,3,3.2397713661193848,3.4665942939475967,0.0,0.08024776874603248,21.58590308370044,0.08035395535147498,-0.0676698790116432,0.0,0.08,0.08024776874603248,0.08024776874603248,0
44,19,3.032081127166748,3.4665942939475967,0.0,0.07999999344855686,32.82051282051282,0.07999999064079552,-0.1339234156987392,0.0,0.08,0.07999999344855686,0.07999999344855686,0
44,6,3.1773922443389893,3.4665942939475967,0.0,0.07999999344855686,20.512820512820515,0.07999999064079552,-0.0871118288348436,0.0,0.08,0.07999999344855686,0.07999999344855686,0
44,13,3.230192184448242,3.4665942939475967,0.0,0.07999999344855686,14.864864864864865,0.07999999064079552,-0.07063100501059633,0.0,0.08,0.07999999344855686,0.07999999344855686,0
44,12,3.421643018722534,3.4665942939475967,0.0,0.08064325881025132,25.203252032520325,0.0809189411575019,-0.013051789934106998,0.0,0.08,0.08064325881025132,0.08064325881025132,0
45,10,3.289396286010742,3.4392200904210624,0.0,0.08626401505102435,23.67149758454106,0.08894859293003478,-0.04454067940126056,0.0,0.08,0.08626401505102435,0.08626401505102435,0
45,18,3.377296209335327,3.4392200904210624,0.0,0.09836266583622372,18.94273127753304,0.10623237976603389,-0.018169276419480417,0.0,0.08,0.09836266583622372,0.09836266583622372,0
45,1,3.4598779678344727,3.4392200904210624,0.005988591238225294,0.0816429778736387,21.92982456140351,0.08029387996637805,0.005988591238225294,0.005988591238225294,0.08479087299058023,0.0816429778736387,0.0816429778736387,0
45,12,3.31545090675354,3.4392200904210624,0.0,0.08045028116717592,25.609756097560975,0.08064325881025132,-0.036651093146779265,0.0,0.08,0.08045028116717592,0.08045028116717592,0
45,8,3.497095823287964,3.4392200904210624,0.016688131446972586,0.0843234009429133,21.428571428571427,0.08045464199377125,0.016688131446972586,0.016688131446972586,0.09335050515757808,0.0843234009429133,0.0843234009429133,0
45,17,3.159121513366699,3.4392200904210624,0.0,0.07999999576900335,23.737373737373737,0.07999999395571909,-0.08495074067233555,0.0,0.08,0.07999999576900335,0.07999999576900335,0
45,15,3.053891181945801,3.4392200904210624,0.0,0.07999999561085337,21.367521367521366,0.07999999372979054,-0.11882815257251533,0.0,0.08,0.07999999561085337,0.07999999561085337,0
45,19,2.943683385848999,3.4392200904210624,0.0,0.0799999954139898,39.48717948717949,0.07999999344855686,-0.15558307777500094,0.0,0.08,0.0799999954139898,0.0799999954139898,0
45,5,3.335005760192871,3.4392200904210624,0.0,0.08260548084198027,20.0,0.08372211548854326,-0.030770321128845306,0.0,0.08,0.08260548084198027,0.08260548084198027,0
45,0,3.149230480194092,3.4392200904210624,0.0,0.07999999557953377,20.353982300884955,0.07999999368504826,-0.08808659652080722,0.0,0.08,0.07999999557953377,0.07999999557953377,0
45,14,3.0881905555725098,3.4392200904210624,0.0,0.0799999954139898,25.101214574898787,0.07999999344855686,-0.10765938878012746,0.0,0.08,0.0799999954139898,0.0799999954139898,0
45,9,3.057938575744629,3.4392200904210624,0.0,0.0799999954139898,20.416666666666668,0.07999999344855686,-0.11750370652683231,0.0,0.08,0.0799999954139898,0.0799999954139898,0
45,6,3.1267600059509277,3.4392200904210624,0.0,0.0799999954139898,22.64957264957265,0.07999999344855686,-0.09524740093550922,0.0,0.08,0.0799999954139898,0.0799999954139898,0
45,13,3.3570988178253174,3.4392200904210624,0.0,0.0799999954139898,16.216216216216218,0.07999999344855686,-0.024167573794767302,0.0,0.08,0.0799999954139898,0.0799999954139898,0
45,3,3.159102201461792,3.4392200904210624,0.0,0.08017343812222273,17.621145374449338,0.08024776874603248,-0.0849568537527574,0.0,0.08,0.08017343812222273,0.08017343812222273,0
45,4,3.1888673305511475,3.4392200904210624,0.0,0.0799999954139898,23.232323232323232,0.07999999344855686,-0.07557894259963077,0.0,0.08,0.0799999954139898,0.0799999954139898,0
45,11,3.003938674926758,3.4392200904210624,0.0,0.0799999954139898,26.294820717131476,0.07999999344855686,-0.13532040813701268,0.0,0.08,0.0799999954139898,0.0799999954139898,0
45,7,3.2191567420959473,3.4392200904210624,0.0,0.0799999954139898,20.17543859649123,0.07999999344855686,-0.06612528365854758,0.0,0.08,0.0799999954139898,0.0799999954139898,0
45,2,2.7837178707122803,3.4392200904210624,0.0,0.07999999593670146,33.49514563106796,0.0799999941952878,-0.21145732930141037,0.0,0.08,0.07999999593670146,0.07999999593670146,0
45,16,3.3493871688842773,3.4392200904210624,0.0,0.08083159199273608,24.0,0.08118798856105156,-0.026467333261100456,0.0,0.08,0.08083159199273608,0.08083159199273608,0
46,13,3.5466628074645996,3.4126975235748485,0.038504065811017195,0.08924097258443699,22.52252252252252,0.0799999954139898,0.038504065811017195,0.038504065811017195,0.11080325264881376,0.08924097258443699,0.08924097258443699,0
46,7,3.228137731552124,3.4126975235748485,0.0,0.07999999678979286,21.92982456140351,0.0799999954139898,-0.05559762377015068,0.0,0.08,0.07999999678979286,0.07999999678979286,0
46,16,3.3337535858154297,3.4126975235748485,0.0,0.08058211439491525,26.4,0.08083159199273608,-0.02340416900913995,0.0,0.08,0.08058211439491525,0.08058211439491525,0
46,0,3.225022315979004,3.4126975235748485,0.0,0.07999999690567364,19.469026548672566,0.07999999557953377,-0.056563171124487215,0.0,0.08,0.07999999690567364,0.07999999690567364,0
46,1,3.4471330642700195,3.4126975235748485,0.010039848479554756,0.08355964814664021,22.80701754385965,0.0816429778736387,0.010039848479554756,0.010039848479554756,0.08803187878364381,0.08355964814664021,0.08355964814664021,0
46,19,2.9969074726104736,3.4126975235748485,0.0,0.07999999678979286,32.82051282051282,0.0799999954139898,-0.12992212627425195,0.0,0.08,0.07999999678979286,0.07999999678979286,0
46,17,3.2149949073791504,3.4126975235748485,0.0,0.07999999703830235,22.22222222222222,0.07999999576900335,-0.0596772673526217,0.0,0.08,0.07999999703830235,0.07999999703830235,0
46,6,3.075438976287842,3.4126975235748485,0.0,0.07999999678979286,24.358974358974358,0.0799999954139898,-0.10405539329476887,0.0,0.08,0.07999999678979286,0.07999999678979286,0
46,11,3.1219642162323,3.4126975235748485,0.0,0.07999999678979286,22.310756972111555,0.0799999954139898,-0.08904068071078368,0.0,0.08,0.07999999678979286,0.07999999678979286,0
46,15,3.161038875579834,3.4126975235748485,0.0,0.07999999692759735,23.076923076923077,0.07999999561085337,-0.07660230930432711,0.0,0.08,0.07999999692759735,0.07999999692759735,0
46,5,3.160672426223755,3.4126975235748485,0.0,0.08182383658938619,21.3953488372093,0.08260548084198027,-0.07671824289820252,0.0,0.08,0.08182383658938619,0.08182383658938619,0
46,4,3.2263448238372803,3.4126975235748485,0.0,0.07999999678979286,25.252525252525253,0.0799999954139898,-0.05615317806594926,0.0,0.08,0.07999999678979286,0.07999999678979286,0
46,9,3.262620687484741,3.4126975235748485,0.0,0.07999999678979286,18.75,0.0799999954139898,-0.04497227677032706,0.0,0.08,0.07999999678979286,0.07999999678979286,0
46,2,2.9343137741088867,3.4126975235748485,0.0,0.07999999715569102,29.611650485436893,0.07999999593670146,-0.15102942258109814,0.0,0.08,0.07999999715569102,0.07999999715569102,0
46,12,3.433468818664551,3.4126975235748485,0.006068026315901141,0.08177152313283942,22.764227642276424,0.08045028116717592,0.006068026315901141,0.006068026315901141,0.08485442105272091,0.08177152313283942,0.08177152313283942,0
46,3,3.254997730255127,3.4126975235748485,0.0,0.08012140668555591,18.061674008810574,0.08017343812222273,-0.04731146271021253,0.0,0.08,0.08012140668555591,0.08012140668555591,0
46,10,3.2520577907562256,3.4126975235748485,0.0,0.08438481053571704,20.28985507246377,0.08626401505102435,-0.04821507869455931,0.0,0.08,0.08438481053571704,0.08438481053571704,0
46,14,3.0665841102600098,3.4126975235748485,0.0,0.07999999678979286,24.291497975708502,0.0799999954139898,-0.10693876641435873,0.0,0.08,0.07999999678979286,0.07999999678979286,0
46,8,3.282057762145996,3.4126975235748485,0.0,0.08302638066003931,17.61904761904762,0.0843234009429133,-0.03903244889369914,0.0,0.08,0.08302638066003931,0.08302638066003931,0
46,18,3.3208863735198975,3.4126975235748485,0.0,0.09285386608535659,18.502202643171806,0.09836266583622372,-0.027271313849745415,0.0,0.08,0.09285386608535659,0.09285386608535659,0
47,9,3.2675392627716064,3.394151898986834,0.0,0.07999999775285499,22.083333333333332,0.07999999678979286,-0.03801673825416838,0.0,0.08,0.07999999775285499,0.07999999775285499,0
47,10,3.3621561527252197,3.394151898986834,0.0,0.08306936737500192,23.67149758454106,0.08438481053571704,-0.009471440648260308,0.0,0.08,0.08306936737500192,0.08306936737500192,0
47,2,2.9612841606140137,3.394151898986834,0.0,0.07999999800898372,30.097087378640776,0.07999999715569102,-0.1364309082314334,0.0,0.08,0.07999999800898372,0.07999999800898372,0
47,3,3.106740713119507,3.394151898986834,0.0,0.08008498467988914,20.26431718061674,0.08012140668555591,-0.0884797462497995,0.0,0.08,0.08008498467988914,0.08008498467988914,0
47,15,3.1735641956329346,3.394151898986834,0.0,0.07999999784931813,20.94017094017094,0.07999999692759735,-0.06719861254442125,0.0,0.08,0.07999999784931813,0.07999999784931813,0
47,5,3.3596293926239014,3.394151898986834,0.0,0.08127668561257033,23.25581395348837,0.08182383658938619,-0.010223252855230694,0.0,0.08,0.08127668561257033,0.08127668561257033,0
47,6,3.203429937362671,3.394151898986834,0.0,0.07999999775285499,25.641025641025642,0.07999999678979286,-0.05783182958278686,0.0,0.08,0.07999999775285499,0.07999999775285499,0
47,17,3.0549726486206055,3.394151898986834,0.0,0.07999999792681164,25.757575757575758,0.07999999703830235,-0.10528328104058841,0.0,0.08,0.07999999792681164,0.07999999792681164,0
47,16,3.263110637664795,3.394151898986834,0.0,0.08040748007644066,24.4,0.08058211439491525,-0.039372997076678976,0.0,0.08,0.08040748007644066,0.08040748007644066,0
47,7,3.369487762451172,3.394151898986834,0.0,0.07999999775285499,18.859649122807017,0.07999999678979286,-0.0072931874027043755,0.0,0.08,0.07999999775285499,0.07999999775285499,0
47,4,3.2566866874694824,3.394151898986834,0.0,0.07999999775285499,23.737373737373737,0.07999999678979286,-0.04134359583430102,0.0,0.08,0.07999999775285499,0.07999999775285499,0
47,11,3.1304333209991455,3.394151898986834,0.0,0.07999999775285499,24.302788844621514,0.07999999678979286,-0.08088248453088354,0.0,0.08,0.07999999775285499,0.07999999775285499,0
47,13,3.2550766468048096,3.394151898986834,0.0,0.08646868080910589,18.91891891891892,0.08924097258443699,-0.041838098048182906,0.0,0.08,0.08646868080910589,0.08646868080910589,0
47,1,3.2347583770751953,3.394151898986834,0.0,0.08249175370264815,21.05263157894737,0.08355964814664021,-0.04809968589375218,0.0,0.08,0.08249175370264815,0.08249175370264815,0
47,14,3.194448709487915,3.394151898986834,0.0,0.07999999775285499,26.31578947368421,0.07999999678979286,-0.060639395728353016,0.0,0.08,0.07999999775285499,0.07999999775285499,0
47,19,2.9794881343841553,3.394151898986834,0.0,0.07999999775285499,29.743589743589745,0.07999999678979286,-0.13030240177430202,0.0,0.08,0.07999999775285499,0.07999999775285499,0
47,8,3.303316593170166,3.394151898986834,0.0,0.08211846646202751,20.476190476190474,0.08302638066003931,-0.02712692887873956,0.0,0.08,0.08211846646202751,0.08211846646202751,0
47,18,3.5922510623931885,3.394151898986834,0.056725121747723886,0.10261173547920335,20.704845814977972,0.09285386608535659,0.056725121747723886,0.056725121747723886,0.12538009739817912,0.10261173547920335,0.10261173547920335,0
47,0,3.037374496459961,3.394151898986834,0.0,0.07999999783397155,23.451327433628318,0.07999999690567364,-0.11106043084157799,0.0,0.08,0.07999999783397155,0.07999999783397155,0
47,12,3.389437198638916,3.394151898986834,0.0,0.0812400661929876,19.91869918699187,0.08177152313283942,-0.001390031449519198,0.0,0.08,0.0812400661929876,0.0812400661929876,0
48,7,3.3572378158569336,3.3792284602821505,0.0,0.07999999842699848,16.228070175438596,0.07999999775285499,-0.006528859960962559,0.0,0.08,0.07999999842699848,0.07999999842699848,0
48,19,2.9275331497192383,3.3792284602821505,0.0,0.07999999842699848,34.35897435897436,0.07999999775285499,-0.1434872768082178,0.0,0.08,0.07999999842699848,0.07999999842699848,0
48,13,3.2936532497406006,3.3792284602821505,0.0,0.08452807656637412,18.91891891891892,0.08646868080910589,-0.025650058189318446,0.0,0.08,0.08452807656637412,0.08452807656637412,0
48,0,3.1493401527404785,3.3792284602821505,0.0,0.07999999848378009,28.31858407079646,0.07999999783397155,-0.07045446145947047,0.0,0.08,0.07999999848378009,0.07999999848378009,0
48,14,3.117293357849121,3.3792284602821505,0.0,0.07999999842699848,26.31578947368421,0.07999999775285499,-0.08068230519698406,0.0,0.08,0.07999999842699848,0.07999999842699848,0
48,1,3.2677924633026123,3.3792284602821505,0.0,0.08174422759185371,17.982456140350877,0.08249175370264815,-0.033532747888780426,0.0,0.08,0.08174422759185371,0.08174422759185371,0
48,4,3.0446157455444336,3.3792284602821505,0.0,0.07999999842699848,22.727272727272727,0.07999999775285499,-0.10427271566473445,0.0,0.08,0.07999999842699848,0.07999999842699848,0
48,18,3.452388048171997,3.3792284602821505,0.021418762155439957,0.10096871775274793,17.621145374449338,0.10261173547920335,0.021418762155439957,0.021418762155439957,0.09713500972435196,0.10096871775274793,0.10096871775274793,0
48,9,3.2384755611419678,3.3792284602821505,0.0,0.07999999842699848,24.166666666666668,0.07999999775285499,-0.0425447038596431,0.0,0.08,0.07999999842699848,0.07999999842699848,0
48,10,3.268205165863037,3.3792284602821505,0.0,0.08214855716250134,21.256038647342994,0.08306936737500192,-0.033406461869988455,0.0,0.08,0.08214855716250134,0.08214855716250134,0
48,11,3.0385022163391113,3.3792284602821505,0.0,0.07999999842699848,27.49003984063745,0.07999999775285499,-0.10628271490584731,0.0,0.08,0.07999999842699848,0.07999999842699848,0
48,17,3.062431573867798,3.3792284602821505,0.0,0.07999999854876814,24.242424242424242,0.07999999792681164,-0.09843818454900881,0.0,0.08,0.07999999854876814,0.07999999854876814,0
48,15,3.190582036972046,3.3792284602821505,0.0,0.07999999849452269,22.64957264957265,0.07999999784931813,-0.05744406018995667,0.0,0.08,0.07999999849452269,0.07999999849452269,0
48,2,2.9302542209625244,3.3792284602821505,0.0,0.07999999860628859,27.184466019417474,0.07999999800898372,-0.14255823269735338,0.0,0.08,0.07999999860628859,0.07999999860628859,0
48,6,3.235903024673462,3.3792284602821505,0.0,0.07999999842699848,19.65811965811966,0.07999999775285499,-0.04333938602468645,0.0,0.08,0.07999999842699848,0.07999999842699848,0
48,3,3.098902463912964,3.3792284602821505,0.0,0.0800594892759224,24.229074889867842,0.08008498467988914,-0.08659941207811052,0.0,0.08,0.0800594892759224,0.0800594892759224,0
48,5,3.417478084564209,3.3792284602821505,0.011255459602947658,0.08359499023350667,19.069767441860463,0.08127668561257033,0.011255459602947658,0.011255459602947658,0.08900436768235813,0.08359499023350667,0.08359499023350667,0
48,16,3.1711504459381104,3.3792284602821505,0.0,0.08028523605350846,22.8,0.08040748007644066,-0.06355297830477658,0.0,0.08,0.08028523605350846,0.08028523605350846,0
48,8,3.2968099117279053,3.3792284602821505,0.0,0.08148292652341926,23.80952380952381,0.08211846646202751,-0.024692109668316996,0.0,0.08,0.08148292652341926,0.08148292652341926,0
48,12,3.278352975845337,3.3792284602821505,0.0,0.08086804633509131,19.10569105691057,0.0812400661929876,-0.03030626238825022,0.0,0.08,0.08086804633509131,0.08086804633509131,0
49,7,3.290648937225342,3.362629867336211,0.0,0.07999999889889893,20.17543859649123,0.07999999842699848,-0.021638575688988713,0.0,0.08,0.07999999889889893,0.07999999889889893,0
49,17,3.081658363342285,3.362629867336211,0.0,0.0799999989841377,21.21212121212121,0.07999999854876814,-0.08725548442628431,0.0,0.08,0.0799999989841377,0.0799999989841377,0
49,10,3.4379818439483643,3.362629867336211,0.02216125945094235,0.0868226922819771,25.603864734299517,0.08214855716250134,0.02216125945094235,0.02216125945094235,0.09772900756075388,0.0868226922819771,0.0868226922819771,0
49,9,3.1503446102142334,3.362629867336211,0.0,0.07999999889889893,24.166666666666668,0.07999999842699848,-0.06521151931606528,0.0,0.08,0.07999999889889893,0.07999999889889893,0
49,18,3.4726691246032715,3.362629867336211,0.032200131917290986,0.10240613408707339,16.740088105726873,0.10096871775274793,0.032200131917290986,0.032200131917290986,0.10576010553383279,0.10240613408707339,0.10240613408707339,0
49,15,3.082878351211548,3.362629867336211,0.0,0.07999999894616588,22.22222222222222,0.07999999849452269,-0.08685967596971308,0.0,0.08,0.07999999894616588,0.07999999894616588,0
49,0,3.2499403953552246,3.362629867336211,0.0,0.07999999893864607,25.221238938053098,0.07999999848378009,-0.034086710052374805,0.0,0.08,0.07999999893864607,0.07999999893864607,0
49,11,3.0273959636688232,3.362629867336211,0.0,0.07999999889889893,26.693227091633467,0.07999999842699848,-0.10502053403007228,0.0,0.08,0.07999999889889893,0.07999999889889893,0
49,1,3.216047763824463,3.362629867336211,0.0,0.0812209593142976,21.92982456140351,0.08174422759185371,-0.04457016316081752,0.0,0.08,0.0812209593142976,0.0812209593142976,0
49,2,2.9752273559570312,3.362629867336211,0.0,0.07999999902440201,28.640776699029125,0.07999999860628859,-0.12240290780303631,0.0,0.08,0.07999999902440201,0.07999999902440201,0
49,12,3.607649087905884,3.362629867336211,0.07033297138054725,0.09748754556589526,21.951219512195124,0.08086804633509131,0.07033297138054725,0.07033297138054725,0.1362663771044378,0.09748754556589526,0.09748754556589526,0
49,8,3.288142681121826,3.362629867336211,0.0,0.08103804856639349,20.476190476190474,0.08148292652341926,-0.02240049561670059,0.0,0.08,0.08103804856639349,0.08103804856639349,0
49,14,3.0277786254882812,3.362629867336211,0.0,0.07999999889889893,23.076923076923077,0.07999999842699848,-0.10489414235859564,0.0,0.08,0.07999999889889893,0.07999999889889893,0
49,3,3.2187368869781494,3.362629867336211,0.0,0.08004164249314567,19.383259911894275,0.0800594892759224,-0.04373435483223904,0.0,0.08,0.08004164249314567,0.08004164249314567,0
49,4,2.9902403354644775,3.362629867336211,0.0,0.07999999889889893,25.757575757575758,0.07999999842699848,-0.11736960214158798,0.0,0.08,0.07999999889889893,0.07999999889889893,0
49,13,3.3570616245269775,3.362629867336211,0.0,0.08316965359646189,17.56756756756757,0.08452807656637412,-0.001657291580688836,0.0,0.08,0.08316965359646189,0.08316965359646189,0
49,6,3.1288976669311523,3.362629867336211,0.0,0.07999999889889893,19.65811965811966,0.07999999842699848,-0.0720426067841643,0.0,0.08,0.07999999889889893,0.07999999889889893,0
49,16,3.3261945247650146,3.362629867336211,0.0,0.08019966523745592,24.4,0.08028523605350846,-0.01089450124627089,0.0,0.08,0.08019966523745592,0.08019966523745592,0
49,5,3.154085397720337,3.362629867336211,0.0,0.08251649316345466,22.790697674418606,0.08359499023350667,-0.0640248020621532,0.0,0.08,0.08251649316345466,0.08251649316345466,0
49,19,3.012028932571411,3.362629867336211,0.0,0.07999999889889893,33.333333333333336,0.07999999842699848,-0.11010945043318841,0.0,0.08,0.07999999889889893,0.07999999889889893,0
50,7,3.2688283920288086,3.34487353867983,0.0,0.07999999922922925,21.05263157894737,0.07999999889889893,-0.022997255912630896,0.0,0.08,0.07999999922922925,0.07999999922922925,0
50,13,3.2209017276763916,3.34487353867983,0.0,0.08221875751752332,22.07207207207207,0.08316965359646189,-0.037767526672077834,0.0,0.08,0.08221875751752332,0.08221875751752332,0
50,1,3.1641037464141846,3.34487353867983,0.0,0.08085467152000832,20.17543859649123,0.0812209593142976,-0.055559047614234205,0.0,0.08,0.08085467152000832,0.08085467152000832,0
50,3,3.2486534118652344,3.34487353867983,0.0,0.08002914974520198,22.026431718061673,0.08004164249314567,-0.029188311031622175,0.0,0.08,0.08002914974520198,0.08002914974520198,0
50,18,3.5177860260009766,3.34487353867983,0.05040293490169327,0.10778099823735775,21.58590308370044,0.10240613408707339,0.05040293490169327,0.05040293490169327,0.12032234792135463,0.10778099823735775,0.10778099823735775,0
50,12,3.314779043197632,3.34487353867983,0.0,0.09224128189612668,22.357723577235774,0.09748754556589526,-0.009037918982925403,0.0,0.08,0.09224128189612668,0.09224128189612668,0
50,16,3.337847948074341,3.34487353867983,0.0,0.08013976566621914,16.8,0.08019966523745592,-0.0021026143874842995,0.0,0.08,0.08013976566621914,0.08013976566621914,0
50,11,3.024902820587158,3.34487353867983,0.0,0.07999999922922925,31.872509960159363,0.07999999889889893,-0.10054992093345375,0.0,0.08,0.07999999922922925,0.07999999922922925,0
50,15,3.0637733936309814,3.34487353867983,0.0,0.07999999926231612,25.641025641025642,0.07999999894616588,-0.08778159506533405,0.0,0.08,0.07999999926231612,0.07999999926231612,0
50,14,3.0529086589813232,3.34487353867983,0.0,0.07999999922922925,24.291497975708502,0.07999999889889893,-0.09133409164663997,0.0,0.08,0.07999999922922925,0.07999999922922925,0
50,19,2.8384389877319336,3.34487353867983,0.0,0.07999999922922925,28.71794871794872,0.07999999889889893,-0.1641746374054226,0.0,0.08,0.07999999922922925,0.07999999922922925,0
50,0,3.2552242279052734,3.34487353867983,0.0,0.07999999925705224,23.451327433628318,0.07999999893864607,-0.02716772619920045,0.0,0.08,0.07999999925705224,0.07999999925705224,0
50,4,3.2987797260284424,3.34487353867983,0.0,0.07999999922922925,23.232323232323232,0.07999999889889893,-0.01387626665338698,0.0,0.08,0.07999999922922925,0.07999999922922925,0
50,17,3.0141079425811768,3.34487353867983,0.0,0.0799999992888964,22.22222222222222,0.0799999989841377,-0.10412497316999199,0.0,0.08,0.0799999992888964,0.0799999992888964,0
50,2,2.936762571334839,3.34487353867983,0.0,0.0799999993170814,28.155339805825243,0.07999999902440201,-0.13012107796628508,0.0,0.08,0.0799999993170814,0.0799999993170814,0
50,6,3.2102222442626953,3.34487353867983,0.0,0.07999999922922925,25.213675213675213,0.07999999889889893,-0.04108871694723869,0.0,0.08,0.07999999922922925,0.07999999922922925,0
50,8,3.1976234912872314,3.34487353867983,0.0,0.08072663399647544,19.047619047619047,0.08103804856639349,-0.045021011727908185,0.0,0.08,0.08072663399647544,0.08072663399647544,0
50,5,3.1937286853790283,3.34487353867983,0.0,0.08176154521441825,24.651162790697676,0.08251649316345466,-0.04623978555556552,0.0,0.08,0.08176154521441825,0.08176154521441825,0
50,10,3.324787139892578,3.34487353867983,0.0,0.08477588459738397,22.705314009661837,0.0868226922819771,-0.0060232327915203145,0.0,0.08,0.08477588459738397,0.08477588459738397,0
50,9,3.181945323944092,3.34487353867983,0.0,0.07999999922922925,19.583333333333332,0.07999999889889893,-0.049936139791090114,0.0,0.08,0.07999999922922925,0.07999999922922925,0
51,6,3.1704354286193848,3.330778471589343,0.0,0.07999999946046046,22.22222222222222,0.07999999922922925,-0.04933711412918554,0.0,0.08,0.07999999946046046,0.07999999946046046,0
51,0,2.920926332473755,3.330778471589343,0.0,0.07999999947993656,21.238938053097346,0.07999999925705224,-0.13130524838228883,0.0,0.08,0.07999999947993656,0.07999999947993656,0
51,8,3.095473051071167,3.330778471589343,0.0,0.08050864379753281,24.761904761904763,0.08072663399647544,-0.0732653135961141,0.0,0.08,0.08050864379753281,0.08050864379753281,0
51,10,3.4111216068267822,3.330778471589343,0.023835102178156823,0.08906354374092641,21.73913043478261,0.08477588459738397,0.023835102178156823,0.023835102178156823,0.09906808174252546,0.08906354374092641,0.08906354374092641,0
51,1,3.138709306716919,3.330778471589343,0.0,0.08059827006400583,22.80701754385965,0.08085467152000832,-0.05939438513933743,0.0,0.08,0.08059827006400583,0.08059827006400583,0
51,11,2.9354209899902344,3.330778471589343,0.0,0.07999999946046046,23.10756972111554,0.07999999922922925,-0.12635517070893265,0.0,0.08,0.07999999946046046,0.07999999946046046,0
51,15,2.9642860889434814,3.330778471589343,0.0,0.07999999948362127,22.64957264957265,0.07999999926231612,-0.11656982754008066,0.0,0.08,0.07999999948362127,0.07999999948362127,0
51,12,3.264970541000366,3.330778471589343,0.0,0.08856889732728868,19.91869918699187,0.09224128189612668,-0.019955311839540264,0.0,0.08,0.08856889732728868,0.08856889732728868,0
51,13,3.241941452026367,3.330778471589343,0.0,0.08155313026226632,18.91891891891892,0.08221875751752332,-0.027033687905115074,0.0,0.08,0.08155313026226632,0.08155313026226632,0
51,16,3.183361530303955,3.330778471589343,0.0,0.08009783596635339,23.2,0.08013976566621914,-0.045268328311792436,0.0,0.08,0.08009783596635339,0.08009783596635339,0
51,2,2.954815626144409,3.330778471589343,0.0,0.07999999952195698,32.03883495145631,0.0799999993170814,-0.11976979648950266,0.0,0.08,0.07999999952195698,0.07999999952195698,0
51,4,2.953935384750366,3.330778471589343,0.0,0.07999999946046046,25.757575757575758,0.07999999922922925,-0.1200677414853071,0.0,0.08,0.07999999946046046,0.07999999946046046,0
51,5,3.0360288619995117,3.330778471589343,0.0,0.08123308165009277,25.58139534883721,0.08176154521441825,-0.09265568555610532,0.0,0.08,0.08123308165009277,0.08123308165009277,0
51,9,2.924968957901001,3.330778471589343,0.0,0.07999999946046046,27.916666666666668,0.07999999922922925,-0.12992218356260618,0.0,0.08,0.07999999946046046,0.07999999946046046,0
51,17,2.979278326034546,3.330778471589343,0.0,0.07999999950222747,23.232323232323232,0.0799999992888964,-0.11152495285181872,0.0,0.08,0.07999999950222747,0.07999999950222747,0
51,7,3.207329750061035,3.330778471589343,0.0,0.07999999946046046,22.36842105263158,0.07999999922922925,-0.0377673144114607,0.0,0.08,0.07999999946046046,0.07999999946046046,0
51,19,2.854830741882324,3.330778471589343,0.0,0.07999999946046046,39.48717948717949,0.07999999922922925,-0.15419349487692768,0.0,0.08,0.07999999946046046,0.07999999946046046,0
51,14,3.1464900970458984,3.330778471589343,0.0,0.07999999946046046,27.530364372469634,0.07999999922922925,-0.05691847505943324,0.0,0.08,0.07999999946046046,0.07999999946046046,0
51,18,3.472613573074341,3.330778471589343,0.04170144949455714,0.10945504664484412,23.348017621145374,0.10778099823735775,0.04170144949455714,0.04170144949455714,0.11336115959564572,0.10945504664484412,0.10945504664484412,0
51,3,3.2658514976501465,3.330778471589343,0.0,0.08002040482164138,20.26431718061674,0.08002914974520198,-0.019685527531466306,0.0,0.08,0.08002040482164138,0.08002040482164138,0
52,17,3.052715539932251,3.309409742319813,0.0,0.07999999965155923,20.2020202020202,0.07999999950222747,-0.08073831218754798,0.0,0.08,0.07999999965155923,0.07999999965155923,0
52,14,3.0501139163970947,3.309409742319813,0.0,0.07999999962232232,27.93522267206478,0.07999999946046046,-0.08159090808682547,0.0,0.08,0.07999999962232232,0.07999999962232232,0
52,2,2.8650426864624023,3.309409742319813,0.0,0.07999999966536989,28.640776699029125,0.07999999952195698,-0.14418659809076745,0.0,0.08,0.07999999966536989,0.07999999966536989,0
52,4,3.1629228591918945,3.309409742319813,0.0,0.07999999962232232,28.282828282828284,0.07999999946046046,-0.0452732922323835,0.0,0.08,0.07999999962232232,0.07999999962232232,0
52,9,3.0135347843170166,3.309409742319813,0.0,0.07999999962232232,26.666666666666668,0.07999999946046046,-0.0936561109033114,0.0,0.08,0.07999999962232232,0.07999999962232232,0
52,6,2.9782447814941406,3.309409742319813,0.0,0.07999999962232232,24.786324786324787,0.07999999946046046,-0.10543572007758495,0.0,0.08,0.07999999962232232,0.07999999962232232,0
52,15,3.1616365909576416,3.309409742319813,0.0,0.07999999963853488,22.22222222222222,0.07999999948362127,-0.045680045701319394,0.0,0.08,0.07999999963853488,0.07999999963853488,0
52,16,3.173161268234253,3.309409742319813,0.0,0.08006848517644738,25.2,0.08009783596635339,-0.04204151130419215,0.0,0.08,0.08006848517644738,0.08006848517644738,0
52,19,3.05057430267334,3.309409742319813,0.0,0.07999999962232232,35.8974358974359,0.07999999946046046,-0.0814399787952184,0.0,0.08,0.07999999962232232,0.07999999962232232,0
52,0,3.1604676246643066,3.309409742319813,0.0,0.07999999963595558,22.123893805309734,0.07999999947993656,-0.04604984862233742,0.0,0.08,0.07999999963595558,0.07999999963595558,0
52,8,3.2890360355377197,3.309409742319813,0.0,0.08035605065827296,21.428571428571427,0.08050864379753281,-0.006175324357133643,0.0,0.08,0.08035605065827296,0.08035605065827296,0
52,11,3.003913164138794,3.309409742319813,0.0,0.07999999962232232,31.47410358565737,0.07999999946046046,-0.09685402085729417,0.0,0.08,0.07999999962232232,0.07999999962232232,0
52,10,3.4191653728485107,3.309409742319813,0.03262663026348453,0.09417487188188478,19.32367149758454,0.08906354374092641,0.03262663026348453,0.03262663026348453,0.10610130421078763,0.09417487188188478,0.09417487188188478,0
52,3,3.019003391265869,3.309409742319813,0.0,0.08001428337514896,28.634361233480178,0.08002040482164138,-0.09184307358152652,0.0,0.08,0.08001428337514896,0.08001428337514896,0
52,18,3.4041619300842285,3.309409742319813,0.0282289321216753,0.10739347636059295,22.026431718061673,0.10945504664484412,0.0282289321216753,0.0282289321216753,0.10258314569734024,0.10739347636059295,0.10739347636059295,0
52,13,3.213338851928711,3.309409742319813,0.0,0.08108719118358643,21.62162162162162,0.08155313026226632,-0.029459310455524912,0.0,0.08,0.08108719118358643,0.08108719118358643,0
52,5,3.059662342071533,3.309409742319813,0.0,0.08086315715506494,24.186046511627907,0.08123308165009277,-0.07846528350979405,0.0,0.08,0.08086315715506494,0.08086315715506494,0
52,12,3.3211071491241455,3.309409742319813,0.003528358074022397,0.08684503406686744,23.577235772357724,0.08856889732728868,0.003528358074022397,0.003528358074022397,0.08282268645921792,0.08684503406686744,0.08684503406686744,0
52,7,3.2040224075317383,3.309409742319813,0.0,0.07999999962232232,20.17543859649123,0.07999999946046046,-0.03236282501123502,0.0,0.08,0.07999999962232232,0.07999999962232232,0
52,1,3.408235788345337,3.309409742319813,0.02942494530327425,0.08748077591758989,21.05263157894737,0.08059827006400583,0.02942494530327425,0.02942494530327425,0.1035399562426194,0.08748077591758989,0.08748077591758989,0
53,17,3.0415639877319336,3.294573978868929,0.0,0.07999999975609146,23.232323232323232,0.07999999965155923,-0.07990501335898847,0.0,0.08,0.07999999975609146,0.07999999975609146,0
53,5,2.9988815784454346,3.294573978868929,0.0,0.08060421000854545,23.25581395348837,0.08086315715506494,-0.09403745411146983,0.0,0.08,0.08060421000854545,0.08060421000854545,0
53,8,3.229734182357788,3.294573978868929,0.0,0.08024923546079107,19.523809523809526,0.08035605065827296,-0.019877028958829136,0.0,0.08,0.08024923546079107,0.08024923546079107,0
53,14,3.033003330230713,3.294573978868929,0.0,0.07999999973562562,21.45748987854251,0.07999999962232232,-0.08272353941760656,0.0,0.08,0.07999999973562562,0.07999999973562562,0
53,1,3.161470651626587,3.294573978868929,0.0,0.08523654314231291,21.05263157894737,0.08748077591758989,-0.0412395508363262,0.0,0.08,0.08523654314231291,0.08523654314231291,0
53,4,3.073457717895508,3.294573978868929,0.0,0.07999999973562562,23.232323232323232,0.07999999962232232,-0.06947364588407255,0.0,0.08,0.07999999973562562,0.07999999973562562,0
53,16,3.1472091674804688,3.294573978868929,0.0,0.08004793962351317,25.6,0.08006848517644738,-0.045760784693087746,0.0,0.08,0.08004793962351317,0.08004793962351317,0
53,15,2.92140531539917,3.294573978868929,0.0,0.07999999974697442,22.22222222222222,0.07999999963853488,-0.12021209309366503,0.0,0.08,0.07999999974697442,0.07999999974697442,0
53,12,3.3256735801696777,3.294573978868929,0.009395367680800768,0.0870464120901994,22.764227642276424,0.08684503406686744,0.009395367680800768,0.009395367680800768,0.08751629414464061,0.0870464120901994,0.0870464120901994,0
53,19,2.9285881519317627,3.294573978868929,0.0,0.07999999973562562,37.43589743589744,0.07999999962232232,-0.11775641851634266,0.0,0.08,0.07999999973562562,0.07999999973562562,0
53,18,3.277754068374634,3.294573978868929,0.0,0.09917543345241506,22.90748898678414,0.10739347636059295,-0.005118413762393088,0.0,0.08,0.09917543345241506,0.09917543345241506,0
53,13,3.2759933471679688,3.294573978868929,0.0,0.08076103382851049,17.117117117117118,0.08108719118358643,-0.005655731157164088,0.0,0.08,0.08076103382851049,0.08076103382851049,0
53,9,3.079939126968384,3.294573978868929,0.0,0.07999999973562562,21.666666666666668,0.07999999962232232,-0.06736703335373931,0.0,0.08,0.07999999973562562,0.07999999973562562,0
53,0,3.072477102279663,3.294573978868929,0.0,0.0799999997451689,23.451327433628318,0.07999999963595558,-0.06979275620647817,0.0,0.08,0.0799999997451689,0.0799999997451689,0
53,7,3.074445962905884,3.294573978868929,0.0,0.07999999973562562,25.43859649122807,0.07999999962232232,-0.06915215580648429,0.0,0.08,0.07999999973562562,0.07999999973562562,0
53,3,2.969338893890381,3.294573978868929,0.0,0.08000999836260426,25.550660792951543,0.08001428337514896,-0.10393753266463418,0.0,0.08,0.08000999836260426,0.08000999836260426,0
53,10,3.374004602432251,3.294573978868929,0.023823481755061503,0.09564004593853409,18.840579710144926,0.09417487188188478,0.023823481755061503,0.023823481755061503,0.09905878540404921,0.09564004593853409,0.09564004593853409,0
53,11,2.912628650665283,3.294573978868929,0.0,0.07999999973562562,31.07569721115538,0.07999999962232232,-0.12322087616758887,0.0,0.08,0.07999999973562562,0.07999999973562562,0
53,2,2.816574811935425,3.294573978868929,0.0,0.07999999976575892,32.03883495145631,0.07999999966536989,-0.15675532484698299,0.0,0.08,0.07999999976575892,0.07999999976575892,0
53,6,2.9775142669677734,3.294573978868929,0.0,0.07999999973562562,27.35042735042735,0.07999999962232232,-0.10118805223221035,0.0,0.08,0.07999999973562562,0.07999999973562562,0
54,11,2.9451568126678467,3.2724133219907947,0.0,0.07999999981493794,29.8804780876494,0.07999999973562562,-0.10536566855313274,0.0,0.08,0.07999999981493794,0.07999999981493794,0
54,5,3.082343339920044,3.2724133219907947,0.0,0.08042294700598182,29.302325581395348,0.08060421000854545,-0.05983759912159031,0.0,0.08,0.08042294700598182,0.08042294700598182,0
54,4,3.2109341621398926,3.2724133219907947,0.0,0.07999999981493794,33.333333333333336,0.07999999973562562,-0.018965820558141163,0.0,0.08,0.07999999981493794,0.07999999981493794,0
54,9,3.019484519958496,3.2724133219907947,0.0,0.07999999981493794,22.916666666666668,0.07999999973562562,-0.08044160334621467,0.0,0.08,0.07999999981493794,0.07999999981493794,0
54,7,3.161095142364502,3.2724133219907947,0.0,0.07999999981493794,25.87719298245614,0.07999999973562562,-0.03460919995813286,0.0,0.08,0.07999999981493794,0.07999999981493794,0
54,3,3.130518674850464,3.2724133219907947,0.0,0.08000699885382298,29.07488986784141,0.08000999836260426,-0.04432902988762331,0.0,0.08,0.08000699885382298,0.08000699885382298,0
54,17,3.0056424140930176,3.2724133219907947,0.0,0.079999999829264,22.727272727272727,0.07999999975609146,-0.08503640452605327,0.0,0.08,0.079999999829264,0.079999999829264,0
54,6,3.176347494125366,3.2724133219907947,0.0,0.07999999981493794,27.35042735042735,0.07999999973562562,-0.029795781664333738,0.0,0.08,0.07999999981493794,0.07999999981493794,0
54,16,3.0724356174468994,3.2724133219907947,0.0,0.08003355773645922,25.6,0.08004793962351317,-0.06305712367889822,0.0,0.08,0.08003355773645922,0.08003355773645922,0
54,8,3.270829200744629,3.2724133219907947,0.0,0.08017446482255375,20.476190476190474,0.08024923546079107,-0.00048420069003082036,0.0,0.08,0.08017446482255375,0.08017446482255375,0
54,10,3.4224939346313477,3.2724133219907947,0.04484177417623913,0.10171005795927124,25.603864734299517,0.09564004593853409,0.04484177417623913,0.04484177417623913,0.1158734193409913,0.10171005795927124,0.10171005795927124,0
54,13,2.9906461238861084,3.2724133219907947,0.0,0.08053272367995734,24.774774774774773,0.08076103382851049,-0.09003827237397684,0.0,0.08,0.08053272367995734,0.08053272367995734,0
54,18,3.2750630378723145,3.2724133219907947,0.000809385440265989,0.09361705592235436,21.58590308370044,0.09917543345241506,0.000809385440265989,0.000809385440265989,0.0806475083522128,0.09361705592235436,0.09361705592235436,0
54,12,3.2988131046295166,3.2724133219907947,0.008035006824613028,0.0868608901010467,26.422764227642276,0.0870464120901994,0.008035006824613028,0.008035006824613028,0.08642800545969043,0.0868608901010467,0.0868608901010467,0
54,1,3.197323799133301,3.2724133219907947,0.0,0.08366558019961903,25.0,0.08523654314231291,-0.02321358446254059,0.0,0.08,0.08366558019961903,0.08366558019961903,0
54,15,2.9175055027008057,3.2724133219907947,0.0,0.07999999982288208,22.22222222222222,0.07999999974697442,-0.11479876001459711,0.0,0.08,0.07999999982288208,0.07999999982288208,0
54,2,2.6963753700256348,3.2724133219907947,0.0,0.07999999983603123,25.24271844660194,0.07999999976575892,-0.19361931544817484,0.0,0.08,0.07999999983603123,0.07999999983603123,0
54,19,2.691845178604126,3.2724133219907947,0.0,0.07999999981493794,32.82051282051282,0.07999999973562562,-0.19530083253947952,0.0,0.08,0.07999999981493794,0.07999999981493794,0
54,0,2.939188003540039,3.2724133219907947,0.0,0.07999999982161823,24.336283185840706,0.0799999997451689,-0.10739437738685428,0.0,0.08,0.07999999982161823,0.07999999982161823,0
54,14,3.041598320007324,3.2724133219907947,0.0,0.07999999981493794,21.45748987854251,0.07999999973562562,-0.07314459101921311,0.0,0.08,0.07999999981493794,0.07999999981493794,0
55,4,2.99874210357666,3.2529109376600625,0.0,0.07999999987045656,27.77777777777778,0.07999999981493794,-0.08135736640142968,0.0,0.08,0.07999999987045656,0.07999999987045656,0
55,1,3.162747383117676,3.2529109376600625,0.0,0.08256590613973332,24.12280701754386,0.08366558019961903,-0.028109193599322048,0.0,0.08,0.08256590613973332,0.08256590613973332,0
55,12,3.2035348415374756,3.2529109376600625,0.0,0.08480262307073269,26.422764227642276,0.0868608901010467,-0.015295430422075377,0.0,0.08,0.08480262307073269,0.08480262307073269,0
55,19,2.717816114425659,3.2529109376600625,0.0,0.07999999987045656,34.35897435897436,0.07999999981493794,-0.1797216092831702,0.0,0.08,0.07999999987045656,0.07999999987045656,0
55,16,3.2300498485565186,3.2529109376600625,0.0,0.08002349041552145,24.4,0.08003355773645922,-0.00705269846512616,0.0,0.08,0.08002349041552145,0.08002349041552145,0
55,18,3.4988067150115967,3.2529109376600625,0.07287170298643737,0.10702114786239303,25.550660792951543,0.09361705592235436,0.07287170298643737,0.07287170298643737,0.1382973623891499,0.10702114786239303,0.10702114786239303,0
55,15,3.0575661659240723,3.2529109376600625,0.0,0.07999999987601746,22.64957264957265,0.07999999982288208,-0.06193103951937642,0.0,0.08,0.07999999987601746,0.07999999987601746,0
55,6,2.984734535217285,3.2529109376600625,0.0,0.07999999987045656,20.512820512820515,0.07999999981493794,-0.08603945835151816,0.0,0.08,0.07999999987045656,0.07999999987045656,0
55,2,2.8296658992767334,3.2529109376600625,0.0,0.07999999988522186,32.03883495145631,0.07999999983603123,-0.13939162023895865,0.0,0.08,0.07999999988522186,0.07999999988522186,0
55,9,3.187831163406372,3.2529109376600625,0.0,0.07999999987045656,22.083333333333332,0.07999999981493794,-0.020209469039342617,0.0,0.08,0.07999999987045656,0.07999999987045656,0
55,17,2.9734973907470703,3.2529109376600625,0.0,0.0799999998804848,25.757575757575758,0.079999999829264,-0.08981143564124262,0.0,0.08,0.0799999998804848,0.0799999998804848,0
55,10,3.2583117485046387,3.2529109376600625,0.0016589240844308852,0.09559518235175327,24.154589371980677,0.10171005795927124,0.0016589240844308852,0.0016589240844308852,0.08132713926754472,0.09559518235175327,0.09559518235175327,0
55,5,3.0006747245788574,3.2529109376600625,0.0,0.08029606290418727,26.046511627906977,0.08042294700598182,-0.08071309676057564,0.0,0.08,0.08029606290418727,0.08029606290418727,0
55,11,2.9375007152557373,3.2529109376600625,0.0,0.07999999987045656,30.677290836653388,0.07999999981493794,-0.10199114530034856,0.0,0.08,0.07999999987045656,0.07999999987045656,0
55,0,3.1381044387817383,3.2529109376600625,0.0,0.07999999987513276,26.548672566371682,0.07999999982161823,-0.03593133276530549,0.0,0.08,0.07999999987513276,0.07999999987513276,0
55,7,3.2163503170013428,3.2529109376600625,0.0,0.07999999987045656,20.614035087719298,0.07999999981493794,-0.011302993756869257,0.0,0.08,0.07999999987045656,0.07999999987045656,0
55,14,2.9502182006835938,3.2529109376600625,0.0,0.07999999987045656,27.93522267206478,0.07999999981493794,-0.09767113432681016,0.0,0.08,0.07999999987045656,0.07999999987045656,0
55,8,2.9857709407806396,3.2529109376600625,0.0,0.08012212537578761,27.61904761904762,0.08017446482255375,-0.08569228320044968,0.0,0.08,0.08012212537578761,0.08012212537578761,0
55,13,3.0294203758239746,3.2529109376600625,0.0,0.08037290657597013,22.52252252252252,0.08053272367995734,-0.07117896225076835,0.0,0.08,0.08037290657597013,0.08037290657597013,0
55,3,2.996211051940918,3.2529109376600625,0.0,0.08000489919767609,25.991189427312776,0.08000699885382298,-0.08220176058167625,0.0,0.08,0.08000489919767609,0.08000489919767609,0
56,18,3.2484312057495117,3.229124598914198,0.0059610953665294114,0.10034546639164219,20.704845814977972,0.10702114786239303,0.0059610953665294114,0.0059610953665294114,0.08476887629322354,0.10034546639164219,0.10034546639164219,0
56,2,2.7704505920410156,3.229124598914198,0.0,0.0799999999196553,34.95145631067961,0.07999999988522186,-0.15320110240375995,0.0,0.08,0.0799999999196553,0.0799999999196553,0
56,11,2.911722183227539,3.229124598914198,0.0,0.07999999990931958,27.09163346613546,0.07999999987045656,-0.10346635648414047,0.0,0.08,0.07999999990931958,0.07999999990931958,0
56,3,3.130760431289673,3.229124598914198,0.0,0.08000342943837326,26.87224669603524,0.08000489919767609,-0.030935154057691292,0.0,0.08,0.08000342943837326,0.08000342943837326,0
56,16,3.0275888442993164,3.229124598914198,0.0,0.08001644329086502,16.8,0.08002349041552145,-0.06444453650919402,0.0,0.08,0.08001644329086502,0.08001644329086502,0
56,10,3.409719228744507,3.229124598914198,0.0544188716364195,0.10397715683896797,21.73913043478261,0.09559518235175327,0.0544188716364195,0.0544188716364195,0.1235350973091356,0.10397715683896797,0.10397715683896797,0
56,17,3.061380624771118,3.229124598914198,0.0,0.07999999991633935,22.22222222222222,0.0799999998804848,-0.05334507954692659,0.0,0.08,0.07999999991633935,0.07999999991633935,0
56,19,2.646589517593384,3.229124598914198,0.0,0.07999999990931958,31.794871794871796,0.07999999987045656,-0.19893924116967365,0.0,0.08,0.07999999990931958,0.07999999990931958,0
56,4,3.027829885482788,3.229124598914198,0.0,0.07999999990931958,25.252525252525253,0.07999999987045656,-0.0643649247784255,0.0,0.08,0.07999999990931958,0.07999999990931958,0
56,0,2.9220192432403564,3.229124598914198,0.0,0.07999999991259293,27.876106194690266,0.07999999987513276,-0.09993617922108188,0.0,0.08,0.07999999991259293,0.07999999991259293,0
56,6,3.0374979972839355,3.229124598914198,0.0,0.07999999990931958,29.05982905982906,0.07999999987045656,-0.06117692896204871,0.0,0.08,0.07999999990931958,0.07999999990931958,0
56,15,3.2531137466430664,3.229124598914198,0.007401535053734635,0.08177636832610853,23.931623931623932,0.07999999987601746,0.007401535053734635,0.007401535053734635,0.08592122804298771,0.08177636832610853,0.08177636832610853,0
56,1,3.061070680618286,3.229124598914198,0.0,0.08179613429781332,23.68421052631579,0.08256590613973332,-0.05344632793147854,0.0,0.08,0.08179613429781332,0.08179613429781332,0
56,8,3.0885279178619385,3.229124598914198,0.0,0.08008548776305133,28.095238095238095,0.08012212537578761,-0.044516502944755496,0.0,0.08,0.08008548776305133,0.08008548776305133,0
56,5,3.0489232540130615,3.229124598914198,0.0,0.08020724403293109,25.58139534883721,0.08029606290418727,-0.05742258149253052,0.0,0.08,0.08020724403293109,0.08020724403293109,0
56,12,3.244462013244629,3.229124598914198,0.00473846845639325,0.08449906857904727,19.10569105691057,0.08480262307073269,0.00473846845639325,0.00473846845639325,0.0837907747651146,0.08449906857904727,0.08449906857904727,0
56,9,2.9773075580596924,3.229124598914198,0.0,0.07999999990931958,25.416666666666668,0.07999999987045656,-0.08119169012681335,0.0,0.08,0.07999999990931958,0.07999999990931958,0
56,13,3.4246299266815186,3.229124598914198,0.05878233660209908,0.09436879538768286,25.675675675675677,0.08037290657597013,0.05878233660209908,0.05878233660209908,0.12702586928167928,0.09436879538768286,0.09436879538768286,0
56,7,3.201979875564575,3.229124598914198,0.0,0.07999999990931958,17.54385964912281,0.07999999987045656,-0.00844174887042117,0.0,0.08,0.07999999990931958,0.07999999990931958,0
56,14,2.919595241546631,3.229124598914198,0.0,0.07999999990931958,29.149797570850204,0.07999999987045656,-0.1007660874017283,0.0,0.08,0.07999999990931958,0.07999999990931958,0
57,16,2.962470293045044,3.2117118357543455,0.0,0.08001151030360551,29.2,0.08001644329086502,-0.08078059815517696,0.0,0.08,0.08001151030360551,0.08001151030360551,0
57,15,3.1238410472869873,3.2117118357543455,0.0,0.08124345782827597,29.487179487179485,0.08177636832610853,-0.02774072754358522,0.0,0.08,0.08124345782827597,0.08124345782827597,0
57,8,3.1205272674560547,3.2117118357543455,0.0,0.08005984143413593,21.428571428571427,0.08008548776305133,-0.02880209355031986,0.0,0.08,0.08005984143413593,0.08005984143413593,0
57,14,2.8897056579589844,3.2117118357543455,0.0,0.07999999993652371,23.481781376518217,0.07999999990931958,-0.10564942833669452,0.0,0.08,0.07999999993652371,0.07999999993652371,0
57,17,2.969998836517334,3.2117118357543455,0.0,0.07999999994143754,24.747474747474747,0.07999999991633935,-0.07824251584105946,0.0,0.08,0.07999999994143754,0.07999999994143754,0
57,19,2.819612979888916,3.2117118357543455,0.0,0.07999999993652371,43.58974358974359,0.07999999990931958,-0.13020444237355688,0.0,0.08,0.07999999993652371,0.07999999993652371,0
57,2,2.8020541667938232,3.2117118357543455,0.0,0.0799999999437587,29.611650485436893,0.0799999999196553,-0.13645129750550355,0.0,0.08,0.0799999999437587,0.0799999999437587,0
57,3,2.8901591300964355,3.2117118357543455,0.0,0.08000240060686128,21.58590308370044,0.08000342943837326,-0.10549251389200039,0.0,0.08,0.08000240060686128,0.08000240060686128,0
57,0,2.998774528503418,3.2117118357543455,0.0,0.07999999993881504,19.469026548672566,0.07999999991259293,-0.06860036222861729,0.0,0.08,0.07999999993881504,0.07999999993881504,0
57,4,2.9604125022888184,3.2117118357543455,0.0,0.07999999993652371,23.232323232323232,0.07999999990931958,-0.08147545939190294,0.0,0.08,0.07999999993652371,0.07999999993652371,0
57,18,3.24859356880188,3.2117118357543455,0.011418077418886475,0.09698216505468227,22.026431718061673,0.10034546639164219,0.011418077418886475,0.011418077418886475,0.08913446193510918,0.09698216505468227,0.09698216505468227,0
57,6,2.894160747528076,3.2117118357543455,0.0,0.07999999993652371,25.641025641025642,0.07999999990931958,-0.1041089050526392,0.0,0.08,0.07999999993652371,0.07999999993652371,0
57,1,2.942723512649536,3.2117118357543455,0.0,0.08125729400846932,24.12280701754386,0.08179613429781332,-0.08746855949311784,0.0,0.08,0.08125729400846932,0.08125729400846932,0
57,12,3.1614112854003906,3.2117118357543455,0.0,0.08314934800533308,22.764227642276424,0.08449906857904727,-0.015785539911955693,0.0,0.08,0.08314934800533308,0.08314934800533308,0
57,7,3.134465456008911,3.2117118357543455,0.0,0.07999999993652371,27.63157894736842,0.07999999990931958,-0.02434542599069612,0.0,0.08,0.07999999993652371,0.07999999993652371,0
57,5,3.1537368297576904,3.2117118357543455,0.0,0.08014507082305175,27.906976744186046,0.08020724403293109,-0.01821603220014513,0.0,0.08,0.08014507082305175,0.08014507082305175,0
57,11,2.867129325866699,3.2117118357543455,0.0,0.07999999993652371,31.07569721115538,0.07999999990931958,-0.11349278247663913,0.0,0.08,0.07999999993652371,0.07999999993652371,0
57,9,2.829782009124756,3.2117118357543455,0.0,0.07999999993652371,25.833333333333332,0.07999999990931958,-0.12660439663328088,0.0,0.08,0.07999999993652371,0.07999999993652371,0
57,13,3.253321409225464,3.2117118357543455,0.012872369349274992,0.09314752541520399,22.972972972972972,0.09436879538768286,0.012872369349274992,0.012872369349274992,0.09029789547941999,0.09314752541520399,0.09314752541520399,0
57,10,3.152343273162842,3.2117118357543455,0.0,0.09678400978727758,23.67149758454106,0.10397715683896797,-0.01865800457929974,0.0,0.08,0.09678400978727758,0.09678400978727758,0
58,19,2.5371291637420654,3.1871641086570297,0.0,0.07999999995556659,31.794871794871796,0.07999999993652371,-0.2280983351314135,0.0,0.08,0.07999999995556659,0.07999999995556659,0
58,12,3.2071406841278076,3.1871641086570297,0.00624826030267207,0.08370412607637445,22.357723577235774,0.08314934800533308,0.00624826030267207,0.00624826030267207,0.08499860824213766,0.08370412607637445,0.08370412607637445,0
58,1,3.0551929473876953,3.1871641086570297,0.0,0.08088010580592853,22.80701754385965,0.08125729400846932,-0.04228877858994263,0.0,0.08,0.08088010580592853,0.08088010580592853,0
58,17,2.835613250732422,3.1871641086570297,0.0,0.07999999995900628,24.747474747474747,0.07999999994143754,-0.1168732988882081,0.0,0.08,0.07999999995900628,0.07999999995900628,0
58,3,3.143220901489258,3.1871641086570297,0.0,0.08000168042480289,27.312775330396477,0.08000240060686128,-0.01388348822340561,0.0,0.08,0.08000168042480289,0.08000168042480289,0
58,16,3.0044050216674805,3.1871641086570297,0.0,0.08000805721252385,28.8,0.08001151030360551,-0.059051974798799714,0.0,0.08,0.08000805721252385,0.08000805721252385,0
58,0,3.0799291133880615,3.1871641086570297,0.0,0.07999999995717053,28.31858407079646,0.07999999993881504,-0.034224945559574116,0.0,0.08,0.07999999995717053,0.07999999995717053,0
58,5,2.9419589042663574,3.1871641086570297,0.0,0.08010154957613622,26.046511627906977,0.08014507082305175,-0.08005587355072726,0.0,0.08,0.08010154957613622,0.08010154957613622,0
58,9,2.963008165359497,3.1871641086570297,0.0,0.07999999995556659,26.25,0.07999999993652371,-0.07292650265632403,0.0,0.08,0.07999999995556659,0.07999999995556659,0
58,8,3.1595547199249268,3.1871641086570297,0.0,0.08004188900389514,21.428571428571427,0.08005984143413593,-0.008700420974571743,0.0,0.08,0.08004188900389514,0.08004188900389514,0
58,2,2.7905070781707764,3.1871641086570297,0.0,0.07999999996063109,33.00970873786408,0.0799999999437587,-0.13290819904237566,0.0,0.08,0.07999999996063109,0.07999999996063109,0
58,15,2.987308979034424,3.1871641086570297,0.0,0.08087042047979318,26.495726495726494,0.08124345782827597,-0.06475855190457618,0.0,0.08,0.08087042047979318,0.08087042047979318,0
58,7,3.203641414642334,3.1871641086570297,0.00515657764424709,0.08123757859018589,23.68421052631579,0.07999999993652371,0.00515657764424709,0.00515657764424709,0.08412526211539767,0.08123757859018589,0.08123757859018589,0
58,10,3.3988938331604004,3.1871641086570297,0.06431850804726842,0.10718524878243872,19.806763285024154,0.09678400978727758,0.06431850804726842,0.06431850804726842,0.13145480643781474,0.10718524878243872,0.10718524878243872,0
58,11,2.923879384994507,3.1871641086570297,0.0,0.07999999995556659,34.26294820717131,0.07999999993652371,-0.08622023593832433,0.0,0.08,0.07999999995556659,0.07999999995556659,0
58,6,3.114443063735962,3.1871641086570297,0.0,0.07999999995556659,26.068376068376068,0.07999999993652371,-0.023081182666225372,0.0,0.08,0.07999999995556659,0.07999999995556659,0
58,14,2.857379913330078,3.1871641086570297,0.0,0.07999999995556659,29.959514170040485,0.07999999993652371,-0.10922643617116433,0.0,0.08,0.07999999995556659,0.07999999995556659,0
58,18,3.3710899353027344,3.1871641086570297,0.0561045875859559,0.105352616558907,19.823788546255507,0.09698216505468227,0.0561045875859559,0.0561045875859559,0.12488367006876472,0.105352616558907,0.105352616558907,0
58,4,2.94736385345459,3.1871641086570297,0.0,0.07999999995556659,26.767676767676768,0.07999999993652371,-0.07822036515368047,0.0,0.08,0.07999999995556659,0.07999999995556659,0
58,13,3.1197431087493896,3.1871641086570297,0.0,0.0892032677906428,22.52252252252252,0.09314752541520399,-0.021380865695673615,0.0,0.08,0.0892032677906428,0.0892032677906428,0
59,10,3.1990888118743896,3.1714275962440857,0.008684190608971952,0.10111387989386036,20.77294685990338,0.10718524878243872,0.008684190608971952,0.008684190608971952,0.08694735248717757,0.10111387989386036,0.10111387989386036,0
59,2,2.66668438911438,3.1714275962440857,0.0,0.07999999997244175,33.980582524271846,0.07999999996063109,-0.17334593282791388,0.0,0.08,0.07999999997244175,0.07999999997244175,0
59,1,3.0926811695098877,3.1714275962440857,0.0,0.08061607406414997,25.43859649122807,0.08088010580592853,-0.025143425171738773,0.0,0.08,0.08061607406414997,0.08061607406414997,0
59,17,2.9404773712158203,3.1714275962440857,0.0,0.07999999997130439,27.77777777777778,0.07999999995900628,-0.0756098927529518,0.0,0.08,0.07999999997130439,0.07999999997130439,0
59,7,3.2437050342559814,3.1714275962440857,0.02253437316169118,0.086274554571936,26.75438596491228,0.08123757859018589,0.02253437316169118,0.02253437316169118,0.09802749852935294,0.086274554571936,0.086274554571936,0
59,19,2.7013742923736572,3.1714275962440857,0.0,0.0799999999688966,41.53846153846154,0.07999999995556659,-0.16042119109301461,0.0,0.08,0.0799999999688966,0.0799999999688966,0
59,14,2.9152793884277344,3.1714275962440857,0.0,0.0799999999688966,27.93522267206478,0.07999999995556659,-0.08421617175891061,0.0,0.08,0.0799999999688966,0.0799999999688966,0
59,6,3.0967907905578613,3.1714275962440857,0.0,0.0799999999688966,22.64957264957265,0.07999999995556659,-0.023815485836970126,0.0,0.08,0.0799999999688966,0.0799999999688966,0
59,3,2.9932496547698975,3.1714275962440857,0.0,0.08000117629736203,28.19383259911894,0.08000168042480289,-0.057822193865971046,0.0,0.08,0.08000117629736203,0.08000117629736203,0
59,15,3.1222083568573,3.1714275962440857,0.0,0.08060929433585522,21.794871794871796,0.08087042047979318,-0.01564127415315251,0.0,0.08,0.08060929433585522,0.08060929433585522,0
59,18,3.2979671955108643,3.1714275962440857,0.039124444852047996,0.10713669835572641,25.550660792951543,0.105352616558907,0.039124444852047996,0.039124444852047996,0.1112995558816384,0.10713669835572641,0.10713669835572641,0
59,8,3.1185808181762695,3.1714275962440857,0.0,0.0800293223027266,20.0,0.08004188900389514,-0.01680379990949702,0.0,0.08,0.0800293223027266,0.0800293223027266,0
59,16,3.164724349975586,3.1714275962440857,0.0,0.0800056400487667,22.8,0.08000805721252385,-0.002115873736950377,0.0,0.08,0.0800056400487667,0.0800056400487667,0
59,13,3.1447629928588867,3.1714275962440857,0.0,0.08644228745344995,22.07207207207207,0.0892032677906428,-0.00844330497411212,0.0,0.08,0.08644228745344995,0.08644228745344995,0
59,4,3.0901355743408203,3.1714275962440857,0.0,0.0799999999688966,29.292929292929294,0.07999999995556659,-0.025966867110949636,0.0,0.08,0.0799999999688966,0.0799999999688966,0
59,12,2.956373453140259,3.1714275962440857,0.0,0.08259288825346212,20.32520325203252,0.08370412607637445,-0.07021849966927668,0.0,0.08,0.08259288825346212,0.08259288825346212,0
59,0,2.9044954776763916,3.1714275962440857,0.0,0.07999999997001936,22.56637168141593,0.07999999995717053,-0.08792213059913724,0.0,0.08,0.07999999997001936,0.07999999997001936,0
59,5,3.0220491886138916,3.1714275962440857,0.0,0.08007108470329535,28.372093023255815,0.08010154957613622,-0.048246691617200306,0.0,0.08,0.08007108470329535,0.08007108470329535,0
59,9,3.0239691734313965,3.1714275962440857,0.0,0.0799999999688966,24.166666666666668,0.07999999995556659,-0.047611567884282974,0.0,0.08,0.0799999999688966,0.0799999999688966,0
59,11,2.7410695552825928,3.1714275962440857,0.0,0.0799999999688966,25.89641434262948,0.07999999995556659,-0.1458336389601632,0.0,0.08,0.0799999999688966,0.0799999999688966,0
60,18,3.3401412963867188,3.159990074008288,0.05544422377325669,0.11230230255459009,23.788546255506606,0.10713669835572641,0.05544422377325669,0.05544422377325669,0.12435537901860536,0.11230230255459009,0.11230230255459009,0
60,10,3.3591983318328857,3.159990074008288,0.06113346714624229,0.10945174804080039,20.77294685990338,0.10111387989386036,0.06113346714624229,0.06113346714624229,0.12890677371699383,0.10945174804080039,0.10945174804080039,0
60,7,2.9903483390808105,3.159990074008288,0.0,0.0843921882003552,22.36842105263158,0.086274554571936,-0.055179004296086846,0.0,0.08,0.0843921882003552,0.0843921882003552,0
60,2,2.654496908187866,3.159990074008288,0.0,0.07999999998070922,32.52427184466019,0.07999999997244175,-0.1743137375574268,0.0,0.08,0.07999999998070922,0.07999999998070922,0
60,11,2.994103193283081,3.159990074008288,0.0,0.07999999997822763,32.27091633466136,0.0799999999688966,-0.0539241341840487,0.0,0.08,0.07999999997822763,0.07999999997822763,0
60,4,2.890881061553955,3.159990074008288,0.0,0.07999999997822763,27.77777777777778,0.0799999999688966,-0.08900756491080984,0.0,0.08,0.07999999997822763,0.07999999997822763,0
60,16,2.9665119647979736,3.159990074008288,0.0,0.08000394803413668,28.8,0.0800056400487667,-0.0631820462378883,0.0,0.08,0.08000394803413668,0.08000394803413668,0
60,6,3.1051180362701416,3.159990074008288,0.0,0.07999999997822763,23.076923076923077,0.0799999999688966,-0.0175171568366361,0.0,0.08,0.07999999997822763,0.07999999997822763,0
60,12,2.9649176597595215,3.159990074008288,0.0,0.08181502177742347,25.609756097560975,0.08259288825346212,-0.06371962492376547,0.0,0.08,0.08181502177742347,0.08181502177742347,0
60,5,3.031146764755249,3.159990074008288,0.0,0.08004975929230675,24.186046511627907,0.08007108470329535,-0.04162786818701027,0.0,0.08,0.08004975929230675,0.08004975929230675,0
60,15,2.967930555343628,3.159990074008288,0.0,0.08042650603509865,32.05128205128205,0.08060929433585522,-0.06270395901635771,0.0,0.08,0.08042650603509865,0.08042650603509865,0
60,13,3.0429675579071045,3.159990074008288,0.0,0.08450960121741496,18.91891891891892,0.08644228745344995,-0.037735676697711086,0.0,0.08,0.08450960121741496,0.08450960121741496,0
60,1,3.0019633769989014,3.159990074008288,0.0,0.08043125184490497,22.36842105263158,0.08061607406414997,-0.05130235268783825,0.0,0.08,0.08043125184490497,0.08043125184490497,0
60,0,3.052725076675415,3.159990074008288,0.0,0.07999999997901355,28.761061946902654,0.07999999997001936,-0.034534226869056654,0.0,0.08,0.07999999997901355,0.07999999997901355,0
60,14,2.8875370025634766,3.159990074008288,0.0,0.07999999997822763,31.17408906882591,0.0799999999688966,-0.09016499565227566,0.0,0.08,0.07999999997822763,0.07999999997822763,0
60,17,2.9677693843841553,3.159990074008288,0.0,0.07999999997991307,29.292929292929294,0.07999999997130439,-0.06275826464521556,0.0,0.08,0.07999999997991307,0.07999999997991307,0
60,8,3.0327308177948,3.159990074008288,0.0,0.08002052561190862,20.0,0.0800293223027266,-0.04110541269585183,0.0,0.08,0.08002052561190862,0.08002052561190862,0
60,9,2.935974597930908,3.159990074008288,0.0,0.07999999997822763,25.833333333333332,0.0799999999688966,-0.07352942743186118,0.0,0.08,0.07999999997822763,0.07999999997822763,0
60,19,2.7028045654296875,3.159990074008288,0.0,0.07999999997822763,33.84615384615385,0.0799999999688966,-0.15627892407934507,0.0,0.08,0.07999999997822763,0.07999999997822763,0
60,3,2.910421133041382,3.159990074008288,0.0,0.08000082340815343,28.634361233480178,0.08000117629736203,-0.08227109621512134,0.0,0.08,0.08000082340815343,0.08000082340815343,0
61,7,3.1615731716156006,3.1419050113286815,0.006240435353879089,0.08457223622517962,20.17543859649123,0.0843921882003552,0.006240435353879089,0.006240435353879089,0.08499234828310327,0.08457223622517962,0.08457223622517962,0
61,11,2.8424997329711914,3.1419050113286815,0.0,0.07999999998475933,30.677290836653388,0.07999999997822763,-0.10014545442695781,0.0,0.08,0.07999999998475933,0.07999999998475933,0
61,6,2.9714486598968506,3.1419050113286815,0.0,0.07999999998475933,25.213675213675213,0.07999999997822763,-0.055779709109326475,0.0,0.08,0.07999999998475933,0.07999999998475933,0
61,17,2.9289772510528564,3.1419050113286815,0.0,0.07999999998593915,28.78787878787879,0.07999999997991307,-0.07017600621297512,0.0,0.08,0.07999999998593915,0.07999999998593915,0
61,5,2.8171191215515137,3.1419050113286815,0.0,0.08003483150461471,24.186046511627907,0.08004975929230675,-0.10911453242534523,0.0,0.08,0.08003483150461471,0.08003483150461471,0
61,13,3.2684805393218994,3.1419050113286815,0.03949590245753994,0.09263573744200006,24.774774774774773,0.08450960121741496,0.03949590245753994,0.03949590245753994,0.11159672196603196,0.09263573744200006,0.09263573744200006,0
61,0,3.050554037094116,3.1419050113286815,0.0,0.07999999998530949,26.106194690265486,0.07999999997901355,-0.029506081738960542,0.0,0.08,0.07999999998530949,0.07999999998530949,0
61,18,3.291239023208618,3.1419050113286815,0.04643478907158303,0.113755961165393,19.823788546255507,0.11230230255459009,0.04643478907158303,0.04643478907158303,0.11714783125726642,0.113755961165393,0.113755961165393,0
61,12,3.13495135307312,3.1419050113286815,0.0,0.08127051524419643,28.048780487804876,0.08181502177742347,-0.0022156508527198552,0.0,0.08,0.08127051524419643,0.08127051524419643,0
61,16,3.068848133087158,3.1419050113286815,0.0,0.08000276362389568,26.8,0.08000394803413668,-0.023527017142642673,0.0,0.08,0.08000276362389568,0.08000276362389568,0
61,9,3.0693702697753906,3.1419050113286815,0.0,0.07999999998475933,22.083333333333332,0.07999999997822763,-0.023356890681340153,0.0,0.08,0.07999999998475933,0.07999999998475933,0
61,2,2.6607251167297363,3.1419050113286815,0.0,0.07999999998649646,41.262135922330096,0.07999999998070922,-0.16623062096838948,0.0,0.08,0.07999999998649646,0.07999999998649646,0
61,14,2.895463228225708,3.1419050113286815,0.0,0.07999999998475933,24.696356275303643,0.07999999997822763,-0.08168419921774868,0.0,0.08,0.07999999998475933,0.07999999998475933,0
61,10,3.3218557834625244,3.1419050113286815,0.05569429004915148,0.11398285324035662,25.603864734299517,0.10945174804080039,0.05569429004915148,0.05569429004915148,0.12455543203932119,0.11398285324035662,0.11398285324035662,0
61,3,2.956944704055786,3.1419050113286815,0.0,0.0800005763857074,32.59911894273128,0.08000082340815343,-0.06067276658359472,0.0,0.08,0.0800005763857074,0.0800005763857074,0
61,1,3.031860113143921,3.1419050113286815,0.0,0.08030187629143348,28.94736842105263,0.08043125184490497,-0.03565297745779352,0.0,0.08,0.08030187629143348,0.08030187629143348,0
61,4,3.11538028717041,3.1419050113286815,0.0,0.07999999998475933,27.272727272727273,0.07999999997822763,-0.00847808008945676,0.0,0.08,0.07999999998475933,0.07999999998475933,0
61,15,3.2033259868621826,3.1419050113286815,0.019360333403918958,0.08494503424150959,26.068376068376068,0.08042650603509865,0.019360333403918958,0.019360333403918958,0.09548826672313517,0.08494503424150959,0.08494503424150959,0
61,8,3.118359327316284,3.1419050113286815,0.0,0.08001436792833602,20.952380952380953,0.08002052561190862,-0.007522300558282238,0.0,0.08,0.08001436792833602,0.08001436792833602,0
61,19,2.6325066089630127,3.1419050113286815,0.0,0.07999999998475933,34.87179487179487,0.07999999997822763,-0.17689283129724095,0.0,0.08,0.07999999998475933,0.07999999998475933,0
62,8,3.01393461227417,3.1336846187048772,0.0,0.08001005754983521,20.952380952380953,0.08001436792833602,-0.03896310124741883,0.0,0.08,0.08001005754983521,0.08001005754983521,0
62,16,3.1968812942504883,3.1336846187048772,0.01996623229249226,0.08479383028692511,24.8,0.08000276362389568,0.01996623229249226,0.01996623229249226,0.09597298583399382,0.08479383028692511,0.08479383028692511,0
62,18,3.0916266441345215,3.1336846187048772,0.0,0.10362917281577508,29.515418502202643,0.113755961165393,-0.0135121321847553,0.0,0.08,0.10362917281577508,0.10362917281577508,0
62,4,2.9078197479248047,3.1336846187048772,0.0,0.07999999998933152,30.80808080808081,0.07999999998475933,-0.0748059335735318,0.0,0.08,0.07999999998933152,0.07999999998933152,0
62,17,3.0730695724487305,3.1336846187048772,0.0,0.0799999999901574,28.78787878787879,0.07999999998593915,-0.019532583809611506,0.0,0.08,0.0799999999901574,0.0799999999901574,0
62,6,2.8925466537475586,3.1336846187048772,0.0,0.07999999998933152,24.358974358974358,0.07999999998475933,-0.0800721972420599,0.0,0.08,0.07999999998933152,0.07999999998933152,0
62,19,2.6555845737457275,3.1336846187048772,0.0,0.07999999998933152,40.0,0.07999999998475933,-0.16554469720834106,0.0,0.08,0.07999999998933152,0.07999999998933152,0
62,12,3.2713136672973633,3.1336846187048772,0.042982130543873426,0.09120507200146712,22.357723577235774,0.08127051524419643,0.042982130543873426,0.042982130543873426,0.11438570443509874,0.09120507200146712,0.09120507200146712,0
62,2,2.7179689407348633,3.1336846187048772,0.0,0.07999999999054752,34.95145631067961,0.07999999998649646,-0.14232461777446834,0.0,0.08,0.07999999999054752,0.07999999999054752,0
62,11,2.7748522758483887,3.1336846187048772,0.0,0.07999999998933152,25.89641434262948,0.07999999998475933,-0.12161199441077161,0.0,0.08,0.07999999998933152,0.07999999998933152,0
62,0,3.0959935188293457,3.1336846187048772,0.0,0.07999999998971663,27.43362831858407,0.07999999998530949,-0.012100644313584053,0.0,0.08,0.07999999998971663,0.07999999998971663,0
62,3,2.8226404190063477,3.1336846187048772,0.0,0.08000040346999518,29.07488986784141,0.0800005763857074,-0.10453674065111396,0.0,0.08,0.08000040346999518,0.08000040346999518,0
62,13,2.995276927947998,3.1336846187048772,0.0,0.08884501620940002,25.225225225225227,0.09263573744200006,-0.04517281581425481,0.0,0.08,0.08884501620940002,0.08884501620940002,0
62,5,3.0100257396698,3.1336846187048772,0.0,0.08002438205323029,26.046511627906977,0.08003483150461471,-0.04026087643571269,0.0,0.08,0.08002438205323029,0.08002438205323029,0
62,9,2.8759765625,3.1336846187048772,0.0,0.07999999998933152,23.75,0.07999999998475933,-0.08581721590416662,0.0,0.08,0.07999999998933152,0.07999999998933152,0
62,14,3.0697829723358154,3.1336846187048772,0.0,0.07999999998933152,24.696356275303643,0.07999999998475933,-0.0206026405599098,0.0,0.08,0.07999999998933152,0.07999999998933152,0
62,7,3.126931667327881,3.1336846187048772,0.0,0.08320056535762574,25.0,0.08457223622517962,-0.002157280902019244,0.0,0.08,0.08320056535762574,0.08320056535762574,0
62,10,3.180432081222534,3.1336846187048772,0.01480755543699607,0.1073418105731287,25.120772946859905,0.11398285324035662,0.01480755543699607,0.01480755543699607,0.09184604434959685,0.1073418105731287,0.1073418105731287,0
62,1,2.9254541397094727,3.1336846187048772,0.0,0.08021131340400343,23.68421052631579,0.08030187629143348,-0.06875977637806177,0.0,0.08,0.08021131340400343,0.08021131340400343,0
62,15,2.9390175342559814,3.1336846187048772,0.0,0.0834615239690567,27.77777777777778,0.08494503424150959,-0.06413415298407985,0.0,0.08,0.0834615239690567,0.0834615239690567,0
63,0,2.787442922592163,3.1205812902152794,0.0,0.07999999999280163,21.68141592920354,0.07999999998971663,-0.11289463467463177,0.0,0.08,0.07999999999280163,0.07999999999280163,0
63,18,3.126314878463745,3.1205812902152794,0.0018356603616597035,0.09698097945784087,27.75330396475771,0.10362917281577508,0.0018356603616597035,0.0018356603616597035,0.08146852828932777,0.09698097945784087,0.09698097945784087,0
63,17,2.748525381088257,3.1205812902152794,0.0,0.07999999999311018,27.272727272727273,0.0799999999901574,-0.12695475220071878,0.0,0.08,0.07999999999311018,0.07999999999311018,0
63,4,3.004875421524048,3.1205812902152794,0.0,0.07999999999253206,26.262626262626263,0.07999999998933152,-0.03778318524644193,0.0,0.08,0.07999999999253206,0.07999999999253206,0
63,19,2.7590761184692383,3.1205812902152794,0.0,0.07999999999253206,38.97435897435897,0.07999999998933152,-0.12312341100805768,0.0,0.08,0.07999999999253206,0.07999999999253206,0
63,14,2.8965003490448,3.1205812902152794,0.0,0.07999999999253206,28.34008097165992,0.07999999998933152,-0.07451606312593473,0.0,0.08,0.07999999999253206,0.07999999999253206,0
63,12,3.1842808723449707,3.1205812902152794,0.020207182269524625,0.09269327414571288,26.016260162601625,0.09120507200146712,0.020207182269524625,0.020207182269524625,0.09616574581561971,0.09269327414571288,0.09269327414571288,0
63,13,3.2266504764556885,3.1205812902152794,0.033425299440982305,0.09421358321241577,24.324324324324323,0.08884501620940002,0.033425299440982305,0.033425299440982305,0.10674023955278585,0.09421358321241577,0.09421358321241577,0
63,8,3.19999098777771,3.1205812902152794,0.02512869796863292,0.08603792779735654,20.952380952380953,0.08001005754983521,0.02512869796863292,0.02512869796863292,0.10010295837490633,0.08603792779735654,0.08603792779735654,0
63,7,3.2042396068573,3.1205812902152794,0.026455514555521212,0.0885897192436631,22.80701754385965,0.08320056535762574,0.026455514555521212,0.026455514555521212,0.10116441164441697,0.0885897192436631,0.0885897192436631,0
63,16,2.9024906158447266,3.1205812902152794,0.0,0.08335568120084758,20.0,0.08479383028692511,-0.07245009373705713,0.0,0.08,0.08335568120084758,0.08335568120084758,0
63,9,2.923530340194702,3.1205812902152794,0.0,0.07999999999253206,20.833333333333332,0.07999999998933152,-0.06522738860015814,0.0,0.08,0.07999999999253206,0.07999999999253206,0
63,11,2.866673469543457,3.1205812902152794,0.0,0.07999999999253206,31.47410358565737,0.07999999998933152,-0.08486700746517,0.0,0.08,0.07999999999253206,0.07999999999253206,0
63,2,2.6488564014434814,3.1205812902152794,0.0,0.07999999999338325,27.184466019417474,0.07999999999054752,-0.16389129463342444,0.0,0.08,0.07999999999338325,0.07999999999338325,0
63,1,3.0869698524475098,3.1205812902152794,0.0,0.0801479193828024,22.36842105263158,0.08021131340400343,-0.010829315897871963,0.0,0.08,0.0801479193828024,0.0801479193828024,0
63,5,2.938023805618286,3.1205812902152794,0.0,0.0800170674372612,27.906976744186046,0.08002438205323029,-0.06028211485502637,0.0,0.08,0.0800170674372612,0.0800170674372612,0
63,3,2.8423194885253906,3.1205812902152794,0.0,0.08000028242899662,25.550660792951543,0.08000040346999518,-0.09339885497086803,0.0,0.08,0.08000028242899662,0.08000028242899662,0
63,6,2.9447426795959473,3.1205812902152794,0.0,0.07999999999253206,18.803418803418804,0.07999999998933152,-0.05799785730606458,0.0,0.08,0.07999999999253206,0.07999999999253206,0
63,15,2.8861162662506104,3.1205812902152794,0.0,0.08242306677833969,24.786324786324787,0.0834615239690567,-0.0781075493374304,0.0,0.08,0.08242306677833969,0.08242306677833969,0
63,10,3.0961191654205322,3.1205812902152794,0.0,0.09913926740119008,22.22222222222222,0.1073418105731287,-0.007869850299109554,0.0,0.08,0.09913926740119008,0.09913926740119008,0
64,10,3.2669146060943604,3.1016008684844008,0.05192760640354627,0.10586011271768415,23.18840579710145,0.09913926740119008,0.05192760640354627,0.05192760640354627,0.12154208512283701,0.10586011271768415,0.10586011271768415,0
64,0,2.796393394470215,3.1016008684844008,0.0,0.07999999999496114,24.336283185840706,0.07999999999280163,-0.10358787353631944,0.0,0.08,0.07999999999496114,0.07999999999496114,0
64,15,2.9174740314483643,3.1016008684844008,0.0,0.08169614674483777,22.22222222222222,0.08242306677833969,-0.0612002030041243,0.0,0.08,0.08169614674483777,0.08169614674483777,0
64,11,2.7037479877471924,3.1016008684844008,0.0,0.07999999999477245,29.8804780876494,0.07999999999253206,-0.13727943287214048,0.0,0.08,0.07999999999477245,0.07999999999477245,0
64,3,2.941866874694824,3.1016008684844008,0.0,0.08000019770029763,29.07488986784141,0.08000028242899662,-0.05287401598956031,0.0,0.08,0.08000019770029763,0.08000019770029763,0
64,18,3.119356870651245,3.1016008684844008,0.005708461967279284,0.09325671649263564,26.431718061674008,0.09698097945784087,0.005708461967279284,0.005708461967279284,0.08456676957382343,0.09325671649263564,0.09325671649263564,0
64,2,2.54967999458313,3.1016008684844008,0.0,0.07999999999536828,34.46601941747573,0.07999999999338325,-0.1959505277131864,0.0,0.08,0.07999999999536828,0.07999999999536828,0
64,9,2.9702515602111816,3.1016008684844008,0.0,0.07999999999477245,25.0,0.07999999999253206,-0.04327173760816602,0.0,0.08,0.07999999999477245,0.07999999999477245,0
64,8,3.0384774208068848,3.1016008684844008,0.0,0.08422654945814959,30.0,0.08603792779735654,-0.02056184578642046,0.0,0.08,0.08422654945814959,0.08422654945814959,0
64,1,3.0921971797943115,3.1016008684844008,0.0,0.08010354356796168,20.614035087719298,0.0801479193828024,-0.0030364877291103017,0.0,0.08,0.08010354356796168,0.08010354356796168,0
64,6,3.104585647583008,3.1016008684844008,0.0009618722580724685,0.08023084933670983,23.076923076923077,0.07999999999253206,0.0009618722580724685,0.0009618722580724685,0.08076949780645798,0.08023084933670983,0.08023084933670983,0
64,4,3.0001590251922607,3.1016008684844008,0.0,0.07999999999477245,33.83838383838384,0.07999999999253206,-0.033253091616629524,0.0,0.08,0.07999999999477245,0.07999999999477245,0
64,13,3.202974796295166,3.1016008684844008,0.03216161432696045,0.09766829568716154,21.17117117117117,0.09421358321241577,0.03216161432696045,0.03216161432696045,0.10572929146156837,0.09766829568716154,0.09766829568716154,0
64,19,2.4666831493377686,3.1016008684844008,0.0,0.07999999999477245,41.53846153846154,0.07999999999253206,-0.22904399287274474,0.0,0.08,0.07999999999477245,0.07999999999477245,0
64,7,3.1660053730010986,3.1016008684844008,0.020552271099986124,0.09094534853456084,28.07017543859649,0.0885897192436631,0.020552271099986124,0.020552271099986124,0.0964418168799889,0.09094534853456084,0.09094534853456084,0
64,17,2.803741693496704,3.1016008684844008,0.0,0.07999999999517712,30.303030303030305,0.07999999999311018,-0.10096354283636386,0.0,0.08,0.07999999999517712,0.07999999999517712,0
64,5,3.074223756790161,3.1016008684844008,0.0,0.08001194720608283,35.348837209302324,0.0800170674372612,-0.008865954782829796,0.0,0.08,0.08001194720608283,0.08001194720608283,0
64,16,3.02821683883667,3.1016008684844008,0.0,0.08234897684059331,25.2,0.08335568120084758,-0.023944443056263524,0.0,0.08,0.08234897684059331,0.08234897684059331,0
64,14,2.764420509338379,3.1016008684844008,0.0,0.07999999999477245,30.76923076923077,0.07999999999253206,-0.11508735469328094,0.0,0.08,0.07999999999477245,0.07999999999477245,0
64,12,3.0595145225524902,3.1016008684844008,0.0,0.08888529190199901,28.048780487804876,0.09269327414571288,-0.013662136724943492,0.0,0.08,0.08888529190199901,0.08888529190199901,0
65,3,2.8282527923583984,3.092859574837407,0.0,0.08000013839020834,31.718061674008812,0.08000019770029763,-0.08943695827838215,0.0,0.08,0.08000013839020834,0.08000013839020834,0
65,16,2.902496099472046,3.092859574837407,0.0,0.08164428378841532,22.8,0.08234897684059331,-0.06352500076452362,0.0,0.08,0.08164428378841532,0.08164428378841532,0
65,11,2.8389573097229004,3.092859574837407,0.0,0.0799999999963407,29.8804780876494,0.07999999999477245,-0.08565925112995602,0.0,0.08,0.0799999999963407,0.0799999999963407,0
65,7,3.0550825595855713,3.092859574837407,0.0,0.08766174397419257,26.31578947368421,0.09094534853456084,-0.012289475001791604,0.0,0.08,0.08766174397419257,0.08766174397419257,0
65,12,3.0765843391418457,3.092859574837407,0.0,0.0862197043313993,25.609756097560975,0.08888529190199901,-0.0052760908841608875,0.0,0.08,0.0862197043313993,0.0862197043313993,0
65,1,3.0825412273406982,3.092859574837407,0.0,0.08007248049757318,26.31578947368421,0.08010354356796168,-0.0033417610925100347,0.0,0.08,0.08007248049757318,0.08007248049757318,0
65,2,2.8565988540649414,3.092859574837407,0.0,0.07999999999675779,38.349514563106794,0.07999999999536828,-0.07946438615420615,0.0,0.08,0.07999999999675779,0.07999999999675779,0
65,14,2.7620701789855957,3.092859574837407,0.0,0.0799999999963407,32.79352226720648,0.07999999999477245,-0.1131156279063658,0.0,0.08,0.0799999999963407,0.0799999999963407,0
65,0,2.8789496421813965,3.092859574837407,0.0,0.0799999999964728,32.30088495575221,0.07999999999496114,-0.07167057142423654,0.0,0.08,0.0799999999964728,0.0799999999964728,0
65,15,2.6758322715759277,3.092859574837407,0.0,0.08118730272138644,28.632478632478634,0.08169614674483777,-0.1448356296922392,0.0,0.08,0.08118730272138644,0.08118730272138644,0
65,18,3.1034910678863525,3.092859574837407,0.0034315370643721926,0.09010327044029427,21.145374449339208,0.09325671649263564,0.0034315370643721926,0.0034315370643721926,0.08274522965149776,0.09010327044029427,0.09010327044029427,0
65,10,3.110546112060547,3.092859574837407,0.0057022177759604754,0.09947061116860942,22.22222222222222,0.10586011271768415,0.0057022177759604754,0.0057022177759604754,0.08456177422076838,0.09947061116860942,0.09947061116860942,0
65,17,2.7975146770477295,3.092859574837407,0.0,0.07999999999662398,29.7979797979798,0.07999999999517712,-0.10036468369578767,0.0,0.08,0.07999999999662398,0.07999999999662398,0
65,6,2.8306784629821777,3.092859574837407,0.0,0.08016159453569688,24.358974358974358,0.08023084933670983,-0.08857966892308966,0.0,0.08,0.08016159453569688,0.08016159453569688,0
65,5,2.8978965282440186,3.092859574837407,0.0,0.08000836304425799,28.837209302325583,0.08001194720608283,-0.06511095277552256,0.0,0.08,0.08000836304425799,0.08000836304425799,0
65,19,2.717473268508911,3.092859574837407,0.0,0.0799999999963407,36.92307692307692,0.07999999999477245,-0.12939358809820758,0.0,0.08,0.0799999999963407,0.0799999999963407,0
65,13,2.998192071914673,3.092859574837407,0.0,0.09236780698101307,22.07207207207207,0.09766829568716154,-0.031086627301447105,0.0,0.08,0.09236780698101307,0.09236780698101307,0
65,4,2.703507900238037,3.092859574837407,0.0,0.0799999999963407,23.737373737373737,0.07999999999477245,-0.13454593918712576,0.0,0.08,0.0799999999963407,0.0799999999963407,0
65,8,2.9435012340545654,3.092859574837407,0.0,0.08295858462070471,25.714285714285715,0.08422654945814959,-0.04949632281694097,0.0,0.08,0.08295858462070471,0.08295858462070471,0
65,9,2.9228670597076416,3.092859574837407,0.0,0.0799999999963407,24.166666666666668,0.07999999999477245,-0.056531087202132055,0.0,0.08,0.0799999999963407,0.0799999999963407,0
66,17,2.5682201385498047,3.0724159258749366,0.0,0.07999999999763678,25.757575757575758,0.07999999999662398,-0.17925109213112506,0.0,0.08,0.07999999999763678,0.07999999999763678,0
66,1,3.096524953842163,3.0724159258749366,0.007816301405133333,0.08192664868553322,22.36842105263158,0.08007248049757318,0.007816301405133333,0.007816301405133333,0.08625304112410667,0.08192664868553322,0.08192664868553322,0
66,11,2.760805368423462,3.0724159258749366,0.0,0.07999999999743848,37.05179282868526,0.0799999999963407,-0.10694176097363156,0.0,0.08,0.07999999999743848,0.07999999999743848,0
66,18,3.2680318355560303,3.0724159258749366,0.06172371969960019,0.10188598203611005,23.788546255506606,0.09010327044029427,0.06172371969960019,0.06172371969960019,0.12937897575968016,0.10188598203611005,0.10188598203611005,0
66,19,2.7820394039154053,3.0724159258749366,0.0,0.07999999999743848,33.84615384615385,0.0799999999963407,-0.09927994103698794,0.0,0.08,0.07999999999743848,0.07999999999743848,0
66,15,2.88551926612854,3.0724159258749366,0.0,0.0808311119049705,23.931623931623932,0.08118730272138644,-0.06275932642370584,0.0,0.08,0.0808311119049705,0.0808311119049705,0
66,9,2.858123779296875,3.0724159258749366,0.0,0.07999999999743848,26.666666666666668,0.0799999999963407,-0.07229881008325355,0.0,0.08,0.07999999999743848,0.07999999999743848,0
66,7,2.973097085952759,3.0724159258749366,0.0,0.0853632207819348,23.24561403508772,0.08766174397419257,-0.03285999917936254,0.0,0.08,0.0853632207819348,0.0853632207819348,0
66,13,3.092160701751709,3.0724159258749366,0.006405904095371698,0.09019488186959836,21.17117117117117,0.09236780698101307,0.006405904095371698,0.006405904095371698,0.08512472327629736,0.09019488186959836,0.09019488186959836,0
66,10,3.268366575241089,3.0724159258749366,0.061826142980217345,0.10846770213327875,28.019323671497585,0.09947061116860942,0.061826142980217345,0.061826142980217345,0.1294609143841739,0.10846770213327875,0.10846770213327875,0
66,16,3.0610201358795166,3.0724159258749366,0.0,0.08115099865189071,22.8,0.08164428378841532,-0.0037159605012977515,0.0,0.08,0.08115099865189071,0.08115099865189071,0
66,14,2.943795680999756,3.0724159258749366,0.0,0.07999999999743848,29.149797570850204,0.0799999999963407,-0.04276440189200141,0.0,0.08,0.07999999999743848,0.07999999999743848,0
66,4,2.8703157901763916,3.0724159258749366,0.0,0.07999999999743848,32.82828282828283,0.0799999999963407,-0.06804214329006557,0.0,0.08,0.07999999999743848,0.07999999999743848,0
66,2,2.3966238498687744,3.0724159258749366,0.0,0.07999999999773044,31.067961165048544,0.07999999999675779,-0.24840317998022368,0.0,0.08,0.07999999999773044,0.07999999999773044,0
66,6,2.985586643218994,3.0724159258749366,0.0,0.08011311617498781,24.358974358974358,0.08016159453569688,-0.02866794063681909,0.0,0.08,0.08011311617498781,0.08011311617498781,0
66,5,2.9248123168945312,3.0724159258749366,0.0,0.08000585413098059,29.302325581395348,0.08000836304425799,-0.04923388503295766,0.0,0.08,0.08000585413098059,0.08000585413098059,0
66,3,2.9087069034576416,3.0724159258749366,0.0,0.08000009687314583,33.03964757709251,0.08000013839020834,-0.05475557912301349,0.0,0.08,0.08000009687314583,0.08000009687314583,0
66,8,3.019991636276245,3.0724159258749366,0.0,0.08207100923449329,23.80952380952381,0.08295858462070471,-0.017210136663606445,0.0,0.08,0.08207100923449329,0.08207100923449329,0
66,0,2.752552032470703,3.0724159258749366,0.0,0.07999999999753096,27.43362831858407,0.0799999999964728,-0.10993570513060438,0.0,0.08,0.07999999999753096,0.07999999999753096,0
66,12,3.1883256435394287,3.0724159258749366,0.03703170359096297,0.09324140189381062,23.577235772357724,0.0862197043313993,0.03703170359096297,0.03703170359096297,0.10962536287277039,0.09324140189381062,0.09324140189381062,0
67,12,3.2705647945404053,3.0586047331821575,0.0670038473955718,0.10534990470060465,21.951219512195124,0.09324140189381062,0.0670038473955718,0.0670038473955718,0.13360307791645745,0.10534990470060465,0.10534990470060465,0
67,13,2.9955451488494873,3.0586047331821575,0.0,0.08713641730871885,25.675675675675677,0.09019488186959836,-0.02083260770833304,0.0,0.08,0.08713641730871885,0.08713641730871885,0
67,1,2.871375560760498,3.0586047331821575,0.0,0.08134865407987324,26.31578947368421,0.08192664868553322,-0.06316763780445263,0.0,0.08,0.08134865407987324,0.08134865407987324,0
67,17,2.7059645652770996,3.0586047331821575,0.0,0.07999999999834574,32.323232323232325,0.07999999999763678,-0.12250040721304634,0.0,0.08,0.07999999999834574,0.07999999999834574,0
67,2,2.702929973602295,3.0586047331821575,0.0,0.07999999999841131,42.23300970873787,0.07999999999773044,-0.12362248195869473,0.0,0.08,0.07999999999841131,0.07999999999841131,0
67,5,2.9452853202819824,3.0586047331821575,0.0,0.08000409789168642,26.046511627906977,0.08000585413098059,-0.03775314694571552,0.0,0.08,0.08000409789168642,0.08000409789168642,0
67,3,2.859326124191284,3.0586047331821575,0.0,0.08000006781120207,30.39647577092511,0.08000009687314583,-0.06737286604573216,0.0,0.08,0.08000006781120207,0.08000006781120207,0
67,10,3.261233329772949,3.0586047331821575,0.06414660321573896,0.11532257626507247,26.08695652173913,0.10846770213327875,0.06414660321573896,0.06414660321573896,0.13131728257259118,0.11532257626507247,0.11532257626507247,0
67,4,2.6947999000549316,3.0586047331821575,0.0,0.07999999999820694,28.282828282828284,0.07999999999743848,-0.12663488897261752,0.0,0.08,0.07999999999820694,0.07999999999820694,0
67,8,3.0857794284820557,3.0586047331821575,0.008845434035076013,0.08357261063256353,23.333333333333332,0.08207100923449329,0.008845434035076013,0.008845434035076013,0.08707634722806082,0.08357261063256353,0.08357261063256353,0
67,9,2.909973621368408,3.0586047331821575,0.0,0.07999999999820694,27.5,0.07999999999743848,-0.04981482594279441,0.0,0.08,0.07999999999820694,0.07999999999820694,0
67,11,2.8198211193084717,3.0586047331821575,0.0,0.07999999999820694,33.46613545816733,0.07999999999743848,-0.08128539208465368,0.0,0.08,0.07999999999820694,0.07999999999820694,0
67,18,3.0742993354797363,3.0586047331821575,0.005118174467302218,0.09654854929742956,24.229074889867842,0.10188598203611005,0.005118174467302218,0.005118174467302218,0.08409453957384178,0.09654854929742956,0.09654854929742956,0
67,19,2.9027929306030273,3.0586047331821575,0.0,0.07999999999820694,45.64102564102564,0.07999999999743848,-0.052285489207577564,0.0,0.08,0.07999999999820694,0.07999999999820694,0
67,15,3.0750792026519775,3.0586047331821575,0.00537181543900361,0.08187101403884021,31.196581196581196,0.0808311119049705,0.00537181543900361,0.00537181543900361,0.0842974523512029,0.08187101403884021,0.08187101403884021,0
67,14,2.7979183197021484,3.0586047331821575,0.0,0.07999999999820694,29.149797570850204,0.07999999999743848,-0.08908315869509681,0.0,0.08,0.07999999999820694,0.07999999999820694,0
67,7,3.059307098388672,3.0586047331821575,0.00022960945716142794,0.0838093608170731,26.31578947368421,0.0853632207819348,0.00022960945716142794,0.00022960945716142794,0.08018368756572915,0.0838093608170731,0.0838093608170731,0
67,16,2.888082981109619,3.0586047331821575,0.0,0.0808056990563235,28.4,0.08115099865189071,-0.057365888548219085,0.0,0.08,0.0808056990563235,0.0808056990563235,0
67,0,2.904970407485962,3.0586047331821575,0.0,0.07999999999827168,25.663716814159294,0.07999999999753096,-0.05153563875716955,0.0,0.08,0.07999999999827168,0.07999999999827168,0
67,6,2.958281993865967,3.0586047331821575,0.0,0.08007918132249146,27.35042735042735,0.08011311617498781,-0.03335014996274182,0.0,0.08,0.08007918132249146,0.08007918132249146,0
68,1,3.090900182723999,3.0434914613066604,0.015457006306081102,0.08465373936937073,27.63157894736842,0.08134865407987324,0.015457006306081102,0.015457006306081102,0.09236560504486488,0.08465373936937073,0.08465373936937073,0
68,4,2.9260294437408447,3.0434914613066604,0.0,0.07999999999874485,33.333333333333336,0.07999999999820694,-0.03935899792215978,0.0,0.08,0.07999999999874485,0.07999999999874485,0
68,0,2.9245383739471436,3.0434914613066604,0.0,0.07999999999879018,28.31858407079646,0.07999999999827168,-0.03986871590761041,0.0,0.08,0.07999999999879018,0.07999999999879018,0
68,17,2.7116658687591553,3.0434914613066604,0.0,0.07999999999884203,29.292929292929294,0.07999999999834574,-0.11544220524220986,0.0,0.08,0.07999999999884203,0.07999999999884203,0
68,9,2.8407461643218994,3.0434914613066604,0.0,0.07999999999874485,30.416666666666668,0.07999999999820694,-0.06893861158201026,0.0,0.08,0.07999999999874485,0.07999999999874485,0
68,13,2.9486117362976074,3.0434914613066604,0.0,0.08499549211610319,28.37837837837838,0.08713641730871885,-0.031670901570967906,0.0,0.08,0.08499549211610319,0.08499549211610319,0
68,11,2.6087167263031006,3.0434914613066604,0.0,0.07999999999874485,23.50597609561753,0.07999999999820694,-0.1541469381731658,0.0,0.08,0.07999999999874485,0.07999999999874485,0
68,6,3.003763198852539,3.0434914613066604,0.0,0.08005542692574402,26.068376068376068,0.08007918132249146,-0.013139461170075768,0.0,0.08,0.08005542692574402,0.08005542692574402,0
68,16,2.8552350997924805,3.0434914613066604,0.0,0.08056398933942643,26.8,0.0808056990563235,-0.06385117677558397,0.0,0.08,0.08056398933942643,0.08056398933942643,0
68,15,2.863647222518921,3.0434914613066604,0.0,0.08130970982718815,29.914529914529915,0.08187101403884021,-0.060909298174165655,0.0,0.08,0.08130970982718815,0.08130970982718815,0
68,8,3.0092782974243164,3.0434914613066604,0.0,0.08250082744279447,30.476190476190474,0.08357261063256353,-0.011305081645720257,0.0,0.08,0.08250082744279447,0.08250082744279447,0
68,2,2.665282726287842,3.0434914613066604,0.0,0.07999999999888792,43.689320388349515,0.07999999999841131,-0.13269522227687142,0.0,0.08,0.07999999999888792,0.07999999999888792,0
68,12,3.1730244159698486,3.0434914613066604,0.04167984395647771,0.10774809583997791,20.73170731707317,0.10534990470060465,0.04167984395647771,0.04167984395647771,0.11334387516518217,0.10774809583997791,0.10774809583997791,0
68,19,2.782719850540161,3.0434914613066604,0.0,0.07999999999874485,43.58974358974359,0.07999999999820694,-0.08957655016881014,0.0,0.08,0.07999999999874485,0.07999999999874485,0
68,3,2.784296989440918,3.0434914613066604,0.0,0.08000004746784145,28.19383259911894,0.08000006781120207,-0.08900994906713668,0.0,0.08,0.08000004746784145,0.08000004746784145,0
68,18,3.258298397064209,3.0434914613066604,0.06819973140331491,0.10795192004499626,27.312775330396477,0.09654854929742956,0.06819973140331491,0.06819973140331491,0.13455978512265193,0.10795192004499626,0.10795192004499626,0
68,5,3.002300500869751,3.0434914613066604,0.0,0.08000286852418048,30.697674418604652,0.08000409789168642,-0.013626534927519468,0.0,0.08,0.08000286852418048,0.08000286852418048,0
68,14,2.582906484603882,3.0434914613066604,0.0,0.07999999999874485,29.554655870445345,0.07999999999820694,-0.1640900535327356,0.0,0.08,0.07999999999874485,0.07999999999874485,0
68,10,3.078974723815918,3.0434914613066604,0.011591296254920266,0.10750771448673159,22.22222222222222,0.11532257626507247,0.011591296254920266,0.011591296254920266,0.08927303700393621,0.10750771448673159,0.10750771448673159,0
68,7,3.1197421550750732,3.0434914613066604,0.024744992324575235,0.08860535072984922,28.50877192982456,0.0838093608170731,0.024744992324575235,0.024744992324575235,0.09979599385966019,0.08860535072984922,0.08860535072984922,0
69,14,2.760624408721924,3.031670706060394,0.0,0.07999999999912139,32.79352226720648,0.07999999999874485,-0.09365696619163505,0.0,0.08,0.07999999999912139,0.07999999999912139,0
69,13,3.135781764984131,3.031670706060394,0.033764654008288736,0.09160036144326153,26.576576576576578,0.08499549211610319,0.033764654008288736,0.033764654008288736,0.107011723206631,0.09160036144326153,0.09160036144326153,0
69,0,2.8626978397369385,3.031670706060394,0.0,0.07999999999915312,26.991150442477878,0.07999999999879018,-0.05734937469608627,0.0,0.08,0.07999999999915312,0.07999999999915312,0
69,6,2.9395742416381836,3.031670706060394,0.0,0.08003879884802081,23.931623931623932,0.08005542692574402,-0.030849100503647132,0.0,0.08,0.08003879884802081,0.08003879884802081,0
69,18,3.1306700706481934,3.031670706060394,0.032133205913741705,0.10727831345079539,23.348017621145374,0.10795192004499626,0.032133205913741705,0.032133205913741705,0.10570656473099337,0.10727831345079539,0.10727831345079539,0
69,15,2.7563533782958984,3.031670706060394,0.0,0.0809167968790317,28.632478632478634,0.08130970982718815,-0.09520528899758818,0.0,0.08,0.0809167968790317,0.0809167968790317,0
69,11,2.745637893676758,3.031670706060394,0.0,0.07999999999912139,30.278884462151396,0.07999999999874485,-0.09910042354016037,0.0,0.08,0.07999999999912139,0.07999999999912139,0
69,7,3.159445285797119,3.031670706060394,0.041282613885335266,0.09593157284337492,23.24561403508772,0.08860535072984922,0.041282613885335266,0.041282613885335266,0.11302609110826822,0.09593157284337492,0.09593157284337492,0
69,10,2.992790699005127,3.031670706060394,0.0,0.0992554001407121,30.917874396135264,0.10750771448673159,-0.012907559401937312,0.0,0.08,0.0992554001407121,0.0992554001407121,0
69,4,2.798649311065674,3.031670706060394,0.0,0.07999999999912139,32.323232323232325,0.07999999999874485,-0.07997694353771388,0.0,0.08,0.07999999999912139,0.07999999999912139,0
69,3,2.74385929107666,3.031670706060394,0.0,0.08000003322748901,31.277533039647576,0.08000004746784145,-0.09974842556875956,0.0,0.08,0.08000003322748901,0.08000003322748901,0
69,8,3.0993306636810303,3.031670706060394,0.02207231746306449,0.0870479354010916,20.476190476190474,0.08250082744279447,0.02207231746306449,0.02207231746306449,0.0976578539704516,0.0870479354010916,0.0870479354010916,0
69,1,2.851590156555176,3.031670706060394,0.0,0.08325761755855951,21.92982456140351,0.08465373936937073,-0.06123706714013461,0.0,0.08,0.08325761755855951,0.08325761755855951,0
69,17,2.706012725830078,3.031670706060394,0.0,0.07999999999918941,26.262626262626263,0.07999999999884203,-0.11363762274724824,0.0,0.08,0.07999999999918941,0.07999999999918941,0
69,19,2.5379223823547363,3.031670706060394,0.0,0.07999999999912139,40.51282051282051,0.07999999999874485,-0.17776806844370355,0.0,0.08,0.07999999999912139,0.07999999999912139,0
69,12,3.0098304748535156,3.031670706060394,0.0,0.09942366708798453,28.86178861788618,0.10774809583997791,-0.007230099149458459,0.0,0.08,0.09942366708798453,0.09942366708798453,0
69,5,3.012145519256592,3.031670706060394,0.0,0.08000200796692633,29.302325581395348,0.08000286852418048,-0.006461233743253732,0.0,0.08,0.08000200796692633,0.08000200796692633,0
69,16,2.799600839614868,3.031670706060394,0.0,0.0803947925375985,27.2,0.08056398933942643,-0.07963700568951243,0.0,0.08,0.0803947925375985,0.0803947925375985,0
69,2,2.6056480407714844,3.031670706060394,0.0,0.07999999999922154,35.922330097087375,0.07999999999888792,-0.1514324428439691,0.0,0.08,0.07999999999922154,0.07999999999922154,0
69,9,2.7874443531036377,3.031670706060394,0.0,0.07999999999912139,30.416666666666668,0.07999999999874485,-0.08398868183760805,0.0,0.08,0.07999999999912139,0.07999999999912139,0
70,2,2.658338785171509,3.0110631852628567,0.0,0.07999999999945508,34.95145631067961,0.07999999999922154,-0.12459182279982726,0.0,0.08,0.07999999999945508,0.07999999999945508,0
70,18,3.0968644618988037,3.0110631852628567,0.028096901531269144,0.10583807578306136,27.75330396475771,0.10727831345079539,0.028096901531269144,0.028096901531269144,0.10247752122501531,0.10583807578306136,0.10583807578306136,0
70,7,2.943591356277466,3.0110631852628567,0.0,0.09115210099036244,25.0,0.09593157284337492,-0.022662848393310963,0.0,0.08,0.09115210099036244,0.09115210099036244,0
70,14,2.755984306335449,3.0110631852628567,0.0,0.07999999999938497,36.43724696356275,0.07999999999912139,-0.08851857500986476,0.0,0.08,0.07999999999938497,0.07999999999938497,0
70,6,2.7108559608459473,3.0110631852628567,0.0,0.08002715919361457,33.333333333333336,0.08003879884802081,-0.10502879599029064,0.0,0.08,0.08002715919361457,0.08002715919361457,0
70,8,2.927661180496216,3.0110631852628567,0.0,0.08493355478076411,28.095238095238095,0.0870479354010916,-0.028089361635101992,0.0,0.08,0.08493355478076411,0.08493355478076411,0
70,16,2.8627336025238037,3.0110631852628567,0.0,0.08027635477631895,28.4,0.0803947925375985,-0.05051626049812761,0.0,0.08,0.08027635477631895,0.08027635477631895,0
70,1,2.8540687561035156,3.0110631852628567,0.0,0.08228033229099166,29.82456140350877,0.08325761755855951,-0.053547624005778796,0.0,0.08,0.08228033229099166,0.08228033229099166,0
70,11,2.5886549949645996,3.0110631852628567,0.0,0.07999999999938497,31.872509960159363,0.07999999999912139,-0.15115479968606732,0.0,0.08,0.07999999999938497,0.07999999999938497,0
70,15,3.0731201171875,3.0110631852628567,0.020400136151008844,0.0855377904915643,25.641025641025642,0.0809167968790317,0.020400136151008844,0.020400136151008844,0.09632010892080708,0.0855377904915643,0.0855377904915643,0
70,10,3.119976758956909,3.0110631852628567,0.03553231853603903,0.10200653654714784,28.502415458937197,0.0992554001407121,0.03553231853603903,0.03553231853603903,0.10842585482883123,0.10200653654714784,0.10200653654714784,0
70,4,2.828191041946411,3.0110631852628567,0.0,0.07999999999938497,34.343434343434346,0.07999999999912139,-0.06265593439269958,0.0,0.08,0.07999999999938497,0.07999999999938497,0
70,0,2.727677345275879,3.0110631852628567,0.0,0.07999999999940718,31.858407079646017,0.07999999999915312,-0.09884277595033726,0.0,0.08,0.07999999999940718,0.07999999999940718,0
70,19,2.5363428592681885,3.0110631852628567,0.0,0.07999999999938497,35.38461538461539,0.07999999999912139,-0.17157000915878248,0.0,0.08,0.07999999999938497,0.07999999999938497,0
70,9,2.8471734523773193,3.0110631852628567,0.0,0.07999999999938497,26.666666666666668,0.07999999999912139,-0.05596650284371715,0.0,0.08,0.07999999999938497,0.07999999999938497,0
70,13,2.7655105590820312,3.0110631852628567,0.0,0.08812025301028306,27.47747747747748,0.09160036144326153,-0.08506796520347627,0.0,0.08,0.08812025301028306,0.08812025301028306,0
70,17,2.6886165142059326,3.0110631852628567,0.0,0.07999999999943258,20.707070707070706,0.07999999999918941,-0.11326647936519901,0.0,0.08,0.07999999999943258,0.07999999999943258,0
70,5,2.7845160961151123,3.0110631852628567,0.0,0.08000140557684843,31.627906976744185,0.08000200796692633,-0.0782191291759617,0.0,0.08,0.08000140557684843,0.08000140557684843,0
70,12,2.9484803676605225,3.0110631852628567,0.0,0.09359656696158916,23.983739837398375,0.09942366708798453,-0.021003325998621696,0.0,0.08,0.09359656696158916,0.09359656696158916,0
70,3,2.697568416595459,3.0110631852628567,0.0,0.0800000232592423,30.837004405286343,0.08000003322748901,-0.10994245291090117,0.0,0.08,0.0800000232592423,0.0800000232592423,0
71,18,3.081345319747925,2.990592223639647,0.029894857750434847,0.1052614189082473,30.39647577092511,0.10583807578306136,0.029894857750434847,0.029894857750434847,0.10391588620034788,0.1052614189082473,0.1052614189082473,0
71,11,2.7309048175811768,2.990592223639647,0.0,0.07999999999956947,33.864541832669325,0.07999999999938497,-0.09083844628279401,0.0,0.08,0.07999999999956947,0.07999999999956947,0
71,0,2.797776460647583,2.990592223639647,0.0,0.07999999999958503,30.088495575221238,0.07999999999940718,-0.06664645516355786,0.0,0.08,0.07999999999958503,0.07999999999958503,0
71,3,2.8536641597747803,2.990592223639647,0.0,0.0800000162814696,30.39647577092511,0.0800000232592423,-0.046867597125281185,0.0,0.08,0.0800000162814696,0.0800000162814696,0
71,8,3.2074437141418457,2.990592223639647,0.07000283302893386,0.100254168273479,23.333333333333332,0.08493355478076411,0.07000283302893386,0.07000283302893386,0.13600226642314708,0.100254168273479,0.100254168273479,0
71,7,3.0174152851104736,2.990592223639647,0.008929163140698854,0.08994946984702143,30.263157894736842,0.09115210099036244,0.008929163140698854,0.008929163140698854,0.08714333051255908,0.08994946984702143,0.08994946984702143,0
71,5,2.895343065261841,2.990592223639647,0.0,0.0800009839037939,25.58139534883721,0.08000140557684843,-0.03236782910140992,0.0,0.08,0.0800009839037939,0.0800009839037939,0
71,6,2.904470920562744,2.990592223639647,0.0,0.0800190114355302,23.931623931623932,0.08002715919361457,-0.029220189253640814,0.0,0.08,0.0800190114355302,0.0800190114355302,0
71,15,2.80269455909729,2.990592223639647,0.0,0.08387645334409502,29.914529914529915,0.0855377904915643,-0.06489013871123755,0.0,0.08,0.08387645334409502,0.08387645334409502,0
71,4,2.6589176654815674,2.990592223639647,0.0,0.07999999999956947,22.727272727272727,0.07999999999938497,-0.11755228816527505,0.0,0.08,0.07999999999956947,0.07999999999956947,0
71,17,2.7813549041748047,2.990592223639647,0.0,0.0799999999996028,27.77777777777778,0.07999999999943258,-0.07253325106897208,0.0,0.08,0.0799999999996028,0.0799999999996028,0
71,14,2.9342925548553467,2.990592223639647,0.0,0.07999999999956947,40.08097165991903,0.07999999999938497,-0.019005049134590547,0.0,0.08,0.07999999999956947,0.07999999999956947,0
71,13,3.0745081901550293,2.990592223639647,0.027673514318174237,0.09232582054355995,33.333333333333336,0.08812025301028306,0.027673514318174237,0.027673514318174237,0.10213881145453939,0.09232582054355995,0.09232582054355995,0
71,2,2.4435982704162598,2.990592223639647,0.0,0.07999999999961854,37.37864077669903,0.07999999999945508,-0.20199978115636993,0.0,0.08,0.07999999999961854,0.07999999999961854,0
71,16,2.9844038486480713,2.990592223639647,0.0,0.08019344834342326,30.8,0.08027635477631895,-0.0020714246867274285,0.0,0.08,0.08019344834342326,0.08019344834342326,0
71,19,2.72694993019104,2.990592223639647,0.0,0.07999999999956947,42.05128205128205,0.07999999999938497,-0.09228769264445941,0.0,0.08,0.07999999999956947,0.07999999999956947,0
71,12,2.879490852355957,2.990592223639647,0.0,0.08951759687311242,27.642276422764226,0.09359656696158916,-0.03785794462486538,0.0,0.08,0.08951759687311242,0.08951759687311242,0
71,10,3.2334353923797607,2.990592223639647,0.07807372484887233,0.11414226954673284,25.120772946859905,0.10200653654714784,0.07807372484887233,0.07807372484887233,0.14245897987909786,0.11414226954673284,0.11414226954673284,0
71,1,2.911559581756592,2.990592223639647,0.0,0.08159623260369415,23.24561403508772,0.08228033229099166,-0.026782559438344608,0.0,0.08,0.08159623260369415,0.08159623260369415,0
71,9,2.7701773643493652,2.990592223639647,0.0,0.07999999999956947,27.5,0.07999999999938497,-0.0765600870301252,0.0,0.08,0.07999999999956947,0.07999999999956947,0
72,1,2.820211410522461,2.980274697156572,0.0,0.08111736282258591,30.263157894736842,0.08159623260369415,-0.05520362592200162,0.0,0.08,0.08111736282258591,0.08111736282258591,0
72,15,2.914395332336426,2.980274697156572,0.0,0.08271351734086652,32.9059829059829,0.08387645334409502,-0.022353111322533644,0.0,0.08,0.08271351734086652,0.08271351734086652,0
72,11,2.5140843391418457,2.980274697156572,0.0,0.07999999999969862,33.06772908366534,0.07999999999956947,-0.1701068185062015,0.0,0.08,0.07999999999969862,0.07999999999969862,0
72,18,3.138978958129883,2.980274697156572,0.05188209777749326,0.1101346967023715,26.87224669603524,0.1052614189082473,0.05188209777749326,0.05188209777749326,0.12150567822199461,0.1101346967023715,0.1101346967023715,0
72,19,2.5517406463623047,2.980274697156572,0.0,0.07999999999969862,36.41025641025641,0.07999999999956947,-0.15523974324222858,0.0,0.08,0.07999999999969862,0.07999999999969862,0
72,16,2.864349603652954,2.980274697156572,0.0,0.08013541384039628,27.6,0.08019344834342326,-0.03967416642381157,0.0,0.08,0.08013541384039628,0.08013541384039628,0
72,6,2.76297664642334,2.980274697156572,0.0,0.08001330800487114,28.205128205128204,0.0800190114355302,-0.07570688260699596,0.0,0.08,0.08001330800487114,0.08001330800487114,0
72,13,2.975201368331909,2.980274697156572,0.0,0.08862807438049197,27.47747747747748,0.09232582054355995,-0.0017037529759382657,0.0,0.08,0.08862807438049197,0.08862807438049197,0
72,12,3.2252445220947266,2.980274697156572,0.07899329140033721,0.10562070774725962,24.796747967479675,0.08951759687311242,0.07899329140033721,0.07899329140033721,0.14319463312026978,0.10562070774725962,0.10562070774725962,0
72,5,3.0287439823150635,2.980274697156572,0.016132529715778183,0.0838724958644425,33.48837209302326,0.0800009839037939,0.016132529715778183,0.016132529715778183,0.09290602377262255,0.0838724958644425,0.0838724958644425,0
72,9,2.813190221786499,2.980274697156572,0.0,0.07999999999969862,30.0,0.07999999999956947,-0.057696326710922,0.0,0.08,0.07999999999969862,0.07999999999969862,0
72,0,2.924237012863159,2.980274697156572,0.0,0.07999999999970953,30.088495575221238,0.07999999999958503,-0.01898188010528917,0.0,0.08,0.07999999999970953,0.07999999999970953,0
72,8,2.9885687828063965,2.980274697156572,0.0027791283146201633,0.09484490858694412,23.80952380952381,0.100254168273479,0.0027791283146201633,0.0027791283146201633,0.08222330265169613,0.09484490858694412,0.09484490858694412,0
72,10,3.0087718963623047,2.980274697156572,0.009516511095239929,0.10618355134557057,22.705314009661837,0.11414226954673284,0.009516511095239929,0.009516511095239929,0.08761320887619195,0.10618355134557057,0.10618355134557057,0
72,14,2.740753412246704,2.980274697156572,0.0,0.07999999999969862,29.959514170040485,0.07999999999956947,-0.08378262565315761,0.0,0.08,0.07999999999969862,0.07999999999969862,0
72,7,2.971026659011841,2.980274697156572,0.0,0.08696462889291501,28.07017543859649,0.08994946984702143,-0.003107906995175742,0.0,0.08,0.08696462889291501,0.08696462889291501,0
72,3,2.648141622543335,2.980274697156572,0.0,0.08000001139702873,30.837004405286343,0.0800000162814696,-0.11815735662382834,0.0,0.08,0.08000001139702873,0.08000001139702873,0
72,17,2.5575056076049805,2.980274697156572,0.0,0.07999999999972196,25.757575757575758,0.0799999999996028,-0.15298306451503452,0.0,0.08,0.07999999999972196,0.07999999999972196,0
72,4,2.9421565532684326,2.980274697156572,0.0,0.07999999999969862,36.86868686868687,0.07999999999956947,-0.012872642504344934,0.0,0.08,0.07999999999969862,0.07999999999969862,0
72,2,2.503718376159668,2.980274697156572,0.0,0.07999999999973298,39.80582524271845,0.07999999999961854,-0.1742384985563169,0.0,0.08,0.07999999999973298,0.07999999999973298,0
73,13,3.088970184326172,2.971184474240384,0.03887707536701078,0.09537015015442696,23.873873873873872,0.08862807438049197,0.03887707536701078,0.03887707536701078,0.11110166029360863,0.09537015015442696,0.09537015015442696,0
73,4,2.636293649673462,2.971184474240384,0.0,0.07999999999978903,30.80808080808081,0.07999999999969862,-0.11958667559774731,0.0,0.08,0.07999999999978903,0.07999999999978903,0
73,19,2.483339309692383,2.971184474240384,0.0,0.07999999999978903,34.35897435897436,0.07999999999969862,-0.17935653521626704,0.0,0.08,0.07999999999978903,0.07999999999978903,0
73,8,2.961653709411621,2.971184474240384,0.0,0.09039143601086089,26.666666666666668,0.09484490858694412,-0.0032128882333105585,0.0,0.08,0.09039143601086089,0.09039143601086089,0
73,5,2.7858028411865234,2.971184474240384,0.0,0.08271074710510974,34.41860465116279,0.0838724958644425,-0.0644245808084689,0.0,0.08,0.08271074710510974,0.08271074710510974,0
73,9,2.7664999961853027,2.971184474240384,0.0,0.07999999999978903,35.0,0.07999999999969862,-0.07137770395928857,0.0,0.08,0.07999999999978903,0.07999999999978903,0
73,1,2.948533535003662,2.971184474240384,0.0,0.08078215397581014,25.43859649122807,0.08111736282258591,-0.007652746184814375,0.0,0.08,0.08078215397581014,0.08078215397581014,0
73,17,2.763731002807617,2.971184474240384,0.0,0.07999999999980537,29.7979797979798,0.07999999999972196,-0.0723791064683603,0.0,0.08,0.07999999999980537,0.07999999999980537,0
73,0,2.8424954414367676,2.971184474240384,0.0,0.07999999999979666,31.41592920353982,0.07999999999970953,-0.044278343107975425,0.0,0.08,0.07999999999979666,0.07999999999979666,0
73,2,2.4133338928222656,2.971184474240384,0.0,0.07999999999981308,38.83495145631068,0.07999999999973298,-0.20795153584553783,0.0,0.08,0.07999999999981308,0.07999999999981308,0
73,3,2.81744384765625,2.971184474240384,0.0,0.0800000079779201,34.801762114537446,0.08000001139702873,-0.053130649115532246,0.0,0.08,0.0800000079779201,0.0800000079779201,0
73,14,2.690124273300171,2.971184474240384,0.0,0.07999999999978903,31.17408906882591,0.07999999999969862,-0.09937329503430894,0.0,0.08,0.07999999999978903,0.07999999999978903,0
73,18,2.958878993988037,2.971184474240384,0.0,0.10109428769166004,30.39647577092511,0.1101346967023715,-0.004150207814626511,0.0,0.08,0.10109428769166004,0.10109428769166004,0
73,16,2.914872646331787,2.971184474240384,0.0,0.08009478968827739,30.0,0.08013541384039628,-0.019134556352365047,0.0,0.08,0.08009478968827739,0.08009478968827739,0
73,7,3.0023183822631836,2.971184474240384,0.010424098083894807,0.08737702376517525,31.57894736842105,0.08696462889291501,0.010424098083894807,0.010424098083894807,0.08833927846711585,0.08737702376517525,0.08737702376517525,0
73,6,2.893608331680298,2.971184474240384,0.0,0.08000931560340979,29.914529914529915,0.08001330800487114,-0.026456405095975247,0.0,0.08,0.08000931560340979,0.08000931560340979,0
73,10,3.1685116291046143,2.971184474240384,0.06430127360361217,0.1137607916067663,29.468599033816425,0.10618355134557057,0.06430127360361217,0.06430127360361217,0.13144101888288973,0.1137607916067663,0.1137607916067663,0
73,11,2.7829484939575195,2.971184474240384,0.0,0.07999999999978903,33.864541832669325,0.07999999999969862,-0.06544971096671699,0.0,0.08,0.07999999999978903,0.07999999999978903,0
73,15,2.887970209121704,2.971184474240384,0.0,0.08189946213860655,27.77777777777778,0.08271351734086652,-0.02840678051215892,0.0,0.08,0.08189946213860655,0.08189946213860655,0
73,12,2.965649366378784,2.971184474240384,0.0,0.09793449542308172,21.54471544715447,0.10562070774725962,-0.0018646671257235054,0.0,0.08,0.09793449542308172,0.09793449542308172,0
74,0,2.7326042652130127,2.960589309344269,0.0,0.07999999999985766,27.876106194690266,0.07999999999979666,-0.08013324144928023,0.0,0.08,0.07999999999985766,0.07999999999985766,0
74,11,2.6529629230499268,2.960589309344269,0.0,0.07999999999985233,28.685258964143426,0.07999999999978903,-0.10971123954567895,0.0,0.08,0.07999999999985233,0.07999999999985233,0
74,5,2.742326021194458,2.960589309344269,0.0,0.08189752297357682,30.232558139534884,0.08271074710510974,-0.07658186612388221,0.0,0.08,0.08189752297357682,0.08189752297357682,0
74,12,3.042248249053955,2.960589309344269,0.027208458086154946,0.09908417673683438,26.422764227642276,0.09793449542308172,0.027208458086154946,0.027208458086154946,0.10176676646892396,0.09908417673683438,0.09908417673683438,0
74,14,2.750467300415039,2.960589309344269,0.0,0.07999999999985233,31.983805668016196,0.07999999999978903,-0.07361751459053138,0.0,0.08,0.07999999999985233,0.07999999999985233,0
74,6,2.652111291885376,2.960589309344269,0.0,0.08000652092238686,29.914529914529915,0.08000931560340979,-0.11003230241271975,0.0,0.08,0.08000652092238686,0.08000652092238686,0
74,13,2.909855365753174,2.960589309344269,0.0,0.09075910510809887,25.675675675675677,0.09537015015442696,-0.017284961997908237,0.0,0.08,0.09075910510809887,0.09075910510809887,0
74,8,2.9925496578216553,2.960589309344269,0.010737412854014083,0.08985098429256601,29.047619047619047,0.09039143601086089,0.010737412854014083,0.010737412854014083,0.08858993028321127,0.08985098429256601,0.08985098429256601,0
74,1,2.9465131759643555,2.960589309344269,0.0,0.0805475077830671,27.63157894736842,0.08078215397581014,-0.0047658424786614145,0.0,0.08,0.0805475077830671,0.0805475077830671,0
74,3,2.7699484825134277,2.960589309344269,0.0,0.08000000558454406,33.03964757709251,0.0800000079779201,-0.0665596176265114,0.0,0.08,0.08000000558454406,0.08000000558454406,0
74,19,2.503758668899536,2.960589309344269,0.0,0.07999999999985233,44.1025641025641,0.07999999999978903,-0.1675952685402212,0.0,0.08,0.07999999999985233,0.07999999999985233,0
74,7,2.905045986175537,2.960589309344269,0.0,0.08516391663562267,26.75438596491228,0.08737702376517525,-0.018939119262720083,0.0,0.08,0.08516391663562267,0.08516391663562267,0
74,18,3.1399223804473877,2.960589309344269,0.058809740304298606,0.10888033905719369,31.718061674008812,0.10109428769166004,0.058809740304298606,0.058809740304298606,0.12704779224343887,0.10888033905719369,0.10888033905719369,0
74,4,2.7944347858428955,2.960589309344269,0.0,0.07999999999985233,30.80808080808081,0.07999999999978903,-0.057758476468688806,0.0,0.08,0.07999999999985233,0.07999999999985233,0
74,17,2.59651517868042,2.960589309344269,0.0,0.07999999999986375,29.7979797979798,0.07999999999980537,-0.13121810893252747,0.0,0.08,0.07999999999986375,0.07999999999986375,0
74,2,2.436136484146118,2.960589309344269,0.0,0.07999999999986915,45.63106796116505,0.07999999999981308,-0.19497496253477892,0.0,0.08,0.07999999999986915,0.07999999999986915,0
74,15,2.7960002422332764,2.960589309344269,0.0,0.08132962349702458,24.786324786324787,0.08189946213860655,-0.05719842830863112,0.0,0.08,0.08132962349702458,0.08132962349702458,0
74,10,3.196197986602783,2.960589309344269,0.07657363447033418,0.1220102263976166,29.468599033816425,0.1137607916067663,0.07657363447033418,0.07657363447033418,0.14125890757626736,0.1220102263976166,0.1220102263976166,0
74,9,2.749084949493408,2.960589309344269,0.0,0.07999999999985233,32.916666666666664,0.07999999999978903,-0.07412022858719876,0.0,0.08,0.07999999999985233,0.07999999999985233,0
74,16,2.8258633613586426,2.960589309344269,0.0,0.08006635278179416,30.4,0.08009478968827739,-0.046574406805646645,0.0,0.08,0.08006635278179416,0.08006635278179416,0
75,1,3.0017566680908203,2.9427495418276584,0.01985331064540427,0.08514805000304398,30.70175438596491,0.0805475077830671,0.01985331064540427,0.01985331064540427,0.09588264851632342,0.08514805000304398,0.08514805000304398,0
75,15,2.810007095336914,2.9427495418276584,0.0,0.0809307364479172,30.76923076923077,0.08132962349702458,-0.04615735408121747,0.0,0.08,0.0809307364479172,0.0809307364479172,0
75,2,2.4316482543945312,2.9427495418276584,0.0,0.0799999999999084,43.689320388349515,0.07999999999986915,-0.19077504049630833,0.0,0.08,0.0799999999999084,0.0799999999999084,0
75,10,3.0734381675720215,2.9427495418276584,0.043452496482640525,0.11983575763416535,24.63768115942029,0.1220102263976166,0.043452496482640525,0.043452496482640525,0.11476199718611242,0.11983575763416535,0.11983575763416535,0
75,9,2.9973764419555664,2.9427495418276584,0.01839302402776105,0.08441432576655927,27.083333333333332,0.07999999999985233,0.01839302402776105,0.01839302402776105,0.09471441922220884,0.08441432576655927,0.08441432576655927,0
75,13,3.0438876152038574,2.9427495418276584,0.03379115648596618,0.0956412511323011,29.72972972972973,0.09075910510809887,0.03379115648596618,0.03379115648596618,0.10703292518877294,0.0956412511323011,0.0956412511323011,0
75,7,3.280963182449341,2.9427495418276584,0.10879266950873041,0.10972498232703116,28.94736842105263,0.08516391663562267,0.10879266950873041,0.10879266950873041,0.16703413560698432,0.10972498232703116,0.10972498232703116,0
75,17,2.6579749584198,2.9427495418276584,0.0,0.07999999999990462,31.31313131313131,0.07999999999986375,-0.10177982321590034,0.0,0.08,0.07999999999990462,0.07999999999990462,0
75,19,2.63228440284729,2.9427495418276584,0.0,0.07999999999989663,45.64102564102564,0.07999999999985233,-0.11149229879583522,0.0,0.08,0.07999999999989663,0.07999999999989663,0
75,3,2.8816678524017334,2.9427495418276584,0.0,0.08000000390918084,36.563876651982376,0.08000000558454406,-0.020975120600609614,0.0,0.08,0.08000000390918084,0.08000000390918084,0
75,16,2.855679512023926,2.9427495418276584,0.0,0.0800464469472559,26.8,0.08006635278179416,-0.030034540008740025,0.0,0.08,0.0800464469472559,0.0800464469472559,0
75,5,2.9349429607391357,2.9427495418276584,0.0,0.08132826608150376,32.093023255813954,0.08189752297357682,-0.002656343675319687,0.0,0.08,0.08132826608150376,0.08132826608150376,0
75,18,3.0948281288146973,2.9427495418276584,0.050388009927083574,0.11230935972253564,24.669603524229075,0.10888033905719369,0.050388009927083574,0.050388009927083574,0.12031040794166686,0.11230935972253564,0.11230935972253564,0
75,8,2.902310371398926,2.9427495418276584,0.0,0.08689568900479619,25.714285714285715,0.08985098429256601,-0.013837262963528047,0.0,0.08,0.08689568900479619,0.08689568900479619,0
75,4,2.548165798187256,2.9427495418276584,0.0,0.07999999999989663,31.31313131313131,0.07999999999985233,-0.14397055656376803,0.0,0.08,0.07999999999989663,0.07999999999989663,0
75,11,2.7181882858276367,2.9427495418276584,0.0,0.07999999999989663,33.46613545816733,0.07999999999985233,-0.07937877533749203,0.0,0.08,0.07999999999989663,0.07999999999989663,0
75,0,2.862640142440796,2.9427495418276584,0.0,0.07999999999990036,34.07079646017699,0.07999999999985766,-0.027600036780173993,0.0,0.08,0.07999999999990036,0.07999999999990036,0
75,6,2.608661651611328,2.9427495418276584,0.0,0.0800045646456708,35.042735042735046,0.08000652092238686,-0.12050704952091822,0.0,0.08,0.0800045646456708,0.0800045646456708,0
75,14,2.6109535694122314,2.9427495418276584,0.0,0.07999999999989663,34.412955465587046,0.07999999999985233,-0.11962885530836832,0.0,0.08,0.07999999999989663,0.07999999999989663,0
75,12,3.0963144302368164,2.9427495418276584,0.05086814794092989,0.10556727922160723,25.609756097560975,0.09908417673683438,0.05086814794092989,0.05086814794092989,0.12069451835274392,0.10556727922160723,0.10556727922160723,0
76,19,2.5740087032318115,2.935689987387019,0.0,0.07999999999992763,38.97435897435897,0.07999999999989663,-0.13147802419440688,0.0,0.08,0.07999999999992763,0.07999999999992763,0
76,4,2.7081634998321533,2.935689987387019,0.0,0.07999999999992763,32.323232323232325,0.07999999999989663,-0.08067178493682081,0.0,0.08,0.07999999999992763,0.07999999999992763,0
76,6,2.8021652698516846,2.935689987387019,0.0,0.08000319525196956,30.34188034188034,0.0800045646456708,-0.04655008589604299,0.0,0.08,0.08000319525196956,0.08000319525196956,0
76,2,2.392835855484009,2.935689987387019,0.0,0.07999999999993587,35.43689320388349,0.0799999999999084,-0.20446330131686222,0.0,0.08,0.07999999999993587,0.07999999999993587,0
76,3,2.6816234588623047,2.935689987387019,0.0,0.08000000273642659,35.68281938325991,0.08000000390918084,-0.09052013537601601,0.0,0.08,0.08000000273642659,0.08000000273642659,0
76,10,2.9878413677215576,2.935689987387019,0.017608660966311293,0.11211110897583046,29.95169082125604,0.11983575763416535,0.017608660966311293,0.017608660966311293,0.09408692877304904,0.11211110897583046,0.11211110897583046,0
76,1,2.8472728729248047,2.935689987387019,0.0,0.08360363500213078,24.12280701754386,0.08514805000304398,-0.030580865465248967,0.0,0.08,0.08360363500213078,0.08360363500213078,0
76,8,2.912167549133301,2.935689987387019,0.0,0.08482698230335733,26.19047619047619,0.08689568900479619,-0.008044848866370516,0.0,0.08,0.08482698230335733,0.08482698230335733,0
76,15,2.8749873638153076,2.935689987387019,0.0,0.08065151551354205,28.632478632478634,0.0809307364479172,-0.02089423593330091,0.0,0.08,0.08065151551354205,0.08065151551354205,0
76,13,3.039456367492676,2.935689987387019,0.034736157777601806,0.09928555365923519,26.576576576576578,0.0956412511323011,0.034736157777601806,0.034736157777601806,0.10778892622208144,0.09928555365923519,0.09928555365923519,0
76,11,2.5287764072418213,2.935689987387019,0.0,0.07999999999992763,33.06772908366534,0.07999999999989663,-0.14920696225230504,0.0,0.08,0.07999999999992763,0.07999999999992763,0
76,18,3.091581344604492,2.935689987387019,0.051740206790098026,0.11503420143539847,25.550660792951543,0.11230935972253564,0.051740206790098026,0.051740206790098026,0.12139216543207842,0.11503420143539847,0.11503420143539847,0
76,12,2.9319982528686523,2.935689987387019,0.0,0.09789709545512507,25.609756097560975,0.10556727922160723,-0.001258326905501186,0.0,0.08,0.09789709545512507,0.09789709545512507,0
76,7,2.9311187267303467,2.935689987387019,0.0,0.1008074876289218,26.75438596491228,0.10972498232703116,-0.0015583468931505578,0.0,0.08,0.1008074876289218,0.1008074876289218,0
76,9,2.7108066082000732,2.935689987387019,0.0,0.08309002803659149,28.333333333333332,0.08441432576655927,-0.07969628276018148,0.0,0.08,0.08309002803659149,0.08309002803659149,0
76,16,2.8335306644439697,2.935689987387019,0.0,0.08003251286307914,29.6,0.0800464469472559,-0.03541899625007609,0.0,0.08,0.08003251286307914,0.08003251286307914,0
76,0,2.8989157676696777,2.935689987387019,0.0,0.07999999999993024,26.548672566371682,0.07999999999990036,-0.012605721139931194,0.0,0.08,0.07999999999993024,0.07999999999993024,0
76,17,2.8918583393096924,2.935689987387019,0.0,0.07999999999993324,31.31313131313131,0.07999999999990462,-0.01504319554297693,0.0,0.08,0.07999999999993324,0.07999999999993324,0
76,14,2.7221145629882812,2.935689987387019,0.0,0.07999999999992763,32.79352226720648,0.07999999999989663,-0.07553352364055305,0.0,0.08,0.07999999999992763,0.07999999999992763,0
76,5,2.6691460609436035,2.935689987387019,0.0,0.08092978625705263,30.697674418604652,0.08132826608150376,-0.09518392081550617,0.0,0.08,0.08092978625705263,0.08092978625705263,0
77,14,2.6506259441375732,2.9261611655167554,0.0,0.07999999999994933,30.364372469635626,0.07999999999992763,-0.09889556377586549,0.0,0.08,0.07999999999994933,0.07999999999994933,0
77,5,2.651507616043091,2.9261611655167554,0.0,0.08065085037993684,32.55813953488372,0.08092978625705263,-0.09856299127450882,0.0,0.08,0.08065085037993684,0.08065085037993684,0
77,11,2.6446926593780518,2.9261611655167554,0.0,0.07999999999994933,27.888446215139442,0.07999999999992763,-0.10113651948198447,0.0,0.08,0.07999999999994933,0.07999999999994933,0
77,3,2.662052869796753,2.9261611655167554,0.0,0.08000000191549861,28.634361233480178,0.08000000273642659,-0.09459380052693112,0.0,0.08,0.08000000191549861,0.08000000191549861,0
77,18,2.8809478282928467,2.9261611655167554,0.0,0.10452394100477894,24.669603524229075,0.11503420143539847,-0.01557203446831845,0.0,0.08,0.10452394100477894,0.10452394100477894,0
77,7,2.7681102752685547,2.9261611655167554,0.0,0.09456524134024527,25.0,0.1008074876289218,-0.055526505083979154,0.0,0.08,0.09456524134024527,0.09456524134024527,0
77,2,2.373082160949707,2.9261611655167554,0.0,0.07999999999995511,40.29126213592233,0.07999999999993587,-0.20950178068085,0.0,0.08,0.07999999999995511,0.07999999999995511,0
77,1,2.876735210418701,2.9261611655167554,0.0,0.08252254450149155,29.82456140350877,0.08360363500213078,-0.017035337877999202,0.0,0.08,0.08252254450149155,0.08252254450149155,0
77,16,2.7560932636260986,2.9261611655167554,0.0,0.0800227590041554,30.4,0.08003251286307914,-0.05987718856970326,0.0,0.08,0.0800227590041554,0.0800227590041554,0
77,15,2.6791696548461914,2.9261611655167554,0.0,0.08045606085947943,30.76923076923077,0.08065151551354205,-0.08818446502286009,0.0,0.08,0.08045606085947943,0.08045606085947943,0
77,17,2.7921142578125,2.9261611655167554,0.0,0.07999999999995326,30.80808080808081,0.07999999999993324,-0.04689227405994944,0.0,0.08,0.07999999999995326,0.07999999999995326,0
77,13,2.7805120944976807,2.9261611655167554,0.0,0.09349988756146463,26.126126126126128,0.09928555365923519,-0.05105626400065033,0.0,0.08,0.09349988756146463,0.09349988756146463,0
77,12,2.968538284301758,2.9261611655167554,0.014378289875408642,0.09597875638868561,29.26829268292683,0.09789709545512507,0.014378289875408642,0.014378289875408642,0.09150263190032691,0.09597875638868561,0.09597875638868561,0
77,9,2.5865478515625,2.9261611655167554,0.0,0.08216301962561404,32.5,0.08309002803659149,-0.1233672703256354,0.0,0.08,0.08216301962561404,0.08216301962561404,0
77,8,3.1004104614257812,2.9261611655167554,0.057843127873465565,0.09726123830198186,25.714285714285715,0.08482698230335733,0.057843127873465565,0.057843127873465565,0.12627450229877246,0.09726123830198186,0.09726123830198186,0
77,6,2.819216728210449,2.9261611655167554,0.0,0.08000223667637868,34.61538461538461,0.08000319525196956,-0.03723229102749926,0.0,0.08,0.08000223667637868,0.08000223667637868,0
77,10,2.970184803009033,2.9261611655167554,0.014932792491446367,0.10606164648102845,29.468599033816425,0.11211110897583046,0.014932792491446367,0.014932792491446367,0.0919462339931571,0.10606164648102845,0.10606164648102845,0
77,19,2.6087448596954346,2.9261611655167554,0.0,0.07999999999994933,41.02564102564103,0.07999999999992763,-0.11482217215797537,0.0,0.08,0.07999999999994933,0.07999999999994933,0
77,0,2.848379135131836,2.9261611655167554,0.0,0.07999999999995117,27.43362831858407,0.07999999999993024,-0.026941273498483652,0.0,0.08,0.07999999999995117,0.07999999999995117,0
77,4,2.7364516258239746,2.9261611655167554,0.0,0.07999999999994933,29.292929292929294,0.07999999999992763,-0.06702932727895419,0.0,0.08,0.07999999999994933,0.07999999999994933,0
78,3,2.782393455505371,2.9097552259098123,0.0,0.08000000134084903,28.19383259911894,0.08000000191549861,-0.044757450169664585,0.0,0.08,0.08000000134084903,0.08000000134084903,0
78,19,2.505974292755127,2.9097552259098123,0.0,0.07999999999996453,37.94871794871795,0.07999999999994933,-0.14939136414100065,0.0,0.08,0.07999999999996453,0.07999999999996453,0
78,6,2.8074543476104736,2.9097552259098123,0.0,0.08000156567346507,28.632478632478634,0.08000223667637868,-0.03579081608337725,0.0,0.08,0.08000156567346507,0.08000156567346507,0
78,2,2.4199068546295166,2.9097552259098123,0.0,0.07999999999996857,40.77669902912621,0.07999999999995511,-0.18433991253692342,0.0,0.08,0.07999999999996857,0.07999999999996857,0
78,8,3.0086469650268555,2.9097552259098123,0.03342150146839889,0.10010402716380304,29.047619047619047,0.09726123830198186,0.03342150146839889,0.03342150146839889,0.10673720117471912,0.10010402716380304,0.10010402716380304,0
78,0,2.717332124710083,2.9097552259098123,0.0,0.07999999999996582,26.548672566371682,0.07999999999995117,-0.06841840012519249,0.0,0.08,0.07999999999996582,0.07999999999996582,0
78,5,2.71319317817688,2.9097552259098123,0.0,0.08045559526595578,33.95348837209303,0.08065085037993684,-0.06994272681130068,0.0,0.08,0.08045559526595578,0.08045559526595578,0
78,11,2.6119189262390137,2.9097552259098123,0.0,0.07999999999996453,33.864541832669325,0.07999999999994933,-0.10798379047260398,0.0,0.08,0.07999999999996453,0.07999999999996453,0
78,14,2.6785173416137695,2.9097552259098123,0.0,0.07999999999996453,30.76923076923077,0.07999999999994933,-0.08280555184819094,0.0,0.08,0.07999999999996453,0.07999999999996453,0
78,4,2.9812347888946533,2.9097552259098123,0.024268610463611014,0.08582446651123117,30.80808080808081,0.07999999999994933,0.024268610463611014,0.024268610463611014,0.09941488837088881,0.08582446651123117,0.08582446651123117,0
78,12,3.008572578430176,2.9097552259098123,0.03339677689390101,0.09920035592661616,23.170731707317074,0.09597875638868561,0.03339677689390101,0.03339677689390101,0.10671742151512081,0.09920035592661616,0.09920035592661616,0
78,15,2.8418049812316895,2.9097552259098123,0.0,0.08031924260163559,28.632478632478634,0.08045606085947943,-0.023629555691588023,0.0,0.08,0.08031924260163559,0.08031924260163559,0
78,7,2.876626968383789,2.9097552259098123,0.0,0.09019566893817169,28.07017543859649,0.09456524134024527,-0.01145054656467984,0.0,0.08,0.09019566893817169,0.09019566893817169,0
78,17,2.700873851776123,2.9097552259098123,0.0,0.07999999999996728,34.343434343434346,0.07999999999995326,-0.07449359311885954,0.0,0.08,0.07999999999996728,0.07999999999996728,0
78,18,3.0332043170928955,2.9097552259098123,0.04155062814583102,0.1071389094583447,27.312775330396477,0.10452394100477894,0.04155062814583102,0.04155062814583102,0.11324050251666481,0.1071389094583447,0.1071389094583447,0
78,9,2.764791965484619,2.9097552259098123,0.0,0.08151411373792983,28.333333333333332,0.08216301962561404,-0.051103569036737385,0.0,0.08,0.08151411373792983,0.08151411373792983,0
78,10,3.0567681789398193,2.9097552259098123,0.0492892441676843,0.11007257113696414,26.08695652173913,0.10606164648102845,0.0492892441676843,0.0492892441676843,0.11943139533414744,0.11007257113696414,0.11007257113696414,0
78,13,2.962818145751953,2.9097552259098123,0.018071928766897647,0.09378718419708068,22.52252252252252,0.09349988756146463,0.018071928766897647,0.018071928766897647,0.09445754301351812,0.09378718419708068,0.09378718419708068,0
78,1,2.7491207122802734,2.9097552259098123,0.0,0.08176578115104408,30.70175438596491,0.08252254450149155,-0.056787843075676525,0.0,0.08,0.08176578115104408,0.08176578115104408,0
78,16,2.6864047050476074,2.9097552259098123,0.0,0.08001593130290877,27.6,0.0800227590041554,-0.07986520378033592,0.0,0.08,0.08001593130290877,0.08001593130290877,0
79,12,2.8062920570373535,2.8961389743683306,0.0,0.0934402491486313,23.577235772357724,0.09920035592661616,-0.031514402334703547,0.0,0.08,0.0934402491486313,0.0934402491486313,0
79,13,2.7716476917266846,2.8961389743683306,0.0,0.08965102893795648,26.126126126126128,0.09378718419708068,-0.04393648369016316,0.0,0.08,0.08965102893795648,0.08965102893795648,0
79,4,2.7319416999816895,2.8961389743683306,0.0,0.08407712655786181,28.78787878787879,0.08582446651123117,-0.05836585975513599,0.0,0.08,0.08407712655786181,0.08407712655786181,0
79,1,2.7950868606567383,2.8961389743683306,0.0,0.08123604680573085,30.70175438596491,0.08176578115104408,-0.03551527835186172,0.0,0.08,0.08123604680573085,0.08123604680573085,0
79,10,3.264090061187744,2.8961389743683306,0.119602566848707,0.12975541583956457,20.28985507246377,0.11007257113696414,0.119602566848707,0.119602566848707,0.1756820534789656,0.12975541583956457,0.12975541583956457,0
79,3,2.816450357437134,2.8961389743683306,0.0,0.08000000093859432,31.277533039647576,0.08000000134084903,-0.02790110808539307,0.0,0.08,0.08000000093859432,0.08000000093859432,0
79,7,2.8584935665130615,2.8961389743683306,0.0,0.08713696825672018,28.94736842105263,0.09019566893817169,-0.013083700645458315,0.0,0.08,0.08713696825672018,0.08713696825672018,0
79,18,3.019320487976074,2.8961389743683306,0.04165334018836435,0.10899403826604873,30.39647577092511,0.1071389094583447,0.04165334018836435,0.04165334018836435,0.11332267215069147,0.10899403826604873,0.10899403826604873,0
79,19,2.4310173988342285,2.8961389743683306,0.0,0.07999999999997517,48.205128205128204,0.07999999999996453,-0.17506860872112293,0.0,0.08,0.07999999999997517,0.07999999999997517,0
79,9,2.9503355026245117,2.8961389743683306,0.01854043176587381,0.08550958324036059,31.666666666666668,0.08151411373792983,0.01854043176587381,0.01854043176587381,0.09483234541269905,0.08550958324036059,0.08550958324036059,0
79,0,2.6671669483184814,2.8961389743683306,0.0,0.07999999999997606,31.41592920353982,0.07999999999996582,-0.08236162042707176,0.0,0.08,0.07999999999997606,0.07999999999997606,0
79,5,2.7121212482452393,2.8961389743683306,0.0,0.08031891668616904,29.302325581395348,0.08045559526595578,-0.0656473843908378,0.0,0.08,0.08031891668616904,0.08031891668616904,0
79,17,2.5332460403442383,2.8961389743683306,0.0,0.07999999999997709,27.272727272727273,0.07999999999996728,-0.13387696099264693,0.0,0.08,0.07999999999997709,0.07999999999997709,0
79,8,2.9284751415252686,2.8961389743683306,0.01110339624792737,0.0967376341141647,25.714285714285715,0.10010402716380304,0.01110339624792737,0.01110339624792737,0.0888827169983419,0.0967376341141647,0.0967376341141647,0
79,14,2.794158697128296,2.8961389743683306,0.0,0.07999999999997517,38.05668016194332,0.07999999999996453,-0.03584740315262677,0.0,0.08,0.07999999999997517,0.07999999999997517,0
79,6,2.775270700454712,2.8961389743683306,0.0,0.08000109597142555,24.358974358974358,0.08000156567346507,-0.04263016945439584,0.0,0.08,0.08000109597142555,0.08000109597142555,0
79,15,2.5666892528533936,2.8961389743683306,0.0,0.08022346982114491,28.632478632478634,0.08031924260163559,-0.1207616213499011,0.0,0.08,0.08022346982114491,0.08022346982114491,0
79,11,2.6744155883789062,2.8961389743683306,0.0,0.07999999999997517,33.864541832669325,0.07999999999996453,-0.07964757662714474,0.0,0.08,0.07999999999997517,0.07999999999997517,0
79,2,2.3048486709594727,2.8961389743683306,0.0,0.07999999999997799,41.74757281553398,0.07999999999996857,-0.22836343909188003,0.0,0.08,0.07999999999997799,0.07999999999997799,0
79,16,2.7889533042907715,2.8961389743683306,0.0,0.08001115191203613,28.4,0.08001593130290877,-0.03771209593537986,0.0,0.08,0.08001115191203613,0.08001115191203613,0
80,7,2.7088429927825928,2.8847362771687717,0.0,0.08499587777970413,31.140350877192983,0.08713696825672018,-0.06291188003588413,0.0,0.08,0.08499587777970413,0.08499587777970413,0
80,13,2.771651029586792,2.8847362771687717,0.0,0.08675572025656952,26.126126126126128,0.08965102893795648,-0.03999030171348608,0.0,0.08,0.08675572025656952,0.08675572025656952,0
80,6,2.5874855518341064,2.8847362771687717,0.0,0.08000076717999788,29.05982905982906,0.08000109597142555,-0.10874690891325789,0.0,0.08,0.08000076717999788,0.08000076717999788,0
80,4,2.771301507949829,2.8847362771687717,0.0,0.08285398859050327,32.82828282828283,0.08407712655786181,-0.04011641559730454,0.0,0.08,0.08285398859050327,0.08285398859050327,0
80,17,2.5115716457366943,2.8847362771687717,0.0,0.07999999999998396,30.80808080808081,0.07999999999997709,-0.13852477266888324,0.0,0.08,0.07999999999998396,0.07999999999998396,0
80,11,2.717860698699951,2.8847362771687717,0.0,0.07999999999998261,32.27091633466136,0.07999999999997517,-0.05958842082486827,0.0,0.08,0.07999999999998261,0.07999999999998261,0
80,2,2.5330638885498047,2.8847362771687717,0.0,0.07999999999998458,34.46601941747573,0.07999999999997799,-0.13000389038929275,0.0,0.08,0.07999999999998458,0.07999999999998458,0
80,8,2.7754476070404053,2.8847362771687717,0.0,0.09171634387991529,29.047619047619047,0.0967376341141647,-0.03862144989330119,0.0,0.08,0.09171634387991529,0.09171634387991529,0
80,3,2.684814691543579,2.8847362771687717,0.0,0.08000000065701601,34.801762114537446,0.08000000093859432,-0.0718217744028155,0.0,0.08,0.08000000065701601,0.08000000065701601,0
80,18,3.024634599685669,2.8847362771687717,0.04735680647884486,0.11166146034115687,25.550660792951543,0.10899403826604873,0.04735680647884486,0.04735680647884486,0.1178854451830759,0.11166146034115687,0.11166146034115687,0
80,15,2.777090549468994,2.8847362771687717,0.0,0.08015642887480143,35.47008547008547,0.08022346982114491,-0.03802966918894272,0.0,0.08,0.08015642887480143,0.08015642887480143,0
80,5,2.9146790504455566,2.8847362771687717,0.010326226886826556,0.0827015361331567,28.837209302325583,0.08031891668616904,0.010326226886826556,0.010326226886826556,0.08826098150946124,0.0827015361331567,0.0827015361331567,0
80,9,2.885500192642212,2.8847362771687717,0.0002647778749630987,0.08392025495824355,29.166666666666668,0.08550958324036059,0.0002647778749630987,0.0002647778749630987,0.08021182229997048,0.08392025495824355,0.08392025495824355,0
80,19,2.5810630321502686,2.8847362771687717,0.0,0.07999999999998261,39.48717948717949,0.07999999999997517,-0.11123214160877612,0.0,0.08,0.07999999999998261,0.07999999999998261,0
80,10,3.00177264213562,2.8847362771687717,0.03976951068839426,0.12437347365290981,23.67149758454106,0.12975541583956457,0.03976951068839426,0.03976951068839426,0.1118156085507154,0.12437347365290981,0.12437347365290981,0
80,16,2.6784541606903076,2.8847362771687717,0.0,0.08000780633842529,29.6,0.08001115191203613,-0.0741936613944032,0.0,0.08,0.08000780633842529,0.08000780633842529,0
80,14,2.570047378540039,2.8847362771687717,0.0,0.07999999999998261,31.17408906882591,0.07999999999997517,-0.11550914966391447,0.0,0.08,0.07999999999998261,0.07999999999998261,0
80,12,2.788586139678955,2.8847362771687717,0.0,0.08940817440404192,21.951219512195124,0.0934402491486313,-0.03389877652029244,0.0,0.08,0.08940817440404192,0.08940817440404192,0
80,1,2.8419458866119385,2.8847362771687717,0.0,0.08086523276401159,32.45614035087719,0.08123604680573085,-0.014944495110338877,0.0,0.08,0.08086523276401159,0.08086523276401159,0
80,0,2.817615509033203,2.8847362771687717,0.0,0.07999999999998324,30.97345132743363,0.07999999999997606,-0.02354252088621569,0.0,0.08,0.07999999999998324,0.07999999999998324,0
81,4,2.5881643295288086,2.873410276328726,0.0,0.08199779201335229,29.7979797979798,0.08285398859050327,-0.10455070222049911,0.0,0.08,0.08199779201335229,0.08199779201335229,0
81,6,2.9707651138305664,2.873410276328726,0.03331995965449399,0.08799732734307708,32.05128205128205,0.08000076717999788,0.03331995965449399,0.03331995965449399,0.1066559677235952,0.08799732734307708,0.08799732734307708,0
81,12,3.0202009677886963,2.873410276328726,0.04982380067534461,0.09854343424491205,24.796747967479675,0.08940817440404192,0.04982380067534461,0.04982380067534461,0.11985904054027569,0.09854343424491205,0.09854343424491205,0
81,19,2.4602718353271484,2.873410276328726,0.0,0.07999999999998783,44.1025641025641,0.07999999999998261,-0.15522772736434992,0.0,0.08,0.07999999999998783,0.07999999999998783,0
81,8,2.9382998943328857,2.873410276328726,0.0223315728254198,0.09356101819404145,25.238095238095237,0.09171634387991529,0.0223315728254198,0.0223315728254198,0.09786525826033585,0.09356101819404145,0.09356101819404145,0
81,13,3.0953009128570557,2.873410276328726,0.07438555268622149,0.10258153682429183,22.972972972972972,0.08675572025656952,0.07438555268622149,0.07438555268622149,0.1395084421489772,0.10258153682429183,0.10258153682429183,0
81,17,2.5928564071655273,2.873410276328726,0.0,0.07999999999998877,31.31313131313131,0.07999999999998396,-0.10273944565936242,0.0,0.08,0.07999999999998877,0.07999999999998877,0
81,15,2.6916587352752686,2.873410276328726,0.0,0.08010950021236099,29.914529914529915,0.08015642887480143,-0.06534193992931453,0.0,0.08,0.08010950021236099,0.08010950021236099,0
81,0,2.727024555206299,2.873410276328726,0.0,0.07999999999998826,31.858407079646017,0.07999999999998324,-0.05228846546780362,0.0,0.08,0.07999999999998826,0.07999999999998826,0
81,11,2.504474401473999,2.873410276328726,0.0,0.07999999999998783,42.62948207171315,0.07999999999998261,-0.13742068069023033,0.0,0.08,0.07999999999998783,0.07999999999998783,0
81,5,2.79314923286438,2.873410276328726,0.0,0.08189107529320969,33.02325581395349,0.0827015361331567,-0.02832985728882747,0.0,0.08,0.08189107529320969,0.08189107529320969,0
81,9,2.814049005508423,2.873410276328726,0.0,0.08274417847077048,35.833333333333336,0.08392025495824355,-0.02087520044681793,0.0,0.08,0.08274417847077048,0.08274417847077048,0
81,3,2.6477162837982178,2.873410276328726,0.0,0.08000000045991121,31.277533039647576,0.08000000065701601,-0.08180208490322133,0.0,0.08,0.08000000045991121,0.08000000045991121,0
81,16,2.645522356033325,2.873410276328726,0.0,0.0800054644368977,30.4,0.08000780633842529,-0.08263103973844317,0.0,0.08,0.0800054644368977,0.0800054644368977,0
81,10,3.063964366912842,2.873410276328726,0.06421004804302381,0.12647184308736256,24.63768115942029,0.12437347365290981,0.06421004804302381,0.06421004804302381,0.13136803843441905,0.12647184308736256,0.12647184308736256,0
81,7,2.9163548946380615,2.873410276328726,0.014834938716102643,0.08705749973765751,30.70175438596491,0.08499587777970413,0.014834938716102643,0.014834938716102643,0.09186795097288211,0.08705749973765751,0.08705749973765751,0
81,18,3.047947645187378,2.873410276328726,0.05896888674817319,0.11631555505837136,27.75330396475771,0.11166146034115687,0.05896888674817319,0.05896888674817319,0.12717510939853854,0.11631555505837136,0.11631555505837136,0
81,2,2.392199754714966,2.873410276328726,0.0,0.0799999999999892,44.1747572815534,0.07999999999998458,-0.18328623115566833,0.0,0.08,0.0799999999999892,0.0799999999999892,0
81,1,2.782198905944824,2.873410276328726,0.0,0.08060566293480811,28.50877192982456,0.08086523276401159,-0.03225798543010572,0.0,0.08,0.08060566293480811,0.08060566293480811,0
81,14,2.6558942794799805,2.873410276328726,0.0,0.07999999999998783,32.388663967611336,0.07999999999998261,-0.07871814725928299,0.0,0.08,0.07999999999998783,0.07999999999998783,0
82,18,3.0337634086608887,2.8615304217534097,0.05844730346973106,0.1194482413735954,24.669603524229075,0.11631555505837136,0.05844730346973106,0.05844730346973106,0.12675784277578483,0.1194482413735954,0.1194482413735954,0
82,9,2.6392412185668945,2.8615304217534097,0.0,0.08192092492953934,27.916666666666668,0.08274417847077048,-0.0808651352805069,0.0,0.08,0.08192092492953934,0.08192092492953934,0
82,19,2.35745906829834,2.8615304217534097,0.0,0.07999999999999148,45.12820512820513,0.07999999999998783,-0.19377222042302802,0.0,0.08,0.07999999999999148,0.07999999999999148,0
82,15,2.7823967933654785,2.8615304217534097,0.0,0.08007665014865269,34.18803418803419,0.08010950021236099,-0.02804388196542292,0.0,0.08,0.08007665014865269,0.08007665014865269,0
82,10,2.9476606845855713,2.8615304217534097,0.02965527318070387,0.11964755572452271,24.63768115942029,0.12647184308736256,0.02965527318070387,0.02965527318070387,0.1037242185445631,0.11964755572452271,0.11964755572452271,0
82,7,2.854296922683716,2.8615304217534097,0.0,0.08494024981636025,31.140350877192983,0.08705749973765751,-0.0025310431789071115,0.0,0.08,0.08494024981636025,0.08494024981636025,0
82,5,2.7193186283111572,2.8615304217534097,0.0,0.08132375270524678,32.093023255813954,0.08189107529320969,-0.05097524939946087,0.0,0.08,0.08132375270524678,0.08132375270524678,0
82,0,2.7122931480407715,2.8615304217534097,0.0,0.07999999999999177,26.106194690265486,0.07999999999998826,-0.05356213684711399,0.0,0.08,0.07999999999999177,0.07999999999999177,0
82,2,2.2893693447113037,2.8615304217534097,0.0,0.07999999999999244,38.83495145631068,0.0799999999999892,-0.2230802090226144,0.0,0.08,0.07999999999999244,0.07999999999999244,0
82,6,2.770340919494629,2.8615304217534097,0.0,0.08559812914015395,28.632478632478634,0.08799732734307708,-0.03238620584039049,0.0,0.08,0.08559812914015395,0.08559812914015395,0
82,13,2.7766270637512207,2.8615304217534097,0.0,0.09580707577700429,26.576576576576578,0.10258153682429183,-0.030119689450190452,0.0,0.08,0.09580707577700429,0.09580707577700429,0
82,8,2.8223612308502197,2.8615304217534097,0.0,0.08949271273582901,22.38095238095238,0.09356101819404145,-0.013782743661864102,0.0,0.08,0.08949271273582901,0.08949271273582901,0
82,4,2.595656156539917,2.8615304217534097,0.0,0.0813984544093466,28.282828282828284,0.08199779201335229,-0.09751725503976598,0.0,0.08,0.0813984544093466,0.0813984544093466,0
82,17,2.4878194332122803,2.8615304217534097,0.0,0.07999999999999213,35.35353535353536,0.07999999999998877,-0.13994999651857853,0.0,0.08,0.07999999999999213,0.07999999999999213,0
82,11,2.669541597366333,2.8615304217534097,0.0,0.07999999999999148,34.66135458167331,0.07999999999998783,-0.06944982266727213,0.0,0.08,0.07999999999999148,0.07999999999999148,0
82,16,2.7322330474853516,2.8615304217534097,0.0,0.08000382510582837,33.2,0.0800054644368977,-0.04623735308918575,0.0,0.08,0.08000382510582837,0.08000382510582837,0
82,14,2.5531888008117676,2.8615304217534097,0.0,0.07999999999999148,31.57894736842105,0.07999999999998783,-0.11401350573323482,0.0,0.08,0.07999999999999148,0.07999999999999148,0
82,3,2.684452772140503,2.8615304217534097,0.0,0.08000000032193784,29.07488986784141,0.08000000045991121,-0.06387969605055309,0.0,0.08,0.08000000032193784,0.08000000032193784,0
82,12,2.7836596965789795,2.8615304217534097,0.0,0.09298040397143842,20.73170731707317,0.09854343424491205,-0.027590094536956718,0.0,0.08,0.09298040397143842,0.09298040397143842,0
82,1,2.8703627586364746,2.8615304217534097,0.0030818242995154193,0.08116360188624938,32.45614035087719,0.08060566293480811,0.0030818242995154193,0.0030818242995154193,0.08246545943961234,0.08116360188624938,0.08116360188624938,0
83,14,2.4197020530700684,2.847954963367894,0.0,0.07999999999999403,30.76923076923077,0.07999999999999148,-0.16295676535625772,0.0,0.08,0.07999999999999403,0.07999999999999403,0
83,11,2.572657585144043,2.847954963367894,0.0,0.07999999999999403,35.85657370517928,0.07999999999999148,-0.10166173518728601,0.0,0.08,0.07999999999999403,0.07999999999999403,0
83,1,2.740993022918701,2.847954963367894,0.0,0.08081452132037456,33.333333333333336,0.08116360188624938,-0.03828090799711025,0.0,0.08,0.08081452132037456,0.08081452132037456,0
83,0,2.7529244422912598,2.847954963367894,0.0,0.07999999999999424,26.106194690265486,0.07999999999999177,-0.033937399685266476,0.0,0.08,0.07999999999999424,0.07999999999999424,0
83,3,2.4550840854644775,2.847954963367894,0.0,0.08000000022535649,38.32599118942731,0.08000000032193784,-0.14844016808030888,0.0,0.08,0.08000000022535649,0.08000000022535649,0
83,12,2.9514732360839844,2.847954963367894,0.03570326763073352,0.09765506701138293,30.08130081300813,0.09298040397143842,0.03570326763073352,0.03570326763073352,0.10856261410458681,0.09765506701138293,0.09765506701138293,0
83,4,2.602932929992676,2.847954963367894,0.0,0.08097891808654262,27.77777777777778,0.0813984544093466,-0.08996232041567587,0.0,0.08,0.08097891808654262,0.08097891808654262,0
83,7,2.900438070297241,2.847954963367894,0.01826060424335722,0.0878407198898579,28.94736842105263,0.08494024981636025,0.01826060424335722,0.01826060424335722,0.09460848339468578,0.0878407198898579,0.0878407198898579,0
83,8,2.9108424186706543,2.847954963367894,0.021841350164734274,0.09188682295461653,24.285714285714285,0.08949271273582901,0.021841350164734274,0.021841350164734274,0.09747308013178742,0.09188682295461653,0.09188682295461653,0
83,16,2.737609624862671,2.847954963367894,0.0,0.08000267757407986,32.4,0.08000382510582837,-0.03951603990622133,0.0,0.08,0.08000267757407986,0.08000267757407986,0
83,13,2.857698917388916,2.847954963367894,0.00341554663609784,0.09188468423656647,28.82882882882883,0.09580707577700429,0.00341554663609784,0.00341554663609784,0.08273243730887828,0.09188468423656647,0.09188468423656647,0
83,6,2.8907272815704346,2.847954963367894,0.014906944934838738,0.08749635718246906,29.914529914529915,0.08559812914015395,0.014906944934838738,0.014906944934838738,0.091925555947871,0.08749635718246906,0.08749635718246906,0
83,18,3.0119965076446533,2.847954963367894,0.05600197026471241,0.12105424182504776,28.19383259911894,0.1194482413735954,0.05600197026471241,0.05600197026471241,0.12480157621176993,0.12105424182504776,0.12105424182504776,0
83,19,2.4575700759887695,2.847954963367894,0.0,0.07999999999999403,49.23076923076923,0.07999999999999148,-0.14742809165698675,0.0,0.08,0.07999999999999403,0.07999999999999403,0
83,15,2.7377049922943115,2.847954963367894,0.0,0.08005365510405688,30.76923076923077,0.08007665014865269,-0.039481204490187646,0.0,0.08,0.08005365510405688,0.08005365510405688,0
83,9,2.5542092323303223,2.847954963367894,0.0,0.08134464745067754,30.833333333333332,0.08192092492953934,-0.10885850195490623,0.0,0.08,0.08134464745067754,0.08134464745067754,0
83,17,2.5117688179016113,2.847954963367894,0.0,0.07999999999999449,30.80808080808081,0.07999999999999213,-0.1256139662498259,0.0,0.08,0.07999999999999449,0.07999999999999449,0
83,2,2.3955111503601074,2.847954963367894,0.0,0.0799999999999947,41.74757281553398,0.07999999999999244,-0.17300454729615058,0.0,0.08,0.0799999999999947,0.0799999999999947,0
83,10,2.8502256870269775,2.847954963367894,0.0007969995725406325,0.10794456890457564,29.95169082125604,0.11964755572452271,0.0007969995725406325,0.0007969995725406325,0.08063759965803251,0.10794456890457564,0.10794456890457564,0
83,5,2.739595413208008,2.847954963367894,0.0,0.08092662689367275,25.58139534883721,0.08132375270524678,-0.038790929777500184,0.0,0.08,0.08092662689367275,0.08092662689367275,0
84,8,2.908234119415283,2.8370244873062207,0.024790277886020357,0.09427044276087646,25.238095238095237,0.09188682295461653,0.024790277886020357,0.024790277886020357,0.09983222230881629,0.09427044276087646,0.09427044276087646,0
84,19,2.553593158721924,2.8370244873062207,0.0,0.07999999999999582,40.0,0.07999999999999403,-0.10525433760900553,0.0,0.08,0.07999999999999582,0.07999999999999582,0
84,2,2.3739707469940186,2.8370244873062207,0.0,0.0799999999999963,44.1747572815534,0.0799999999999947,-0.17819181264244605,0.0,0.08,0.0799999999999963,0.0799999999999963,0
84,17,2.527000904083252,2.8370244873062207,0.0,0.07999999999999614,36.36363636363637,0.07999999999999449,-0.11572260059024692,0.0,0.08,0.07999999999999614,0.07999999999999614,0
84,11,2.5887699127197266,2.8370244873062207,0.0,0.07999999999999582,33.864541832669325,0.07999999999999403,-0.0915729611408396,0.0,0.08,0.07999999999999582,0.07999999999999582,0
84,15,2.6757264137268066,2.8370244873062207,0.0,0.08003755857283981,31.623931623931625,0.08005365510405688,-0.058534886969034805,0.0,0.08,0.08003755857283981,0.08003755857283981,0
84,16,2.6520743370056152,2.8370244873062207,0.0,0.0800018743018559,33.2,0.08000267757407986,-0.06741368447638674,0.0,0.08,0.0800018743018559,0.0800018743018559,0
84,18,2.8600399494171143,2.8370244873062207,0.00807980583543048,0.11067712267803674,20.26431718061674,0.12105424182504776,0.00807980583543048,0.00807980583543048,0.08646384466834439,0.11067712267803674,0.11067712267803674,0
84,5,2.691134214401245,2.8370244873062207,0.0,0.08064863882557091,32.093023255813954,0.08092662689367275,-0.05279304121748863,0.0,0.08,0.08064863882557091,0.08064863882557091,0
84,3,2.551701545715332,2.8370244873062207,0.0,0.08000000015774954,36.12334801762115,0.08000000022535649,-0.10599537733159019,0.0,0.08,0.08000000015774954,0.08000000015774954,0
84,1,2.675276756286621,2.8370244873062207,0.0,0.0805701649242622,32.45614035087719,0.08081452132037456,-0.058702951694573804,0.0,0.08,0.0805701649242622,0.0805701649242622,0
84,13,2.814540386199951,2.8370244873062207,0.0,0.08831927896559652,31.53153153153153,0.09188468423656647,-0.007956812017130409,0.0,0.08,0.08831927896559652,0.08831927896559652,0
84,9,2.6408777236938477,2.8370244873062207,0.0,0.08094125321547427,31.666666666666668,0.08134464745067754,-0.0716444539381604,0.0,0.08,0.08094125321547427,0.08094125321547427,0
84,14,2.6590654850006104,2.8370244873062207,0.0,0.07999999999999582,31.983805668016196,0.07999999999999403,-0.0647810473247371,0.0,0.08,0.07999999999999582,0.07999999999999582,0
84,7,2.6966729164123535,2.8370244873062207,0.0,0.08548850392290053,33.333333333333336,0.0878407198898579,-0.05073702703317637,0.0,0.08,0.08548850392290053,0.08548850392290053,0
84,4,2.54301381111145,2.8370244873062207,0.0,0.08068524266057983,32.323232323232325,0.08097891808654262,-0.10940586933446553,0.0,0.08,0.08068524266057983,0.08068524266057983,0
84,10,2.8641676902770996,2.8370244873062207,0.009522011227282377,0.10184648092775071,25.603864734299517,0.10794456890457564,0.009522011227282377,0.009522011227282377,0.0876176089818259,0.10184648092775071,0.10184648092775071,0
84,12,2.859827756881714,2.8370244873062207,0.008005610925459967,0.09427989353007844,31.70731707317073,0.09765506701138293,0.008005610925459967,0.008005610925459967,0.08640448874036798,0.09427989353007844,0.09427989353007844,0
84,0,2.5813851356506348,2.8370244873062207,0.0,0.07999999999999596,33.6283185840708,0.07999999999999424,-0.09442965769772146,0.0,0.08,0.07999999999999596,0.07999999999999596,0
84,6,2.7690436840057373,2.8370244873062207,0.0,0.08524745002772835,27.35042735042735,0.08749635718246906,-0.024253766952628854,0.0,0.08,0.08524745002772835,0.08524745002772835,0
85,14,2.5414435863494873,2.8200391506399605,0.0,0.07999999999999707,33.19838056680162,0.07999999999999582,-0.10401850700229455,0.0,0.08,0.07999999999999707,0.07999999999999707,0
85,0,2.6447243690490723,2.8200391506399605,0.0,0.07999999999999717,34.07079646017699,0.07999999999999596,-0.06418391624307569,0.0,0.08,0.07999999999999717,0.07999999999999717,0
85,19,2.7194480895996094,2.8200391506399605,0.0,0.07999999999999707,38.46153846153846,0.07999999999999582,-0.03632181644433734,0.0,0.08,0.07999999999999707,0.07999999999999707,0
85,6,2.689258575439453,2.8200391506399605,0.0,0.08367321501940984,32.05128205128205,0.08524745002772835,-0.047485234777196676,0.0,0.08,0.08367321501940984,0.08367321501940984,0
85,11,2.6032321453094482,2.8200391506399605,0.0,0.07999999999999707,30.677290836653388,0.07999999999999582,-0.0799969619750393,0.0,0.08,0.07999999999999707,0.07999999999999707,0
85,1,2.7436888217926025,2.8200391506399605,0.0,0.08039911544698353,26.31578947368421,0.0805701649242622,-0.027447467664422773,0.0,0.08,0.08039911544698353,0.08039911544698353,0
85,3,2.861408233642578,2.8200391506399605,0.014563124922824236,0.08349515009190249,33.03964757709251,0.08000000015774954,0.014563124922824236,0.014563124922824236,0.09165049993825938,0.08349515009190249,0.08349515009190249,0
85,12,2.8601367473602295,2.8200391506399605,0.014118669342012943,0.093384406113138,28.86178861788618,0.09427989353007844,0.014118669342012943,0.014118669342012943,0.09129493547361035,0.093384406113138,0.093384406113138,0
85,2,2.43507981300354,2.8200391506399605,0.0,0.0799999999999974,40.29126213592233,0.0799999999999963,-0.14677123408714945,0.0,0.08,0.0799999999999974,0.0799999999999974,0
85,5,2.7206687927246094,2.8200391506399605,0.0,0.08045404717789964,30.697674418604652,0.08064863882557091,-0.035873038167177164,0.0,0.08,0.08045404717789964,0.08045404717789964,0
85,15,2.7494168281555176,2.8200391506399605,0.0,0.08002629100098786,32.9059829059829,0.08003755857283981,-0.025361941267078022,0.0,0.08,0.08002629100098786,0.08002629100098786,0
85,17,2.5682942867279053,2.8200391506399605,0.0,0.0799999999999973,34.84848484848485,0.07999999999999614,-0.09350879081434196,0.0,0.08,0.0799999999999973,0.0799999999999973,0
85,8,2.8915555477142334,2.8200391506399605,0.02504384097601516,0.09599983176685714,23.80952380952381,0.09427044276087646,0.02504384097601516,0.02504384097601516,0.10003507278081213,0.09599983176685714,0.09599983176685714,0
85,4,2.417200803756714,2.8200391506399605,0.0,0.08047966986240587,34.343434343434346,0.08068524266057983,-0.15414058944753112,0.0,0.08,0.08047966986240587,0.08047966986240587,0
85,9,2.6391525268554688,2.8200391506399605,0.0,0.08065887725083198,30.416666666666668,0.08094125321547427,-0.06629291474834742,0.0,0.08,0.08065887725083198,0.08065887725083198,0
85,13,2.786205291748047,2.8200391506399605,0.0,0.08582349527591757,22.07207207207207,0.08831927896559652,-0.012070208457358324,0.0,0.08,0.08582349527591757,0.08582349527591757,0
85,18,2.85382342338562,2.8200391506399605,0.011908879167442902,0.104332116874812,29.955947136563875,0.11067712267803674,0.011908879167442902,0.011908879167442902,0.08952710333395432,0.104332116874812,0.104332116874812,0
85,7,2.9704642295837402,2.8200391506399605,0.0519674786183255,0.09631414761442848,26.75438596491228,0.08548850392290053,0.0519674786183255,0.0519674786183255,0.1215739828946604,0.09631414761442848,0.09631414761442848,0
85,16,2.590629816055298,2.8200391506399605,0.0,0.08000131201129912,38.0,0.0800018743018559,-0.08484974937329946,0.0,0.08,0.08000131201129912,0.08000131201129912,0
85,10,3.0616614818573,2.8200391506399605,0.08220696819860224,0.11502220901709002,26.570048309178745,0.10184648092775071,0.08220696819860224,0.08220696819860224,0.14576557455888178,0.11502220901709002,0.11502220901709002,0
86,3,2.537659168243408,2.810041079692175,0.0,0.08244660506433174,33.92070484581498,0.08349515009190249,-0.10195703316232878,0.0,0.08,0.08244660506433174,0.08244660506433174,0
86,15,2.540611743927002,2.810041079692175,0.0,0.08001840370069149,32.05128205128205,0.08002629100098786,-0.1007942058710209,0.0,0.08,0.08001840370069149,0.08001840370069149,0
86,10,3.089991569519043,2.810041079692175,0.09496925992619897,0.12730816869425077,26.08695652173913,0.11502220901709002,0.09496925992619897,0.09496925992619897,0.15597540794095918,0.12730816869425077,0.12730816869425077,0
86,12,2.879957675933838,2.810041079692175,0.024576495750837722,0.09526744325939766,21.13821138211382,0.093384406113138,0.024576495750837722,0.024576495750837722,0.09966119660067019,0.09526744325939766,0.09526744325939766,0
86,13,2.8662455081939697,2.810041079692175,0.01980388563577329,0.08882937924572788,32.88288288288288,0.08582349527591757,0.01980388563577329,0.01980388563577329,0.09584310850861863,0.08882937924572788,0.08882937924572788,0
86,19,2.4971446990966797,2.810041079692175,0.0,0.07999999999999795,45.12820512820513,0.07999999999999707,-0.11805114310409247,0.0,0.08,0.07999999999999795,0.07999999999999795,0
86,1,2.7287919521331787,2.810041079692175,0.0,0.08027938081288846,28.50877192982456,0.08039911544698353,-0.029340099355354178,0.0,0.08,0.08027938081288846,0.08027938081288846,0
86,11,2.6374311447143555,2.810041079692175,0.0,0.07999999999999795,37.84860557768924,0.07999999999999707,-0.06339370992145898,0.0,0.08,0.07999999999999795,0.07999999999999795,0
86,14,2.722698926925659,2.810041079692175,0.0,0.07999999999999795,32.388663967611336,0.07999999999999707,-0.03157546133522244,0.0,0.08,0.07999999999999795,0.07999999999999795,0
86,18,2.9729700088500977,2.810041079692175,0.05636235358318667,0.1105594466723332,29.07488986784141,0.104332116874812,0.05636235358318667,0.05636235358318667,0.12508988286654935,0.1105594466723332,0.1105594466723332,0
86,0,2.78594708442688,2.810041079692175,0.0,0.07999999999999802,26.991150442477878,0.07999999999999717,-0.008611220524218742,0.0,0.08,0.07999999999999802,0.07999999999999802,0
86,17,2.588390350341797,2.810041079692175,0.0,0.0799999999999981,26.767676767676768,0.0799999999999973,-0.08216290588736318,0.0,0.08,0.0799999999999981,0.0799999999999981,0
86,5,2.774017095565796,2.810041079692175,0.0,0.08031783302452974,30.232558139534884,0.08045404717789964,-0.012902617641394068,0.0,0.08,0.08031783302452974,0.08031783302452974,0
86,4,2.491811990737915,2.810041079692175,0.0,0.0803357689036841,31.818181818181817,0.08047966986240587,-0.12018894894202271,0.0,0.08,0.0803357689036841,0.0803357689036841,0
86,16,2.565141439437866,2.810041079692175,0.0,0.08000091840790938,32.8,0.08000131201129912,-0.09118548282307463,0.0,0.08,0.08000091840790938,0.08000091840790938,0
86,9,2.498077154159546,2.810041079692175,0.0,0.08046121407558238,34.583333333333336,0.08065887725083198,-0.11767780430259135,0.0,0.08,0.08046121407558238,0.08046121407558238,0
86,2,2.3497371673583984,2.810041079692175,0.0,0.07999999999999818,41.74757281553398,0.0799999999999974,-0.17889562342538373,0.0,0.08,0.07999999999999818,0.07999999999999818,0
86,7,2.948007345199585,2.810041079692175,0.047930363398485415,0.10292319054573644,27.63157894736842,0.09631414761442848,0.047930363398485415,0.047930363398485415,0.11834429071878834,0.10292319054573644,0.10292319054573644,0
86,8,2.7284555435180664,2.810041079692175,0.0,0.0911998822368,24.285714285714285,0.09599983176685714,-0.029463388106532814,0.0,0.08,0.0911998822368,0.0911998822368,0
86,6,2.7430737018585205,2.810041079692175,0.0,0.08257125051358688,26.923076923076923,0.08367321501940984,-0.02412002159513248,0.0,0.08,0.08257125051358688,0.08257125051358688,0
87,18,3.0067033767700195,2.801594695245144,0.0706554655827984,0.11834892441050485,25.110132158590307,0.1105594466723332,0.0706554655827984,0.0706554655827984,0.13652437246623872,0.11834892441050485,0.11834892441050485,0
87,9,2.6870505809783936,2.801594695245144,0.0,0.08032284985290766,30.416666666666668,0.08046121407558238,-0.04174463513463028,0.0,0.08,0.08032284985290766,0.08032284985290766,0
87,16,2.6493799686431885,2.801594695245144,0.0,0.08000064288553656,33.6,0.08000091840790938,-0.05586315034425278,0.0,0.08,0.08000064288553656,0.08000064288553656,0
87,6,2.58355975151062,2.801594695245144,0.0,0.0817998753595108,34.61538461538461,0.08257125051358688,-0.08102059217057547,0.0,0.08,0.0817998753595108,0.0817998753595108,0
87,1,2.931914806365967,2.801594695245144,0.045466937877439224,0.09110763165960734,28.07017543859649,0.08027938081288846,0.045466937877439224,0.045466937877439224,0.11637355030195137,0.09110763165960734,0.09110763165960734,0
87,3,2.638462781906128,2.801594695245144,0.0,0.08171262354503221,32.59911894273128,0.08244660506433174,-0.059992320867025196,0.0,0.08,0.08171262354503221,0.08171262354503221,0
87,14,2.4568705558776855,2.801594695245144,0.0,0.07999999999999856,34.008097165991906,0.07999999999999795,-0.13130038023277837,0.0,0.08,0.07999999999999856,0.07999999999999856,0
87,4,2.531096935272217,2.801594695245144,0.0,0.08023503823257887,32.323232323232325,0.0803357689036841,-0.1015360086644635,0.0,0.08,0.08023503823257887,0.08023503823257887,0
87,11,2.6764004230499268,2.801594695245144,0.0,0.07999999999999856,33.06772908366534,0.07999999999999795,-0.045716022914079626,0.0,0.08,0.07999999999999856,0.07999999999999856,0
87,12,2.6866354942321777,2.801594695245144,0.0,0.09068721028157836,28.86178861788618,0.09526744325939766,-0.04189912378159883,0.0,0.08,0.09068721028157836,0.09068721028157836,0
87,10,2.7754931449890137,2.801594695245144,0.0,0.11311571808597554,28.985507246376812,0.12730816869425077,-0.009360347724955236,0.0,0.08,0.11311571808597554,0.11311571808597554,0
87,5,2.74118709564209,2.801594695245144,0.0,0.08022248311717081,31.627906976744185,0.08031783302452974,-0.021797715835197864,0.0,0.08,0.08022248311717081,0.08022248311717081,0
87,15,2.7176263332366943,2.801594695245144,0.0,0.08001288259048404,34.61538461538461,0.08001840370069149,-0.03042996125984004,0.0,0.08,0.08001288259048404,0.08001288259048404,0
87,0,2.62890887260437,2.801594695245144,0.0,0.0799999999999986,33.1858407079646,0.07999999999999802,-0.06361990607235415,0.0,0.08,0.0799999999999986,0.0799999999999986,0
87,17,2.5575883388519287,2.801594695245144,0.0,0.07999999999999867,39.39393939393939,0.0799999999999981,-0.09112402939111115,0.0,0.08,0.07999999999999867,0.07999999999999867,0
87,19,2.5733227729797363,2.801594695245144,0.0,0.07999999999999856,45.64102564102564,0.07999999999999795,-0.0849908171619026,0.0,0.08,0.07999999999999856,0.07999999999999856,0
87,7,2.8963918685913086,2.801594695245144,0.03327698991832343,0.10403271096241312,32.89473684210526,0.10292319054573644,0.03327698991832343,0.03327698991832343,0.10662159193465875,0.10403271096241312,0.10403271096241312,0
87,13,2.881382465362549,2.801594695245144,0.02808141249596988,0.09292010447104229,35.585585585585584,0.08882937924572788,0.02808141249596988,0.02808141249596988,0.1024651299967759,0.09292010447104229,0.09292010447104229,0
87,8,2.801459312438965,2.801594695245144,0.0,0.08783991756576001,29.047619047619047,0.0911998822368,-4.832464778546081e-05,0.0,0.08,0.08783991756576001,0.08783991756576001,0
87,2,2.20479154586792,2.801594695245144,0.0,0.07999999999999872,42.71844660194175,0.07999999999999818,-0.23955582069960424,0.0,0.08,0.07999999999999872,0.07999999999999872,0
88,14,2.5248279571533203,2.789587021584735,0.0,0.07999999999999899,39.27125506072875,0.07999999999999856,-0.09972063893870517,0.0,0.08,0.07999999999999899,0.07999999999999899,0
88,9,2.4294180870056152,2.789587021584735,0.0,0.08022599489703536,28.75,0.08032284985290766,-0.1382418051014805,0.0,0.08,0.08022599489703536,0.08022599489703536,0
88,0,2.7148993015289307,2.789587021584735,0.0,0.07999999999999902,35.84070796460177,0.0799999999999986,-0.02713870081931418,0.0,0.08,0.07999999999999902,0.07999999999999902,0
88,13,2.8563356399536133,2.789587021584735,0.023645994540954625,0.09471911181955871,26.576576576576578,0.09292010447104229,0.023645994540954625,0.023645994540954625,0.0989167956327637,0.09471911181955871,0.09471911181955871,0
88,10,2.9552974700927734,2.789587021584735,0.05770574834884245,0.11703038226390505,21.73913043478261,0.11311571808597554,0.05770574834884245,0.05770574834884245,0.12616459867907398,0.11703038226390505,0.11703038226390505,0
88,17,2.61538028717041,2.789587021584735,0.0,0.07999999999999907,34.84848484848485,0.07999999999999867,-0.06448405145312348,0.0,0.08,0.07999999999999907,0.07999999999999907,0
88,1,2.7488656044006348,2.789587021584735,0.0,0.08777534216172514,31.140350877192983,0.09110763165960734,-0.014705244803437188,0.0,0.08,0.08777534216172514,0.08777534216172514,0
88,8,2.7125256061553955,2.789587021584735,0.0,0.085487942296032,27.61904761904762,0.08783991756576001,-0.028013404958572415,0.0,0.08,0.085487942296032,0.085487942296032,0
88,4,2.6596922874450684,2.789587021584735,0.0,0.0801645267628052,34.343434343434346,0.08023503823257887,-0.04768312907428098,0.0,0.08,0.0801645267628052,0.0801645267628052,0
88,11,2.5407445430755615,2.789587021584735,0.0,0.07999999999999899,31.07569721115538,0.07999999999999856,-0.09343639831646341,0.0,0.08,0.07999999999999899,0.07999999999999899,0
88,18,2.714190721511841,2.789587021584735,0.0,0.10684424708735338,33.92070484581498,0.11834892441050485,-0.02739973167918052,0.0,0.08,0.10684424708735338,0.10684424708735338,0
88,12,2.89225172996521,2.789587021584735,0.03614177999791319,0.096155074396604,26.829268292682926,0.09068721028157836,0.03614177999791319,0.03614177999791319,0.10891342399833055,0.096155074396604,0.096155074396604,0
88,2,2.361424207687378,2.789587021584735,0.0,0.0799999999999991,39.320388349514566,0.07999999999999872,-0.16662864843811886,0.0,0.08,0.0799999999999991,0.0799999999999991,0
88,15,2.7496180534362793,2.789587021584735,0.0,0.08000901781333883,29.05982905982906,0.08001288259048404,-0.014431551514731179,0.0,0.08,0.08000901781333883,0.08000901781333883,0
88,16,2.5660958290100098,2.789587021584735,0.0,0.08000045001987559,36.0,0.08000064288553656,-0.08350795245329827,0.0,0.08,0.08000045001987559,0.08000045001987559,0
88,19,2.1928374767303467,2.789587021584735,0.0,0.07999999999999899,43.58974358974359,0.07999999999999856,-0.24069720629279537,0.0,0.08,0.07999999999999899,0.07999999999999899,0
88,7,2.784644365310669,2.789587021584735,0.0,0.09682289767368918,25.87719298245614,0.10403271096241312,-0.0017733951853204453,0.0,0.08,0.09682289767368918,0.09682289767368918,0
88,3,2.6554784774780273,2.789587021584735,0.0,0.08119883648152254,35.68281938325991,0.08171262354503221,-0.049268707796156865,0.0,0.08,0.08119883648152254,0.08119883648152254,0
88,6,2.777487277984619,2.789587021584735,0.0,0.08125991275165756,32.9059829059829,0.0817998753595108,-0.004346901786524032,0.0,0.08,0.08125991275165756,0.08125991275165756,0
88,5,2.7366466522216797,2.789587021584735,0.0,0.08015573818201957,35.348837209302324,0.08022248311717081,-0.019160242539986078,0.0,0.08,0.08015573818201957,0.08015573818201957,0
89,16,2.7493653297424316,2.7819641358096234,0.0,0.08000031501391291,32.4,0.08000045001987559,-0.011787106004111855,0.0,0.08,0.08000031501391291,0.08000031501391291,0
89,0,2.6066107749938965,2.7819641358096234,0.0,0.07999999999999931,28.761061946902654,0.07999999999999902,-0.06510637782187031,0.0,0.08,0.07999999999999931,0.07999999999999931,0
89,9,2.703662633895874,2.7819641358096234,0.0,0.08015819642792474,32.5,0.08022599489703536,-0.028549816974822173,0.0,0.08,0.08015819642792474,0.08015819642792474,0
89,17,2.648068904876709,2.7819641358096234,0.0,0.07999999999999935,37.878787878787875,0.07999999999999907,-0.04932654250763696,0.0,0.08,0.07999999999999935,0.07999999999999935,0
89,8,2.812790632247925,2.7819641358096234,0.011019896158010103,0.08648633468514483,22.857142857142858,0.085487942296032,0.011019896158010103,0.011019896158010103,0.08881591692640808,0.08648633468514483,0.08648633468514483,0
89,19,2.23119854927063,2.7819641358096234,0.0,0.0799999999999993,36.92307692307692,0.07999999999999899,-0.2206182938878785,0.0,0.08,0.0799999999999993,0.0799999999999993,0
89,1,2.8144235610961914,2.7819641358096234,0.011600264643087294,0.08822680302754854,28.94736842105263,0.08777534216172514,0.011600264643087294,0.011600264643087294,0.08928021171446984,0.08822680302754854,0.08822680302754854,0
89,6,2.738508939743042,2.7819641358096234,0.0,0.08088193892616029,32.47863247863248,0.08125991275165756,-0.015743612144310293,0.0,0.08,0.08088193892616029,0.08088193892616029,0
89,12,2.887721300125122,2.7819641358096234,0.0373105116107695,0.10026307486420749,27.642276422764226,0.096155074396604,0.0373105116107695,0.0373105116107695,0.10984840928861561,0.10026307486420749,0.10026307486420749,0
89,10,2.974635124206543,2.7819641358096234,0.06696418201271753,0.12199267126778574,25.603864734299517,0.11703038226390505,0.06696418201271753,0.06696418201271753,0.13357134561017403,0.12199267126778574,0.12199267126778574,0
89,4,2.6859796047210693,2.7819641358096234,0.0,0.08011516873396363,29.7979797979798,0.0801645267628052,-0.03511169688309929,0.0,0.08,0.08011516873396363,0.08011516873396363,0
89,3,2.521027088165283,2.7819641358096234,0.0,0.08083918553706577,37.44493392070485,0.08119883648152254,-0.09849080837656386,0.0,0.08,0.08083918553706577,0.08083918553706577,0
89,7,2.8411576747894287,2.7819641358096234,0.021054399102273365,0.09682908415612802,31.140350877192983,0.09682289767368918,0.021054399102273365,0.021054399102273365,0.0968435192818187,0.09682908415612802,0.09682908415612802,0
89,15,2.620246410369873,2.7819641358096234,0.0,0.08000631246933718,35.042735042735046,0.08000901781333883,-0.05988883857276972,0.0,0.08,0.08000631246933718,0.08000631246933718,0
89,11,2.3165218830108643,2.7819641358096234,0.0,0.0799999999999993,33.06772908366534,0.07999999999999899,-0.1830903287689581,0.0,0.08,0.0799999999999993,0.0799999999999993,0
89,18,2.8488521575927734,2.7819641358096234,0.023758959443350595,0.1044931232275515,26.87224669603524,0.10684424708735338,0.023758959443350595,0.023758959443350595,0.09900716755468048,0.1044931232275515,0.1044931232275515,0
89,5,2.703200578689575,2.7819641358096234,0.0,0.08010901672741369,31.162790697674417,0.08015573818201957,-0.028720731306310806,0.0,0.08,0.08010901672741369,0.08010901672741369,0
89,13,2.825423240661621,2.7819641358096234,0.015500971119772312,0.09402361134243645,27.92792792792793,0.09471911181955871,0.015500971119772312,0.015500971119772312,0.09240077689581785,0.09402361134243645,0.09402361134243645,0
89,2,2.3117470741271973,2.7819641358096234,0.0,0.07999999999999936,42.23300970873787,0.0799999999999991,-0.18515365335153472,0.0,0.08,0.07999999999999936,0.07999999999999936,0
89,14,2.523189067840576,2.7819641358096234,0.0,0.0799999999999993,34.81781376518219,0.07999999999999899,-0.09763359697552824,0.0,0.08,0.0799999999999993,0.0799999999999993,0
90,5,2.6685047149658203,2.7741108828579337,0.0,0.08007631170918958,32.093023255813954,0.08010901672741369,-0.03881200945440851,0.0,0.08,0.08007631170918958,0.08007631170918958,0
90,19,2.421297550201416,2.7741108828579337,0.0,0.0799999999999995,38.46153846153846,0.0799999999999993,-0.1360267185137149,0.0,0.08,0.0799999999999995,0.0799999999999995,0
90,10,2.892329454421997,2.7741108828579337,0.041731923609124116,0.1194105315536398,28.502415458937197,0.12199267126778574,0.041731923609124116,0.041731923609124116,0.1133855388872993,0.1194105315536398,0.1194105315536398,0
90,15,2.67484188079834,2.7741108828579337,0.0,0.08000441872853602,25.641025641025642,0.08000631246933718,-0.03644002453205191,0.0,0.08,0.08000441872853602,0.08000441872853602,0
90,11,2.509387254714966,2.7741108828579337,0.0,0.0799999999999995,34.26294820717131,0.0799999999999993,-0.10029169119087712,0.0,0.08,0.0799999999999995,0.0799999999999995,0
90,9,2.914370536804199,2.7741108828579337,0.04932356367914473,0.09194839278254205,34.166666666666664,0.08015819642792474,0.04932356367914473,0.04932356367914473,0.11945885094331579,0.09194839278254205,0.09194839278254205,0
90,6,2.792293071746826,2.7741108828579337,0.006532854473745421,0.0821852423220111,30.34188034188034,0.08088193892616029,0.006532854473745421,0.006532854473745421,0.08522628357899634,0.0821852423220111,0.0821852423220111,0
90,14,2.359193801879883,2.7741108828579337,0.0,0.0799999999999995,40.08097165991903,0.0799999999999993,-0.1620103413480173,0.0,0.08,0.0799999999999995,0.0799999999999995,0
90,8,2.7253165245056152,2.7741108828579337,0.0,0.08454043427960137,29.047619047619047,0.08648633468514483,-0.01774571606874501,0.0,0.08,0.08454043427960137,0.08454043427960137,0
90,16,2.426433563232422,2.7741108828579337,0.0,0.08000022050973904,33.2,0.08000031501391291,-0.13390778294929767,0.0,0.08,0.08000022050973904,0.08000022050973904,0
90,13,2.6965725421905518,2.7741108828579337,0.0,0.08981652793970551,32.432432432432435,0.09402361134243645,-0.02834875539647289,0.0,0.08,0.08981652793970551,0.08981652793970551,0
90,4,2.4872403144836426,2.7741108828579337,0.0,0.08008061811377454,36.86868686868687,0.08011516873396363,-0.10915650445557824,0.0,0.08,0.08008061811377454,0.08008061811377454,0
90,2,2.3258025646209717,2.7741108828579337,0.0,0.07999999999999954,43.689320388349515,0.07999999999999936,-0.17626512403041308,0.0,0.08,0.07999999999999954,0.07999999999999954,0
90,18,2.876063108444214,2.7741108828579337,0.03609208933627239,0.10580728769999141,29.07488986784141,0.1044931232275515,0.03609208933627239,0.03609208933627239,0.10887367146901791,0.10580728769999141,0.10580728769999141,0
90,0,2.675459146499634,2.7741108828579337,0.0,0.07999999999999952,32.743362831858406,0.07999999999999931,-0.0362092839817255,0.0,0.08,0.07999999999999952,0.07999999999999952,0
90,1,2.748577117919922,2.7741108828579337,0.0,0.08575876211928397,33.771929824561404,0.08822680302754854,-0.00924692714193124,0.0,0.08,0.08575876211928397,0.08575876211928397,0
90,7,2.8026273250579834,2.7741108828579337,0.010227014280768327,0.09423484233667401,29.82456140350877,0.09682908415612802,0.010227014280768327,0.010227014280768327,0.08818161142461467,0.09423484233667401,0.09423484233667401,0
90,12,2.757297992706299,2.7741108828579337,0.0,0.09418415240494524,28.86178861788618,0.10026307486420749,-0.006079081205550325,0.0,0.08,0.09418415240494524,0.09418415240494524,0
90,3,2.6491072177886963,2.7741108828579337,0.0,0.08058742987594604,39.20704845814978,0.08083918553706577,-0.046107608827441714,0.0,0.08,0.08058742987594604,0.08058742987594604,0
90,17,2.5590357780456543,2.7741108828579337,0.0,0.07999999999999954,34.84848484848485,0.07999999999999935,-0.08069975464141729,0.0,0.08,0.07999999999999954,0.07999999999999954,0
91,13,2.7209134101867676,2.764214845937039,0.0,0.08687156955779385,27.47747747747748,0.08981652793970551,-0.015788996401398483,0.0,0.08,0.08687156955779385,0.08687156955779385,0
91,11,2.6123876571655273,2.764214845937039,0.0,0.07999999999999965,36.254980079681275,0.0799999999999995,-0.056492018428457275,0.0,0.08,0.07999999999999965,0.07999999999999965,0
91,18,2.835151195526123,2.764214845937039,0.02533863445923808,0.10414637366021112,29.07488986784141,0.10580728769999141,0.02533863445923808,0.02533863445923808,0.10027090756739046,0.10414637366021112,0.10414637366021112,0
91,9,2.6825828552246094,2.764214845937039,0.0,0.08836387494777942,37.5,0.09194839278254205,-0.02997655049152996,0.0,0.08,0.08836387494777942,0.08836387494777942,0
91,3,2.648524284362793,2.764214845937039,0.0,0.08041120091316223,37.44493392070485,0.08058742987594604,-0.042754021744144104,0.0,0.08,0.08041120091316223,0.08041120091316223,0
91,1,2.8630902767181396,2.764214845937039,0.03514492474111077,0.09246591542136537,33.333333333333336,0.08575876211928397,0.03514492474111077,0.03514492474111077,0.10811593979288862,0.09246591542136537,0.09246591542136537,0
91,15,2.6911697387695312,2.764214845937039,0.0,0.0800030931099752,30.76923076923077,0.08000441872853602,-0.02678068664357275,0.0,0.08,0.0800030931099752,0.0800030931099752,0
91,2,2.1634151935577393,2.764214845937039,0.0,0.07999999999999968,42.23300970873787,0.07999999999999954,-0.2450685507692855,0.0,0.08,0.07999999999999968,0.07999999999999968,0
91,10,3.048485517501831,2.764214845937039,0.09788828235751823,0.1310805598533522,27.053140096618357,0.1194105315536398,0.09788828235751823,0.09788828235751823,0.15831062588601458,0.1310805598533522,0.1310805598533522,0
91,17,2.524893045425415,2.764214845937039,0.0,0.07999999999999968,35.85858585858586,0.07999999999999954,-0.09055792903739415,0.0,0.08,0.07999999999999968,0.07999999999999968,0
91,6,2.6274423599243164,2.764214845937039,0.0,0.08152966962540777,31.196581196581196,0.0821852423220111,-0.050745746477926124,0.0,0.08,0.08152966962540777,0.08152966962540777,0
91,14,2.610039472579956,2.764214845937039,0.0,0.07999999999999965,34.81781376518219,0.0799999999999995,-0.05739128793533057,0.0,0.08,0.07999999999999965,0.07999999999999965,0
91,12,2.651721239089966,2.764214845937039,0.0,0.08992890668346165,32.113821138211385,0.09418415240494524,-0.04154767947616278,0.0,0.08,0.08992890668346165,0.08992890668346165,0
91,0,2.7974061965942383,2.764214845937039,0.01193599648084223,0.08286463915540179,34.07079646017699,0.07999999999999952,0.01193599648084223,0.01193599648084223,0.08954879718467379,0.08286463915540179,0.08286463915540179,0
91,16,2.53509259223938,2.764214845937039,0.0,0.08000015435681732,32.0,0.08000022050973904,-0.08652647072183349,0.0,0.08,0.08000015435681732,0.08000015435681732,0
91,19,2.4969539642333984,2.764214845937039,0.0,0.07999999999999965,43.58974358974359,0.0799999999999995,-0.10168505787857918,0.0,0.08,0.07999999999999965,0.07999999999999965,0
91,8,2.9722142219543457,2.764214845937039,0.07255057110697204,0.10059044106139425,30.952380952380953,0.08454043427960137,0.07255057110697204,0.07255057110697204,0.13804045688557764,0.10059044106139425,0.10059044106139425,0
91,4,2.4891932010650635,2.764214845937039,0.0,0.08005643267964217,31.31313131313131,0.08008061811377454,-0.10479799022773147,0.0,0.08,0.08005643267964217,0.08005643267964217,0
91,7,2.839268922805786,2.764214845937039,0.02678996442849114,0.09639398109850968,28.07017543859649,0.09423484233667401,0.02678996442849114,0.02678996442849114,0.10143197154279292,0.09639398109850968,0.09639398109850968,0
91,5,2.655968427658081,2.764214845937039,0.0,0.0800534181964327,35.348837209302324,0.08007631170918958,-0.0399472884490727,0.0,0.08,0.0800534181964327,0.0800534181964327,0
92,2,2.3642985820770264,2.7531778446807373,0.0,0.07999999999999977,44.1747572815534,0.07999999999999968,-0.15227442847316935,0.0,0.08,0.07999999999999977,0.07999999999999977,0
92,6,2.6356117725372314,2.7531778446807373,0.0,0.08107076873778543,34.18803418803419,0.08152966962540777,-0.04364049744533672,0.0,0.08,0.08107076873778543,0.08107076873778543,0
92,7,2.752734899520874,2.7531778446807373,0.0,0.09147578676895676,32.45614035087719,0.09639398109850968,-0.00016089799449745744,0.0,0.08,0.09147578676895676,0.09147578676895676,0
92,11,2.333348035812378,2.7531778446807373,0.0,0.07999999999999975,37.45019920318725,0.07999999999999965,-0.16545166231055794,0.0,0.08,0.07999999999999975,0.07999999999999975,0
92,8,2.6609959602355957,2.7531778446807373,0.0,0.09441330874297596,29.047619047619047,0.10059044106139425,-0.03405535041134798,0.0,0.08,0.09441330874297596,0.09441330874297596,0
92,9,2.6750450134277344,2.7531778446807373,0.0,0.08585471246344559,32.5,0.08836387494777942,-0.028789616631779886,0.0,0.08,0.08585471246344559,0.08585471246344559,0
92,19,2.289729595184326,2.7531778446807373,0.0,0.07999999999999975,39.48717948717949,0.07999999999999965,-0.18432209377017858,0.0,0.08,0.07999999999999975,0.07999999999999975,0
92,15,2.4741671085357666,2.7531778446807373,0.0,0.08000216517698264,31.196581196581196,0.0800030931099752,-0.10685200640352659,0.0,0.08,0.08000216517698264,0.08000216517698264,0
92,3,2.4824180603027344,2.7531778446807373,0.0,0.08028784063921356,34.801762114537446,0.08041120091316223,-0.10352271453266264,0.0,0.08,0.08028784063921356,0.08028784063921356,0
92,18,2.974120616912842,2.7531778446807373,0.07719257968460308,0.11542868068645251,30.39647577092511,0.10414637366021112,0.07719257968460308,0.07719257968460308,0.14175406374768246,0.11542868068645251,0.11542868068645251,0
92,12,2.796579360961914,2.7531778446807373,0.015641189100616834,0.0907041200625712,21.951219512195124,0.08992890668346165,0.015641189100616834,0.015641189100616834,0.09251295128049347,0.0907041200625712,0.0907041200625712,0
92,14,2.5069453716278076,2.7531778446807373,0.0,0.07999999999999975,39.67611336032389,0.07999999999999965,-0.09369079543431956,0.0,0.08,0.07999999999999975,0.07999999999999975,0
92,13,2.8057668209075928,2.7531778446807373,0.018921053589817664,0.08935115155201193,34.234234234234236,0.08687156955779385,0.018921053589817664,0.018921053589817664,0.09513684287185413,0.08935115155201193,0.08935115155201193,0
92,16,2.5974011421203613,2.7531778446807373,0.0,0.08000010804977212,32.0,0.08000015435681732,-0.05824443976550781,0.0,0.08,0.08000010804977212,0.08000010804977212,0
92,17,2.451719284057617,2.7531778446807373,0.0,0.07999999999999977,33.83838383838384,0.07999999999999968,-0.11596629690610677,0.0,0.08,0.07999999999999977,0.07999999999999977,0
92,4,2.435359477996826,2.7531778446807373,0.0,0.08003950287574951,38.38383838383838,0.08005643267964217,-0.12266144871400904,0.0,0.08,0.08003950287574951,0.08003950287574951,0
92,5,2.666203498840332,2.7531778446807373,0.0,0.08003739273750289,33.95348837209303,0.0800534181964327,-0.03210027428403892,0.0,0.08,0.08003739273750289,0.08003739273750289,0
92,0,2.716857433319092,2.7531778446807373,0.0,0.08200524740878125,27.43362831858407,0.08286463915540179,-0.013279967372375506,0.0,0.08,0.08200524740878125,0.08200524740878125,0
92,10,2.8142409324645996,2.7531778446807373,0.021936749767114763,0.12102121184145408,21.256038647342994,0.1310805598533522,0.021936749767114763,0.021936749767114763,0.09754939981369182,0.12102121184145408,0.12102121184145408,0
92,1,2.855198860168457,2.7531778446807373,0.03638566945756736,0.09745870146477192,32.89473684210526,0.09246591542136537,0.03638566945756736,0.03638566945756736,0.10910853556605389,0.09745870146477192,0.09745870146477192,0
93,5,2.5315017700195312,2.742690446851305,0.0,0.08002617491625202,34.41860465116279,0.08003739273750289,-0.0801266416164403,0.0,0.08,0.08002617491625202,0.08002617491625202,0
93,6,2.7073452472686768,2.742690446851305,0.0,0.0807495381164498,32.9059829059829,0.08107076873778543,-0.012970812295842455,0.0,0.08,0.0807495381164498,0.0807495381164498,0
93,3,2.5581657886505127,2.742690446851305,0.0,0.08020148844744948,40.969162995594715,0.08028784063921356,-0.06964884040081419,0.0,0.08,0.08020148844744948,0.08020148844744948,0
93,17,2.591742515563965,2.742690446851305,0.0,0.07999999999999984,30.303030303030305,0.07999999999999977,-0.05660891790927484,0.0,0.08,0.07999999999999984,0.07999999999999984,0
93,7,2.8399884700775146,2.742690446851305,0.034860638661987686,0.09639960401714678,34.64912280701754,0.09147578676895676,0.034860638661987686,0.034860638661987686,0.10788851092959015,0.09639960401714678,0.09639960401714678,0
93,16,2.637127637863159,2.742690446851305,0.0,0.08000007563484048,31.6,0.08000010804977212,-0.039249044521900665,0.0,0.08,0.08000007563484048,0.08000007563484048,0
93,8,2.6723337173461914,2.742690446851305,0.0,0.09008931612008317,26.19047619047619,0.09441330874297596,-0.025987211357963193,0.0,0.08,0.09008931612008317,0.09008931612008317,0
93,10,2.9836838245391846,2.742690446851305,0.08421936596321308,0.128927496120189,28.019323671497585,0.12102121184145408,0.08421936596321308,0.08421936596321308,0.14737549277057047,0.128927496120189,0.128927496120189,0
93,14,2.5540244579315186,2.742690446851305,0.0,0.07999999999999982,33.19838056680162,0.07999999999999975,-0.07126901938827283,0.0,0.08,0.07999999999999982,0.07999999999999982,0
93,0,2.6945841312408447,2.742690446851305,0.0,0.08140367318614687,30.530973451327434,0.08200524740878125,-0.01769547225514692,0.0,0.08,0.08140367318614687,0.08140367318614687,0
93,13,2.8062098026275635,2.742690446851305,0.022895394546481915,0.09204070077756402,27.027027027027028,0.08935115155201193,0.022895394546481915,0.022895394546481915,0.09831631563718554,0.09204070077756402,0.09204070077756402,0
93,19,2.320842981338501,2.742690446851305,0.0,0.07999999999999982,44.1025641025641,0.07999999999999975,-0.16700887917703952,0.0,0.08,0.07999999999999982,0.07999999999999982,0
93,9,2.604140520095825,2.742690446851305,0.0,0.08409829872441191,32.5,0.08585471246344559,-0.05183666729132413,0.0,0.08,0.08409829872441191,0.08409829872441191,0
93,2,2.126063823699951,2.742690446851305,0.0,0.07999999999999984,42.23300970873787,0.07999999999999977,-0.2546670524644799,0.0,0.08,0.07999999999999984,0.07999999999999984,0
93,11,2.446707010269165,2.742690446851305,0.0,0.07999999999999982,36.65338645418327,0.07999999999999975,-0.11419631007184033,0.0,0.08,0.07999999999999982,0.07999999999999982,0
93,4,2.630178451538086,2.742690446851305,0.0,0.08002765201302466,37.878787878787875,0.08003950287574951,-0.041887657206481965,0.0,0.08,0.08002765201302466,0.08002765201302466,0
93,1,2.7306056022644043,2.742690446851305,0.0,0.09222109102534035,31.140350877192983,0.09745870146477192,-0.0044159366029759934,0.0,0.08,0.09222109102534035,0.09222109102534035,0
93,12,2.731588363647461,2.742690446851305,0.0,0.08749288404379985,27.642276422764226,0.0907041200625712,-0.0040560953391190965,0.0,0.08,0.08749288404379985,0.08749288404379985,0
93,18,2.7473361492156982,2.742690446851305,0.0016924156468298718,0.10520625623575591,33.480176211453745,0.11542868068645251,0.0016924156468298718,0.0016924156468298718,0.0813539325174639,0.10520625623575591,0.10520625623575591,0
93,15,2.64477276802063,2.742690446851305,0.0,0.08000151562388784,35.47008547008547,0.08000216517698264,-0.03635420180244024,0.0,0.08,0.08000151562388784,0.08000151562388784,0
94,9,2.4817519187927246,2.732516422460364,0.0,0.08286880910708833,31.666666666666668,0.08409829872441191,-0.09625822108169188,0.0,0.08,0.08286880910708833,0.08286880910708833,0
94,2,2.323643445968628,2.732516422460364,0.0,0.07999999999999988,45.14563106796116,0.07999999999999984,-0.16208654579769047,0.0,0.08,0.07999999999999988,0.07999999999999988,0
94,6,2.813171148300171,2.732516422460364,0.02908941836457751,0.08750613708901346,36.324786324786324,0.0807495381164498,0.02908941836457751,0.02908941836457751,0.103271534691662,0.08750613708901346,0.08750613708901346,0
94,7,2.821146011352539,2.732516422460364,0.03192023818662845,0.09914057997679357,33.771929824561404,0.09639960401714678,0.03192023818662845,0.03192023818662845,0.10553619054930277,0.09914057997679357,0.09914057997679357,0
94,19,2.3734405040740967,2.732516422460364,0.0,0.07999999999999988,44.1025641025641,0.07999999999999982,-0.14088235859911272,0.0,0.08,0.07999999999999988,0.07999999999999988,0
94,3,2.4803121089935303,2.732516422460364,0.0,0.08014104191321464,29.515418502202643,0.08020148844744948,-0.09683854806890388,0.0,0.08,0.08014104191321464,0.08014104191321464,0
94,15,2.7217888832092285,2.732516422460364,0.0,0.08000106093672149,35.8974358974359,0.08000151562388784,-0.0039336093024219965,0.0,0.08,0.08000106093672149,0.08000106093672149,0
94,11,2.5461058616638184,2.732516422460364,0.0,0.07999999999999988,34.26294820717131,0.07999999999999982,-0.07065787196042027,0.0,0.08,0.07999999999999988,0.07999999999999988,0
94,5,2.8251562118530273,2.732516422460364,0.03334070808074624,0.0880200923807555,35.348837209302324,0.08002617491625202,0.03334070808074624,0.03334070808074624,0.106672566464597,0.0880200923807555,0.0880200923807555,0
94,12,2.609156608581543,2.732516422460364,0.0,0.08524501883065988,30.08130081300813,0.08749288404379985,-0.046195920287398454,0.0,0.08,0.08524501883065988,0.08524501883065988,0
94,13,2.758209705352783,2.732516422460364,0.009358860644774246,0.09067461709904062,30.18018018018018,0.09204070077756402,0.009358860644774246,0.009358860644774246,0.0874870885158194,0.09067461709904062,0.09067461709904062,0
94,4,2.494277238845825,2.732516422460364,0.0,0.08001935640911725,37.878787878787875,0.08002765201302466,-0.09122394734279962,0.0,0.08,0.08001935640911725,0.08001935640911725,0
94,8,2.8216614723205566,2.732516422460364,0.032102934820924654,0.09476722564108014,25.238095238095237,0.09008931612008317,0.032102934820924654,0.032102934820924654,0.10568234785673973,0.09476722564108014,0.09476722564108014,0
94,1,2.759946823120117,2.732516422460364,0.009988461421576165,0.09095199445891652,35.526315789473685,0.09222109102534035,0.009988461421576165,0.009988461421576165,0.08799076913726094,0.09095199445891652,0.09095199445891652,0
94,10,2.8791773319244385,2.732516422460364,0.05228165341871315,0.12679684410462344,31.40096618357488,0.128927496120189,0.05228165341871315,0.05228165341871315,0.12182532273497053,0.12679684410462344,0.12679684410462344,0
94,14,2.534282684326172,2.732516422460364,0.0,0.07999999999999988,32.79352226720648,0.07999999999999982,-0.07531231857556257,0.0,0.08,0.07999999999999988,0.07999999999999988,0
94,0,2.668423891067505,2.732516422460364,0.0,0.08098257123030281,33.6283185840708,0.08140367318614687,-0.023734955868342737,0.0,0.08,0.08098257123030281,0.08098257123030281,0
94,18,2.9349327087402344,2.732516422460364,0.07146157448940745,0.11479515724248691,28.19383259911894,0.10520625623575591,0.07146157448940745,0.07146157448940745,0.13716925959152595,0.11479515724248691,0.11479515724248691,0
94,16,2.502964735031128,2.732516422460364,0.0,0.08000005294438833,36.4,0.08000007563484048,-0.08774702749466999,0.0,0.08,0.08000005294438833,0.08000005294438833,0
94,17,2.5673341751098633,2.732516422460364,0.0,0.07999999999999988,27.77777777777778,0.07999999999999984,-0.06235487626030224,0.0,0.08,0.07999999999999988,0.07999999999999988,0
95,7,2.904435634613037,2.72314380519678,0.0644520737947345,0.10886690369449176,27.63157894736842,0.09914057997679357,0.0644520737947345,0.0644520737947345,0.1315616590357876,0.10886690369449176,0.10886690369449176,0
95,14,2.478616952896118,2.72314380519678,0.0,0.0799999999999999,34.008097165991906,0.07999999999999988,-0.09408629891316442,0.0,0.08,0.0799999999999999,0.0799999999999999,0
95,0,2.6410088539123535,2.72314380519678,0.0,0.08068779986121197,36.283185840707965,0.08098257123030281,-0.0306260376986458,0.0,0.08,0.08068779986121197,0.08068779986121197,0
95,4,2.759779453277588,2.72314380519678,0.013363744647693764,0.08322084820182858,36.36363636363637,0.08001935640911725,0.013363744647693764,0.013363744647693764,0.09069099571815502,0.08322084820182858,0.08322084820182858,0
95,2,2.2861626148223877,2.72314380519678,0.0,0.0799999999999999,47.0873786407767,0.07999999999999988,-0.1749123249695638,0.0,0.08,0.0799999999999999,0.0799999999999999,0
95,5,2.5733354091644287,2.72314380519678,0.0,0.08561406466652885,34.41860465116279,0.0880200923807555,-0.05658414135488024,0.0,0.08,0.08561406466652885,0.08561406466652885,0
95,1,2.694833278656006,2.72314380519678,0.0,0.08766639612124155,33.771929824561404,0.09095199445891652,-0.010450684328512934,0.0,0.08,0.08766639612124155,0.08766639612124155,0
95,12,2.9077515602111816,2.72314380519678,0.06559309896661741,0.09941385693345009,26.422764227642276,0.08524501883065988,0.06559309896661741,0.06559309896661741,0.13247447917329394,0.09941385693345009,0.09941385693345009,0
95,13,2.567406415939331,2.72314380519678,0.0,0.08747223196932843,29.72972972972973,0.09067461709904062,-0.05889081071608231,0.0,0.08,0.08747223196932843,0.08747223196932843,0
95,15,2.67104172706604,2.72314380519678,0.0,0.08000074265570503,34.18803418803419,0.08000106093672149,-0.01931846726601015,0.0,0.08,0.08000074265570503,0.08000074265570503,0
95,18,2.7587642669677734,2.72314380519678,0.012995826454398325,0.10747560841879643,27.75330396475771,0.11479515724248691,0.012995826454398325,0.012995826454398325,0.09039666116351866,0.10747560841879643,0.10747560841879643,0
95,6,2.5336415767669678,2.72314380519678,0.0,0.08525429596230942,29.05982905982906,0.08750613708901346,-0.07212939707040274,0.0,0.08,0.08525429596230942,0.08525429596230942,0
95,8,2.6631269454956055,2.72314380519678,0.0,0.0903370579487561,28.095238095238095,0.09476722564108014,-0.02228604772140636,0.0,0.08,0.0903370579487561,0.0903370579487561,0
95,11,2.575394630432129,2.72314380519678,0.0,0.0799999999999999,35.059760956175296,0.07999999999999988,-0.055784246486180245,0.0,0.08,0.0799999999999999,0.0799999999999999,0
95,17,2.7191355228424072,2.72314380519678,0.0,0.0799999999999999,37.37373737373738,0.07999999999999988,-0.0014730162943853045,0.0,0.08,0.0799999999999999,0.0799999999999999,0
95,9,2.58935809135437,2.72314380519678,0.0,0.08200816637496183,36.25,0.08286880910708833,-0.0503770195994632,0.0,0.08,0.08200816637496183,0.08200816637496183,0
95,3,2.6338882446289062,2.72314380519678,0.0,0.08009872933925025,37.88546255506608,0.08014104191321464,-0.033325849068836684,0.0,0.08,0.08009872933925025,0.08009872933925025,0
95,10,2.9347920417785645,2.72314380519678,0.07484957230797226,0.13072168822714975,23.67149758454106,0.12679684410462344,0.07484957230797226,0.07484957230797226,0.13987965784637782,0.13072168822714975,0.13072168822714975,0
95,19,2.6193010807037354,2.72314380519678,0.0,0.0799999999999999,40.51282051282051,0.07999999999999988,-0.038879504366213735,0.0,0.08,0.0799999999999999,0.0799999999999999,0
95,16,2.480478525161743,2.72314380519678,0.0,0.08000003706107184,38.8,0.08000005294438833,-0.09333552798979951,0.0,0.08,0.08000003706107184,0.08000003706107184,0
96,10,2.848780870437622,2.714574279604165,0.04825599983222081,0.1270866217187378,31.40096618357488,0.13072168822714975,0.04825599983222081,0.04825599983222081,0.11860479986577666,0.1270866217187378,0.1270866217187378,0
96,9,2.5513036251068115,2.714574279604165,0.0,0.08140571646247327,40.833333333333336,0.08200816637496183,-0.06203068369170914,0.0,0.08,0.08140571646247327,0.08140571646247327,0
96,3,2.4693784713745117,2.714574279604165,0.0,0.08006911053747517,36.563876651982376,0.08009872933925025,-0.09466864967981363,0.0,0.08,0.08006911053747517,0.08006911053747517,0
96,1,2.5673694610595703,2.714574279604165,0.0,0.08536647728486908,31.140350877192983,0.08766639612124155,-0.05575331907939632,0.0,0.08,0.08536647728486908,0.08536647728486908,0
96,12,2.713585138320923,2.714574279604165,0.0,0.09358969985341506,34.959349593495936,0.09941385693345009,-0.0003644481358743672,0.0,0.08,0.09358969985341506,0.09358969985341506,0
96,18,2.888714551925659,2.714574279604165,0.062176473233244246,0.11415527946913612,29.515418502202643,0.10747560841879643,0.062176473233244246,0.062176473233244246,0.1297411785865954,0.11415527946913612,0.11415527946913612,0
96,8,2.746769428253174,2.714574279604165,0.011790329710587102,0.09006561969467017,28.571428571428573,0.0903370579487561,0.011790329710587102,0.011790329710587102,0.08943226376846969,0.09006561969467017,0.09006561969467017,0
96,6,2.601522922515869,2.714574279604165,0.0,0.08367800717361659,32.47863247863248,0.08525429596230942,-0.04253812486030143,0.0,0.08,0.08367800717361659,0.08367800717361659,0
96,13,2.8303236961364746,2.714574279604165,0.04175594722518727,0.09525198971257484,29.72972972972973,0.08747223196932843,0.04175594722518727,0.04175594722518727,0.11340475778014983,0.09525198971257484,0.09525198971257484,0
96,0,2.523881673812866,2.714574279604165,0.0,0.08048145990284837,32.743362831858406,0.08068779986121197,-0.07283707456303738,0.0,0.08,0.08048145990284837,0.08048145990284837,0
96,19,2.3963871002197266,2.714574279604165,0.0,0.07999999999999993,41.53846153846154,0.0799999999999999,-0.12467290927926751,0.0,0.08,0.07999999999999993,0.07999999999999993,0
96,15,2.4267818927764893,2.714574279604165,0.0,0.08000051985899352,32.05128205128205,0.08000074265570503,-0.1120690818615513,0.0,0.08,0.08000051985899352,0.08000051985899352,0
96,17,2.2312304973602295,2.714574279604165,0.0,0.07999999999999993,31.818181818181817,0.0799999999999999,-0.1960819113718835,0.0,0.08,0.07999999999999993,0.07999999999999993,0
96,11,2.4200921058654785,2.714574279604165,0.0,0.07999999999999993,32.669322709163346,0.0799999999999999,-0.11482953783105254,0.0,0.08,0.07999999999999993,0.07999999999999993,0
96,7,2.865875244140625,2.714574279604165,0.05423866065644224,0.11322411114369035,34.21052631578947,0.10886690369449176,0.05423866065644224,0.05423866065644224,0.12339092852515379,0.11322411114369035,0.11322411114369035,0
96,2,2.362837314605713,2.714574279604165,0.0,0.07999999999999993,42.71844660194175,0.0799999999999999,-0.13877198858729742,0.0,0.08,0.07999999999999993,0.07999999999999993,0
96,4,2.6012227535247803,2.714574279604165,0.0,0.08225459374128,34.343434343434346,0.08322084820182858,-0.042653513545030025,0.0,0.08,0.08225459374128,0.08225459374128,0
96,14,2.3642704486846924,2.714574279604165,0.0,0.07999999999999993,37.24696356275304,0.0799999999999999,-0.13816564145556756,0.0,0.08,0.07999999999999993,0.07999999999999993,0
96,5,2.5452611446380615,2.714574279604165,0.0,0.08392984526657019,35.348837209302324,0.08561406466652885,-0.0644018821554679,0.0,0.08,0.08392984526657019,0.08392984526657019,0
96,16,2.586862325668335,2.714574279604165,0.0,0.08000002594275028,38.0,0.08000003706107184,-0.04818945378377386,0.0,0.08,0.08000002594275028,0.08000002594275028,0
97,12,2.806974411010742,2.6990505059520675,0.03920713436170348,0.09892250214419937,30.08130081300813,0.09358969985341506,0.03920713436170348,0.03920713436170348,0.11136570748936278,0.09892250214419937,0.09892250214419937,0
97,1,2.7503061294555664,2.6990505059520675,0.0188121785162281,0.0882714569433031,34.21052631578947,0.08536647728486908,0.0188121785162281,0.0188121785162281,0.09504974281298248,0.0882714569433031,0.0882714569433031,0
97,6,2.6617283821105957,2.6990505059520675,0.0,0.0825746050215316,30.76923076923077,0.08367800717361659,-0.013924367150970058,0.0,0.08,0.0825746050215316,0.0825746050215316,0
97,13,2.825920820236206,2.6990505059520675,0.04593421868685634,0.10170060528364791,29.27927927927928,0.09525198971257484,0.04593421868685634,0.04593421868685634,0.11674737494948507,0.10170060528364791,0.10170060528364791,0
97,16,2.4918386936187744,2.6990505059520675,0.0,0.08000001815992519,30.8,0.08000002594275028,-0.07987917724888477,0.0,0.08,0.08000001815992519,0.08000001815992519,0
97,0,2.5023069381713867,2.6990505059520675,0.0,0.08033702193199385,31.858407079646017,0.08048145990284837,-0.07568696476098397,0.0,0.08,0.08033702193199385,0.08033702193199385,0
97,15,2.558162212371826,2.6990505059520675,0.0,0.08000036390129546,35.042735042735046,0.08000051985899352,-0.05361093159976853,0.0,0.08,0.08000036390129546,0.08000036390129546,0
97,9,2.5011675357818604,2.6990505059520675,0.0,0.08098400152373128,33.333333333333336,0.08140571646247327,-0.07614240923685718,0.0,0.08,0.08098400152373128,0.08098400152373128,0
97,17,2.4462337493896484,2.6990505059520675,0.0,0.07999999999999995,33.83838383838384,0.07999999999999993,-0.09835044968079386,0.0,0.08,0.07999999999999995,0.07999999999999995,0
97,19,2.2409496307373047,2.6990505059520675,0.0,0.07999999999999995,40.0,0.07999999999999993,-0.18600032762000768,0.0,0.08,0.07999999999999995,0.07999999999999995,0
97,5,2.736056089401245,2.6990505059520675,0.013617453312572672,0.08601908048161656,34.41860465116279,0.08392984526657019,0.013617453312572672,0.013617453312572672,0.09089396265005814,0.08601908048161656,0.08601908048161656,0
97,8,2.8302628993988037,2.6990505059520675,0.04746955778311819,0.09843862765421749,26.19047619047619,0.09006561969467017,0.04746955778311819,0.04746955778311819,0.11797564622649456,0.09843862765421749,0.09843862765421749,0
97,10,2.9566142559051514,2.6990505059520675,0.0911447341734676,0.13483537140474866,29.95169082125604,0.1270866217187378,0.0911447341734676,0.0911447341734676,0.1529157873387741,0.13483537140474866,0.13483537140474866,0
97,2,2.1860275268554688,2.6990505059520675,0.0,0.07999999999999995,43.20388349514563,0.07999999999999993,-0.21081406381496912,0.0,0.08,0.07999999999999995,0.07999999999999995,0
97,11,2.538357734680176,2.6990505059520675,0.0,0.07999999999999995,35.059760956175296,0.07999999999999993,-0.06138273569498248,0.0,0.08,0.07999999999999995,0.07999999999999995,0
97,3,2.4493305683135986,2.6990505059520675,0.0,0.08004837737623262,34.801762114537446,0.08006911053747517,-0.09708529652442853,0.0,0.08,0.08004837737623262,0.08004837737623262,0
97,14,2.605670690536499,2.6990505059520675,0.0,0.07999999999999995,34.412955465587046,0.07999999999999993,-0.03520994172145832,0.0,0.08,0.07999999999999995,0.07999999999999995,0
97,18,2.9752285480499268,2.6990505059520675,0.09742081187723305,0.1272896904789312,29.07488986784141,0.11415527946913612,0.09742081187723305,0.09742081187723305,0.15793664950178643,0.1272896904789312,0.1272896904789312,0
97,7,2.6105356216430664,2.6990505059520675,0.0,0.10325687780058324,29.82456140350877,0.11322411114369035,-0.03334462727362259,0.0,0.08,0.10325687780058324,0.10325687780058324,0
97,4,2.5641937255859375,2.6990505059520675,0.0,0.081578215618896,30.80808080808081,0.08225459374128,-0.05125595429981571,0.0,0.08,0.081578215618896,0.081578215618896,0
98,4,2.457505226135254,2.6876386761629827,0.0,0.0811047509332272,45.95959595959596,0.081578215618896,-0.08951629256349945,0.0,0.08,0.0811047509332272,0.0811047509332272,0
98,0,2.628955602645874,2.6876386761629827,0.0,0.08023591535239569,31.41592920353982,0.08033702193199385,-0.022076334411422083,0.0,0.08,0.08023591535239569,0.08023591535239569,0
98,3,2.3770365715026855,2.6876386761629827,0.0,0.08003386416336283,37.00440528634361,0.08004837737623262,-0.12280841823820544,0.0,0.08,0.08003386416336283,0.08003386416336283,0
98,10,3.0552103519439697,2.6876386761629827,0.1281854522237364,0.14914926851702082,27.536231884057973,0.13483537140474866,0.1281854522237364,0.1281854522237364,0.18254836177898914,0.14914926851702082,0.14914926851702082,0
98,9,2.4034037590026855,2.6876386761629827,0.0,0.08068880106661189,33.75,0.08098400152373128,-0.11177702658599356,0.0,0.08,0.08068880106661189,0.08068880106661189,0
98,18,2.691333293914795,2.6876386761629827,0.0013737265557971145,0.11343247770864315,34.36123348017621,0.1272896904789312,0.0013737265557971145,0.0013737265557971145,0.0810989812446377,0.11343247770864315,0.11343247770864315,0
98,1,2.668992757797241,2.6876386761629827,0.0,0.08579001986031216,35.08771929824562,0.0882714569433031,-0.006961835562327471,0.0,0.08,0.08579001986031216,0.08579001986031216,0
98,19,2.252112627029419,2.6876386761629827,0.0,0.07999999999999996,46.15384615384615,0.07999999999999995,-0.1767942708064337,0.0,0.08,0.07999999999999996,0.07999999999999996,0
98,15,2.5688328742980957,2.6876386761629827,0.0,0.08000025473090683,36.324786324786324,0.08000036390129546,-0.04521133114072261,0.0,0.08,0.08000025473090683,0.08000025473090683,0
98,13,2.6223456859588623,2.6876386761629827,0.0,0.09519042369855354,25.675675675675677,0.10170060528364791,-0.02459377524729537,0.0,0.08,0.09519042369855354,0.09519042369855354,0
98,8,2.795654535293579,2.6876386761629827,0.039403267276824396,0.10236382350439009,29.523809523809526,0.09843862765421749,0.039403267276824396,0.039403267276824396,0.11152261382145952,0.10236382350439009,0.10236382350439009,0
98,2,2.1745474338531494,2.6876386761629827,0.0,0.07999999999999996,47.0873786407767,0.07999999999999995,-0.21184242517694707,0.0,0.08,0.07999999999999996,0.07999999999999996,0
98,7,2.7523891925811768,2.6876386761629827,0.02380633915200588,0.10199333585688967,32.45614035087719,0.10325687780058324,0.02380633915200588,0.02380633915200588,0.0990450713216047,0.10199333585688967,0.10199333585688967,0
98,14,2.542178153991699,2.6876386761629827,0.0,0.07999999999999996,41.70040485829959,0.07999999999999995,-0.05564173784847012,0.0,0.08,0.07999999999999996,0.07999999999999996,0
98,11,2.4058258533477783,2.6876386761629827,0.0,0.07999999999999996,32.27091633466136,0.07999999999999995,-0.11076975734121203,0.0,0.08,0.07999999999999996,0.07999999999999996,0
98,16,2.4100217819213867,2.6876386761629827,0.0,0.08000001271194762,34.4,0.08000001815992519,-0.1090272065232864,0.0,0.08,0.08000001271194762,0.08000001271194762,0
98,5,2.6403000354766846,2.6876386761629827,0.0,0.08421335633713159,32.093023255813954,0.08601908048161656,-0.017770431986202546,0.0,0.08,0.08421335633713159,0.08421335633713159,0
98,12,2.7065322399139404,2.6876386761629827,0.00700520663446543,0.09492700109321126,28.86178861788618,0.09892250214419937,0.00700520663446543,0.00700520663446543,0.08560416530757234,0.09492700109321126,0.09492700109321126,0
98,17,2.4812843799591064,2.6876386761629827,0.0,0.07999999999999996,36.86868686868687,0.07999999999999995,-0.07988667098554394,0.0,0.08,0.07999999999999996,0.07999999999999996,0
98,6,2.729518413543701,2.6876386761629827,0.015462195727925843,0.08551315048977431,32.05128205128205,0.0825746050215316,0.015462195727925843,0.015462195727925843,0.09236975658234067,0.08551315048977431,0.08551315048977431,0
99,0,2.609527587890625,2.6784337365595325,0.0,0.08016514074667698,32.743362831858406,0.08023591535239569,-0.026062992779673604,0.0,0.08,0.08016514074667698,0.08016514074667698,0
99,7,2.708604574203491,2.6784337365595325,0.01120138794446657,0.09808366820649475,35.08771929824562,0.10199333585688967,0.01120138794446657,0.01120138794446657,0.08896111035557326,0.09808366820649475,0.09808366820649475,0
99,10,2.904514789581299,2.6784337365595325,0.0810341530791399,0.14785268470090815,28.985507246376812,0.14914926851702082,0.0810341530791399,0.0810341530791399,0.14482732246331192,0.14785268470090815,0.14785268470090815,0
99,12,2.7190639972686768,2.6784337365595325,0.01505550535643649,0.09406222205079262,33.739837398373986,0.09492700109321126,0.01505550535643649,0.01505550535643649,0.09204440428514919,0.09406222205079262,0.09406222205079262,0
99,18,2.9192910194396973,2.6784337365595325,0.08610858790728676,0.12406879549379901,36.12334801762115,0.11343247770864315,0.08610858790728676,0.08610858790728676,0.14888687032582942,0.12406879549379901,0.12406879549379901,0
99,4,2.273186445236206,2.6784337365595325,0.0,0.08077332565325904,35.85858585858586,0.0811047509332272,-0.1640496287892067,0.0,0.08,0.08077332565325904,0.08077332565325904,0
99,11,2.3580548763275146,2.6784337365595325,0.0,0.07999999999999996,34.26294820717131,0.07999999999999996,-0.12739512226688354,0.0,0.08,0.07999999999999996,0.07999999999999996,0
99,1,2.657073497772217,2.6784337365595325,0.0,0.0840530139022185,39.03508771929825,0.08579001986031216,-0.00800686865783226,0.0,0.08,0.0840530139022185,0.0840530139022185,0
99,3,2.43131422996521,2.6784337365595325,0.0,0.08002370491435398,45.81497797356828,0.08003386416336283,-0.09680025011222713,0.0,0.08,0.08002370491435398,0.08002370491435398,0
99,13,2.7428207397460938,2.6784337365595325,0.023754660813086942,0.09633441518412834,29.27927927927928,0.09519042369855354,0.023754660813086942,0.023754660813086942,0.09900372865046955,0.09633441518412834,0.09633441518412834,0
99,19,2.288421869277954,2.6784337365595325,0.0,0.07999999999999996,46.15384615384615,0.07999999999999996,-0.15736975643905432,0.0,0.08,0.07999999999999996,0.07999999999999996,0
99,14,2.4452505111694336,2.6784337365595325,0.0,0.07999999999999996,36.43724696356275,0.07999999999999996,-0.09108462043169195,0.0,0.08,0.07999999999999996,0.07999999999999996,0
99,2,2.04571270942688,2.6784337365595325,0.0,0.07999999999999996,47.57281553398058,0.07999999999999996,-0.26948595392196584,0.0,0.08,0.07999999999999996,0.07999999999999996,0
99,15,2.5539300441741943,2.6784337365595325,0.0,0.08000017831163478,33.76068376068376,0.08000025473090683,-0.04759883029621261,0.0,0.08,0.08000017831163478,0.08000017831163478,0
99,9,2.5027053356170654,2.6784337365595325,0.0,0.08048216074662831,42.916666666666664,0.08068880106661189,-0.06785991572412492,0.0,0.08,0.08048216074662831,0.08048216074662831,0
99,8,2.7495052814483643,2.6784337365595325,0.026188800721259422,0.10193998862617533,31.428571428571427,0.10236382350439009,0.026188800721259422,0.026188800721259422,0.10095104057700754,0.10193998862617533,0.10193998862617533,0
99,5,2.7727091312408447,2.6784337365595325,0.03459267081342726,0.09125159043121464,28.372093023255815,0.08421335633713159,0.03459267081342726,0.03459267081342726,0.10767413665074181,0.09125159043121464,0.09125159043121464,0
99,17,2.470322847366333,2.6784337365595325,0.0,0.07999999999999996,33.83838383838384,0.07999999999999996,-0.08088334717334457,0.0,0.08,0.07999999999999996,0.07999999999999996,0
99,16,2.5227768421173096,2.6784337365595325,0.0,0.08000000889836334,31.6,0.08000001271194762,-0.059871980463074445,0.0,0.08,0.08000000889836334,0.08000000889836334,0
99,6,2.6018266677856445,2.6784337365595325,0.0,0.08385920534284202,36.324786324786324,0.08551315048977431,-0.02901843403467172,0.0,0.08,0.08385920534284202,0.08385920534284202,0
100,10,2.9640514850616455,2.6683781985015713,0.10508620546930844,0.15271756860326974,26.08695652173913,0.14785268470090815,0.10508620546930844,0.10508620546930844,0.16406896437544677,0.15271756860326974,0.15271756860326974,0
100,16,2.4835798740386963,2.6683781985015713,0.0,0.08000000622885434,32.8,0.08000000889836334,-0.07176985435774984,0.0,0.08,0.08000000622885434,0.08000000622885434,0
100,11,2.4246907234191895,2.6683781985015713,0.0,0.07999999999999996,32.669322709163346,0.07999999999999996,-0.09576689167036577,0.0,0.08,0.07999999999999996,0.07999999999999996,0
100,2,2.1946451663970947,2.6683781985015713,0.0,0.07999999999999996,43.20388349514563,0.07999999999999996,-0.1954504927001133,0.0,0.08,0.07999999999999996,0.07999999999999996,0
100,5,2.5837936401367188,2.6683781985015713,0.0,0.08787611330185024,28.372093023255815,0.09125159043121464,-0.03221214934279492,0.0,0.08,0.08787611330185024,0.08787611330185024,0
100,4,2.4333150386810303,2.6683781985015713,0.0,0.08054132795728132,38.888888888888886,0.08077332565325904,-0.09221633009886271,0.0,0.08,0.08054132795728132,0.08054132795728132,0
100,13,2.536442279815674,2.6683781985015713,0.0,0.09143409062888982,33.333333333333336,0.09633441518412834,-0.05070844944646266,0.0,0.08,0.09143409062888982,0.09143409062888982,0
100,12,2.634172201156616,2.6683781985015713,0.0,0.08984355543555483,23.983739837398375,0.09406222205079262,-0.012901894042457954,0.0,0.08,0.08984355543555483,0.08984355543555483,0
100,17,2.4832024574279785,2.6683781985015713,0.0,0.07999999999999996,34.343434343434346,0.07999999999999996,-0.07192183066141564,0.0,0.08,0.07999999999999996,0.07999999999999996,0
100,0,2.624459981918335,2.6683781985015713,0.0,0.08011559852267389,33.1858407079646,0.08016514074667698,-0.01659571779977006,0.0,0.08,0.08011559852267389,0.08011559852267389,0
100,19,2.424485683441162,2.6683781985015713,0.0,0.07999999999999996,45.64102564102564,0.07999999999999996,-0.09585145859889156,0.0,0.08,0.07999999999999996,0.07999999999999996,0
100,18,2.8169105052948,2.6683781985015713,0.05416984711495536,0.12384892015324858,29.07488986784141,0.12406879549379901,0.05416984711495536,0.05416984711495536,0.12333587769196429,0.12384892015324858,0.12384892015324858,0
100,6,2.5218722820281982,2.6683781985015713,0.0,0.08270144373998942,42.30769230769231,0.08385920534284202,-0.056469276633625436,0.0,0.08,0.08270144373998942,0.08270144373998942,0
100,7,2.733342409133911,2.6683781985015713,0.024054314353761336,0.09843160318944905,30.263157894736842,0.09808366820649475,0.024054314353761336,0.024054314353761336,0.09924345148300907,0.09843160318944905,0.09843160318944905,0
100,8,2.797667980194092,2.6683781985015713,0.04731533419887672,0.10671367224605315,34.76190476190476,0.10193998862617533,0.04731533419887672,0.04731533419887672,0.11785226735910138,0.10671367224605315,0.10671367224605315,0
100,1,2.708522081375122,2.6683781985015713,0.014932257079862756,0.08642085143072001,34.21052631578947,0.0840530139022185,0.014932257079862756,0.014932257079862756,0.09194580566389021,0.08642085143072001,0.08642085143072001,0
100,14,2.289881706237793,2.6683781985015713,0.0,0.07999999999999996,35.62753036437247,0.07999999999999996,-0.15297071138197846,0.0,0.08,0.07999999999999996,0.07999999999999996,0
100,9,2.430377960205078,2.6683781985015713,0.0,0.08033751252263982,36.666666666666664,0.08048216074662831,-0.09342408676506993,0.0,0.08,0.08033751252263982,0.08033751252263982,0
100,3,2.406695604324341,2.6683781985015713,0.0,0.08001659344004779,33.480176211453745,0.08002370491435398,-0.10321618303929886,0.0,0.08,0.08001659344004779,0.08001659344004779,0
100,15,2.6939949989318848,2.6683781985015713,0.009554350009491931,0.08229316882042241,35.8974358974359,0.08000017831163478,0.009554350009491931,0.009554350009491931,0.08764348000759355,0.08229316882042241,0.08229316882042241,0
101,0,2.6720950603485107,2.654456106743608,0.006623054003534814,0.08167045192672007,31.858407079646017,0.08011559852267389,0.006623054003534814,0.006623054003534814,0.08529844320282785,0.08167045192672007,0.08167045192672007,0
101,19,2.3909897804260254,2.654456106743608,0.0,0.07999999999999996,38.46153846153846,0.07999999999999996,-0.10453236279274558,0.0,0.08,0.07999999999999996,0.07999999999999996,0
101,6,2.4986414909362793,2.654456106743608,0.0,0.08189101061799259,32.05128205128205,0.08270144373998942,-0.06049259670457155,0.0,0.08,0.08189101061799259,0.08189101061799259,0
101,18,2.912905216217041,2.654456106743608,0.09291116142058008,0.1329929228482132,31.718061674008812,0.12384892015324858,0.09291116142058008,0.09291116142058008,0.15432892913646407,0.1329929228482132,0.1329929228482132,0
101,3,2.3167552947998047,2.654456106743608,0.0,0.08001161540803345,32.59911894273128,0.08001659344004779,-0.1360721500168354,0.0,0.08,0.08001161540803345,0.08001161540803345,0
101,17,2.282573699951172,2.654456106743608,0.0,0.07999999999999996,36.86868686868687,0.07999999999999996,-0.15093615477619715,0.0,0.08,0.07999999999999996,0.07999999999999996,0
101,13,2.535675525665283,2.654456106743608,0.0,0.08800386344022287,33.78378378378378,0.09143409062888982,-0.04577969621827525,0.0,0.08,0.08800386344022287,0.08800386344022287,0
101,15,2.5330910682678223,2.654456106743608,0.0,0.08160521817429568,35.8974358974359,0.08229316882042241,-0.04679945420607562,0.0,0.08,0.08160521817429568,0.08160521817429568,0
101,8,2.6512210369110107,2.654456106743608,0.0,0.09869957057223719,28.095238095238095,0.10671367224605315,-0.0012194749637876787,0.0,0.08,0.09869957057223719,0.09869957057223719,0
101,7,2.676687240600586,2.654456106743608,0.00834014814004235,0.0949037577862245,35.96491228070175,0.09843160318944905,0.00834014814004235,0.00834014814004235,0.08667211851203388,0.0949037577862245,0.0949037577862245,0
101,4,2.426780939102173,2.654456106743608,0.0,0.08037892957009693,35.85858585858586,0.08054132795728132,-0.08967411441634043,0.0,0.08,0.08037892957009693,0.08037892957009693,0
101,11,2.451003074645996,2.654456106743608,0.0,0.07999999999999996,33.864541832669325,0.07999999999999996,-0.07974241818747266,0.0,0.08,0.07999999999999996,0.07999999999999996,0
101,10,3.010406970977783,2.654456106743608,0.12583549798980262,0.16110281753984146,26.570048309178745,0.15271756860326974,0.12583549798980262,0.12583549798980262,0.18066839839184212,0.16110281753984146,0.16110281753984146,0
101,12,2.696310043334961,2.654456106743608,0.015644410125546345,0.09064514723501951,28.45528455284553,0.08984355543555483,0.015644410125546345,0.015644410125546345,0.09251552810043707,0.09064514723501951,0.09064514723501951,0
101,16,2.385249376296997,2.654456106743608,0.0,0.08000000436019802,39.2,0.08000000622885434,-0.1069360978992206,0.0,0.08,0.08000000436019802,0.08000000436019802,0
101,14,2.4343764781951904,2.654456106743608,0.0,0.07999999999999996,37.65182186234818,0.07999999999999996,-0.08654911985599821,0.0,0.08,0.07999999999999996,0.07999999999999996,0
101,1,2.5176327228546143,2.654456106743608,0.0,0.084494596001504,35.08771929824562,0.08642085143072001,-0.05292071296410683,0.0,0.08,0.084494596001504,0.084494596001504,0
101,5,2.6618545055389404,2.654456106743608,0.002783284906825696,0.08618126768893333,36.74418604651163,0.08787611330185024,0.002783284906825696,0.002783284906825696,0.08222662792546055,0.08618126768893333,0.08618126768893333,0
101,2,2.276062488555908,2.654456106743608,0.0,0.07999999999999996,43.20388349514563,0.07999999999999996,-0.15379280554862873,0.0,0.08,0.07999999999999996,0.07999999999999996,0
101,9,2.4147138595581055,2.654456106743608,0.0,0.08023625876584786,38.333333333333336,0.08033751252263982,-0.09465898168723107,0.0,0.08,0.08023625876584786,0.08023625876584786,0
102,19,2.3154900074005127,2.639824206758792,0.0,0.07999999999999996,42.56410256410256,0.07999999999999996,-0.1310909946577958,0.0,0.08,0.07999999999999996,0.07999999999999996,0
102,18,2.7583765983581543,2.639824206758792,0.0439299909223886,0.1276382438151225,31.277533039647576,0.1329929228482132,0.0439299909223886,0.0439299909223886,0.11514399273791087,0.1276382438151225,0.1276382438151225,0
102,4,2.433166742324829,2.639824206758792,0.0,0.08026525069906784,34.84848484848485,0.08037892957009693,-0.08151873118612768,0.0,0.08,0.08026525069906784,0.08026525069906784,0
102,12,2.933502674102783,2.639824206758792,0.10548483398610026,0.11276796322117771,28.86178861788618,0.09064514723501951,0.10548483398610026,0.10548483398610026,0.1643878671888802,0.11276796322117771,0.11276796322117771,0
102,5,2.565399646759033,2.639824206758792,0.0,0.08432688738225333,39.53488372093023,0.08618126768893333,-0.028598052292982554,0.0,0.08,0.08432688738225333,0.08432688738225333,0
102,10,2.844326972961426,2.639824206758792,0.07461414786369865,0.15467936776517668,25.603864734299517,0.16110281753984146,0.07461414786369865,0.07461414786369865,0.13969131829095893,0.15467936776517668,0.15467936776517668,0
102,6,2.558427333831787,2.639824206758792,0.0,0.08132370743259482,31.196581196581196,0.08189101061799259,-0.03131957947566591,0.0,0.08,0.08132370743259482,0.08132370743259482,0
102,16,2.552717685699463,2.639824206758792,0.0,0.08000000305213861,34.4,0.08000000436019802,-0.03355377571279188,0.0,0.08,0.08000000305213861,0.08000000305213861,0
102,3,2.5422792434692383,2.639824206758792,0.0,0.08000813078562341,36.12334801762115,0.08001161540803345,-0.037651307836670235,0.0,0.08,0.08000813078562341,0.08000813078562341,0
102,15,2.398503303527832,2.639824206758792,0.0,0.08112365272200697,38.888888888888886,0.08160521817429568,-0.09586740692124926,0.0,0.08,0.08112365272200697,0.08112365272200697,0
102,11,2.4804346561431885,2.639824206758792,0.0,0.07999999999999996,33.46613545816733,0.07999999999999996,-0.06227851695504328,0.0,0.08,0.07999999999999996,0.07999999999999996,0
102,7,2.848855972290039,2.639824206758792,0.07620517359100612,0.10872187211219861,33.771929824561404,0.0949037577862245,0.07620517359100612,0.07620517359100612,0.1409641388728049,0.10872187211219861,0.10872187211219861,0
102,9,2.483121633529663,2.639824206758792,0.0,0.0801653811360935,40.416666666666664,0.08023625876584786,-0.06119583450669006,0.0,0.08,0.0801653811360935,0.0801653811360935,0
102,14,2.3016915321350098,2.639824206758792,0.0,0.07999999999999996,37.24696356275304,0.07999999999999996,-0.13706802465613444,0.0,0.08,0.07999999999999996,0.07999999999999996,0
102,17,2.3117868900299072,2.639824206758792,0.0,0.07999999999999996,38.888888888888886,0.07999999999999996,-0.1326915550855532,0.0,0.08,0.07999999999999996,0.07999999999999996,0
102,13,2.5010197162628174,2.639824206758792,0.0,0.08560270440815601,32.88288288288288,0.08800386344022287,-0.054013791165746915,0.0,0.08,0.08560270440815601,0.08560270440815601,0
102,1,2.5633435249328613,2.639824206758792,0.0,0.0831462172010528,41.228070175438596,0.084494596001504,-0.029399855721026113,0.0,0.08,0.0831462172010528,0.0831462172010528,0
102,8,2.7331883907318115,2.639824206758792,0.03475650969345041,0.10143126172699413,30.952380952380953,0.09869957057223719,0.03475650969345041,0.03475650969345041,0.10780520775476034,0.10143126172699413,0.10143126172699413,0
102,0,2.702119827270508,2.639824206758792,0.023324259495636903,0.08676713862765689,37.610619469026545,0.08167045192672007,0.023324259495636903,0.023324259495636903,0.09865940759650953,0.08676713862765689,0.08676713862765689,0
102,2,2.0470774173736572,2.639824206758792,0.0,0.07999999999999996,41.262135922330096,0.07999999999999996,-0.25429919961256203,0.0,0.08,0.07999999999999996,0.07999999999999996,0
103,19,2.2505438327789307,2.630591632541348,0.0,0.07999999999999996,47.17948717948718,0.07999999999999996,-0.15603688511992964,0.0,0.08,0.07999999999999996,0.07999999999999996,0
103,5,2.652139186859131,2.630591632541348,0.008157778418281508,0.0849866879879649,40.46511627906977,0.08432688738225333,0.008157778418281508,0.008157778418281508,0.08652622273462521,0.0849866879879649,0.0849866879879649,0
103,8,2.6807608604431152,2.630591632541348,0.018891881079235517,0.09953593466791241,25.238095238095237,0.10143126172699413,0.018891881079235517,0.018891881079235517,0.09511350486338842,0.09953593466791241,0.09953593466791241,0
103,14,2.4759702682495117,2.630591632541348,0.0,0.07999999999999996,36.43724696356275,0.07999999999999996,-0.06057642921905508,0.0,0.08,0.07999999999999996,0.07999999999999996,0
103,4,2.462459087371826,2.630591632541348,0.0,0.08018567548934749,34.343434343434346,0.08026525069906784,-0.06604829630953533,0.0,0.08,0.08018567548934749,0.08018567548934749,0
103,12,2.703989028930664,2.630591632541348,0.027519324491242437,0.10954221213272258,36.99186991869919,0.11276796322117771,0.027519324491242437,0.027519324491242437,0.10201545959299395,0.10954221213272258,0.10954221213272258,0
103,1,2.5682075023651123,2.630591632541348,0.0,0.08220235204073695,37.719298245614034,0.0831462172010528,-0.0240005904725912,0.0,0.08,0.08220235204073695,0.08220235204073695,0
103,7,2.657357931137085,2.630591632541348,0.010123593945793602,0.10253497302552948,36.8421052631579,0.10872187211219861,0.010123593945793602,0.010123593945793602,0.08809887515663488,0.10253497302552948,0.10253497302552948,0
103,10,2.6531713008880615,2.630591632541348,0.00854686555670417,0.13432680516923268,29.95169082125604,0.15467936776517668,0.00854686555670417,0.00854686555670417,0.08683749244536333,0.13432680516923268,0.13432680516923268,0
103,3,2.3619041442871094,2.630591632541348,0.0,0.08000569154993639,36.563876651982376,0.08000813078562341,-0.10774064128140491,0.0,0.08,0.08000569154993639,0.08000569154993639,0
103,16,2.427380323410034,2.630591632541348,0.0,0.08000000213649702,31.6,0.08000000305213861,-0.0803961562896692,0.0,0.08,0.08000000213649702,0.08000000213649702,0
103,2,2.1661460399627686,2.630591632541348,0.0,0.07999999999999996,41.262135922330096,0.07999999999999996,-0.19425920530342092,0.0,0.08,0.07999999999999996,0.07999999999999996,0
103,15,2.621046543121338,2.630591632541348,0.0,0.08078655690540487,30.34188034188034,0.08112365272200697,-0.003635094260131658,0.0,0.08,0.08078655690540487,0.08078655690540487,0
103,6,2.463275194168091,2.630591632541348,0.0,0.08092659520281636,34.61538461538461,0.08132370743259482,-0.06571693178446258,0.0,0.08,0.08092659520281636,0.08092659520281636,0
103,0,2.4401726722717285,2.630591632541348,0.0,0.08473699703935983,33.1858407079646,0.08676713862765689,-0.07513997180758572,0.0,0.08,0.08473699703935983,0.08473699703935983,0
103,18,2.831387519836426,2.630591632541348,0.07355810469775602,0.1310007157980472,31.718061674008812,0.1276382438151225,0.07355810469775602,0.07355810469775602,0.13884648375820483,0.1310007157980472,0.1310007157980472,0
103,17,2.507807731628418,2.630591632541348,0.0,0.07999999999999996,37.878787878787875,0.07999999999999996,-0.047799818241956,0.0,0.08,0.07999999999999996,0.07999999999999996,0
103,11,2.3139469623565674,2.630591632541348,0.0,0.07999999999999996,38.24701195219124,0.07999999999999996,-0.12825406753084553,0.0,0.08,0.07999999999999996,0.07999999999999996,0
103,13,2.691866874694824,2.630591632541348,0.023026182049616765,0.08944817677761722,34.234234234234236,0.08560270440815601,0.023026182049616765,0.023026182049616765,0.09842094563969342,0.08944817677761722,0.08944817677761722,0
103,9,2.4655542373657227,2.630591632541348,0.0,0.08011576679526544,30.0,0.0801653811360935,-0.06479215100944666,0.0,0.08,0.08011576679526544,0.08011576679526544,0
104,10,2.937744617462158,2.6167213692811098,0.11572000124981402,0.14580156391841823,25.603864734299517,0.13432680516923268,0.11572000124981402,0.11572000124981402,0.1725760009998512,0.14580156391841823,0.14580156391841823,0
104,11,2.413196086883545,2.6167213692811098,0.0,0.07999999999999996,35.45816733067729,0.07999999999999996,-0.08097010200666231,0.0,0.08,0.07999999999999996,0.07999999999999996,0
104,7,2.583436965942383,2.6167213692811098,0.0,0.09577448111787062,30.263157894736842,0.10253497302552948,-0.012801478575012834,0.0,0.08,0.09577448111787062,0.09577448111787062,0
104,15,2.5254054069519043,2.6167213692811098,0.0,0.08055058983378341,38.46153846153846,0.08078655690540487,-0.035520541179187216,0.0,0.08,0.08055058983378341,0.08055058983378341,0
104,3,2.438915252685547,2.6167213692811098,0.0,0.08000398408495547,35.68281938325991,0.08000569154993639,-0.07036877620312512,0.0,0.08,0.08000398408495547,0.08000398408495547,0
104,5,2.6015775203704834,2.6167213692811098,0.0,0.08349068159157542,36.74418604651163,0.0849866879879649,-0.00580414870317378,0.0,0.08,0.08349068159157542,0.08349068159157542,0
104,18,2.829991102218628,2.6167213692811098,0.07835141890440944,0.13450484159569132,29.07488986784141,0.1310007157980472,0.07835141890440944,0.07835141890440944,0.14268113512352756,0.13450484159569132,0.13450484159569132,0
104,13,2.6560819149017334,2.6167213692811098,0.014929924170493212,0.09019690554525042,31.08108108108108,0.08944817677761722,0.014929924170493212,0.014929924170493212,0.09194393933639457,0.09019690554525042,0.09019690554525042,0
104,4,2.583893299102783,2.6167213692811098,0.0,0.08012997284254324,34.343434343434346,0.08018567548934749,-0.012624856165987712,0.0,0.08,0.08012997284254324,0.08012997284254324,0
104,17,2.4057798385620117,2.6167213692811098,0.0,0.07999999999999996,35.35353535353536,0.07999999999999996,-0.08404803983429766,0.0,0.08,0.07999999999999996,0.07999999999999996,0
104,16,2.5127248764038086,2.6167213692811098,0.0,0.08000000149554791,41.6,0.08000000213649702,-0.040554375780945714,0.0,0.08,0.08000000149554791,0.08000000149554791,0
104,6,2.7266461849212646,2.6167213692811098,0.04115020175625827,0.09052466506347344,33.76068376068376,0.08092659520281636,0.04115020175625827,0.04115020175625827,0.11292016140500662,0.09052466506347344,0.09052466506347344,0
104,0,2.430431365966797,2.6167213692811098,0.0,0.08331589792755187,31.858407079646017,0.08473699703935983,-0.0738533896155525,0.0,0.08,0.08331589792755187,0.08331589792755187,0
104,2,2.147085428237915,2.6167213692811098,0.0,0.07999999999999996,42.71844660194175,0.07999999999999996,-0.19781083983998346,0.0,0.08,0.07999999999999996,0.07999999999999996,0
104,8,2.8124547004699707,2.6167213692811098,0.07213551226985788,0.11098767721230457,27.61904761904762,0.09953593466791241,0.07213551226985788,0.07213551226985788,0.1377084098158863,0.11098767721230457,0.11098767721230457,0
104,12,2.728595733642578,2.6167213692811098,0.041864945053169456,0.11072713530566647,24.390243902439025,0.10954221213272258,0.041864945053169456,0.041864945053169456,0.11349195604253556,0.11072713530566647,0.11072713530566647,0
104,9,2.39925217628479,2.6167213692811098,0.0,0.0800810367566858,30.0,0.08011576679526544,-0.0867650524350743,0.0,0.08,0.0800810367566858,0.0800810367566858,0
104,19,2.126796245574951,2.6167213692811098,0.0,0.07999999999999996,42.56410256410256,0.07999999999999996,-0.20730541013157172,0.0,0.08,0.07999999999999996,0.07999999999999996,0
104,1,2.6340250968933105,2.6167213692811098,0.006590982938800868,0.08312348233382806,34.64912280701754,0.08220235204073695,0.006590982938800868,0.006590982938800868,0.0852727863510407,0.08312348233382806,0.08312348233382806,0
104,14,2.461129903793335,2.6167213692811098,0.0,0.07999999999999996,40.89068825910931,0.07999999999999996,-0.06130159314524744,0.0,0.08,0.07999999999999996,0.07999999999999996,0
105,9,2.4371352195739746,2.6104913509977132,0.0,0.08005672572968006,33.333333333333336,0.0800810367566858,-0.0687152012486764,0.0,0.08,0.08005672572968006,0.08005672572968006,0
105,6,2.5067384243011475,2.6104913509977132,0.0,0.08736726554443142,31.196581196581196,0.09052466506347344,-0.040555984945370216,0.0,0.08,0.08736726554443142,0.08736726554443142,0
105,2,2.353217601776123,2.6104913509977132,0.0,0.07999999999999996,45.14563106796116,0.07999999999999996,-0.10375487637265336,0.0,0.08,0.07999999999999996,0.07999999999999996,0
105,12,2.5571796894073486,2.6104913509977132,0.0,0.10150899471396652,32.520325203252035,0.11072713530566647,-0.020633493257329535,0.0,0.08,0.10150899471396652,0.10150899471396652,0
105,0,2.441354751586914,2.6104913509977132,0.0,0.0823211285492863,37.610619469026545,0.08331589792755187,-0.066985349153954,0.0,0.08,0.0823211285492863,0.0823211285492863,0
105,11,2.260017156600952,2.6104913509977132,0.0,0.07999999999999996,36.254980079681275,0.07999999999999996,-0.14416605543792768,0.0,0.08,0.07999999999999996,0.07999999999999996,0
105,8,2.6621150970458984,2.6104913509977132,0.01958249531729555,0.10639117292476412,37.142857142857146,0.11098767721230457,0.01958249531729555,0.01958249531729555,0.09566599625383644,0.10639117292476412,0.10639117292476412,0
105,17,2.2343573570251465,2.6104913509977132,0.0,0.07999999999999996,35.35353535353536,0.07999999999999996,-0.15558480934636051,0.0,0.08,0.07999999999999996,0.07999999999999996,0
105,1,2.5814802646636963,2.6104913509977132,0.0,0.08218643763367964,33.771929824561404,0.08312348233382806,-0.011175480262753591,0.0,0.08,0.08218643763367964,0.08218643763367964,0
105,4,2.514211416244507,2.6104913509977132,0.0,0.08009098098978026,36.36363636363637,0.08012997284254324,-0.037579258362138906,0.0,0.08,0.08009098098978026,0.08009098098978026,0
105,5,2.5027127265930176,2.6104913509977132,0.0,0.0824434771141028,37.2093023255814,0.08349068159157542,-0.04216322631269871,0.0,0.08,0.0824434771141028,0.0824434771141028,0
105,10,2.79998517036438,2.6104913509977132,0.07007565990574127,0.14287925312027067,23.67149758454106,0.14580156391841823,0.07007565990574127,0.07007565990574127,0.13606052792459303,0.14287925312027067,0.14287925312027067,0
105,16,2.413464069366455,2.6104913509977132,0.0,0.08000000104688354,37.2,0.08000000149554791,-0.07847537173932176,0.0,0.08,0.08000000104688354,0.08000000104688354,0
105,19,2.1448371410369873,2.6104913509977132,0.0,0.07999999999999996,41.53846153846154,0.07999999999999996,-0.19647483529898865,0.0,0.08,0.07999999999999996,0.07999999999999996,0
105,13,2.9136462211608887,2.6104913509977132,0.10986683269805433,0.11350587372920834,34.68468468468468,0.09019690554525042,0.10986683269805433,0.10986683269805433,0.16789346615844347,0.11350587372920834,0.11350587372920834,0
105,3,2.5288326740264893,2.6104913509977132,0.0,0.08000278885946882,40.08810572687225,0.08000398408495547,-0.031780657980809555,0.0,0.08,0.08000278885946882,0.08000278885946882,0
105,7,2.564234972000122,2.6104913509977132,0.0,0.09104213678250944,33.771929824561404,0.09577448111787062,-0.017878283029363385,0.0,0.08,0.09104213678250944,0.09104213678250944,0
105,15,2.5374720096588135,2.6104913509977132,0.0,0.08038541288364838,36.75213675213675,0.08055058983378341,-0.028370146962735335,0.0,0.08,0.08038541288364838,0.08038541288364838,0
105,14,2.3217499256134033,2.6104913509977132,0.0,0.07999999999999996,44.534412955465584,0.07999999999999996,-0.11721728059234784,0.0,0.08,0.07999999999999996,0.07999999999999996,0
105,18,2.8470842838287354,2.6104913509977132,0.08675695127146438,0.13897505742213537,27.75330396475771,0.13450484159569132,0.08675695127146438,0.08675695127146438,0.1494055610171715,0.13897505742213537,0.13897505742213537,0
106,18,2.9798200130462646,2.6004897079252247,0.13616312340315526,0.153961689812252,29.515418502202643,0.13897505742213537,0.13616312340315526,0.13616312340315526,0.1889304987225242,0.153961689812252,0.153961689812252,0
106,13,2.4635424613952637,2.6004897079252247,0.0,0.10345411161044582,39.189189189189186,0.11350587372920834,-0.05409943722013351,0.0,0.08,0.10345411161044582,0.10345411161044582,0
106,16,2.375579357147217,2.6004897079252247,0.0,0.08000000073281847,34.0,0.08000000104688354,-0.0904584285403155,0.0,0.08,0.08000000073281847,0.08000000073281847,0
106,3,2.4013335704803467,2.6004897079252247,0.0,0.08000195220162817,39.647577092511014,0.08000278885946882,-0.07967553877305268,0.0,0.08,0.08000195220162817,0.08000195220162817,0
106,19,2.381513833999634,2.6004897079252247,0.0,0.07999999999999996,48.205128205128204,0.07999999999999996,-0.08796342595468629,0.0,0.08,0.07999999999999996,0.07999999999999996,0
106,5,2.449751853942871,2.6004897079252247,0.0,0.08171043397987196,33.95348837209303,0.0824434771141028,-0.05971304093524163,0.0,0.08,0.08171043397987196,0.08171043397987196,0
106,10,2.9725046157836914,2.6004897079252247,0.13370512543519716,0.1561047072886368,23.18840579710145,0.14287925312027067,0.13370512543519716,0.13370512543519716,0.18696410034815775,0.1561047072886368,0.1561047072886368,0
106,2,2.2116682529449463,2.6004897079252247,0.0,0.07999999999999996,46.601941747572816,0.07999999999999996,-0.16195267947003558,0.0,0.08,0.07999999999999996,0.07999999999999996,0
106,15,2.370831251144409,2.6004897079252247,0.0,0.08026978901855386,35.47008547008547,0.08038541288364838,-0.0924591435894264,0.0,0.08,0.08026978901855386,0.08026978901855386,0
106,9,2.417933702468872,2.6004897079252247,0.0,0.08003970801077603,35.0,0.08005672572968006,-0.07278644272071703,0.0,0.08,0.08003970801077603,0.08003970801077603,0
106,1,2.430969476699829,2.6004897079252247,0.0,0.08153050634357574,37.719298245614034,0.08218643763367964,-0.06740963683250104,0.0,0.08,0.08153050634357574,0.08153050634357574,0
106,11,2.475736618041992,2.6004897079252247,0.0,0.07999999999999996,35.85657370517928,0.07999999999999996,-0.049161801109299436,0.0,0.08,0.07999999999999996,0.07999999999999996,0
106,4,2.2904036045074463,2.6004897079252247,0.0,0.08006368669284618,34.343434343434346,0.08009098098978026,-0.12697172742699003,0.0,0.08,0.08006368669284618,0.08006368669284618,0
106,0,2.593505620956421,2.6004897079252247,0.0,0.0816247899845004,29.646017699115045,0.0823211285492863,-0.0026892943520099803,0.0,0.08,0.0816247899845004,0.0816247899845004,0
106,12,2.8462908267974854,2.6004897079252247,0.09031690553276117,0.11673235362763923,30.08130081300813,0.10150899471396652,0.09031690553276117,0.09031690553276117,0.15225352442620893,0.11673235362763923,0.11673235362763923,0
106,7,2.5317420959472656,2.6004897079252247,0.0,0.0877294957477566,29.385964912280702,0.09104213678250944,-0.026792135136206804,0.0,0.08,0.0877294957477566,0.0877294957477566,0
106,6,2.5703184604644775,2.6004897079252247,0.0,0.08515708588110199,33.76068376068376,0.08736726554443142,-0.011669970640853925,0.0,0.08,0.08515708588110199,0.08515708588110199,0
106,8,2.71166729927063,2.6004897079252247,0.041863908640963024,0.108521159121166,27.142857142857142,0.10639117292476412,0.041863908640963024,0.041863908640963024,0.11349112691277041,0.108521159121166,0.108521159121166,0
106,17,2.532667875289917,2.6004897079252247,0.0,0.07999999999999996,37.878787878787875,0.07999999999999996,-0.02642653308006792,0.0,0.08,0.07999999999999996,0.07999999999999996,0
106,14,2.345461130142212,2.6004897079252247,0.0,0.07999999999999996,43.31983805668016,0.07999999999999996,-0.10321774952560306,0.0,0.08,0.07999999999999996,0.07999999999999996,0
107,8,2.530553102493286,2.5861054528996092,0.0,0.0999648113848162,30.0,0.108521159121166,-0.021715161384450378,0.0,0.08,0.0999648113848162,0.0999648113848162,0
107,14,2.4439477920532227,2.5861054528996092,0.0,0.07999999999999996,39.67611336032389,0.07999999999999996,-0.056538378275946745,0.0,0.08,0.07999999999999996,0.07999999999999996,0
107,10,2.7911431789398193,2.5861054528996092,0.07629819528185712,0.15158486196969145,26.570048309178745,0.1561047072886368,0.07629819528185712,0.07629819528185712,0.1410385562254857,0.15158486196969145,0.15158486196969145,0
107,15,2.488053321838379,2.5861054528996092,0.0,0.0801888523129877,38.46153846153846,0.08026978901855386,-0.03865245149496999,0.0,0.08,0.0801888523129877,0.0801888523129877,0
107,16,2.366283893585205,2.5861054528996092,0.0,0.08000000051297293,36.4,0.08000000073281847,-0.08883231034870114,0.0,0.08,0.08000000051297293,0.08000000051297293,0
107,3,2.4579927921295166,2.5861054528996092,0.0,0.08000136654113972,46.25550660792952,0.08000195220162817,-0.05080797897334474,0.0,0.08,0.08000136654113972,0.08000136654113972,0
107,17,2.3215575218200684,2.5861054528996092,0.0,0.07999999999999996,31.31313131313131,0.07999999999999996,-0.10791475142240793,0.0,0.08,0.07999999999999996,0.07999999999999996,0
107,18,2.7978663444519043,2.5861054528996092,0.07870404866348675,0.15066215454781323,29.515418502202643,0.153961689812252,0.07870404866348675,0.07870404866348675,0.1429632389307894,0.15066215454781323,0.15066215454781323,0
107,11,2.426178455352783,2.5861054528996092,0.0,0.07999999999999996,43.82470119521912,0.07999999999999996,-0.06383569032793822,0.0,0.08,0.07999999999999996,0.07999999999999996,0
107,19,2.1002800464630127,2.5861054528996092,0.0,0.07999999999999996,44.61538461538461,0.07999999999999996,-0.20808236571034538,0.0,0.08,0.07999999999999996,0.07999999999999996,0
107,2,2.1594290733337402,2.5861054528996092,0.0,0.07999999999999996,44.1747572815534,0.07999999999999996,-0.18030918828077325,0.0,0.08,0.07999999999999996,0.07999999999999996,0
107,12,2.8757271766662598,2.5861054528996092,0.1061525149908686,0.13118925113715593,31.30081300813008,0.11673235362763923,0.1061525149908686,0.1061525149908686,0.1649220119926949,0.13118925113715593,0.13118925113715593,0
107,13,2.7469482421875,2.5861054528996092,0.06033750723033909,0.11089887986259345,32.88288288288288,0.10345411161044582,0.06033750723033909,0.06033750723033909,0.12827000578427128,0.11089887986259345,0.11089887986259345,0
107,7,2.5372157096862793,2.5861054528996092,0.0,0.08541064702342961,35.526315789473685,0.0877294957477566,-0.019085755327357134,0.0,0.08,0.08541064702342961,0.08541064702342961,0
107,5,2.7096307277679443,2.5861054528996092,0.04665930471275033,0.09239553691697044,35.348837209302324,0.08171043397987196,0.04665930471275033,0.04665930471275033,0.11732744377020027,0.09239553691697044,0.09239553691697044,0
107,4,2.3639976978302,2.5861054528996092,0.0,0.08004458068499232,42.42424242424242,0.08006368669284618,-0.08979893184011413,0.0,0.08,0.08004458068499232,0.08004458068499232,0
107,9,2.545200824737549,2.5861054528996092,0.0,0.08002779560754322,35.416666666666664,0.08003970801077603,-0.01594350142667001,0.0,0.08,0.08002779560754322,0.08002779560754322,0
107,0,2.4860897064208984,2.5861054528996092,0.0,0.08113735298915029,35.39823008849557,0.0816247899845004,-0.0394419806662994,0.0,0.08,0.08113735298915029,0.08113735298915029,0
107,6,2.6012730598449707,2.5861054528996092,0.005847905671331386,0.08501345747789092,38.034188034188034,0.08515708588110199,0.005847905671331386,0.005847905671331386,0.08467832453706511,0.08501345747789092,0.08501345747789092,0
107,1,2.5634703636169434,2.5861054528996092,0.0,0.08107135444050301,37.280701754385966,0.08153050634357574,-0.008791106598974082,0.0,0.08,0.08107135444050301,0.08107135444050301,0
108,7,2.687922716140747,2.578425228826232,0.041589834499787155,0.09376901319634964,37.280701754385966,0.08541064702342961,0.041589834499787155,0.041589834499787155,0.11327186759982973,0.09376901319634964,0.09376901319634964,0
108,16,2.4152634143829346,2.578425228826232,0.0,0.08000000035908104,36.0,0.08000000051297293,-0.06537048045704413,0.0,0.08,0.08000000035908104,0.08000000035908104,0
108,14,2.397958517074585,2.578425228826232,0.0,0.07999999999999996,40.08097165991903,0.07999999999999996,-0.07256107837455192,0.0,0.08,0.07999999999999996,0.07999999999999996,0
108,13,2.9046292304992676,2.578425228826232,0.11912691407099524,0.13021967528085426,29.27927927927928,0.11089887986259345,0.11912691407099524,0.11912691407099524,0.1753015312567962,0.13021967528085426,0.13021967528085426,0
108,15,2.3618838787078857,2.578425228826232,0.0,0.08013219661909138,38.034188034188034,0.0801888523129877,-0.08771928150621397,0.0,0.08,0.08013219661909138,0.08013219661909138,0
108,18,2.6587395668029785,2.578425228826232,0.030673327154844107,0.13682510670063183,29.07488986784141,0.15066215454781323,0.030673327154844107,0.030673327154844107,0.10453866172387528,0.13682510670063183,0.13682510670063183,0
108,4,2.301588773727417,2.578425228826232,0.0,0.08003120647949462,38.38383838383838,0.08004458068499232,-0.11357918003923614,0.0,0.08,0.08003120647949462,0.08003120647949462,0
108,17,2.283581256866455,2.578425228826232,0.0,0.07999999999999996,31.818181818181817,0.07999999999999996,-0.12143389829208683,0.0,0.08,0.07999999999999996,0.07999999999999996,0
108,10,2.659057140350342,2.578425228826232,0.030792765171765477,0.1374996670200077,36.231884057971016,0.15158486196969145,0.030792765171765477,0.030792765171765477,0.10463421213741239,0.1374996670200077,0.1374996670200077,0
108,5,2.5803747177124023,2.578425228826232,0.0007557916537234457,0.08885826583877293,38.604651162790695,0.09239553691697044,0.0007557916537234457,0.0007557916537234457,0.08060463332297876,0.08885826583877293,0.08885826583877293,0
108,11,2.285848617553711,2.578425228826232,0.0,0.07999999999999996,37.45019920318725,0.07999999999999996,-0.12044149402033655,0.0,0.08,0.07999999999999996,0.07999999999999996,0
108,0,2.505284309387207,2.578425228826232,0.0,0.0807961470924052,37.16814159292036,0.08113735298915029,-0.02877661118291553,0.0,0.08,0.0807961470924052,0.0807961470924052,0
108,12,2.5498781204223633,2.578425228826232,0.0,0.11583247579600914,36.99186991869919,0.13118925113715593,-0.011133273995365393,0.0,0.08,0.11583247579600914,0.11583247579600914,0
108,8,2.726224660873413,2.578425228826232,0.05573890762766857,0.10735270580001179,28.095238095238095,0.0999648113848162,0.05573890762766857,0.05573890762766857,0.12459112610213485,0.10735270580001179,0.10735270580001179,0
108,2,2.2642929553985596,2.578425228826232,0.0,0.07999999999999996,43.689320388349515,0.07999999999999996,-0.12991628638532599,0.0,0.08,0.07999999999999996,0.07999999999999996,0
108,6,2.4504635334014893,2.578425228826232,0.0,0.08350942023452365,37.60683760683761,0.08501345747789092,-0.05090163198372326,0.0,0.08,0.08350942023452365,0.08350942023452365,0
108,9,2.3634493350982666,2.578425228826232,0.0,0.08001945692528026,37.083333333333336,0.08002779560754322,-0.08705670116734911,0.0,0.08,0.08001945692528026,0.08001945692528026,0
108,3,2.5259881019592285,2.578425228826232,0.0,0.0800009565787978,32.59911894273128,0.08000136654113972,-0.020546522386261003,0.0,0.08,0.0800009565787978,0.0800009565787978,0
108,1,2.620905876159668,2.578425228826232,0.01634117605626919,0.0846718303618567,32.45614035087719,0.08107135444050301,0.01634117605626919,0.01634117605626919,0.09307294084501536,0.0846718303618567,0.0846718303618567,0
108,19,2.080986499786377,2.578425228826232,0.0,0.07999999999999996,43.07692307692308,0.07999999999999996,-0.21433677520492062,0.0,0.08,0.07999999999999996,0.07999999999999996,0
109,5,2.4521644115448,2.5683700980830437,0.0,0.08620078608714105,37.674418604651166,0.08885826583877293,-0.046300426607529664,0.0,0.08,0.08620078608714105,0.08620078608714105,0
109,13,2.6396102905273438,2.5683700980830437,0.027359794297398935,0.12172012332797373,32.432432432432435,0.13021967528085426,0.027359794297398935,0.027359794297398935,0.10188783543791916,0.12172012332797373,0.12172012332797373,0
109,2,2.0718746185302734,2.5683700980830437,0.0,0.07999999999999996,44.1747572815534,0.07999999999999996,-0.2148176834277762,0.0,0.08,0.07999999999999996,0.07999999999999996,0
109,7,2.6850600242614746,2.5683700980830437,0.04443158831162921,0.10030189043223575,28.94736842105263,0.09376901319634964,0.04443158831162921,0.04443158831162921,0.11554527064930337,0.10030189043223575,0.10030189043223575,0
109,15,2.3714187145233154,2.5683700980830437,0.0,0.08009253763336396,40.17094017094017,0.08013219661909138,-0.07978310453916,0.0,0.08,0.08009253763336396,0.08009253763336396,0
109,16,2.312594413757324,2.5683700980830437,0.0,0.08000000025135673,36.0,0.08000000035908104,-0.10490147706237488,0.0,0.08,0.08000000025135673,0.08000000025135673,0
109,0,2.62445330619812,2.5683700980830437,0.02160111533012628,0.08574157064391394,34.95575221238938,0.0807961470924052,0.02160111533012628,0.02160111533012628,0.09728089226410103,0.08574157064391394,0.08574157064391394,0
109,14,2.2012829780578613,2.5683700980830437,0.0,0.07999999999999996,40.08097165991903,0.07999999999999996,-0.15423113175533898,0.0,0.08,0.07999999999999996,0.07999999999999996,0
109,4,2.488149404525757,2.5683700980830437,0.0,0.08002184453564623,43.93939393939394,0.08003120647949462,-0.031732271384680606,0.0,0.08,0.08002184453564623,0.08002184453564623,0
109,17,2.5018908977508545,2.5683700980830437,0.0,0.07999999999999996,35.35353535353536,0.07999999999999996,-0.02622468945219805,0.0,0.08,0.07999999999999996,0.07999999999999996,0
109,8,2.6287686824798584,2.5683700980830437,0.02324406026765443,0.1047254685242453,28.095238095238095,0.10735270580001179,0.02324406026765443,0.02324406026765443,0.09859524821412355,0.1047254685242453,0.1047254685242453,0
109,6,2.476315498352051,2.5683700980830437,0.0,0.08245659416416655,35.47008547008547,0.08350942023452365,-0.03649972518748162,0.0,0.08,0.08245659416416655,0.08245659416416655,0
109,19,2.109260082244873,2.5683700980830437,0.0,0.07999999999999996,42.05128205128205,0.07999999999999996,-0.19693427972094138,0.0,0.08,0.07999999999999996,0.07999999999999996,0
109,9,2.4580373764038086,2.5683700980830437,0.0,0.08001361984769617,36.25,0.08001945692528026,-0.04390827740905409,0.0,0.08,0.08001361984769617,0.08001361984769617,0
109,1,2.591848850250244,2.5683700980830437,0.009099968173010547,0.08545427361482222,33.333333333333336,0.0846718303618567,0.009099968173010547,0.009099968173010547,0.08727997453840844,0.08545427361482222,0.08545427361482222,0
109,12,2.7161855697631836,2.5683700980830437,0.05595703717085734,0.11851242197821216,31.30081300813008,0.11583247579600914,0.05595703717085734,0.05595703717085734,0.12476562973668588,0.11851242197821216,0.11851242197821216,0
109,3,2.429335832595825,2.5683700980830437,0.0,0.08000066960515845,39.20704845814978,0.0800009565787978,-0.055653594337579604,0.0,0.08,0.08000066960515845,0.08000066960515845,0
109,10,2.754197835922241,2.5683700980830437,0.06985473867579127,0.13701490419619528,26.08695652173913,0.1374996670200077,0.06985473867579127,0.06985473867579127,0.13588379094063302,0.13701490419619528,0.13701490419619528,0
109,18,2.725660800933838,2.5683700980830437,0.059439399613957916,0.13404303059779218,32.59911894273128,0.13682510670063183,0.059439399613957916,0.059439399613957916,0.12755151969116635,0.13404303059779218,0.13404303059779218,0
109,11,2.3821513652801514,2.5683700980830437,0.0,0.07999999999999996,37.45019920318725,0.07999999999999996,-0.07526747995854852,0.0,0.08,0.07999999999999996,0.07999999999999996,0
110,3,2.4623868465423584,2.5597563334186297,0.0,0.08000046872361091,46.25550660792952,0.08000066960515845,-0.03878092918287955,0.0,0.08,0.08000046872361091,0.08000046872361091,0
110,9,2.437228202819824,2.5597563334186297,0.0,0.08000953389338732,38.75,0.08001361984769617,-0.049050660369512465,0.0,0.08,0.08000953389338732,0.08000953389338732,0
110,0,2.4705798625946045,2.5597563334186297,0.0,0.08401909945073975,30.530973451327434,0.08574157064391394,-0.035459186290387,0.0,0.08,0.08401909945073975,0.08401909945073975,0
110,5,2.559296131134033,2.5597563334186297,0.0,0.08434055026099874,43.25581395348837,0.08620078608714105,-0.00017979979194388294,0.0,0.08,0.08434055026099874,0.08434055026099874,0
110,8,2.5851094722747803,2.5597563334186297,0.009855784364846803,0.09967321621453494,33.333333333333336,0.1047254685242453,0.009855784364846803,0.009855784364846803,0.08788462749187745,0.09967321621453494,0.09967321621453494,0
110,14,2.288691520690918,2.5597563334186297,0.0,0.07999999999999996,40.89068825910931,0.07999999999999996,-0.11193180532327685,0.0,0.08,0.07999999999999996,0.07999999999999996,0
110,10,2.5856821537017822,2.5597563334186297,0.010077290651911772,0.12232898269379551,28.985507246376812,0.13701490419619528,0.010077290651911772,0.010077290651911772,0.08806183252152942,0.12232898269379551,0.12232898269379551,0
110,15,2.5958478450775146,2.5597563334186297,0.014001114071557599,0.0834250437205286,42.73504273504273,0.08009253763336396,0.014001114071557599,0.014001114071557599,0.09120089125724608,0.0834250437205286,0.0834250437205286,0
110,13,2.768599271774292,2.5597563334186297,0.07842944224346424,0.12802715246801302,31.53153153153153,0.12172012332797373,0.07842944224346424,0.07842944224346424,0.14274355379477138,0.12802715246801302,0.12802715246801302,0
110,17,2.5543689727783203,2.5597563334186297,0.0,0.07999999999999996,31.31313131313131,0.07999999999999996,-0.0021068559292108453,0.0,0.08,0.07999999999999996,0.07999999999999996,0
110,7,2.6507151126861572,2.5597563334186297,0.03491738560090458,0.10259149584678212,35.08771929824562,0.10030189043223575,0.03491738560090458,0.03491738560090458,0.10793390848072366,0.10259149584678212,0.10259149584678212,0
110,11,2.0821192264556885,2.5597563334186297,0.0,0.07999999999999996,33.864541832669325,0.07999999999999996,-0.20652583690509443,0.0,0.08,0.07999999999999996,0.07999999999999996,0
110,18,2.6043949127197266,2.5597563334186297,0.01728829726809348,0.12197931276279696,32.59911894273128,0.13404303059779218,0.01728829726809348,0.01728829726809348,0.09383063781447479,0.12197931276279696,0.12197931276279696,0
110,4,2.325289726257324,2.5597563334186297,0.0,0.08001529117495236,33.83838383838384,0.08002184453564623,-0.0960674265893674,0.0,0.08,0.08001529117495236,0.08001529117495236,0
110,19,2.1897950172424316,2.5597563334186297,0.0,0.07999999999999996,50.256410256410255,0.07999999999999996,-0.1561041310279596,0.0,0.08,0.07999999999999996,0.07999999999999996,0
110,6,2.3388540744781494,2.5597563334186297,0.0,0.08171961591491658,41.88034188034188,0.08245659416416655,-0.0902509736738593,0.0,0.08,0.08171961591491658,0.08171961591491658,0
110,1,2.4406425952911377,2.5597563334186297,0.0,0.08381799153037556,35.96491228070175,0.08545427361482222,-0.04765070815418021,0.0,0.08,0.08381799153037556,0.08381799153037556,0
110,12,2.582505941390991,2.5597563334186297,0.008848150907018846,0.10908225160243304,29.67479674796748,0.11851242197821216,0.008848150907018846,0.008848150907018846,0.08707852072561507,0.10908225160243304,0.10908225160243304,0
110,16,2.307701826095581,2.5597563334186297,0.0,0.08000000017594971,40.0,0.08000000025135673,-0.1036599224427803,0.0,0.08,0.08000000017594971,0.08000000017594971,0
110,2,1.903353214263916,2.5597563334186297,0.0,0.07999999999999996,42.71844660194175,0.07999999999999996,-0.29629489008793597,0.0,0.08,0.07999999999999996,0.07999999999999996,0
111,1,2.554549217224121,2.550429035533615,0.0016141822217408403,0.08305999780448069,38.1578947368421,0.08381799153037556,0.0016141822217408403,0.0016141822217408403,0.08129134577739268,0.08305999780448069,0.08305999780448069,0
111,9,2.4446234703063965,2.550429035533615,0.0,0.08000667372537112,38.333333333333336,0.08000953389338732,-0.04237048288423614,0.0,0.08,0.08000667372537112,0.08000667372537112,0
111,5,2.48614239692688,2.550429035533615,0.0,0.08303838518269911,35.81395348837209,0.08434055026099874,-0.025529323161238637,0.0,0.08,0.08303838518269911,0.08303838518269911,0
111,8,2.7025959491729736,2.550429035533615,0.05795117929011677,0.10767953437980247,34.76190476190476,0.09967321621453494,0.05795117929011677,0.05795117929011677,0.12636094343209342,0.10767953437980247,0.10767953437980247,0
111,4,2.433180332183838,2.550429035533615,0.0,0.08001070382246664,43.43434343434343,0.08001529117495236,-0.047062413733292216,0.0,0.08,0.08001070382246664,0.08001070382246664,0
111,15,2.326221466064453,2.550429035533615,0.0,0.08239753060437002,41.452991452991455,0.0834250437205286,-0.092016331035678,0.0,0.08,0.08239753060437002,0.08239753060437002,0
111,10,2.6995410919189453,2.550429035533615,0.05682019814502237,0.12326713544046222,26.08695652173913,0.12232898269379551,0.05682019814502237,0.05682019814502237,0.1254561585160179,0.12326713544046222,0.12326713544046222,0
111,7,2.6203513145446777,2.550429035533615,0.0270468039531626,0.1023052800415065,38.1578947368421,0.10259149584678212,0.0270468039531626,0.0270468039531626,0.10163744316253008,0.1023052800415065,0.1023052800415065,0
111,19,2.173875570297241,2.550429035533615,0.0,0.07999999999999996,45.12820512820513,0.07999999999999996,-0.1597500418805618,0.0,0.08,0.07999999999999996,0.07999999999999996,0
111,16,2.417724609375,2.550429035533615,0.0,0.0800000001231648,34.4,0.08000000017594971,-0.053434740229718884,0.0,0.08,0.0800000001231648,0.0800000001231648,0
111,18,2.630636215209961,2.550429035533615,0.03096412949241429,0.11681691001213729,31.277533039647576,0.12197931276279696,0.03096412949241429,0.03096412949241429,0.10477130359393144,0.11681691001213729,0.11681691001213729,0
111,14,2.288559675216675,2.550429035533615,0.0,0.07999999999999996,35.22267206477733,0.07999999999999996,-0.10833893689963887,0.0,0.08,0.07999999999999996,0.07999999999999996,0
111,3,2.280472755432129,2.550429035533615,0.0,0.08000032810652763,34.36123348017621,0.08000046872361091,-0.11187882343645897,0.0,0.08,0.08000032810652763,0.08000032810652763,0
111,6,2.4965882301330566,2.550429035533615,0.0,0.0812037311404416,32.05128205128205,0.08171961591491658,-0.021336502296935702,0.0,0.08,0.0812037311404416,0.0812037311404416,0
111,0,2.5857627391815186,2.550429035533615,0.013758933650407736,0.08611551369161567,31.858407079646017,0.08401909945073975,0.013758933650407736,0.013758933650407736,0.09100714692032619,0.08611551369161567,0.08611551369161567,0
111,2,2.0915427207946777,2.550429035533615,0.0,0.07999999999999996,44.1747572815534,0.07999999999999996,-0.19835965578325773,0.0,0.08,0.07999999999999996,0.07999999999999996,0
111,11,2.503401041030884,2.550429035533615,0.0,0.07999999999999996,39.44223107569721,0.07999999999999996,-0.01861137041473105,0.0,0.08,0.07999999999999996,0.07999999999999996,0
111,13,2.3251686096191406,2.550429035533615,0.0,0.1136190067276091,30.63063063063063,0.12802715246801302,-0.09246903719088553,0.0,0.08,0.1136190067276091,0.1136190067276091,0
111,17,2.3548965454101562,2.550429035533615,0.0,0.07999999999999996,39.39393939393939,0.07999999999999996,-0.07976479718002806,0.0,0.08,0.07999999999999996,0.07999999999999996,0
111,12,2.5213119983673096,2.550429035533615,0.0,0.10035757612170312,36.99186991869919,0.10908225160243304,-0.011482193888535644,0.0,0.08,0.10035757612170312,0.10035757612170312,0
112,6,2.36529278755188,2.541924425341917,0.0,0.08084261179830912,36.75213675213675,0.0812037311404416,-0.07201962712425657,0.0,0.08,0.08084261179830912,0.08084261179830912,0
112,18,2.810950994491577,2.541924425341917,0.10060141598462112,0.12991617684480516,35.68281938325991,0.11681691001213729,0.10060141598462112,0.10060141598462112,0.1604811327876969,0.12991617684480516,0.12991617684480516,0
112,19,2.2561726570129395,2.541924425341917,0.0,0.07999999999999996,45.64102564102564,0.07999999999999996,-0.11925157836315878,0.0,0.08,0.07999999999999996,0.07999999999999996,0
112,11,2.2262463569641113,2.541924425341917,0.0,0.07999999999999996,35.45816733067729,0.07999999999999996,-0.13260452215460913,0.0,0.08,0.07999999999999996,0.07999999999999996,0
112,15,2.485751152038574,2.541924425341917,0.0,0.08167827142305902,38.034188034188034,0.08239753060437002,-0.022346553508693096,0.0,0.08,0.08167827142305902,0.08167827142305902,0
112,13,2.498079299926758,2.541924425341917,0.0,0.10353330470932637,31.98198198198198,0.1136190067276091,-0.017399285297111225,0.0,0.08,0.10353330470932637,0.10353330470932637,0
112,14,2.171400547027588,2.541924425341917,0.0,0.07999999999999996,41.29554655870445,0.07999999999999996,-0.1575490685218758,0.0,0.08,0.07999999999999996,0.07999999999999996,0
112,1,2.4805846214294434,2.541924425341917,0.0,0.08214199846313647,42.98245614035088,0.08305999780448069,-0.024427174992140067,0.0,0.08,0.08214199846313647,0.08214199846313647,0
112,9,2.316815137863159,2.541924425341917,0.0,0.08000467160775979,39.583333333333336,0.08000667372537112,-0.09272798440914538,0.0,0.08,0.08000467160775979,0.08000467160775979,0
112,7,2.668633222579956,2.541924425341917,0.048644997570868674,0.10728849544606303,34.64912280701754,0.1023052800415065,0.048644997570868674,0.048644997570868674,0.11891599805669495,0.10728849544606303,0.10728849544606303,0
112,10,2.9480433464050293,2.541924425341917,0.1482202354095835,0.1458598513066236,29.468599033816425,0.12326713544046222,0.1482202354095835,0.1482202354095835,0.19857618832766682,0.1458598513066236,0.1458598513066236,0
112,0,2.390749931335449,2.541924425341917,0.0,0.08428085958413097,31.858407079646017,0.08611551369161567,-0.06131434615731807,0.0,0.08,0.08428085958413097,0.08428085958413097,0
112,8,2.715536594390869,2.541924425341917,0.06606813233299455,0.1152320258257804,37.61904761904762,0.10767953437980247,0.06606813233299455,0.06606813233299455,0.13285450586639563,0.1152320258257804,0.1152320258257804,0
112,3,2.3502514362335205,2.541924425341917,0.0,0.08000022967456934,37.44493392070485,0.08000032810652763,-0.07839912503730567,0.0,0.08,0.08000022967456934,0.08000022967456934,0
112,4,2.2688281536102295,2.541924425341917,0.0,0.08000749267572664,43.93939393939394,0.08001070382246664,-0.11365797514914723,0.0,0.08,0.08000749267572664,0.08000749267572664,0
112,12,2.582028388977051,2.541924425341917,0.015653845326489998,0.09800722616354977,34.552845528455286,0.10035757612170312,0.015653845326489998,0.015653845326489998,0.092523076261192,0.09800722616354977,0.09800722616354977,0
112,17,2.124666690826416,2.541924425341917,0.0,0.07999999999999996,34.343434343434346,0.07999999999999996,-0.17930650246196286,0.0,0.08,0.07999999999999996,0.07999999999999996,0
112,5,2.449491262435913,2.541924425341917,0.0,0.08212686962788937,35.81395348837209,0.08303838518269911,-0.037041086774749245,0.0,0.08,0.08212686962788937,0.08212686962788937,0
112,2,2.0605106353759766,2.541924425341917,0.0,0.07999999999999996,44.1747572815534,0.07999999999999996,-0.20996760767904726,0.0,0.08,0.07999999999999996,0.07999999999999996,0
112,16,2.3375015258789062,2.541924425341917,0.0,0.08000000008621536,39.2,0.0800000001231648,-0.08383880662571197,0.0,0.08,0.08000000008621536,0.08000000008621536,0
113,5,2.3559603691101074,2.5255341187520917,0.0,0.08148880873952255,38.13953488372093,0.08212686962788937,-0.06950412786430178,0.0,0.08,0.08148880873952255,0.08148880873952255,0
113,18,2.8204989433288574,2.5255341187520917,0.11046122660749104,0.14145201817716146,32.59911894273128,0.12991617684480516,0.11046122660749104,0.11046122660749104,0.16836898128599284,0.14145201817716146,0.14145201817716146,0
113,2,2.207327127456665,2.5255341187520917,0.0,0.07999999999999996,41.74757281553398,0.07999999999999996,-0.13467023299421854,0.0,0.08,0.07999999999999996,0.07999999999999996,0
113,17,2.2829737663269043,2.5255341187520917,0.0,0.07999999999999996,32.323232323232325,0.07999999999999996,-0.10097369551165768,0.0,0.08,0.07999999999999996,0.07999999999999996,0
113,10,2.7457869052886963,2.5255341187520917,0.0836151296190279,0.1461695270232032,31.40096618357488,0.1458598513066236,0.0836151296190279,0.0836151296190279,0.14689210369522232,0.1461695270232032,0.1461695270232032,0
113,4,2.3483269214630127,2.5255341187520917,0.0,0.08000524487300864,46.96969696969697,0.08000749267572664,-0.0727494459508975,0.0,0.08,0.08000524487300864,0.08000524487300864,0
113,3,2.1243953704833984,2.5255341187520917,0.0,0.08000016077219854,47.136563876651984,0.08000022967456934,-0.17296534143655123,0.0,0.08,0.08000016077219854,0.08000016077219854,0
113,15,2.5606377124786377,2.5255341187520917,0.013803761315708303,0.0844876927119113,38.034188034188034,0.08167827142305902,0.013803761315708303,0.013803761315708303,0.09104300905256664,0.0844876927119113,0.0844876927119113,0
113,6,2.468564987182617,2.5255341187520917,0.0,0.08058982825881639,29.914529914529915,0.08084261179830912,-0.02281556748691609,0.0,0.08,0.08058982825881639,0.08058982825881639,0
113,9,2.313791036605835,2.5255341187520917,0.0,0.08000327012543185,41.666666666666664,0.08000467160775979,-0.08756525145368192,0.0,0.08,0.08000327012543185,0.08000327012543185,0
113,13,2.5372653007507324,2.5255341187520917,0.0046342752203457896,0.09758553934941144,31.08108108108108,0.10353330470932637,0.0046342752203457896,0.0046342752203457896,0.08370742017627664,0.09758553934941144,0.09758553934941144,0
113,0,2.4484541416168213,2.5255341187520917,0.0,0.08299660170889167,41.5929203539823,0.08428085958413097,-0.030995709601360822,0.0,0.08,0.08299660170889167,0.08299660170889167,0
113,8,2.574518918991089,2.5255341187520917,0.019210116473047573,0.10927284603157769,36.19047619047619,0.1152320258257804,0.019210116473047573,0.019210116473047573,0.09536809317843806,0.10927284603157769,0.10927284603157769,0
113,12,2.54302978515625,2.5255341187520917,0.006903626413239227,0.09426192865366226,28.048780487804876,0.09800722616354977,0.006903626413239227,0.006903626413239227,0.08552290113059138,0.09426192865366226,0.09426192865366226,0
113,19,2.074315071105957,2.5255341187520917,0.0,0.07999999999999996,41.53846153846154,0.07999999999999996,-0.1968215586970633,0.0,0.08,0.07999999999999996,0.07999999999999996,0
113,16,2.435441732406616,2.5255341187520917,0.0,0.08000000006035074,35.6,0.08000000008621536,-0.036324422695727165,0.0,0.08,0.08000000006035074,0.08000000006035074,0
113,11,2.4130265712738037,2.5255341187520917,0.0,0.07999999999999996,40.2390438247012,0.07999999999999996,-0.04557077405242867,0.0,0.08,0.07999999999999996,0.07999999999999996,0
113,1,2.546191930770874,2.5255341187520917,0.008146309945470684,0.0834545133111085,34.64912280701754,0.08214199846313647,0.008146309945470684,0.008146309945470684,0.08651704795637655,0.0834545133111085,0.0834545133111085,0
113,7,2.537808418273926,2.5255341187520917,0.0048483085736310645,0.10026554086991557,31.140350877192983,0.10728849544606303,0.0048483085736310645,0.0048483085736310645,0.08387864685890485,0.10026554086991557,0.10026554086991557,0
113,14,2.2754244804382324,2.5255341187520917,0.0,0.07999999999999996,41.29554655870445,0.07999999999999996,-0.10428595229521895,0.0,0.08,0.07999999999999996,0.07999999999999996,0
114,16,2.5330893993377686,2.517175500578054,0.006302224411760371,0.081512533901068,39.6,0.08000000006035074,0.006302224411760371,0.006302224411760371,0.08504177952940829,0.081512533901068,0.081512533901068,0
114,13,2.481407642364502,2.517175500578054,0.0,0.092309877544588,31.98198198198198,0.09758553934941144,-0.0143114428770975,0.0,0.08,0.092309877544588,0.092309877544588,0
114,14,2.289735794067383,2.517175500578054,0.0,0.07999999999999996,45.34412955465587,0.07999999999999996,-0.09470100228122114,0.0,0.08,0.07999999999999996,0.07999999999999996,0
114,3,2.457463264465332,2.517175500578054,0.0,0.08000011254053897,45.37444933920705,0.08000016077219854,-0.024007815127796393,0.0,0.08,0.08000011254053897,0.08000011254053897,0
114,15,2.4304113388061523,2.517175500578054,0.0,0.0831413848983379,34.18803418803419,0.0844876927119113,-0.03507692141849701,0.0,0.08,0.0831413848983379,0.0831413848983379,0
114,1,2.6146275997161865,2.517175500578054,0.03798423812508594,0.09153437646779657,36.40350877192982,0.0834545133111085,0.03798423812508594,0.03798423812508594,0.11038739050006875,0.09153437646779657,0.09153437646779657,0
114,10,2.9278452396392822,2.517175500578054,0.1511292990142837,0.16258970067967032,35.265700483091784,0.1461695270232032,0.1511292990142837,0.1511292990142837,0.20090343921142698,0.16258970067967032,0.16258970067967032,0
114,18,2.70893931388855,2.517175500578054,0.07341972108924409,0.1406371457854316,34.36123348017621,0.14145201817716146,0.07341972108924409,0.07341972108924409,0.13873577687139527,0.1406371457854316,0.1406371457854316,0
114,0,2.2970216274261475,2.517175500578054,0.0,0.08209762119622416,34.51327433628319,0.08299660170889167,-0.09152410026295962,0.0,0.08,0.08209762119622416,0.08209762119622416,0
114,8,2.6120951175689697,2.517175500578054,0.03701518639891314,0.10937463695784354,30.476190476190474,0.10927284603157769,0.03701518639891314,0.03701518639891314,0.10961214911913052,0.10937463695784354,0.10937463695784354,0
114,12,2.6015477180480957,2.517175500578054,0.032969104148148944,0.09789593505311932,30.89430894308943,0.09426192865366226,0.032969104148148944,0.032969104148148944,0.10637528331851916,0.09789593505311932,0.09789593505311932,0
114,2,2.239943027496338,2.517175500578054,0.0,0.07999999999999996,40.77669902912621,0.07999999999999996,-0.11668700793444475,0.0,0.08,0.07999999999999996,0.07999999999999996,0
114,19,2.1707160472869873,2.517175500578054,0.0,0.07999999999999996,49.23076923076923,0.07999999999999996,-0.14808035035149686,0.0,0.08,0.07999999999999996,0.07999999999999996,0
114,17,2.261624336242676,2.517175500578054,0.0,0.07999999999999996,32.82828282828283,0.07999999999999996,-0.10705415139714333,0.0,0.08,0.07999999999999996,0.07999999999999996,0
114,7,2.694251775741577,2.517175500578054,0.06798309150294818,0.11050182056964845,39.03508771929825,0.10026554086991557,0.06798309150294818,0.06798309150294818,0.13438647320235855,0.11050182056964845,0.11050182056964845,0
114,4,2.3586387634277344,2.517175500578054,0.0,0.08000367141110604,41.91919191919192,0.08000524487300864,-0.06505278207972552,0.0,0.08,0.08000367141110604,0.08000367141110604,0
114,9,2.3785903453826904,2.517175500578054,0.0,0.0800022890878023,38.333333333333336,0.08000327012543185,-0.05662941923148932,0.0,0.08,0.0800022890878023,0.0800022890878023,0
114,5,2.5234313011169434,2.517175500578054,0.002482162950645254,0.08163788522582063,36.27906976744186,0.08148880873952255,0.002482162950645254,0.002482162950645254,0.0819857303605162,0.08163788522582063,0.08163788522582063,0
114,11,2.357102155685425,2.517175500578054,0.0,0.07999999999999996,39.44223107569721,0.07999999999999996,-0.06570447512925177,0.0,0.08,0.07999999999999996,0.07999999999999996,0
114,6,2.549813747406006,2.517175500578054,0.012882876402764995,0.08350477011783507,35.8974358974359,0.08058982825881639,0.012882876402764995,0.012882876402764995,0.090306301122212,0.08350477011783507,0.08350477011783507,0
115,17,2.1895244121551514,2.5124014958617407,0.0,0.07999999999999996,36.86868686868687,0.07999999999999996,-0.1375547095569695,0.0,0.08,0.07999999999999996,0.07999999999999996,0
115,13,2.5629780292510986,2.5124014958617407,0.019930807999030815,0.09340030820097898,33.78378378378378,0.092309877544588,0.019930807999030815,0.019930807999030815,0.09594464639922465,0.09340030820097898,0.09340030820097898,0
115,14,2.331961154937744,2.5124014958617407,0.0,0.07999999999999996,46.15384615384615,0.07999999999999996,-0.0745294557343147,0.0,0.08,0.07999999999999996,0.07999999999999996,0
115,18,2.6952414512634277,2.5124014958617407,0.07024872539387016,0.13930569614433094,29.955947136563875,0.1406371457854316,0.07024872539387016,0.07024872539387016,0.13619898031509614,0.13930569614433094,0.13930569614433094,0
115,19,2.1656861305236816,2.5124014958617407,0.0,0.07999999999999996,47.69230769230769,0.07999999999999996,-0.14850183569566586,0.0,0.08,0.07999999999999996,0.07999999999999996,0
115,16,2.3625895977020264,2.5124014958617407,0.0,0.0810587737307476,34.0,0.081512533901068,-0.06148076211721083,0.0,0.08,0.0810587737307476,0.0810587737307476,0
115,0,2.3999264240264893,2.5124014958617407,0.0,0.08146833483735691,39.823008849557525,0.08209762119622416,-0.04580098657458107,0.0,0.08,0.08146833483735691,0.08146833483735691,0
115,8,2.61492919921875,2.5124014958617407,0.039997955136282765,0.11016175510319834,31.428571428571427,0.10937463695784354,0.039997955136282765,0.039997955136282765,0.11199836410902622,0.11016175510319834,0.11016175510319834,0
115,4,2.461919069290161,2.5124014958617407,0.0,0.08000256998777422,47.474747474747474,0.08000367141110604,-0.020297911623265143,0.0,0.08,0.08000256998777422,0.08000256998777422,0
115,9,2.336278200149536,2.5124014958617407,0.0,0.0800016023614616,40.0,0.0800022890878023,-0.07267991628461345,0.0,0.08,0.0800016023614616,0.0800016023614616,0
115,2,2.108912229537964,2.5124014958617407,0.0,0.07999999999999996,45.14563106796116,0.07999999999999996,-0.17506678269643422,0.0,0.08,0.07999999999999996,0.07999999999999996,0
115,12,2.513582229614258,2.5124014958617407,0.00046985180773885483,0.09263991897104083,30.08130081300813,0.09789593505311932,0.00046985180773885483,0.00046985180773885483,0.08037588144619108,0.09263991897104083,0.09263991897104083,0
115,3,2.286243438720703,2.5124014958617407,0.0,0.08000007877837728,40.969162995594715,0.08000011254053897,-0.09432901576397605,0.0,0.08,0.08000007877837728,0.08000007877837728,0
115,1,2.5060031414031982,2.5124014958617407,0.0,0.08807406352745759,36.40350877192982,0.09153437646779657,-0.0025499569534596003,0.0,0.08,0.08807406352745759,0.08807406352745759,0
115,5,2.351840019226074,2.5124014958617407,0.0,0.08114651965807444,35.81395348837209,0.08163788522582063,-0.06604105803128335,0.0,0.08,0.08114651965807444,0.08114651965807444,0
115,15,2.2736411094665527,2.5124014958617407,0.0,0.08219896942883653,36.324786324786324,0.0831413848983379,-0.09985650715215982,0.0,0.08,0.08219896942883653,0.08219896942883653,0
115,10,2.8191611766815186,2.5124014958617407,0.1152003182014434,0.16546086684411565,26.570048309178745,0.16258970067967032,0.1152003182014434,0.1152003182014434,0.17216025456115475,0.16546086684411565,0.16546086684411565,0
115,7,2.5694069862365723,2.5124014958617407,0.022436060548681927,0.10673592893043758,31.140350877192983,0.11050182056964845,0.022436060548681927,0.022436060548681927,0.09794884843894555,0.10673592893043758,0.10673592893043758,0
115,6,2.6286888122558594,2.5124014958617407,0.045246104233464944,0.09331240409851613,38.888888888888886,0.08350477011783507,0.045246104233464944,0.045246104233464944,0.11619688338677195,0.09331240409851613,0.09331240409851613,0
115,11,2.2252235412597656,2.5124014958617407,0.0,0.07999999999999996,42.62948207171315,0.07999999999999996,-0.12138168792223966,0.0,0.08,0.07999999999999996,0.07999999999999996,0
116,2,2.1598289012908936,2.4992871473619926,0.0,0.07999999999999996,40.29126213592233,0.07999999999999996,-0.14597654333637503,0.0,0.08,0.07999999999999996,0.07999999999999996,0
116,8,2.6611218452453613,2.4992871473619926,0.06274222981462382,0.11617136372774856,33.80952380952381,0.11016175510319834,0.06274222981462382,0.06274222981462382,0.13019378385169905,0.11617136372774856,0.11617136372774856,0
116,9,2.3031272888183594,2.4992871473619926,0.0,0.08000112165302312,42.916666666666664,0.0800016023614616,-0.08173765963449835,0.0,0.08,0.08000112165302312,0.08000112165302312,0
116,18,2.572831392288208,2.4992871473619926,0.02900145125974529,0.12847433560337052,27.312775330396477,0.13930569614433094,0.02900145125974529,0.02900145125974529,0.10320116100779624,0.12847433560337052,0.12847433560337052,0
116,10,2.676382064819336,2.4992871473619926,0.06846035624755828,0.15625309229029494,28.502415458937197,0.16546086684411565,0.06846035624755828,0.06846035624755828,0.13476828499804663,0.15625309229029494,0.15625309229029494,0
116,14,2.1992132663726807,2.4992871473619926,0.0,0.07999999999999996,40.08097165991903,0.07999999999999996,-0.12790585939888108,0.0,0.08,0.07999999999999996,0.07999999999999996,0
116,15,2.3659894466400146,2.4992871473619926,0.0,0.08153927860018556,37.60683760683761,0.08219896942883653,-0.05480924480949202,0.0,0.08,0.08153927860018556,0.08153927860018556,0
116,0,2.510131359100342,2.4992871473619926,0.004329535901428124,0.08206692300249259,34.51327433628319,0.08146833483735691,0.004329535901428124,0.004329535901428124,0.0834636287211425,0.08206692300249259,0.08206692300249259,0
116,16,2.2970893383026123,2.4992871473619926,0.0,0.08074114161152332,39.2,0.0810587737307476,-0.08436273338480738,0.0,0.08,0.08074114161152332,0.08074114161152332,0
116,6,2.409127712249756,2.4992871473619926,0.0,0.08931868286896127,40.598290598290596,0.09331240409851613,-0.03674081314873823,0.0,0.08,0.08931868286896127,0.08931868286896127,0
116,12,2.5700795650482178,2.4992871473619926,0.027931307321911437,0.09555145703698732,30.08130081300813,0.09263991897104083,0.027931307321911437,0.027931307321911437,0.10234504585752915,0.09555145703698732,0.09555145703698732,0
116,3,2.418509006500244,2.4992871473619926,0.0,0.0800000551448641,43.61233480176212,0.08000007877837728,-0.032854312748325336,0.0,0.08,0.0800000551448641,0.0800000551448641,0
116,17,2.175447463989258,2.4992871473619926,0.0,0.07999999999999996,41.91919191919192,0.07999999999999996,-0.13877117561210792,0.0,0.08,0.07999999999999996,0.07999999999999996,0
116,13,2.69596004486084,2.4992871473619926,0.07574882233436714,0.1075599331009334,31.98198198198198,0.09340030820097898,0.07574882233436714,0.07574882233436714,0.14059905786749372,0.1075599331009334,0.1075599331009334,0
116,11,2.1492297649383545,2.4992871473619926,0.0,0.07999999999999996,37.05179282868526,0.07999999999999996,-0.1508960204195886,0.0,0.08,0.07999999999999996,0.07999999999999996,0
116,1,2.4357893466949463,2.4992871473619926,0.0,0.0856518444692203,31.140350877192983,0.08807406352745759,-0.025734679029919025,0.0,0.08,0.0856518444692203,0.0856518444692203,0
116,4,2.465945243835449,2.4992871473619926,0.0,0.08000179899144194,45.95959595959596,0.08000256998777422,-0.013430350055072475,0.0,0.08,0.08000179899144194,0.08000179899144194,0
116,5,2.3736605644226074,2.4992871473619926,0.0,0.0808025637606521,35.81395348837209,0.08114651965807444,-0.05157224442735808,0.0,0.08,0.0808025637606521,0.0808025637606521,0
116,19,2.0776405334472656,2.4992871473619926,0.0,0.07999999999999996,51.794871794871796,0.07999999999999996,-0.18477265842490456,0.0,0.08,0.07999999999999996,0.07999999999999996,0
116,7,2.4025394916534424,2.4992871473619926,0.0,0.09871515025130631,33.771929824561404,0.10673592893043758,-0.039479250537215446,0.0,0.08,0.09871515025130631,0.09871515025130631,0
117,14,2.3098936080932617,2.4899417928209533,0.0,0.07999999999999996,47.77327935222672,0.07999999999999996,-0.07505786714265453,0.0,0.08,0.07999999999999996,0.07999999999999996,0
117,16,2.3425614833831787,2.4899417928209533,0.0,0.08051879912806632,37.6,0.08074114161152332,-0.06101435187908047,0.0,0.08,0.08051879912806632,0.08051879912806632,0
117,11,2.3472630977630615,2.4899417928209533,0.0,0.07999999999999996,36.65338645418327,0.07999999999999996,-0.05900932339514569,0.0,0.08,0.07999999999999996,0.07999999999999996,0
117,18,2.72413969039917,2.4899417928209533,0.08989333415154048,0.13550643511872906,31.718061674008812,0.12847433560337052,0.08989333415154048,0.08989333415154048,0.15191466732123238,0.13550643511872906,0.13550643511872906,0
117,5,2.4813826084136963,2.4899417928209533,0.0,0.08056179463245647,34.883720930232556,0.0808025637606521,-0.0034434255901751054,0.0,0.08,0.08056179463245647,0.08056179463245647,0
117,13,2.489107370376587,2.4899417928209533,0.0,0.09929195317065337,36.93693693693694,0.1075599331009334,-0.0003351734122225074,0.0,0.08,0.09929195317065337,0.09929195317065337,0
117,15,2.240614175796509,2.4899417928209533,0.0,0.0810774950201299,43.58974358974359,0.08153927860018556,-0.10550931947097213,0.0,0.08,0.0810774950201299,0.0810774950201299,0
117,17,2.2476208209991455,2.4899417928209533,0.0,0.07999999999999996,41.41414141414141,0.07999999999999996,-0.10238708952163379,0.0,0.08,0.07999999999999996,0.07999999999999996,0
117,4,2.3238308429718018,2.4899417928209533,0.0,0.08000125929400936,36.86868686868687,0.08000179899144194,-0.06904228421591195,0.0,0.08,0.08000125929400936,0.08000125929400936,0
117,3,2.368537425994873,2.4899417928209533,0.0,0.08000003860140487,39.20704845814978,0.0800000551448641,-0.049986688803569115,0.0,0.08,0.08000003860140487,0.08000003860140487,0
117,0,2.4882287979125977,2.4899417928209533,0.0,0.08144684610174481,38.05309734513274,0.08206692300249259,-0.0006882025988710317,0.0,0.08,0.08144684610174481,0.08144684610174481,0
117,7,2.4389069080352783,2.4899417928209533,0.0,0.09310060517591442,37.280701754385966,0.09871515025130631,-0.020709383324071476,0.0,0.08,0.09310060517591442,0.09310060517591442,0
117,6,2.36590576171875,2.4899417928209533,0.0,0.08652307800827289,33.76068376068376,0.08931868286896127,-0.05109839906460876,0.0,0.08,0.08652307800827289,0.08652307800827289,0
117,8,2.498007297515869,2.4899417928209533,0.0032339992033167454,0.10609611441822,34.76190476190476,0.11617136372774856,0.0032339992033167454,0.0032339992033167454,0.0825871993626534,0.10609611441822,0.10609611441822,0
117,1,2.3570566177368164,2.4899417928209533,0.0,0.08395629112845421,32.45614035087719,0.0856518444692203,-0.05484568883259746,0.0,0.08,0.08395629112845421,0.08395629112845421,0
117,19,2.237197160720825,2.4899417928209533,0.0,0.07999999999999996,44.1025641025641,0.07999999999999996,-0.10703551852979432,0.0,0.08,0.07999999999999996,0.07999999999999996,0
117,9,2.3422274589538574,2.4899417928209533,0.0,0.08000078515711617,40.0,0.08000112165302312,-0.061156951442293536,0.0,0.08,0.08000078515711617,0.08000078515711617,0
117,10,3.004040002822876,2.4899417928209533,0.1876987158185927,0.1784248563996687,30.434782608695652,0.15625309229029494,0.1876987158185927,0.1876987158185927,0.23015897265487417,0.1784248563996687,0.1784248563996687,0
117,12,2.3116819858551025,2.4899417928209533,0.0,0.09088601992589113,31.30081300813008,0.09555145703698732,-0.07428394153784246,0.0,0.08,0.09088601992589113,0.09088601992589113,0
117,2,1.959920883178711,2.4899417928209533,0.0,0.07999999999999996,46.601941747572816,0.07999999999999996,-0.23935522603760814,0.0,0.08,0.07999999999999996,0.07999999999999996,0
118,14,2.2285046577453613,2.476163599313852,0.0,0.07999999999999996,43.31983805668016,0.07999999999999996,-0.10537962274381416,0.0,0.08,0.07999999999999996,0.07999999999999996,0
118,8,2.5489249229431152,2.476163599313852,0.028961244635588582,0.10521797880529526,30.952380952380953,0.10609611441822,0.028961244635588582,0.028961244635588582,0.10316899570847086,0.10521797880529526,0.10521797880529526,0
118,15,2.4344677925109863,2.476163599313852,0.0,0.08075424651409092,38.46153846153846,0.0810774950201299,-0.016982259664995565,0.0,0.08,0.08075424651409092,0.08075424651409092,0
118,12,2.531277656555176,2.476163599313852,0.022013751095735543,0.09290351421110031,32.926829268292686,0.09088601992589113,0.022013751095735543,0.022013751095735543,0.09761100087658844,0.09290351421110031,0.09290351421110031,0
118,7,2.5163984298706055,2.476163599313852,0.0161182580145356,0.09303880554662865,33.333333333333336,0.09310060517591442,0.0161182580145356,0.0161182580145356,0.09289460641162849,0.09303880554662865,0.09303880554662865,0
118,4,2.3883004188537598,2.476163599313852,0.0,0.08000088150580656,37.878787878787875,0.08000125929400936,-0.03612843536941894,0.0,0.08,0.08000088150580656,0.08000088150580656,0
118,17,2.179427146911621,2.476163599313852,0.0,0.07999999999999996,36.86868686868687,0.07999999999999996,-0.1276483605028697,0.0,0.08,0.07999999999999996,0.07999999999999996,0
118,10,2.8283801078796387,2.476163599313852,0.132993720550412,0.18081589241186696,28.019323671497585,0.1784248563996687,0.132993720550412,0.132993720550412,0.1863949764403296,0.18081589241186696,0.18081589241186696,0
118,11,2.175899028778076,2.476163599313852,0.0,0.07999999999999996,41.03585657370518,0.07999999999999996,-0.12926850041742732,0.0,0.08,0.07999999999999996,0.07999999999999996,0
118,13,2.4415102005004883,2.476163599313852,0.0,0.09350436721945735,34.68468468468468,0.09929195317065337,-0.014093644143109249,0.0,0.08,0.09350436721945735,0.09350436721945735,0
118,5,2.250727653503418,2.476163599313852,0.0,0.08039325624271952,38.604651162790695,0.08056179463245647,-0.0954568607809518,0.0,0.08,0.08039325624271952,0.08039325624271952,0
118,0,2.56840181350708,2.476163599313852,0.03657341620099131,0.08979041215945928,37.16814159292036,0.08144684610174481,0.03657341620099131,0.03657341620099131,0.10925873296079305,0.08979041215945928,0.08979041215945928,0
118,9,2.406310558319092,2.476163599313852,0.0,0.08000054960998132,30.0,0.08000078515711617,-0.028615740727691765,0.0,0.08,0.08000054960998132,0.08000054960998132,0
118,3,2.5312325954437256,2.476163599313852,0.021995949211282773,0.08527905483169126,38.76651982378855,0.08000003860140487,0.021995949211282773,0.021995949211282773,0.09759675936902622,0.08527905483169126,0.08527905483169126,0
118,1,2.399653196334839,2.476163599313852,0.0,0.08276940378991794,35.96491228070175,0.08395629112845421,-0.03138620116168443,0.0,0.08,0.08276940378991794,0.08276940378991794,0
118,18,2.6260616779327393,2.476163599313852,0.058774836106157434,0.13296046524858812,29.07488986784141,0.13550643511872906,0.058774836106157434,0.058774836106157434,0.12701986888492595,0.13296046524858812,0.13296046524858812,0
118,16,2.3356354236602783,2.476163599313852,0.0,0.08036315938964642,36.4,0.08051879912806632,-0.058426442285437245,0.0,0.08,0.08036315938964642,0.08036315938964642,0
118,19,2.092742681503296,2.476163599313852,0.0,0.07999999999999996,41.53846153846154,0.07999999999999996,-0.1682349324556731,0.0,0.08,0.07999999999999996,0.07999999999999996,0
118,6,2.364192008972168,2.476163599313852,0.0,0.08456615460579102,34.18803418803419,0.08652307800827289,-0.04627410816961332,0.0,0.08,0.08456615460579102,0.08456615460579102,0
118,2,1.8688890933990479,2.476163599313852,0.0,0.07999999999999996,50.48543689320388,0.07999999999999996,-0.2813662387262609,0.0,0.08,0.07999999999999996,0.07999999999999996,0
119,19,2.2641868591308594,2.4688454271151636,0.0,0.07999999999999996,42.05128205128205,0.07999999999999996,-0.08653491068855154,0.0,0.08,0.07999999999999996,0.07999999999999996,0
119,7,2.4578166007995605,2.4688454271151636,0.0,0.08912716388264005,38.59649122807018,0.09303880554662865,-0.004477207744890084,0.0,0.08,0.08912716388264005,0.08912716388264005,0
119,16,2.3690974712371826,2.4688454271151636,0.0,0.08025421157275249,40.0,0.08036315938964642,-0.04124153397597095,0.0,0.08,0.08025421157275249,0.08025421157275249,0
119,9,2.4577341079711914,2.4688454271151636,0.0,0.08000038472698692,39.583333333333336,0.08000054960998132,-0.004510771767693846,0.0,0.08,0.08000038472698692,0.08000038472698692,0
119,6,2.454050064086914,2.4688454271151636,0.0,0.08319630822405372,31.623931623931625,0.08456615460579102,-0.006010855823125187,0.0,0.08,0.08319630822405372,0.08319630822405372,0
119,14,2.354325532913208,2.4688454271151636,0.0,0.07999999999999996,47.36842105263158,0.07999999999999996,-0.04749631420960064,0.0,0.08,0.07999999999999996,0.07999999999999996,0
119,2,2.107146739959717,2.4688454271151636,0.0,0.07999999999999996,41.262135922330096,0.07999999999999996,-0.15841582582473734,0.0,0.08,0.07999999999999996,0.07999999999999996,0
119,1,2.5735628604888916,2.4688454271151636,0.041540662775092815,0.09190834171896484,38.1578947368421,0.08276940378991794,0.041540662775092815,0.041540662775092815,0.11323253022007426,0.09190834171896484,0.09190834171896484,0
119,0,2.416754722595215,2.4688454271151636,0.0,0.0868532885116215,37.16814159292036,0.08979041215945928,-0.021324986383659993,0.0,0.08,0.0868532885116215,0.0868532885116215,0
119,13,2.546607255935669,2.4688454271151636,0.031011382351863136,0.09689578881806729,36.486486486486484,0.09350436721945735,0.031011382351863136,0.031011382351863136,0.1048091058814905,0.09689578881806729,0.09689578881806729,0
119,3,2.2847282886505127,2.4688454271151636,0.0,0.08369533838218388,39.647577092511014,0.08527905483169126,-0.07750349621450765,0.0,0.08,0.08369533838218388,0.08369533838218388,0
119,10,2.712634801864624,2.4688454271151636,0.0941698108660962,0.17317187929616995,31.40096618357488,0.18081589241186696,0.0941698108660962,0.0941698108660962,0.15533584869287698,0.17317187929616995,0.17317187929616995,0
119,11,2.2671451568603516,2.4688454271151636,0.0,0.07999999999999996,39.04382470119522,0.07999999999999996,-0.08522920273058746,0.0,0.08,0.07999999999999996,0.07999999999999996,0
119,18,2.6805152893066406,2.4688454271151636,0.0822584449087619,0.13681435245211454,33.480176211453745,0.13296046524858812,0.0822584449087619,0.0822584449087619,0.14580675592700953,0.13681435245211454,0.13681435245211454,0
119,5,2.598724126815796,2.4688454271151636,0.0512700009852726,0.09258007960636908,33.95348837209303,0.08039325624271952,0.0512700009852726,0.0512700009852726,0.12101600078821809,0.09258007960636908,0.09258007960636908,0
119,8,2.7945446968078613,2.4688454271151636,0.12391859074960603,0.12739304694361214,30.0,0.10521797880529526,0.12391859074960603,0.12391859074960603,0.17913487259968483,0.12739304694361214,0.12739304694361214,0
119,4,2.201282262802124,2.4688454271151636,0.0,0.08000061705406458,38.888888888888886,0.08000088150580656,-0.11471056514592433,0.0,0.08,0.08000061705406458,0.08000061705406458,0
119,15,2.374833106994629,2.4688454271151636,0.0,0.08052797255986364,41.452991452991455,0.08075424651409092,-0.038823438502836864,0.0,0.08,0.08052797255986364,0.08052797255986364,0
119,12,2.5305423736572266,2.4688454271151636,0.024683053663257484,0.09495639282695201,32.926829268292686,0.09290351421110031,0.024683053663257484,0.024683053663257484,0.09974644293060599,0.09495639282695201,0.09495639282695201,0
119,17,2.2871174812316895,2.4688454271151636,0.0,0.07999999999999996,37.37373737373738,0.07999999999999996,-0.07645831975472453,0.0,0.08,0.07999999999999996,0.07999999999999996,0
120,1,2.6128740310668945,2.465501123737754,0.05805569413384388,0.10226920579539792,38.59649122807018,0.09190834171896484,0.05805569413384388,0.05805569413384388,0.1264445553070751,0.10226920579539792,0.10226920579539792,0
120,10,2.625075578689575,2.465501123737754,0.06271460479742168,0.16027182065870016,27.536231884057973,0.17317187929616995,0.06271460479742168,0.06271460479742168,0.13017168383793734,0.16027182065870016,0.16027182065870016,0
120,19,2.035907745361328,2.465501123737754,0.0,0.07999999999999996,41.02564102564103,0.07999999999999996,-0.19145329565794184,0.0,0.08,0.07999999999999996,0.07999999999999996,0
120,7,2.5549628734588623,2.465501123737754,0.03564261000533371,0.09494324111912812,40.78947368421053,0.08912716388264005,0.03564261000533371,0.03564261000533371,0.10851408800426697,0.09494324111912812,0.09494324111912812,0
120,14,2.1057181358337402,2.465501123737754,0.0,0.07999999999999996,44.534412955465584,0.07999999999999996,-0.15773851565472707,0.0,0.08,0.07999999999999996,0.07999999999999996,0
120,15,2.4403183460235596,2.465501123737754,0.0,0.08036958079190454,39.743589743589745,0.08052797255986364,-0.010266581948549576,0.0,0.08,0.08036958079190454,0.08036958079190454,0
120,0,2.571770429611206,2.465501123737754,0.04219946221879824,0.09492517289064661,34.95575221238938,0.0868532885116215,0.04219946221879824,0.04219946221879824,0.1137595697750386,0.09492517289064661,0.09492517289064661,0
120,2,1.921768069267273,2.465501123737754,0.0,0.07999999999999996,48.54368932038835,0.07999999999999996,-0.24914944960969,0.0,0.08,0.07999999999999996,0.07999999999999996,0
120,5,2.4503884315490723,2.465501123737754,0.0,0.08880605572445835,45.58139534883721,0.09258007960636908,-0.006148526962496443,0.0,0.08,0.08880605572445835,0.08880605572445835,0
120,8,2.638489007949829,2.465501123737754,0.0678113250996855,0.12944985088445302,32.38095238095238,0.12739304694361214,0.0678113250996855,0.0678113250996855,0.1342490600797484,0.12944985088445302,0.12944985088445302,0
120,17,2.2763898372650146,2.465501123737754,0.0,0.07999999999999996,40.90909090909091,0.07999999999999996,-0.07980429878199816,0.0,0.08,0.07999999999999996,0.07999999999999996,0
120,6,2.3295671939849854,2.465501123737754,0.0,0.0822374157568376,36.324786324786324,0.08319630822405372,-0.05671258556145157,0.0,0.08,0.0822374157568376,0.0822374157568376,0
120,3,2.2031161785125732,2.465501123737754,0.0,0.08258673686752871,38.32599118942731,0.08369533838218388,-0.11252227905273811,0.0,0.08,0.08258673686752871,0.08258673686752871,0
120,18,2.5030791759490967,2.465501123737754,0.015126561842311727,0.123400421558635,33.480176211453745,0.13681435245211454,0.015126561842311727,0.015126561842311727,0.09210124947384939,0.123400421558635,0.123400421558635,0
120,12,2.532752513885498,2.465501123737754,0.026911578928357674,0.09692825392167224,30.08130081300813,0.09495639282695201,0.026911578928357674,0.026911578928357674,0.10152926314268615,0.09692825392167224,0.09692825392167224,0
120,13,2.7296016216278076,2.465501123737754,0.1017605895456466,0.1162495936636023,35.13513513513514,0.09689578881806729,0.1017605895456466,0.1017605895456466,0.16140847163651728,0.1162495936636023,0.1162495936636023,0
120,11,2.1235804557800293,2.465501123737754,0.0,0.07999999999999996,45.0199203187251,0.07999999999999996,-0.14929152347215313,0.0,0.08,0.07999999999999996,0.07999999999999996,0
120,16,2.2154436111450195,2.465501123737754,0.0,0.08017794810092674,39.6,0.08025421157275249,-0.10694242265254691,0.0,0.08,0.08017794810092674,0.08017794810092674,0
120,9,2.497457981109619,2.465501123737754,0.012878324499734407,0.0830910671888271,40.416666666666664,0.08000038472698692,0.012878324499734407,0.012878324499734407,0.09030265959978753,0.0830910671888271,0.0830910671888271,0
120,4,2.290717124938965,2.465501123737754,0.0,0.0800004319378452,39.898989898989896,0.08000061705406458,-0.07353015861886078,0.0,0.08,0.0800004319378452,0.0800004319378452,0
121,2,2.117185354232788,2.4634863502426105,0.0,0.07999999999999996,44.1747572815534,0.07999999999999996,-0.15149001806328505,0.0,0.08,0.07999999999999996,0.07999999999999996,0
121,14,2.2668111324310303,2.4634863502426105,0.0,0.07999999999999996,43.7246963562753,0.07999999999999996,-0.08320350545670716,0.0,0.08,0.07999999999999996,0.07999999999999996,0
121,16,2.2457363605499268,2.4634863502426105,0.0,0.08012456367064871,39.6,0.08017794810092674,-0.09254409413546706,0.0,0.08,0.08012456367064871,0.08012456367064871,0
121,6,2.4125523567199707,2.4634863502426105,0.0,0.08156619102978632,32.47863247863248,0.0822374157568376,-0.020892305839356393,0.0,0.08,0.08156619102978632,0.08156619102978632,0
121,10,2.8221709728240967,2.4634863502426105,0.13592887458400302,0.16881320436125083,31.884057971014492,0.16027182065870016,0.13592887458400302,0.13592887458400302,0.18874309966720243,0.16881320436125083,0.16881320436125083,0
121,15,2.387481212615967,2.4634863502426105,0.0,0.08025870655433318,44.01709401709402,0.08036958079190454,-0.03133863777827614,0.0,0.08,0.08025870655433318,0.08025870655433318,0
121,8,2.641493797302246,2.4634863502426105,0.06976702698547449,0.131358982095631,37.142857142857146,0.12944985088445302,0.06976702698547449,0.06976702698547449,0.1358136215883796,0.131358982095631,0.131358982095631,0
121,18,2.5047004222869873,2.4634863502426105,0.01659157322903498,0.11436227266601288,31.718061674008812,0.123400421558635,0.01659157322903498,0.01659157322903498,0.09327325858322799,0.11436227266601288,0.11436227266601288,0
121,19,2.1423773765563965,2.4634863502426105,0.0,0.07999999999999996,44.1025641025641,0.07999999999999996,-0.13966142554026062,0.0,0.08,0.07999999999999996,0.07999999999999996,0
121,7,2.433393955230713,2.4634863502426105,0.0,0.09046026878338967,37.280701754385966,0.09494324111912812,-0.012290589853294433,0.0,0.08,0.09046026878338967,0.09046026878338967,0
121,17,2.076514482498169,2.4634863502426105,0.0,0.07999999999999996,39.898989898989896,0.07999999999999996,-0.17088680289169042,0.0,0.08,0.07999999999999996,0.07999999999999996,0
121,1,2.5882327556610107,2.4634863502426105,0.04939774671066479,0.10744390326733809,35.526315789473685,0.10226920579539792,0.04939774671066479,0.04939774671066479,0.11951819736853184,0.10744390326733809,0.10744390326733809,0
121,5,2.60286545753479,2.4634863502426105,0.05503537480867856,0.0993727289612037,40.93023255813954,0.08880605572445835,0.05503537480867856,0.05503537480867856,0.12402829984694286,0.0993727289612037,0.0993727289612037,0
121,3,2.3096582889556885,2.4634863502426105,0.0,0.08181071580727009,43.61233480176212,0.08258673686752871,-0.06447797518512186,0.0,0.08,0.08181071580727009,0.08181071580727009,0
121,12,2.50197434425354,2.4634863502426105,0.015502595646478904,0.0955704007003255,33.739837398373986,0.09692825392167224,0.015502595646478904,0.015502595646478904,0.09240207651718313,0.0955704007003255,0.0955704007003255,0
121,9,2.3324198722839355,2.4634863502426105,0.0,0.08216374703217896,39.166666666666664,0.0830910671888271,-0.05467126152908613,0.0,0.08,0.08216374703217896,0.08216374703217896,0
121,11,2.0869297981262207,2.4634863502426105,0.0,0.07999999999999996,43.82470119521912,0.07999999999999996,-0.1658835716232382,0.0,0.08,0.07999999999999996,0.07999999999999996,0
121,4,2.3365657329559326,2.4634863502426105,0.0,0.08000030235649164,43.43434343434343,0.0800004319378452,-0.052895346118589946,0.0,0.08,0.08000030235649164,0.08000030235649164,0
121,13,2.312706232070923,2.4634863502426105,0.0,0.1053747155645216,36.486486486486484,0.1162495936636023,-0.06315919405917376,0.0,0.08,0.1053747155645216,0.1053747155645216,0
121,0,2.6056201457977295,2.4634863502426105,0.05609314427143592,0.10390997564859725,33.6283185840708,0.09492517289064661,0.05609314427143592,0.05609314427143592,0.12487451541714874,0.10390997564859725,0.10390997564859725,0
122,9,2.088773488998413,2.4533400624969444,0.0,0.08151462292252527,36.666666666666664,0.08216374703217896,-0.16087333987786892,0.0,0.08,0.08151462292252527,0.08151462292252527,0
122,14,2.2413241863250732,2.4533400624969444,0.0,0.07999999999999996,46.963562753036435,0.07999999999999996,-0.09038354073564148,0.0,0.08,0.07999999999999996,0.07999999999999996,0
122,6,2.53586745262146,2.4533400624969444,0.03308538182542116,0.0890368253589515,36.75213675213675,0.08156619102978632,0.03308538182542116,0.03308538182542116,0.10646830546033693,0.0890368253589515,0.0890368253589515,0
122,1,2.5016472339630127,2.4533400624969444,0.01949902147106006,0.10389049744019108,37.280701754385966,0.10744390326733809,0.01949902147106006,0.01949902147106006,0.09559921717684805,0.10389049744019108,0.10389049744019108,0
122,7,2.4731082916259766,2.4533400624969444,0.008025390191277789,0.08924828179427943,45.175438596491226,0.09046026878338967,0.008025390191277789,0.008025390191277789,0.08642031215302223,0.08924828179427943,0.08924828179427943,0
122,3,2.1820285320281982,2.4533400624969444,0.0,0.08126750106508907,41.85022026431718,0.08181071580727009,-0.11719542301239562,0.0,0.08,0.08126750106508907,0.08126750106508907,0
122,4,2.33028244972229,2.4533400624969444,0.0,0.08000021164954414,41.41414141414141,0.08000030235649164,-0.05146090343180134,0.0,0.08,0.08000021164954414,0.08000021164954414,0
122,12,2.5190136432647705,2.4533400624969444,0.026417026458241833,0.09723936684020588,36.99186991869919,0.0955704007003255,0.026417026458241833,0.026417026458241833,0.10113362116659347,0.09723936684020588,0.09723936684020588,0
122,18,2.6516244411468506,2.4533400624969444,0.0777220616122948,0.12270688565315976,38.32599118942731,0.11436227266601288,0.0777220616122948,0.0777220616122948,0.14217764928983584,0.12270688565315976,0.12270688565315976,0
122,8,2.6235191822052,2.4533400624969444,0.06706622860383005,0.1320471823318609,35.714285714285715,0.131358982095631,0.06706622860383005,0.06706622860383005,0.13365298288306404,0.1320471823318609,0.1320471823318609,0
122,2,1.9174574613571167,2.4533400624969444,0.0,0.07999999999999996,41.262135922330096,0.07999999999999996,-0.24645031621129984,0.0,0.08,0.07999999999999996,0.07999999999999996,0
122,5,2.345597743988037,2.4533400624969444,0.0,0.09356091027284258,34.883720930232556,0.0993727289612037,-0.044910115843471994,0.0,0.08,0.09356091027284258,0.09356091027284258,0
122,17,2.1901090145111084,2.4533400624969444,0.0,0.07999999999999996,40.90909090909091,0.07999999999999996,-0.11349906553952409,0.0,0.08,0.07999999999999996,0.07999999999999996,0
122,10,2.5881569385528564,2.4533400624969444,0.0534956285160061,0.15500819389671705,29.95169082125604,0.16881320436125083,0.0534956285160061,0.0534956285160061,0.12279650281280488,0.15500819389671705,0.15500819389671705,0
122,15,2.3916149139404297,2.4533400624969444,0.0,0.08018109458803321,34.61538461538461,0.08025870655433318,-0.025481552856414933,0.0,0.08,0.08018109458803321,0.08018109458803321,0
122,13,2.6755921840667725,2.4533400624969444,0.08672034579577066,0.11857518388615007,34.234234234234236,0.1053747155645216,0.08672034579577066,0.08672034579577066,0.14937627663661654,0.11857518388615007,0.11857518388615007,0
122,0,2.3578593730926514,2.4533400624969444,0.0,0.09673698295401806,42.0353982300885,0.10390997564859725,-0.03969622464617055,0.0,0.08,0.09673698295401806,0.09673698295401806,0
122,19,2.1167941093444824,2.4533400624969444,0.0,0.07999999999999996,42.56410256410256,0.07999999999999996,-0.1475476547233479,0.0,0.08,0.07999999999999996,0.07999999999999996,0
122,11,2.1701149940490723,2.4533400624969444,0.0,0.07999999999999996,39.04382470119522,0.07999999999999996,-0.12267022760489149,0.0,0.08,0.07999999999999996,0.07999999999999996,0
122,16,2.4215259552001953,2.4533400624969444,0.0,0.0800871945694541,40.8,0.08012456367064871,-0.013052485431713393,0.0,0.08,0.0800871945694541,0.0800871945694541,0
123,3,2.400735855102539,2.445479770598904,0.0,0.08088725074556234,43.17180616740088,0.08126750106508907,-0.01846603214228279,0.0,0.08,0.08088725074556234,0.08088725074556234,0
123,12,2.545372724533081,2.445479770598904,0.040035763895278395,0.10167614012301093,35.77235772357724,0.09723936684020588,0.040035763895278395,0.040035763895278395,0.11202861111622273,0.10167614012301093,0.10167614012301093,0
123,16,2.447754144668579,2.445479770598904,0.0009295996322869608,0.08028414011036673,41.2,0.0800871945694541,0.0009295996322869608,0.0009295996322869608,0.08074367970582957,0.08028414011036673,0.08028414011036673,0
123,11,2.0854945182800293,2.445479770598904,0.0,0.07999999999999996,39.8406374501992,0.07999999999999996,-0.15923532200571316,0.0,0.08,0.07999999999999996,0.07999999999999996,0
123,14,2.1350510120391846,2.445479770598904,0.0,0.07999999999999996,47.77327935222672,0.07999999999999996,-0.1357507886545306,0.0,0.08,0.07999999999999996,0.07999999999999996,0
123,19,2.254227638244629,2.445479770598904,0.0,0.07999999999999996,44.1025641025641,0.07999999999999996,-0.08143392499591051,0.0,0.08,0.07999999999999996,0.07999999999999996,0
123,4,2.195021390914917,2.445479770598904,0.0,0.0800001481546809,42.92929292929293,0.08000021164954414,-0.10804953663324517,0.0,0.08,0.0800001481546809,0.0800001481546809,0
123,2,2.1583399772644043,2.445479770598904,0.0,0.07999999999999996,42.23300970873787,0.07999999999999996,-0.12490193114502669,0.0,0.08,0.07999999999999996,0.07999999999999996,0
123,0,2.3838536739349365,2.445479770598904,0.0,0.09171588806781264,35.84070796460177,0.09673698295401806,-0.02552295982892782,0.0,0.08,0.09171588806781264,0.09171588806781264,0
123,8,2.5021233558654785,2.445479770598904,0.022898384769652023,0.12192863997701911,37.142857142857146,0.1320471823318609,0.022898384769652023,0.022898384769652023,0.09831870781572162,0.12192863997701911,0.12192863997701911,0
123,7,2.4178059101104736,2.445479770598904,0.0,0.0864737972559956,37.280701754385966,0.08924828179427943,-0.011380848624837342,0.0,0.08,0.0864737972559956,0.0864737972559956,0
123,18,2.5484368801116943,2.445479770598904,0.041238853988548894,0.11979214491446358,30.39647577092511,0.12270688565315976,0.041238853988548894,0.041238853988548894,0.11299108319083911,0.11979214491446358,0.11979214491446358,0
123,1,2.456367254257202,2.445479770598904,0.004442203709083394,0.09778947709831376,41.228070175438596,0.10389049744019108,0.004442203709083394,0.004442203709083394,0.08355376296726671,0.09778947709831376,0.09778947709831376,0
123,5,2.237657070159912,2.445479770598904,0.0,0.0894926371909898,44.18604651162791,0.09356091027284258,-0.08881196083404022,0.0,0.08,0.0894926371909898,0.0894926371909898,0
123,9,2.206184148788452,2.445479770598904,0.0,0.08106023604576769,34.166666666666664,0.08151462292252527,-0.10297693474809694,0.0,0.08,0.08106023604576769,0.08106023604576769,0
123,6,2.4363908767700195,2.445479770598904,0.0,0.08632577775126604,35.042735042735046,0.0890368253589515,-0.0037235334360111497,0.0,0.08,0.08632577775126604,0.08632577775126604,0
123,15,2.289904832839966,2.445479770598904,0.0,0.08012676621162325,36.75213675213675,0.08018109458803321,-0.06573106960240198,0.0,0.08,0.08012676621162325,0.08012676621162325,0
123,13,2.539010763168335,2.445479770598904,0.03753321282870487,0.11601059979919422,31.53153153153153,0.11857518388615007,0.03753321282870487,0.03753321282870487,0.1100265702629639,0.11601059979919422,0.11601059979919422,0
123,10,2.6903271675109863,2.445479770598904,0.09542148058505523,0.15540689106811517,26.08695652173913,0.15500819389671705,0.09542148058505523,0.09542148058505523,0.15633718446804418,0.15540689106811517,0.15540689106811517,0
123,17,2.2972872257232666,2.445479770598904,0.0,0.07999999999999996,39.898989898989896,0.07999999999999996,-0.06251236886768194,0.0,0.08,0.07999999999999996,0.07999999999999996,0
124,18,2.6400146484375,2.4401612699908877,0.07872033410362551,0.12674738162499463,36.12334801762115,0.11979214491446358,0.07872033410362551,0.07872033410362551,0.14297626728290042,0.12674738162499463,0.12674738162499463,0
124,2,2.2370662689208984,2.4401612699908877,0.0,0.07999999999999996,46.116504854368934,0.07999999999999996,-0.08689882492357463,0.0,0.08,0.07999999999999996,0.07999999999999996,0
124,3,2.141014814376831,2.4401612699908877,0.0,0.08062107552189363,38.32599118942731,0.08088725074556234,-0.1307842018506981,0.0,0.08,0.08062107552189363,0.08062107552189363,0
124,6,2.4541192054748535,2.4401612699908877,0.005703789694217699,0.08579695395249848,32.9059829059829,0.08632577775126604,0.005703789694217699,0.005703789694217699,0.08456303175537416,0.08579695395249848,0.08579695395249848,0
124,11,2.1269989013671875,2.4401612699908877,0.0,0.07999999999999996,40.63745019920319,0.07999999999999996,-0.1373521110757473,0.0,0.08,0.07999999999999996,0.07999999999999996,0
124,13,2.444263458251953,2.4401612699908877,0.0016797020885759408,0.10561054836069417,34.68468468468468,0.11601059979919422,0.0016797020885759408,0.0016797020885759408,0.08134376167086076,0.10561054836069417,0.10561054836069417,0
124,4,2.1724324226379395,2.4401612699908877,0.0,0.08000010370827662,37.878787878787875,0.0800001481546809,-0.11621665900620322,0.0,0.08,0.08000010370827662,0.08000010370827662,0
124,16,2.1851909160614014,2.4401612699908877,0.0,0.08019889807725672,40.8,0.08028414011036673,-0.11036093039905084,0.0,0.08,0.08019889807725672,0.08019889807725672,0
124,8,2.695498466491699,2.4401612699908877,0.09951901522745416,0.13323461163850236,30.0,0.12192863997701911,0.09951901522745416,0.09951901522745416,0.15961521218196334,0.13323461163850236,0.13323461163850236,0
124,0,2.3668289184570312,2.4401612699908877,0.0,0.08820112164746885,40.70796460176991,0.09171588806781264,-0.03051308112881902,0.0,0.08,0.08820112164746885,0.08820112164746885,0
124,14,2.311976194381714,2.4401612699908877,0.0,0.07999999999999996,47.36842105263158,0.07999999999999996,-0.0539614769429079,0.0,0.08,0.07999999999999996,0.07999999999999996,0
124,17,2.2303073406219482,2.4401612699908877,0.0,0.07999999999999996,43.43434343434343,0.07999999999999996,-0.08992473411164252,0.0,0.08,0.07999999999999996,0.07999999999999996,0
124,7,2.425016403198242,2.4401612699908877,0.0,0.08453165807919692,35.526315789473685,0.0864737972559956,-0.006225842781918075,0.0,0.08,0.08453165807919692,0.08453165807919692,0
124,10,2.8633174896240234,2.4401612699908877,0.15991678201814494,0.1711648514320354,31.884057971014492,0.15540689106811517,0.15991678201814494,0.15991678201814494,0.20793342561451594,0.1711648514320354,0.1711648514320354,0
124,19,2.230767011642456,2.4401612699908877,0.0,0.07999999999999996,51.282051282051285,0.07999999999999996,-0.08971865325139392,0.0,0.08,0.07999999999999996,0.07999999999999996,0
124,12,2.5872695446014404,2.4401612699908877,0.05853895812408949,0.10922264803588913,31.70731707317073,0.10167614012301093,0.05853895812408949,0.05853895812408949,0.1268311664992716,0.10922264803588913,0.10922264803588913,0
124,1,2.36926007270813,2.4401612699908877,0.0,0.09245263396881961,35.526315789473685,0.09778947709831376,-0.029486430464565918,0.0,0.08,0.09245263396881961,0.09245263396881961,0
124,5,2.2809853553771973,2.4401612699908877,0.0,0.08664484603369285,38.604651162790695,0.0894926371909898,-0.06745660807619154,0.0,0.08,0.08664484603369285,0.08664484603369285,0
124,15,2.3503966331481934,2.4401612699908877,0.0,0.08008873634813626,36.75213675213675,0.08012676621162325,-0.037480037245654296,0.0,0.08,0.08008873634813626,0.08008873634813626,0
124,9,2.2106006145477295,2.4401612699908877,0.0,0.08074216523203738,37.916666666666664,0.08106023604576769,-0.09879988105887423,0.0,0.08,0.08074216523203738,0.08074216523203738,0
125,6,2.400108814239502,2.429263784368294,0.0,0.08405786776674892,32.47863247863248,0.08579695395249848,-0.012074166409624009,0.0,0.08,0.08405786776674892,0.08405786776674892,0
125,14,2.33742356300354,2.429263784368294,0.0,0.07999999999999996,48.987854251012145,0.07999999999999996,-0.03853896056375594,0.0,0.08,0.07999999999999996,0.07999999999999996,0
125,4,2.3383822441101074,2.429263784368294,0.0,0.08000007259579363,42.42424242424242,0.08000010370827662,-0.038128900285186666,0.0,0.08,0.08000007259579363,0.08000007259579363,0
125,0,2.4205427169799805,2.429263784368294,0.0,0.0857407851532282,38.05309734513274,0.08820112164746885,-0.0035964637971351954,0.0,0.08,0.0857407851532282,0.0857407851532282,0
125,15,2.1501240730285645,2.429263784368294,0.0,0.08006211544369538,43.162393162393165,0.08008873634813626,-0.1220626926578876,0.0,0.08,0.08006211544369538,0.08006211544369538,0
125,9,2.3320345878601074,2.429263784368294,0.0,0.08051951566242616,38.333333333333336,0.08074216523203738,-0.04084714165835432,0.0,0.08,0.08051951566242616,0.08051951566242616,0
125,17,2.267139196395874,2.429263784368294,0.0,0.07999999999999996,43.43434343434343,0.07999999999999996,-0.06906947097233332,0.0,0.08,0.07999999999999996,0.07999999999999996,0
125,5,2.396040678024292,2.429263784368294,0.0,0.08465139222358499,37.2093023255814,0.08664484603369285,-0.013770584413452337,0.0,0.08,0.08465139222358499,0.08465139222358499,0
125,11,2.1596434116363525,2.429263784368294,0.0,0.07999999999999996,45.418326693227094,0.07999999999999996,-0.11764512067598472,0.0,0.08,0.07999999999999996,0.07999999999999996,0
125,7,2.4309744834899902,2.429263784368294,0.0007039569218717397,0.08334111031668706,35.526315789473685,0.08453165807919692,0.0007039569218717397,0.0007039569218717397,0.0805631655374974,0.08334111031668706,0.08334111031668706,0
125,18,2.504476308822632,2.429263784368294,0.03049141215102882,0.12004110605374316,32.59911894273128,0.12674738162499463,0.03049141215102882,0.03049141215102882,0.10439312972082306,0.12004110605374316,0.12004110605374316,0
125,1,2.523547410964966,2.429263784368294,0.03807737219654652,0.0978554131053449,38.1578947368421,0.09245263396881961,0.03807737219654652,0.03807737219654652,0.11046189775723722,0.0978554131053449,0.0978554131053449,0
125,19,2.2095110416412354,2.429263784368294,0.0,0.07999999999999996,41.53846153846154,0.07999999999999996,-0.09481699871823296,0.0,0.08,0.07999999999999996,0.07999999999999996,0
125,13,2.45808482170105,2.429263784368294,0.011794276869889524,0.1007580103012594,36.93693693693694,0.10561054836069417,0.011794276869889524,0.011794276869889524,0.08943542149591162,0.1007580103012594,0.1007580103012594,0
125,2,1.984044075012207,2.429263784368294,0.0,0.07999999999999996,46.601941747572816,0.07999999999999996,-0.20245101728460338,0.0,0.08,0.07999999999999996,0.07999999999999996,0
125,10,2.8507564067840576,2.429263784368294,0.1599961222949632,0.18221446535321595,31.884057971014492,0.1711648514320354,0.1599961222949632,0.1599961222949632,0.20799689783597058,0.18221446535321595,0.18221446535321595,0
125,8,2.5907955169677734,2.429263784368294,0.06437673565028118,0.13271464470301914,36.666666666666664,0.13323461163850236,0.06437673565028118,0.06437673565028118,0.13150138852022494,0.13271464470301914,0.13271464470301914,0
125,16,2.213635206222534,2.429263784368294,0.0,0.0801392286540797,44.0,0.08019889807725672,-0.09295218777746975,0.0,0.08,0.0801392286540797,0.0801392286540797,0
125,3,2.209575653076172,2.429263784368294,0.0,0.08043475286532553,38.76651982378855,0.08062107552189363,-0.094787756732677,0.0,0.08,0.08043475286532553,0.08043475286532553,0
125,12,2.6034228801727295,2.429263784368294,0.06923882925771756,0.1170731726469746,34.146341463414636,0.10922264803588913,0.06923882925771756,0.06923882925771756,0.13539106340617404,0.1170731726469746,0.1170731726469746,0
126,3,2.11159348487854,2.4230585520381847,0.0,0.08030432700572787,41.409691629955944,0.08043475286532553,-0.1375877374671261,0.0,0.08,0.08030432700572787,0.08030432700572787,0
126,17,2.3017055988311768,2.4230585520381847,0.0,0.07999999999999996,42.42424242424242,0.07999999999999996,-0.05138019360413351,0.0,0.08,0.07999999999999996,0.07999999999999996,0
126,14,2.1635680198669434,2.4230585520381847,0.0,0.07999999999999996,48.987854251012145,0.07999999999999996,-0.11327188622409366,0.0,0.08,0.07999999999999996,0.07999999999999996,0
126,15,2.2096328735351562,2.4230585520381847,0.0,0.08004348081058676,41.02564102564103,0.08006211544369538,-0.09220422508637573,0.0,0.08,0.08004348081058676,0.08004348081058676,0
126,18,2.751147508621216,2.4230585520381847,0.12698749337042764,0.13850577264652283,33.03964757709251,0.12004110605374316,0.12698749337042764,0.12698749337042764,0.18158999469634213,0.13850577264652283,0.13850577264652283,0
126,8,2.7325615882873535,2.4230585520381847,0.12020887287627537,0.14575038078241948,30.0,0.13271464470301914,0.12020887287627537,0.12020887287627537,0.1761670983010203,0.14575038078241948,0.14575038078241948,0
126,16,2.0838873386383057,2.4230585520381847,0.0,0.08009746005785578,36.0,0.0801392286540797,-0.15079554369562015,0.0,0.08,0.08009746005785578,0.08009746005785578,0
126,6,2.24796199798584,2.4230585520381847,0.0,0.08284050743672425,35.47008547008547,0.08405786776674892,-0.07500657924333684,0.0,0.08,0.08284050743672425,0.08284050743672425,0
126,1,2.3507466316223145,2.4230585520381847,0.0,0.09249878917374144,39.473684210526315,0.0978554131053449,-0.030297613236707318,0.0,0.08,0.09249878917374144,0.09249878917374144,0
126,11,2.301546096801758,2.4230585520381847,0.0,0.07999999999999996,41.03585657370518,0.07999999999999996,-0.05144949332499867,0.0,0.08,0.07999999999999996,0.07999999999999996,0
126,9,2.3338050842285156,2.4230585520381847,0.0,0.0803636609636983,41.666666666666664,0.08051951566242616,-0.03753058757807875,0.0,0.08,0.0803636609636983,0.0803636609636983,0
126,12,2.693770170211792,2.4230585520381847,0.10591115556599864,0.13136989818872188,34.959349593495936,0.1170731726469746,0.10591115556599864,0.10591115556599864,0.1647289244527989,0.13136989818872188,0.13136989818872188,0
126,5,2.233379602432251,2.4230585520381847,0.0,0.08325597455650949,36.74418604651163,0.08465139222358499,-0.0815146512710945,0.0,0.08,0.08325597455650949,0.08325597455650949,0
126,13,2.393659830093384,2.4230585520381847,0.0,0.09453060721088158,36.486486486486484,0.1007580103012594,-0.012207102245258646,0.0,0.08,0.09453060721088158,0.09453060721088158,0
126,4,2.142591953277588,2.4230585520381847,0.0,0.08000005081705554,41.41414141414141,0.08000007259579363,-0.1230143168510813,0.0,0.08,0.08000005081705554,0.08000005081705554,0
126,0,2.363485097885132,2.4230585520381847,0.0,0.08401854960725974,38.49557522123894,0.0857407851532282,-0.024893340412142917,0.0,0.08,0.08401854960725974,0.08401854960725974,0
126,2,1.8929749727249146,2.4230585520381847,0.0,0.07999999999999996,48.05825242718446,0.07999999999999996,-0.24688095430616044,0.0,0.08,0.07999999999999996,0.07999999999999996,0
126,7,2.562331199645996,2.4230585520381847,0.05588686211880352,0.09575162413019378,38.1578947368421,0.08334111031668706,0.05588686211880352,0.05588686211880352,0.12470948969504282,0.09575162413019378,0.09575162413019378,0
126,19,2.1098766326904297,2.4230585520381847,0.0,0.07999999999999996,44.61538461538461,0.07999999999999996,-0.13840112817075223,0.0,0.08,0.07999999999999996,0.07999999999999996,0
126,10,2.560086250305176,2.4230585520381847,0.05501034258570415,0.16475260796782015,39.130434782608695,0.18221446535321595,0.05501034258570415,0.05501034258570415,0.12400827406856332,0.16475260796782015,0.16475260796782015,0
127,1,2.4647810459136963,2.410915281616013,0.022096517966232923,0.09405231673351491,43.421052631578945,0.09249878917374144,0.022096517966232923,0.022096517966232923,0.09767721437298635,0.09405231673351491,0.09405231673351491,0
127,19,2.072547197341919,2.410915281616013,0.0,0.07999999999999996,45.12820512820513,0.07999999999999996,-0.1512280787157822,0.0,0.08,0.07999999999999996,0.07999999999999996,0
127,2,1.805505394935608,2.410915281616013,0.0,0.07999999999999996,50.48543689320388,0.07999999999999996,-0.28916590912744067,0.0,0.08,0.07999999999999996,0.07999999999999996,0
127,7,2.557852268218994,2.410915281616013,0.05916148809881042,0.10522489403485014,39.03508771929825,0.09575162413019378,0.05916148809881042,0.05916148809881042,0.12732919047904834,0.10522489403485014,0.10522489403485014,0
127,13,2.4194960594177246,2.410915281616013,0.0035528182534713183,0.09102410142845022,33.78378378378378,0.09453060721088158,0.0035528182534713183,0.0035528182534713183,0.08284225460277705,0.09102410142845022,0.09102410142845022,0
127,4,2.1686692237854004,2.410915281616013,0.0,0.08000003557193888,44.44444444444444,0.08000005081705554,-0.1058927413395388,0.0,0.08,0.08000003557193888,0.08000003557193888,0
127,0,2.4085283279418945,2.410915281616013,0.0,0.0828129847250818,40.70796460176991,0.08401854960725974,-0.0009905516290929285,0.0,0.08,0.0828129847250818,0.0828129847250818,0
127,3,2.1910550594329834,2.410915281616013,0.0,0.0802130289040095,46.69603524229075,0.08030432700572787,-0.09562326977285533,0.0,0.08,0.0802130289040095,0.0802130289040095,0
127,14,2.17348051071167,2.410915281616013,0.0,0.07999999999999996,46.15384615384615,0.07999999999999996,-0.10367665522214001,0.0,0.08,0.07999999999999996,0.07999999999999996,0
127,11,2.2427403926849365,2.410915281616013,0.0,0.07999999999999996,43.82470119521912,0.07999999999999996,-0.07230795226723923,0.0,0.08,0.07999999999999996,0.07999999999999996,0
127,10,2.694673776626587,2.410915281616013,0.11127068865796522,0.16603179085538577,28.985507246376812,0.16475260796782015,0.11127068865796522,0.11127068865796522,0.1690165509263722,0.16603179085538577,0.16603179085538577,0
127,15,2.3256773948669434,2.410915281616013,0.0,0.08003043656741074,43.162393162393165,0.08004348081058676,-0.03599511091809417,0.0,0.08,0.08003043656741074,0.08003043656741074,0
127,16,2.1481242179870605,2.410915281616013,0.0,0.08006822204049904,44.8,0.08009746005785578,-0.11541145522055393,0.0,0.08,0.08006822204049904,0.08006822204049904,0
127,8,2.6837618350982666,2.410915281616013,0.10721301938485772,0.1517563912000595,30.476190476190474,0.14575038078241948,0.10721301938485772,0.10721301938485772,0.16577041550788618,0.1517563912000595,0.1517563912000595,0
127,12,2.286142349243164,2.410915281616013,0.0,0.11595892873210531,34.146341463414636,0.13136989818872188,-0.053140626635007876,0.0,0.08,0.11595892873210531,0.11595892873210531,0
127,17,2.002540349960327,2.410915281616013,0.0,0.07999999999999996,40.4040404040404,0.07999999999999996,-0.1855899099092916,0.0,0.08,0.07999999999999996,0.07999999999999996,0
127,18,2.6235692501068115,2.410915281616013,0.08452923923115971,0.1412410582680443,35.68281938325991,0.13850577264652283,0.08452923923115971,0.08452923923115971,0.14762339138492778,0.1412410582680443,0.1412410582680443,0
127,9,2.2465972900390625,2.410915281616013,0.0,0.0802545626745888,40.833333333333336,0.0803636609636983,-0.07058970402732458,0.0,0.08,0.0802545626745888,0.0802545626745888,0
127,5,2.5462143421173096,2.410915281616013,0.054601223857335866,0.09538347591531725,49.30232558139535,0.08325597455650949,0.054601223857335866,0.054601223857335866,0.1236809790858687,0.09538347591531725,0.09538347591531725,0
127,6,2.1845099925994873,2.410915281616013,0.0,0.08198835520570696,38.034188034188034,0.08284050743672425,-0.09861491615783562,0.0,0.08,0.08198835520570696,0.08198835520570696,0
128,0,2.523460626602173,2.3964607354185232,0.05163826842512527,0.09436227372958733,34.95575221238938,0.0828129847250818,0.05163826842512527,0.05163826842512527,0.12131061474010021,0.09436227372958733,0.09436227372958733,0
128,6,2.449042797088623,2.3964607354185232,0.021704297712459082,0.08660088009498505,39.31623931623932,0.08198835520570696,0.021704297712459082,0.021704297712459082,0.09736343816996727,0.08660088009498505,0.08660088009498505,0
128,11,2.0917434692382812,2.3964607354185232,0.0,0.07999999999999996,41.43426294820717,0.07999999999999996,-0.1359950407030668,0.0,0.08,0.07999999999999996,0.07999999999999996,0
128,2,1.920103907585144,2.3964607354185232,0.0,0.07999999999999996,50.0,0.07999999999999996,-0.2216136512030186,0.0,0.08,0.07999999999999996,0.07999999999999996,0
128,13,2.1618409156799316,2.3964607354185232,0.0,0.08771687099991515,33.78378378378378,0.09102410142845022,-0.10303282040160285,0.0,0.08,0.08771687099991515,0.08771687099991515,0
128,14,2.192643165588379,2.3964607354185232,0.0,0.07999999999999996,51.417004048582996,0.07999999999999996,-0.0888852139534081,0.0,0.08,0.07999999999999996,0.07999999999999996,0
128,19,2.1275222301483154,2.3964607354185232,0.0,0.07999999999999996,39.48717948717949,0.07999999999999996,-0.119034924455849,0.0,0.08,0.07999999999999996,0.07999999999999996,0
128,9,2.165482759475708,2.3964607354185232,0.0,0.08017819387221216,40.0,0.0802545626745888,-0.1013496347135682,0.0,0.08,0.08017819387221216,0.08017819387221216,0
128,3,2.2819974422454834,2.3964607354185232,0.0,0.08014912023280665,42.290748898678416,0.0802130289040095,-0.04894182453791713,0.0,0.08,0.08014912023280665,0.08014912023280665,0
128,4,2.1191606521606445,2.3964607354185232,0.0,0.08000002490035721,41.41414141414141,0.08000003557193888,-0.12297286330625086,0.0,0.08,0.08000002490035721,0.08000002490035721,0
128,12,2.3428030014038086,2.3964607354185232,0.0,0.10517125011247372,31.70731707317073,0.11595892873210531,-0.02264487890103526,0.0,0.08,0.10517125011247372,0.10517125011247372,0
128,16,2.0952274799346924,2.3964607354185232,0.0,0.08004775542834933,39.6,0.08006822204049904,-0.13433082496038495,0.0,0.08,0.08004775542834933,0.08004775542834933,0
128,17,2.3572652339935303,2.3964607354185232,0.0,0.07999999999999996,41.41414141414141,0.07999999999999996,-0.01649080732277235,0.0,0.08,0.07999999999999996,0.07999999999999996,0
128,18,2.5055010318756104,2.3964607354185232,0.04449577173262772,0.13354772600346165,34.36123348017621,0.1412410582680443,0.04449577173262772,0.04449577173262772,0.11559661738610218,0.13354772600346165,0.13354772600346165,0
128,10,2.6428468227386475,2.3964607354185232,0.09786372237510474,0.16370954696879517,28.985507246376812,0.16603179085538577,0.09786372237510474,0.09786372237510474,0.15829097790008378,0.16370954696879517,0.16370954696879517,0
128,15,2.3037827014923096,2.3964607354185232,0.0,0.08002130559718751,46.58119658119658,0.08003043656741074,-0.03944053038221584,0.0,0.08,0.08002130559718751,0.08002130559718751,0
128,5,2.3794167041778564,2.3964607354185232,0.0,0.09076843314072208,39.06976744186046,0.09538347591531725,-0.007137579950021378,0.0,0.08,0.09076843314072208,0.09076843314072208,0
128,8,2.495980978012085,2.3964607354185232,0.040688873975499626,0.13999480359416155,33.333333333333336,0.1517563912000595,0.040688873975499626,0.040688873975499626,0.11255109918039971,0.13999480359416155,0.13999480359416155,0
128,1,2.391164779663086,2.3964607354185232,0.0,0.08983662171346044,38.1578947368421,0.09405231673351491,-0.0022123526064101212,0.0,0.08,0.08983662171346044,0.08983662171346044,0
128,7,2.4149858951568604,2.3964607354185232,0.007700491193199147,0.0995055437107629,37.280701754385966,0.10522489403485014,0.007700491193199147,0.007700491193199147,0.08616039295455932,0.0995055437107629,0.0995055437107629,0
129,13,2.3998138904571533,2.389143947021477,0.004456068066955402,0.0864712660360099,33.78378378378378,0.08771687099991515,0.004456068066955402,0.004456068066955402,0.08356485445356432,0.0864712660360099,0.0864712660360099,0
129,2,1.995811104774475,2.389143947021477,0.0,0.07999999999999996,46.601941747572816,0.07999999999999996,-0.17988458326938453,0.0,0.08,0.07999999999999996,0.07999999999999996,0
129,4,2.1309454441070557,2.389143947021477,0.0,0.08000001743025004,43.93939393939394,0.08000002490035721,-0.11436936839873772,0.0,0.08,0.08000001743025004,0.08000001743025004,0
129,11,2.0674662590026855,2.389143947021477,0.0,0.07999999999999996,42.23107569721115,0.07999999999999996,-0.14461129189337857,0.0,0.08,0.07999999999999996,0.07999999999999996,0
129,18,2.545348644256592,2.389143947021477,0.06333251159378002,0.13268321098493036,32.158590308370044,0.13354772600346165,0.06333251159378002,0.06333251159378002,0.13066600927502403,0.13268321098493036,0.13268321098493036,0
129,0,2.5424423217773438,2.389143947021477,0.06219004217892166,0.10497920173365233,36.72566371681416,0.09436227372958733,0.06219004217892166,0.06219004217892166,0.12975203374313732,0.10497920173365233,0.10497920173365233,0
129,5,2.3019115924835205,2.389143947021477,0.0,0.08753790319850546,36.74418604651163,0.09076843314072208,-0.03719521555312493,0.0,0.08,0.08753790319850546,0.08753790319850546,0
129,19,1.96480131149292,2.389143947021477,0.0,0.07999999999999996,45.64102564102564,0.07999999999999996,-0.19554399324986546,0.0,0.08,0.07999999999999996,0.07999999999999996,0
129,14,2.162125587463379,2.389143947021477,0.0,0.07999999999999996,42.10526315789474,0.07999999999999996,-0.0998433140907884,0.0,0.08,0.07999999999999996,0.07999999999999996,0
129,7,2.4499502182006836,2.389143947021477,0.02513258452589086,0.09968570088374783,38.1578947368421,0.0995055437107629,0.02513258452589086,0.02513258452589086,0.1001060676207127,0.09968570088374783,0.09968570088374783,0
129,10,2.4839611053466797,2.389143947021477,0.03891938509721317,0.14793733530148778,33.81642512077295,0.16370954696879517,0.03891938509721317,0.03891938509721317,0.11113550807777053,0.14793733530148778,0.14793733530148778,0
129,17,2.186685800552368,2.389143947021477,0.0,0.07999999999999996,46.464646464646464,0.07999999999999996,-0.08854805572892001,0.0,0.08,0.07999999999999996,0.07999999999999996,0
129,8,2.6057393550872803,2.389143947021477,0.08678133549966437,0.14282388303583252,32.857142857142854,0.13999480359416155,0.08678133549966437,0.08678133549966437,0.1494250683997315,0.14282388303583252,0.14282388303583252,0
129,15,2.39967942237854,2.389143947021477,0.004400033786116336,0.08107092202669917,46.15384615384615,0.08002130559718751,0.004400033786116336,0.004400033786116336,0.08352002702889307,0.08107092202669917,0.08107092202669917,0
129,12,2.468106508255005,2.389143947021477,0.032516140054283924,0.10542374869175973,30.89430894308943,0.10517125011247372,0.032516140054283924,0.032516140054283924,0.10601291204342714,0.10542374869175973,0.10542374869175973,0
129,9,2.2329494953155518,2.389143947021477,0.0,0.08012473571054851,37.083333333333336,0.08017819387221216,-0.06761176513718396,0.0,0.08,0.08012473571054851,0.08012473571054851,0
129,16,2.1988213062286377,2.389143947021477,0.0,0.08003342879984453,39.6,0.08004775542834933,-0.08301367336415072,0.0,0.08,0.08003342879984453,0.08003342879984453,0
129,3,2.130065679550171,2.389143947021477,0.0,0.08010438416296466,39.20704845814978,0.08014912023280665,-0.11478230539407769,0.0,0.08,0.08010438416296466,0.08010438416296466,0
129,1,2.329111099243164,2.389143947021477,0.0,0.0868856351994223,39.91228070175438,0.08983662171346044,-0.025448428194496556,0.0,0.08,0.0868856351994223,0.0868856351994223,0
129,6,2.3719351291656494,2.389143947021477,0.0,0.08462061606648953,37.60683760683761,0.08660088009498505,-0.007228988407888321,0.0,0.08,0.08462061606648953,0.08462061606648953,0
130,3,2.1598691940307617,2.3817806869056635,0.0,0.08007306891407526,44.49339207048458,0.08010438416296466,-0.09780073373130488,0.0,0.08,0.08007306891407526,0.08007306891407526,0
130,15,2.1459271907806396,2.3817806869056635,0.0,0.08074964541868943,35.042735042735046,0.08107092202669917,-0.10427667948635237,0.0,0.08,0.08074964541868943,0.08074964541868943,0
130,9,2.344677209854126,2.3817806869056635,0.0,0.08008731499738395,44.166666666666664,0.08012473571054851,-0.015700653597964742,0.0,0.08,0.08008731499738395,0.08008731499738395,0
130,13,2.354489326477051,2.3817806869056635,0.0,0.08452988622520692,37.387387387387385,0.0864712660360099,-0.01152453821004442,0.0,0.08,0.08452988622520692,0.08452988622520692,0
130,5,2.3592169284820557,2.3817806869056635,0.0,0.08527653223895382,36.27906976744186,0.08753790319850546,-0.009518641654591759,0.0,0.08,0.08527653223895382,0.08527653223895382,0
130,2,1.8751312494277954,2.3817806869056635,0.0,0.07999999999999996,47.57281553398058,0.07999999999999996,-0.23916973790417367,0.0,0.08,0.07999999999999996,0.07999999999999996,0
130,16,2.2499582767486572,2.3817806869056635,0.0,0.08002340015989116,40.4,0.08003342879984453,-0.056936723082811405,0.0,0.08,0.08002340015989116,0.08002340015989116,0
130,4,2.2156386375427246,2.3817806869056635,0.0,0.08000001220117503,43.93939393939394,0.08000001743025004,-0.0723077095043048,0.0,0.08,0.08000001220117503,0.08000001220117503,0
130,12,2.489818811416626,2.3817806869056635,0.044361545441547856,0.10844339499020329,35.36585365853659,0.10542374869175973,0.044361545441547856,0.044361545441547856,0.1154892363532383,0.10844339499020329,0.10844339499020329,0
130,0,2.334596872329712,2.3817806869056635,0.0,0.09748544121355662,39.823008849557525,0.10497920173365233,-0.020009165088400692,0.0,0.08,0.09748544121355662,0.09748544121355662,0
130,1,2.409147024154663,2.3817806869056635,0.011424357214238061,0.08756179037101275,33.333333333333336,0.0868856351994223,0.011424357214238061,0.011424357214238061,0.08913948577139046,0.08756179037101275,0.08756179037101275,0
130,11,2.2918732166290283,2.3817806869056635,0.0,0.07999999999999996,42.23107569721115,0.07999999999999996,-0.03847891382557715,0.0,0.08,0.07999999999999996,0.07999999999999996,0
130,19,2.1974804401397705,2.3817806869056635,0.0,0.07999999999999996,45.12820512820513,0.07999999999999996,-0.08053694577650672,0.0,0.08,0.07999999999999996,0.07999999999999996,0
130,6,2.260591506958008,2.3817806869056635,0.0,0.08323443124654267,32.05128205128205,0.08462061606648953,-0.05222188769916306,0.0,0.08,0.08323443124654267,0.08323443124654267,0
130,10,2.481163740158081,2.3817806869056635,0.04087930430315134,0.13736716774379776,24.154589371980677,0.14793733530148778,0.04087930430315134,0.04087930430315134,0.11270344344252108,0.13736716774379776,0.13736716774379776,0
130,17,2.211958646774292,2.3817806869056635,0.0,0.07999999999999996,40.90909090909091,0.07999999999999996,-0.0739700068465828,0.0,0.08,0.07999999999999996,0.07999999999999996,0
130,14,2.1289355754852295,2.3817806869056635,0.0,0.07999999999999996,43.31983805668016,0.07999999999999996,-0.11222627021165277,0.0,0.08,0.07999999999999996,0.07999999999999996,0
130,7,2.528684377670288,2.3817806869056635,0.05985076271213416,0.10814417366953567,33.333333333333336,0.09968570088374783,0.05985076271213416,0.05985076271213416,0.12788061016970734,0.10814417366953567,0.10814417366953567,0
130,8,2.6657652854919434,2.3817806869056635,0.11264278177706456,0.15101098575157826,34.76190476190476,0.14282388303583252,0.11264278177706456,0.11264278177706456,0.17011422542165167,0.15101098575157826,0.15101098575157826,0
130,18,2.516511917114258,2.3817806869056635,0.05502538688315522,0.1300843405414085,31.277533039647576,0.13268321098493036,0.05502538688315522,0.05502538688315522,0.12402030950652418,0.1300843405414085,0.1300843405414085,0
131,17,2.1914637088775635,2.3749261226630343,0.0,0.07999999999999996,45.45454545454545,0.07999999999999996,-0.08039664960989418,0.0,0.08,0.07999999999999996,0.07999999999999996,0
131,11,2.153414726257324,2.3749261226630343,0.0,0.07999999999999996,42.62948207171315,0.07999999999999996,-0.09791150333895615,0.0,0.08,0.07999999999999996,0.07999999999999996,0
131,9,2.3212406635284424,2.3749261226630343,0.0,0.08006112049816876,45.833333333333336,0.08008731499738395,-0.022864519155647422,0.0,0.08,0.08006112049816876,0.08006112049816876,0
131,7,2.51949143409729,2.3749261226630343,0.05909073829316819,0.11388269875903534,42.98245614035088,0.10814417366953567,0.05909073829316819,0.05909073829316819,0.12727259063453455,0.11388269875903534,0.11388269875903534,0
131,18,2.4390499591827393,2.3749261226630343,0.02664227162740567,0.12145318356956329,40.08810572687225,0.1300843405414085,0.02664227162740567,0.02664227162740567,0.10131381730192454,0.12145318356956329,0.12145318356956329,0
131,19,1.86347496509552,2.3749261226630343,0.0,0.07999999999999996,42.05128205128205,0.07999999999999996,-0.2425233240994367,0.0,0.08,0.07999999999999996,0.07999999999999996,0
131,12,2.422895669937134,2.3749261226630343,0.019997051850071695,0.10470966893715952,36.58536585365854,0.10844339499020329,0.019997051850071695,0.019997051850071695,0.09599764148005736,0.10470966893715952,0.10470966893715952,0
131,1,2.338303327560425,2.3749261226630343,0.0,0.08529325325970892,36.8421052631579,0.08756179037101275,-0.015540738005283385,0.0,0.08,0.08529325325970892,0.08529325325970892,0
131,13,2.440143585205078,2.3749261226630343,0.027090553101063557,0.08967265310190009,34.234234234234236,0.08452988622520692,0.027090553101063557,0.027090553101063557,0.10167244248085085,0.08967265310190009,0.08967265310190009,0
131,5,2.28532075881958,2.3749261226630343,0.0,0.08369357256726767,37.674418604651166,0.08527653223895382,-0.03845994024513573,0.0,0.08,0.08369357256726767,0.08369357256726767,0
131,3,2.154031753540039,2.3749261226630343,0.0,0.08005114823985268,45.37444933920705,0.08007306891407526,-0.09762501003627,0.0,0.08,0.08005114823985268,0.08005114823985268,0
131,10,2.6468796730041504,2.3749261226630343,0.10841513314817437,0.14617664937622027,29.95169082125604,0.13736716774379776,0.10841513314817437,0.10841513314817437,0.1667321065185395,0.14617664937622027,0.14617664937622027,0
131,15,2.220221519470215,2.3749261226630343,0.0,0.08052475179308259,41.02564102564103,0.08074964541868943,-0.06735935601097079,0.0,0.08,0.08052475179308259,0.08052475179308259,0
131,0,2.326307535171509,2.3749261226630343,0.0,0.09223980884948962,34.07079646017699,0.09748544121355662,-0.02068406898617619,0.0,0.08,0.09223980884948962,0.09223980884948962,0
131,16,2.1070661544799805,2.3749261226630343,0.0,0.0800163801119238,44.4,0.08002340015989116,-0.1196697984161382,0.0,0.08,0.0800163801119238,0.0800163801119238,0
131,14,2.0752477645874023,2.3749261226630343,0.0,0.07999999999999996,44.534412955465584,0.07999999999999996,-0.13488577897267512,0.0,0.08,0.07999999999999996,0.07999999999999996,0
131,2,1.9663957357406616,2.3749261226630343,0.0,0.07999999999999996,47.0873786407767,0.07999999999999996,-0.18876403861508315,0.0,0.08,0.07999999999999996,0.07999999999999996,0
131,8,2.4733726978302,2.3749261226630343,0.040616353026052474,0.13945561475235738,32.38095238095238,0.15101098575157826,0.040616353026052474,0.040616353026052474,0.11249308242084198,0.13945561475235738,0.13945561475235738,0
131,4,2.2913951873779297,2.3749261226630343,0.0,0.08000000854082251,46.464646464646464,0.08000001220117503,-0.03580544642463814,0.0,0.08,0.08000000854082251,0.08000000854082251,0
131,6,2.5273213386535645,2.3749261226630343,0.06219365142272173,0.09719057821403308,40.598290598290596,0.08323443124654267,0.06219365142272173,0.06219365142272173,0.12975492113817738,0.09719057821403308,0.09719057821403308,0
132,1,2.304631233215332,2.3680653029420493,0.0,0.08370527728179625,35.526315789473685,0.08529325325970892,-0.027152615721539597,0.0,0.08,0.08370527728179625,0.08370527728179625,0
132,14,2.0048131942749023,2.3680653029420493,0.0,0.07999999999999996,42.51012145748988,0.07999999999999996,-0.1665224066520677,0.0,0.08,0.07999999999999996,0.07999999999999996,0
132,13,2.4481499195098877,2.3680653029420493,0.03325931036915772,0.0947530916599279,35.13513513513514,0.08967265310190009,0.03325931036915772,0.03325931036915772,0.10660744829532617,0.0947530916599279,0.0947530916599279,0
132,5,2.365910530090332,2.3680653029420493,0.0,0.08258550079708737,36.74418604651163,0.08369357256726767,-0.000910343891655745,0.0,0.08,0.08258550079708737,0.08258550079708737,0
132,0,2.1283931732177734,2.3680653029420493,0.0,0.08856786619464274,35.39823008849557,0.09223980884948962,-0.10670597715843644,0.0,0.08,0.08856786619464274,0.08856786619464274,0
132,7,2.4360387325286865,2.3680653029420493,0.028299955758794893,0.11050987851343551,31.140350877192983,0.11388269875903534,0.028299955758794893,0.028299955758794893,0.10263996460703592,0.11050987851343551,0.11050987851343551,0
132,9,2.074232339859009,2.3680653029420493,0.0,0.08004278434871812,41.666666666666664,0.08006112049816876,-0.1324821647618955,0.0,0.08,0.08004278434871812,0.08004278434871812,0
132,8,2.7046306133270264,2.3680653029420493,0.13289205155519468,0.1535130226998969,32.38095238095238,0.13945561475235738,0.13289205155519468,0.13289205155519468,0.18631364124415575,0.1535130226998969,0.1535130226998969,0
132,18,2.468202590942383,2.3680653029420493,0.04141689569713566,0.11895728346600686,37.44493392070485,0.12145318356956329,0.04141689569713566,0.04141689569713566,0.11313351655770854,0.11895728346600686,0.11895728346600686,0
132,19,1.966508388519287,2.3680653029420493,0.0,0.07999999999999996,41.02564102564103,0.07999999999999996,-0.18581371444422828,0.0,0.08,0.07999999999999996,0.07999999999999996,0
132,6,2.253905773162842,2.3680653029420493,0.0,0.09203340474982316,41.02564102564103,0.09719057821403308,-0.049408683215379466,0.0,0.08,0.09203340474982316,0.09203340474982316,0
132,16,2.1798722743988037,2.3680653029420493,0.0,0.08001146607834667,44.0,0.0800163801119238,-0.08280700817364527,0.0,0.08,0.08001146607834667,0.08001146607834667,0
132,12,2.3000786304473877,2.3680653029420493,0.0,0.09729676825601166,36.17886178861789,0.10470966893715952,-0.029129984270850923,0.0,0.08,0.09729676825601166,0.09729676825601166,0
132,17,2.2737550735473633,2.3680653029420493,0.0,0.07999999999999996,38.38383838383838,0.07999999999999996,-0.04064061151785735,0.0,0.08,0.07999999999999996,0.07999999999999996,0
132,4,1.971512794494629,2.3680653029420493,0.0,0.08000000597857576,43.93939393939394,0.08000000854082251,-0.1832721290076609,0.0,0.08,0.08000000597857576,0.08000000597857576,0
132,10,2.4297053813934326,2.3680653029420493,0.025696713772521727,0.1324908658687594,33.81642512077295,0.14617664937622027,0.025696713772521727,0.025696713772521727,0.10055737101801739,0.1324908658687594,0.1324908658687594,0
132,3,2.3330955505371094,2.3680653029420493,0.0,0.08003580376789687,43.17180616740088,0.08005114823985268,-0.014877345552478211,0.0,0.08,0.08003580376789687,0.08003580376789687,0
132,15,2.288649082183838,2.3680653029420493,0.0,0.0803673262551578,43.58974358974359,0.08052475179308259,-0.0341115707000313,0.0,0.08,0.0803673262551578,0.0803673262551578,0
132,2,1.804832935333252,2.3680653029420493,0.0,0.07999999999999996,48.05825242718446,0.07999999999999996,-0.27160526168048305,0.0,0.08,0.07999999999999996,0.07999999999999996,0
132,11,1.9694021940231323,2.3680653029420493,0.0,0.07999999999999996,48.60557768924303,0.07999999999999996,-0.18434325115504346,0.0,0.08,0.07999999999999996,0.07999999999999996,0
133,0,2.3091957569122314,2.3593789804344043,0.0,0.08599750633624992,35.84070796460177,0.08856786619464274,-0.021499133701188434,0.0,0.08,0.08599750633624992,0.08599750633624992,0
133,17,2.0012881755828857,2.3593789804344043,0.0,0.07999999999999996,35.85858585858586,0.07999999999999996,-0.16460737875111675,0.0,0.08,0.07999999999999996,0.07999999999999996,0
133,1,2.270766496658325,2.3593789804344043,0.0,0.08259369409725736,42.54385964912281,0.08370527728179625,-0.03828100213608947,0.0,0.08,0.08259369409725736,0.08259369409725736,0
133,15,2.2917864322662354,2.3593789804344043,0.0,0.08025712837861046,41.02564102564103,0.0803673262551578,-0.029066825528872603,0.0,0.08,0.08025712837861046,0.08025712837861046,0
133,6,2.326787233352661,2.3593789804344043,0.0,0.0884233833248762,38.888888888888886,0.09203340474982316,-0.013909994209861208,0.0,0.08,0.0884233833248762,0.0884233833248762,0
133,8,2.327021598815918,2.3593789804344043,0.0,0.1314591158899278,31.428571428571427,0.1535130226998969,-0.01380927436042181,0.0,0.08,0.1314591158899278,0.1314591158899278,0
133,18,2.3883609771728516,2.3593789804344043,0.01220890649979425,0.11020023598615541,36.12334801762115,0.11895728346600686,0.01220890649979425,0.01220890649979425,0.0897671251998354,0.11020023598615541,0.11020023598615541,0
133,14,2.0595827102661133,2.3593789804344043,0.0,0.07999999999999996,45.74898785425101,0.07999999999999996,-0.13589504545854453,0.0,0.08,0.07999999999999996,0.07999999999999996,0
133,7,2.485806465148926,2.3593789804344043,0.05219869941726051,0.11388460281954738,41.228070175438596,0.11050987851343551,0.05219869941726051,0.05219869941726051,0.12175895953380841,0.11388460281954738,0.11388460281954738,0
133,16,2.253854990005493,2.3593789804344043,0.0,0.08000802625484266,44.8,0.08001146607834667,-0.045756361292873034,0.0,0.08,0.08000802625484266,0.08000802625484266,0
133,12,2.372276544570923,2.3593789804344043,0.005451620878560191,0.0934161267900626,35.36585365853659,0.09729676825601166,0.005451620878560191,0.005451620878560191,0.08436129670284816,0.0934161267900626,0.0934161267900626,0
133,9,2.2157435417175293,2.3593789804344043,0.0,0.08002994904410268,44.583333333333336,0.08004278434871812,-0.062810408334711,0.0,0.08,0.08002994904410268,0.08002994904410268,0
133,5,2.4318315982818604,2.3593789804344043,0.03024627692726915,0.08906895702050575,35.348837209302324,0.08258550079708737,0.03024627692726915,0.03024627692726915,0.10419702154181532,0.08906895702050575,0.08906895702050575,0
133,10,2.60447096824646,2.3593789804344043,0.09883113045019323,0.14046307741617794,32.367149758454104,0.1324908658687594,0.09883113045019323,0.09883113045019323,0.15906490436015458,0.14046307741617794,0.14046307741617794,0
133,11,2.0948007106781006,2.3593789804344043,0.0,0.07999999999999996,45.81673306772908,0.07999999999999996,-0.11894001730869552,0.0,0.08,0.07999999999999996,0.07999999999999996,0
133,19,2.0781948566436768,2.3593789804344043,0.0,0.07999999999999996,50.256410256410255,0.07999999999999996,-0.1268987804277649,0.0,0.08,0.07999999999999996,0.07999999999999996,0
133,2,1.821913242340088,2.3593789804344043,0.0,0.07999999999999996,46.116504854368934,0.07999999999999996,-0.2585112582888224,0.0,0.08,0.07999999999999996,0.07999999999999996,0
133,3,2.22939133644104,2.3593789804344043,0.0,0.08002506263752782,42.731277533039645,0.08003580376789687,-0.05666983536199568,0.0,0.08,0.08002506263752782,0.08002506263752782,0
133,13,2.4906654357910156,2.3593789804344043,0.05415147731427648,0.10332351871737588,40.090090090090094,0.0947530916599279,0.05415147731427648,0.05415147731427648,0.12332118185142119,0.10332351871737588,0.10332351871737588,0
133,4,2.3421428203582764,2.3593789804344043,0.0,0.08000000418500303,40.90909090909091,0.08000000597857576,-0.007332194958399789,0.0,0.08,0.08000000418500303,0.08000000418500303,0
134,1,2.2728378772735596,2.3534901918498874,0.0,0.08181558586808016,40.35087719298246,0.08259369409725736,-0.034870197339530805,0.0,0.08,0.08181558586808016,0.08181558586808016,0
134,11,1.9819728136062622,2.3534901918498874,0.0,0.07999999999999996,47.808764940239044,0.07999999999999996,-0.1718066944128508,0.0,0.08,0.07999999999999996,0.07999999999999996,0
134,6,2.398486852645874,2.3534901918498874,0.01893864599874116,0.09044164336711122,43.58974358974359,0.0884233833248762,0.01893864599874116,0.01893864599874116,0.09515091679899293,0.09044164336711122,0.09044164336711122,0
134,7,2.3191182613372803,2.3534901918498874,0.0,0.10371922197368316,44.29824561403509,0.11388460281954738,-0.014712360644591554,0.0,0.08,0.10371922197368316,0.10371922197368316,0
134,15,2.1836185455322266,2.3534901918498874,0.0,0.08017998986502732,44.01709401709402,0.08025712837861046,-0.07491603005683545,0.0,0.08,0.08017998986502732,0.08017998986502732,0
134,5,2.382755756378174,2.3534901918498874,0.012358284259002046,0.08931425813651452,39.53488372093023,0.08906895702050575,0.012358284259002046,0.012358284259002046,0.08988662740720164,0.08931425813651452,0.08931425813651452,0
134,8,2.4196321964263916,2.3534901918498874,0.027716129177438254,0.12267325212553465,32.38095238095238,0.1314591158899278,0.027716129177438254,0.027716129177438254,0.1021729033419506,0.12267325212553465,0.12267325212553465,0
134,19,1.9897487163543701,2.3534901918498874,0.0,0.07999999999999996,50.256410256410255,0.07999999999999996,-0.1678910560250895,0.0,0.08,0.07999999999999996,0.07999999999999996,0
134,9,2.07806134223938,2.3534901918498874,0.0,0.08002096433087187,41.666666666666664,0.08002994904410268,-0.12446400172614341,0.0,0.08,0.08002096433087187,0.08002096433087187,0
134,16,1.887908697128296,2.3534901918498874,0.0,0.08000561837838985,40.4,0.08000802625484266,-0.22042970634642542,0.0,0.08,0.08000561837838985,0.08000561837838985,0
134,17,2.0682578086853027,2.3534901918498874,0.0,0.07999999999999996,34.343434343434346,0.07999999999999996,-0.12919279920575533,0.0,0.08,0.07999999999999996,0.07999999999999996,0
134,4,2.167083501815796,2.3534901918498874,0.0,0.08000000292950211,42.42424242424242,0.08000000418500303,-0.08251715882764711,0.0,0.08,0.08000000292950211,0.08000000292950211,0
134,0,2.373284339904785,2.3534901918498874,0.008375378832361615,0.08620834535514173,35.84070796460177,0.08599750633624992,0.008375378832361615,0.008375378832361615,0.0867003030658893,0.08620834535514173,0.08620834535514173,0
134,3,2.2223525047302246,2.3534901918498874,0.0,0.08001754384626947,40.52863436123348,0.08002506263752782,-0.05733309249775589,0.0,0.08,0.08001754384626947,0.08001754384626947,0
134,2,1.8666552305221558,2.3534901918498874,0.0,0.07999999999999996,48.05825242718446,0.07999999999999996,-0.23175123071994735,0.0,0.08,0.07999999999999996,0.07999999999999996,0
134,14,2.0990960597991943,2.3534901918498874,0.0,0.07999999999999996,40.89068825910931,0.07999999999999996,-0.11439260951590975,0.0,0.08,0.07999999999999996,0.07999999999999996,0
134,18,2.565295457839966,2.3534901918498874,0.08617424550360357,0.12182198411117365,40.52863436123348,0.11020023598615541,0.08617424550360357,0.08617424550360357,0.14893939640288287,0.12182198411117365,0.12182198411117365,0
134,10,2.6646296977996826,2.3534901918498874,0.12416568292186914,0.15212391809257314,31.40096618357488,0.14046307741617794,0.12416568292186914,0.12416568292186914,0.17933254633749532,0.15212391809257314,0.15212391809257314,0
134,13,2.5078070163726807,2.3534901918498874,0.06350925795244673,0.11156868501075035,33.78378378378378,0.10332351871737588,0.06350925795244673,0.06350925795244673,0.1308074063619574,0.11156868501075035,0.11156868501075035,0
134,12,2.4857890605926514,2.3534901918498874,0.05469072395784444,0.10251706250292647,37.39837398373984,0.0934161267900626,0.05469072395784444,0.05469072395784444,0.12375257916627555,0.10251706250292647,0.10251706250292647,0
135,14,2.1996681690216064,2.342900691765088,0.0,0.07999999999999996,42.51012145748988,0.07999999999999996,-0.06308325654763768,0.0,0.08,0.07999999999999996,0.07999999999999996,0
135,11,2.1931228637695312,2.342900691765088,0.0,0.07999999999999996,47.808764940239044,0.07999999999999996,-0.06606327996201607,0.0,0.08,0.07999999999999996,0.07999999999999996,0
135,5,2.421182155609131,2.342900691765088,0.03286614125897813,0.0944078545977149,38.604651162790695,0.08931425813651452,0.03286614125897813,0.03286614125897813,0.10629291300718251,0.0944078545977149,0.0944078545977149,0
135,15,2.2540669441223145,2.342900691765088,0.0,0.08012599290551911,40.17094017094017,0.08017998986502732,-0.03865365806284599,0.0,0.08,0.08012599290551911,0.08012599290551911,0
135,3,2.053657054901123,2.342900691765088,0.0,0.08001228069238862,43.17180616740088,0.08001754384626947,-0.13176763989093845,0.0,0.08,0.08001228069238862,0.08001228069238862,0
135,1,2.2024447917938232,2.342900691765088,0.0,0.08127091010765611,39.473684210526315,0.08181558586808016,-0.06182176091927141,0.0,0.08,0.08127091010765611,0.08127091010765611,0
135,18,2.5825366973876953,2.342900691765088,0.09738235798832165,0.13264715479501873,38.76651982378855,0.12182198411117365,0.09738235798832165,0.09738235798832165,0.15790588639065734,0.13264715479501873,0.13264715479501873,0
135,7,2.500138282775879,2.342900691765088,0.06495626963575941,0.11219296009416047,39.03508771929825,0.10371922197368316,0.06495626963575941,0.06495626963575941,0.13196501570860752,0.11219296009416047,0.11219296009416047,0
135,17,2.2115602493286133,2.342900691765088,0.0,0.07999999999999996,39.39393939393939,0.07999999999999996,-0.05769151169349478,0.0,0.08,0.07999999999999996,0.07999999999999996,0
135,6,2.3664464950561523,2.342900691765088,0.00999968720054645,0.08970907528510899,36.75213675213675,0.09044164336711122,0.00999968720054645,0.00999968720054645,0.08799974976043716,0.08970907528510899,0.08970907528510899,0
135,16,2.0030884742736816,2.342900691765088,0.0,0.0800039328648729,41.6,0.08000561837838985,-0.15669954623782484,0.0,0.08,0.0800039328648729,0.0800039328648729,0
135,8,2.677072286605835,2.342900691765088,0.13333399293143566,0.1418714347914188,28.571428571428573,0.12267325212553465,0.13333399293143566,0.13333399293143566,0.18666719434514856,0.1418714347914188,0.1418714347914188,0
135,12,2.4909119606018066,2.342900691765088,0.061259118857190854,0.11046413227777434,40.24390243902439,0.10251706250292647,0.061259118857190854,0.061259118857190854,0.1290072950857527,0.11046413227777434,0.11046413227777434,0
135,9,2.024289846420288,2.342900691765088,0.0,0.0800146750316103,44.583333333333336,0.08002096433087187,-0.14617082695330413,0.0,0.08,0.0800146750316103,0.0800146750316103,0
135,0,2.4599852561950684,2.342900691765088,0.04876558275592478,0.09604958161002115,35.84070796460177,0.08620834535514173,0.04876558275592478,0.04876558275592478,0.11901246620473983,0.09604958161002115,0.09604958161002115,0
135,13,2.350006103515625,2.342900691765088,0.003028151829882035,0.10282483594669692,36.486486486486484,0.11156868501075035,0.003028151829882035,0.003028151829882035,0.08242252146390563,0.10282483594669692,0.10282483594669692,0
135,2,1.827547550201416,2.342900691765088,0.0,0.07999999999999996,47.0873786407767,0.07999999999999996,-0.24841484078163625,0.0,0.08,0.07999999999999996,0.07999999999999996,0
135,4,2.2893054485321045,2.342900691765088,0.0,0.08000000205065147,43.43434343434343,0.08000000292950211,-0.02314129947277519,0.0,0.08,0.08000000205065147,0.08000000205065147,0
135,19,2.106309413909912,2.342900691765088,0.0,0.07999999999999996,53.333333333333336,0.07999999999999996,-0.1064524499659579,0.0,0.08,0.07999999999999996,0.07999999999999996,0
135,10,2.5031347274780273,2.342900691765088,0.06615406357675852,0.14636371792322325,39.61352657004831,0.15212391809257314,0.06615406357675852,0.06615406357675852,0.13292325086140683,0.14636371792322325,0.14636371792322325,0
136,17,2.1975836753845215,2.3357792422213004,0.0,0.07999999999999996,38.38383838383838,0.07999999999999996,-0.060987130369473744,0.0,0.08,0.07999999999999996,0.07999999999999996,0
136,4,2.0570871829986572,2.3357792422213004,0.0,0.08000000143545602,39.898989898989896,0.08000000205065147,-0.1270545641062533,0.0,0.08,0.08000000143545602,0.08000000143545602,0
136,12,2.1939501762390137,2.3357792422213004,0.0,0.10132489259444202,44.71544715447155,0.11046413227777434,-0.06264190525262527,0.0,0.08,0.10132489259444202,0.10132489259444202,0
136,7,2.339505672454834,2.3357792422213004,0.0015940979318769296,0.10291765556956278,29.82456140350877,0.11219296009416047,0.0015940979318769296,0.0015940979318769296,0.08127527834550155,0.10291765556956278,0.10291765556956278,0
136,10,2.5527708530426025,2.3357792422213004,0.08883381988386581,0.14777471931838407,39.61352657004831,0.14636371792322325,0.08883381988386581,0.08883381988386581,0.15106705590709266,0.14777471931838407,0.14777471931838407,0
136,18,2.590156078338623,2.3357792422213004,0.10337257735553745,0.1416624269218421,37.44493392070485,0.13264715479501873,0.10337257735553745,0.10337257735553745,0.16269806188442998,0.1416624269218421,0.1416624269218421,0
136,9,2.149846076965332,2.3357792422213004,0.0,0.08001027252212721,40.0,0.0800146750316103,-0.0829493101887266,0.0,0.08,0.08001027252212721,0.08001027252212721,0
136,15,2.4138426780700684,2.3357792422213004,0.03287439174454507,0.08797804905255419,42.73504273504273,0.08012599290551911,0.03287439174454507,0.03287439174454507,0.10629951339563606,0.08797804905255419,0.08797804905255419,0
136,14,2.083446502685547,2.3357792422213004,0.0,0.07999999999999996,51.417004048582996,0.07999999999999996,-0.11432206261415426,0.0,0.08,0.07999999999999996,0.07999999999999996,0
136,11,2.06607723236084,2.3357792422213004,0.0,0.07999999999999996,44.223107569721115,0.07999999999999996,-0.12269380491291235,0.0,0.08,0.07999999999999996,0.07999999999999996,0
136,8,2.684549570083618,2.3357792422213004,0.13916739742191522,0.1567101797352528,36.19047619047619,0.1418714347914188,0.13916739742191522,0.13916739742191522,0.19133391793753218,0.1567101797352528,0.1567101797352528,0
136,13,2.432594060897827,2.3357792422213004,0.04061264453954424,0.10572441985217845,40.090090090090094,0.10282483594669692,0.04061264453954424,0.04061264453954424,0.11249011563163538,0.10572441985217845,0.10572441985217845,0
136,1,2.444286584854126,2.3357792422213004,0.04540773679684066,0.09178749390660103,35.96491228070175,0.08127091010765611,0.04540773679684066,0.04540773679684066,0.11632618943747253,0.09178749390660103,0.09178749390660103,0
136,5,2.1252899169921875,2.3357792422213004,0.0,0.09008549821840042,40.0,0.0944078545977149,-0.094437333006387,0.0,0.08,0.09008549821840042,0.09008549821840042,0
136,19,1.9962108135223389,2.3357792422213004,0.0,0.07999999999999996,45.12820512820513,0.07999999999999996,-0.15709476698906966,0.0,0.08,0.07999999999999996,0.07999999999999996,0
136,3,2.1129891872406006,2.3357792422213004,0.0,0.08000859648467204,44.93392070484582,0.08001228069238862,-0.10024193620915366,0.0,0.08,0.08000859648467204,0.08000859648467204,0
136,6,2.420032024383545,2.3357792422213004,0.03543521512174578,0.09530080432879527,35.47008547008547,0.08970907528510899,0.03543521512174578,0.03543521512174578,0.10834817209739663,0.09530080432879527,0.09530080432879527,0
136,2,1.9591259956359863,2.3357792422213004,0.0,0.07999999999999996,46.601941747572816,0.07999999999999996,-0.17584710400710468,0.0,0.08,0.07999999999999996,0.07999999999999996,0
136,0,2.3083841800689697,2.3357792422213004,0.0,0.09123470712701481,37.610619469026545,0.09604958161002115,-0.011797767346380977,0.0,0.08,0.09123470712701481,0.09123470712701481,0
136,16,2.081172466278076,2.3357792422213004,0.0,0.08000275300541101,43.6,0.0800039328648729,-0.11541413689009798,0.0,0.08,0.08000275300541101,0.08000275300541101,0
137,19,1.868375539779663,2.3217780105803474,0.0,0.07999999999999996,40.0,0.07999999999999996,-0.21726391695461933,0.0,0.08,0.07999999999999996,0.07999999999999996,0
137,17,2.0779480934143066,2.3217780105803474,0.0,0.07999999999999996,44.44444444444444,0.07999999999999996,-0.11095236226409681,0.0,0.08,0.07999999999999996,0.07999999999999996,0
137,14,1.9007588624954224,2.3217780105803474,0.0,0.07999999999999996,43.7246963562753,0.07999999999999996,-0.20008006732658246,0.0,0.08,0.07999999999999996,0.07999999999999996,0
137,16,2.163093328475952,2.3217780105803474,0.0,0.0800019271037877,40.0,0.08000275300541101,-0.07079398197045125,0.0,0.08,0.0800019271037877,0.0800019271037877,0
137,2,2.077970266342163,2.3217780105803474,0.0,0.07999999999999996,45.63106796116505,0.07999999999999996,-0.11094169173314292,0.0,0.08,0.07999999999999996,0.07999999999999996,0
137,6,2.089970588684082,2.3217780105803474,0.0,0.09071056303015668,40.17094017094017,0.09530080432879527,-0.10518328207144266,0.0,0.08,0.09071056303015668,0.09071056303015668,0
137,8,2.452188014984131,2.3217780105803474,0.054647417093778565,0.1468125059171838,40.476190476190474,0.1567101797352528,0.054647417093778565,0.054647417093778565,0.12371793367502286,0.1468125059171838,0.1468125059171838,0
137,4,2.10414457321167,2.3217780105803474,0.0,0.08000000100481922,47.474747474747474,0.08000000143545602,-0.09842426956297143,0.0,0.08,0.08000000100481922,0.08000000100481922,0
137,18,2.3676259517669678,2.3217780105803474,0.01955446887666552,0.12785677137568918,35.242290748898675,0.1416624269218421,0.01955446887666552,0.01955446887666552,0.09564357510133242,0.12785677137568918,0.12785677137568918,0
137,12,2.4233529567718506,2.3217780105803474,0.042818824342133174,0.10520394265822136,38.21138211382114,0.10132489259444202,0.042818824342133174,0.042818824342133174,0.11425505947370654,0.10520394265822136,0.10520394265822136,0
137,15,2.2112948894500732,2.3217780105803474,0.0,0.08558463433678792,42.30769230769231,0.08797804905255419,-0.048755009039714144,0.0,0.08,0.08558463433678792,0.08558463433678792,0
137,11,2.048281669616699,2.3217780105803474,0.0,0.07999999999999996,43.82470119521912,0.07999999999999996,-0.12533204373894186,0.0,0.08,0.07999999999999996,0.07999999999999996,0
137,0,2.2330894470214844,2.3217780105803474,0.0,0.08786429498891038,37.610619469026545,0.09123470712701481,-0.038947246916292914,0.0,0.08,0.08786429498891038,0.08786429498891038,0
137,13,2.3779244422912598,2.3217780105803474,0.02389474799822395,0.10374183341609866,32.88288288288288,0.10572441985217845,0.02389474799822395,0.02389474799822395,0.09911579839857916,0.10374183341609866,0.10374183341609866,0
137,3,2.1688523292541504,2.3217780105803474,0.0,0.08000601753927042,45.81497797356828,0.08000859648467204,-0.06813512860551835,0.0,0.08,0.08000601753927042,0.08000601753927042,0
137,9,2.113121747970581,2.3217780105803474,0.0,0.08000719076548904,43.333333333333336,0.08001027252212721,-0.09416692008967108,0.0,0.08,0.08000719076548904,0.08000719076548904,0
137,5,2.25217604637146,2.3217780105803474,0.0,0.08705984875288028,39.06976744186046,0.09008549821840042,-0.030436395327380423,0.0,0.08,0.08705984875288028,0.08705984875288028,0
137,10,2.6032698154449463,2.3217780105803474,0.11443499971649744,0.15490670345482824,36.71497584541063,0.14777471931838407,0.11443499971649744,0.11443499971649744,0.17154799977319796,0.15490670345482824,0.15490670345482824,0
137,7,2.39016056060791,2.3217780105803474,0.02902726770748493,0.10300890314849032,35.08771929824562,0.10291765556956278,0.02902726770748493,0.02902726770748493,0.10322181416598794,0.10300890314849032,0.10300890314849032,0
137,1,2.318910598754883,2.3217780105803474,0.0,0.0882512457346207,44.29824561403509,0.09178749390660103,-0.001235770127841619,0.0,0.08,0.0882512457346207,0.0882512457346207,0
138,0,2.5112814903259277,2.3086075704575237,0.08414861698545775,0.10570067456874711,36.283185840707965,0.08786429498891038,0.08414861698545775,0.08414861698545775,0.1473188935883662,0.10570067456874711,0.10570067456874711,0
138,10,2.5755181312561035,2.3086075704575237,0.10940617001230056,0.1586921732213319,33.333333333333336,0.15490670345482824,0.10940617001230056,0.10940617001230056,0.16752493600984047,0.1586921732213319,0.1586921732213319,0
138,3,2.277590036392212,2.3086075704575237,0.0,0.08000421227748929,40.08810572687225,0.08000601753927042,-0.013526677012210702,0.0,0.08,0.08000421227748929,0.08000421227748929,0
138,17,2.090177059173584,2.3086075704575237,0.0,0.07999999999999996,42.42424242424242,0.07999999999999996,-0.09939577928604215,0.0,0.08,0.07999999999999996,0.07999999999999996,0
138,5,2.2392473220825195,2.3086075704575237,0.0,0.0849418941270162,45.116279069767444,0.08705984875288028,-0.030504766827721012,0.0,0.08,0.0849418941270162,0.0849418941270162,0
138,7,2.400163412094116,2.3086075704575237,0.038892263808251434,0.10544037551792357,39.03508771929825,0.10300890314849032,0.038892263808251434,0.038892263808251434,0.11111381104660115,0.10544037551792357,0.10544037551792357,0
138,9,2.095913887023926,2.3086075704575237,0.0,0.08000503353584232,44.166666666666664,0.08000719076548904,-0.09665487781582631,0.0,0.08,0.08000503353584232,0.08000503353584232,0
138,8,2.4261491298675537,2.3086075704575237,0.04966072049117502,0.13868732705991066,34.76190476190476,0.1468125059171838,0.04966072049117502,0.04966072049117502,0.11972857639294002,0.13868732705991066,0.13868732705991066,0
138,19,1.898727297782898,2.3086075704575237,0.0,0.07999999999999996,52.82051282051282,0.07999999999999996,-0.1954607400449894,0.0,0.08,0.07999999999999996,0.07999999999999996,0
138,14,2.039492607116699,2.3086075704575237,0.0,0.07999999999999996,51.821862348178136,0.07999999999999996,-0.12394350394543151,0.0,0.08,0.07999999999999996,0.07999999999999996,0
138,11,2.1714766025543213,2.3086075704575237,0.0,0.07999999999999996,48.20717131474104,0.07999999999999996,-0.061237161011843115,0.0,0.08,0.07999999999999996,0.07999999999999996,0
138,16,2.2854490280151367,2.3086075704575237,0.0,0.08000134897265139,37.6,0.0800019271037877,-0.010082043184424478,0.0,0.08,0.08000134897265139,0.08000134897265139,0
138,13,2.4137048721313477,2.3086075704575237,0.044518298796989465,0.10730367510254651,38.288288288288285,0.10374183341609866,0.044518298796989465,0.044518298796989465,0.11561463903759157,0.10730367510254651,0.10730367510254651,0
138,2,1.9211798906326294,2.3086075704575237,0.0,0.07999999999999996,49.029126213592235,0.07999999999999996,-0.1837050348946949,0.0,0.08,0.07999999999999996,0.07999999999999996,0
138,4,1.93367338180542,2.3086075704575237,0.0,0.08000000070337344,43.93939393939394,0.08000000100481922,-0.17722305803649901,0.0,0.08,0.08000000070337344,0.08000000070337344,0
138,12,2.5083370208740234,2.3086075704575237,0.08297543230167197,0.1175568636131562,36.58536585365854,0.10520394265822136,0.08297543230167197,0.08297543230167197,0.14638034584133758,0.1175568636131562,0.1175568636131562,0
138,15,2.1229610443115234,2.3086075704575237,0.0,0.08390924403575153,38.888888888888886,0.08558463433678792,-0.08383272586218193,0.0,0.08,0.08390924403575153,0.08390924403575153,0
138,1,2.180553913116455,2.3086075704575237,0.0,0.08577587201423449,34.64912280701754,0.0882512457346207,-0.05706562606919138,0.0,0.08,0.08577587201423449,0.08577587201423449,0
138,6,2.2961363792419434,2.3086075704575237,0.0,0.08749739412110968,37.17948717948718,0.09071056303015668,-0.005416684093698675,0.0,0.08,0.08749739412110968,0.08749739412110968,0
138,18,2.4307916164398193,2.3086075704575237,0.05157241273100098,0.12587711901842266,38.32599118942731,0.12785677137568918,0.05157241273100098,0.05157241273100098,0.12125793018480079,0.12587711901842266,0.12587711901842266,0
139,0,2.244368314743042,2.303588681335508,0.0,0.09799047219812299,40.26548672566372,0.10570067456874711,-0.02604409573415637,0.0,0.08,0.09799047219812299,0.09799047219812299,0
139,15,2.368878126144409,2.303588681335508,0.02794827528854319,0.08944405689427642,41.88034188034188,0.08390924403575153,0.02794827528854319,0.02794827528854319,0.10235862023083456,0.08944405689427642,0.08944405689427642,0
139,17,2.0457842350006104,2.303588681335508,0.0,0.07999999999999996,41.41414141414141,0.07999999999999996,-0.11868699764392493,0.0,0.08,0.07999999999999996,0.07999999999999996,0
139,19,1.9716413021087646,2.303588681335508,0.0,0.07999999999999996,48.205128205128204,0.07999999999999996,-0.15560185828653272,0.0,0.08,0.07999999999999996,0.07999999999999996,0
139,8,2.3792762756347656,2.303588681335508,0.03232815226358173,0.1288398854851971,31.904761904761905,0.13868732705991066,0.03232815226358173,0.03232815226358173,0.10586252181086539,0.1288398854851971,0.1288398854851971,0
139,2,1.8767368793487549,2.303588681335508,0.0,0.07999999999999996,42.71844660194175,0.07999999999999996,-0.204933635892184,0.0,0.08,0.07999999999999996,0.07999999999999996,0
139,9,2.040053129196167,2.303588681335508,0.0,0.08000352347508963,37.083333333333336,0.08000503353584232,-0.12149235136909492,0.0,0.08,0.08000352347508963,0.08000352347508963,0
139,1,2.3473174571990967,2.303588681335508,0.01880496531385854,0.0885563020852902,39.473684210526315,0.08577587201423449,0.01880496531385854,0.01880496531385854,0.09504397225108684,0.0885563020852902,0.0885563020852902,0
139,5,2.276355028152466,2.303588681335508,0.0,0.08345932588891133,41.395348837209305,0.0849418941270162,-0.011892711254582654,0.0,0.08,0.08345932588891133,0.08345932588891133,0
139,10,2.5117316246032715,2.303588681335508,0.08650420202875983,0.1558455297418347,32.85024154589372,0.1586921732213319,0.08650420202875983,0.08650420202875983,0.14920336162300787,0.1558455297418347,0.1558455297418347,0
139,6,2.278498411178589,2.303588681335508,0.0,0.08524817588477678,38.888888888888886,0.08749739412110968,-0.010951568711372775,0.0,0.08,0.08524817588477678,0.08524817588477678,0
139,13,2.410407066345215,2.303588681335508,0.04532743707367803,0.10999115746946528,40.54054054054054,0.10730367510254651,0.04532743707367803,0.04532743707367803,0.11626194965894243,0.10999115746946528,0.10999115746946528,0
139,7,2.2566208839416504,2.303588681335508,0.0,0.09780826286254649,39.03508771929825,0.10544037551792357,-0.020599692795739515,0.0,0.08,0.09780826286254649,0.09780826286254649,0
139,3,1.9727280139923096,2.303588681335508,0.0,0.0800029485942425,40.52863436123348,0.08000421227748929,-0.15505083893796684,0.0,0.08,0.0800029485942425,0.0800029485942425,0
139,16,2.0543642044067383,2.303588681335508,0.0,0.08000094428085597,37.6,0.08000134897265139,-0.11450179214957529,0.0,0.08,0.08000094428085597,0.08000094428085597,0
139,14,2.1236369609832764,2.303588681335508,0.0,0.07999999999999996,46.963562753036435,0.07999999999999996,-0.08133803635608014,0.0,0.08,0.07999999999999996,0.07999999999999996,0
139,18,2.4577724933624268,2.303588681335508,0.064787245794217,0.12766292230350795,35.68281938325991,0.12587711901842266,0.064787245794217,0.064787245794217,0.13182979663537361,0.12766292230350795,0.12766292230350795,0
139,4,2.3588221073150635,2.303588681335508,0.023694184100109112,0.0856866046763876,46.96969696969697,0.08000000070337344,0.023694184100109112,0.023694184100109112,0.09895534728008729,0.0856866046763876,0.0856866046763876,0
139,12,2.397214412689209,2.303588681335508,0.03983919854531746,0.11585121218008552,42.27642276422764,0.1175568636131562,0.03983919854531746,0.03983919854531746,0.11187135883625396,0.11585121218008552,0.11585121218008552,0
139,11,2.0665760040283203,2.303588681335508,0.0,0.07999999999999996,44.62151394422311,0.07999999999999996,-0.10857506927050249,0.0,0.08,0.07999999999999996,0.07999999999999996,0
140,2,1.8861665725708008,2.299878608806663,0.0,0.07999999999999996,50.0,0.07999999999999996,-0.1983098409404469,0.0,0.08,0.07999999999999996,0.07999999999999996,0
140,11,1.975960373878479,2.299878608806663,0.0,0.07999999999999996,49.800796812749006,0.07999999999999996,-0.15180179663039411,0.0,0.08,0.07999999999999996,0.07999999999999996,0
140,10,2.4916348457336426,2.299878608806663,0.08008271648690164,0.15231172277614066,33.333333333333336,0.1558455297418347,0.08008271648690164,0.08008271648690164,0.1440661731895213,0.15231172277614066,0.15231172277614066,0
140,17,2.159062147140503,2.299878608806663,0.0,0.07999999999999996,42.92929292929293,0.07999999999999996,-0.06318240620980692,0.0,0.08,0.07999999999999996,0.07999999999999996,0
140,13,2.4695026874542236,2.299878608806663,0.07116044619519207,0.11807231731547177,35.585585585585584,0.10999115746946528,0.07116044619519207,0.07116044619519207,0.13692835695615366,0.11807231731547177,0.11807231731547177,0
140,8,2.423394203186035,2.299878608806663,0.0523127778112827,0.12674298651434582,35.23809523809524,0.1288398854851971,0.0523127778112827,0.0523127778112827,0.12185022224902617,0.12674298651434582,0.12674298651434582,0
140,6,2.4440324306488037,2.299878608806663,0.060792967698546856,0.09826403536699499,36.75213675213675,0.08524817588477678,0.060792967698546856,0.060792967698546856,0.1286343741588375,0.09826403536699499,0.09826403536699499,0
140,5,2.235180616378784,2.299878608806663,0.0,0.08242152812223794,42.7906976744186,0.08345932588891133,-0.028534305138883026,0.0,0.08,0.08242152812223794,0.08242152812223794,0
140,12,2.2576000690460205,2.299878608806663,0.0,0.10509584852605985,43.90243902439025,0.11585121218008552,-0.018554009980889605,0.0,0.08,0.10509584852605985,0.10509584852605985,0
140,1,2.343478202819824,2.299878608806663,0.018779894371602435,0.09049658610888772,42.98245614035088,0.0885563020852902,0.018779894371602435,0.018779894371602435,0.09502391549728195,0.09049658610888772,0.09049658610888772,0
140,18,2.546374559402466,2.299878608806663,0.10181426294280281,0.13779946871872822,31.718061674008812,0.12766292230350795,0.10181426294280281,0.10181426294280281,0.16145141035424226,0.13779946871872822,0.13779946871872822,0
140,16,2.167799472808838,2.299878608806663,0.0,0.08000066099659917,43.2,0.08000094428085597,-0.059143757289933235,0.0,0.08,0.08000066099659917,0.08000066099659917,0
140,3,2.141622304916382,2.299878608806663,0.0,0.08000206401596975,40.52863436123348,0.0800029485942425,-0.07129271420031914,0.0,0.08,0.08000206401596975,0.08000206401596975,0
140,19,1.7829970121383667,2.299878608806663,0.0,0.07999999999999996,52.30769230769231,0.07999999999999996,-0.2545606783721195,0.0,0.08,0.07999999999999996,0.07999999999999996,0
140,7,2.3517448902130127,2.299878608806663,0.022301216249697182,0.09781807590370986,35.08771929824562,0.09780826286254649,0.022301216249697182,0.022301216249697182,0.09784097299975775,0.09781807590370986,0.09781807590370986,0
140,9,2.097308874130249,2.299878608806663,0.0,0.08000246643256273,44.583333333333336,0.08000352347508963,-0.09220130793117907,0.0,0.08,0.08000246643256273,0.08000246643256273,0
140,14,2.0992655754089355,2.299878608806663,0.0,0.07999999999999996,44.12955465587044,0.07999999999999996,-0.09126878478179395,0.0,0.08,0.07999999999999996,0.07999999999999996,0
140,15,2.2558071613311768,2.299878608806663,0.0,0.08661083982599349,45.2991452991453,0.08944405689427642,-0.01934849082859096,0.0,0.08,0.08661083982599349,0.08661083982599349,0
140,0,2.4031872749328613,2.299878608806663,0.04393954457296188,0.10313882123619694,42.47787610619469,0.09799047219812299,0.04393954457296188,0.04393954457296188,0.1151516356583695,0.10313882123619694,0.10313882123619694,0
140,4,2.0285837650299072,2.299878608806663,0.0,0.0839806232734713,44.44444444444444,0.0856866046763876,-0.1255184452948699,0.0,0.08,0.0839806232734713,0.0839806232734713,0
141,0,2.325824499130249,2.294440136811495,0.013585734748020542,0.09945775120486279,40.70796460176991,0.10313882123619694,0.013585734748020542,0.013585734748020542,0.09086858779841643,0.09945775120486279,0.09945775120486279,0
141,15,2.2856762409210205,2.294440136811495,0.0,0.08462758787819544,45.2991452991453,0.08661083982599349,-0.0038269361847383726,0.0,0.08,0.08462758787819544,0.08462758787819544,0
141,19,1.8634904623031616,2.294440136811495,0.0,0.07999999999999996,46.15384615384615,0.07999999999999996,-0.208037541881398,0.0,0.08,0.07999999999999996,0.07999999999999996,0
141,16,2.0980005264282227,2.294440136811495,0.0,0.08000046269761941,46.8,0.08000066099659917,-0.08950410334910922,0.0,0.08,0.08000046269761941,0.08000046269761941,0
141,4,1.9076149463653564,2.294440136811495,0.0,0.08278643629142991,47.474747474747474,0.0839806232734713,-0.18463512118790457,0.0,0.08,0.08278643629142991,0.08278643629142991,0
141,11,1.9549387693405151,2.294440136811495,0.0,0.07999999999999996,44.223107569721115,0.07999999999999996,-0.1601299909770334,0.0,0.08,0.07999999999999996,0.07999999999999996,0
141,9,2.1842613220214844,2.294440136811495,0.0,0.08000172650279391,47.083333333333336,0.08000246643256273,-0.04921116076543939,0.0,0.08,0.08000172650279391,0.08000172650279391,0
141,12,2.327188730239868,2.294440136811495,0.014172120849067897,0.10096840297201819,37.39837398373984,0.10509584852605985,0.014172120849067897,0.014172120849067897,0.09133769667925432,0.10096840297201819,0.10096840297201819,0
141,17,2.2555413246154785,2.294440136811495,0.0,0.07999999999999996,40.4040404040404,0.07999999999999996,-0.01709886516733655,0.0,0.08,0.07999999999999996,0.07999999999999996,0
141,13,2.186985492706299,2.294440136811495,0.0,0.10665062212083024,44.14414414414414,0.11807231731547177,-0.047964756185471864,0.0,0.08,0.10665062212083024,0.10665062212083024,0
141,5,2.2809832096099854,2.294440136811495,0.0,0.08169506968556656,43.72093023255814,0.08242152812223794,-0.005882282327117379,0.0,0.08,0.08169506968556656,0.08169506968556656,0
141,3,2.2486915588378906,2.294440136811495,0.0,0.08000144481117882,47.57709251101321,0.08000206401596975,-0.020140346904531835,0.0,0.08,0.08000144481117882,0.08000144481117882,0
141,6,2.173861265182495,2.294440136811495,0.0,0.09278482475689648,42.73504273504273,0.09826403536699499,-0.05398389320930249,0.0,0.08,0.09278482475689648,0.09278482475689648,0
141,8,2.451615571975708,2.294440136811495,0.06625835943987127,0.12862209682561118,37.142857142857146,0.12674298651434582,0.06625835943987127,0.06625835943987127,0.133006687551897,0.12862209682561118,0.12862209682561118,0
141,14,2.114037036895752,2.294440136811495,0.0,0.07999999999999996,46.963562753036435,0.07999999999999996,-0.08188945716560452,0.0,0.08,0.07999999999999996,0.07999999999999996,0
141,7,2.490508556365967,2.294440136811495,0.08199806413351386,0.11215218852464023,41.666666666666664,0.09781807590370986,0.08199806413351386,0.08199806413351386,0.1455984513068111,0.11215218852464023,0.11215218852464023,0
141,1,2.1596741676330566,2.294440136811495,0.0,0.0873476102762214,42.98245614035088,0.09049658610888772,-0.0605315023790822,0.0,0.08,0.0873476102762214,0.0873476102762214,0
141,2,1.9427167177200317,2.294440136811495,0.0,0.07999999999999996,46.116504854368934,0.07999999999999996,-0.16640150043083496,0.0,0.08,0.07999999999999996,0.07999999999999996,0
141,10,2.585353374481201,2.294440136811495,0.11937333540373968,0.159267806440196,38.64734299516908,0.15231172277614066,0.11937333540373968,0.11937333540373968,0.17549866832299177,0.159267806440196,0.159267806440196,0
141,18,2.516726493835449,2.294440136811495,0.09247018165992449,0.14265247170149162,40.08810572687225,0.13779946871872822,0.09247018165992449,0.09247018165992449,0.1539761453279396,0.14265247170149162,0.14265247170149162,0
142,1,2.1442692279815674,2.286779975707555,0.0,0.08514332719335498,46.92982456140351,0.0873476102762214,-0.06434589553253249,0.0,0.08,0.08514332719335498,0.08514332719335498,0
142,14,2.0724451541900635,2.286779975707555,0.0,0.07999999999999996,49.392712550607285,0.07999999999999996,-0.09841555937080305,0.0,0.08,0.07999999999999996,0.07999999999999996,0
142,18,2.4907100200653076,2.286779975707555,0.0854231141913199,0.1443582775969609,37.00440528634361,0.14265247170149162,0.0854231141913199,0.0854231141913199,0.14833849135305593,0.1443582775969609,0.1443582775969609,0
142,15,2.168761968612671,2.286779975707555,0.0,0.0832393115147368,44.01709401709402,0.08462758787819544,-0.052988220296283375,0.0,0.08,0.0832393115147368,0.0832393115147368,0
142,0,2.3889570236206055,2.286779975707555,0.04371217481851646,0.1041113477998479,33.6283185840708,0.09945775120486279,0.04371217481851646,0.04371217481851646,0.11496973985481318,0.1041113477998479,0.1041113477998479,0
142,12,2.3357973098754883,2.286779975707555,0.02120858917617709,0.09976794348269523,36.58536585365854,0.10096840297201819,0.02120858917617709,0.02120858917617709,0.09696687134094167,0.09976794348269523,0.09976794348269523,0
142,9,1.969819188117981,2.286779975707555,0.0,0.08000120855195574,38.75,0.08000172650279391,-0.1492029473406909,0.0,0.08,0.08000120855195574,0.08000120855195574,0
142,5,2.0646817684173584,2.286779975707555,0.0,0.08118654877989659,40.0,0.08169506968556656,-0.10216859619701599,0.0,0.08,0.08118654877989659,0.08118654877989659,0
142,17,2.085688829421997,2.286779975707555,0.0,0.07999999999999996,43.43434343434343,0.07999999999999996,-0.09204552896625132,0.0,0.08,0.07999999999999996,0.07999999999999996,0
142,10,2.499444007873535,2.286779975707555,0.08892360601693212,0.1568291299522009,37.19806763285024,0.159267806440196,0.08892360601693212,0.08892360601693212,0.1511388848135457,0.1568291299522009,0.1568291299522009,0
142,3,2.0097873210906982,2.286779975707555,0.0,0.08000101136782517,44.49339207048458,0.08000144481117882,-0.12911579722799807,0.0,0.08,0.08000101136782517,0.08000101136782517,0
142,7,2.405848503112793,2.286779975707555,0.05075794516560009,0.11468843880699219,43.421052631578945,0.11215218852464023,0.05075794516560009,0.05075794516560009,0.12060635613248008,0.11468843880699219,0.11468843880699219,0
142,2,1.9104478359222412,2.286779975707555,0.0,0.07999999999999996,52.9126213592233,0.07999999999999996,-0.17980701939510688,0.0,0.08,0.07999999999999996,0.07999999999999996,0
142,11,1.9639909267425537,2.286779975707555,0.0,0.07999999999999996,42.62948207171315,0.07999999999999996,-0.15216611304525446,0.0,0.08,0.07999999999999996,0.07999999999999996,0
142,6,2.3453142642974854,2.286779975707555,0.025274703535019052,0.0950153061782321,39.31623931623932,0.09278482475689648,0.025274703535019052,0.025274703535019052,0.10021976282801524,0.0950153061782321,0.0950153061782321,0
142,13,2.430204153060913,2.286779975707555,0.060830563270026373,0.1132547706693875,37.83783783783784,0.10665062212083024,0.060830563270026373,0.060830563270026373,0.1286644506160211,0.1132547706693875,0.1132547706693875,0
142,4,2.1077322959899902,2.286779975707555,0.0,0.08195050540400094,46.96969696969697,0.08278643629142991,-0.08153207522673793,0.0,0.08,0.08195050540400094,0.08195050540400094,0
142,8,2.5307085514068604,2.286779975707555,0.10135461905238244,0.13836057635049961,32.857142857142854,0.12862209682561118,0.10135461905238244,0.10135461905238244,0.16108369524190597,0.13836057635049961,0.13836057635049961,0
142,16,1.9590591192245483,2.286779975707555,0.0,0.08000032388833359,41.6,0.08000046269761941,-0.15468038639539755,0.0,0.08,0.08000032388833359,0.08000032388833359,0
142,19,1.8583498001098633,2.286779975707555,0.0,0.07999999999999996,43.58974358974359,0.07999999999999996,-0.20745581320808154,0.0,0.08,0.07999999999999996,0.07999999999999996,0
143,9,1.972692847251892,2.270702054335377,0.0,0.080000845986369,42.083333333333336,0.08000120855195574,-0.14068952115599573,0.0,0.08,0.080000845986369,0.080000845986369,0
143,6,2.19004225730896,2.270702054335377,0.0,0.09051071432476246,41.02564102564103,0.0950153061782321,-0.03616821933593901,0.0,0.08,0.09051071432476246,0.09051071432476246,0
143,18,2.34861421585083,2.270702054335377,0.03373639997338527,0.1331475303114851,45.37444933920705,0.1443582775969609,0.03373639997338527,0.03373639997338527,0.10698911997870822,0.1331475303114851,0.1331475303114851,0
143,16,2.0672550201416016,2.270702054335377,0.0,0.0800002267218335,43.6,0.08000032388833359,-0.09386740824932262,0.0,0.08,0.0800002267218335,0.0800002267218335,0
143,10,2.487426519393921,2.270702054335377,0.09115959057319427,0.15565869270410726,28.019323671497585,0.1568291299522009,0.09115959057319427,0.09115959057319427,0.15292767245855543,0.15565869270410726,0.15565869270410726,0
143,7,2.34806227684021,2.270702054335377,0.03350136610989928,0.11232223503127035,35.96491228070175,0.11468843880699219,0.03350136610989928,0.03350136610989928,0.10680109288791943,0.11232223503127035,0.11232223503127035,0
143,17,2.0410680770874023,2.270702054335377,0.0,0.07999999999999996,39.898989898989896,0.07999999999999996,-0.1066158201774377,0.0,0.08,0.07999999999999996,0.07999999999999996,0
143,5,2.1830780506134033,2.270702054335377,0.0,0.08083058414592761,36.27906976744186,0.08118654877989659,-0.03935322777868731,0.0,0.08,0.08083058414592761,0.08083058414592761,0
143,8,2.541771650314331,2.270702054335377,0.11277227882912283,0.14791775036433918,35.23809523809524,0.13836057635049961,0.11277227882912283,0.11277227882912283,0.17021782306329827,0.14791775036433918,0.14791775036433918,0
143,3,2.08998966217041,2.270702054335377,0.0,0.08000070795747762,42.731277533039645,0.08000101136782517,-0.0829299386999289,0.0,0.08,0.08000070795747762,0.08000070795747762,0
143,1,2.2495245933532715,2.270702054335377,0.0,0.08360032903534848,42.98245614035088,0.08514332719335498,-0.009370156625725051,0.0,0.08,0.08360032903534848,0.08360032903534848,0
143,14,1.958181619644165,2.270702054335377,0.0,0.07999999999999996,45.74898785425101,0.07999999999999996,-0.14807276047130905,0.0,0.08,0.07999999999999996,0.07999999999999996,0
143,4,2.085932731628418,2.270702054335377,0.0,0.08136535378280066,43.43434343434343,0.08195050540400094,-0.08487294980805106,0.0,0.08,0.08136535378280066,0.08136535378280066,0
143,12,2.1963725090026855,2.270702054335377,0.0,0.09383756043788666,37.39837398373984,0.09976794348269523,-0.033281918611203595,0.0,0.08,0.09383756043788666,0.09383756043788666,0
143,19,1.9337776899337769,2.270702054335377,0.0,0.07999999999999996,48.717948717948715,0.07999999999999996,-0.16061361585185174,0.0,0.08,0.07999999999999996,0.07999999999999996,0
143,13,2.1616735458374023,2.270702054335377,0.0,0.10327833946857123,40.090090090090094,0.1132547706693875,-0.04920634705214862,0.0,0.08,0.10327833946857123,0.10327833946857123,0
143,15,2.2424333095550537,2.270702054335377,0.0,0.08226751806031576,44.87179487179487,0.0832393115147368,-0.012527483479997893,0.0,0.08,0.08226751806031576,0.08226751806031576,0
143,11,2.1913974285125732,2.270702054335377,0.0,0.07999999999999996,45.0199203187251,0.07999999999999996,-0.035549623012439746,0.0,0.08,0.07999999999999996,0.07999999999999996,0
143,0,2.337383985519409,2.270702054335377,0.02894329024475538,0.10382433311863482,43.36283185840708,0.1041113477998479,0.02894329024475538,0.02894329024475538,0.10315463219580431,0.10382433311863482,0.10382433311863482,0
143,2,1.8663214445114136,2.270702054335377,0.0,0.07999999999999996,44.1747572815534,0.07999999999999996,-0.19611970623195932,0.0,0.08,0.07999999999999996,0.07999999999999996,0
144,4,2.0913925170898438,2.2622878642979574,0.0,0.08095574764796046,52.525252525252526,0.08136535378280066,-0.07854650996571488,0.0,0.08,0.08095574764796046,0.08095574764796046,0
144,7,2.204096555709839,2.2622878642979574,0.0,0.10262556452188926,37.719298245614034,0.11232223503127035,-0.026058930806279856,0.0,0.08,0.10262556452188926,0.10262556452188926,0
144,15,2.269869565963745,2.2622878642979574,0.00334573934001119,0.08239024008382372,45.2991452991453,0.08226751806031576,0.00334573934001119,0.00334573934001119,0.08267659147200895,0.08239024008382372,0.08239024008382372,0
144,17,2.1218695640563965,2.2622878642979574,0.0,0.07999999999999996,36.86868686868687,0.07999999999999996,-0.06407906036416831,0.0,0.08,0.07999999999999996,0.07999999999999996,0
144,11,2.061924934387207,2.2622878642979574,0.0,0.07999999999999996,43.02788844621514,0.07999999999999996,-0.09273664947204098,0.0,0.08,0.07999999999999996,0.07999999999999996,0
144,0,2.3820462226867676,2.2622878642979574,0.05158324495306288,0.10905701197177944,42.0353982300885,0.10382433311863482,0.05158324495306288,0.05158324495306288,0.1212665959624503,0.10905701197177944,0.10905701197177944,0
144,1,2.1405770778656006,2.2622878642979574,0.0,0.08252023032474393,45.175438596491226,0.08360032903534848,-0.05530117507308402,0.0,0.08,0.08252023032474393,0.08252023032474393,0
144,5,2.202104330062866,2.2622878642979574,0.0,0.08058140890214932,37.674418604651166,0.08083058414592761,-0.026963213577462973,0.0,0.08,0.08058140890214932,0.08058140890214932,0
144,6,2.2493042945861816,2.2622878642979574,0.0,0.08735750002733372,41.02564102564103,0.09051071432476246,-0.005755664537002882,0.0,0.08,0.08735750002733372,0.08735750002733372,0
144,2,1.836022973060608,2.2622878642979574,0.0,0.07999999999999996,57.28155339805825,0.07999999999999996,-0.20877482485327298,0.0,0.08,0.07999999999999996,0.07999999999999996,0
144,18,2.6756670475006104,2.2622878642979574,0.1678220815709739,0.1574805707950733,33.480176211453745,0.1331475303114851,0.1678220815709739,0.1678220815709739,0.21425766525677914,0.1574805707950733,0.1574805707950733,0
144,19,1.8531153202056885,2.2622878642979574,0.0,0.07999999999999996,51.282051282051285,0.07999999999999996,-0.19950844989123376,0.0,0.08,0.07999999999999996,0.07999999999999996,0
144,12,2.2455432415008545,2.2622878642979574,0.0,0.08968629230652064,37.80487804878049,0.09383756043788666,-0.0074291602078392065,0.0,0.08,0.08968629230652064,0.08968629230652064,0
144,3,2.1367180347442627,2.2622878642979574,0.0,0.08000049557023434,44.052863436123346,0.08000070795747762,-0.05710560710256719,0.0,0.08,0.08000049557023434,0.08000049557023434,0
144,8,2.424560308456421,2.2622878642979574,0.06927356099362027,0.1441680798935063,34.76190476190476,0.14791775036433918,0.06927356099362027,0.06927356099362027,0.1354188487948962,0.1441680798935063,0.1441680798935063,0
144,16,2.194150447845459,2.2622878642979574,0.0,0.08000015870528346,45.2,0.0800002267218335,-0.0305816985205218,0.0,0.08,0.08000015870528346,0.08000015870528346,0
144,13,2.2773540019989014,2.2622878642979574,0.006637613007135414,0.09788786474971237,40.090090090090094,0.10327833946857123,0.006637613007135414,0.006637613007135414,0.08531009040570833,0.09788786474971237,0.09788786474971237,0
144,9,2.173802375793457,2.2622878642979574,0.0,0.0800005921904583,44.583333333333336,0.080000845986369,-0.0398987493116806,0.0,0.08,0.0800005921904583,0.0800005921904583,0
144,14,1.7858158349990845,2.2622878642979574,0.0,0.07999999999999996,51.012145748987855,0.07999999999999996,-0.23650126814487876,0.0,0.08,0.07999999999999996,0.07999999999999996,0
144,10,2.5905871391296387,2.2622878642979574,0.1355079135447859,0.1654829841436237,36.71497584541063,0.15565869270410726,0.1355079135447859,0.1355079135447859,0.18840633083582872,0.1654829841436237,0.1654829841436237,0
145,5,2.2749903202056885,2.2558718167635776,0.008439284290874628,0.08243241446131444,40.93023255813954,0.08058140890214932,0.008439284290874628,0.008439284290874628,0.0867514274326997,0.08243241446131444,0.08243241446131444,0
145,7,2.185450315475464,2.2558718167635776,0.0,0.09583789516532248,42.10526315789474,0.10262556452188926,-0.03171461171604345,0.0,0.08,0.09583789516532248,0.09583789516532248,0
145,19,1.9889596700668335,2.2558718167635776,0.0,0.07999999999999996,55.38461538461539,0.07999999999999996,-0.1259247894372126,0.0,0.08,0.07999999999999996,0.07999999999999996,0
145,17,2.1181745529174805,2.2558718167635776,0.0,0.07999999999999996,36.86868686868687,0.07999999999999996,-0.06298185510864036,0.0,0.08,0.07999999999999996,0.07999999999999996,0
145,10,2.419806957244873,2.2558718167635776,0.07015125374189028,0.15667438979859025,35.7487922705314,0.1654829841436237,0.07015125374189028,0.07015125374189028,0.13612100299351224,0.15667438979859025,0.15667438979859025,0
145,14,2.0310819149017334,2.2558718167635776,0.0,0.07999999999999996,44.12955465587044,0.07999999999999996,-0.10496789863534779,0.0,0.08,0.07999999999999996,0.07999999999999996,0
145,11,1.9382963180541992,2.2558718167635776,0.0,0.07999999999999996,46.613545816733065,0.07999999999999996,-0.15172711181129217,0.0,0.08,0.07999999999999996,0.07999999999999996,0
145,9,2.04233980178833,2.2558718167635776,0.0,0.0800004145333208,45.416666666666664,0.0800005921904583,-0.09944040048855911,0.0,0.08,0.0800004145333208,0.0800004145333208,0
145,6,2.335169553756714,2.2558718167635776,0.03454798915153737,0.09344176741550257,47.43589743589744,0.08735750002733372,0.03454798915153737,0.03454798915153737,0.1076383913212299,0.09344176741550257,0.09344176741550257,0
145,13,2.4351773262023926,2.2558718167635776,0.07648306424795069,0.11087744074430683,33.78378378378378,0.09788786474971237,0.07648306424795069,0.07648306424795069,0.14118645139836056,0.11087744074430683,0.11087744074430683,0
145,16,2.0967066287994385,2.2558718167635776,0.0,0.08000011109369842,40.8,0.08000015870528346,-0.07316867117123059,0.0,0.08,0.08000011109369842,0.08000011109369842,0
145,1,2.324336528778076,2.2558718167635776,0.029898121007191646,0.08893971026904673,43.85964912280702,0.08252023032474393,0.029898121007191646,0.029898121007191646,0.10391849680575332,0.08893971026904673,0.08893971026904673,0
145,15,2.112440347671509,2.2558718167635776,0.0,0.0816731680586766,46.58119658119658,0.08239024008382372,-0.06569267084824316,0.0,0.08,0.0816731680586766,0.0816731680586766,0
145,3,2.1217386722564697,2.2558718167635776,0.0,0.08000034689916403,44.93392070484582,0.08000049557023434,-0.06130063194562016,0.0,0.08,0.08000034689916403,0.08000034689916403,0
145,4,2.2027053833007812,2.2558718167635776,0.0,0.08066902335357232,50.505050505050505,0.08095574764796046,-0.023850188543606987,0.0,0.08,0.08066902335357232,0.08066902335357232,0
145,18,2.4524340629577637,2.2558718167635776,0.08354451288543654,0.15428708264905608,39.20704845814978,0.1574805707950733,0.08354451288543654,0.08354451288543654,0.14683561030834924,0.15428708264905608,0.15428708264905608,0
145,0,2.3005895614624023,2.2558718167635776,0.019628907861261986,0.1050508462669485,41.5929203539823,0.10905701197177944,0.019628907861261986,0.019628907861261986,0.0957031262890096,0.1050508462669485,0.1050508462669485,0
145,12,2.4044461250305176,2.2558718167635776,0.06378306210665698,0.10208833952016214,40.65040650406504,0.08968629230652064,0.06378306210665698,0.06378306210665698,0.1310264496853256,0.10208833952016214,0.10208833952016214,0
145,2,1.9149024486541748,2.2558718167635776,0.0,0.07999999999999996,50.970873786407765,0.07999999999999996,-0.16386983173724085,0.0,0.08,0.07999999999999996,0.07999999999999996,0
145,8,2.377911329269409,2.2558718167635776,0.052685996190882295,0.13756229501126616,35.714285714285715,0.1441680798935063,0.052685996190882295,0.052685996190882295,0.12214879695270583,0.13756229501126616,0.13756229501126616,0
146,18,2.483981132507324,2.249692420026032,0.09906906335308355,0.1557775330590793,38.76651982378855,0.15428708264905608,0.09906906335308355,0.09906906335308355,0.15925525068246685,0.1557775330590793,0.1557775330590793,0
146,13,2.314026355743408,2.249692420026032,0.028195513612288343,0.10838113178796398,41.44144144144144,0.11087744074430683,0.028195513612288343,0.028195513612288343,0.10255641088983068,0.10838113178796398,0.10838113178796398,0
146,17,2.05637264251709,2.249692420026032,0.0,0.07999999999999996,43.93939393939394,0.07999999999999996,-0.08984992671296405,0.0,0.08,0.07999999999999996,0.07999999999999996,0
146,2,1.7403794527053833,2.249692420026032,0.0,0.07999999999999996,50.48543689320388,0.07999999999999996,-0.25669033764152976,0.0,0.08,0.07999999999999996,0.07999999999999996,0
146,9,2.167121648788452,2.249692420026032,0.0,0.08000029017332455,40.833333333333336,0.0800004145333208,-0.03739364655489699,0.0,0.08,0.08000029017332455,0.08000029017332455,0
146,12,2.292203664779663,2.249692420026032,0.018720149140162838,0.09995467345775257,34.552845528455286,0.10208833952016214,0.018720149140162838,0.018720149140162838,0.09497611931213028,0.09995467345775257,0.09995467345775257,0
146,5,2.2186200618743896,2.249692420026032,0.0,0.08170269012292011,36.74418604651163,0.08243241446131444,-0.013908095734399713,0.0,0.08,0.08170269012292011,0.08170269012292011,0
146,7,2.378217935562134,2.249692420026032,0.055557935745851245,0.10442043119473002,42.10526315789474,0.09583789516532248,0.055557935745851245,0.055557935745851245,0.124446348596681,0.10442043119473002,0.10442043119473002,0
146,16,2.0925514698028564,2.249692420026032,0.0,0.0800000777655889,46.8,0.08000011109369842,-0.07240938397093871,0.0,0.08,0.0800000777655889,0.0800000777655889,0
146,1,2.162444591522217,2.249692420026032,0.0,0.08625779718833271,43.421052631578945,0.08893971026904673,-0.03955416740356817,0.0,0.08,0.08625779718833271,0.08625779718833271,0
146,10,2.4474806785583496,2.249692420026032,0.08426569601289019,0.1538958399021068,41.06280193236715,0.15667438979859025,0.08426569601289019,0.08426569601289019,0.14741255681031215,0.1538958399021068,0.1538958399021068,0
146,6,2.2979979515075684,2.249692420026032,0.02124478324761618,0.09450798517027968,39.743589743589745,0.09344176741550257,0.02124478324761618,0.02124478324761618,0.09699582659809294,0.09450798517027968,0.09450798517027968,0
146,19,1.9890087842941284,2.249692420026032,0.0,0.07999999999999996,48.717948717948715,0.07999999999999996,-0.12315708777894682,0.0,0.08,0.07999999999999996,0.07999999999999996,0
146,15,2.1874639987945557,2.249692420026032,0.0,0.08117121764107361,37.60683760683761,0.0816731680586766,-0.028050623114340215,0.0,0.08,0.08117121764107361,0.08117121764107361,0
146,8,2.444833517074585,2.249692420026032,0.08318352441661557,0.14025765236787405,32.857142857142854,0.13756229501126616,0.08318352441661557,0.08318352441661557,0.14654681953329246,0.14025765236787405,0.14025765236787405,0
146,14,1.8887265920639038,2.249692420026032,0.0,0.07999999999999996,50.202429149797574,0.07999999999999996,-0.17489066263157535,0.0,0.08,0.07999999999999996,0.07999999999999996,0
146,11,1.8709262609481812,2.249692420026032,0.0,0.07999999999999996,46.21513944223108,0.07999999999999996,-0.18435986881821181,0.0,0.08,0.07999999999999996,0.07999999999999996,0
146,0,2.1263062953948975,2.249692420026032,0.0,0.09753559238686393,38.05309734513274,0.1050508462669485,-0.056407163649495946,0.0,0.08,0.09753559238686393,0.09753559238686393,0
146,3,2.0866360664367676,2.249692420026032,0.0,0.08000024282941481,42.731277533039645,0.08000034689916403,-0.07524027262427313,0.0,0.08,0.08000024282941481,0.08000024282941481,0
146,4,2.10306453704834,2.249692420026032,0.0,0.08046831634750062,41.91919191919192,0.08066902335357232,-0.06739792001381521,0.0,0.08,0.08046831634750062,0.08046831634750062,0
147,12,2.280313491821289,2.2412014900389625,0.01730082830232697,0.09812047021298526,36.99186991869919,0.09995467345775257,0.01730082830232697,0.01730082830232697,0.09384066264186158,0.09812047021298526,0.09812047021298526,0
147,11,1.90546715259552,2.2412014900389625,0.0,0.07999999999999996,46.613545816733065,0.07999999999999996,-0.1622848977867566,0.0,0.08,0.07999999999999996,0.07999999999999996,0
147,17,2.049243211746216,2.2412014900389625,0.0,0.07999999999999996,46.464646464646464,0.07999999999999996,-0.0895415411403182,0.0,0.08,0.07999999999999996,0.07999999999999996,0
147,1,2.2213518619537354,2.2412014900389625,0.0,0.08438045803183289,40.35087719298246,0.08625779718833271,-0.008896144131390568,0.0,0.08,0.08438045803183289,0.08438045803183289,0
147,8,2.265496253967285,2.2412014900389625,0.01078173001470319,0.1247679718610406,37.61904761904762,0.14025765236787405,0.01078173001470319,0.01078173001470319,0.08862538401176255,0.1247679718610406,0.1247679718610406,0
147,2,1.8480217456817627,2.2412014900389625,0.0,0.07999999999999996,52.9126213592233,0.07999999999999996,-0.19289636030520224,0.0,0.08,0.07999999999999996,0.07999999999999996,0
147,18,2.5169525146484375,2.2412014900389625,0.11603674808498428,0.16089309268175173,40.969162995594715,0.1557775330590793,0.11603674808498428,0.11603674808498428,0.17282939846798745,0.16089309268175173,0.16089309268175173,0
147,14,1.9156678915023804,2.2412014900389625,0.0,0.07999999999999996,50.607287449392715,0.07999999999999996,-0.1569457705547544,0.0,0.08,0.07999999999999996,0.07999999999999996,0
147,19,1.7285460233688354,2.2412014900389625,0.0,0.07999999999999996,47.69230769230769,0.07999999999999996,-0.25973149401051987,0.0,0.08,0.07999999999999996,0.07999999999999996,0
147,3,2.0145745277404785,2.2412014900389625,0.0,0.08000016998059037,41.85022026431718,0.08000024282941481,-0.10660408042993116,0.0,0.08,0.08000016998059037,0.08000016998059037,0
147,16,1.9896440505981445,2.2412014900389625,0.0,0.08000005443591222,49.2,0.0800000777655889,-0.11905634729317363,0.0,0.08,0.08000005443591222,0.08000005443591222,0
147,5,2.129232406616211,2.2412014900389625,0.0,0.08119188308604408,39.53488372093023,0.08170269012292011,-0.051250559023022245,0.0,0.08,0.08119188308604408,0.08119188308604408,0
147,15,2.256418228149414,2.2412014900389625,0.006766599693510698,0.0824438362751941,45.72649572649573,0.08117121764107361,0.006766599693510698,0.006766599693510698,0.08541327975480856,0.0824438362751941,0.0824438362751941,0
147,10,2.6344826221466064,2.2412014900389625,0.16167471216835633,0.17052901885188027,36.231884057971016,0.1538958399021068,0.16167471216835633,0.16167471216835633,0.20933976973468504,0.17052901885188027,0.17052901885188027,0
147,6,2.109529495239258,2.2412014900389625,0.0,0.09015558961919579,44.44444444444444,0.09450798517027968,-0.06054716668589197,0.0,0.08,0.09015558961919579,0.09015558961919579,0
147,13,2.3700292110443115,2.2412014900389625,0.055890178615128135,0.11328043511920553,39.63963963963964,0.10838113178796398,0.055890178615128135,0.055890178615128135,0.12471214289210251,0.11328043511920553,0.11328043511920553,0
147,4,1.9967639446258545,2.2412014900389625,0.0,0.08032782144325043,46.96969696969697,0.08046831634750062,-0.11548425855000925,0.0,0.08,0.08032782144325043,0.08032782144325043,0
147,9,2.0312600135803223,2.2412014900389625,0.0,0.08000020312132719,47.083333333333336,0.08000029017332455,-0.09835580424103288,0.0,0.08,0.08000020312132719,0.08000020312132719,0
147,0,2.0205514430999756,2.2412014900389625,0.0,0.09227491467080476,40.70796460176991,0.09753559238686393,-0.10364163526999237,0.0,0.08,0.09227491467080476,0.09227491467080476,0
147,7,2.1961028575897217,2.2412014900389625,0.0,0.09709430183631101,32.89473684210526,0.10442043119473002,-0.02032774029556925,0.0,0.08,0.09709430183631101,0.09709430183631101,0
148,18,2.147277355194092,2.22501997638434,0.0,0.1366251648772262,36.12334801762115,0.16089309268175173,-0.0355652003414195,0.0,0.08,0.1366251648772262,0.1366251648772262,0
148,4,2.0888454914093018,2.22501997638434,0.0,0.0802294750102753,46.96969696969697,0.08032782144325043,-0.06315437654046492,0.0,0.08,0.0802294750102753,0.0802294750102753,0
148,12,2.199634313583374,2.22501997638434,0.0,0.09268432914908967,39.83739837398374,0.09812047021298526,-0.01147476822675088,0.0,0.08,0.09268432914908967,0.09268432914908967,0
148,1,2.1176095008850098,2.22501997638434,0.0,0.08306632062228302,44.29824561403509,0.08438045803183289,-0.049478034950776295,0.0,0.08,0.08306632062228302,0.08306632062228302,0
148,10,2.5471043586730957,2.22501997638434,0.13519127403503714,0.1758162189647251,36.71497584541063,0.17052901885188027,0.13519127403503714,0.13519127403503714,0.18815301922802974,0.1758162189647251,0.1758162189647251,0
148,19,1.9598162174224854,2.22501997638434,0.0,0.07999999999999996,52.30769230769231,0.07999999999999996,-0.1269151908951073,0.0,0.08,0.07999999999999996,0.07999999999999996,0
148,2,1.808883547782898,2.22501997638434,0.0,0.07999999999999996,53.883495145631066,0.07999999999999996,-0.20705606216029177,0.0,0.08,0.07999999999999996,0.07999999999999996,0
148,5,2.338257312774658,2.22501997638434,0.049640019838099916,0.09274792292137483,53.48837209302326,0.08119188308604408,0.049640019838099916,0.049640019838099916,0.11971201587047994,0.09274792292137483,0.09274792292137483,0
148,3,1.9318712949752808,2.22501997638434,0.0,0.08000011898641325,45.37444933920705,0.08000016998059037,-0.14127677698251595,0.0,0.08,0.08000011898641325,0.08000011898641325,0
148,14,2.0583255290985107,2.22501997638434,0.0,0.07999999999999996,47.77327935222672,0.07999999999999996,-0.07787309105653364,0.0,0.08,0.07999999999999996,0.07999999999999996,0
148,16,2.128711700439453,2.22501997638434,0.0,0.08000003810513856,45.2,0.08000005443591222,-0.04424893226469542,0.0,0.08,0.08000003810513856,0.08000003810513856,0
148,11,1.902980923652649,2.22501997638434,0.0,0.07999999999999996,46.613545816733065,0.07999999999999996,-0.15634432905871293,0.0,0.08,0.07999999999999996,0.07999999999999996,0
148,15,2.179866313934326,2.22501997638434,0.0,0.08171068539263587,47.863247863247864,0.0824438362751941,-0.02050234259779497,0.0,0.08,0.08171068539263587,0.08171068539263587,0
148,13,2.2018375396728516,2.22501997638434,0.0,0.10329630458344388,39.63963963963964,0.11328043511920553,-0.01047363663398419,0.0,0.08,0.10329630458344388,0.10329630458344388,0
148,17,2.130730628967285,2.22501997638434,0.0,0.07999999999999996,46.464646464646464,0.07999999999999996,-0.04330095433077271,0.0,0.08,0.07999999999999996,0.07999999999999996,0
148,7,2.279226303100586,2.22501997638434,0.02407015079683967,0.09774284747665923,39.03508771929825,0.09709430183631101,0.02407015079683967,0.02407015079683967,0.09925612063747175,0.09774284747665923,0.09774284747665923,0
148,9,1.9197207689285278,2.22501997638434,0.0,0.08000014218492903,43.75,0.08000020312132719,-0.14758615039983344,0.0,0.08,0.08000014218492903,0.08000014218492903,0
148,0,2.175987720489502,2.22501997638434,0.0,0.08859244026956334,42.92035398230089,0.09227491467080476,-0.022283207806517356,0.0,0.08,0.08859244026956334,0.08859244026956334,0
148,6,2.1744167804718018,2.22501997638434,0.0,0.08710891273343704,42.30769230769231,0.09015558961919579,-0.023005411950252488,0.0,0.08,0.08710891273343704,0.08710891273343704,0
148,8,2.540178060531616,2.22501997638434,0.13246828685910197,0.1431299691489129,33.80952380952381,0.1247679718610406,0.13246828685910197,0.13246828685910197,0.1859746294872816,0.1431299691489129,0.1431299691489129,0
149,16,2.066866159439087,2.216418377953975,0.0,0.08000002667359699,43.2,0.08000003810513856,-0.06985902196885259,0.0,0.08,0.08000002667359699,0.08000002667359699,0
149,13,2.266382932662964,2.216418377953975,0.022292589032384652,0.10165763457618303,38.73873873873874,0.10329630458344388,0.022292589032384652,0.022292589032384652,0.09783407122590773,0.10165763457618303,0.10165763457618303,0
149,19,1.9824490547180176,2.216418377953975,0.0,0.07999999999999996,52.82051282051282,0.07999999999999996,-0.11155957254539765,0.0,0.08,0.07999999999999996,0.07999999999999996,0
149,1,2.2908105850219727,2.216418377953975,0.03301317226600908,0.09006958577944028,42.54385964912281,0.08306632062228302,0.03301317226600908,0.03301317226600908,0.10641053781280727,0.09006958577944028,0.09006958577944028,0
149,4,2.0340394973754883,2.216418377953975,0.0,0.08016063250719271,42.92929292929293,0.0802294750102753,-0.08586883336610363,0.0,0.08,0.08016063250719271,0.08016063250719271,0
149,8,2.327392816543579,2.216418377953975,0.04885612821881118,0.13591644917675372,33.333333333333336,0.1431299691489129,0.04885612821881118,0.04885612821881118,0.11908490257504895,0.13591644917675372,0.13591644917675372,0
149,7,2.1137542724609375,2.216418377953975,0.0,0.09241999323366146,33.771929824561404,0.09774284747665923,-0.04742690706205196,0.0,0.08,0.09241999323366146,0.09241999323366146,0
149,14,2.138227939605713,2.216418377953975,0.0,0.07999999999999996,51.821862348178136,0.07999999999999996,-0.035915129222262754,0.0,0.08,0.07999999999999996,0.07999999999999996,0
149,6,2.3345863819122314,2.216418377953975,0.0519421870537895,0.09744236380631541,44.01709401709402,0.08710891273343704,0.0519421870537895,0.0519421870537895,0.1215537496430316,0.09744236380631541,0.09744236380631541,0
149,10,2.4506850242614746,2.216418377953975,0.10047503700294405,0.17118536215601415,39.61352657004831,0.1758162189647251,0.10047503700294405,0.10047503700294405,0.16038002960235526,0.17118536215601415,0.17118536215601415,0
149,2,2.0959510803222656,2.216418377953975,0.0,0.07999999999999996,49.51456310679612,0.07999999999999996,-0.05588512287565461,0.0,0.08,0.07999999999999996,0.07999999999999996,0
149,0,2.162090301513672,2.216418377953975,0.0,0.08601470818869433,34.07079646017699,0.08859244026956334,-0.024817063739707886,0.0,0.08,0.08601470818869433,0.08601470818869433,0
149,15,2.01401686668396,2.216418377953975,0.0,0.08119747977484511,42.73504273504273,0.08171068539263587,-0.09576138034682702,0.0,0.08,0.08119747977484511,0.08119747977484511,0
149,17,2.0101583003997803,2.216418377953975,0.0,0.07999999999999996,42.92929292929293,0.07999999999999996,-0.09767907392988466,0.0,0.08,0.07999999999999996,0.07999999999999996,0
149,9,2.035413980484009,2.216418377953975,0.0,0.08000009952945031,45.833333333333336,0.08000014218492903,-0.085193320960563,0.0,0.08,0.08000009952945031,0.08000009952945031,0
149,11,1.7879995107650757,2.216418377953975,0.0,0.07999999999999996,51.79282868525896,0.07999999999999996,-0.2147951455694736,0.0,0.08,0.07999999999999996,0.07999999999999996,0
149,3,2.252047061920166,2.216418377953975,0.015947058040323852,0.083827377220167,42.290748898678416,0.08000011898641325,0.015947058040323852,0.015947058040323852,0.09275764643225909,0.083827377220167,0.083827377220167,0
149,5,2.3063712120056152,2.216418377953975,0.03978283552032607,0.09847142656984065,40.0,0.09274792292137483,0.03978283552032607,0.03978283552032607,0.11182626841626087,0.09847142656984065,0.09847142656984065,0
149,12,2.2794880867004395,2.216418377953975,0.02805834447487322,0.09561303307833234,31.70731707317073,0.09268432914908967,0.02805834447487322,0.02805834447487322,0.10244667557989857,0.09561303307833234,0.09561303307833234,0
149,18,2.2918860912323,2.216418377953975,0.033482549273198624,0.12767342723962602,33.03964757709251,0.1366251648772262,0.033482549273198624,0.033482549273198624,0.10678603941855891,0.12767342723962602,0.12767342723962602,0
150,8,2.456404447555542,2.2097924522145465,0.10580007552174626,0.14453353254894669,37.142857142857146,0.13591644917675372,0.10580007552174626,0.10580007552174626,0.16464006041739704,0.14453353254894669,0.14453353254894669,0
150,2,1.7103010416030884,2.2097924522145465,0.0,0.07999999999999996,48.54368932038835,0.07999999999999996,-0.25622919403176186,0.0,0.08,0.07999999999999996,0.07999999999999996,0
150,7,2.321075439453125,2.2097924522145465,0.04913203144840509,0.10048568281118024,43.85964912280702,0.09241999323366146,0.04913203144840509,0.04913203144840509,0.11930562515872407,0.10048568281118024,0.10048568281118024,0
150,14,1.9004918336868286,2.2097924522145465,0.0,0.07999999999999996,51.821862348178136,0.07999999999999996,-0.15078588484883973,0.0,0.08,0.07999999999999996,0.07999999999999996,0
150,16,2.004065752029419,2.2097924522145465,0.0,0.08000001867151789,40.8,0.08000002667359699,-0.09772060455162995,0.0,0.08,0.08000001867151789,0.08000001867151789,0
150,18,2.4488167762756348,2.2097924522145465,0.1027063609043708,0.13802092568478722,35.68281938325991,0.12767342723962602,0.1027063609043708,0.1027063609043708,0.16216508872349666,0.13802092568478722,0.13802092568478722,0
150,9,1.9841433763504028,2.2097924522145465,0.0,0.08000006967061521,45.833333333333336,0.08000009952945031,-0.10771132502257462,0.0,0.08,0.08000006967061521,0.08000006967061521,0
150,12,2.100290536880493,2.2097924522145465,0.0,0.09092912315483265,37.80487804878049,0.09561303307833234,-0.05082291180328316,0.0,0.08,0.09092912315483265,0.09092912315483265,0
150,11,1.8636072874069214,2.2097924522145465,0.0,0.07999999999999996,49.40239043824701,0.07999999999999996,-0.17038458590877115,0.0,0.08,0.07999999999999996,0.07999999999999996,0
150,3,2.039695978164673,2.2097924522145465,0.0,0.0826791640541169,44.93392070484582,0.083827377220167,-0.08009783127851575,0.0,0.08,0.0826791640541169,0.0826791640541169,0
150,6,2.0993802547454834,2.2097924522145465,0.0,0.09220965466442077,41.02564102564103,0.09744236380631541,-0.051256413470482966,0.0,0.08,0.09220965466442077,0.09220965466442077,0
150,13,2.194624185562134,2.2097924522145465,0.0,0.09516034420332811,38.73873873873874,0.10165763457618303,-0.006887780061730195,0.0,0.08,0.09516034420332811,0.09516034420332811,0
150,1,1.9993598461151123,2.2097924522145465,0.0,0.08704871004560819,44.73684210526316,0.09006958577944028,-0.10007154523623235,0.0,0.08,0.08704871004560819,0.08704871004560819,0
150,4,2.0734219551086426,2.2097924522145465,0.0,0.0801124427550349,50.505050505050505,0.08016063250719271,-0.06369823700580435,0.0,0.08,0.0801124427550349,0.0801124427550349,0
150,19,1.7767940759658813,2.2097924522145465,0.0,0.07999999999999996,45.12820512820513,0.07999999999999996,-0.2180879375020886,0.0,0.08,0.07999999999999996,0.07999999999999996,0
150,5,2.3661816120147705,2.2097924522145465,0.06837892331011759,0.10934094019331667,45.116279069767444,0.09847142656984065,0.06837892331011759,0.06837892331011759,0.13470313864809408,0.10934094019331667,0.10934094019331667,0
150,15,2.067539930343628,2.2097924522145465,0.0,0.08083823584239158,44.01709401709402,0.08119747977484511,-0.06653913670752806,0.0,0.08,0.08083823584239158,0.08083823584239158,0
150,0,2.1906843185424805,2.2097924522145465,0.0,0.08421029573208602,41.150442477876105,0.08601470818869433,-0.008684628816174619,0.0,0.08,0.08421029573208602,0.08421029573208602,0
150,10,2.6091604232788086,2.2097924522145465,0.16612989389369118,0.18370092804369575,37.19806763285024,0.17118536215601415,0.16612989389369118,0.16612989389369118,0.21290391511495294,0.18370092804369575,0.18370092804369575,0
150,17,2.0407795906066895,2.2097924522145465,0.0,0.07999999999999996,44.44444444444444,0.07999999999999996,-0.07956671060695891,0.0,0.08,0.07999999999999996,0.07999999999999996,0
151,3,2.0777549743652344,2.1958613012657056,0.0,0.08187541483788183,37.88546255506608,0.0826791640541169,-0.055286390119025516,0.0,0.08,0.08187541483788183,0.08187541483788183,0
151,4,2.0528571605682373,2.1958613012657056,0.0,0.08007870992852442,48.98989898989899,0.0801124427550349,-0.06734180195716323,0.0,0.08,0.08007870992852442,0.08007870992852442,0
151,18,2.4586803913116455,2.1958613012657056,0.11305041729577896,0.147746748130338,32.59911894273128,0.13802092568478722,0.11305041729577896,0.11305041729577896,0.17044033383662316,0.147746748130338,0.147746748130338,0
151,10,2.5514073371887207,2.1958613012657056,0.15007074129581321,0.1886076275415822,39.61352657004831,0.18370092804369575,0.15007074129581321,0.15007074129581321,0.20005659303665058,0.1886076275415822,0.1886076275415822,0
151,15,2.299496650695801,2.1958613012657056,0.04611588931812637,0.09165457852602443,45.2991452991453,0.08083823584239158,0.04611588931812637,0.04611588931812637,0.1168927114545011,0.09165457852602443,0.09165457852602443,0
151,8,2.365420341491699,2.1958613012657056,0.07438137813299964,0.14302500353618258,35.23809523809524,0.14453353254894669,0.07438137813299964,0.07438137813299964,0.13950510250639972,0.14302500353618258,0.14302500353618258,0
151,2,2.007833480834961,2.1958613012657056,0.0,0.07999999999999996,50.0,0.07999999999999996,-0.08951809099134275,0.0,0.08,0.07999999999999996,0.07999999999999996,0
151,14,1.9480358362197876,2.1958613012657056,0.0,0.07999999999999996,52.22672064777328,0.07999999999999996,-0.11975275989034082,0.0,0.08,0.07999999999999996,0.07999999999999996,0
151,7,2.1946427822113037,2.1958613012657056,0.0,0.09433997796782617,33.771929824561404,0.10048568281118024,-0.0005550702411245274,0.0,0.08,0.09433997796782617,0.09433997796782617,0
151,11,1.9091622829437256,2.1958613012657056,0.0,0.07999999999999996,48.60557768924303,0.07999999999999996,-0.13990981072361905,0.0,0.08,0.07999999999999996,0.07999999999999996,0
151,9,1.9216891527175903,2.1958613012657056,0.0,0.08000004876943065,42.5,0.08000006967061521,-0.13336979497591514,0.0,0.08,0.08000004876943065,0.08000004876943065,0
151,1,1.997229814529419,2.1958613012657056,0.0,0.08493409703192573,36.40350877192982,0.08704871004560819,-0.09481323378760921,0.0,0.08,0.08493409703192573,0.08493409703192573,0
151,17,1.8455617427825928,2.1958613012657056,0.0,0.07999999999999996,42.92929292929293,0.07999999999999996,-0.173790662288704,0.0,0.08,0.07999999999999996,0.07999999999999996,0
151,0,2.1157655715942383,2.1958613012657056,0.0,0.08294720701246021,41.150442477876105,0.08421029573208602,-0.037157642378130254,0.0,0.08,0.08294720701246021,0.08294720701246021,0
151,5,2.1774394512176514,2.1958613012657056,0.0,0.10053865813532167,44.651162790697676,0.10934094019331667,-0.008424739100173174,0.0,0.08,0.10053865813532167,0.10053865813532167,0
151,13,2.2411317825317383,2.1958613012657056,0.020406636295330387,0.09550983365320898,33.333333333333336,0.09516034420332811,0.020406636295330387,0.020406636295330387,0.09632530903626431,0.09550983365320898,0.09550983365320898,0
151,16,2.1006157398223877,2.1958613012657056,0.0,0.08000001307006252,44.4,0.08000001867151789,-0.044343850539945176,0.0,0.08,0.08000001307006252,0.08000001307006252,0
151,6,2.1713004112243652,2.1958613012657056,0.0,0.08854675826509453,39.31623931623932,0.09220965466442077,-0.011248105977614747,0.0,0.08,0.08854675826509453,0.08854675826509453,0
151,19,2.0450143814086914,2.1958613012657056,0.0,0.07999999999999996,47.69230769230769,0.07999999999999996,-0.07116953965791055,0.0,0.08,0.07999999999999996,0.07999999999999996,0
151,12,2.2354142665863037,2.1958613012657056,0.01785220304875303,0.09193491494008357,40.24390243902439,0.09092912315483265,0.01785220304875303,0.01785220304875303,0.09428176243900242,0.09193491494008357,0.09193491494008357,0
152,8,2.4407758712768555,2.1870942367099664,0.10974213806228104,0.15045561561027526,42.857142857142854,0.14302500353618258,0.10974213806228104,0.10974213806228104,0.16779371044982483,0.15045561561027526,0.15045561561027526,0
152,15,2.1333158016204834,2.1870942367099664,0.0,0.08815820496821711,39.31623931623932,0.09165457852602443,-0.02489634646556102,0.0,0.08,0.08815820496821711,0.08815820496821711,0
152,2,1.670333743095398,2.1870942367099664,0.0,0.07999999999999996,49.029126213592235,0.07999999999999996,-0.2695503762126342,0.0,0.08,0.07999999999999996,0.07999999999999996,0
152,19,1.788789987564087,2.1870942367099664,0.0,0.07999999999999996,56.41025641025641,0.07999999999999996,-0.20103442256509121,0.0,0.08,0.07999999999999996,0.07999999999999996,0
152,9,2.0092062950134277,2.1870942367099664,0.0,0.08000003413860145,43.333333333333336,0.08000004876943065,-0.08483406386603634,0.0,0.08,0.08000003413860145,0.08000003413860145,0
152,13,2.09841251373291,2.1870942367099664,0.0,0.09085688355724628,44.14414414414414,0.09550983365320898,-0.041392717044172,0.0,0.08,0.09085688355724628,0.09085688355724628,0
152,0,2.0387301445007324,2.1870942367099664,0.0,0.08206304490872214,45.575221238938056,0.08294720701246021,-0.0702466940712088,0.0,0.08,0.08206304490872214,0.08206304490872214,0
152,11,1.9487117528915405,2.1870942367099664,0.0,0.07999999999999996,46.21513944223108,0.07999999999999996,-0.11540531498046001,0.0,0.08,0.07999999999999996,0.07999999999999996,0
152,5,2.1431472301483154,2.1870942367099664,0.0,0.09437706069472518,40.0,0.10053865813532167,-0.020298413206546583,0.0,0.08,0.09437706069472518,0.09437706069472518,0
152,18,2.2599101066589355,2.1870942367099664,0.032751206276990665,0.13528301319771435,36.563876651982376,0.147746748130338,0.032751206276990665,0.032751206276990665,0.10620096502159254,0.13528301319771435,0.13528301319771435,0
152,16,1.9153974056243896,2.1870942367099664,0.0,0.08000000914904376,48.8,0.08000001307006252,-0.13264870598354772,0.0,0.08,0.08000000914904376,0.08000000914904376,0
152,1,2.1206581592559814,2.1870942367099664,0.0,0.083453867922348,46.92982456140351,0.08493409703192573,-0.030847337128174297,0.0,0.08,0.083453867922348,0.083453867922348,0
152,12,2.390573501586914,2.1870942367099664,0.08895946533752917,0.10970471213906549,35.36585365853659,0.09193491494008357,0.08895946533752917,0.08895946533752917,0.15116757227002334,0.10970471213906549,0.10970471213906549,0
152,3,2.1323115825653076,2.1870942367099664,0.0,0.08131279038651727,49.33920704845815,0.08187541483788183,-0.025367188842812534,0.0,0.08,0.08131279038651727,0.08131279038651727,0
152,6,2.0036089420318604,2.1870942367099664,0.0,0.08598273078556617,44.87179487179487,0.08854675826509453,-0.08762380436152872,0.0,0.08,0.08598273078556617,0.08598273078556617,0
152,7,2.2218008041381836,2.1870942367099664,0.01574420977077282,0.09381659492246379,46.05263157894737,0.09433997796782617,0.01574420977077282,0.01574420977077282,0.09259536781661826,0.09381659492246379,0.09381659492246379,0
152,17,2.1004340648651123,2.1870942367099664,0.0,0.07999999999999996,40.4040404040404,0.07999999999999996,-0.04042980914033272,0.0,0.08,0.07999999999999996,0.07999999999999996,0
152,10,2.4660253524780273,2.1870942367099664,0.12003385472819414,0.18483346441387413,38.16425120772947,0.1886076275415822,0.12003385472819414,0.12003385472819414,0.17602708378255533,0.18483346441387413,0.18483346441387413,0
152,14,1.912155270576477,2.1870942367099664,0.0,0.07999999999999996,47.77327935222672,0.07999999999999996,-0.13434280980426733,0.0,0.08,0.07999999999999996,0.07999999999999996,0
152,4,2.1220080852508545,2.1870942367099664,0.0,0.0800550969499671,43.43434343434343,0.08007870992852442,-0.0302109797263581,0.0,0.08,0.0800550969499671,0.0800550969499671,0
153,17,2.0634119510650635,2.1794394242450243,0.0,0.07999999999999996,40.90909090909091,0.07999999999999996,-0.05470679903808906,0.0,0.08,0.07999999999999996,0.07999999999999996,0
153,2,1.9278929233551025,2.1794394242450243,0.0,0.07999999999999996,50.0,0.07999999999999996,-0.12264004132599662,0.0,0.08,0.07999999999999996,0.07999999999999996,0
153,15,2.073554515838623,2.1794394242450243,0.0,0.08571074347775197,47.00854700854701,0.08815820496821711,-0.04980340659952286,0.0,0.08,0.08571074347775197,0.08571074347775197,0
153,0,2.246840238571167,2.1794394242450243,0.030457191766652392,0.08875385746010206,45.575221238938056,0.08206304490872214,0.030457191766652392,0.030457191766652392,0.10436575341332191,0.08875385746010206,0.08875385746010206,0
153,16,2.136446714401245,2.1794394242450243,0.0,0.08000000640433064,41.2,0.08000000914904376,-0.019923663611816713,0.0,0.08,0.08000000640433064,0.08000000640433064,0
153,9,1.9220802783966064,2.1794394242450243,0.0,0.08000002389702102,50.0,0.08000003413860145,-0.12565962044526302,0.0,0.08,0.08000002389702102,0.08000002389702102,0
153,7,2.2174508571624756,2.1794394242450243,0.017290574615718916,0.0938213543534972,39.91228070175438,0.09381659492246379,0.017290574615718916,0.017290574615718916,0.09383245969257514,0.0938213543534972,0.0938213543534972,0
153,6,2.2554004192352295,2.1794394242450243,0.034259827650292805,0.09241027018596659,39.743589743589745,0.08598273078556617,0.034259827650292805,0.034259827650292805,0.10740786212023425,0.09241027018596659,0.09241027018596659,0
153,12,2.289024829864502,2.1794394242450243,0.04905818927254883,0.11256726392275757,36.99186991869919,0.10970471213906549,0.04905818927254883,0.04905818927254883,0.11924655141803907,0.11256726392275757,0.11256726392275757,0
153,19,1.902614951133728,2.1794394242450243,0.0,0.07999999999999996,49.23076923076923,0.07999999999999996,-0.13583846820059284,0.0,0.08,0.07999999999999996,0.07999999999999996,0
153,5,2.3055477142333984,2.1794394242450243,0.05625056913647723,0.10356407907906215,46.04651162790697,0.09437706069472518,0.05625056913647723,0.05625056913647723,0.1250004553091818,0.10356407907906215,0.10356407907906215,0
153,8,2.253692865371704,2.1794394242450243,0.03350244525441018,0.13735951778825112,38.57142857142857,0.15045561561027526,0.03350244525441018,0.03350244525441018,0.10680195620352814,0.13735951778825112,0.13735951778825112,0
153,13,2.170600652694702,2.1794394242450243,0.0,0.0875998184900724,40.54054054054054,0.09085688355724628,-0.004063771145619316,0.0,0.08,0.0875998184900724,0.0875998184900724,0
153,11,1.9821759462356567,2.1794394242450243,0.0,0.07999999999999996,47.41035856573705,0.07999999999999996,-0.09487249440102133,0.0,0.08,0.07999999999999996,0.07999999999999996,0
153,1,2.0805070400238037,2.1794394242450243,0.0,0.08241770754564359,46.49122807017544,0.083453867922348,-0.046456065425131414,0.0,0.08,0.08241770754564359,0.08241770754564359,0
153,14,1.7802529335021973,2.1794394242450243,0.0,0.07999999999999996,51.821862348178136,0.07999999999999996,-0.2023122461807699,0.0,0.08,0.07999999999999996,0.07999999999999996,0
153,10,2.4828848838806152,2.1794394242450243,0.13035344429130347,0.1846682517196247,36.231884057971016,0.18483346441387413,0.13035344429130347,0.13035344429130347,0.1842827554330428,0.1846682517196247,0.1846682517196247,0
153,18,2.1241838932037354,2.1794394242450243,0.0,0.11869810923840005,40.08810572687225,0.13528301319771435,-0.02568002041938029,0.0,0.08,0.11869810923840005,0.11869810923840005,0
153,3,2.1690635681152344,2.1794394242450243,0.0,0.08091895327056209,42.731277533039645,0.08131279038651727,-0.004772159886522707,0.0,0.08,0.08091895327056209,0.08091895327056209,0
153,4,1.9361279010772705,2.1794394242450243,0.0,0.08003856786497696,44.44444444444444,0.0800550969499671,-0.11837764703700636,0.0,0.08,0.08003856786497696,0.08003856786497696,0
154,7,2.2509047985076904,2.174527012200771,0.03452109265995256,0.09796001028583665,39.473684210526315,0.0938213543534972,0.03452109265995256,0.03452109265995256,0.10761687412796206,0.09796001028583665,0.09796001028583665,0
154,13,2.0119569301605225,2.174527012200771,0.0,0.08531987294305067,41.891891891891895,0.0875998184900724,-0.07770332933764405,0.0,0.08,0.08531987294305067,0.08531987294305067,0
154,10,2.584137201309204,2.174527012200771,0.1725805050269943,0.1946870974102159,33.333333333333336,0.1846682517196247,0.1725805050269943,0.1725805050269943,0.21806440402159544,0.1946870974102159,0.1946870974102159,0
154,2,1.7399598360061646,2.174527012200771,0.0,0.07999999999999996,51.45631067961165,0.07999999999999996,-0.22294914388323847,0.0,0.08,0.07999999999999996,0.07999999999999996,0
154,19,1.7786870002746582,2.174527012200771,0.0,0.07999999999999996,56.41025641025641,0.07999999999999996,-0.20093572239492719,0.0,0.08,0.07999999999999996,0.07999999999999996,0
154,6,2.1928908824920654,2.174527012200771,0.008409535737004521,0.0907054777070577,41.02564102564103,0.09241027018596659,0.008409535737004521,0.008409535737004521,0.08672762858960362,0.0907054777070577,0.0907054777070577,0
154,5,2.0725202560424805,2.174527012200771,0.0,0.0964948553553435,43.72093023255814,0.10356407907906215,-0.048045793307098614,0.0,0.08,0.0964948553553435,0.0964948553553435,0
154,12,2.321418046951294,2.174527012200771,0.06536705056144047,0.118485176880676,36.17886178861789,0.11256726392275757,0.06536705056144047,0.06536705056144047,0.13229364044915237,0.118485176880676,0.118485176880676,0
154,9,2.0012433528900146,2.174527012200771,0.0,0.08000001672791471,42.916666666666664,0.08000002389702102,-0.08304251099434996,0.0,0.08,0.08000001672791471,0.08000001672791471,0
154,3,1.9940494298934937,2.174527012200771,0.0,0.08064326728939346,49.779735682819386,0.08091895327056209,-0.08664371427343825,0.0,0.08,0.08064326728939346,0.08064326728939346,0
154,1,2.1499595642089844,2.174527012200771,0.0,0.08169239528195052,46.05263157894737,0.08241770754564359,-0.011362140566143585,0.0,0.08,0.08169239528195052,0.08169239528195052,0
154,4,1.8258403539657593,2.174527012200771,0.0,0.08002699750548387,48.98989898989899,0.08003856786497696,-0.1747708253804406,0.0,0.08,0.08002699750548387,0.08002699750548387,0
154,17,2.0292563438415527,2.174527012200771,0.0,0.07999999999999996,44.44444444444444,0.07999999999999996,-0.06914178205317151,0.0,0.08,0.07999999999999996,0.07999999999999996,0
154,18,2.349531888961792,2.174527012200771,0.07740493654812126,0.12566586123842913,37.00440528634361,0.11869810923840005,0.07740493654812126,0.07740493654812126,0.14192394923849702,0.12566586123842913,0.12566586123842913,0
154,16,2.126579523086548,2.174527012200771,0.0,0.08000000448303143,47.2,0.08000000640433064,-0.022296343889106236,0.0,0.08,0.08000000448303143,0.08000000448303143,0
154,14,1.9870672225952148,2.174527012200771,0.0,0.07999999999999996,50.607287449392715,0.07999999999999996,-0.0901513806050764,0.0,0.08,0.07999999999999996,0.07999999999999996,0
154,8,2.375568389892578,2.174527012200771,0.08842555528775382,0.1413737957208367,39.04761904761905,0.13735951778825112,0.08842555528775382,0.08842555528775382,0.15074044423020305,0.1413737957208367,0.1413737957208367,0
154,11,1.765928864479065,2.174527012200771,0.0,0.07999999999999996,46.613545816733065,0.07999999999999996,-0.20813435339165162,0.0,0.08,0.07999999999999996,0.07999999999999996,0
154,15,2.0437159538269043,2.174527012200771,0.0,0.08399752043442638,44.01709401709402,0.08571074347775197,-0.06204147809569676,0.0,0.08,0.08399752043442638,0.08399752043442638,0
154,0,2.1721115112304688,2.174527012200771,0.0,0.08612770022207145,42.0353982300885,0.08875385746010206,-0.0011114341322930375,0.0,0.08,0.08612770022207145,0.08612770022207145,0
155,11,1.950522541999817,2.162886121474163,0.0,0.07999999999999996,49.800796812749006,0.07999999999999996,-0.10334618973027232,0.0,0.08,0.07999999999999996,0.07999999999999996,0
155,12,2.3150722980499268,2.162886121474163,0.06799741983775108,0.12325900457753347,39.02439024390244,0.118485176880676,0.06799741983775108,0.06799741983775108,0.13439793587020088,0.12325900457753347,0.12325900457753347,0
155,8,2.3837196826934814,2.162886121474163,0.09721866193057198,0.14629413586792295,30.952380952380953,0.1413737957208367,0.09721866193057198,0.09721866193057198,0.1577749295444576,0.14629413586792295,0.14629413586792295,0
155,3,1.9753072261810303,2.162886121474163,0.0,0.08045028710257542,44.49339207048458,0.08064326728939346,-0.09071955291367756,0.0,0.08,0.08045028710257542,0.08045028710257542,0
155,9,1.8298074007034302,2.162886121474163,0.0,0.0800000117095403,45.0,0.08000001672791471,-0.16723278052902282,0.0,0.08,0.0800000117095403,0.0800000117095403,0
155,19,1.6267316341400146,2.162886121474163,0.0,0.07999999999999996,52.30769230769231,0.07999999999999996,-0.28487062622425807,0.0,0.08,0.07999999999999996,0.07999999999999996,0
155,18,2.2385458946228027,2.162886121474163,0.03438300356461827,0.12021802372240878,41.85022026431718,0.12566586123842913,0.03438300356461827,0.03438300356461827,0.10750640285169462,0.12021802372240878,0.12021802372240878,0
155,4,1.990977168083191,2.162886121474163,0.0,0.0800188982538387,46.96969696969697,0.08002699750548387,-0.08281793931492903,0.0,0.08,0.0800188982538387,0.0800188982538387,0
155,7,2.1982505321502686,2.162886121474163,0.016218334113606632,0.09646440738735124,39.91228070175438,0.09796001028583665,0.016218334113606632,0.016218334113606632,0.09297466729088531,0.09646440738735124,0.09646440738735124,0
155,6,2.1513404846191406,2.162886121474163,0.0,0.08749383439494038,42.73504273504273,0.0907054777070577,-0.005352368069082117,0.0,0.08,0.08749383439494038,0.08749383439494038,0
155,17,2.1433334350585938,2.162886121474163,0.0,0.07999999999999996,43.93939393939394,0.07999999999999996,-0.009081200083170971,0.0,0.08,0.07999999999999996,0.07999999999999996,0
155,13,2.2446296215057373,2.162886121474163,0.03709703096250792,0.09262719849113736,39.63963963963964,0.08531987294305067,0.03709703096250792,0.03709703096250792,0.10967762477000634,0.09262719849113736,0.09262719849113736,0
155,16,1.8851115703582764,2.162886121474163,0.0,0.080000003138122,45.6,0.08000000448303143,-0.13745648881935096,0.0,0.08,0.080000003138122,0.080000003138122,0
155,5,2.1571152210235596,2.162886121474163,0.0,0.09154639874874043,44.18604651162791,0.0964948553553435,-0.0026717139181719543,0.0,0.08,0.09154639874874043,0.09154639874874043,0
155,1,2.0102782249450684,2.162886121474163,0.0,0.08118467669736536,42.98245614035088,0.08169239528195052,-0.0731703639545736,0.0,0.08,0.08118467669736536,0.08118467669736536,0
155,14,1.9912264347076416,2.162886121474163,0.0,0.07999999999999996,45.74898785425101,0.07999999999999996,-0.08269274901910902,0.0,0.08,0.07999999999999996,0.07999999999999996,0
155,2,1.648237943649292,2.162886121474163,0.0,0.07999999999999996,48.54368932038835,0.07999999999999996,-0.2717366913770195,0.0,0.08,0.07999999999999996,0.07999999999999996,0
155,15,2.0297703742980957,2.162886121474163,0.0,0.08279826430409845,38.888888888888886,0.08399752043442638,-0.06352082631851949,0.0,0.08,0.08279826430409845,0.08279826430409845,0
155,0,1.9780995845794678,2.162886121474163,0.0,0.08428939015545,42.0353982300885,0.08612770022207145,-0.08930691870610499,0.0,0.08,0.08428939015545,0.08428939015545,0
155,10,2.4693245887756348,2.162886121474163,0.1325011696651626,0.19208124890679013,38.16425120772947,0.1946870974102159,0.1325011696651626,0.1325011696651626,0.18600093573213008,0.19208124890679013,0.19208124890679013,0
156,13,2.2665624618530273,2.148599939288905,0.053447910508861475,0.10166653746592291,41.891891891891895,0.09262719849113736,0.053447910508861475,0.053447910508861475,0.12275832840708918,0.10166653746592291,0.10166653746592291,0
156,16,2.036966562271118,2.148599939288905,0.0,0.0800000021966854,39.6,0.080000003138122,-0.053354716812726494,0.0,0.08,0.0800000021966854,0.0800000021966854,0
156,0,2.0009052753448486,2.148599939288905,0.0,0.08300257310881501,38.49557522123894,0.08428939015545,-0.07121672282780216,0.0,0.08,0.08300257310881501,0.08300257310881501,0
156,10,2.424880027770996,2.148599939288905,0.12096561055702314,0.18748862076843864,35.7487922705314,0.19208124890679013,0.12096561055702314,0.12096561055702314,0.17677248844561852,0.18748862076843864,0.18748862076843864,0
156,12,2.020002603530884,2.148599939288905,0.0,0.11028130320427343,43.08943089430894,0.12325900457753347,-0.06171763840893355,0.0,0.08,0.11028130320427343,0.11028130320427343,0
156,2,1.882757544517517,2.148599939288905,0.0,0.07999999999999996,49.51456310679612,0.07999999999999996,-0.1320789571660599,0.0,0.08,0.07999999999999996,0.07999999999999996,0
156,3,2.083855152130127,2.148599939288905,0.0,0.08031520097180278,49.33920704845815,0.08045028710257542,-0.03059682211005124,0.0,0.08,0.08031520097180278,0.08031520097180278,0
156,17,2.099985361099243,2.148599939288905,0.0,0.07999999999999996,48.98989898989899,0.07999999999999996,-0.022886065086483984,0.0,0.08,0.07999999999999996,0.07999999999999996,0
156,1,2.0115714073181152,2.148599939288905,0.0,0.08082927368815575,43.421052631578945,0.08118467669736536,-0.06590022736280853,0.0,0.08,0.08082927368815575,0.08082927368815575,0
156,4,1.7914693355560303,2.148599939288905,0.0,0.08001322877768709,54.54545454545455,0.0800188982538387,-0.18178029708072913,0.0,0.08,0.08001322877768709,0.08001322877768709,0
156,8,2.5136032104492188,2.148599939288905,0.15690082607992442,0.16406209336672792,38.095238095238095,0.14629413586792295,0.15690082607992442,0.15690082607992442,0.20552066086393955,0.16406209336672792,0.16406209336672792,0
156,7,2.0996391773223877,2.148599939288905,0.0,0.09152508517114585,40.35087719298246,0.09646440738735124,-0.023050929241754902,0.0,0.08,0.09152508517114585,0.09152508517114585,0
156,14,1.8471450805664062,2.148599939288905,0.0,0.07999999999999996,44.93927125506073,0.07999999999999996,-0.1511751907973139,0.0,0.08,0.07999999999999996,0.07999999999999996,0
156,19,1.7851771116256714,2.148599939288905,0.0,0.07999999999999996,57.43589743589744,0.07999999999999996,-0.18529880553803374,0.0,0.08,0.07999999999999996,0.07999999999999996,0
156,15,2.0762972831726074,2.148599939288905,0.0,0.0819587850128689,44.44444444444444,0.08279826430409845,-0.034230283793806195,0.0,0.08,0.0819587850128689,0.0819587850128689,0
156,18,2.4727566242218018,2.148599939288905,0.140517130918521,0.1418767280261312,42.731277533039645,0.12021802372240878,0.140517130918521,0.140517130918521,0.1924137047348168,0.1418767280261312,0.1418767280261312,0
156,6,2.2049593925476074,2.148599939288905,0.025892653537899463,0.09145992092555413,40.598290598290596,0.08749383439494038,0.025892653537899463,0.025892653537899463,0.10071412283031958,0.09145992092555413,0.09145992092555413,0
156,11,1.972508430480957,2.148599939288905,0.0,0.07999999999999996,51.39442231075697,0.07999999999999996,-0.08551039084184488,0.0,0.08,0.07999999999999996,0.07999999999999996,0
156,9,1.9837682247161865,2.148599939288905,0.0,0.08000000819667821,45.0,0.0800000117095403,-0.07981825878869862,0.0,0.08,0.08000000819667821,0.08000000819667821,0
156,5,2.083784818649292,2.148599939288905,0.0,0.08808247912411829,44.18604651162791,0.09154639874874043,-0.03063057429641921,0.0,0.08,0.08808247912411829,0.08808247912411829,0
157,8,2.2902019023895264,2.1394031376322005,0.06811309787093672,0.15519060884573432,37.61904761904762,0.16406209336672792,0.06811309787093672,0.06811309787093672,0.13449047829674937,0.15519060884573432,0.15519060884573432,0
157,14,1.9014760255813599,2.1394031376322005,0.0,0.07999999999999996,47.36842105263158,0.07999999999999996,-0.11789644175298095,0.0,0.08,0.07999999999999996,0.07999999999999996,0
157,2,1.9152414798736572,2.1394031376322005,0.0,0.07999999999999996,49.51456310679612,0.07999999999999996,-0.11068316810269647,0.0,0.08,0.07999999999999996,0.07999999999999996,0
157,4,1.981376051902771,2.1394031376322005,0.0,0.08000926014438095,48.98989898989899,0.08001322877768709,-0.0767353030793601,0.0,0.08,0.08000926014438095,0.08000926014438095,0
157,10,2.624378204345703,2.1394031376322005,0.2043171101023547,0.20427814096247215,33.81642512077295,0.18748862076843864,0.2043171101023547,0.2043171101023547,0.24345368808188378,0.20427814096247215,0.20427814096247215,0
157,0,2.1551918983459473,2.1394031376322005,0.007352885030006507,0.08386649358337206,37.16814159292036,0.08300257310881501,0.007352885030006507,0.007352885030006507,0.0858823080240052,0.08386649358337206,0.08386649358337206,0
157,13,2.1907541751861572,2.1394031376322005,0.023718974184177843,0.10085913003034871,39.63963963963964,0.10166653746592291,0.023718974184177843,0.023718974184177843,0.09897517934734228,0.10085913003034871,0.10085913003034871,0
157,6,2.0278103351593018,2.1394031376322005,0.0,0.0880219446478879,38.034188034188034,0.09145992092555413,-0.05357032396766912,0.0,0.08,0.0880219446478879,0.0880219446478879,0
157,11,1.9094562530517578,2.1394031376322005,0.0,0.07999999999999996,45.81673306772908,0.07999999999999996,-0.11370836465820673,0.0,0.08,0.07999999999999996,0.07999999999999996,0
157,18,2.351884603500366,2.1394031376322005,0.09469008278957042,0.14603932948778872,41.85022026431718,0.1418767280261312,0.09469008278957042,0.09469008278957042,0.15575206623165633,0.14603932948778872,0.14603932948778872,0
157,16,1.8013520240783691,2.1394031376322005,0.0,0.08000000153767978,39.6,0.0800000021966854,-0.17198937416881643,0.0,0.08,0.08000000153767978,0.08000000153767978,0
157,5,2.1421396732330322,2.1394031376322005,0.001278294335274467,0.08596452602734866,40.46511627906977,0.08808247912411829,0.001278294335274467,0.001278294335274467,0.08102263546821957,0.08596452602734866,0.08596452602734866,0
157,19,1.9125311374664307,2.1394031376322005,0.0,0.07999999999999996,52.82051282051282,0.07999999999999996,-0.11209931431459337,0.0,0.08,0.07999999999999996,0.07999999999999996,0
157,7,2.1118686199188232,2.1394031376322005,0.0,0.08806755961980209,41.666666666666664,0.09152508517114585,-0.012953724991059809,0.0,0.08,0.08806755961980209,0.08806755961980209,0
157,17,2.0663554668426514,2.1394031376322005,0.0,0.07999999999999996,44.94949494949495,0.07999999999999996,-0.03474047083350837,0.0,0.08,0.07999999999999996,0.07999999999999996,0
157,12,2.268587589263916,2.1394031376322005,0.058630547719792245,0.11526824369574154,40.24390243902439,0.11028130320427343,0.058630547719792245,0.058630547719792245,0.1269044381758338,0.11526824369574154,0.11526824369574154,0
157,3,1.9713380336761475,2.1394031376322005,0.0,0.08022064068026194,45.37444933920705,0.08031520097180278,-0.08181436497840675,0.0,0.08,0.08022064068026194,0.08022064068026194,0
157,1,2.2111518383026123,2.1394031376322005,0.032986690922478315,0.0884972974031038,41.228070175438596,0.08082927368815575,0.032986690922478315,0.032986690922478315,0.10638935273798265,0.0884972974031038,0.0884972974031038,0
157,15,2.058749198913574,2.1394031376322005,0.0,0.08137114950900823,47.43589743589744,0.0819587850128689,-0.03842826890354728,0.0,0.08,0.08137114950900823,0.08137114950900823,0
157,9,2.036254644393921,2.1394031376322005,0.0,0.08000000573767474,47.5,0.08000000819667821,-0.049414720458553406,0.0,0.08,0.08000000573767474,0.08000000573767474,0
158,15,1.883422613143921,2.1317180571567915,0.0,0.08095980465630576,41.02564102564103,0.08137114950900823,-0.12383759300457924,0.0,0.08,0.08095980465630576,0.08095980465630576,0
158,1,2.1739449501037598,2.1317180571567915,0.019615212149079544,0.09065575909795176,44.29824561403509,0.0884972974031038,0.019615212149079544,0.019615212149079544,0.09569216971926364,0.09065575909795176,0.09065575909795176,0
158,6,2.066261053085327,2.1317180571567915,0.0,0.08561536125352152,44.44444444444444,0.0880219446478879,-0.031187534565832477,0.0,0.08,0.08561536125352152,0.08561536125352152,0
158,13,2.255434989929199,2.1317180571567915,0.05641460008598702,0.10814089504188097,37.83783783783784,0.10085913003034871,0.05641460008598702,0.05641460008598702,0.1251316800687896,0.10814089504188097,0.10814089504188097,0
158,0,2.2783913612365723,2.1317180571567915,0.06654139613542676,0.09867648058086287,43.80530973451327,0.08386649358337206,0.06654139613542676,0.06654139613542676,0.13323311690834141,0.09867648058086287,0.09867648058086287,0
158,17,2.0098533630371094,2.1317180571567915,0.0,0.07999999999999996,48.98989898989899,0.07999999999999996,-0.0588664882175327,0.0,0.08,0.07999999999999996,0.07999999999999996,0
158,7,2.154263496398926,2.1317180571567915,0.010520645880725748,0.08817224674523563,44.73684210526316,0.08806755961980209,0.010520645880725748,0.010520645880725748,0.0884165167045806,0.08817224674523563,0.08817224674523563,0
158,19,1.8241091966629028,2.1317180571567915,0.0,0.07999999999999996,57.94871794871795,0.07999999999999996,-0.15583649695603352,0.0,0.08,0.07999999999999996,0.07999999999999996,0
158,12,2.21856689453125,2.1317180571567915,0.039933190045189006,0.11427173619786443,36.58536585365854,0.11526824369574154,0.039933190045189006,0.039933190045189006,0.1119465520361512,0.11427173619786443,0.11427173619786443,0
158,11,1.8722003698349,2.1317180571567915,0.0,0.07999999999999996,50.199203187250994,0.07999999999999996,-0.1298138460528022,0.0,0.08,0.07999999999999996,0.07999999999999996,0
158,10,2.3280467987060547,2.1317180571567915,0.08810137760967753,0.1881390293000531,41.06280193236715,0.20427814096247215,0.08810137760967753,0.08810137760967753,0.150481102087742,0.1881390293000531,0.1881390293000531,0
158,4,1.7544355392456055,2.1317180571567915,0.0,0.08000648210106666,48.98989898989899,0.08000926014438095,-0.19478107806572867,0.0,0.08,0.08000648210106666,0.08000648210106666,0
158,8,2.2090675830841064,2.1317180571567915,0.03564226403157975,0.14118756955959316,36.666666666666664,0.15519060884573432,0.03564226403157975,0.03564226403157975,0.10851381122526381,0.14118756955959316,0.14118756955959316,0
158,2,1.8897302150726318,2.1317180571567915,0.0,0.07999999999999996,61.650485436893206,0.07999999999999996,-0.12049417806317549,0.0,0.08,0.07999999999999996,0.07999999999999996,0
158,9,1.9692609310150146,2.1317180571567915,0.0,0.0800000040163723,43.333333333333336,0.08000000573767474,-0.07926994337407954,0.0,0.08,0.0800000040163723,0.0800000040163723,0
158,3,1.904405117034912,2.1317180571567915,0.0,0.08015444847618336,45.81497797356828,0.08022064068026194,-0.11275856835042161,0.0,0.08,0.08015444847618336,0.08015444847618336,0
158,14,2.002451181411743,2.1317180571567915,0.0,0.07999999999999996,55.87044534412956,0.07999999999999996,-0.06255623305338619,0.0,0.08,0.07999999999999996,0.07999999999999996,0
158,5,1.9718856811523438,2.1317180571567915,0.0,0.08417516821914406,46.97674418604651,0.08596452602734866,-0.07793797033660617,0.0,0.08,0.08417516821914406,0.08417516821914406,0
158,16,1.932908296585083,2.1317180571567915,0.0,0.08000000107637584,43.6,0.08000000153767978,-0.09790249559578433,0.0,0.08,0.08000000107637584,0.08000000107637584,0
158,18,2.126572608947754,2.1317180571567915,0.0,0.1262275306414521,33.92070484581498,0.14603932948778872,-0.0024166742444712065,0.0,0.08,0.1262275306414521,0.1262275306414521,0
159,10,2.390382766723633,2.119161478663555,0.12043302451622391,0.18460124639393088,37.68115942028985,0.1881390293000531,0.12043302451622391,0.12043302451622391,0.17634641961297914,0.18460124639393088,0.18460124639393088,0
159,13,2.3642935752868652,2.119161478663555,0.1094587956582879,0.12596873748730578,41.44144144144144,0.10814089504188097,0.1094587956582879,0.1094587956582879,0.16756703652663033,0.12596873748730578,0.12596873748730578,0
159,1,2.0076491832733154,2.119161478663555,0.0,0.08745903136856623,41.228070175438596,0.09065575909795176,-0.05405600420657868,0.0,0.08,0.08745903136856623,0.08745903136856623,0
159,4,1.8888967037200928,2.119161478663555,0.0,0.08000453747074665,50.0,0.08000648210106666,-0.11502757695917061,0.0,0.08,0.08000453747074665,0.08000453747074665,0
159,5,2.121981143951416,2.119161478663555,0.0013296726570649704,0.08324173919109643,42.7906976744186,0.08417516821914406,0.0013296726570649704,0.0013296726570649704,0.08106373812565197,0.08324173919109643,0.08324173919109643,0
159,0,2.067427635192871,2.119161478663555,0.0,0.09307353640660401,38.93805309734513,0.09867648058086287,-0.0247153352041012,0.0,0.08,0.09307353640660401,0.09307353640660401,0
159,8,2.3877532482147217,2.119161478663555,0.11933237825787606,0.15147106947360547,40.95238095238095,0.14118756955959316,0.11933237825787606,0.11933237825787606,0.17546590260630085,0.15147106947360547,0.15147106947360547,0
159,9,2.001275062561035,2.119161478663555,0.0,0.08000000281146061,46.25,0.0800000040163723,-0.05723597252773999,0.0,0.08,0.08000000281146061,0.08000000281146061,0
159,2,1.7451505661010742,2.119161478663555,0.0,0.07999999999999996,49.51456310679612,0.07999999999999996,-0.19417964426739417,0.0,0.08,0.07999999999999996,0.07999999999999996,0
159,14,1.917972207069397,2.119161478663555,0.0,0.07999999999999996,53.036437246963565,0.07999999999999996,-0.09975199523722844,0.0,0.08,0.07999999999999996,0.07999999999999996,0
159,15,1.95601224899292,2.119161478663555,0.0,0.08067186325941403,46.58119658119658,0.08095980465630576,-0.08011264725650408,0.0,0.08,0.08067186325941403,0.08067186325941403,0
159,18,2.1994175910949707,2.119161478663555,0.037172112314655864,0.12128057840453385,37.44493392070485,0.1262275306414521,0.037172112314655864,0.037172112314655864,0.10973768985172469,0.12128057840453385,0.12128057840453385,0
159,16,1.9724098443984985,2.119161478663555,0.0,0.08000000075346309,45.2,0.08000000107637584,-0.07176441472686482,0.0,0.08,0.08000000075346309,0.08000000075346309,0
159,11,1.9708479642868042,2.119161478663555,0.0,0.07999999999999996,47.808764940239044,0.07999999999999996,-0.07255659229233455,0.0,0.08,0.07999999999999996,0.07999999999999996,0
159,19,1.7744896411895752,2.119161478663555,0.0,0.07999999999999996,48.205128205128204,0.07999999999999996,-0.17750762509941245,0.0,0.08,0.07999999999999996,0.07999999999999996,0
159,7,2.211458921432495,2.119161478663555,0.042631961467692034,0.09595224347391101,43.85964912280702,0.08817224674523563,0.042631961467692034,0.042631961467692034,0.11410556917415363,0.09595224347391101,0.09595224347391101,0
159,6,2.17781400680542,2.119161478663555,0.027301142903355294,0.09048302717427034,42.73504273504273,0.08561536125352152,0.027301142903355294,0.027301142903355294,0.10184091432268425,0.09048302717427034,0.09048302717427034,0
159,3,1.984202265739441,2.119161478663555,0.0,0.08010811393332834,48.01762114537445,0.08015444847618336,-0.0658035290648046,0.0,0.08,0.08010811393332834,0.08010811393332834,0
159,17,1.9096050262451172,2.119161478663555,0.0,0.07999999999999996,47.474747474747474,0.07999999999999996,-0.10412405285940887,0.0,0.08,0.07999999999999996,0.07999999999999996,0
159,12,2.441713809967041,2.119161478663555,0.14167969175215914,0.1379933413590233,32.926829268292686,0.11427173619786443,0.14167969175215914,0.14167969175215914,0.19334375340172733,0.1379933413590233,0.1379933413590233,0
160,9,2.047844409942627,2.1076915430889174,0.0,0.08000000196802243,41.25,0.08000000281146061,-0.028805560442170627,0.0,0.08,0.08000000196802243,0.08000000196802243,0
160,17,1.9379651546478271,2.1076915430889174,0.0,0.07999999999999996,42.92929292929293,0.07999999999999996,-0.08395475949981529,0.0,0.08,0.07999999999999996,0.07999999999999996,0
160,0,2.0134518146514893,2.1076915430889174,0.0,0.0891514754846228,41.150442477876105,0.09307353640660401,-0.04574272305837135,0.0,0.08,0.0891514754846228,0.0891514754846228,0
160,15,2.040999174118042,2.1076915430889174,0.0,0.08047030428158981,45.2991452991453,0.08067186325941403,-0.03215381382747183,0.0,0.08,0.08047030428158981,0.08047030428158981,0
160,4,1.8269044160842896,2.1076915430889174,0.0,0.08000317622952266,58.58585858585859,0.08000453747074665,-0.14297033382209326,0.0,0.08,0.08000317622952266,0.08000317622952266,0
160,14,1.928219199180603,2.1076915430889174,0.0,0.07999999999999996,42.91497975708502,0.07999999999999996,-0.08899641047587635,0.0,0.08,0.07999999999999996,0.07999999999999996,0
160,13,2.1549232006073,2.1076915430889174,0.022161791883055587,0.11749694629304737,45.4954954954955,0.12596873748730578,0.022161791883055587,0.022161791883055587,0.09772943350644447,0.11749694629304737,0.11749694629304737,0
160,19,1.8779208660125732,2.1076915430889174,0.0,0.07999999999999996,50.256410256410255,0.07999999999999996,-0.11542805005910894,0.0,0.08,0.07999999999999996,0.07999999999999996,0
160,6,2.1989216804504395,2.1076915430889174,0.04237380159278752,0.09750783140425826,37.17948717948718,0.09048302717427034,0.04237380159278752,0.04237380159278752,0.11389904127423002,0.09750783140425826,0.09750783140425826,0
160,16,1.9929941892623901,2.1076915430889174,0.0,0.08000000052742415,47.2,0.08000000075346309,-0.05595516723824542,0.0,0.08,0.08000000052742415,0.08000000052742415,0
160,1,2.0718629360198975,2.1076915430889174,0.0,0.08522132195799635,44.73684210526316,0.08745903136856623,-0.01714512144269956,0.0,0.08,0.08522132195799635,0.08522132195799635,0
160,5,2.0252459049224854,2.1076915430889174,0.0,0.0822692174337675,47.906976744186046,0.08324173919109643,-0.03990216525569616,0.0,0.08,0.0822692174337675,0.0822692174337675,0
160,12,2.1412487030029297,2.1076915430889174,0.01579587169767483,0.12438634815875826,40.65040650406504,0.1379933413590233,0.01579587169767483,0.01579587169767483,0.09263669735813987,0.12438634815875826,0.12438634815875826,0
160,8,2.196244478225708,2.1076915430889174,0.04115555297737464,0.13990708134609375,35.23809523809524,0.15147106947360547,0.04115555297737464,0.04115555297737464,0.11292444238189972,0.13990708134609375,0.13990708134609375,0
160,2,1.7030731439590454,2.1076915430889174,0.0,0.07999999999999996,53.398058252427184,0.07999999999999996,-0.21315894121492396,0.0,0.08,0.07999999999999996,0.07999999999999996,0
160,10,2.2979378700256348,2.1076915430889174,0.08641884896151081,0.17396139622651421,32.367149758454104,0.18460124639393088,0.08641884896151081,0.08641884896151081,0.14913507916920865,0.17396139622651421,0.17396139622651421,0
160,18,2.4672563076019287,2.1076915430889174,0.1575134327422113,0.1466996287413044,41.85022026431718,0.12128057840453385,0.1575134327422113,0.1575134327422113,0.20601074619376902,0.1466996287413044,0.1466996287413044,0
160,3,1.8590929508209229,2.1076915430889174,0.0,0.08007567975332983,45.81497797356828,0.08010811393332834,-0.1255045845990298,0.0,0.08,0.08007567975332983,0.08007567975332983,0
160,11,1.869384765625,2.1076915430889174,0.0,0.07999999999999996,47.01195219123506,0.07999999999999996,-0.11998391816578405,0.0,0.08,0.07999999999999996,0.07999999999999996,0
160,7,2.339386224746704,2.1076915430889174,0.10429530421261987,0.11619744344276647,43.421052631578945,0.09595224347391101,0.10429530421261987,0.10429530421261987,0.1634362433700959,0.11619744344276647,0.11619744344276647,0
161,12,2.1561455726623535,2.100234642732052,0.02627309730982047,0.11737598706548769,38.61788617886179,0.12438634815875826,0.02627309730982047,0.02627309730982047,0.10101847784785638,0.11737598706548769,0.11737598706548769,0
161,13,2.2535884380340576,2.100234642732052,0.07047473367819991,0.12316179848790113,42.34234234234234,0.11749694629304737,0.07047473367819991,0.07047473367819991,0.13637978694255992,0.12316179848790113,0.12316179848790113,0
161,17,1.9544528722763062,2.100234642732052,0.0,0.07999999999999996,38.888888888888886,0.07999999999999996,-0.07193877922591443,0.0,0.08,0.07999999999999996,0.07999999999999996,0
161,3,1.832663655281067,2.100234642732052,0.0,0.08005297582733087,45.37444933920705,0.08007567975332983,-0.13627861452455872,0.0,0.08,0.08005297582733087,0.08005297582733087,0
161,16,1.8380794525146484,2.100234642732052,0.0,0.0800000003691969,48.0,0.08000000052742415,-0.13332782174243035,0.0,0.08,0.0800000003691969,0.0800000003691969,0
161,19,1.6787092685699463,2.100234642732052,0.0,0.07999999999999996,50.76923076923077,0.07999999999999996,-0.22402386631692642,0.0,0.08,0.07999999999999996,0.07999999999999996,0
161,6,2.1192314624786377,2.100234642732052,0.009004432095219861,0.09441654568583353,45.72649572649573,0.09750783140425826,0.009004432095219861,0.009004432095219861,0.08720354567617589,0.09441654568583353,0.09441654568583353,0
161,7,2.1680846214294434,2.100234642732052,0.03179504156947608,0.11296902038661077,41.228070175438596,0.11619744344276647,0.03179504156947608,0.03179504156947608,0.10543603325558087,0.11296902038661077,0.11296902038661077,0
161,0,2.1218631267547607,2.100234642732052,0.01024546294049194,0.08886494394495402,46.46017699115044,0.0891514754846228,0.01024546294049194,0.01024546294049194,0.08819637035239355,0.08886494394495402,0.08886494394495402,0
161,9,1.788995385169983,2.100234642732052,0.0,0.0800000013776157,45.0,0.08000000196802243,-0.1603948473286489,0.0,0.08,0.0800000013776157,0.0800000013776157,0
161,5,2.2048840522766113,2.100234642732052,0.04862585016686015,0.09325865624368368,51.16279069767442,0.0822692174337675,0.04862585016686015,0.04862585016686015,0.11890068013348812,0.09325865624368368,0.09325865624368368,0
161,2,1.6040043830871582,2.100234642732052,0.0,0.07999999999999996,53.398058252427184,0.07999999999999996,-0.2695458296102461,0.0,0.08,0.07999999999999996,0.07999999999999996,0
161,18,2.283902645111084,2.100234642732052,0.08383659264811308,0.1468105223544602,40.08810572687225,0.1466996287413044,0.08383659264811308,0.08383659264811308,0.14706927411849047,0.1468105223544602,0.1468105223544602,0
161,15,1.966736078262329,2.100234642732052,0.0,0.08032921299711288,49.14529914529915,0.08047030428158981,-0.06567371714620772,0.0,0.08,0.08032921299711288,0.08032921299711288,0
161,11,1.7122822999954224,2.100234642732052,0.0,0.07999999999999996,44.223107569721115,0.07999999999999996,-0.20422191306002582,0.0,0.08,0.07999999999999996,0.07999999999999996,0
161,8,2.397876739501953,2.100234642732052,0.1325345801960391,0.153743256189315,35.714285714285715,0.13990708134609375,0.1325345801960391,0.1325345801960391,0.18602766415683128,0.153743256189315,0.153743256189315,0
161,4,2.1111795902252197,2.100234642732052,0.005197765632718964,0.0812496871125184,42.42424242424242,0.08000317622952266,0.005197765632718964,0.005197765632718964,0.08415821250617517,0.0812496871125184,0.0812496871125184,0
161,14,1.6952942609786987,2.100234642732052,0.0,0.07999999999999996,55.465587044534416,0.07999999999999996,-0.21419274092260504,0.0,0.08,0.07999999999999996,0.07999999999999996,0
161,10,2.3285093307495117,2.100234642732052,0.10317921703691038,0.17053598944741843,39.61352657004831,0.17396139622651421,0.10317921703691038,0.10317921703691038,0.1625433736295283,0.17053598944741843,0.17053598944741843,0
161,1,1.9578299522399902,2.100234642732052,0.0,0.08365492537059743,42.98245614035088,0.08522132195799635,-0.0702123801199874,0.0,0.08,0.08365492537059743,0.08365492537059743,0
162,16,1.8307240009307861,2.094106961883224,0.0,0.08000000025843781,43.6,0.0800000003691969,-0.1344156730934733,0.0,0.08,0.08000000025843781,0.08000000025843781,0
162,10,2.360515594482422,2.094106961883224,0.11975287555804938,0.17211588274712475,41.06280193236715,0.17053598944741843,0.11975287555804938,0.11975287555804938,0.17580230044643952,0.17211588274712475,0.17211588274712475,0
162,9,1.8011277914047241,2.094106961883224,0.0,0.08000000096433099,45.0,0.0800000013776157,-0.1507141710589553,0.0,0.08,0.08000000096433099,0.08000000096433099,0
162,12,2.196051597595215,2.094106961883224,0.04753382800500259,0.11757130966704199,38.21138211382114,0.11737598706548769,0.04753382800500259,0.04753382800500259,0.11802706240400207,0.11757130966704199,0.11757130966704199,0
162,3,1.7138315439224243,2.094106961883224,0.0,0.0800370830791316,47.57709251101321,0.08005297582733087,-0.20039565733778586,0.0,0.08,0.0800370830791316,0.0800370830791316,0
162,19,1.6812447309494019,2.094106961883224,0.0,0.07999999999999996,52.30769230769231,0.07999999999999996,-0.21959275978927775,0.0,0.08,0.07999999999999996,0.07999999999999996,0
162,15,1.8868687152862549,2.094106961883224,0.0,0.08023044909797901,46.58119658119658,0.08032921299711288,-0.10420850007192171,0.0,0.08,0.08023044909797901,0.08023044909797901,0
162,2,1.810234785079956,2.094106961883224,0.0,0.07999999999999996,50.970873786407765,0.07999999999999996,-0.14567063818922446,0.0,0.08,0.07999999999999996,0.07999999999999996,0
162,14,1.9365453720092773,2.094106961883224,0.0,0.07999999999999996,40.89068825910931,0.07999999999999996,-0.07822154132644006,0.0,0.08,0.07999999999999996,0.07999999999999996,0
162,5,1.9140996932983398,2.094106961883224,0.0,0.08928105937057856,50.23255813953488,0.09325865624368368,-0.08987981283108991,0.0,0.08,0.08928105937057856,0.08928105937057856,0
162,17,1.9647365808486938,2.094106961883224,0.0,0.07999999999999996,46.96969696969697,0.07999999999999996,-0.06376901021558339,0.0,0.08,0.07999999999999996,0.07999999999999996,0
162,1,2.0520403385162354,2.094106961883224,0.0,0.0825584477594182,38.59649122807018,0.08365492537059743,-0.02029260595774588,0.0,0.08,0.0825584477594182,0.0825584477594182,0
162,8,2.3301687240600586,2.094106961883224,0.10681348691451382,0.1572555161920038,35.714285714285715,0.153743256189315,0.10681348691451382,0.10681348691451382,0.16545078953161108,0.1572555161920038,0.1572555161920038,0
162,4,2.066185474395752,2.094106961883224,0.0,0.08087478097876288,50.505050505050505,0.0812496871125184,-0.013423049949856812,0.0,0.08,0.08087478097876288,0.08087478097876288,0
162,11,1.845401406288147,2.094106961883224,0.0,0.07999999999999996,49.40239043824701,0.07999999999999996,-0.1264303724610754,0.0,0.08,0.07999999999999996,0.07999999999999996,0
162,0,2.1170761585235596,2.094106961883224,0.01090877487610411,0.08882356673173279,45.13274336283186,0.08886494394495402,0.01090877487610411,0.01090877487610411,0.08872701990088329,0.08882356673173279,0.08882356673173279,0
162,18,2.255124807357788,2.094106961883224,0.074078126708425,0.14454611605814413,36.12334801762115,0.1468105223544602,0.074078126708425,0.074078126708425,0.13926250136674,0.14454611605814413,0.14454611605814413,0
162,6,2.1404480934143066,2.094106961883224,0.021888005140144235,0.09534470321371809,50.427350427350426,0.09441654568583353,0.021888005140144235,0.021888005140144235,0.0975104041121154,0.09534470321371809,0.09534470321371809,0
162,13,2.187256097793579,2.094106961883224,0.04352064336112086,0.12065821334819979,42.34234234234234,0.12316179848790113,0.04352064336112086,0.04352064336112086,0.1148165146888967,0.12065821334819979,0.12065821334819979,0
162,7,2.4419002532958984,2.094106961883224,0.1536493365407126,0.13995415504039854,45.175438596491226,0.11296902038661077,0.1536493365407126,0.1536493365407126,0.2029194692325701,0.13995415504039854,0.13995415504039854,0
163,8,2.0351359844207764,2.085535111663148,0.0,0.13407886133440267,40.476190476190474,0.1572555161920038,-0.024462831009966213,0.0,0.08,0.13407886133440267,0.13407886133440267,0
163,17,1.90329909324646,2.085535111663148,0.0,0.07999999999999996,46.464646464646464,0.07999999999999996,-0.09143672484258022,0.0,0.08,0.07999999999999996,0.07999999999999996,0
163,10,2.316852331161499,2.085535111663148,0.10518403956407842,0.16972528741836612,29.95169082125604,0.17211588274712475,0.10518403956407842,0.10518403956407842,0.16414723165126274,0.16972528741836612,0.16972528741836612,0
163,13,2.203803300857544,2.085535111663148,0.05515917001385812,0.12169895014706579,45.4954954954955,0.12065821334819979,0.05515917001385812,0.05515917001385812,0.1241273360110865,0.12169895014706579,0.12169895014706579,0
163,19,1.8847975730895996,2.085535111663148,0.0,0.07999999999999996,44.61538461538461,0.07999999999999996,-0.10120504323917907,0.0,0.08,0.07999999999999996,0.07999999999999996,0
163,11,1.609912633895874,2.085535111663148,0.0,0.07999999999999996,49.40239043824701,0.07999999999999996,-0.2588455563222878,0.0,0.08,0.07999999999999996,0.07999999999999996,0
163,12,2.1664674282073975,2.085535111663148,0.03807245701223998,0.11543730644986697,34.959349593495936,0.11757130966704199,0.03807245701223998,0.03807245701223998,0.11045796560979199,0.11543730644986697,0.11543730644986697,0
163,5,2.054624080657959,2.085535111663148,0.0,0.08649674155940498,43.25581395348837,0.08928105937057856,-0.01493256843536731,0.0,0.08,0.08649674155940498,0.08649674155940498,0
163,0,2.042555093765259,2.085535111663148,0.0,0.08617649671221295,47.34513274336283,0.08882356673173279,-0.020823949421101457,0.0,0.08,0.08617649671221295,0.08617649671221295,0
163,2,1.7378400564193726,2.085535111663148,0.0,0.07999999999999996,45.63106796116505,0.07999999999999996,-0.18238247441081348,0.0,0.08,0.07999999999999996,0.07999999999999996,0
163,18,2.273542881011963,2.085535111663148,0.08631388433907476,0.14589761348207883,41.85022026431718,0.14454611605814413,0.08631388433907476,0.08631388433907476,0.14905110747125982,0.14589761348207883,0.14589761348207883,0
163,7,2.042668342590332,2.085535111663148,0.0,0.12196790852827896,42.10526315789474,0.13995415504039854,-0.02076850627273413,0.0,0.08,0.12196790852827896,0.12196790852827896,0
163,16,1.8715137243270874,2.085535111663148,0.0,0.08000000018090647,44.4,0.08000000025843781,-0.10827788838812669,0.0,0.08,0.08000000018090647,0.08000000018090647,0
163,9,1.7849100828170776,2.085535111663148,0.0,0.08000000067503168,49.166666666666664,0.08000000096433099,-0.15565742960346962,0.0,0.08,0.08000000067503168,0.08000000067503168,0
163,6,2.1280829906463623,2.085535111663148,0.020196099385050664,0.09558835610201481,50.0,0.09534470321371809,0.020196099385050664,0.020196099385050664,0.09615687950804053,0.09558835610201481,0.09558835610201481,0
163,1,2.0509395599365234,2.085535111663148,0.0,0.08179091343159274,45.175438596491226,0.0825584477594182,-0.016727460447873384,0.0,0.08,0.08179091343159274,0.08179091343159274,0
163,4,2.0165905952453613,2.085535111663148,0.0,0.080612346685134,48.98989898989899,0.08087478097876288,-0.03361720914074885,0.0,0.08,0.080612346685134,0.080612346685134,0
163,3,1.867632508277893,2.085535111663148,0.0,0.08002595815539212,47.57709251101321,0.0800370830791316,-0.11035387963367338,0.0,0.08,0.08002595815539212,0.08002595815539212,0
163,15,2.190187692642212,2.085535111663148,0.04896177372780337,0.09191214006325812,48.29059829059829,0.08023044909797901,0.04896177372780337,0.04896177372780337,0.1191694189822427,0.09191214006325812,0.09191214006325812,0
163,14,1.9450074434280396,2.085535111663148,0.0,0.07999999999999996,49.392712550607285,0.07999999999999996,-0.0697596662371032,0.0,0.08,0.07999999999999996,0.07999999999999996,0
164,12,2.0839881896972656,2.0808661544061353,0.0014992293141480584,0.1051659295503024,39.02439024390244,0.11543730644986697,0.0014992293141480584,0.0014992293141480584,0.08119938345131845,0.1051659295503024,0.1051659295503024,0
164,17,2.001424551010132,2.0808661544061353,0.0,0.07999999999999996,43.93939393939394,0.07999999999999996,-0.0389250247139307,0.0,0.08,0.07999999999999996,0.07999999999999996,0
164,6,2.080650806427002,2.0808661544061353,0.0,0.09091184927141036,41.02564102564103,0.09558835610201481,-0.00010349494202109036,0.0,0.08,0.09091184927141036,0.09091184927141036,0
164,13,2.069247007369995,2.0808661544061353,0.0,0.10918926510294605,44.14414414414414,0.12169895014706579,-0.005599450851555261,0.0,0.08,0.10918926510294605,0.10918926510294605,0
164,5,2.0560879707336426,2.0808661544061353,0.0,0.08454771909158348,50.69767441860465,0.08649674155940498,-0.011979093364592592,0.0,0.08,0.08454771909158348,0.08454771909158348,0
164,16,1.9367170333862305,2.0808661544061353,0.0,0.08000000012663452,48.8,0.08000000018090647,-0.07178993829466732,0.0,0.08,0.08000000012663452,0.08000000012663452,0
164,19,1.745245337486267,2.0808661544061353,0.0,0.07999999999999996,50.256410256410255,0.07999999999999996,-0.17588908617781482,0.0,0.08,0.07999999999999996,0.07999999999999996,0
164,8,2.236936569213867,2.0808661544061353,0.07232309905772347,0.13521274670793548,38.57142857142857,0.13407886133440267,0.07232309905772347,0.07232309905772347,0.13785847924617878,0.13521274670793548,0.13521274670793548,0
164,11,1.8491387367248535,2.0808661544061353,0.0,0.07999999999999996,45.81673306772908,0.07999999999999996,-0.1180642438466978,0.0,0.08,0.07999999999999996,0.07999999999999996,0
164,10,2.481071710586548,2.0808661544061353,0.17590637999918657,0.18502523239266105,34.29951690821256,0.16972528741836612,0.17590637999918657,0.17590637999918657,0.22072510399934925,0.18502523239266105,0.18502523239266105,0
164,18,2.3800082206726074,2.0808661544061353,0.13431971371562942,0.15836506072920623,37.44493392070485,0.14589761348207883,0.13431971371562942,0.13431971371562942,0.18745577097250354,0.15836506072920623,0.15836506072920623,0
164,2,1.840370535850525,2.0808661544061353,0.0,0.07999999999999996,52.42718446601942,0.07999999999999996,-0.12281729726722378,0.0,0.08,0.07999999999999996,0.07999999999999996,0
164,14,1.8214576244354248,2.0808661544061353,0.0,0.07999999999999996,48.987854251012145,0.07999999999999996,-0.13314715364512655,0.0,0.08,0.07999999999999996,0.07999999999999996,0
164,3,1.9215813875198364,2.0808661544061353,0.0,0.08001817070877448,50.220264317180614,0.08002595815539212,-0.07963574065533358,0.0,0.08,0.08001817070877448,0.08001817070877448,0
164,15,1.90044105052948,2.0808661544061353,0.0,0.08833849804428068,47.863247863247864,0.09191214006325812,-0.09069823587405425,0.0,0.08,0.08833849804428068,0.08833849804428068,0
164,0,2.1491682529449463,2.0808661544061353,0.0322966806203004,0.09207475104742116,46.46017699115044,0.08617649671221295,0.0322966806203004,0.0322966806203004,0.10583734449624033,0.09207475104742116,0.09207475104742116,0
164,9,1.8692418336868286,2.0808661544061353,0.0,0.08000000047252218,50.833333333333336,0.08000000067503168,-0.10725131475403764,0.0,0.08,0.08000000047252218,0.08000000047252218,0
164,4,1.799439549446106,2.0808661544061353,0.0,0.08042864267959379,51.01010101010101,0.080612346685134,-0.14530897167003137,0.0,0.08,0.08042864267959379,0.08042864267959379,0
164,7,2.3552985191345215,2.0808661544061353,0.1238832511706366,0.13910951625074805,34.64912280701754,0.12196790852827896,0.1238832511706366,0.1238832511706366,0.1791066009365093,0.13910951625074805,0.13910951625074805,0
164,1,2.1257405281066895,2.0808661544061353,0.021335997961578708,0.0863742789128938,40.35087719298246,0.08179091343159274,0.021335997961578708,0.021335997961578708,0.09706879836926297,0.0863742789128938,0.0863742789128938,0
165,18,2.179295301437378,2.0756551650527104,0.04872472205127783,0.14654947580275104,38.32599118942731,0.15836506072920623,0.04872472205127783,0.04872472205127783,0.11897977764102227,0.14654947580275104,0.14654947580275104,0
165,7,2.232060194015503,2.0756551650527104,0.07264816642210327,0.1388122213168284,46.05263157894737,0.13910951625074805,0.07264816642210327,0.07264816642210327,0.13811853313768263,0.1388122213168284,0.1388122213168284,0
165,9,1.9233814477920532,2.0756551650527104,0.0,0.08000000033076551,45.833333333333336,0.08000000047252218,-0.07619203793719931,0.0,0.08,0.08000000033076551,0.08000000033076551,0
165,14,1.594394564628601,2.0756551650527104,0.0,0.07999999999999996,51.012145748987855,0.07999999999999996,-0.263782763714568,0.0,0.08,0.07999999999999996,0.07999999999999996,0
165,17,1.929847002029419,2.0756551650527104,0.0,0.07999999999999996,45.95959595959596,0.07999999999999996,-0.07283611946206744,0.0,0.08,0.07999999999999996,0.07999999999999996,0
165,0,2.0785064697265625,2.0756551650527104,0.0013727463486304598,0.08878178485686612,49.11504424778761,0.09207475104742116,0.0013727463486304598,0.0013727463486304598,0.08109819707890437,0.08878178485686612,0.08878178485686612,0
165,11,1.9182722568511963,2.0756551650527104,0.0,0.07999999999999996,49.40239043824701,0.07999999999999996,-0.07885193095170462,0.0,0.08,0.07999999999999996,0.07999999999999996,0
165,10,2.371853828430176,2.0756551650527104,0.13339500882966862,0.1855324647939832,38.16425120772947,0.18502523239266105,0.13339500882966862,0.13339500882966862,0.18671600706373492,0.1855324647939832,0.1855324647939832,0
165,15,2.0996882915496826,2.0756551650527104,0.011512055020973576,0.08859984183603013,40.17094017094017,0.08833849804428068,0.011512055020973576,0.011512055020973576,0.08920964401677886,0.08859984183603013,0.08859984183603013,0
165,5,1.9987763166427612,2.0756551650527104,0.0,0.08318340336410843,45.58139534883721,0.08454771909158348,-0.03774169422553382,0.0,0.08,0.08318340336410843,0.08318340336410843,0
165,2,1.743669867515564,2.0756551650527104,0.0,0.07999999999999996,51.45631067961165,0.07999999999999996,-0.17428483370470985,0.0,0.08,0.07999999999999996,0.07999999999999996,0
165,8,2.1836941242218018,2.0756551650527104,0.0507411487833019,0.13082679840354727,40.0,0.13521274670793548,0.0507411487833019,0.0507411487833019,0.12059291902664153,0.13082679840354727,0.13082679840354727,0
165,16,1.782312273979187,2.0756551650527104,0.0,0.08000000008864416,47.6,0.08000000012663452,-0.15236529362825796,0.0,0.08,0.08000000008864416,0.08000000008864416,0
165,19,1.728725790977478,2.0756551650527104,0.0,0.07999999999999996,47.69230769230769,0.07999999999999996,-0.18289224494800377,0.0,0.08,0.07999999999999996,0.07999999999999996,0
165,12,2.1730566024780273,2.0756551650527104,0.04585790275852818,0.10862204734725844,40.65040650406504,0.1051659295503024,0.04585790275852818,0.04585790275852818,0.11668632220682254,0.10862204734725844,0.10862204734725844,0
165,13,2.1317782402038574,2.0756551650527104,0.02667963981241006,0.10683559912704063,41.891891891891895,0.10918926510294605,0.02667963981241006,0.02667963981241006,0.10134371184992805,0.10683559912704063,0.10683559912704063,0
165,3,1.6943987607955933,2.0756551650527104,0.0,0.08001271949614214,49.33920704845815,0.08001817070877448,-0.2029488804448136,0.0,0.08,0.08001271949614214,0.08001271949614214,0
165,4,1.7307127714157104,2.0756551650527104,0.0,0.08030004987571565,48.98989898989899,0.08042864267959379,-0.1817435148235011,0.0,0.08,0.08030004987571565,0.08030004987571565,0
165,6,2.089419364929199,2.0756551650527104,0.00660936548300551,0.08922454220590857,44.87179487179487,0.09091184927141036,0.00660936548300551,0.00660936548300551,0.08528749238640441,0.08922454220590857,0.08922454220590857,0
165,1,2.0109708309173584,2.0756551650527104,0.0,0.08446199523902566,43.421052631578945,0.0863742789128938,-0.03165923996548858,0.0,0.08,0.08446199523902566,0.08446199523902566,0
166,0,2.060983657836914,2.0685770059254454,0.0,0.08614724939980628,45.575221238938056,0.08878178485686612,-0.0036775614783336086,0.0,0.08,0.08614724939980628,0.08614724939980628,0
166,16,2.008263111114502,2.0685770059254454,0.0,0.08000000006205091,49.2,0.08000000008864416,-0.029590709310973237,0.0,0.08,0.08000000006205091,0.08000000006205091,0
166,5,2.0009381771087646,2.0685770059254454,0.0,0.0822283823548759,45.58139534883721,0.08318340336410843,-0.03324477484319786,0.0,0.08,0.0822283823548759,0.0822283823548759,0
166,8,2.259359121322632,2.0685770059254454,0.08822026389179508,0.1367516222165139,37.142857142857146,0.13082679840354727,0.08822026389179508,0.08822026389179508,0.15057621111343605,0.1367516222165139,0.1367516222165139,0
166,9,1.9658466577529907,2.0685770059254454,0.0,0.08000000023153586,45.0,0.08000000033076551,-0.050937912271386804,0.0,0.08,0.08000000023153586,0.08000000023153586,0
166,7,2.116706371307373,2.0685770059254454,0.023000347915312157,0.1266886384214548,41.228070175438596,0.1388122213168284,0.023000347915312157,0.023000347915312157,0.09840027833224974,0.1266886384214548,0.1266886384214548,0
166,18,2.2114546298980713,2.0685770059254454,0.06678956813685247,0.1426141294147703,41.409691629955944,0.14654947580275104,0.06678956813685247,0.06678956813685247,0.13343165450948197,0.1426141294147703,0.1426141294147703,0
166,6,2.0010416507720947,2.0685770059254454,0.0,0.086457179544136,38.888888888888886,0.08922454220590857,-0.03319306360661692,0.0,0.08,0.086457179544136,0.086457179544136,0
166,2,1.5575389862060547,2.0685770059254454,0.0,0.07999999999999996,53.398058252427184,0.07999999999999996,-0.28375392990901555,0.0,0.08,0.07999999999999996,0.07999999999999996,0
166,13,2.1487772464752197,2.0685770059254454,0.0380380234721521,0.10791404502224494,45.4954954954955,0.10683559912704063,0.0380380234721521,0.0380380234721521,0.11043041877772168,0.10791404502224494,0.10791404502224494,0
166,14,1.8088369369506836,2.0685770059254454,0.0,0.07999999999999996,51.821862348178136,0.07999999999999996,-0.1341768709723468,0.0,0.08,0.07999999999999996,0.07999999999999996,0
166,10,2.323056936264038,2.0685770059254454,0.11602302862445858,0.1817182522256583,34.29951690821256,0.1855324647939832,0.11602302862445858,0.11602302862445858,0.1728184228995669,0.1817182522256583,0.1817182522256583,0
166,1,2.040987014770508,2.0685770059254454,0.0,0.08312339666731797,41.666666666666664,0.08446199523902566,-0.013427412450334814,0.0,0.08,0.08312339666731797,0.08312339666731797,0
166,4,1.8369882106781006,2.0685770059254454,0.0,0.08021003491300095,53.535353535353536,0.08030004987571565,-0.11873354501526202,0.0,0.08,0.08021003491300095,0.08021003491300095,0
166,3,1.828800916671753,2.0685770059254454,0.0,0.08000890364729948,50.220264317180614,0.08001271949614214,-0.12320041819898304,0.0,0.08,0.08000890364729948,0.08000890364729948,0
166,19,1.7302111387252808,2.0685770059254454,0.0,0.07999999999999996,57.94871794871795,0.07999999999999996,-0.17861748661921506,0.0,0.08,0.07999999999999996,0.07999999999999996,0
166,15,1.9292352199554443,2.0685770059254454,0.0,0.08601988928522109,44.87179487179487,0.08859984183603013,-0.06973726848916784,0.0,0.08,0.08601988928522109,0.08601988928522109,0
166,17,1.9954612255096436,2.0685770059254454,0.0,0.07999999999999996,36.86868686868687,0.07999999999999996,-0.03598571960314839,0.0,0.08,0.07999999999999996,0.07999999999999996,0
166,12,1.947034239768982,2.0685770059254454,0.0,0.10003543314308092,35.77235772357724,0.10862204734725844,-0.060553621684955025,0.0,0.08,0.10003543314308092,0.10003543314308092,0
166,11,1.8663901090621948,2.0685770059254454,0.0,0.07999999999999996,50.99601593625498,0.07999999999999996,-0.10285479137231136,0.0,0.08,0.07999999999999996,0.07999999999999996,0
167,18,2.30731201171875,2.0615392754638213,0.11263029031213526,0.15086116026525168,37.44493392070485,0.1426141294147703,0.11263029031213526,0.11263029031213526,0.17010423224970822,0.15086116026525168,0.15086116026525168,0
167,0,2.018291711807251,2.0615392754638213,0.0,0.08430307457986438,40.26548672566372,0.08614724939980628,-0.02120145837199212,0.0,0.08,0.08430307457986438,0.08430307457986438,0
167,14,1.8227823972702026,2.0615392754638213,0.0,0.07999999999999996,55.06072874493927,0.07999999999999996,-0.12308880084607884,0.0,0.08,0.07999999999999996,0.07999999999999996,0
167,9,1.9210293292999268,2.0615392754638213,0.0,0.08000000016207509,52.916666666666664,0.08000000023153586,-0.07059177311996413,0.0,0.08,0.08000000016207509,0.08000000016207509,0
167,15,1.9747841358184814,2.0615392754638213,0.0,0.08421392249965476,42.73504273504273,0.08601988928522109,-0.042993830596803936,0.0,0.08,0.08421392249965476,0.08421392249965476,0
167,2,1.5992558002471924,2.0615392754638213,0.0,0.07999999999999996,52.9126213592233,0.07999999999999996,-0.25391452727145625,0.0,0.08,0.07999999999999996,0.07999999999999996,0
167,3,1.803638219833374,2.0615392754638213,0.0,0.08000623255310964,55.947136563876654,0.08000890364729948,-0.13364706597681753,0.0,0.08,0.08000623255310964,0.08000623255310964,0
167,19,1.5630651712417603,2.0615392754638213,0.0,0.07999999999999996,53.84615384615385,0.07999999999999996,-0.27680417650079403,0.0,0.08,0.07999999999999996,0.07999999999999996,0
167,17,2.197925567626953,2.0615392754638213,0.06406106655530099,0.0953746559732722,47.97979797979798,0.07999999999999996,0.06406106655530099,0.06406106655530099,0.1312488532442408,0.0953746559732722,0.0953746559732722,0
167,1,2.2132859230041504,2.0615392754638213,0.07102532905905241,0.09923245664129515,47.80701754385965,0.08312339666731797,0.07102532905905241,0.07102532905905241,0.13682026324724195,0.09923245664129515,0.09923245664129515,0
167,10,2.395620822906494,2.0615392754638213,0.15018948797083773,0.18724825367096187,40.57971014492754,0.1817182522256583,0.15018948797083773,0.15018948797083773,0.20015159037667019,0.18724825367096187,0.18724825367096187,0
167,4,1.8219683170318604,2.0615392754638213,0.0,0.08014702443910066,48.484848484848484,0.08021003491300095,-0.12353551466067164,0.0,0.08,0.08014702443910066,0.08014702443910066,0
167,12,2.1197571754455566,2.0615392754638213,0.027848617236596825,0.10070847133693987,37.80487804878049,0.10003543314308092,0.027848617236596825,0.027848617236596825,0.10227889378927746,0.10070847133693987,0.10070847133693987,0
167,7,2.052558422088623,2.0615392754638213,0.0,0.11268204689501837,40.35087719298246,0.1266886384214548,-0.004365899041372129,0.0,0.08,0.11268204689501837,0.11268204689501837,0
167,5,2.016632080078125,2.0615392754638213,0.0,0.08155986764841312,47.906976744186046,0.0822283823548759,-0.022024091908630528,0.0,0.08,0.08155986764841312,0.08155986764841312,0
167,16,1.7067623138427734,2.0615392754638213,0.0,0.08000000004343563,43.2,0.08000000006205091,-0.18885473178124268,0.0,0.08,0.08000000004343563,0.08000000004343563,0
167,6,1.990926742553711,2.0615392754638213,0.0,0.0845200256808952,49.14529914529915,0.086457179544136,-0.03485269459004506,0.0,0.08,0.0845200256808952,0.0845200256808952,0
167,11,1.6583962440490723,2.0615392754638213,0.0,0.07999999999999996,48.20717131474104,0.07999999999999996,-0.2176019063576752,0.0,0.08,0.07999999999999996,0.07999999999999996,0
167,8,2.412787675857544,2.0615392754638213,0.15732986542489513,0.15748530325353455,34.76190476190476,0.1367516222165139,0.15732986542489513,0.15732986542489513,0.2058638923399161,0.15748530325353455,0.15748530325353455,0
167,13,2.210695505142212,2.0615392754638213,0.06985424903154841,0.11630485128314307,42.34234234234234,0.10791404502224494,0.06985424903154841,0.06985424903154841,0.13588339922523873,0.11630485128314307,0.11630485128314307,0
168,11,1.7423723936080933,2.0557632890490307,0.0,0.07999999999999996,52.98804780876494,0.07999999999999996,-0.16539957912211925,0.0,0.08,0.07999999999999996,0.07999999999999996,0
168,1,1.9800121784210205,2.0557632890490307,0.0,0.0934627196489066,43.421052631578945,0.09923245664129515,-0.03754421358793891,0.0,0.08,0.0934627196489066,0.0934627196489066,0
168,8,2.241959810256958,2.0557632890490307,0.08670318906169922,0.15504847765228197,35.714285714285715,0.15748530325353455,0.08670318906169922,0.08670318906169922,0.14936255124935938,0.15504847765228197,0.15504847765228197,0
168,9,1.816785454750061,2.0557632890490307,0.0,0.08000000011345257,52.916666666666664,0.08000000016207509,-0.12357850273424255,0.0,0.08,0.08000000011345257,0.08000000011345257,0
168,10,2.3702340126037598,2.0557632890490307,0.14234147994323848,0.18923573275605055,39.130434782608695,0.18724825367096187,0.14234147994323848,0.14234147994323848,0.1938731839545908,0.18923573275605055,0.18923573275605055,0
168,13,2.1065497398376465,2.0557632890490307,0.024404205412141475,0.11127040519711409,47.2972972972973,0.11630485128314307,0.024404205412141475,0.024404205412141475,0.09952336432971318,0.11127040519711409,0.11127040519711409,0
168,12,1.986472725868225,2.0557632890490307,0.0,0.0944959299358579,42.68292682926829,0.10070847133693987,-0.03428664257296054,0.0,0.08,0.0944959299358579,0.0944959299358579,0
168,5,2.1826765537261963,2.0557632890490307,0.05990469117578112,0.09546903323607665,40.46511627906977,0.08155986764841312,0.05990469117578112,0.05990469117578112,0.1279237529406249,0.09546903323607665,0.09546903323607665,0
168,14,1.8591150045394897,2.0557632890490307,0.0,0.07999999999999996,48.178137651821864,0.07999999999999996,-0.10054663818128898,0.0,0.08,0.07999999999999996,0.07999999999999996,0
168,2,1.7142045497894287,2.0557632890490307,0.0,0.07999999999999996,54.36893203883495,0.07999999999999996,-0.18169805455435345,0.0,0.08,0.07999999999999996,0.07999999999999996,0
168,18,2.318582773208618,2.0557632890490307,0.12030891567128621,0.15847695194678485,41.85022026431718,0.15086116026525168,0.12030891567128621,0.12030891567128621,0.17624713253702898,0.15847695194678485,0.15847695194678485,0
168,16,1.8375213146209717,2.0557632890490307,0.0,0.08000000003040494,42.0,0.08000000004343563,-0.11222965677021092,0.0,0.08,0.08000000003040494,0.08000000003040494,0
168,7,2.181487560272217,2.0557632890490307,0.05935980173217159,0.11712378524223403,43.421052631578945,0.11268204689501837,0.05935980173217159,0.05935980173217159,0.12748784138573727,0.11712378524223403,0.11712378524223403,0
168,17,1.9139705896377563,2.0557632890490307,0.0,0.09076225918129055,41.91919191919192,0.0953746559732722,-0.0714672818216698,0.0,0.08,0.09076225918129055,0.09076225918129055,0
168,4,1.9253268241882324,2.0557632890490307,0.0,0.08010291710737046,45.45454545454545,0.08014702443910066,-0.06555147672166485,0.0,0.08,0.08010291710737046,0.08010291710737046,0
168,0,1.9297821521759033,2.0557632890490307,0.0,0.08301215220590506,48.230088495575224,0.08430307457986438,-0.06324008683596748,0.0,0.08,0.08301215220590506,0.08301215220590506,0
168,15,1.8027385473251343,2.0557632890490307,0.0,0.08294974574975833,43.58974358974359,0.08421392249965476,-0.13134028459330144,0.0,0.08,0.08294974574975833,0.08294974574975833,0
168,19,1.8615309000015259,2.0557632890490307,0.0,0.07999999999999996,54.35897435897436,0.07999999999999996,-0.09924799496150292,0.0,0.08,0.07999999999999996,0.07999999999999996,0
168,6,2.060112476348877,2.0557632890490307,0.002113372290788002,0.08367122732641576,45.72649572649573,0.0845200256808952,0.002113372290788002,0.002113372290788002,0.0816906978326304,0.08367122732641576,0.08367122732641576,0
168,3,1.9275341033935547,2.0557632890490307,0.0,0.08000436278717674,51.10132158590309,0.08000623255310964,-0.0644056894862396,0.0,0.08,0.08000436278717674,0.08000436278717674,0
169,10,2.2894041538238525,2.0430527729226005,0.11384644175149278,0.18378815894959363,32.85024154589372,0.18923573275605055,0.11384644175149278,0.11384644175149278,0.17107715340119423,0.18378815894959363,0.18378815894959363,0
169,0,2.1340770721435547,2.0430527729226005,0.04358912170489513,0.09256989575330837,40.26548672566372,0.08301215220590506,0.04358912170489513,0.04358912170489513,0.1148712973639161,0.09256989575330837,0.09256989575330837,0
169,13,2.046725034713745,2.0430527729226005,0.0017958250706169832,0.10232028165492793,43.693693693693696,0.11127040519711409,0.0017958250706169832,0.0017958250706169832,0.08143666005649358,0.10232028165492793,0.10232028165492793,0
169,11,1.6336365938186646,2.0430527729226005,0.0,0.07999999999999996,49.40239043824701,0.07999999999999996,-0.2236365764691115,0.0,0.08,0.07999999999999996,0.07999999999999996,0
169,6,1.893345594406128,2.0430527729226005,0.0,0.08256985912849102,47.863247863247864,0.08367122732641576,-0.07609972624494205,0.0,0.08,0.08256985912849102,0.08256985912849102,0
169,8,2.3060319423675537,2.0430527729226005,0.12108312644870584,0.1615938847042868,40.476190476190474,0.15504847765228197,0.12108312644870584,0.12108312644870584,0.17686650115896468,0.1615938847042868,0.1615938847042868,0
169,15,1.8870383501052856,2.0430527729226005,0.0,0.08206482202483083,47.863247863247864,0.08294974574975833,-0.07943655668986639,0.0,0.08,0.08206482202483083,0.08206482202483083,0
169,17,1.7906025648117065,2.0430527729226005,0.0,0.08753358142690337,41.91919191919192,0.09076225918129055,-0.13189295431212816,0.0,0.08,0.08753358142690337,0.08753358142690337,0
169,9,1.7833278179168701,2.0430527729226005,0.0,0.0800000000794168,54.583333333333336,0.08000000011345257,-0.13596396640368755,0.0,0.08,0.0800000000794168,0.0800000000794168,0
169,7,2.165198802947998,2.0430527729226005,0.0580670362099544,0.11992273835995287,38.1578947368421,0.11712378524223403,0.0580670362099544,0.0580670362099544,0.12645362896796353,0.11992273835995287,0.11992273835995287,0
169,4,1.7242451906204224,2.0430527729226005,0.0,0.08007204197515932,46.464646464646464,0.08010291710737046,-0.16965576162314958,0.0,0.08,0.08007204197515932,0.08007204197515932,0
169,19,1.6102163791656494,2.0430527729226005,0.0,0.07999999999999996,47.69230769230769,0.07999999999999996,-0.23807657831576168,0.0,0.08,0.07999999999999996,0.07999999999999996,0
169,16,1.8071966171264648,2.0430527729226005,0.0,0.08000000002128346,48.8,0.08000000003040494,-0.12266833167261214,0.0,0.08,0.08000000002128346,0.08000000002128346,0
169,2,1.51211416721344,2.0430527729226005,0.0,0.07999999999999996,56.79611650485437,0.07999999999999996,-0.3009363625529559,0.0,0.08,0.07999999999999996,0.07999999999999996,0
169,5,2.0564980506896973,2.0430527729226005,0.006559414183609681,0.09240258266931997,42.325581395348834,0.09546903323607665,0.006559414183609681,0.006559414183609681,0.08524753134688774,0.09240258266931997,0.09240258266931997,0
169,3,1.7700856924057007,2.0430527729226005,0.0,0.08000305395102371,50.220264317180614,0.08000436278717674,-0.14341718663750563,0.0,0.08,0.08000305395102371,0.08000305395102371,0
169,1,1.8724210262298584,2.0430527729226005,0.0,0.08942390375423462,44.29824561403509,0.0934627196489066,-0.0872128862069869,0.0,0.08,0.08942390375423462,0.08942390375423462,0
169,14,1.660595178604126,2.0430527729226005,0.0,0.07999999999999996,45.34412955465587,0.07999999999999996,-0.20726906603171558,0.0,0.08,0.07999999999999996,0.07999999999999996,0
169,12,2.2986011505126953,2.0430527729226005,0.1178555953411389,0.11843249383697387,43.49593495934959,0.0944959299358579,0.1178555953411389,0.1178555953411389,0.17428447627291113,0.11843249383697387,0.11843249383697387,0
169,18,2.2708370685577393,2.0430527729226005,0.1057033691037164,0.16030267494764133,36.12334801762115,0.15847695194678485,0.1057033691037164,0.1057033691037164,0.16456269528297313,0.16030267494764133,0.16030267494764133,0
170,2,1.4743585586547852,2.0267204644470977,0.0,0.07999999999999996,48.54368932038835,0.07999999999999996,-0.31819593034883953,0.0,0.08,0.07999999999999996,0.07999999999999996,0
170,15,1.9081859588623047,2.0267204644470977,0.0,0.08144537541738157,43.58974358974359,0.08206482202483083,-0.060265920615599024,0.0,0.08,0.08144537541738157,0.08144537541738157,0
170,13,1.9950473308563232,2.0267204644470977,0.0,0.09562419715844955,42.792792792792795,0.10232028165492793,-0.015751177036360215,0.0,0.08,0.09562419715844955,0.09562419715844955,0
170,19,1.8361170291900635,2.0267204644470977,0.0,0.07999999999999996,53.333333333333336,0.07999999999999996,-0.09876591984708176,0.0,0.08,0.07999999999999996,0.07999999999999996,0
170,9,1.7982522249221802,2.0267204644470977,0.0,0.08000000005559176,47.916666666666664,0.0800000000794168,-0.11960374425288557,0.0,0.08,0.08000000005559176,0.08000000005559176,0
170,8,2.386636734008789,2.0267204644470977,0.16346619795018155,0.17634760680104433,31.428571428571427,0.1615938847042868,0.16346619795018155,0.16346619795018155,0.21077295836014526,0.17634760680104433,0.17634760680104433,0
170,14,1.7782100439071655,2.0267204644470977,0.0,0.07999999999999996,53.84615384615385,0.07999999999999996,-0.13081168618030561,0.0,0.08,0.07999999999999996,0.07999999999999996,0
170,6,1.963618516921997,2.0267204644470977,0.0,0.08179890138994371,50.85470085470085,0.08256985912849102,-0.0316299985106364,0.0,0.08,0.08179890138994371,0.08179890138994371,0
170,1,2.128178358078003,2.0267204644470977,0.048847430703076684,0.09832011599670262,45.6140350877193,0.08942390375423462,0.048847430703076684,0.048847430703076684,0.11907794456246135,0.09832011599670262,0.09832011599670262,0
170,0,2.048638105392456,2.0267204644470977,0.010756281578650521,0.09138043460619198,47.78761061946903,0.09256989575330837,0.010756281578650521,0.010756281578650521,0.08860502526292041,0.09138043460619198,0.09138043460619198,0
170,5,1.8516943454742432,2.0267204644470977,0.0,0.08868180786852398,47.44186046511628,0.09240258266931997,-0.09031786908606552,0.0,0.08,0.08868180786852398,0.08868180786852398,0
170,17,1.8197814226150513,2.0267204644470977,0.0,0.08527350699883235,40.90909090909091,0.08753358142690337,-0.10770255494184991,0.0,0.08,0.08527350699883235,0.08527350699883235,0
170,18,2.188451051712036,2.0267204644470977,0.07677505898325246,0.1546378866193295,38.32599118942731,0.16030267494764133,0.07677505898325246,0.07677505898325246,0.14142004718660198,0.1546378866193295,0.1546378866193295,0
170,10,2.243887424468994,2.0267204644470977,0.10179086666046089,0.17708151926322616,40.57971014492754,0.18378815894959363,0.10179086666046089,0.10179086666046089,0.16143269332836874,0.17708151926322616,0.17708151926322616,0
170,4,1.8073779344558716,2.0267204644470977,0.0,0.08005042938261153,50.505050505050505,0.08007204197515932,-0.11454181135046364,0.0,0.08,0.08005042938261153,0.08005042938261153,0
170,11,1.785340428352356,2.0267204644470977,0.0,0.07999999999999996,51.79282868525896,0.07999999999999996,-0.12680983803663956,0.0,0.08,0.07999999999999996,0.07999999999999996,0
170,16,1.7138246297836304,2.0267204644470977,0.0,0.08000000001489842,50.0,0.08000000002128346,-0.16769145241897407,0.0,0.08,0.08000000001489842,0.08000000001489842,0
170,12,2.0151586532592773,2.0267204644470977,0.0,0.1069027456858817,35.77235772357724,0.11843249383697387,-0.0057210234788513765,0.0,0.08,0.1069027456858817,0.1069027456858817,0
170,3,1.7523257732391357,2.0267204644470977,0.0,0.0800021377657166,46.69603524229075,0.08000305395102371,-0.1454750322840131,0.0,0.08,0.0800021377657166,0.0800021377657166,0
170,7,2.096149444580078,2.0267204644470977,0.03368311173362271,0.11602986366803646,46.05263157894737,0.11992273835995287,0.03368311173362271,0.03368311173362271,0.10694648938689817,0.11602986366803646,0.11602986366803646,0
171,7,1.9509531259536743,2.0120424332192153,0.0,0.1052209045676255,37.280701754385966,0.11602986366803646,-0.030832306227941406,0.0,0.08,0.1052209045676255,0.1052209045676255,0
171,12,1.974390983581543,2.0120424332192153,0.0,0.0988319219801172,35.77235772357724,0.1069027456858817,-0.01889035393351831,0.0,0.08,0.0988319219801172,0.0988319219801172,0
171,8,2.355713129043579,2.0120424332192153,0.15769315370034145,0.18528968164881296,40.476190476190474,0.17634760680104433,0.15769315370034145,0.15769315370034145,0.20615452296027315,0.18528968164881296,0.18528968164881296,0
171,18,2.243586540222168,2.0120424332192153,0.10892537684899446,0.1583886110772893,39.647577092511014,0.1546378866193295,0.10892537684899446,0.10892537684899446,0.16714030147919556,0.1583886110772893,0.1583886110772893,0
171,9,1.7187265157699585,2.0120424332192153,0.0,0.08000000003891422,51.25,0.08000000005559176,-0.15756672244873257,0.0,0.08,0.08000000003891422,0.08000000003891422,0
171,11,1.7107694149017334,2.0120424332192153,0.0,0.07999999999999996,47.808764940239044,0.07999999999999996,-0.16220712165679582,0.0,0.08,0.07999999999999996,0.07999999999999996,0
171,10,2.095113515853882,2.0120424332192153,0.04045739380329948,0.15766683799705017,35.7487922705314,0.17708151926322616,0.04045739380329948,0.04045739380329948,0.11236591504263958,0.15766683799705017,0.15766683799705017,0
171,17,1.8263319730758667,2.0120424332192153,0.0,0.08369145489918264,46.96969696969697,0.08527350699883235,-0.09684077249342878,0.0,0.08,0.08369145489918264,0.08369145489918264,0
171,3,1.8956313133239746,2.0120424332192153,0.0,0.08000149643600162,55.947136563876654,0.0800021377657166,-0.059598411852977595,0.0,0.08,0.08000149643600162,0.08000149643600162,0
171,6,2.0661075115203857,2.0120424332192153,0.026516065619165894,0.08762308672156041,48.29059829059829,0.08179890138994371,0.026516065619165894,0.026516065619165894,0.10121285249533271,0.08762308672156041,0.08762308672156041,0
171,0,2.080169439315796,2.0120424332192153,0.03329900935789342,0.09595806647022881,40.70796460176991,0.09138043460619198,0.03329900935789342,0.03329900935789342,0.10663920748631474,0.09595806647022881,0.09595806647022881,0
171,2,1.5733262300491333,2.0120424332192153,0.0,0.07999999999999996,51.45631067961165,0.07999999999999996,-0.24595834457852325,0.0,0.08,0.07999999999999996,0.07999999999999996,0
171,4,1.8580087423324585,2.0120424332192153,0.0,0.08003530056782807,52.525252525252526,0.08005042938261153,-0.07964499605354682,0.0,0.08,0.08003530056782807,0.08003530056782807,0
171,1,2.0086469650268555,2.0120424332192153,0.0,0.09282408119769184,47.80701754385965,0.09832011599670262,-0.0016889984011911234,0.0,0.08,0.09282408119769184,0.09282408119769184,0
171,13,1.9922434091567993,2.0120424332192153,0.0,0.09093693801091468,45.04504504504504,0.09562419715844955,-0.009888996985686151,0.0,0.08,0.09093693801091468,0.09093693801091468,0
171,19,1.742495059967041,2.0120424332192153,0.0,0.07999999999999996,56.41025641025641,0.07999999999999996,-0.14383231269303495,0.0,0.08,0.07999999999999996,0.07999999999999996,0
171,14,1.6801403760910034,2.0120424332192153,0.0,0.07999999999999996,44.93927125506073,0.07999999999999996,-0.18027299398099808,0.0,0.08,0.07999999999999996,0.07999999999999996,0
171,15,1.9466804265975952,2.0120424332192153,0.0,0.0810117627921671,45.2991452991453,0.08144537541738157,-0.03302476531270359,0.0,0.08,0.0810117627921671,0.0810117627921671,0
171,5,1.973904013633728,2.0120424332192153,0.0,0.08607726550796678,44.651162790697676,0.08868180786852398,-0.01913702747141801,0.0,0.08,0.08607726550796678,0.08607726550796678,0
171,16,1.621535062789917,2.0120424332192153,0.0,0.0800000000104289,44.0,0.08000000001489842,-0.21577707068036608,0.0,0.08,0.0800000000104289,0.0800000000104289,0
172,4,1.807788372039795,2.0057198675248573,0.0,0.08002471039747965,48.484848484848484,0.08003530056782807,-0.10389882769053563,0.0,0.08,0.08002471039747965,0.08002471039747965,0
172,18,2.1203644275665283,2.0057198675248573,0.055584940944337705,0.14821241358074355,42.290748898678416,0.1583886110772893,0.055584940944337705,0.055584940944337705,0.12446795275547017,0.14821241358074355,0.14821241358074355,0
172,13,1.9951215982437134,2.0057198675248573,0.0,0.08765585660764028,55.4054054054054,0.09093693801091468,-0.005298032481015528,0.0,0.08,0.08765585660764028,0.08765585660764028,0
172,14,1.8843622207641602,2.0057198675248573,0.0,0.07999999999999996,46.558704453441294,0.07999999999999996,-0.062413612944984175,0.0,0.08,0.07999999999999996,0.07999999999999996,0
172,5,1.9711227416992188,2.0057198675248573,0.0,0.08425408585557674,47.906976744186046,0.08607726550796678,-0.017399732353309733,0.0,0.08,0.08425408585557674,0.08425408585557674,0
172,12,2.0947329998016357,2.0057198675248573,0.04342306615238741,0.10360388126265502,40.24390243902439,0.0988319219801172,0.04342306615238741,0.04342306615238741,0.11473845292190993,0.10360388126265502,0.10360388126265502,0
172,19,1.569534420967102,2.0057198675248573,0.0,0.07999999999999996,56.41025641025641,0.07999999999999996,-0.24522400288019064,0.0,0.08,0.07999999999999996,0.07999999999999996,0
172,8,2.30659556388855,2.0057198675248573,0.13976962243974814,0.18724748653970863,40.0,0.18528968164881296,0.13976962243974814,0.13976962243974814,0.19181569795179854,0.18724748653970863,0.18724748653970863,0
172,7,2.019932746887207,2.0057198675248573,0.0070611847111247215,0.09934931752800778,45.175438596491226,0.1052209045676255,0.0070611847111247215,0.0070611847111247215,0.08564894776889978,0.09934931752800778,0.09934931752800778,0
172,16,1.8921953439712524,2.0057198675248573,0.0,0.08000000000730023,48.8,0.0800000000104289,-0.058265319551196355,0.0,0.08,0.08000000000730023,0.08000000000730023,0
172,1,1.848880648612976,2.0057198675248573,0.0,0.08897685683838427,48.68421052631579,0.09282408119769184,-0.08142263090262089,0.0,0.08,0.08897685683838427,0.08897685683838427,0
172,10,2.324746608734131,2.0057198675248573,0.14760801443260804,0.16979271006176105,39.61352657004831,0.15766683799705017,0.14760801443260804,0.14760801443260804,0.19808641154608644,0.16979271006176105,0.16979271006176105,0
172,0,1.949277400970459,2.0057198675248573,0.0,0.09117064652916015,44.24778761061947,0.09595806647022881,-0.02854429205299938,0.0,0.08,0.09117064652916015,0.09117064652916015,0
172,15,2.0795321464538574,2.0057198675248573,0.036139906153845734,0.08938181143143994,50.0,0.0810117627921671,0.036139906153845734,0.036139906153845734,0.1089119249230766,0.08938181143143994,0.08938181143143994,0
172,9,1.8957874774932861,2.0057198675248573,0.0,0.08000000002723995,49.166666666666664,0.08000000003891422,-0.05636872458277326,0.0,0.08,0.08000000002723995,0.08000000002723995,0
172,6,1.9726216793060303,2.0057198675248573,0.0,0.08533616070509228,49.572649572649574,0.08762308672156041,-0.016639572712433697,0.0,0.08,0.08533616070509228,0.08533616070509228,0
172,17,1.7704319953918457,2.0057198675248573,0.0,0.08258401842942785,41.91919191919192,0.08369145489918264,-0.12477944983006321,0.0,0.08,0.08258401842942785,0.08258401842942785,0
172,11,1.8351820707321167,2.0057198675248573,0.0,0.07999999999999996,54.18326693227092,0.07999999999999996,-0.08885933433729291,0.0,0.08,0.07999999999999996,0.07999999999999996,0
172,3,1.8030362129211426,2.0057198675248573,0.0,0.08000104750520112,53.30396475770925,0.08000149643600162,-0.10653100309769357,0.0,0.08,0.08000104750520112,0.08000104750520112,0
172,2,1.5381739139556885,2.0057198675248573,0.0,0.07999999999999996,55.33980582524272,0.07999999999999996,-0.26540708829178017,0.0,0.08,0.07999999999999996,0.07999999999999996,0
173,3,1.8263088464736938,1.9974011246955587,0.0,0.08000073325364078,44.93392070484582,0.08000104750520112,-0.08954999130100155,0.0,0.08,0.08000073325364078,0.08000073325364078,0
173,9,1.8056824207305908,1.9974011246955587,0.0,0.08000000001906796,52.083333333333336,0.08000000002723995,-0.10090830461456204,0.0,0.08,0.08000000001906796,0.08000000001906796,0
173,19,1.5749436616897583,1.9974011246955587,0.0,0.07999999999999996,55.8974358974359,0.07999999999999996,-0.23762739528148102,0.0,0.08,0.07999999999999996,0.07999999999999996,0
173,17,1.9794143438339233,1.9974011246955587,0.0,0.08180881290059949,38.888888888888886,0.08258401842942785,-0.009045882850336952,0.0,0.08,0.08180881290059949,0.08180881290059949,0
173,18,2.200693368911743,1.9974011246955587,0.09692558002751853,0.15101082871312493,39.647577092511014,0.14821241358074355,0.09692558002751853,0.09692558002751853,0.15754046402201483,0.15101082871312493,0.15101082871312493,0
173,10,2.342532157897949,1.9974011246955587,0.15938556441680726,0.18110743250326647,39.130434782608695,0.16979271006176105,0.15938556441680726,0.15938556441680726,0.20750845153344583,0.18110743250326647,0.18110743250326647,0
173,1,1.8625489473342896,1.9974011246955587,0.0,0.08628379978686898,41.666666666666664,0.08897685683838427,-0.06990094616984764,0.0,0.08,0.08628379978686898,0.08628379978686898,0
173,11,1.7609490156173706,1.9974011246955587,0.0,0.07999999999999996,53.386454183266935,0.07999999999999996,-0.12599402008856803,0.0,0.08,0.07999999999999996,0.07999999999999996,0
173,16,1.8910225629806519,1.9974011246955587,0.0,0.08000000000511015,55.6,0.08000000000730023,-0.05472917624785161,0.0,0.08,0.08000000000511015,0.08000000000511015,0
173,4,1.9858773946762085,1.9974011246955587,0.0,0.08001729727823575,48.98989898989899,0.08002471039747965,-0.005786068965695001,0.0,0.08,0.08001729727823575,0.08001729727823575,0
173,15,1.836978793144226,1.9974011246955587,0.0,0.08656726800200795,47.00854700854701,0.08938181143143994,-0.08372463559025572,0.0,0.08,0.08656726800200795,0.08656726800200795,0
173,13,1.857417345046997,1.9974011246955587,0.0,0.08535909962534818,44.5945945945946,0.08765585660764028,-0.07265989886535021,0.0,0.08,0.08535909962534818,0.08535909962534818,0
173,7,1.9514137506484985,1.9974011246955587,0.0,0.09354452226960544,42.10526315789474,0.09934931752800778,-0.023292787566102657,0.0,0.08,0.09354452226960544,0.09354452226960544,0
173,6,1.9548143148422241,1.9974011246955587,0.0,0.0837353124935646,51.70940170940171,0.08533616070509228,-0.021551688491318405,0.0,0.08,0.0837353124935646,0.0837353124935646,0
173,12,2.0914487838745117,1.9974011246955587,0.046010125720372275,0.10756514705674784,37.80487804878049,0.10360388126265502,0.046010125720372275,0.046010125720372275,0.11680810057629781,0.10756514705674784,0.10756514705674784,0
173,0,1.9666650295257568,1.9974011246955587,0.0,0.0878194525704121,40.70796460176991,0.09117064652916015,-0.015507668029590287,0.0,0.08,0.0878194525704121,0.0878194525704121,0
173,5,2.069716453552246,1.9974011246955587,0.03556472085308776,0.09151339310364479,45.58139534883721,0.08425408585557674,0.03556472085308776,0.03556472085308776,0.10845177668247022,0.09151339310364479,0.09151339310364479,0
173,2,1.6669319868087769,1.9974011246955587,0.0,0.07999999999999996,54.85436893203884,0.07999999999999996,-0.18086209373244105,0.0,0.08,0.07999999999999996,0.07999999999999996,0
173,14,1.8361432552337646,1.9974011246955587,0.0,0.07999999999999996,50.607287449392715,0.07999999999999996,-0.08417958258592786,0.0,0.08,0.07999999999999996,0.07999999999999996,0
173,8,2.3301262855529785,1.9974011246955587,0.15407556729558347,0.19205137672873607,33.80952380952381,0.18724748653970863,0.15407556729558347,0.15407556729558347,0.2032604538364668,0.19205137672873607,0.19205137672873607,0
174,3,1.9824962615966797,1.9897828279074603,0.0,0.08000051327754854,48.89867841409691,0.08000073325364078,-0.003668712234298491,0.0,0.08,0.08000051327754854,0.08000051327754854,0
174,8,2.3334109783172607,1.9897828279074603,0.15930563443882717,0.19666931597543374,39.523809523809526,0.19205137672873607,0.15930563443882717,0.15930563443882717,0.20744450755106175,0.19666931597543374,0.19666931597543374,0
174,6,1.902390718460083,1.9897828279074603,0.0,0.08261471874549522,43.162393162393165,0.0837353124935646,-0.04491413276120175,0.0,0.08,0.08261471874549522,0.08261471874549522,0
174,10,2.37850284576416,1.9897828279074603,0.17844573144511952,0.1936021782991152,40.09661835748792,0.18110743250326647,0.17844573144511952,0.17844573144511952,0.22275658515609564,0.1936021782991152,0.1936021782991152,0
174,19,1.6818366050720215,1.9897828279074603,0.0,0.07999999999999996,55.8974358974359,0.07999999999999996,-0.1681390865630449,0.0,0.08,0.07999999999999996,0.07999999999999996,0
174,9,1.8855407238006592,1.9897828279074603,0.0,0.08000000001334756,47.916666666666664,0.08000000001906796,-0.0538108649061729,0.0,0.08,0.08000000001334756,0.08000000001334756,0
174,1,1.9912960529327393,1.9897828279074603,0.0007602085443902937,0.08458110990146195,42.54385964912281,0.08628379978686898,0.0007602085443902937,0.0007602085443902937,0.08060816683551224,0.08458110990146195,0.08458110990146195,0
174,14,1.7419617176055908,1.9897828279074603,0.0,0.07999999999999996,54.65587044534413,0.07999999999999996,-0.13301359828869017,0.0,0.08,0.07999999999999996,0.07999999999999996,0
174,2,1.4609984159469604,1.9897828279074603,0.0,0.07999999999999996,53.883495145631066,0.07999999999999996,-0.30890545071458975,0.0,0.08,0.07999999999999996,0.07999999999999996,0
174,12,2.0414817333221436,1.9897828279074603,0.02565038285920334,0.10545169482593228,46.34146341463415,0.10756514705674784,0.02565038285920334,0.02565038285920334,0.10052030628736268,0.10545169482593228,0.10545169482593228,0
174,13,1.8190138339996338,1.9897828279074603,0.0,0.08375136973774372,43.693693693693696,0.08535909962534818,-0.0897309958200103,0.0,0.08,0.08375136973774372,0.08375136973774372,0
174,16,1.916952133178711,1.9897828279074603,0.0,0.0800000000035771,46.4,0.08000000000511015,-0.03728900678477672,0.0,0.08,0.0800000000035771,0.0800000000035771,0
174,0,1.924163818359375,1.9897828279074603,0.0,0.08547361679928847,44.24778761061947,0.0878194525704121,-0.033534007608578525,0.0,0.08,0.08547361679928847,0.08547361679928847,0
174,11,1.8944741487503052,1.9897828279074603,0.0,0.07999999999999996,50.99601593625498,0.07999999999999996,-0.04908419486084941,0.0,0.08,0.07999999999999996,0.07999999999999996,0
174,17,1.8402900695800781,1.9897828279074603,0.0,0.08126616903041964,47.97979797979798,0.08180881290059949,-0.07810229496115668,0.0,0.08,0.08126616903041964,0.08126616903041964,0
174,4,1.7001967430114746,1.9897828279074603,0.0,0.08001210809476503,50.505050505050505,0.08001729727823575,-0.15728152467125722,0.0,0.08,0.08001210809476503,0.08001210809476503,0
174,15,1.8900413513183594,1.9897828279074603,0.0,0.08459708760140557,43.58974358974359,0.08656726800200795,-0.05142679297446197,0.0,0.08,0.08459708760140557,0.08459708760140557,0
174,18,2.123732328414917,1.9897828279074603,0.06514957164138693,0.1453434772931203,38.32599118942731,0.15101082871312493,0.06514957164138693,0.06514957164138693,0.13211965731310954,0.1453434772931203,0.1453434772931203,0
174,5,2.075294017791748,1.9897828279074603,0.04207733768276289,0.09815793621641444,50.23255813953488,0.09151339310364479,0.04207733768276289,0.04207733768276289,0.11366187014621032,0.09815793621641444,0.09815793621641444,0
174,7,2.141028881072998,1.9897828279074603,0.0732609976102185,0.10706380501517623,38.1578947368421,0.09354452226960544,0.0732609976102185,0.0732609976102185,0.1386087980881748,0.10706380501517623,0.10706380501517623,0
175,3,1.638719916343689,1.981771687698654,0.0,0.08000035929428398,45.37444933920705,0.08000051327754854,-0.19007583708734144,0.0,0.08,0.08000035929428398,0.08000035929428398,0
175,10,2.262603282928467,1.981771687698654,0.13252480845091763,0.19132747883760087,30.917874396135264,0.1936021782991152,0.13252480845091763,0.13252480845091763,0.18601984676073413,0.19132747883760087,0.19132747883760087,0
175,15,1.7471723556518555,1.981771687698654,0.0,0.08321796132098389,51.70940170940171,0.08459708760140557,-0.12599255135081647,0.0,0.08,0.08321796132098389,0.08321796132098389,0
175,12,1.9232836961746216,1.981771687698654,0.0,0.09781618637815259,40.24390243902439,0.10545169482593228,-0.02995725259509212,0.0,0.08,0.09781618637815259,0.09781618637815259,0
175,0,1.9174065589904785,1.981771687698654,0.0,0.08383153175950192,43.36283185840708,0.08547361679928847,-0.033017713788465616,0.0,0.08,0.08383153175950192,0.08383153175950192,0
175,7,1.9847385883331299,1.981771687698654,0.001495975538375392,0.09930369763983346,41.666666666666664,0.10706380501517623,0.001495975538375392,0.001495975538375392,0.08119678043070032,0.09930369763983346,0.09930369763983346,0
175,8,2.3339099884033203,1.981771687698654,0.16355373059353606,0.20092141652525228,40.95238095238095,0.19666931597543374,0.16355373059353606,0.16355373059353606,0.21084298447482885,0.20092141652525228,0.20092141652525228,0
175,4,1.7676727771759033,1.981771687698654,0.0,0.08000847566633551,48.484848484848484,0.08001210809476503,-0.11432736947173763,0.0,0.08,0.08000847566633551,0.08000847566633551,0
175,2,1.7366307973861694,1.981771687698654,0.0,0.07999999999999996,53.398058252427184,0.07999999999999996,-0.13204432288603532,0.0,0.08,0.07999999999999996,0.07999999999999996,0
175,1,2.0485925674438477,1.981771687698654,0.03316176834830809,0.09116560133461729,46.49122807017544,0.08458110990146195,0.03316176834830809,0.03316176834830809,0.10652941467864648,0.09116560133461729,0.09116560133461729,0
175,19,1.5079602003097534,1.981771687698654,0.0,0.07999999999999996,52.82051282051282,0.07999999999999996,-0.2732333579305063,0.0,0.08,0.07999999999999996,0.07999999999999996,0
175,5,2.081270933151245,1.981771687698654,0.04898749603943733,0.10446755440095506,54.41860465116279,0.09815793621641444,0.04898749603943733,0.04898749603943733,0.11918999683154986,0.10446755440095506,0.10446755440095506,0
175,17,2.0381157398223877,1.981771687698654,0.02803448754695179,0.08761459533256216,40.4040404040404,0.08126616903041964,0.02803448754695179,0.02803448754695179,0.10242759003756144,0.08761459533256216,0.08761459533256216,0
175,18,2.18765926361084,1.981771687698654,0.0988409059606589,0.14946225153574236,40.08810572687225,0.1453434772931203,0.0988409059606589,0.0988409059606589,0.15907272476852713,0.14946225153574236,0.14946225153574236,0
175,11,1.764541506767273,1.981771687698654,0.0,0.07999999999999996,52.191235059760956,0.07999999999999996,-0.11610034866237477,0.0,0.08,0.07999999999999996,0.07999999999999996,0
175,16,1.883884310722351,1.981771687698654,0.0,0.08000000000250396,48.4,0.0800000000035771,-0.05065546805333554,0.0,0.08,0.08000000000250396,0.08000000000250396,0
175,9,1.7826251983642578,1.981771687698654,0.0,0.08000000000934329,45.416666666666664,0.08000000001334756,-0.10590412747093852,0.0,0.08,0.08000000000934329,0.08000000000934329,0
175,6,1.874265193939209,1.981771687698654,0.0,0.08183030312184665,50.85470085470085,0.08261471874549522,-0.05577455005140793,0.0,0.08,0.08183030312184665,0.08183030312184665,0
175,13,2.000499725341797,1.981771687698654,0.009405775587193275,0.08488334495734698,42.792792792792795,0.08375136973774372,0.009405775587193275,0.009405775587193275,0.08752462046975462,0.08488334495734698,0.08488334495734698,0
175,14,1.6378580331802368,1.981771687698654,0.0,0.07999999999999996,50.202429149797574,0.07999999999999996,-0.19060192448177987,0.0,0.08,0.07999999999999996,0.07999999999999996,0
176,15,1.769762396812439,1.97365906241443,0.0,0.08225257292468871,47.863247863247864,0.08321796132098389,-0.10904391294913407,0.0,0.08,0.08225257292468871,0.08225257292468871,0
176,7,2.0955491065979004,1.97365906241443,0.0599264101055897,0.10789492677322496,41.228070175438596,0.09930369763983346,0.0599264101055897,0.0599264101055897,0.12794112808447178,0.10789492677322496,0.10789492677322496,0
176,8,2.259143590927124,1.97365906241443,0.13509658674086011,0.19706817238548302,40.0,0.20092141652525228,0.13509658674086011,0.13509658674086011,0.1880772693926881,0.19706817238548302,0.19706817238548302,0
176,16,1.8058658838272095,1.97365906241443,0.0,0.08000000000175277,54.0,0.08000000000250396,-0.08884902075739959,0.0,0.08,0.08000000000175277,0.08000000000175277,0
176,10,2.4504263401031494,1.97365906241443,0.21637281278164114,0.20985871025391448,37.19806763285024,0.19132747883760087,0.21637281278164114,0.21637281278164114,0.2530982502253129,0.20985871025391448,0.20985871025391448,0
176,11,1.7610390186309814,1.97365906241443,0.0,0.07999999999999996,45.81673306772908,0.07999999999999996,-0.11398522505094733,0.0,0.08,0.07999999999999996,0.07999999999999996,0
176,9,1.7775990962982178,1.97365906241443,0.0,0.0800000000065403,43.75,0.08000000000934329,-0.10462557993988351,0.0,0.08,0.0800000000065403,0.0800000000065403,0
176,3,1.8657541275024414,1.97365906241443,0.0,0.08000025150599878,48.458149779735685,0.08000035929428398,-0.056223882450387515,0.0,0.08,0.08000025150599878,0.08000025150599878,0
176,1,1.9904608726501465,1.97365906241443,0.008476994157642538,0.08985039953206632,48.68421052631579,0.09116560133461729,0.008476994157642538,0.008476994157642538,0.08678159532611403,0.08985039953206632,0.08985039953206632,0
176,6,1.882553219795227,1.97365906241443,0.0,0.08128121218529266,50.0,0.08183030312184665,-0.04726026067366526,0.0,0.08,0.08128121218529266,0.08128121218529266,0
176,5,2.0801517963409424,1.97365906241443,0.052551657782340715,0.10973968594843031,46.97674418604651,0.10446755440095506,0.052551657782340715,0.052551657782340715,0.12204132622587258,0.10973968594843031,0.10973968594843031,0
176,2,1.6666600704193115,1.97365906241443,0.0,0.07999999999999996,55.8252427184466,0.07999999999999996,-0.16906754507568797,0.0,0.08,0.07999999999999996,0.07999999999999996,0
176,12,2.0891034603118896,1.97365906241443,0.05684579528766872,0.10611432133374732,39.02439024390244,0.09781618637815259,0.05684579528766872,0.05684579528766872,0.125476636230135,0.10611432133374732,0.10611432133374732,0
176,19,1.69425630569458,1.97365906241443,0.0,0.07999999999999996,49.23076923076923,0.07999999999999996,-0.15264532433538652,0.0,0.08,0.07999999999999996,0.07999999999999996,0
176,14,1.7818543910980225,1.97365906241443,0.0,0.07999999999999996,55.465587044534416,0.07999999999999996,-0.10223459670710079,0.0,0.08,0.07999999999999996,0.07999999999999996,0
176,13,1.8492207527160645,1.97365906241443,0.0,0.08341834147014288,42.34234234234234,0.08488334495734698,-0.06512487607146485,0.0,0.08,0.08341834147014288,0.08341834147014288,0
176,18,2.0121142864227295,1.97365906241443,0.019296840905719793,0.13325481789239238,36.12334801762115,0.14946225153574236,0.019296840905719793,0.019296840905719793,0.09543747272457584,0.13325481789239238,0.13325481789239238,0
176,17,1.8736658096313477,1.97365906241443,0.0,0.0853302167327935,36.86868686868687,0.08761459533256216,-0.0519923738073761,0.0,0.08,0.0853302167327935,0.0853302167327935,0
176,0,2.0788822174072266,1.97365906241443,0.0519411415120491,0.09514794619454311,42.47787610619469,0.08383153175950192,0.0519411415120491,0.0519411415120491,0.12155291320963929,0.09514794619454311,0.09514794619454311,0
176,4,1.6593154668807983,1.97365906241443,0.0,0.08000593296643485,50.0,0.08000847566633551,-0.17348406308696218,0.0,0.08,0.08000593296643485,0.08000593296643485,0
177,18,2.244338274002075,1.9632641530296764,0.13380224942503738,0.14939091238668364,40.969162995594715,0.13325481789239238,0.13380224942503738,0.13380224942503738,0.18704179954002992,0.14939091238668364,0.14939091238668364,0
177,2,1.6096631288528442,1.9632641530296764,0.0,0.07999999999999996,58.25242718446602,0.07999999999999996,-0.1985835507418356,0.0,0.08,0.07999999999999996,0.07999999999999996,0
177,1,1.8902256488800049,1.9632641530296764,0.0,0.08689527967244642,42.10526315789474,0.08985039953206632,-0.037912259143068304,0.0,0.08,0.08689527967244642,0.08689527967244642,0
177,14,1.6899653673171997,1.9632641530296764,0.0,0.07999999999999996,47.36842105263158,0.07999999999999996,-0.14990043538969486,0.0,0.08,0.07999999999999996,0.07999999999999996,0
177,4,1.8194931745529175,1.9632641530296764,0.0,0.0800041530765044,56.06060606060606,0.08000593296643485,-0.07605048503740598,0.0,0.08,0.0800041530765044,0.0800041530765044,0
177,16,1.7612484693527222,1.9632641530296764,0.0,0.08000000000122692,46.0,0.08000000000175277,-0.10858555648081444,0.0,0.08,0.08000000000122692,0.08000000000122692,0
177,15,1.9495609998703003,1.9632641530296764,0.0,0.0815768010472821,48.29059829059829,0.08225257292468871,-0.007004253232062166,0.0,0.08,0.0815768010472821,0.0815768010472821,0
177,17,1.8942450284957886,1.9632641530296764,0.0,0.08373115171295545,42.92929292929293,0.0853302167327935,-0.03578811473901532,0.0,0.08,0.08373115171295545,0.08373115171295545,0
177,6,1.7963975667953491,1.9632641530296764,0.0,0.08089684852970486,44.01709401709402,0.08128121218529266,-0.0888251640123785,0.0,0.08,0.08089684852970486,0.08089684852970486,0
177,5,1.9506505727767944,1.9632641530296764,0.0,0.10081778016390122,37.674418604651166,0.10973968594843031,-0.006445528194224308,0.0,0.08,0.10081778016390122,0.10081778016390122,0
177,8,2.142855167388916,1.9632641530296764,0.08753065750770704,0.1829550784716878,39.04761904761905,0.19706817238548302,0.08753065750770704,0.08753065750770704,0.15002452600616564,0.1829550784716878,0.1829550784716878,0
177,12,1.7964348793029785,1.9632641530296764,0.0,0.09828002493362312,41.05691056910569,0.10611432133374732,-0.08880439348773929,0.0,0.08,0.09828002493362312,0.09828002493362312,0
177,11,1.6933832168579102,1.9632641530296764,0.0,0.07999999999999996,50.59760956175299,0.07999999999999996,-0.14788004015218942,0.0,0.08,0.07999999999999996,0.07999999999999996,0
177,10,2.156534194946289,1.9632641530296764,0.09389392098421027,0.1934356382139506,32.367149758454104,0.20985871025391448,0.09389392098421027,0.09389392098421027,0.1551151367873682,0.1934356382139506,0.1934356382139506,0
177,7,1.9451024532318115,1.9632641530296764,0.0,0.09952644874125746,40.78947368421053,0.10789492677322496,-0.009293821312574349,0.0,0.08,0.09952644874125746,0.09952644874125746,0
177,19,1.7541275024414062,1.9632641530296764,0.0,0.07999999999999996,56.92307692307692,0.07999999999999996,-0.11263688792746941,0.0,0.08,0.07999999999999996,0.07999999999999996,0
177,9,1.70168137550354,1.9632641530296764,0.0,0.08000000000457821,48.333333333333336,0.0800000000065403,-0.142991664749873,0.0,0.08,0.08000000000457821,0.08000000000457821,0
177,3,1.6748038530349731,1.9632641530296764,0.0,0.08000017605419915,44.93392070484582,0.08000025150599878,-0.15891241559512528,0.0,0.08,0.08000017605419915,0.08000017605419915,0
177,13,2.08798885345459,1.9632641530296764,0.06159285909136016,0.09717512521102645,46.3963963963964,0.08341834147014288,0.06159285909136016,0.06159285909136016,0.12927428727308815,0.09717512521102645,0.09717512521102645,0
177,0,1.7771689891815186,1.9632641530296764,0.0,0.09060356233618017,45.575221238938056,0.09514794619454311,-0.09958682902236417,0.0,0.08,0.09060356233618017,0.09060356233618017,0
178,5,1.9144136905670166,1.9477341404195037,0.0,0.09457244611473084,46.04651162790697,0.10081778016390122,-0.01725530864465985,0.0,0.08,0.09457244611473084,0.09457244611473084,0
178,7,2.0698204040527344,1.9477341404195037,0.060795124201011665,0.10825934392712301,45.6140350877193,0.09952644874125746,0.060795124201011665,0.060795124201011665,0.12863609936080933,0.10825934392712301,0.10825934392712301,0
178,1,2.1051197052001953,1.9477341404195037,0.07770561452983502,0.10347604325787291,45.6140350877193,0.08689527967244642,0.07770561452983502,0.07770561452983502,0.14216449162386802,0.10347604325787291,0.10347604325787291,0
178,9,1.67183518409729,1.9477341404195037,0.0,0.08000000000320474,48.75,0.08000000000457821,-0.15274478113571718,0.0,0.08,0.08000000000320474,0.08000000000320474,0
178,15,1.9854379892349243,1.9477341404195037,0.019172821508494486,0.08570523789513615,47.863247863247864,0.0815768010472821,0.019172821508494486,0.019172821508494486,0.09533825720679559,0.08570523789513615,0.08570523789513615,0
178,6,2.0510292053222656,1.9477341404195037,0.05167500060056613,0.09302979411492926,44.87179487179487,0.08089684852970486,0.05167500060056613,0.05167500060056613,0.1213400004804529,0.09302979411492926,0.09302979411492926,0
178,2,1.6335557699203491,1.9477341404195037,0.0,0.07999999999999996,51.45631067961165,0.07999999999999996,-0.1759076238532594,0.0,0.08,0.07999999999999996,0.07999999999999996,0
178,11,1.676910400390625,1.9477341404195037,0.0,0.07999999999999996,50.99601593625498,0.07999999999999996,-0.1497136639482439,0.0,0.08,0.07999999999999996,0.07999999999999996,0
178,18,2.133974552154541,1.9477341404195037,0.09131950972709867,0.15049032100518223,41.85022026431718,0.14939091238668364,0.09131950972709867,0.09131950972709867,0.15305560778167893,0.15049032100518223,0.15049032100518223,0
178,3,1.7356858253479004,1.9477341404195037,0.0,0.0800001232379394,47.57709251101321,0.08000017605419915,-0.11526409337712043,0.0,0.08,0.0800001232379394,0.0800001232379394,0
178,0,2.0107171535491943,1.9477341404195037,0.03182473340302004,0.09506042965205092,45.575221238938056,0.09060356233618017,0.03182473340302004,0.03182473340302004,0.10545978672241604,0.09506042965205092,0.09506042965205092,0
178,19,1.7008376121520996,1.9477341404195037,0.0,0.07999999999999996,54.35897435897436,0.07999999999999996,-0.13554587418737532,0.0,0.08,0.07999999999999996,0.07999999999999996,0
178,17,1.8464653491973877,1.9477341404195037,0.0,0.08261180619906881,51.515151515151516,0.08373115171295545,-0.05339352793246942,0.0,0.08,0.08261180619906881,0.08261180619906881,0
178,10,2.0118958950042725,1.9477341404195037,0.03241079100723296,0.1671835365915013,40.57971014492754,0.1934356382139506,0.03241079100723296,0.03241079100723296,0.10592863280578638,0.1671835365915013,0.1671835365915013,0
178,8,2.064016342163086,1.9477341404195037,0.05798704733112776,0.16598544628965212,39.04761904761905,0.1829550784716878,0.05798704733112776,0.05798704733112776,0.1263896378649022,0.16598544628965212,0.16598544628965212,0
178,13,1.996206521987915,1.9477341404195037,0.024581922659714196,0.09792224908604992,40.990990990990994,0.09717512521102645,0.024581922659714196,0.024581922659714196,0.09966553812777136,0.09792224908604992,0.09792224908604992,0
178,4,1.7592467069625854,1.9477341404195037,0.0,0.08000290715355307,52.525252525252526,0.0800041530765044,-0.10178100711106484,0.0,0.08,0.08000290715355307,0.08000290715355307,0
178,12,2.072472333908081,1.9477341404195037,0.06207554080728022,0.10769414724728343,45.1219512195122,0.09828002493362312,0.06207554080728022,0.06207554080728022,0.12966043264582416,0.10769414724728343,0.10769414724728343,0
178,14,1.5537242889404297,1.9477341404195037,0.0,0.07999999999999996,51.417004048582996,0.07999999999999996,-0.22601190041992308,0.0,0.08,0.07999999999999996,0.07999999999999996,0
178,16,1.9407535791397095,1.9477341404195037,0.0,0.08000000000085884,54.8,0.08000000000122692,-0.0035903771574397544,0.0,0.08,0.08000000000085884,0.08000000000085884,0
179,15,1.7438123226165771,1.949270304796285,0.0,0.0839936665265953,47.863247863247864,0.08570523789513615,-0.11138139275385045,0.0,0.08,0.0839936665265953,0.0839936665265953,0
179,0,1.8132442235946655,1.949270304796285,0.0,0.09054230075643563,38.49557522123894,0.09506042965205092,-0.07233746989867905,0.0,0.08,0.09054230075643563,0.09054230075643563,0
179,3,1.8114134073257446,1.949270304796285,0.0,0.08000008626655758,53.30396475770925,0.0800001232379394,-0.07334767091678215,0.0,0.08,0.08000008626655758,0.08000008626655758,0
179,12,2.165151357650757,1.949270304796285,0.10503516977856238,0.12459434381995337,42.27642276422764,0.10769414724728343,0.10503516977856238,0.10503516977856238,0.16402813582284992,0.12459434381995337,0.12459434381995337,0
179,13,2.145158052444458,1.949270304796285,0.09575813344447157,0.11552752638690811,46.3963963963964,0.09792224908604992,0.09575813344447157,0.09575813344447157,0.15660650675557725,0.11552752638690811,0.11552752638690811,0
179,4,1.7745552062988281,1.949270304796285,0.0,0.08000203500748715,54.54545454545455,0.08000290715355307,-0.09390529584640409,0.0,0.08,0.08000203500748715,0.08000203500748715,0
179,6,1.8356964588165283,1.949270304796285,0.0,0.08912085588045049,48.717948717948715,0.09302979411492926,-0.06003114847016236,0.0,0.08,0.08912085588045049,0.08912085588045049,0
179,2,1.5321274995803833,1.949270304796285,0.0,0.07999999999999996,49.51456310679612,0.07999999999999996,-0.2407978063544149,0.0,0.08,0.07999999999999996,0.07999999999999996,0
179,18,2.272629737854004,1.949270304796285,0.15348253519897234,0.16617903315138094,38.76651982378855,0.15049032100518223,0.15348253519897234,0.15348253519897234,0.2027860281591779,0.16617903315138094,0.16617903315138094,0
179,16,1.7458934783935547,1.949270304796285,0.0,0.08000000000060119,47.2,0.08000000000085884,-0.11018865266030232,0.0,0.08,0.08000000000060119,0.08000000000060119,0
179,1,2.0016798973083496,1.949270304796285,0.026531676644541806,0.10280083267520107,50.0,0.10347604325787291,0.026531676644541806,0.026531676644541806,0.10122534131563345,0.10280083267520107,0.10280083267520107,0
179,19,1.5731760263442993,1.949270304796285,0.0,0.07999999999999996,59.48717948717949,0.07999999999999996,-0.21435857597439753,0.0,0.08,0.07999999999999996,0.07999999999999996,0
179,17,1.8863073587417603,1.949270304796285,0.0,0.08182826433934817,51.01010101010101,0.08261180619906881,-0.03283396019128989,0.0,0.08,0.08182826433934817,0.08182826433934817,0
179,8,2.2048983573913574,1.949270304796285,0.12322631094462123,0.16976412702946558,40.476190476190474,0.16598544628965212,0.12322631094462123,0.12322631094462123,0.178581048755697,0.16976412702946558,0.16976412702946558,0
179,14,1.6314539909362793,1.949270304796285,0.0,0.07999999999999996,54.25101214574899,0.07999999999999996,-0.17798346269092902,0.0,0.08,0.07999999999999996,0.07999999999999996,0
179,11,1.8637471199035645,1.949270304796285,0.0,0.07999999999999996,48.60557768924303,0.07999999999999996,-0.044866057868139374,0.0,0.08,0.07999999999999996,0.07999999999999996,0
179,9,1.8538075685501099,1.949270304796285,0.0,0.08000000000224332,55.0,0.08000000000320474,-0.05021343043831882,0.0,0.08,0.08000000000224332,0.08000000000224332,0
179,7,1.8205424547195435,1.949270304796285,0.0,0.0997815407489861,39.473684210526315,0.10825934392712301,-0.06832059078932771,0.0,0.08,0.0997815407489861,0.0997815407489861,0
179,10,2.4616949558258057,1.949270304796285,0.23339501817789063,0.19704327997674467,39.130434782608695,0.1671835365915013,0.23339501817789063,0.23339501817789063,0.26671601454231253,0.19704327997674467,0.19704327997674467,0
179,5,1.9336434602737427,1.949270304796285,0.0,0.0902007122803116,43.25581395348837,0.09457244611473084,-0.00804907332803831,0.0,0.08,0.0902007122803116,0.0902007122803116,0
180,9,1.85828697681427,1.9388184756849884,0.0,0.08000000000157031,45.833333333333336,0.08000000000224332,-0.04242367100873971,0.0,0.08,0.08000000000157031,0.08000000000157031,0
180,0,2.102996587753296,1.9388184756849884,0.08128451936800414,0.10688789517782593,46.46017699115044,0.09054230075643563,0.08128451936800414,0.08128451936800414,0.14502761549440332,0.10688789517782593,0.10688789517782593,0
180,15,2.0104711055755615,1.9388184756849884,0.03629032092047516,0.09150524358953074,47.43589743589744,0.0839936665265953,0.03629032092047516,0.03629032092047516,0.10903225673638013,0.09150524358953074,0.09150524358953074,0
180,2,1.4184786081314087,1.9388184756849884,0.0,0.07999999999999996,51.45631067961165,0.07999999999999996,-0.3124938579684921,0.0,0.08,0.07999999999999996,0.07999999999999996,0
180,13,2.0475881099700928,1.9388184756849884,0.05458381411049385,0.1179693838573542,54.5045045045045,0.11552752638690811,0.05458381411049385,0.05458381411049385,0.12366705128839509,0.1179693838573542,0.1179693838573542,0
180,14,1.7256877422332764,1.9388184756849884,0.0,0.07999999999999996,50.607287449392715,0.07999999999999996,-0.11645309157328221,0.0,0.08,0.07999999999999996,0.07999999999999996,0
180,19,1.5302085876464844,1.9388184756849884,0.0,0.07999999999999996,58.46153846153846,0.07999999999999996,-0.23667469510276962,0.0,0.08,0.07999999999999996,0.07999999999999996,0
180,18,2.1366002559661865,1.9388184756849884,0.09713714546575691,0.16363823811774833,41.409691629955944,0.16617903315138094,0.09713714546575691,0.09713714546575691,0.15770971637260556,0.16363823811774833,0.16363823811774833,0
180,10,2.163663625717163,1.9388184756849884,0.10972415299792233,0.1882640927032226,32.85024154589372,0.19704327997674467,0.10972415299792233,0.10972415299792233,0.16777932239833787,0.1882640927032226,0.1882640927032226,0
180,6,1.814590334892273,1.9388184756849884,0.0,0.08638459911631534,44.44444444444444,0.08912085588045049,-0.06621902259689615,0.0,0.08,0.08638459911631534,0.08638459911631534,0
180,5,2.037095546722412,1.9388184756849884,0.04944628711612934,0.09900760750408916,44.651162790697676,0.0902007122803116,0.04944628711612934,0.04944628711612934,0.11955702969290348,0.09900760750408916,0.09900760750408916,0
180,8,2.0414464473724365,1.9388184756849884,0.051579844787206175,0.15521405166955538,45.714285714285715,0.16976412702946558,0.051579844787206175,0.051579844787206175,0.12126387582976494,0.15521405166955538,0.15521405166955538,0
180,12,1.9707952737808228,1.9388184756849884,0.016358399091793322,0.11514205645599775,41.05691056910569,0.12459434381995337,0.016358399091793322,0.016358399091793322,0.09308671927343466,0.11514205645599775,0.11514205645599775,0
180,3,1.7139064073562622,1.9388184756849884,0.0,0.0800000603865903,50.220264317180614,0.08000008626655758,-0.12330353983525691,0.0,0.08,0.0800000603865903,0.0800000603865903,0
180,4,1.8525941371917725,1.9388184756849884,0.0,0.080001424505241,56.56565656565657,0.08000203500748715,-0.045491860952233835,0.0,0.08,0.080001424505241,0.080001424505241,0
180,17,1.7958701848983765,1.9388184756849884,0.0,0.08127978503754371,48.98989898989899,0.08182826433934817,-0.07658906683231705,0.0,0.08,0.08127978503754371,0.08127978503754371,0
180,16,1.5737859010696411,1.9388184756849884,0.0,0.08000000000042082,52.4,0.08000000000060119,-0.2085946346395609,0.0,0.08,0.08000000000042082,0.08000000000042082,0
180,7,2.0367019176483154,1.9388184756849884,0.049253037904880156,0.1056678076214615,40.78947368421053,0.0997815407489861,0.049253037904880156,0.049253037904880156,0.11940243032390413,0.1056678076214615,0.1056678076214615,0
180,1,1.9815561771392822,1.9388184756849884,0.021803729562767934,0.10119347796770506,46.92982456140351,0.10280083267520107,0.021803729562767934,0.021803729562767934,0.09744298365021435,0.10119347796770506,0.10119347796770506,0
180,11,1.8898040056228638,1.9388184756849884,0.0,0.07999999999999996,51.39442231075697,0.07999999999999996,-0.025605631287754466,0.0,0.08,0.07999999999999996,0.07999999999999996,0
181,7,2.035372734069824,1.9379665920866738,0.049039688606008956,0.1097369906004652,43.85964912280702,0.1056678076214615,0.049039688606008956,0.049039688606008956,0.11923175088480717,0.1097369906004652,0.1097369906004652,0
181,11,1.7886667251586914,1.9379665920866738,0.0,0.07999999999999996,48.60557768924303,0.07999999999999996,-0.08016877850712455,0.0,0.08,0.07999999999999996,0.07999999999999996,0
181,14,1.6712918281555176,1.9379665920866738,0.0,0.07999999999999996,49.797570850202426,0.07999999999999996,-0.14804239696432736,0.0,0.08,0.07999999999999996,0.07999999999999996,0
181,12,2.027745246887207,1.9379665920866738,0.045285184729545756,0.1154678838542894,46.34146341463415,0.11514205645599775,0.045285184729545756,0.045285184729545756,0.1162281477836366,0.1154678838542894,0.1154678838542894,0
181,2,1.4823734760284424,1.9379665920866738,0.0,0.07999999999999996,56.79611650485437,0.07999999999999996,-0.26799477014719086,0.0,0.08,0.07999999999999996,0.07999999999999996,0
181,4,1.6639857292175293,1.9379665920866738,0.0,0.08000099715366871,53.03030303030303,0.080001424505241,-0.15242350795415127,0.0,0.08,0.08000099715366871,0.08000099715366871,0
181,6,1.8946150541305542,1.9379665920866738,0.0,0.08446921938142074,45.72649572649573,0.08638459911631534,-0.02262359461938996,0.0,0.08,0.08446921938142074,0.08446921938142074,0
181,19,1.6499358415603638,1.9379665920866738,0.0,0.07999999999999996,53.333333333333336,0.07999999999999996,-0.16090287082014804,0.0,0.08,0.07999999999999996,0.07999999999999996,0
181,3,1.702961802482605,1.9379665920866738,0.0,0.0800000422706132,54.18502202643172,0.0800000603865903,-0.12927030237987014,0.0,0.08,0.0800000422706132,0.0800000422706132,0
181,17,1.7680706977844238,1.9379665920866738,0.0,0.0808958495262806,49.494949494949495,0.08127978503754371,-0.09175032362818372,0.0,0.08,0.0808958495262806,0.0808958495262806,0
181,5,2.0563716888427734,1.9379665920866738,0.059303838493069715,0.10753824649119913,46.97674418604651,0.09900760750408916,0.059303838493069715,0.059303838493069715,0.12744307079445577,0.10753824649119913,0.10753824649119913,0
181,18,1.9875847101211548,1.9379665920866738,0.02528091297924956,0.14461418579744373,40.969162995594715,0.16363823811774833,0.02528091297924956,0.02528091297924956,0.10022473038339966,0.14461418579744373,0.14461418579744373,0
181,13,2.08958101272583,1.9379665920866738,0.07532429815043817,0.1246564002562531,42.792792792792795,0.1179693838573542,0.07532429815043817,0.07532429815043817,0.14025943852035055,0.1246564002562531,0.1246564002562531,0
181,9,1.8767541646957397,1.9379665920866738,0.0,0.08000000000109922,56.25,0.08000000000157031,-0.0320954982379085,0.0,0.08,0.08000000000109922,0.08000000000109922,0
181,15,1.8311463594436646,1.9379665920866738,0.0,0.08805367051267152,43.58974358974359,0.09150524358953074,-0.056697078017601425,0.0,0.08,0.08805367051267152,0.08805367051267152,0
181,1,2.0309200286865234,1.9379665920866738,0.04684963127324073,0.10607934608297132,41.228070175438596,0.10119347796770506,0.04684963127324073,0.04684963127324073,0.11747970501859259,0.10607934608297132,0.10607934608297132,0
181,10,2.320077419281006,1.9379665920866738,0.17996127967671416,0.19897557201466723,37.19806763285024,0.1882640927032226,0.17996127967671416,0.17996127967671416,0.22396902374137134,0.19897557201466723,0.19897557201466723,0
181,8,2.1632845401763916,1.9379665920866738,0.10998841166345875,0.15904705496791888,39.523809523809526,0.15521405166955538,0.10998841166345875,0.10998841166345875,0.16799072933076703,0.15904705496791888,0.15904705496791888,0
181,16,1.616025447845459,1.9379665920866738,0.0,0.08000000000029457,44.8,0.08000000000042082,-0.18166956654261446,0.0,0.08,0.08000000000029457,0.08000000000029457,0
181,0,1.9881631135940552,1.9379665920866738,0.025571878855214482,0.10495877754972963,40.70796460176991,0.10688789517782593,0.025571878855214482,0.025571878855214482,0.10045750308417159,0.10495877754972963,0.10495877754972963,0
182,5,1.8930398225784302,1.9327383938193212,0.0,0.09927677254383938,41.395348837209305,0.10753824649119913,-0.0207539453215967,0.0,0.08,0.09927677254383938,0.09927677254383938,0
182,14,1.7087640762329102,1.9327383938193212,0.0,0.07999999999999996,55.465587044534416,0.07999999999999996,-0.12316750675449911,0.0,0.08,0.07999999999999996,0.07999999999999996,0
182,17,1.8105573654174805,1.9327383938193212,0.0,0.0806270946683964,47.474747474747474,0.0808958495262806,-0.0653031192728008,0.0,0.08,0.0806270946683964,0.0806270946683964,0
182,16,1.8280932903289795,1.9327383938193212,0.0,0.0800000000002062,44.4,0.08000000000029457,-0.05566434806890469,0.0,0.08,0.0800000000002062,0.0800000000002062,0
182,19,1.6212754249572754,1.9327383938193212,0.0,0.07999999999999996,56.41025641025641,0.07999999999999996,-0.17572471435461265,0.0,0.08,0.07999999999999996,0.07999999999999996,0
182,2,1.5992786884307861,1.9327383938193212,0.0,0.07999999999999996,55.8252427184466,0.07999999999999996,-0.1893851452476347,0.0,0.08,0.07999999999999996,0.07999999999999996,0
182,8,2.1749050617218018,1.9327383938193212,0.11804715903712618,0.1636642566464535,43.333333333333336,0.15904705496791888,0.11804715903712618,0.11804715903712618,0.17443772722970097,0.1636642566464535,0.1636642566464535,0
182,13,1.9331676959991455,1.9327383938193212,0.00022209653798818704,0.11131278334849433,40.54054054054054,0.1246564002562531,0.00022209653798818704,0.00022209653798818704,0.08017767723039056,0.11131278334849433,0.11131278334849433,0
182,9,1.6783292293548584,1.9327383938193212,0.0,0.08000000000076946,53.75,0.08000000000109922,-0.14113906117812486,0.0,0.08,0.08000000000076946,0.08000000000076946,0
182,4,1.6493829488754272,1.9327383938193212,0.0,0.0800006980075681,43.93939393939394,0.08000099715366871,-0.15853660571319098,0.0,0.08,0.0800006980075681,0.0800006980075681,0
182,18,2.187079668045044,1.9327383938193212,0.12362931424192553,0.15490096547627272,38.76651982378855,0.14461418579744373,0.12362931424192553,0.12362931424192553,0.1789034513935404,0.15490096547627272,0.15490096547627272,0
182,0,1.808319330215454,1.9327383938193212,0.0,0.09747114428481074,45.575221238938056,0.10495877754972963,-0.06653998676689275,0.0,0.08,0.09747114428481074,0.09747114428481074,0
182,10,2.1962106227874756,1.9327383938193212,0.12779557625180882,0.19395383871070118,38.64734299516908,0.19897557201466723,0.12779557625180882,0.12779557625180882,0.18223646100144708,0.19395383871070118,0.19395383871070118,0
182,1,1.8869845867156982,1.9327383938193212,0.0,0.09825554225807992,44.29824561403509,0.10607934608297132,-0.023957755855334273,0.0,0.08,0.09825554225807992,0.09825554225807992,0
182,11,1.6598107814788818,1.9327383938193212,0.0,0.07999999999999996,50.59760956175299,0.07999999999999996,-0.15223424453036236,0.0,0.08,0.07999999999999996,0.07999999999999996,0
182,12,1.9868528842926025,1.9327383938193212,0.027614067388170987,0.11145489487116361,45.52845528455285,0.1154678838542894,0.027614067388170987,0.027614067388170987,0.10209125391053679,0.11145489487116361,0.11145489487116361,0
182,6,1.9522050619125366,1.9327383938193212,0.01002168043934392,0.08553365687243705,47.43589743589744,0.08446921938142074,0.01002168043934392,0.01002168043934392,0.08801734435147514,0.08553365687243705,0.08553365687243705,0
182,15,1.947952389717102,1.9327383938193212,0.007840910092628568,0.08751938778110091,47.863247863247864,0.08805367051267152,0.007840910092628568,0.007840910092628568,0.08627272807410286,0.08751938778110091,0.08751938778110091,0
182,7,1.995581865310669,1.9327383938193212,0.03199781527205435,0.10849536908561869,44.29824561403509,0.1097369906004652,0.03199781527205435,0.03199781527205435,0.10559825221764349,0.10849536908561869,0.10849536908561869,0
182,3,1.681435465812683,1.9327383938193212,0.0,0.08000002958942924,49.33920704845815,0.0800000422706132,-0.13928998089649353,0.0,0.08,0.08000002958942924,0.08000002958942924,0
183,14,1.633895754814148,1.925218448289623,0.0,0.07999999999999996,52.22672064777328,0.07999999999999996,-0.16407224314696836,0.0,0.08,0.07999999999999996,0.07999999999999996,0
183,4,1.7177507877349854,1.925218448289623,0.0,0.08000048860529765,48.98989898989899,0.0800006980075681,-0.11402368679075045,0.0,0.08,0.08000048860529765,0.08000048860529765,0
183,12,2.0911002159118652,1.925218448289623,0.08265090521894218,0.12185464366236065,42.68292682926829,0.11145489487116361,0.08265090521894218,0.08265090521894218,0.14612072417515376,0.12185464366236065,0.12185464366236065,0
183,17,1.7914949655532837,1.925218448289623,0.0,0.08043896626787747,48.98989898989899,0.0806270946683964,-0.0719889929709181,0.0,0.08,0.08043896626787747,0.08043896626787747,0
183,15,1.7388588190078735,1.925218448289623,0.0,0.08526357144677063,43.58974358974359,0.08751938778110091,-0.101810393458619,0.0,0.08,0.08526357144677063,0.08526357144677063,0
183,0,1.8514686822891235,1.925218448289623,0.0,0.0922298009993675,42.0353982300885,0.09747114428481074,-0.03906023427469973,0.0,0.08,0.0922298009993675,0.0922298009993675,0
183,2,1.5161375999450684,1.925218448289623,0.0,0.07999999999999996,52.42718446601942,0.07999999999999996,-0.23887339129435908,0.0,0.08,0.07999999999999996,0.07999999999999996,0
183,19,1.805553674697876,1.925218448289623,0.0,0.07999999999999996,48.205128205128204,0.07999999999999996,-0.06417215085495,0.0,0.08,0.07999999999999996,0.07999999999999996,0
183,16,1.761420488357544,1.925218448289623,0.0,0.08000000000014434,53.2,0.0800000000002062,-0.08891886126817625,0.0,0.08,0.08000000000014434,0.08000000000014434,0
183,7,1.9741755723953247,1.925218448289623,0.0251114384444461,0.10597350358660014,43.421052631578945,0.10849536908561869,0.0251114384444461,0.0251114384444461,0.10008915075555688,0.10597350358660014,0.10597350358660014,0
183,18,2.2901611328125,1.925218448289623,0.1735827370042168,0.17409053271440295,44.49339207048458,0.15490096547627272,0.1735827370042168,0.1735827370042168,0.21886618960337345,0.17409053271440295,0.17409053271440295,0
183,6,1.8528064489364624,1.925218448289623,0.0,0.08387355981070593,46.15384615384615,0.08553365687243705,-0.0383379516953105,0.0,0.08,0.08387355981070593,0.08387355981070593,0
183,13,2.0187573432922363,1.925218448289623,0.047442704353287984,0.11330519738873515,45.04504504504504,0.11131278334849433,0.047442704353287984,0.047442704353287984,0.1179541634826304,0.11330519738873515,0.11330519738873515,0
183,10,2.229206085205078,1.925218448289623,0.14660606483961522,0.1949531426589985,38.16425120772947,0.19395383871070118,0.14660606483961522,0.14660606483961522,0.1972848518716922,0.1949531426589985,0.1949531426589985,0
183,1,1.8370165824890137,1.925218448289623,0.0,0.09277887958065595,45.6140350877193,0.09825554225807992,-0.04689660755062781,0.0,0.08,0.09277887958065595,0.09277887958065595,0
183,8,2.1568057537078857,1.925218448289623,0.11358886794797608,0.16582630796003173,41.42857142857143,0.1636642566464535,0.11358886794797608,0.11358886794797608,0.17087109435838088,0.16582630796003173,0.16582630796003173,0
183,9,1.8866533041000366,1.925218448289623,0.0,0.08000000000053861,51.666666666666664,0.08000000000076946,-0.02023491993680872,0.0,0.08,0.08000000000053861,0.08000000000053861,0
183,5,1.976548433303833,1.925218448289623,0.026312666967825582,0.0998087808529657,49.30232558139535,0.09927677254383938,0.026312666967825582,0.026312666967825582,0.10105013357426047,0.0998087808529657,0.0998087808529657,0
183,3,1.7546054124832153,1.925218448289623,0.0,0.08000002071260046,49.779735682819386,0.08000002958942924,-0.09279544498083978,0.0,0.08,0.08000002071260046,0.08000002071260046,0
183,11,1.5393855571746826,1.925218448289623,0.0,0.07999999999999996,57.37051792828685,0.07999999999999996,-0.22365609166981118,0.0,0.08,0.07999999999999996,0.07999999999999996,0
184,14,1.610769510269165,1.9171208666995676,0.0,0.07999999999999996,50.607287449392715,0.07999999999999996,-0.17411248950503633,0.0,0.08,0.07999999999999996,0.07999999999999996,0
184,7,2.085678815841675,1.9171208666995676,0.08426986099204041,0.1184062191487098,42.10526315789474,0.10597350358660014,0.08426986099204041,0.08426986099204041,0.14741588879363232,0.1184062191487098,0.1184062191487098,0
184,6,1.808968186378479,1.9171208666995676,0.0,0.08271149186749416,44.87179487179487,0.08387355981070593,-0.058067891729761616,0.0,0.08,0.08271149186749416,0.08271149186749416,0
184,11,1.5725213289260864,1.9171208666995676,0.0,0.07999999999999996,53.386454183266935,0.07999999999999996,-0.1981442376489571,0.0,0.08,0.07999999999999996,0.07999999999999996,0
184,2,1.5815515518188477,1.9171208666995676,0.0,0.07999999999999996,56.79611650485437,0.07999999999999996,-0.19241815087128855,0.0,0.08,0.07999999999999996,0.07999999999999996,0
184,17,1.8717046976089478,1.9171208666995676,0.0,0.08030727638751423,51.01010101010101,0.08043896626787747,-0.023974893262638103,0.0,0.08,0.08030727638751423,0.08030727638751423,0
184,5,1.8778175115585327,1.9171208666995676,0.0,0.09386614659707598,47.44186046511628,0.0998087808529657,-0.0207143075177718,0.0,0.08,0.09386614659707598,0.09386614659707598,0
184,19,1.6122777462005615,1.9171208666995676,0.0,0.07999999999999996,54.35897435897436,0.07999999999999996,-0.17317658263671384,0.0,0.08,0.07999999999999996,0.07999999999999996,0
184,3,1.6146458387374878,1.9171208666995676,0.0,0.08000001449882031,54.62555066079295,0.08000002071260046,-0.17170887329372933,0.0,0.08,0.08000001449882031,0.08000001449882031,0
184,8,2.0457570552825928,1.9171208666995676,0.06494340684506061,0.15566483321483676,37.61904761904762,0.16582630796003173,0.06494340684506061,0.06494340684506061,0.1319547254760485,0.15566483321483676,0.15566483321483676,0
184,13,1.8982717990875244,1.9171208666995676,0.0,0.10331363817211461,50.9009009009009,0.11330519738873515,-0.009880619119282565,0.0,0.08,0.10331363817211461,0.10331363817211461,0
184,4,1.5629305839538574,1.9171208666995676,0.0,0.08000034202370836,52.02020202020202,0.08000048860529765,-0.20426187241996807,0.0,0.08,0.08000034202370836,0.08000034202370836,0
184,1,1.8985203504562378,1.9171208666995676,0.0,0.08894521570645916,44.29824561403509,0.09277887958065595,-0.009749692085107646,0.0,0.08,0.08894521570645916,0.08894521570645916,0
184,16,1.6694437265396118,1.9171208666995676,0.0,0.08000000000010105,53.6,0.08000000000014434,-0.13833403816483766,0.0,0.08,0.08000000000010105,0.08000000000010105,0
184,9,1.79295814037323,1.9171208666995676,0.0,0.08000000000037702,48.333333333333336,0.08000000000053861,-0.0669576634245267,0.0,0.08,0.08000000000037702,0.08000000000037702,0
184,0,1.8591886758804321,1.9171208666995676,0.0,0.08856086069955726,45.575221238938056,0.0922298009993675,-0.030684315034080943,0.0,0.08,0.08856086069955726,0.08856086069955726,0
184,18,2.021895408630371,1.9171208666995676,0.053210880301424346,0.1586339841724239,44.93392070484582,0.17409053271440295,0.053210880301424346,0.053210880301424346,0.12256870424113948,0.1586339841724239,0.1586339841724239,0
184,12,2.0006375312805176,1.9171208666995676,0.042641383190011206,0.11953218252925513,37.39837398373984,0.12185464366236065,0.042641383190011206,0.042641383190011206,0.11411310655200896,0.11953218252925513,0.11953218252925513,0
184,10,2.4172751903533936,1.9171208666995676,0.23181643832955792,0.21610314506039283,35.7487922705314,0.1949531426589985,0.23181643832955792,0.23181643832955792,0.26545315066364633,0.21610314506039283,0.21610314506039283,0
184,15,1.8858006000518799,1.9171208666995676,0.0,0.08368450001273944,47.863247863247864,0.08526357144677063,-0.01647205966658342,0.0,0.08,0.08368450001273944,0.08368450001273944,0
185,8,2.1021957397460938,1.91195344870408,0.09485692094175117,0.155731044276406,39.523809523809526,0.15566483321483676,0.09485692094175117,0.09485692094175117,0.15588553675340094,0.155731044276406,0.155731044276406,0
185,12,1.9967892169952393,1.91195344870408,0.04341503139284251,0.11809213530476079,43.08943089430894,0.11953218252925513,0.04341503139284251,0.04341503139284251,0.11473202511427401,0.11809213530476079,0.11809213530476079,0
185,7,2.0063681602478027,1.91195344870408,0.048200734568705036,0.11845252970058606,46.92982456140351,0.1184062191487098,0.048200734568705036,0.048200734568705036,0.11856058765496404,0.11845252970058606,0.11845252970058606,0
185,11,1.5781610012054443,1.91195344870408,0.0,0.07999999999999996,56.97211155378486,0.07999999999999996,-0.19186522044807308,0.0,0.08,0.07999999999999996,0.07999999999999996,0
185,10,2.10805606842041,1.91195344870408,0.09764076034052047,0.1987059840239999,37.19806763285024,0.21610314506039283,0.09764076034052047,0.09764076034052047,0.15811260827241638,0.1987059840239999,0.1987059840239999,0
185,2,1.444582462310791,1.91195344870408,0.0,0.07999999999999996,53.883495145631066,0.07999999999999996,-0.2803051393373889,0.0,0.08,0.07999999999999996,0.07999999999999996,0
185,16,1.65924072265625,1.91195344870408,0.0,0.08000000000007074,49.6,0.08000000000010105,-0.1417653648833397,0.0,0.08,0.08000000000007074,0.08000000000007074,0
185,13,1.8789676427841187,1.91195344870408,0.0,0.09631954672048024,45.4954954954955,0.10331363817211461,-0.017402967490707615,0.0,0.08,0.09631954672048024,0.09631954672048024,0
185,19,1.5134556293487549,1.91195344870408,0.0,0.07999999999999996,60.0,0.07999999999999996,-0.23372993357858643,0.0,0.08,0.07999999999999996,0.07999999999999996,0
185,5,1.760703206062317,1.91195344870408,0.0,0.08970630261795318,47.906976744186046,0.09386614659707598,-0.08241218882073295,0.0,0.08,0.08970630261795318,0.08970630261795318,0
185,4,1.8995471000671387,1.91195344870408,0.0,0.08000023941659584,48.98989898989899,0.08000034202370836,-0.0065099780141475005,0.0,0.08,0.08000023941659584,0.08000023941659584,0
185,6,1.8270326852798462,1.91195344870408,0.0,0.0818980443072459,50.0,0.08271149186749416,-0.04543229980502837,0.0,0.08,0.0818980443072459,0.0818980443072459,0
185,15,1.7563772201538086,1.91195344870408,0.0,0.0825791500089176,44.01709401709402,0.08368450001273944,-0.08487217695932435,0.0,0.08,0.0825791500089176,0.0825791500089176,0
185,14,1.7249687910079956,1.91195344870408,0.0,0.07999999999999996,50.607287449392715,0.07999999999999996,-0.10291650870339317,0.0,0.08,0.07999999999999996,0.07999999999999996,0
185,18,2.0912880897521973,1.91195344870408,0.08965471915214365,0.15656092151721118,40.969162995594715,0.1586339841724239,0.08965471915214365,0.08965471915214365,0.15172377532171494,0.15656092151721118,0.15656092151721118,0
185,3,1.5322773456573486,1.91195344870408,0.0,0.08000001014917421,51.10132158590309,0.08000001449882031,-0.22137037616682972,0.0,0.08,0.08000001014917421,0.08000001014917421,0
185,17,1.7575851678848267,1.91195344870408,0.0,0.08021509347125996,49.494949494949495,0.08030727638751423,-0.08418466375438205,0.0,0.08,0.08021509347125996,0.08021509347125996,0
185,1,1.9532586336135864,1.91195344870408,0.021373604480886394,0.09139131606993414,44.29824561403509,0.08894521570645916,0.021373604480886394,0.021373604480886394,0.09709888358470911,0.09139131606993414,0.09139131606993414,0
185,9,1.6219731569290161,1.91195344870408,0.0,0.08000000000026392,48.333333333333336,0.08000000000037702,-0.16448206029495843,0.0,0.08,0.08000000000026392,0.08000000000026392,0
185,0,1.8250104188919067,1.91195344870408,0.0,0.08599260248969008,41.5929203539823,0.08856086069955726,-0.0465397711715333,0.0,0.08,0.08599260248969008,0.08599260248969008,0
186,7,1.8300292491912842,1.900043785081383,0.0,0.10691677079041023,48.24561403508772,0.11845252970058606,-0.03754498059494994,0.0,0.08,0.10691677079041023,0.10691677079041023,0
186,0,1.8980183601379395,1.900043785081383,0.0,0.08419482174278306,47.78761061946903,0.08599260248969008,-0.0010665571269433316,0.0,0.08,0.08419482174278306,0.08419482174278306,0
186,5,1.8807148933410645,1.900043785081383,0.0,0.08679441183256723,41.395348837209305,0.08970630261795318,-0.01022496365656406,0.0,0.08,0.08679441183256723,0.08679441183256723,0
186,6,1.7590758800506592,1.900043785081383,0.0,0.08132863101507212,44.01709401709402,0.0818980443072459,-0.07708832726430566,0.0,0.08,0.08132863101507212,0.08132863101507212,0
186,14,1.7826166152954102,1.900043785081383,0.0,0.07999999999999996,59.91902834008097,0.07999999999999996,-0.06379463684786588,0.0,0.08,0.07999999999999996,0.07999999999999996,0
186,3,1.7977063655853271,1.900043785081383,0.0,0.08000000710442194,50.66079295154185,0.08000001014917421,-0.055365319362118005,0.0,0.08,0.08000000710442194,0.08000000710442194,0
186,8,2.129755973815918,1.900043785081383,0.11413047562030314,0.16040304514235693,35.714285714285715,0.155731044276406,0.11413047562030314,0.11413047562030314,0.17130438049624253,0.16040304514235693,0.16040304514235693,0
186,12,2.1343398094177246,1.900043785081383,0.11628044484191924,0.13457180147539316,42.27642276422764,0.11809213530476079,0.11628044484191924,0.11628044484191924,0.1730243558735354,0.13457180147539316,0.13457180147539316,0
186,13,1.9829730987548828,1.900043785081383,0.04272035260600493,0.10167656732977734,48.1981981981982,0.09631954672048024,0.04272035260600493,0.04272035260600493,0.11417628208480395,0.10167656732977734,0.10167656732977734,0
186,17,1.650276780128479,1.900043785081383,0.0,0.08015056542988197,46.96969696969697,0.08021509347125996,-0.1409339105127981,0.0,0.08,0.08015056542988197,0.08015056542988197,0
186,4,1.5938791036605835,1.900043785081383,0.0,0.08000016759161709,53.03030303030303,0.08000023941659584,-0.17570619681340013,0.0,0.08,0.08000016759161709,0.08000016759161709,0
186,19,1.552962064743042,1.900043785081383,0.0,0.07999999999999996,53.84615384615385,0.07999999999999996,-0.20171281272317473,0.0,0.08,0.07999999999999996,0.07999999999999996,0
186,11,1.4916270971298218,1.900043785081383,0.0,0.07999999999999996,51.39442231075697,0.07999999999999996,-0.2420093936024377,0.0,0.08,0.07999999999999996,0.07999999999999996,0
186,16,1.6775635480880737,1.900043785081383,0.0,0.0800000000000495,47.6,0.08000000000007074,-0.12453445822654076,0.0,0.08,0.0800000000000495,0.0800000000000495,0
186,15,1.8433767557144165,1.900043785081383,0.0,0.08180540500624232,52.136752136752136,0.0825791500089176,-0.030277847490633787,0.0,0.08,0.08180540500624232,0.08180540500624232,0
186,1,1.8687794208526611,1.900043785081383,0.0,0.0879739212489539,42.98245614035088,0.09139131606993414,-0.01659142896547687,0.0,0.08,0.0879739212489539,0.0879739212489539,0
186,10,2.2871992588043213,1.900043785081383,0.18545110638602344,0.20760245434944552,44.927536231884055,0.1987059840239999,0.18545110638602344,0.18545110638602344,0.22836088510881875,0.20760245434944552,0.20760245434944552,0
186,9,1.511159896850586,1.900043785081383,0.0,0.08000000000018473,53.75,0.08000000000026392,-0.22899942976696364,0.0,0.08,0.08000000000018473,0.08000000000018473,0
186,18,2.1008660793304443,1.900043785081383,0.1004727472472937,0.15770610440139832,46.25550660792952,0.15656092151721118,0.1004727472472937,0.1004727472472937,0.16037819779783496,0.15770610440139832,0.15770610440139832,0
186,2,1.4840450286865234,1.900043785081383,0.0,0.07999999999999996,57.28155339805825,0.07999999999999996,-0.24710544214570776,0.0,0.08,0.07999999999999996,0.07999999999999996,0
187,3,1.822507619857788,1.8914261873120752,0.0,0.08000000497309535,44.052863436123346,0.08000000710442194,-0.03711777488440882,0.0,0.08,0.08000000497309535,0.08000000497309535,0
187,17,1.6751418113708496,1.8914261873120752,0.0,0.08010539580091738,46.96969696969697,0.08015056542988197,-0.12143331508731156,0.0,0.08,0.08010539580091738,0.08010539580091738,0
187,5,1.9292306900024414,1.8914261873120752,0.019790176164062763,0.08950573056217212,43.72093023255814,0.08679441183256723,0.019790176164062763,0.019790176164062763,0.09583214093125021,0.08950573056217212,0.08950573056217212,0
187,14,1.6072328090667725,1.8914261873120752,0.0,0.07999999999999996,53.441295546558706,0.07999999999999996,-0.1628171919185031,0.0,0.08,0.07999999999999996,0.07999999999999996,0
187,1,2.127580165863037,1.8914261873120752,0.1176541199821331,0.11381873366997966,49.12280701754386,0.0879739212489539,0.1176541199821331,0.1176541199821331,0.17412329598570647,0.11381873366997966,0.11381873366997966,0
187,11,1.5493439435958862,1.8914261873120752,0.0,0.07999999999999996,56.17529880478088,0.07999999999999996,-0.19949956066664756,0.0,0.08,0.07999999999999996,0.07999999999999996,0
187,7,2.0985207557678223,1.8914261873120752,0.10390155301643308,0.1237781122772311,38.59649122807018,0.10691677079041023,0.10390155301643308,0.10390155301643308,0.16312124241314646,0.1237781122772311,0.1237781122772311,0
187,19,1.6311670541763306,1.8914261873120752,0.0,0.07999999999999996,50.256410256410255,0.07999999999999996,-0.14803539734308555,0.0,0.08,0.07999999999999996,0.07999999999999996,0
187,6,1.957776665687561,1.8914261873120752,0.034478333987269315,0.08920484186749511,46.58119658119658,0.08132863101507212,0.034478333987269315,0.034478333987269315,0.10758266718981546,0.08920484186749511,0.08920484186749511,0
187,8,2.2592179775238037,1.8914261873120752,0.17768758392957307,0.17892715174274737,37.61904761904762,0.16040304514235693,0.17768758392957307,0.17768758392957307,0.22215006714365848,0.17892715174274737,0.17892715174274737,0
187,10,2.2709155082702637,1.8914261873120752,0.18285191594299652,0.21320617787093102,42.51207729468599,0.20760245434944552,0.18285191594299652,0.18285191594299652,0.22628153275439722,0.21320617787093102,0.21320617787093102,0
187,0,1.9575304985046387,1.8914261873120752,0.03435258794913425,0.09118099632774035,51.32743362831859,0.08419482174278306,0.03435258794913425,0.03435258794913425,0.1074820703593074,0.09118099632774035,0.09118099632774035,0
187,9,1.6756139993667603,1.8914261873120752,0.0,0.0800000000001293,47.5,0.08000000000018473,-0.12115147539329112,0.0,0.08,0.0800000000001293,0.0800000000001293,0
187,12,2.056882858276367,1.8914261873120752,0.08386051980759336,0.1383267857865976,39.83739837398374,0.13457180147539316,0.08386051980759336,0.08386051980759336,0.14708841584607468,0.1383267857865976,0.1383267857865976,0
187,15,1.7476462125778198,1.8914261873120752,0.0,0.08126378350436962,48.29059829059829,0.08180540500624232,-0.07906127933508202,0.0,0.08,0.08126378350436962,0.08126378350436962,0
187,2,1.5972529649734497,1.8914261873120752,0.0,0.07999999999999996,52.9126213592233,0.07999999999999996,-0.16904588319695624,0.0,0.08,0.07999999999999996,0.07999999999999996,0
187,18,2.211452007293701,1.8914261873120752,0.1563181749302424,0.17191063506423698,40.08810572687225,0.15770610440139832,0.1563181749302424,0.1563181749302424,0.20505453994419393,0.17191063506423698,0.17191063506423698,0
187,4,1.5704818964004517,1.8914261873120752,0.0,0.08000011731413195,46.464646464646464,0.08000016759161709,-0.1859486272416377,0.0,0.08,0.08000011731413195,0.08000011731413195,0
187,16,1.7184470891952515,1.8914261873120752,0.0,0.08000000000003465,54.4,0.0800000000000495,-0.09591011254885784,0.0,0.08,0.08000000000003465,0.08000000000003465,0
187,13,1.9611406326293945,1.8914261873120752,0.036195118239053366,0.10386042550821695,50.450450450450454,0.10167656732977734,0.036195118239053366,0.036195118239053366,0.1089560945912427,0.10386042550821695,0.10386042550821695,0
188,18,2.205521583557129,1.8898704840738791,0.15445572622142476,0.18140681883810783,40.08810572687225,0.17191063506423698,0.15445572622142476,0.15445572622142476,0.2035645809771398,0.18140681883810783,0.18140681883810783,0
188,7,2.0633862018585205,1.8898704840738791,0.08784012034839211,0.13172630747767586,42.98245614035088,0.1237781122772311,0.08784012034839211,0.08784012034839211,0.15027209627871368,0.13172630747767586,0.13172630747767586,0
188,9,1.7581946849822998,1.8898704840738791,0.0,0.0800000000000905,47.916666666666664,0.0800000000001293,-0.07222076393989178,0.0,0.08,0.0800000000000905,0.0800000000000905,0
188,12,1.9940755367279053,1.8898704840738791,0.053672252777176035,0.13371009071714057,38.61788617886179,0.1383267857865976,0.053672252777176035,0.053672252777176035,0.12293780222174083,0.13371009071714057,0.13371009071714057,0
188,13,1.9579393863677979,1.8898704840738791,0.03538428675551395,0.10519452667707521,46.3963963963964,0.10386042550821695,0.03538428675551395,0.03538428675551395,0.10830742940441117,0.10519452667707521,0.10519452667707521,0
188,10,2.2326552867889404,1.8898704840738791,0.16668328811095431,0.21324831365628072,37.19806763285024,0.21320617787093102,0.16668328811095431,0.16668328811095431,0.21334663048876346,0.21324831365628072,0.21324831365628072,0
188,17,1.8695069551467896,1.8898704840738791,0.0,0.08007377706064217,44.94949494949495,0.08010539580091738,-0.010833563968115007,0.0,0.08,0.08007377706064217,0.08007377706064217,0
188,14,1.7055145502090454,1.8898704840738791,0.0,0.07999999999999996,47.36842105263158,0.07999999999999996,-0.10264144502121154,0.0,0.08,0.07999999999999996,0.07999999999999996,0
188,15,1.630874752998352,1.8898704840738791,0.0,0.08088464845305873,48.29059829059829,0.08126378350436962,-0.1473917697878123,0.0,0.08,0.08088464845305873,0.08088464845305873,0
188,1,2.099147081375122,1.8898704840738791,0.10502281019532968,0.12887858801586488,44.73684210526316,0.11381873366997966,0.10502281019532968,0.10502281019532968,0.16401824815626376,0.12887858801586488,0.12887858801586488,0
188,8,2.077139377593994,1.8898704840738791,0.09448334763209154,0.17192500965162513,39.523809523809526,0.17892715174274737,0.09448334763209154,0.09448334763209154,0.15558667810567323,0.17192500965162513,0.17192500965162513,0
188,4,1.585005283355713,1.8898704840738791,0.0,0.08000008211989236,55.05050505050505,0.08000011731413195,-0.17592055808953452,0.0,0.08,0.08000008211989236,0.08000008211989236,0
188,3,1.8043503761291504,1.8898704840738791,0.0,0.08000000348116675,51.98237885462555,0.08000000497309535,-0.04630767494474134,0.0,0.08,0.08000000348116675,0.08000000348116675,0
188,0,1.7743955850601196,1.8898704840738791,0.0,0.08782669742941823,46.017699115044245,0.09118099632774035,-0.06304844995434294,0.0,0.08,0.08782669742941823,0.08782669742941823,0
188,5,1.922654390335083,1.8898704840738791,0.017198426370924905,0.09078163372254246,48.372093023255815,0.08950573056217212,0.017198426370924905,0.017198426370924905,0.09375874109673993,0.09078163372254246,0.09078163372254246,0
188,2,1.6504484415054321,1.8898704840738791,0.0,0.07999999999999996,52.9126213592233,0.07999999999999996,-0.1354612652940254,0.0,0.08,0.07999999999999996,0.07999999999999996,0
188,16,1.6672495603561401,1.8898704840738791,0.0,0.08000000000002425,52.4,0.08000000000003465,-0.12533300023567992,0.0,0.08,0.08000000000002425,0.08000000000002425,0
188,19,1.522645115852356,1.8898704840738791,0.0,0.07999999999999996,52.30769230769231,0.07999999999999996,-0.21605926825373864,0.0,0.08,0.07999999999999996,0.07999999999999996,0
188,11,1.6722813844680786,1.8898704840738791,0.0,0.07999999999999996,52.98804780876494,0.07999999999999996,-0.12231950644099286,0.0,0.08,0.07999999999999996,0.07999999999999996,0
188,6,1.8448294401168823,1.8898704840738791,0.0,0.08644338930724657,47.43589743589744,0.08920484186749511,-0.024121470811095953,0.0,0.08,0.08644338930724657,0.08644338930724657,0
189,8,2.1357064247131348,1.8833424264787928,0.12574938471345384,0.17452735908736652,38.57142857142857,0.17192500965162513,0.12574938471345384,0.12574938471345384,0.18059950777076308,0.17452735908736652,0.17452735908736652,0
189,4,1.66054368019104,1.8833424264787928,0.0,0.08000005748392465,49.494949494949495,0.08000008211989236,-0.12590301705154525,0.0,0.08,0.08000005748392465,0.08000005748392465,0
189,5,1.8576823472976685,1.8833424264787928,0.0,0.08754714360577973,49.30232558139535,0.09078163372254246,-0.01371842370451676,0.0,0.08,0.08754714360577973,0.08754714360577973,0
189,14,1.7666041851043701,1.8833424264787928,0.0,0.07999999999999996,53.84615384615385,0.07999999999999996,-0.0639889200040559,0.0,0.08,0.07999999999999996,0.07999999999999996,0
189,2,1.4628221988677979,1.8833424264787928,0.0,0.07999999999999996,54.36893203883495,0.07999999999999996,-0.25268050039299883,0.0,0.08,0.07999999999999996,0.07999999999999996,0
189,3,1.4735841751098633,1.8833424264787928,0.0,0.08000000243681671,54.18502202643172,0.08000000348116675,-0.24535043569166373,0.0,0.08,0.08000000243681671,0.08000000243681671,0
189,0,1.7335283756256104,1.8833424264787928,0.0,0.08547868820059276,48.230088495575224,0.08782669742941823,-0.08288922925027206,0.0,0.08,0.08547868820059276,0.08547868820059276,0
189,6,1.9632141590118408,1.8833424264787928,0.0415349222456642,0.09447875385403201,48.717948717948715,0.08644338930724657,0.0415349222456642,0.0415349222456642,0.11322793779653137,0.09447875385403201,0.09447875385403201,0
189,10,2.0598933696746826,1.8833424264787928,0.08960613401543174,0.19477929172310013,36.231884057971016,0.21324831365628072,0.08960613401543174,0.08960613401543174,0.1516849072123454,0.19477929172310013,0.19477929172310013,0
189,7,1.9460686445236206,1.8833424264787928,0.032763172951239955,0.12407157674267068,42.10526315789474,0.13172630747767586,0.032763172951239955,0.032763172951239955,0.10621053836099197,0.12407157674267068,0.12407157674267068,0
189,19,1.6515659093856812,1.8833424264787928,0.0,0.07999999999999996,55.38461538461539,0.07999999999999996,-0.13132421009838657,0.0,0.08,0.07999999999999996,0.07999999999999996,0
189,16,1.7213932275772095,1.8833424264787928,0.0,0.08000000000001697,52.0,0.08000000000002425,-0.08991410522518714,0.0,0.08,0.08000000000001697,0.08000000000001697,0
189,17,1.8188804388046265,1.8833424264787928,0.0,0.08005164394244951,42.42424242424242,0.08007377706064217,-0.03482691621286859,0.0,0.08,0.08005164394244951,0.08005164394244951,0
189,11,1.5305014848709106,1.8833424264787928,0.0,0.07999999999999996,54.18326693227092,0.07999999999999996,-0.20745263388364668,0.0,0.08,0.07999999999999996,0.07999999999999996,0
189,15,1.7912834882736206,1.8833424264787928,0.0,0.08061925391714111,46.15384615384615,0.08088464845305873,-0.05011568896179737,0.0,0.08,0.08061925391714111,0.08061925391714111,0
189,18,2.0283401012420654,1.8833424264787928,0.07416968937349948,0.16878549863631537,42.731277533039645,0.18140681883810783,0.07416968937349948,0.07416968937349948,0.1393357514987996,0.16878549863631537,0.16878549863631537,0
189,1,1.7183895111083984,1.8833424264787928,0.0,0.11421501161110542,46.92982456140351,0.12887858801586488,-0.0916605627447498,0.0,0.08,0.11421501161110542,0.11421501161110542,0
189,13,2.199150323867798,1.8833424264787928,0.15502298387986008,0.13484168480511907,46.846846846846844,0.10519452667707521,0.15502298387986008,0.15502298387986008,0.2040183871038881,0.13484168480511907,0.13484168480511907,0
189,9,1.394733190536499,1.8833424264787928,0.0,0.08000000000006335,50.0,0.0800000000000905,-0.30034494712088855,0.0,0.08,0.08000000000006335,0.08000000000006335,0
189,12,2.0416743755340576,1.8833424264787928,0.0807221584181558,0.1369703815223558,39.83739837398374,0.13371009071714057,0.0807221584181558,0.0807221584181558,0.14457772673452465,0.1369703815223558,0.1369703815223558,0
190,18,2.06520676612854,1.872902567499813,0.0977409471577274,0.16560767636327534,42.290748898678416,0.16878549863631537,0.0977409471577274,0.0977409471577274,0.1581927577261819,0.16560767636327534,0.16560767636327534,0
190,7,1.8690457344055176,1.872902567499813,0.0,0.11085010371986947,45.175438596491226,0.12407157674267068,-0.0020614044493787115,0.0,0.08,0.11085010371986947,0.11085010371986947,0
190,5,1.91594660282135,1.872902567499813,0.022722407327873406,0.09073637828273542,49.76744186046512,0.08754714360577973,0.022722407327873406,0.022722407327873406,0.09817792586229873,0.09073637828273542,0.09073637828273542,0
190,15,1.8610609769821167,1.872902567499813,0.0,0.08043347774199877,51.70940170940171,0.08061925391714111,-0.0063426597562885045,0.0,0.08,0.08043347774199877,0.08043347774199877,0
190,14,1.4278788566589355,1.872902567499813,0.0,0.07999999999999996,55.87044534412956,0.07999999999999996,-0.2712993749109405,0.0,0.08,0.07999999999999996,0.07999999999999996,0
190,13,1.9745005369186401,1.872902567499813,0.05282607077483955,0.13106743634954485,45.04504504504504,0.13484168480511907,0.05282607077483955,0.05282607077483955,0.12226085661987164,0.13106743634954485,0.13106743634954485,0
190,3,1.6582050323486328,1.872902567499813,0.0,0.08000000170577169,55.947136563876654,0.08000000243681671,-0.1217536904085541,0.0,0.08,0.08000000170577169,0.08000000170577169,0
190,19,1.6378058195114136,1.872902567499813,0.0,0.07999999999999996,62.56410256410256,0.07999999999999996,-0.13413197075815303,0.0,0.08,0.07999999999999996,0.07999999999999996,0
190,11,1.625666856765747,1.872902567499813,0.0,0.07999999999999996,47.808764940239044,0.07999999999999996,-0.14157129681344738,0.0,0.08,0.07999999999999996,0.07999999999999996,0
190,0,1.787850260734558,1.872902567499813,0.0,0.08383508174041493,51.32743362831859,0.08547868820059276,-0.04647547591572316,0.0,0.08,0.08383508174041493,0.08383508174041493,0
190,8,2.1620893478393555,1.872902567499813,0.1435856415028007,0.18062970532182873,39.04761904761905,0.17452735908736652,0.1435856415028007,0.1435856415028007,0.19486851320224058,0.18062970532182873,0.18062970532182873,0
190,6,1.6986167430877686,1.872902567499813,0.0,0.09013512769782239,50.0,0.09447875385403201,-0.09767516276562728,0.0,0.08,0.09013512769782239,0.09013512769782239,0
190,1,1.8043409585952759,1.872902567499813,0.0,0.10395050812777379,48.68421052631579,0.11421501161110542,-0.037293997197920974,0.0,0.08,0.10395050812777379,0.10395050812777379,0
190,17,1.6430284976959229,1.872902567499813,0.0,0.08003615075971465,46.96969696969697,0.08005164394244951,-0.13094821805426082,0.0,0.08,0.08003615075971465,0.08003615075971465,0
190,10,2.191675901412964,1.872902567499813,0.15717709956137108,0.19806800810089914,32.85024154589372,0.19477929172310013,0.15717709956137108,0.15717709956137108,0.20574167964909684,0.19806800810089914,0.19806800810089914,0
190,16,1.7209700345993042,1.872902567499813,0.0,0.08000000000001188,52.0,0.08000000000001697,-0.0846012966937039,0.0,0.08,0.08000000000001188,0.08000000000001188,0
190,12,1.8708672523498535,1.872902567499813,0.0,0.11987926706564905,39.43089430894309,0.1369703815223558,-0.001087307947627532,0.0,0.08,0.11987926706564905,0.11987926706564905,0
190,4,1.7186700105667114,1.872902567499813,0.0,0.08000004023874725,54.04040404040404,0.08000005748392465,-0.08593866009907465,0.0,0.08,0.08000004023874725,0.08000004023874725,0
190,9,1.7297589778900146,1.872902567499813,0.0,0.08000000000004434,52.083333333333336,0.08000000000006335,-0.07950732251433658,0.0,0.08,0.08000000000004434,0.08000000000004434,0
190,2,1.498521089553833,1.872902567499813,0.0,0.07999999999999996,53.883495145631066,0.07999999999999996,-0.22301071983552,0.0,0.08,0.07999999999999996,0.07999999999999996,0
191,13,1.88482666015625,1.8614927726810604,0.012457127329509016,0.11873691600376356,52.252252252252255,0.13106743634954485,0.012457127329509016,0.012457127329509016,0.08996570186360722,0.11873691600376356,0.11873691600376356,0
191,18,1.9284180402755737,1.8614927726810604,0.035321266568839244,0.14840247743081414,33.03964757709251,0.16560767636327534,0.035321266568839244,0.035321266568839244,0.1082570132550714,0.14840247743081414,0.14840247743081414,0
191,4,1.7891762256622314,1.8614927726810604,0.0,0.08000002816712307,53.535353535353536,0.08000004023874725,-0.03962342678499254,0.0,0.08,0.08000002816712307,0.08000002816712307,0
191,3,1.7970892190933228,1.8614927726810604,0.0,0.08000000119404019,50.220264317180614,0.08000000170577169,-0.03521047612620238,0.0,0.08,0.08000000119404019,0.08000000119404019,0
191,16,1.5072139501571655,1.8614927726810604,0.0,0.08000000000000831,52.0,0.08000000000001188,-0.2111158500614433,0.0,0.08,0.08000000000000831,0.08000000000000831,0
191,1,1.768202304840088,1.8614927726810604,0.0,0.09676535568944164,50.43859649122807,0.10395050812777379,-0.05141534803154599,0.0,0.08,0.09676535568944164,0.09676535568944164,0
191,19,1.7981778383255005,1.8614927726810604,0.0,0.07999999999999996,54.87179487179487,0.07999999999999996,-0.03460489148283359,0.0,0.08,0.07999999999999996,0.07999999999999996,0
191,14,1.5227925777435303,1.8614927726810604,0.0,0.07999999999999996,47.36842105263158,0.07999999999999996,-0.20083285917453444,0.0,0.08,0.07999999999999996,0.07999999999999996,0
191,10,1.9882657527923584,1.8614927726810604,0.06588404562584771,0.17845977662083284,30.917874396135264,0.19806800810089914,0.06588404562584771,0.06588404562584771,0.13270723650067817,0.17845977662083284,0.17845977662083284,0
191,9,1.7306588888168335,1.8614927726810604,0.0,0.08000000000003103,49.166666666666664,0.08000000000004434,-0.07287653480423925,0.0,0.08,0.08000000000003103,0.08000000000003103,0
191,12,2.084537982940674,1.8614927726810604,0.11316850740649818,0.13507592872351387,39.83739837398374,0.11987926706564905,0.11316850740649818,0.11316850740649818,0.17053480592519854,0.13507592872351387,0.13507592872351387,0
191,6,1.781476616859436,1.8614927726810604,0.0,0.08709458938847567,50.85470085470085,0.09013512769782239,-0.04393615111489863,0.0,0.08,0.08709458938847567,0.08709458938847567,0
191,17,1.9664723873138428,1.8614927726810604,0.05486253916668316,0.09319231493180422,49.494949494949495,0.08003615075971465,0.05486253916668316,0.05486253916668316,0.12389003133334653,0.09319231493180422,0.09319231493180422,0
191,15,1.7944624423980713,1.8614927726810604,0.0,0.08030343441939913,50.85470085470085,0.08043347774199877,-0.03667322949664834,0.0,0.08,0.08030343441939913,0.08030343441939913,0
191,11,1.6218470335006714,1.8614927726810604,0.0,0.07999999999999996,54.581673306772906,0.07999999999999996,-0.1378130870952475,0.0,0.08,0.07999999999999996,0.07999999999999996,0
191,5,1.8340322971343994,1.8614927726810604,0.0,0.0875154647979148,47.44186046511628,0.09073637828273542,-0.0148617478241238,0.0,0.08,0.0875154647979148,0.0875154647979148,0
191,8,2.251232147216797,1.8614927726810604,0.19009895458307702,0.1960645428252186,40.95238095238095,0.18062970532182873,0.19009895458307702,0.19009895458307702,0.23207916366646164,0.1960645428252186,0.1960645428252186,0
191,0,1.7214409112930298,1.8614927726810604,0.0,0.08268455721829045,45.13274336283186,0.08383508174041493,-0.07821705212011695,0.0,0.08,0.08268455721829045,0.08268455721829045,0
191,2,1.5832916498184204,1.8614927726810604,0.0,0.07999999999999996,49.51456310679612,0.07999999999999996,-0.16187272825347623,0.0,0.08,0.07999999999999996,0.07999999999999996,0
191,7,1.8663299083709717,1.8614927726810604,0.0025951547552512107,0.10221790974516892,48.68421052631579,0.11085010371986947,0.0025951547552512107,0.0025951547552512107,0.08207612380420097,0.10221790974516892,0.10221790974516892,0
192,5,1.827934741973877,1.854921078487524,0.0,0.08526082535854036,49.30232558139535,0.0875154647979148,-0.014655376529275826,0.0,0.08,0.08526082535854036,0.08526082535854036,0
192,0,1.9892144203186035,1.854921078487524,0.06989764690918979,0.09865462531100885,49.11504424778761,0.08268455721829045,0.06989764690918979,0.06989764690918979,0.13591811752735183,0.09865462531100885,0.09865462531100885,0
192,13,1.923075795173645,1.854921078487524,0.036083730841147924,0.11577593660451,46.3963963963964,0.11873691600376356,0.036083730841147924,0.036083730841147924,0.10886698467291835,0.11577593660451,0.11577593660451,0
192,6,1.8030877113342285,1.854921078487524,0.0,0.08496621257193296,50.0,0.08709458938847567,-0.02834155923171939,0.0,0.08,0.08496621257193296,0.08496621257193296,0
192,14,1.5481536388397217,1.854921078487524,0.0,0.07999999999999996,56.68016194331984,0.07999999999999996,-0.18077912865728388,0.0,0.08,0.07999999999999996,0.07999999999999996,0
192,19,1.4461133480072021,1.854921078487524,0.0,0.07999999999999996,55.38461538461539,0.07999999999999996,-0.24896264039588176,0.0,0.08,0.07999999999999996,0.07999999999999996,0
192,17,1.911981463432312,1.854921078487524,0.030297969699170473,0.09650613318006385,44.94949494949495,0.09319231493180422,0.030297969699170473,0.030297969699170473,0.10423837575933638,0.09650613318006385,0.09650613318006385,0
192,9,1.5940989255905151,1.854921078487524,0.0,0.08000000000002172,45.416666666666664,0.08000000000003103,-0.1515335093165401,0.0,0.08,0.08000000000002172,0.08000000000002172,0
192,7,2.108396530151367,1.854921078487524,0.12808556975888996,0.12629307356375183,48.24561403508772,0.10221790974516892,0.12808556975888996,0.12808556975888996,0.18246845580711196,0.12629307356375183,0.12629307356375183,0
192,11,1.5016056299209595,1.854921078487524,0.0,0.07999999999999996,55.776892430278885,0.07999999999999996,-0.21130719303156476,0.0,0.08,0.07999999999999996,0.07999999999999996,0
192,16,1.7651358842849731,1.854921078487524,0.0,0.08000000000000582,50.8,0.08000000000000831,-0.04961447390509955,0.0,0.08,0.08000000000000582,0.08000000000000582,0
192,12,1.7686196565628052,1.854921078487524,0.0,0.1185531501064597,50.0,0.13507592872351387,-0.04764276231017772,0.0,0.08,0.1185531501064597,0.1185531501064597,0
192,18,2.0500779151916504,1.854921078487524,0.10003564946083554,0.15189029007217042,41.409691629955944,0.14840247743081414,0.10003564946083554,0.10003564946083554,0.16002851956866843,0.15189029007217042,0.15189029007217042,0
192,1,1.8703950643539429,1.854921078487524,0.00830752300454172,0.09372955450369916,49.12280701754386,0.09676535568944164,0.00830752300454172,0.00830752300454172,0.08664601840363338,0.09372955450369916,0.09372955450369916,0
192,8,2.050855875015259,1.854921078487524,0.10041505564925272,0.18534479333347367,41.42857142857143,0.1960645428252186,0.10041505564925272,0.10041505564925272,0.1603320445194022,0.18534479333347367,0.18534479333347367,0
192,4,1.725576639175415,1.854921078487524,0.0,0.08000001971698614,44.44444444444444,0.08000002816712307,-0.07228087125751194,0.0,0.08,0.08000001971698614,0.08000001971698614,0
192,2,1.5299478769302368,1.854921078487524,0.0,0.07999999999999996,48.54368932038835,0.07999999999999996,-0.19260848126129218,0.0,0.08,0.07999999999999996,0.07999999999999996,0
192,15,1.9899725914001465,1.854921078487524,0.07027871524534701,0.09707929575246266,45.2991452991453,0.08030343441939913,0.07027871524534701,0.07027871524534701,0.1362229721962776,0.09707929575246266,0.09707929575246266,0
192,3,1.795061469078064,1.854921078487524,0.0,0.08000000083582813,54.62555066079295,0.08000000119404019,-0.032802883719158925,0.0,0.08,0.08000000083582813,0.08000000083582813,0
192,10,2.2753305435180664,1.854921078487524,0.20428318484220243,0.19794980799671158,40.09661835748792,0.17845977662083284,0.20428318484220243,0.20428318484220243,0.24342654787376194,0.19794980799671158,0.19794980799671158,0
193,14,1.6651071310043335,1.850980093304177,0.0,0.07999999999999996,59.10931174089069,0.07999999999999996,-0.10582581405957574,0.0,0.08,0.07999999999999996,0.07999999999999996,0
193,0,2.0002059936523438,1.850980093304177,0.07753489270856379,0.11166661196776151,48.230088495575224,0.09865462531100885,0.07753489270856379,0.07753489270856379,0.14202791416685104,0.11166661196776151,0.11166661196776151,0
193,9,1.5356523990631104,1.850980093304177,0.0,0.0800000000000152,52.5,0.08000000000002172,-0.18675997143946468,0.0,0.08,0.0800000000000152,0.0800000000000152,0
193,10,2.2480263710021973,1.850980093304177,0.19433738291061883,0.2092058374962466,42.51207729468599,0.19794980799671158,0.19433738291061883,0.19433738291061883,0.23546990632849507,0.2092058374962466,0.2092058374962466,0
193,19,1.6468532085418701,1.850980093304177,0.0,0.07999999999999996,57.43589743589744,0.07999999999999996,-0.11684895764593314,0.0,0.08,0.07999999999999996,0.07999999999999996,0
193,15,1.5544264316558838,1.850980093304177,0.0,0.09195550702672387,49.572649572649574,0.09707929575246266,-0.17460865459283822,0.0,0.08,0.09195550702672387,0.09195550702672387,0
193,16,1.5593923330307007,1.850980093304177,0.0,0.08000000000000407,53.6,0.08000000000000582,-0.1714190626941148,0.0,0.08,0.08000000000000407,0.08000000000000407,0
193,6,1.9397906064987183,1.850980093304177,0.046864753237348615,0.09472388957731673,48.717948717948715,0.08496621257193296,0.046864753237348615,0.046864753237348615,0.1174918025898789,0.09472388957731673,0.09472388957731673,0
193,7,1.885534405708313,1.850980093304177,0.018496006005057773,0.11684419293584014,49.56140350877193,0.12629307356375183,0.018496006005057773,0.018496006005057773,0.09479680480404622,0.11684419293584014,0.11684419293584014,0
193,1,1.822666049003601,1.850980093304177,0.0,0.08961068815258941,41.228070175438596,0.09372955450369916,-0.01541498757201012,0.0,0.08,0.08961068815258941,0.08961068815258941,0
193,12,1.9507567882537842,1.850980093304177,0.052502114579060497,0.1195877125734963,43.90243902439025,0.1185531501064597,0.052502114579060497,0.052502114579060497,0.1220016916632484,0.1195877125734963,0.1195877125734963,0
193,11,1.5831446647644043,1.850980093304177,0.0,0.07999999999999996,54.18326693227092,0.07999999999999996,-0.1563021148744221,0.0,0.08,0.07999999999999996,0.07999999999999996,0
193,2,1.5198426246643066,1.850980093304177,0.0,0.07999999999999996,57.76699029126213,0.07999999999999996,-0.19710848470074102,0.0,0.08,0.07999999999999996,0.07999999999999996,0
193,3,1.734778642654419,1.850980093304177,0.0,0.0800000005850797,49.33920704845815,0.08000000083582813,-0.06483545683393276,0.0,0.08,0.0800000005850797,0.0800000005850797,0
193,8,2.180142641067505,1.850980093304177,0.16367502655640642,0.1930233617069691,39.04761904761905,0.18534479333347367,0.16367502655640642,0.16367502655640642,0.21094002124512512,0.1930233617069691,0.1930233617069691,0
193,17,1.983028531074524,1.850980093304177,0.06890995793756699,0.10809268313106077,50.505050505050505,0.09650613318006385,0.06890995793756699,0.06890995793756699,0.13512796635005359,0.10809268313106077,0.10809268313106077,0
193,13,2.0602540969848633,1.850980093304177,0.10711404372618959,0.13075052611744248,43.24324324324324,0.11577593660451,0.10711404372618959,0.10711404372618959,0.16569123498095167,0.13075052611744248,0.13075052611744248,0
193,5,1.8520642518997192,1.850980093304177,0.0005855498987301458,0.08382310972667348,44.651162790697676,0.08526082535854036,0.0005855498987301458,0.0005855498987301458,0.08046843991898411,0.08382310972667348,0.08382310972667348,0
193,18,2.141753673553467,1.850980093304177,0.14590968736753027,0.16534152801872654,48.89867841409691,0.15189029007217042,0.14590968736753027,0.14590968736753027,0.19672774989402422,0.16534152801872654,0.16534152801872654,0
193,4,1.56635582447052,1.850980093304177,0.0,0.0800000138018903,48.484848484848484,0.08000001971698614,-0.16696348753936568,0.0,0.08,0.0800000138018903,0.0800000138018903,0
194,15,1.5989718437194824,1.8496185990189251,0.0,0.08836885491870669,42.30769230769231,0.09195550702672387,-0.14561862927977906,0.0,0.08,0.08836885491870669,0.08836885491870669,0
194,6,1.832053780555725,1.8496185990189251,0.0,0.09030672270412171,45.72649572649573,0.09472388957731673,-0.009541833071882649,0.0,0.08,0.09030672270412171,0.09030672270412171,0
194,17,1.7133502960205078,1.8496185990189251,0.0,0.09966487819174252,47.474747474747474,0.10809268313106077,-0.07652876356228326,0.0,0.08,0.09966487819174252,0.09966487819174252,0
194,19,1.4812411069869995,1.8496185990189251,0.0,0.07999999999999996,58.97435897435897,0.07999999999999996,-0.22209913163731104,0.0,0.08,0.07999999999999996,0.07999999999999996,0
194,10,2.110325813293457,1.8496185990189251,0.13186289363930695,0.20209118072080628,37.68115942028985,0.2092058374962466,0.13186289363930695,0.13186289363930695,0.18549031491144558,0.20209118072080628,0.20209118072080628,0
194,13,1.6987266540527344,1.8496185990189251,0.0,0.11552536828220972,47.2972972972973,0.13075052611744248,-0.08510051128960339,0.0,0.08,0.11552536828220972,0.11552536828220972,0
194,12,1.9511770009994507,1.8496185990189251,0.05345332531973271,0.12054019687818326,44.3089430894309,0.1195877125734963,0.05345332531973271,0.05345332531973271,0.12276266025578617,0.12054019687818326,0.12054019687818326,0
194,4,1.675003170967102,1.8496185990189251,0.0,0.0800000096613232,52.525252525252526,0.0800000138018903,-0.09916439618976787,0.0,0.08,0.0800000096613232,0.0800000096613232,0
194,9,1.639093041419983,1.8496185990189251,0.0,0.08000000000001063,46.666666666666664,0.0800000000000152,-0.12083638911110071,0.0,0.08,0.08000000000001063,0.08000000000001063,0
194,7,2.0660579204559326,1.8496185990189251,0.11066294966541089,0.1323500429747867,40.78947368421053,0.11684419293584014,0.11066294966541089,0.11066294966541089,0.16853035973232872,0.1323500429747867,0.1323500429747867,0
194,2,1.386540412902832,1.8496185990189251,0.0,0.07999999999999996,54.85436893203884,0.07999999999999996,-0.2881677202651108,0.0,0.08,0.07999999999999996,0.07999999999999996,0
194,8,2.0260491371154785,1.8496185990189251,0.09110820318355946,0.18098232195893263,41.42857142857143,0.1930233617069691,0.09110820318355946,0.09110820318355946,0.15288656254684757,0.18098232195893263,0.18098232195893263,0
194,11,1.6143099069595337,1.8496185990189251,0.0,0.07999999999999996,52.98804780876494,0.07999999999999996,-0.13607189119244997,0.0,0.08,0.07999999999999996,0.07999999999999996,0
194,14,1.6926461458206177,1.8496185990189251,0.0,0.07999999999999996,49.797570850202426,0.07999999999999996,-0.08868638348389067,0.0,0.08,0.07999999999999996,0.07999999999999996,0
194,18,1.9154115915298462,1.8496185990189251,0.034953074512171174,0.14812780749602963,37.88546255506608,0.16534152801872654,0.034953074512171174,0.034953074512171174,0.10796245960973694,0.14812780749602963,0.14812780749602963,0
194,16,1.706665277481079,1.8496185990189251,0.0,0.08000000000000285,54.8,0.08000000000000407,-0.08043811828340638,0.0,0.08,0.08000000000000285,0.08000000000000285,0
194,1,1.6660581827163696,1.8496185990189251,0.0,0.08672748170681258,46.49122807017544,0.08961068815258941,-0.10451898781354228,0.0,0.08,0.08672748170681258,0.08672748170681258,0
194,5,1.8569973707199097,1.8496185990189251,0.003981411329656382,0.08363171552778896,48.372093023255815,0.08382310972667348,0.003981411329656382,0.003981411329656382,0.0831851290637251,0.08363171552778896,0.08363171552778896,0
194,0,1.8424975872039795,1.8496185990189251,0.0,0.10216662837743304,44.690265486725664,0.11166661196776151,-0.0038574195648605992,0.0,0.08,0.10216662837743304,0.10216662837743304,0
194,3,1.723280906677246,1.8496185990189251,0.0,0.08000000040955578,55.06607929515418,0.0800000005850797,-0.07074947701477087,0.0,0.08,0.08000000040955578,0.08000000040955578,0
195,13,2.0073883533477783,1.835657517792112,0.0894318124076433,0.1263313927753812,48.1981981981982,0.11552536828220972,0.0894318124076433,0.0894318124076433,0.15154544992611463,0.1263313927753812,0.1263313927753812,0
195,17,1.648421287536621,1.835657517792112,0.0,0.09376541473421976,39.898989898989896,0.09966487819174252,-0.10758470256983321,0.0,0.08,0.09376541473421976,0.09376541473421976,0
195,3,1.67460298538208,1.835657517792112,0.0,0.08000000028668905,52.42290748898679,0.08000000040955578,-0.0918266235938945,0.0,0.08,0.08000000028668905,0.08000000028668905,0
195,10,2.0836102962493896,1.835657517792112,0.12669937014778418,0.19587167534003258,43.96135265700483,0.20209118072080628,0.12669937014778418,0.12669937014778418,0.18135949611822735,0.19587167534003258,0.19587167534003258,0
195,4,1.5873632431030273,1.835657517792112,0.0,0.08000000676292623,57.07070707070707,0.0800000096613232,-0.14532843479860866,0.0,0.08,0.08000000676292623,0.08000000676292623,0
195,1,1.9037184715270996,1.835657517792112,0.036406326001084136,0.09344675543502899,51.75438596491228,0.08672748170681258,0.036406326001084136,0.036406326001084136,0.10912506080086731,0.09344675543502899,0.09344675543502899,0
195,14,1.5400925874710083,1.835657517792112,0.0,0.07999999999999996,53.036437246963565,0.07999999999999996,-0.17556020024961827,0.0,0.08,0.07999999999999996,0.07999999999999996,0
195,0,1.9986426830291748,1.835657517792112,0.08506555358955978,0.11593237272569745,44.690265486725664,0.10216662837743304,0.08506555358955978,0.08506555358955978,0.14805244287164782,0.11593237272569745,0.11593237272569745,0
195,6,1.867862582206726,1.835657517792112,0.017392035229774734,0.09138879434803113,44.87179487179487,0.09030672270412171,0.017392035229774734,0.017392035229774734,0.09391362818381979,0.09138879434803113,0.09138879434803113,0
195,7,2.042505979537964,1.835657517792112,0.1067747371065946,0.1422709669879334,40.78947368421053,0.1323500429747867,0.1067747371065946,0.1067747371065946,0.1654197896852757,0.1422709669879334,0.1422709669879334,0
195,15,1.8259929418563843,1.835657517792112,0.0,0.08585819844309468,45.72649572649573,0.08836885491870669,-0.005278820811624851,0.0,0.08,0.08585819844309468,0.08585819844309468,0
195,19,1.3985766172409058,1.835657517792112,0.0,0.07999999999999996,60.0,0.07999999999999996,-0.27194771848692795,0.0,0.08,0.07999999999999996,0.07999999999999996,0
195,2,1.6212544441223145,1.835657517792112,0.0,0.07999999999999996,59.70873786407767,0.07999999999999996,-0.12420253911235248,0.0,0.08,0.07999999999999996,0.07999999999999996,0
195,5,1.7274689674377441,1.835657517792112,0.0,0.08254220086945227,45.58139534883721,0.08363171552778896,-0.060745424664890205,0.0,0.08,0.08254220086945227,0.08254220086945227,0
195,11,1.4434953927993774,1.835657517792112,0.0,0.07999999999999996,55.37848605577689,0.07999999999999996,-0.2403352077393697,0.0,0.08,0.07999999999999996,0.07999999999999996,0
195,9,1.6082438230514526,1.835657517792112,0.0,0.08000000000000744,55.833333333333336,0.08000000000001063,-0.13225994636466962,0.0,0.08,0.08000000000000744,0.08000000000000744,0
195,12,2.0291361808776855,1.835657517792112,0.100207437663047,0.13242792285385957,41.05691056910569,0.12054019687818326,0.100207437663047,0.100207437663047,0.1601659501304376,0.13242792285385957,0.13242792285385957,0
195,8,2.119368314743042,1.835657517792112,0.14371534116269152,0.1851793072502988,42.38095238095238,0.18098232195893263,0.14371534116269152,0.14371534116269152,0.19497227293015323,0.1851793072502988,0.1851793072502988,0
195,18,2.1454644203186035,1.835657517792112,0.15595330347901737,0.16511825808218492,50.220264317180614,0.14812780749602963,0.15595330347901737,0.15595330347901737,0.2047626427832139,0.16511825808218492,0.16511825808218492,0
195,16,1.672480821609497,1.835657517792112,0.0,0.08000000000000199,55.6,0.08000000000000285,-0.09309469106196246,0.0,0.08,0.08000000000000199,0.08000000000000199,0
196,0,2.000633478164673,1.8297648614776072,0.08927640142247055,0.12657899724938115,44.24778761061947,0.11593237272569745,0.08927640142247055,0.08927640142247055,0.15142112113797646,0.12657899724938115,0.12657899724938115,0
196,1,1.9622406959533691,1.8297648614776072,0.06989956452326933,0.10618862429010492,50.87719298245614,0.09344675543502899,0.06989956452326933,0.06989956452326933,0.13591965161861547,0.10618862429010492,0.10618862429010492,0
196,7,1.9867233037948608,1.8297648614776072,0.08229923259077912,0.14334149271334037,44.73684210526316,0.1422709669879334,0.08229923259077912,0.08229923259077912,0.1458393860726233,0.14334149271334037,0.14334149271334037,0
196,16,1.4661916494369507,1.8297648614776072,0.0,0.08000000000000139,50.0,0.08000000000000199,-0.22151914183335433,0.0,0.08,0.08000000000000139,0.08000000000000139,0
196,6,1.6767758131027222,1.8297648614776072,0.0,0.0879721560436218,45.2991452991453,0.09138879434803113,-0.08731467650040019,0.0,0.08,0.0879721560436218,0.0879721560436218,0
196,15,1.5733346939086914,1.8297648614776072,0.0,0.08410073891016628,48.717948717948715,0.08585819844309468,-0.1509900910096139,0.0,0.08,0.08410073891016628,0.08410073891016628,0
196,10,2.1210663318634033,1.8297648614776072,0.14773148060413435,0.19656572808301503,43.96135265700483,0.19587167534003258,0.14773148060413435,0.14773148060413435,0.1981851844833075,0.19656572808301503,0.19656572808301503,0
196,12,1.6350730657577515,1.8297648614776072,0.0,0.11669954599770169,42.68292682926829,0.13242792285385957,-0.1124999750634949,0.0,0.08,0.11669954599770169,0.11669954599770169,0
196,18,2.0445897579193115,1.8297648614776072,0.11100969381995689,0.1662251071743191,42.731277533039645,0.16511825808218492,0.11100969381995689,0.11100969381995689,0.1688077550559655,0.1662251071743191,0.1662251071743191,0
196,13,1.942713737487793,1.8297648614776072,0.059898361455762716,0.1268075816921499,50.0,0.1263313927753812,0.059898361455762716,0.059898361455762716,0.1279186891646102,0.1268075816921499,0.1268075816921499,0
196,11,1.5893926620483398,1.8297648614776072,0.0,0.07999999999999996,56.57370517928287,0.07999999999999996,-0.14083549706812662,0.0,0.08,0.07999999999999996,0.07999999999999996,0
196,14,1.2574348449707031,1.8297648614776072,0.0,0.07999999999999996,55.465587044534416,0.07999999999999996,-0.3751136566094564,0.0,0.08,0.07999999999999996,0.07999999999999996,0
196,5,1.861931324005127,1.8297648614776072,0.017426827559620467,0.0859619792229255,52.55813953488372,0.08254220086945227,0.017426827559620467,0.017426827559620467,0.09394146204769638,0.0859619792229255,0.0859619792229255,0
196,2,1.5408014059066772,1.8297648614776072,0.0,0.07999999999999996,53.883495145631066,0.07999999999999996,-0.171884792063145,0.0,0.08,0.07999999999999996,0.07999999999999996,0
196,19,1.6709189414978027,1.8297648614776072,0.0,0.07999999999999996,61.02564102564103,0.07999999999999996,-0.09081372762358116,0.0,0.08,0.07999999999999996,0.07999999999999996,0
196,3,1.6665112972259521,1.8297648614776072,0.0,0.08000000020068233,50.66079295154185,0.08000000028668905,-0.09345506931028244,0.0,0.08,0.08000000020068233,0.08000000020068233,0
196,17,1.662357211112976,1.8297648614776072,0.0,0.08963579031395383,51.515151515151516,0.09376541473421976,-0.09595086524450325,0.0,0.08,0.08963579031395383,0.08963579031395383,0
196,4,1.4826563596725464,1.8297648614776072,0.0,0.08000000473404836,54.54545454545455,0.08000000676292623,-0.21035214972603794,0.0,0.08,0.08000000473404836,0.08000000473404836,0
196,8,2.183427333831787,1.8297648614776072,0.17670834522864357,0.19603551793008359,40.0,0.1851793072502988,0.17670834522864357,0.17670834522864357,0.22136667618291483,0.19603551793008359,0.19603551793008359,0
196,9,1.6572566032409668,1.8297648614776072,0.0,0.0800000000000052,52.083333333333336,0.08000000000000744,-0.09902388044473912,0.0,0.08,0.0800000000000052,0.0800000000000052,0
197,4,1.6724379062652588,1.813659887266034,0.0,0.08000000331383385,55.55555555555556,0.08000000473404836,-0.0810644543779297,0.0,0.08,0.08000000331383385,0.08000000331383385,0
197,17,1.6373261213302612,1.813659887266034,0.0,0.08674505321976766,53.535353535353536,0.08963579031395383,-0.10228234283992817,0.0,0.08,0.08674505321976766,0.08674505321976766,0
197,9,1.6447546482086182,1.813659887266034,0.0,0.08000000000000364,54.583333333333336,0.0800000000000052,-0.09775561724133225,0.0,0.08,0.08000000000000364,0.08000000000000364,0
197,1,1.7653777599334717,1.813659887266034,0.0,0.09833203700307344,53.94736842105263,0.10618862429010492,-0.026982144949572514,0.0,0.08,0.09833203700307344,0.09833203700307344,0
197,14,1.5647664070129395,1.813659887266034,0.0,0.07999999999999996,53.036437246963565,0.07999999999999996,-0.1476102878417211,0.0,0.08,0.07999999999999996,0.07999999999999996,0
197,2,1.4836548566818237,1.813659887266034,0.0,0.07999999999999996,54.85436893203884,0.07999999999999996,-0.20083829831420646,0.0,0.08,0.07999999999999996,0.07999999999999996,0
197,7,1.9445878267288208,1.813659887266034,0.06970319908816851,0.1410678126804987,45.175438596491226,0.14334149271334037,0.06970319908816851,0.06970319908816851,0.13576255927053482,0.1410678126804987,0.1410678126804987,0
197,0,1.7425020933151245,1.813659887266034,0.0,0.11260529807456679,46.902654867256636,0.12657899724938115,-0.04002477567015762,0.0,0.08,0.11260529807456679,0.11260529807456679,0
197,11,1.542188286781311,1.813659887266034,0.0,0.07999999999999996,51.39442231075697,0.07999999999999996,-0.16214446665326918,0.0,0.08,0.07999999999999996,0.07999999999999996,0
197,3,1.7356915473937988,1.813659887266034,0.0,0.08000000014047763,52.863436123348016,0.08000000020068233,-0.043940920249594256,0.0,0.08,0.08000000014047763,0.08000000014047763,0
197,12,1.796934723854065,1.813659887266034,0.0,0.10568968219839117,41.46341463414634,0.11669954599770169,-0.009264558750089465,0.0,0.08,0.10568968219839117,0.10568968219839117,0
197,6,1.7943068742752075,1.813659887266034,0.0,0.08558050923053526,52.136752136752136,0.0879721560436218,-0.010728035913314168,0.0,0.08,0.08558050923053526,0.08558050923053526,0
197,15,1.6166678667068481,1.813659887266034,0.0,0.08287051723711639,53.41880341880342,0.08410073891016628,-0.1149796816300096,0.0,0.08,0.08287051723711639,0.08287051723711639,0
197,10,2.133164405822754,1.813659887266034,0.16225967209004974,0.20053833095972246,42.028985507246375,0.19656572808301503,0.16225967209004974,0.16225967209004974,0.2098077376720398,0.20053833095972246,0.20053833095972246,0
197,5,1.8569762706756592,1.813659887266034,0.023602662973111286,0.08983802456959455,45.58139534883721,0.0859619792229255,0.023602662973111286,0.023602662973111286,0.09888213037848903,0.08983802456959455,0.08983802456959455,0
197,8,2.0968611240386963,1.813659887266034,0.14509468208755916,0.1960475862520727,34.76190476190476,0.19603551793008359,0.14509468208755916,0.14509468208755916,0.19607574567004732,0.1960475862520727,0.1960475862520727,0
197,13,1.8550864458084106,1.813659887266034,0.02258445548865969,0.11818557650178325,49.0990990990991,0.1268075816921499,0.02258445548865969,0.02258445548865969,0.09806756439092776,0.11818557650178325,0.11818557650178325,0
197,19,1.5362273454666138,1.813659887266034,0.0,0.07999999999999996,53.333333333333336,0.07999999999999996,-0.16601720473564974,0.0,0.08,0.07999999999999996,0.07999999999999996,0
197,16,1.7753384113311768,1.813659887266034,0.0,0.08000000000000096,50.0,0.08000000000000139,-0.021355781730496654,0.0,0.08,0.08000000000000096,0.08000000000000096,0
197,18,2.082845449447632,1.813659887266034,0.13838812180129687,0.17357072425433462,40.969162995594715,0.1662251071743191,0.13838812180129687,0.13838812180129687,0.19071049744103752,0.17357072425433462,0.17357072425433462,0
198,3,1.6903334856033325,1.8076878912018604,0.0,0.08000000009833433,55.947136563876654,0.08000000014047763,-0.06712278190900803,0.0,0.08,0.08000000009833433,0.08000000009833433,0
198,18,1.8277610540390015,1.8076878912018604,0.011043129485988791,0.14814985805467154,43.61233480176212,0.17357072425433462,0.011043129485988791,0.011043129485988791,0.08883450358879104,0.14814985805467154,0.14814985805467154,0
198,9,1.5751208066940308,1.8076878912018604,0.0,0.08000000000000254,50.0,0.08000000000000364,-0.13771664770489844,0.0,0.08,0.08000000000000254,0.08000000000000254,0
198,6,1.9391484260559082,1.8076878912018604,0.07020030016903331,0.10075442850194266,42.30769230769231,0.08558050923053526,0.07020030016903331,0.07020030016903331,0.13616024013522665,0.10075442850194266,0.10075442850194266,0
198,2,1.3289777040481567,1.8076878912018604,0.0,0.07999999999999996,64.5631067961165,0.07999999999999996,-0.30763861542509674,0.0,0.08,0.07999999999999996,0.07999999999999996,0
198,5,1.790591835975647,1.8076878912018604,0.0,0.08688661719871618,49.30232558139535,0.08983802456959455,-0.00950242063949815,0.0,0.08,0.08688661719871618,0.08688661719871618,0
198,4,1.6445952653884888,1.8076878912018604,0.0,0.08000000231968368,55.05050505050505,0.08000000331383385,-0.09455430530487662,0.0,0.08,0.08000000231968368,0.08000000231968368,0
198,16,1.5930802822113037,1.8076878912018604,0.0,0.08000000000000067,55.6,0.08000000000000096,-0.12637919324904867,0.0,0.08,0.08000000000000067,0.08000000000000067,0
198,12,1.8317780494689941,1.8076878912018604,0.013238486282447169,0.10116001424666114,46.7479674796748,0.10568968219839117,0.013238486282447169,0.013238486282447169,0.09059078902595774,0.10116001424666114,0.10116001424666114,0
198,10,2.2242867946624756,1.8076878912018604,0.20738770095222506,0.21414987990033973,42.51207729468599,0.20053833095972246,0.20738770095222506,0.20738770095222506,0.24591016076178007,0.21414987990033973,0.21414987990033973,0
198,11,1.5439765453338623,1.8076878912018604,0.0,0.07999999999999996,55.37848605577689,0.07999999999999996,-0.15768735893455155,0.0,0.08,0.07999999999999996,0.07999999999999996,0
198,1,1.6643468141555786,1.8076878912018604,0.0,0.0928324259021514,50.87719298245614,0.09833203700307344,-0.08261587739355644,0.0,0.08,0.0928324259021514,0.0928324259021514,0
198,7,1.8548552989959717,1.8076878912018604,0.025758066423350892,0.12892940481795329,46.92982456140351,0.1410678126804987,0.025758066423350892,0.025758066423350892,0.10060645313868072,0.12892940481795329,0.12892940481795329,0
198,17,1.7475675344467163,1.8076878912018604,0.0,0.08472153725383735,46.96969696969697,0.08674505321976766,-0.03382377962983425,0.0,0.08,0.08472153725383735,0.08472153725383735,0
198,14,1.4441198110580444,1.8076878912018604,0.0,0.07999999999999996,55.465587044534416,0.07999999999999996,-0.22454861045243593,0.0,0.08,0.07999999999999996,0.07999999999999996,0
198,0,1.625460147857666,1.8076878912018604,0.0,0.10282370865219675,45.13274336283186,0.11260529807456679,-0.10625767629084373,0.0,0.08,0.10282370865219675,0.10282370865219675,0
198,8,2.0358381271362305,1.8076878912018604,0.11885896905110976,0.1897594629487172,50.95238095238095,0.1960475862520727,0.11885896905110976,0.11885896905110976,0.17508717524088782,0.1897594629487172,0.1897594629487172,0
198,15,1.676203966140747,1.8076878912018604,0.0,0.08200936206598147,43.162393162393165,0.08287051723711639,-0.0755169272567917,0.0,0.08,0.08200936206598147,0.08200936206598147,0
198,13,1.774063229560852,1.8076878912018604,0.0,0.10672990355124828,52.252252252252255,0.11818557650178325,-0.018776094795589483,0.0,0.08,0.10672990355124828,0.10672990355124828,0
198,19,1.620390772819519,1.8076878912018604,0.0,0.07999999999999996,60.0,0.07999999999999996,-0.10938128193545538,0.0,0.08,0.07999999999999996,0.07999999999999996,0
199,4,1.6371090412139893,1.7952459746688785,0.0,0.08000000162377857,57.07070707070707,0.08000000231968368,-0.09221013869167884,0.0,0.08,0.08000000162377857,0.08000000162377857,0
199,12,1.9073325395584106,1.7952459746688785,0.060563643668614046,0.10934728445313016,47.96747967479675,0.10116001424666114,0.060563643668614046,0.060563643668614046,0.12845091493489125,0.10934728445313016,0.10934728445313016,0
199,9,1.4845798015594482,1.7952459746688785,0.0,0.08000000000000178,53.333333333333336,0.08000000000000254,-0.19001027432755696,0.0,0.08,0.08000000000000178,0.08000000000000178,0
199,3,1.625468373298645,1.7952459746688785,0.0,0.08000000006883402,63.436123348017624,0.08000000009833433,-0.09934604123821708,0.0,0.08,0.08000000006883402,0.08000000006883402,0
199,0,1.7943075895309448,1.7952459746688785,0.0,0.09597659605653772,55.309734513274336,0.10282370865219675,-0.0005228422628601508,0.0,0.08,0.09597659605653772,0.09597659605653772,0
199,5,1.8173383474349976,1.7952459746688785,0.012230938344364489,0.0877560572417488,50.23255813953488,0.08688661719871618,0.012230938344364489,0.012230938344364489,0.08978475067549159,0.0877560572417488,0.0877560572417488,0
199,2,1.5496470928192139,1.7952459746688785,0.0,0.07999999999999996,50.970873786407765,0.07999999999999996,-0.14711482195540362,0.0,0.08,0.07999999999999996,0.07999999999999996,0
199,17,1.8171639442443848,1.7952459746688785,0.012134967465388034,0.08621746826937926,49.494949494949495,0.08472153725383735,0.012134967465388034,0.012134967465388034,0.08970797397231042,0.08621746826937926,0.08621746826937926,0
199,18,2.029773235321045,1.7952459746688785,0.12278203363826325,0.15717258871145326,48.458149779735685,0.14814985805467154,0.12278203363826325,0.12278203363826325,0.1782256269106106,0.15717258871145326,0.15717258871145326,0
199,15,1.811078429222107,1.7952459746688785,0.008780439256437306,0.08351385886773198,47.00854700854701,0.08200936206598147,0.008780439256437306,0.008780439256437306,0.08702435140514984,0.08351385886773198,0.08351385886773198,0
199,8,1.9703913927078247,1.7952459746688785,0.09309015322887493,0.179173260839032,41.904761904761905,0.1897594629487172,0.09309015322887493,0.09309015322887493,0.15447212258309995,0.179173260839032,0.179173260839032,0
199,1,1.9370135068893433,1.7952459746688785,0.07600531129634053,0.1072239728426277,47.80701754385965,0.0928324259021514,0.07600531129634053,0.07600531129634053,0.14080424903707242,0.1072239728426277,0.1072239728426277,0
199,10,2.088775396347046,1.7952459746688785,0.15143591291115077,0.21024953502891397,40.09661835748792,0.21414987990033973,0.15143591291115077,0.15143591291115077,0.2011487303289206,0.21024953502891397,0.21024953502891397,0
199,19,1.2877775430679321,1.7952459746688785,0.0,0.07999999999999996,60.0,0.07999999999999996,-0.3322241458428736,0.0,0.08,0.07999999999999996,0.07999999999999996,0
199,14,1.581596851348877,1.7952459746688785,0.0,0.07999999999999996,51.012145748987855,0.07999999999999996,-0.12670704297018065,0.0,0.08,0.07999999999999996,0.07999999999999996,0
199,16,1.5333613157272339,1.7952459746688785,0.0,0.08000000000000046,51.6,0.08000000000000067,-0.1576797807946594,0.0,0.08,0.08000000000000046,0.08000000000000046,0
199,13,1.6711128950119019,1.7952459746688785,0.0,0.09871093248587379,51.8018018018018,0.10672990355124828,-0.07165223670126253,0.0,0.08,0.09871093248587379,0.09871093248587379,0
199,11,1.5556209087371826,1.7952459746688785,0.0,0.07999999999999996,57.37051792828685,0.07999999999999996,-0.14326728077958087,0.0,0.08,0.07999999999999996,0.07999999999999996,0
199,7,1.7334415912628174,1.7952459746688785,0.0,0.1142505833725673,44.73684210526316,0.12892940481795329,-0.0350332541284317,0.0,0.08,0.1142505833725673,0.1142505833725673,0
199,6,1.7577366828918457,1.7952459746688785,0.0,0.09452809995135986,52.136752136752136,0.10075442850194266,-0.02111503983069729,0.0,0.08,0.09452809995135986,0.09452809995135986,0
200,7,1.9323394298553467,1.7902802909097237,0.0763592135846327,0.12230161962110894,45.6140350877193,0.1142505833725673,0.0763592135846327,0.0763592135846327,0.14108737086770617,0.12230161962110894,0.12230161962110894,0
200,1,1.9531241655349731,1.7902802909097237,0.08705803153614133,0.11995070855851331,44.73684210526316,0.1072239728426277,0.08705803153614133,0.08705803153614133,0.14964642522891308,0.11995070855851331,0.11995070855851331,0
200,16,1.5718976259231567,1.7902802909097237,0.0,0.08000000000000032,56.4,0.08000000000000046,-0.13008862549072905,0.0,0.08,0.08000000000000032,0.08000000000000032,0
200,18,1.921892762184143,1.7902802909097237,0.07093831900501094,0.1510460086592199,41.85022026431718,0.15717258871145326,0.07093831900501094,0.07093831900501094,0.13675065520400875,0.1510460086592199,0.1510460086592199,0
200,0,1.8301979303359985,1.7902802909097237,0.02205192484174005,0.09647607920159401,52.21238938053097,0.09597659605653772,0.02205192484174005,0.02205192484174005,0.09764153987339204,0.09647607920159401,0.09647607920159401,0
200,6,1.7925058603286743,1.7902802909097237,0.0012423681452589568,0.09046783832081404,54.27350427350427,0.09452809995135986,0.0012423681452589568,0.0012423681452589568,0.08099389451620717,0.09046783832081404,0.09046783832081404,0
200,5,1.6623718738555908,1.7902802909097237,0.0,0.08542924006922416,52.55813953488372,0.0877560572417488,-0.07412677204438967,0.0,0.08,0.08542924006922416,0.08542924006922416,0
200,4,1.5024182796478271,1.7902802909097237,0.0,0.08000000113664499,51.01010101010101,0.08000000162377857,-0.17529619726178344,0.0,0.08,0.08000000113664499,0.08000000113664499,0
200,10,2.1078455448150635,1.7902802909097237,0.16329416149794743,0.21036527327974713,38.64734299516908,0.21024953502891397,0.16329416149794743,0.16329416149794743,0.21063532919835792,0.21036527327974713,0.21036527327974713,0
200,14,1.518333911895752,1.7902802909097237,0.0,0.07999999999999996,59.91902834008097,0.07999999999999996,-0.16475857059941,0.0,0.08,0.07999999999999996,0.07999999999999996,0
200,19,1.3643169403076172,1.7902802909097237,0.0,0.07999999999999996,62.05128205128205,0.07999999999999996,-0.2717182995916412,0.0,0.08,0.07999999999999996,0.07999999999999996,0
200,8,1.938990592956543,1.7902802909097237,0.07979532963352183,0.16857216169936765,45.714285714285715,0.179173260839032,0.07979532963352183,0.07979532963352183,0.14383626370681746,0.16857216169936765,0.16857216169936765,0
200,11,1.4239187240600586,1.7902802909097237,0.0,0.07999999999999996,54.18326693227092,0.07999999999999996,-0.2289594576970545,0.0,0.08,0.07999999999999996,0.07999999999999996,0
200,2,1.6109663248062134,1.7902802909097237,0.0,0.07999999999999996,58.25242718446602,0.07999999999999996,-0.1055379933825154,0.0,0.08,0.07999999999999996,0.07999999999999996,0
200,9,1.6889113187789917,1.7902802909097237,0.0,0.08000000000000124,54.583333333333336,0.08000000000000178,-0.05828806307552772,0.0,0.08,0.08000000000000124,0.08000000000000124,0
200,13,1.718834400177002,1.7902802909097237,0.0,0.09309765274011164,52.7027027027027,0.09871093248587379,-0.04072580767777469,0.0,0.08,0.09309765274011164,0.09309765274011164,0
200,15,1.7306350469589233,1.7902802909097237,0.0,0.08245970120741239,49.14529914529915,0.08351385886773198,-0.03388377418245839,0.0,0.08,0.08245970120741239,0.08245970120741239,0
200,12,1.85789155960083,1.7902802909097237,0.03707007974362382,0.10943991825566082,47.5609756097561,0.10934728445313016,0.03707007974362382,0.03707007974362382,0.10965606379489906,0.10943991825566082,0.10943991825566082,0
200,17,1.7974985837936401,1.7902802909097237,0.004023828020153134,0.08531794651340223,45.95959595959596,0.08621746826937926,0.004023828020153134,0.004023828020153134,0.08321906241612251,0.08531794651340223,0.08531794651340223,0
200,3,1.738624930381775,1.7902802909097237,0.0,0.0800000000481838,54.62555066079295,0.08000000006883402,-0.029277663625593576,0.0,0.08,0.0800000000481838,0.0800000000481838,0
